Original_Index,Anomaly_Score,Detection_Result,True_Label
0,0.07675990462303162,0,0
1,0.09851997345685959,0,0
2,0.07558946311473846,0,0
3,0.07626625895500183,0,0
4,0.10697832703590393,0,0
5,0.08938398957252502,0,0
6,0.07661685347557068,0,1
7,0.07516127824783325,0,0
8,0.07496857643127441,0,0
9,0.07602272182703018,0,0
10,0.0769868716597557,0,0
11,0.08074028789997101,0,0
12,0.07428395748138428,0,0
13,0.0752934068441391,0,0
14,0.08249686658382416,0,0
15,0.07154399901628494,0,0
16,0.09874895215034485,0,0
17,0.08457324653863907,0,0
18,0.09411486983299255,0,0
19,0.08263427764177322,0,0
20,0.0954911857843399,0,0
21,0.09911138564348221,0,0
22,0.07611892372369766,0,0
23,0.07522551715373993,0,0
24,0.08424164354801178,0,0
25,0.07580071687698364,0,0
26,0.07893511652946472,0,0
27,0.0722465068101883,0,0
28,0.07409391552209854,0,0
29,0.07134250551462173,0,0
30,0.07433881610631943,0,0
31,0.10953181982040405,0,0
32,0.09195183217525482,0,0
33,0.12815053761005402,0,0
34,0.12430094927549362,0,0
35,0.0767606794834137,0,0
36,0.08428525179624557,0,0
37,0.08099383115768433,0,0
38,0.07567402720451355,0,0
39,0.09107713401317596,0,0
40,0.08491551131010056,0,0
41,0.07505012303590775,0,0
42,0.14160241186618805,1,0
43,0.15593719482421875,1,0
44,0.1553308665752411,1,1
45,0.0980536937713623,0,0
46,0.07432417571544647,0,0
47,0.08124633878469467,0,0
48,0.11161085963249207,0,0
49,0.07515642046928406,0,0
50,0.07635081559419632,0,0
51,0.0877852588891983,0,0
52,0.07492545247077942,0,0
53,0.08082994818687439,0,0
54,0.08430419862270355,0,0
55,0.07573197782039642,0,0
56,0.07865768671035767,0,0
57,0.07327578961849213,0,0
58,0.13640910387039185,1,1
59,0.07701511681079865,0,0
60,0.07900547981262207,0,0
61,0.07169300317764282,0,0
62,0.07525560259819031,0,0
63,0.08368420600891113,0,0
64,0.07238447666168213,0,0
65,0.07647988200187683,0,0
66,0.07629332691431046,0,0
67,0.08847910165786743,0,0
68,0.0788629874587059,0,0
69,0.11366966366767883,0,0
70,0.07087906450033188,0,0
71,0.08950785547494888,0,0
72,0.08477488905191422,0,1
73,0.07874543964862823,0,0
74,0.08243102580308914,0,0
75,0.07842311263084412,0,0
76,0.07316234707832336,0,0
77,0.07742143422365189,0,0
78,0.07535220682621002,0,0
79,0.08165393769741058,0,0
80,0.07711159437894821,0,0
81,0.11357493698596954,0,0
82,0.07689031213521957,0,0
83,0.09112720936536789,0,1
84,0.07381049543619156,0,0
85,0.08425316214561462,0,0
86,0.07885929197072983,0,0
87,0.0709121972322464,0,0
88,0.08019160479307175,0,0
89,0.07770843058824539,0,0
90,0.07042007148265839,0,0
91,0.0707181990146637,0,0
92,0.07753544300794601,0,0
93,0.08937892317771912,0,0
94,0.10583852976560593,0,0
95,0.10711890459060669,0,0
96,0.07097290456295013,0,0
97,0.07481911778450012,0,0
98,0.07477163523435593,0,0
99,0.07938754558563232,0,0
100,0.10115684568881989,0,0
101,0.07044750452041626,0,0
102,0.07171473652124405,0,0
103,0.07040049135684967,0,0
104,0.07738650590181351,0,0
105,0.07505953311920166,0,0
106,0.07538443803787231,0,0
107,0.07616295665502548,0,0
108,0.0762678012251854,0,0
109,0.0847502201795578,0,0
110,0.07330036163330078,0,0
111,0.07735797762870789,0,0
112,0.08944988250732422,0,0
113,0.08220034837722778,0,0
114,0.07533964514732361,0,0
115,0.07655547559261322,0,0
116,0.07768949866294861,0,0
117,0.08064021170139313,0,0
118,0.07565367221832275,0,0
119,0.09031388908624649,0,0
120,0.08263180404901505,0,0
121,0.09619582444429398,0,0
122,0.07494941353797913,0,0
123,0.09799350798130035,0,0
124,0.10186643898487091,0,0
125,0.1308991014957428,0,0
126,0.09902108460664749,0,0
127,0.09636472910642624,0,0
128,0.1117350310087204,0,0
129,0.15961572527885437,1,0
130,0.08178507536649704,0,0
131,0.08544722199440002,0,0
132,0.10778360068798065,0,0
133,0.10296797752380371,0,0
134,0.12991756200790405,0,0
135,0.08631618320941925,0,0
136,0.11519888788461685,0,0
137,0.10199843347072601,0,0
138,0.08964592218399048,0,0
139,0.0933164656162262,0,0
140,0.0754043236374855,0,0
141,0.07561597973108292,0,0
142,0.09137532860040665,0,0
143,0.07089856266975403,0,0
144,0.07469980418682098,0,0
145,0.07833704352378845,0,0
146,0.07623898983001709,0,0
147,0.12282156944274902,0,0
148,0.16774854063987732,1,0
149,0.1672549843788147,1,1
150,0.07571877539157867,0,0
151,0.08354542404413223,0,0
152,0.09490099549293518,0,0
153,0.08082175254821777,0,0
154,0.07653186470270157,0,0
155,0.07091785967350006,0,0
156,0.07932703197002411,0,0
157,0.1079847514629364,0,0
158,0.07669751346111298,0,0
159,0.081857830286026,0,0
160,0.0756767988204956,0,0
161,0.08283184468746185,0,0
162,0.08201014250516891,0,0
163,0.22146761417388916,1,0
164,0.15624287724494934,1,0
165,0.22964751720428467,1,0
166,0.205787792801857,1,1
167,0.14534762501716614,1,1
168,0.16500987112522125,1,0
169,0.12532320618629456,0,0
170,0.16216230392456055,1,0
171,0.07493120431900024,0,0
172,0.07313819974660873,0,0
173,0.07511021196842194,0,0
174,0.14783555269241333,1,0
175,0.10454316437244415,0,0
176,0.11896917223930359,0,0
177,0.11148478835821152,0,0
178,0.14948517084121704,1,1
179,0.07414520531892776,0,0
180,0.07326578348875046,0,0
181,0.09686531126499176,0,1
182,0.0785025954246521,0,0
183,0.08014608174562454,0,0
184,0.105833500623703,0,0
185,0.0830896869301796,0,0
186,0.08414436876773834,0,0
187,0.09281542897224426,0,0
188,0.08725166320800781,0,0
189,0.07858745753765106,0,0
190,0.07731664180755615,0,0
191,0.07696615159511566,0,0
192,0.07328098267316818,0,0
193,0.09842740744352341,0,0
194,0.07577310502529144,0,0
195,0.07058356702327728,0,0
196,0.07567816227674484,0,0
197,0.08671098947525024,0,0
198,0.0713496208190918,0,0
199,0.07278957962989807,0,0
200,0.08401860296726227,0,0
201,0.07157137989997864,0,0
202,0.07619021087884903,0,0
203,0.07544823735952377,0,0
204,0.08283944427967072,0,0
205,0.08239340782165527,0,0
206,0.0918494462966919,0,0
207,0.08566176146268845,0,0
208,0.07588472217321396,0,0
209,0.09759190678596497,0,0
210,0.07748861610889435,0,0
211,0.10368601232767105,0,0
212,0.08802935481071472,0,0
213,0.07188677787780762,0,0
214,0.07670798897743225,0,0
215,0.07077807933092117,0,0
216,0.07805873453617096,0,0
217,0.091062992811203,0,0
218,0.07617071270942688,0,0
219,0.09079275280237198,0,0
220,0.08371636271476746,0,0
221,0.08015119284391403,0,0
222,0.07755036652088165,0,0
223,0.0814465880393982,0,0
224,0.08693908154964447,0,0
225,0.0805840790271759,0,0
226,0.09364667534828186,0,0
227,0.10191517323255539,0,0
228,0.07916173338890076,0,0
229,0.07496191561222076,0,0
230,0.07071375101804733,0,0
231,0.07217361778020859,0,0
232,0.08965852856636047,0,1
233,0.12337684631347656,0,0
234,0.08340933173894882,0,0
235,0.1183057427406311,0,0
236,0.21032795310020447,1,1
237,0.18637743592262268,1,1
238,0.1928326040506363,1,1
239,0.17451342940330505,1,0
240,0.07130136340856552,0,0
241,0.1284799426794052,0,0
242,0.14389069378376007,1,0
243,0.11730476468801498,0,0
244,0.10822800546884537,0,0
245,0.10603959113359451,0,0
246,0.11142528802156448,0,0
247,0.10248012095689774,0,0
248,0.11278882622718811,0,0
249,0.10214339196681976,0,0
250,0.10838402062654495,0,0
251,0.07788603007793427,0,0
252,0.07907205820083618,0,0
253,0.07971641421318054,0,0
254,0.08012764900922775,0,0
255,0.07408435642719269,0,0
256,0.0758039578795433,0,0
257,0.07246588170528412,0,0
258,0.09266124665737152,0,0
259,0.08031478524208069,0,0
260,0.07632681727409363,0,0
261,0.07539057731628418,0,0
262,0.07129700481891632,0,0
263,0.13436563313007355,1,1
264,0.12294507771730423,0,0
265,0.07748785614967346,0,0
266,0.07067468762397766,0,0
267,0.09383143484592438,0,0
268,0.07405366003513336,0,0
269,0.08110316842794418,0,0
270,0.11321339756250381,0,1
271,0.08049258589744568,0,0
272,0.080728679895401,0,0
273,0.09622727334499359,0,0
274,0.08224484324455261,0,0
275,0.12555009126663208,0,1
276,0.09655943512916565,0,0
277,0.12303535640239716,0,0
278,0.0940399020910263,0,1
279,0.07533853501081467,0,0
280,0.07594840973615646,0,0
281,0.09874089807271957,0,0
282,0.08228180557489395,0,0
283,0.07238631695508957,0,0
284,0.07204753905534744,0,0
285,0.07552546262741089,0,0
286,0.07080172002315521,0,0
287,0.07651405036449432,0,0
288,0.07907410711050034,0,0
289,0.07496100664138794,0,0
290,0.07288995385169983,0,0
291,0.08700209856033325,0,0
292,0.07545685768127441,0,0
293,0.07812544703483582,0,0
294,0.07753393799066544,0,1
295,0.11949094384908676,0,0
296,0.12540435791015625,0,0
297,0.12385718524456024,0,1
298,0.07363151013851166,0,0
299,0.09479087591171265,0,0
300,0.09071854501962662,0,0
301,0.07655394822359085,0,0
302,0.09417934715747833,0,0
303,0.09736331552267075,0,0
304,0.08100692182779312,0,0
305,0.15885815024375916,1,1
306,0.1737937182188034,1,1
307,0.10433506220579147,0,0
308,0.07097058743238449,0,0
309,0.0717238038778305,0,0
310,0.08832657337188721,0,1
311,0.07154028862714767,0,0
312,0.08193507045507431,0,0
313,0.08692511171102524,0,1
314,0.08589339256286621,0,1
315,0.0831100344657898,0,0
316,0.09196144342422485,0,0
317,0.0808500349521637,0,0
318,0.07687190175056458,0,0
319,0.10862433910369873,0,0
320,0.1277388334274292,0,0
321,0.16142112016677856,1,1
322,0.08916464447975159,0,0
323,0.12663468718528748,0,0
324,0.098984494805336,0,0
325,0.0999961644411087,0,0
326,0.10781601071357727,0,0
327,0.07115893065929413,0,0
328,0.09387846291065216,0,0
329,0.10026047378778458,0,0
330,0.07250785082578659,0,0
331,0.09164625406265259,0,0
332,0.11818186938762665,0,0
333,0.1432187557220459,1,0
334,0.1670924723148346,1,0
335,0.0847986564040184,0,0
336,0.07683656364679337,0,0
337,0.08154700696468353,0,0
338,0.08533426374197006,0,0
339,0.07838595658540726,0,0
340,0.0762726217508316,0,0
341,0.09305138885974884,0,0
342,0.08264999091625214,0,0
343,0.07792610675096512,0,0
344,0.0761546939611435,0,0
345,0.07192202657461166,0,0
346,0.07529301196336746,0,0
347,0.10521058738231659,0,0
348,0.09443999081850052,0,0
349,0.07814805209636688,0,0
350,0.08460922539234161,0,0
351,0.07608586549758911,0,1
352,0.07199012488126755,0,0
353,0.07319243252277374,0,0
354,0.08412034809589386,0,0
355,0.1631995141506195,1,1
356,0.1022251546382904,0,0
357,0.11610777676105499,0,0
358,0.21227943897247314,1,0
359,0.1242070347070694,0,0
360,0.0807279497385025,0,0
361,0.0790909007191658,0,0
362,0.09842074662446976,0,1
363,0.0800827145576477,0,0
364,0.08681762963533401,0,0
365,0.0796026736497879,0,0
366,0.07195151597261429,0,0
367,0.07958154380321503,0,0
368,0.0794006809592247,0,0
369,0.11746447533369064,0,0
370,0.10620476305484772,0,0
371,0.11967691779136658,0,0
372,0.1441655158996582,1,0
373,0.10328006744384766,0,0
374,0.08967678248882294,0,0
375,0.1302652209997177,0,1
376,0.08281812071800232,0,0
377,0.0802951455116272,0,0
378,0.07424938678741455,0,0
379,0.084713876247406,0,0
380,0.07895421236753464,0,0
381,0.07022511959075928,0,0
382,0.07153578847646713,0,0
383,0.07400710880756378,0,0
384,0.07049961388111115,0,0
385,0.08089500665664673,0,0
386,0.07041191309690475,0,0
387,0.0755278617143631,0,0
388,0.0719895213842392,0,0
389,0.07953867316246033,0,0
390,0.08967237174510956,0,0
391,0.07341089099645615,0,0
392,0.07804793119430542,0,0
393,0.09735533595085144,0,0
394,0.10260005295276642,0,0
395,0.09224435687065125,0,0
396,0.07525485754013062,0,0
397,0.07309431582689285,0,0
398,0.07132178544998169,0,0
399,0.07292545586824417,0,0
400,0.07791778445243835,0,0
401,0.07098555564880371,0,0
402,0.08465360105037689,0,0
403,0.07522739470005035,0,0
404,0.08535178005695343,0,0
405,0.07501475512981415,0,0
406,0.07710757851600647,0,0
407,0.07322273403406143,0,0
408,0.0722699984908104,0,0
409,0.0717305988073349,0,0
410,0.07752851396799088,0,0
411,0.07298345863819122,0,0
412,0.07809466868638992,0,0
413,0.07049330323934555,0,0
414,0.08599428832530975,0,0
415,0.08031295984983444,0,0
416,0.08977459371089935,0,1
417,0.09126275777816772,0,1
418,0.08190116286277771,0,0
419,0.07140976190567017,0,0
420,0.10651423037052155,0,0
421,0.07777441293001175,0,0
422,0.07720125466585159,0,0
423,0.12101011723279953,0,0
424,0.13062217831611633,0,0
425,0.07358521223068237,0,0
426,0.08096238225698471,0,0
427,0.07549147307872772,0,0
428,0.07839743793010712,0,1
429,0.07912349700927734,0,0
430,0.07648913562297821,0,0
431,0.07421958446502686,0,1
432,0.07216781377792358,0,0
433,0.07115055620670319,0,1
434,0.08615558594465256,0,0
435,0.07124897837638855,0,0
436,0.10059916973114014,0,0
437,0.09559675306081772,0,0
438,0.08958535641431808,0,0
439,0.07156188786029816,0,0
440,0.09932559728622437,0,0
441,0.10443073511123657,0,0
442,0.07544150203466415,0,0
443,0.0956498235464096,0,0
444,0.08853761851787567,0,0
445,0.07711741328239441,0,0
446,0.07465030252933502,0,0
447,0.07407583296298981,0,0
448,0.07907892763614655,0,0
449,0.07550299167633057,0,0
450,0.14968985319137573,1,0
451,0.09994208067655563,0,0
452,0.10225798189640045,0,0
453,0.0776076465845108,0,0
454,0.09426958858966827,0,0
455,0.07140007615089417,0,0
456,0.09111990034580231,0,0
457,0.10100559890270233,0,0
458,0.09159737825393677,0,0
459,0.07507309317588806,0,0
460,0.09262768924236298,0,0
461,0.0773998498916626,0,0
462,0.13855427503585815,1,0
463,0.14869379997253418,1,0
464,0.1335652470588684,1,0
465,0.17000189423561096,1,0
466,0.09902966767549515,0,0
467,0.09141530096530914,0,0
468,0.12882013618946075,0,0
469,0.09764064848423004,0,1
470,0.07495524734258652,0,0
471,0.07606594264507294,0,0
472,0.08724433183670044,0,0
473,0.07621154934167862,0,0
474,0.07546232640743256,0,0
475,0.07130483537912369,0,0
476,0.08373609185218811,0,0
477,0.09009477496147156,0,0
478,0.13204997777938843,0,1
479,0.09261279553174973,0,0
480,0.12537781894207,0,1
481,0.07234449684619904,0,0
482,0.07130412012338638,0,0
483,0.07687365263700485,0,0
484,0.07586555182933807,0,0
485,0.07697538286447525,0,0
486,0.07205678522586823,0,0
487,0.08921350538730621,0,0
488,0.0701570063829422,0,0
489,0.07757526636123657,0,0
490,0.07335923612117767,0,0
491,0.07178753614425659,0,0
492,0.09199729561805725,0,0
493,0.08778253942728043,0,0
494,0.08465035259723663,0,0
495,0.08044496178627014,0,0
496,0.09222958236932755,0,0
497,0.07924716174602509,0,0
498,0.08379990607500076,0,0
499,0.07185494899749756,0,0
500,0.07586798071861267,0,0
501,0.08903549611568451,0,1
502,0.0827743411064148,0,0
503,0.0842527374625206,0,0
504,0.08561567962169647,0,0
505,0.07633329182863235,0,0
506,0.07403772324323654,0,0
507,0.07662186026573181,0,0
508,0.07124236971139908,0,0
509,0.07497306168079376,0,0
510,0.0886053591966629,0,0
511,0.08079726994037628,0,0
512,0.07633517682552338,0,0
513,0.11209466308355331,0,0
514,0.13066376745700836,0,0
515,0.12570273876190186,0,0
516,0.09103097021579742,0,0
517,0.12341447174549103,0,0
518,0.1091233491897583,0,1
519,0.10620135068893433,0,0
520,0.15227851271629333,1,1
521,0.10423845797777176,0,0
522,0.1016685962677002,0,0
523,0.15660841763019562,1,0
524,0.14342160522937775,1,1
525,0.16646672785282135,1,1
526,0.17406438291072845,1,1
527,0.07557038962841034,0,0
528,0.07727578282356262,0,0
529,0.09236973524093628,0,0
530,0.07491566240787506,0,1
531,0.08207523822784424,0,0
532,0.08017872273921967,0,0
533,0.08646328002214432,0,0
534,0.07910841703414917,0,0
535,0.0808761790394783,0,0
536,0.07627882063388824,0,0
537,0.11511832475662231,0,0
538,0.12331844121217728,0,0
539,0.09653647989034653,0,0
540,0.07710115611553192,0,0
541,0.0843859538435936,0,0
542,0.08703738451004028,0,0
543,0.08183422684669495,0,0
544,0.09738031029701233,0,0
545,0.10775599628686905,0,0
546,0.12963414192199707,0,0
547,0.15175044536590576,1,0
548,0.07544323801994324,0,0
549,0.07484135031700134,0,0
550,0.08477631956338882,0,0
551,0.07952452450990677,0,0
552,0.0744677186012268,0,0
553,0.07862524688243866,0,0
554,0.0772983506321907,0,0
555,0.07594496011734009,0,0
556,0.07430936396121979,0,0
557,0.08875581622123718,0,0
558,0.09465033560991287,0,0
559,0.075655497610569,0,0
560,0.08685431629419327,0,0
561,0.07533161342144012,0,0
562,0.08241508901119232,0,0
563,0.07504376769065857,0,0
564,0.07948600500822067,0,0
565,0.10304634273052216,0,0
566,0.07772865146398544,0,0
567,0.0852065309882164,0,0
568,0.1201339140534401,0,0
569,0.08795122802257538,0,0
570,0.08126464486122131,0,0
571,0.08298677206039429,0,0
572,0.08113963156938553,0,1
573,0.07618653774261475,0,0
574,0.07853136211633682,0,0
575,0.08236756920814514,0,0
576,0.07456356287002563,0,0
577,0.07761456817388535,0,0
578,0.0750892162322998,0,0
579,0.09506165981292725,0,0
580,0.08627931773662567,0,0
581,0.07407034188508987,0,0
582,0.10257388651371002,0,0
583,0.0803775042295456,0,0
584,0.0902523398399353,0,0
585,0.07520924508571625,0,0
586,0.07491850852966309,0,0
587,0.07486562430858612,0,0
588,0.07969832420349121,0,0
589,0.09216658771038055,0,0
590,0.07435842603445053,0,0
591,0.0976518988609314,0,0
592,0.07470359653234482,0,0
593,0.09816601872444153,0,0
594,0.07079049199819565,0,0
595,0.0759543851017952,0,0
596,0.07538561522960663,0,0
597,0.07718337327241898,0,0
598,0.08042046427726746,0,0
599,0.078277587890625,0,0
600,0.07431842386722565,0,0
601,0.09385998547077179,0,0
602,0.09548569470643997,0,0
603,0.08041353523731232,0,0
604,0.07690280675888062,0,0
605,0.08427237719297409,0,0
606,0.10030151903629303,0,0
607,0.08007895201444626,0,0
608,0.09466022253036499,0,0
609,0.10116169601678848,0,0
610,0.08498899638652802,0,0
611,0.15675309300422668,1,1
612,0.10793119668960571,0,0
613,0.08053979277610779,0,0
614,0.08038796484470367,0,0
615,0.08247702568769455,0,0
616,0.08259846270084381,0,0
617,0.10693128407001495,0,0
618,0.11278775334358215,0,0
619,0.14149580895900726,1,0
620,0.1034775823354721,0,0
621,0.07651875913143158,0,0
622,0.07630299776792526,0,0
623,0.07970266044139862,0,0
624,0.0802089273929596,0,0
625,0.07624174654483795,0,0
626,0.08978696167469025,0,0
627,0.09535642713308334,0,0
628,0.07431478053331375,0,1
629,0.10126451402902603,0,0
630,0.079521544277668,0,0
631,0.08528256416320801,0,0
632,0.07698094844818115,0,0
633,0.07950340211391449,0,0
634,0.09593862295150757,0,0
635,0.10154256969690323,0,0
636,0.0982058197259903,0,0
637,0.10059265792369843,0,0
638,0.08141577243804932,0,0
639,0.0769185721874237,0,0
640,0.10650268197059631,0,0
641,0.08461605757474899,0,0
642,0.07679829001426697,0,0
643,0.10301461815834045,0,0
644,0.08159923553466797,0,0
645,0.08724468946456909,0,0
646,0.11387141048908234,0,0
647,0.07300417125225067,0,0
648,0.08081206679344177,0,0
649,0.08269183337688446,0,0
650,0.1330311894416809,0,0
651,0.10889296978712082,0,0
652,0.08116517215967178,0,0
653,0.11265769600868225,0,0
654,0.09978044033050537,0,0
655,0.11629308015108109,0,0
656,0.07654093950986862,0,0
657,0.08620928227901459,0,0
658,0.08683616667985916,0,0
659,0.07869895547628403,0,0
660,0.11007462441921234,0,0
661,0.07521818578243256,0,0
662,0.0870157927274704,0,0
663,0.09516380727291107,0,0
664,0.08472497761249542,0,0
665,0.09777034819126129,0,0
666,0.07651320099830627,0,0
667,0.0775730311870575,0,0
668,0.07285033166408539,0,0
669,0.08080573379993439,0,0
670,0.0732332319021225,0,0
671,0.07658162713050842,0,0
672,0.07540357112884521,0,0
673,0.07323895394802094,0,1
674,0.07618104666471481,0,1
675,0.07846826314926147,0,1
676,0.07054945081472397,0,0
677,0.0779912993311882,0,0
678,0.07734853029251099,0,1
679,0.10178004205226898,0,0
680,0.1000952273607254,0,0
681,0.07369653880596161,0,0
682,0.08644768595695496,0,0
683,0.07125427573919296,0,0
684,0.07146844267845154,0,0
685,0.07206378132104874,0,0
686,0.0751226544380188,0,0
687,0.07697682082653046,0,0
688,0.07120487838983536,0,0
689,0.07270823419094086,0,0
690,0.07214725762605667,0,0
691,0.13367131352424622,1,0
692,0.08672644942998886,0,0
693,0.09092067182064056,0,0
694,0.17659813165664673,1,1
695,0.11465157568454742,0,0
696,0.17857816815376282,1,1
697,0.1198170855641365,0,0
698,0.08435461670160294,0,0
699,0.09035170823335648,0,0
700,0.09090635180473328,0,0
701,0.07848521322011948,0,0
702,0.08451156318187714,0,0
703,0.08886844664812088,0,0
704,0.0838255062699318,0,0
705,0.08132639527320862,0,0
706,0.10494047403335571,0,0
707,0.10497188568115234,0,0
708,0.09241431206464767,0,0
709,0.1195373386144638,0,0
710,0.1095108836889267,0,0
711,0.09292902797460556,0,0
712,0.12537245452404022,0,0
713,0.09945981949567795,0,0
714,0.10186078399419785,0,0
715,0.12787306308746338,0,0
716,0.12475232779979706,0,0
717,0.13609176874160767,1,0
718,0.1689775288105011,1,1
719,0.18238307535648346,1,1
720,0.17703919112682343,1,1
721,0.07273703813552856,0,0
722,0.07670233398675919,0,0
723,0.07210354506969452,0,0
724,0.07707850635051727,0,0
725,0.08058086782693863,0,0
726,0.08912522345781326,0,0
727,0.07949698716402054,0,0
728,0.07085704803466797,0,0
729,0.07637503743171692,0,0
730,0.0709984079003334,0,0
731,0.07025618851184845,0,0
732,0.070630744099617,0,0
733,0.07188013941049576,0,0
734,0.07090946286916733,0,0
735,0.07169970870018005,0,0
736,0.07168950140476227,0,0
737,0.07583515346050262,0,0
738,0.07129218429327011,0,0
739,0.08227016031742096,0,0
740,0.07208975404500961,0,0
741,0.10332391411066055,0,0
742,0.07506471872329712,0,0
743,0.07503465563058853,0,0
744,0.07059980928897858,0,1
745,0.07580287754535675,0,0
746,0.1273094266653061,0,0
747,0.0720922127366066,0,0
748,0.07054825127124786,0,0
749,0.10343439877033234,0,0
750,0.07755866646766663,0,0
751,0.07480677962303162,0,0
752,0.08186173439025879,0,0
753,0.08035977184772491,0,0
754,0.09587905555963516,0,1
755,0.09600226581096649,0,0
756,0.08042300492525101,0,1
757,0.08948958665132523,0,0
758,0.07345186173915863,0,0
759,0.0721188560128212,0,0
760,0.07468288391828537,0,0
761,0.07649492472410202,0,0
762,0.07669749855995178,0,0
763,0.10229429602622986,0,0
764,0.08219388872385025,0,0
765,0.07148507982492447,0,0
766,0.07863274216651917,0,0
767,0.09975370764732361,0,0
768,0.07561802864074707,0,0
769,0.07633143663406372,0,0
770,0.0784808024764061,0,0
771,0.07817233353853226,0,0
772,0.09198768436908722,0,0
773,0.07799705862998962,0,0
774,0.07179077714681625,0,0
775,0.07239605486392975,0,0
776,0.07162979245185852,0,0
777,0.07241611182689667,0,0
778,0.07456500083208084,0,0
779,0.079517662525177,0,0
780,0.07200261205434799,0,0
781,0.07165902853012085,0,0
782,0.07078607380390167,0,0
783,0.0976753979921341,0,0
784,0.15174758434295654,1,0
785,0.07234996557235718,0,0
786,0.07754409313201904,0,0
787,0.07222792506217957,0,0
788,0.0768049955368042,0,0
789,0.07782809436321259,0,0
790,0.07743033766746521,0,0
791,0.07868196815252304,0,0
792,0.0756402388215065,0,0
793,0.07180635631084442,0,0
794,0.07563214004039764,0,0
795,0.07130227982997894,0,0
796,0.07059569656848907,0,0
797,0.0811433270573616,0,0
798,0.07117610424757004,0,0
799,0.08762010186910629,0,0
800,0.07697021961212158,0,0
801,0.08195050060749054,0,0
802,0.0805727019906044,0,0
803,0.10039997100830078,0,0
804,0.07212156057357788,0,0
805,0.08676298707723618,0,0
806,0.12522165477275848,0,0
807,0.0764070451259613,0,0
808,0.08415321260690689,0,0
809,0.07512904703617096,0,0
810,0.0709855929017067,0,0
811,0.078410305082798,0,1
812,0.14329108595848083,1,0
813,0.13517360389232635,1,0
814,0.11153747886419296,0,0
815,0.10966343432664871,0,0
816,0.10801587253808975,0,0
817,0.10275247693061829,0,0
818,0.10709656774997711,0,0
819,0.09676400572061539,0,0
820,0.09911148250102997,0,0
821,0.09986857324838638,0,0
822,0.10133248567581177,0,0
823,0.09404022991657257,0,0
824,0.09399442374706268,0,0
825,0.09303592145442963,0,0
826,0.09356439113616943,0,0
827,0.09222260117530823,0,0
828,0.0875532478094101,0,0
829,0.08766531944274902,0,0
830,0.08777256309986115,0,0
831,0.08912084996700287,0,0
832,0.0811389610171318,0,0
833,0.08306869864463806,0,0
834,0.08611944317817688,0,0
835,0.0794118344783783,0,0
836,0.07456478476524353,0,0
837,0.07826441526412964,0,0
838,0.0778065100312233,0,0
839,0.0801895409822464,0,0
840,0.07322093099355698,0,0
841,0.07565727084875107,0,0
842,0.07241151481866837,0,0
843,0.07050830125808716,0,0
844,0.07054266333580017,0,0
845,0.07143464684486389,0,0
846,0.07475513219833374,0,0
847,0.07551015168428421,0,0
848,0.07548609375953674,0,0
849,0.07178151607513428,0,0
850,0.07538485527038574,0,0
851,0.07178477942943573,0,0
852,0.07335657626390457,0,0
853,0.07179930806159973,0,0
854,0.07082447409629822,0,0
855,0.07666927576065063,0,0
856,0.07533709704875946,0,0
857,0.07444053143262863,0,0
858,0.08082117140293121,0,0
859,0.08416442573070526,0,0
860,0.08084604144096375,0,0
861,0.0803876742720604,0,0
862,0.08243805170059204,0,0
863,0.08403731882572174,0,0
864,0.08318334817886353,0,0
865,0.08832035958766937,0,0
866,0.07725738734006882,0,0
867,0.08995124697685242,0,0
868,0.09034791588783264,0,0
869,0.0850914716720581,0,0
870,0.08552348613739014,0,0
871,0.09101212024688721,0,0
872,0.08351172506809235,0,0
873,0.08468478918075562,0,0
874,0.09127824753522873,0,0
875,0.0837746113538742,0,0
876,0.08922098577022552,0,0
877,0.09455026686191559,0,0
878,0.08811046928167343,0,0
879,0.09994212538003922,0,0
880,0.09563642740249634,0,0
881,0.09093781560659409,0,0
882,0.15809690952301025,1,0
883,0.09160684049129486,0,0
884,0.10046601295471191,0,0
885,0.10155416280031204,0,0
886,0.12358621507883072,0,0
887,0.10249418020248413,0,0
888,0.1264607310295105,0,0
889,0.12374049425125122,0,0
890,0.13958880305290222,1,0
891,0.28116142749786377,1,0
892,0.1586071252822876,1,0
893,0.14208856225013733,1,0
894,0.1418771743774414,1,1
895,0.1346828192472458,1,0
896,0.13690844178199768,1,1
897,0.13113370537757874,0,0
898,0.14386776089668274,1,1
899,0.11499260365962982,0,0
900,0.11626926064491272,0,1
901,0.11568836122751236,0,0
902,0.11765225976705551,0,0
903,0.11359740793704987,0,0
904,0.11524149775505066,0,0
905,0.11229701340198517,0,0
906,0.10982903838157654,0,0
907,0.10745719075202942,0,0
908,0.1081399917602539,0,0
909,0.10819049179553986,0,0
910,0.10828594863414764,0,0
911,0.10623855143785477,0,0
912,0.10180017352104187,0,0
913,0.09781844168901443,0,0
914,0.09577004611492157,0,0
915,0.09996762871742249,0,0
916,0.100141242146492,0,0
917,0.09063835442066193,0,0
918,0.09011559188365936,0,0
919,0.09090790152549744,0,0
920,0.08836175501346588,0,0
921,0.08709874749183655,0,0
922,0.08917374908924103,0,0
923,0.08613413572311401,0,0
924,0.0881715714931488,0,0
925,0.08735869824886322,0,0
926,0.08600615710020065,0,0
927,0.08653108775615692,0,0
928,0.0851941853761673,0,0
929,0.08280301094055176,0,0
930,0.08830983936786652,0,0
931,0.08383531123399734,0,0
932,0.08339201658964157,0,0
933,0.08061496168375015,0,0
934,0.08240919560194016,0,0
935,0.0827426165342331,0,0
936,0.08176739513874054,0,0
937,0.07956451177597046,0,0
938,0.08003523200750351,0,0
939,0.08188541978597641,0,0
940,0.08256953954696655,0,0
941,0.08131980150938034,0,0
942,0.07939423620700836,0,0
943,0.08306568115949631,0,0
944,0.081954225897789,0,0
945,0.07367526739835739,0,0
946,0.07968991249799728,0,0
947,0.07477142661809921,0,0
948,0.07941387593746185,0,0
949,0.07326439768075943,0,0
950,0.07248938083648682,0,0
951,0.07815811038017273,0,0
952,0.07409030199050903,0,0
953,0.08122287690639496,0,0
954,0.07237115502357483,0,0
955,0.07238025218248367,0,0
956,0.07247111201286316,0,0
957,0.07176871597766876,0,0
958,0.07784073054790497,0,0
959,0.07231318205595016,0,0
960,0.07173998653888702,0,0
961,0.07600337266921997,0,0
962,0.07568816840648651,0,0
963,0.07205261290073395,0,0
964,0.0772457867860794,0,0
965,0.07099699229001999,0,0
966,0.07738908380270004,0,0
967,0.07451260089874268,0,0
968,0.07106070220470428,0,0
969,0.07055719941854477,0,0
970,0.07498085498809814,0,0
971,0.07167510688304901,0,0
972,0.07517440617084503,0,0
973,0.07080049067735672,0,0
974,0.07504364848136902,0,0
975,0.07552650570869446,0,0
976,0.07117705047130585,0,0
977,0.07505431771278381,0,0
978,0.07059557735919952,0,0
979,0.07097338140010834,0,0
980,0.07736695557832718,0,0
981,0.07506050169467926,0,0
982,0.07671573013067245,0,0
983,0.07559075206518173,0,0
984,0.07671889662742615,0,0
985,0.07567916810512543,0,0
986,0.0798177644610405,0,0
987,0.07345659285783768,0,0
988,0.07171284407377243,0,0
989,0.07635300606489182,0,0
990,0.07906730473041534,0,0
991,0.0799810066819191,0,0
992,0.0788726806640625,0,0
993,0.07331991195678711,0,0
994,0.07979843020439148,0,0
995,0.07791250944137573,0,0
996,0.07620538771152496,0,0
997,0.07628156989812851,0,0
998,0.07907349616289139,0,0
999,0.07886864244937897,0,0
1000,0.08023469895124435,0,0
1001,0.07899243384599686,0,0
1002,0.07754334062337875,0,0
1003,0.07416190207004547,0,0
1004,0.08260130882263184,0,0
1005,0.07761471718549728,0,0
1006,0.0795990377664566,0,0
1007,0.07827673107385635,0,0
1008,0.07824090868234634,0,0
1009,0.08532251417636871,0,0
1010,0.0911518856883049,0,0
1011,0.08953606337308884,0,0
1012,0.08522540330886841,0,0
1013,0.08295552432537079,0,0
1014,0.08846984803676605,0,0
1015,0.09226222336292267,0,0
1016,0.08325304836034775,0,0
1017,0.08836141228675842,0,0
1018,0.07882663607597351,0,0
1019,0.0870511457324028,0,0
1020,0.09245321899652481,0,0
1021,0.088565394282341,0,0
1022,0.10012087225914001,0,0
1023,0.09112696349620819,0,0
1024,0.08722980320453644,0,0
1025,0.1064295619726181,0,0
1026,0.10048071295022964,0,0
1027,0.09515373408794403,0,0
1028,0.08772506564855576,0,0
1029,0.0893031507730484,0,0
1030,0.08743269741535187,0,0
1031,0.0868721455335617,0,0
1032,0.10450693964958191,0,0
1033,0.10358195006847382,0,0
1034,0.09523162245750427,0,0
1035,0.1151883527636528,0,0
1036,0.10244039446115494,0,0
1037,0.10466858744621277,0,0
1038,0.10305432975292206,0,0
1039,0.09200353920459747,0,0
1040,0.10090059041976929,0,0
1041,0.11383731663227081,0,0
1042,0.13249436020851135,0,0
1043,0.10851700603961945,0,0
1044,0.11534598469734192,0,0
1045,0.13200882077217102,0,0
1046,0.1310790777206421,0,0
1047,0.12092509120702744,0,0
1048,0.1882060468196869,1,0
1049,0.13262230157852173,0,0
1050,0.11140823364257812,0,0
1051,0.22300679981708527,1,0
1052,0.2090764045715332,1,0
1053,0.16617703437805176,1,1
1054,0.15963084995746613,1,1
1055,0.1634986400604248,1,1
1056,0.1570965200662613,1,1
1057,0.1477610021829605,1,1
1058,0.1394130289554596,1,1
1059,0.13846123218536377,1,0
1060,0.13194456696510315,0,0
1061,0.12864738702774048,0,0
1062,0.12395335733890533,0,0
1063,0.12298805266618729,0,0
1064,0.11867363750934601,0,0
1065,0.11491713672876358,0,0
1066,0.11484865099191666,0,0
1067,0.10480162501335144,0,0
1068,0.1006304919719696,0,0
1069,0.09941936284303665,0,0
1070,0.09950384497642517,0,0
1071,0.09752017259597778,0,0
1072,0.09047602117061615,0,0
1073,0.09213361889123917,0,0
1074,0.09320612251758575,0,0
1075,0.08973205089569092,0,0
1076,0.09103257954120636,0,0
1077,0.08826103806495667,0,0
1078,0.09265299886465073,0,0
1079,0.08694706857204437,0,0
1080,0.08137764036655426,0,0
1081,0.08504754304885864,0,0
1082,0.08449828624725342,0,0
1083,0.08601196110248566,0,0
1084,0.08402501046657562,0,0
1085,0.08300463110208511,0,0
1086,0.08424582332372665,0,0
1087,0.08116377890110016,0,0
1088,0.0815616101026535,0,0
1089,0.08604896813631058,0,0
1090,0.08477012813091278,0,0
1091,0.08595436811447144,0,0
1092,0.08295953273773193,0,0
1093,0.07518348097801208,0,0
1094,0.0794651210308075,0,0
1095,0.0814150720834732,0,0
1096,0.08154372870922089,0,0
1097,0.07692703604698181,0,0
1098,0.07454581558704376,0,0
1099,0.07750929892063141,0,0
1100,0.07783203572034836,0,0
1101,0.0781741514801979,0,0
1102,0.07415951788425446,0,0
1103,0.07771939039230347,0,0
1104,0.07498770952224731,0,0
1105,0.07802335917949677,0,0
1106,0.07679584622383118,0,0
1107,0.07797284424304962,0,0
1108,0.07627179473638535,0,0
1109,0.07055296748876572,0,0
1110,0.07705318182706833,0,0
1111,0.07642006874084473,0,0
1112,0.07756736129522324,0,0
1113,0.07542096823453903,0,0
1114,0.07563145458698273,0,0
1115,0.07062392681837082,0,0
1116,0.07613585889339447,0,0
1117,0.07548009604215622,0,0
1118,0.07577557116746902,0,0
1119,0.07477647066116333,0,0
1120,0.07140830159187317,0,0
1121,0.07114960253238678,0,0
1122,0.07128382474184036,0,0
1123,0.07546532154083252,0,0
1124,0.07505791634321213,0,0
1125,0.07046288251876831,0,0
1126,0.07111575454473495,0,0
1127,0.07141780108213425,0,0
1128,0.07549366354942322,0,0
1129,0.07075637578964233,0,0
1130,0.07258456945419312,0,0
1131,0.07360313832759857,0,0
1132,0.07759407162666321,0,0
1133,0.07373476028442383,0,0
1134,0.07585005462169647,0,0
1135,0.07447399944067001,0,0
1136,0.0774988979101181,0,0
1137,0.07888723164796829,0,0
1138,0.07085663080215454,0,0
1139,0.07667192816734314,0,0
1140,0.07158663123846054,0,0
1141,0.07487457990646362,0,0
1142,0.07398420572280884,0,0
1143,0.07109512388706207,0,0
1144,0.07351253926753998,0,0
1145,0.1298074871301651,0,0
1146,0.07101409882307053,0,0
1147,0.07226203382015228,0,0
1148,0.0734785795211792,0,0
1149,0.07697167247533798,0,0
1150,0.07235363125801086,0,0
1151,0.07337582111358643,0,0
1152,0.0737798660993576,0,0
1153,0.079629085958004,0,0
1154,0.08006542921066284,0,0
1155,0.08091992139816284,0,0
1156,0.0748109370470047,0,0
1157,0.0828516036272049,0,0
1158,0.07720761001110077,0,0
1159,0.07890182733535767,0,0
1160,0.08048369735479355,0,0
1161,0.07563188672065735,0,0
1162,0.08629799634218216,0,0
1163,0.07547627389431,0,0
1164,0.07622216641902924,0,0
1165,0.07771086692810059,0,0
1166,0.07991892844438553,0,0
1167,0.07510843127965927,0,0
1168,0.07373488694429398,0,0
1169,0.08250385522842407,0,0
1170,0.0920943170785904,0,0
1171,0.08167700469493866,0,0
1172,0.07796917110681534,0,0
1173,0.08471977710723877,0,0
1174,0.08934271335601807,0,0
1175,0.09108061343431473,0,0
1176,0.09222670644521713,0,0
1177,0.08401290327310562,0,0
1178,0.09979256242513657,0,0
1179,0.08419003337621689,0,0
1180,0.09067051112651825,0,0
1181,0.09790650010108948,0,0
1182,0.09758956730365753,0,0
1183,0.08981899917125702,0,0
1184,0.09146717190742493,0,0
1185,0.09517359733581543,0,0
1186,0.11773771792650223,0,0
1187,0.10221467912197113,0,0
1188,0.1016295924782753,0,0
1189,0.11065419018268585,0,0
1190,0.1111622005701065,0,0
1191,0.1268884241580963,0,0
1192,0.1270889937877655,0,0
1193,0.1931910514831543,1,0
1194,0.11844431608915329,0,0
1195,0.09628476202487946,0,0
1196,0.12108050286769867,0,0
1197,0.15913578867912292,1,0
1198,0.12047888338565826,0,0
1199,0.1838335543870926,1,0
1200,0.16142863035202026,1,0
1201,0.09434480965137482,0,0
1202,0.15288278460502625,1,0
1203,0.1476515233516693,1,0
1204,0.18503910303115845,1,0
1205,0.15511257946491241,1,0
1206,0.20788896083831787,1,0
1207,0.2543622851371765,1,0
1208,0.15671396255493164,1,0
1209,0.28652143478393555,1,0
1210,0.10965323448181152,0,0
1211,0.13406211137771606,1,1
1212,0.13728800415992737,1,0
1213,0.13534769415855408,1,0
1214,0.12655626237392426,0,0
1215,0.12079979479312897,0,0
1216,0.11431816965341568,0,0
1217,0.11474645882844925,0,0
1218,0.11671292036771774,0,0
1219,0.11288508027791977,0,0
1220,0.10688681155443192,0,0
1221,0.11590618640184402,0,0
1222,0.1075810045003891,0,0
1223,0.10775798559188843,0,0
1224,0.10565819591283798,0,0
1225,0.10571573674678802,0,0
1226,0.10340633243322372,0,0
1227,0.10635398328304291,0,0
1228,0.1032138466835022,0,1
1229,0.10307741165161133,0,0
1230,0.10309015959501266,0,0
1231,0.10218653827905655,0,0
1232,0.09777149558067322,0,0
1233,0.10077223181724548,0,0
1234,0.09956991672515869,0,0
1235,0.09822316467761993,0,0
1236,0.10030809789896011,0,0
1237,0.09911951422691345,0,0
1238,0.10073721408843994,0,0
1239,0.10119181126356125,0,0
1240,0.09769928455352783,0,0
1241,0.10122442245483398,0,0
1242,0.09636834263801575,0,0
1243,0.0998864620923996,0,0
1244,0.09389478713274002,0,0
1245,0.09918318688869476,0,0
1246,0.0926271378993988,0,0
1247,0.09336470067501068,0,0
1248,0.09454715251922607,0,0
1249,0.09547390043735504,0,0
1250,0.09489196538925171,0,0
1251,0.0957699865102768,0,0
1252,0.0869348794221878,0,0
1253,0.09110181033611298,0,0
1254,0.08936168253421783,0,0
1255,0.0903698056936264,0,0
1256,0.09155209362506866,0,0
1257,0.0882028192281723,0,0
1258,0.08757404237985611,0,0
1259,0.08732230216264725,0,0
1260,0.08357638120651245,0,0
1261,0.08373039215803146,0,0
1262,0.08455124497413635,0,0
1263,0.08255259692668915,0,0
1264,0.08437789976596832,0,0
1265,0.08179797232151031,0,0
1266,0.08500432968139648,0,0
1267,0.08115329593420029,0,0
1268,0.08603368699550629,0,0
1269,0.08260522037744522,0,0
1270,0.08068107068538666,0,0
1271,0.08331771194934845,0,0
1272,0.0805174708366394,0,0
1273,0.0808270275592804,0,0
1274,0.07987865805625916,0,0
1275,0.07843677699565887,0,0
1276,0.08041675388813019,0,0
1277,0.08119378983974457,0,0
1278,0.07954195141792297,0,0
1279,0.07799816131591797,0,0
1280,0.07317806780338287,0,0
1281,0.07705311477184296,0,0
1282,0.07106871902942657,0,0
1283,0.0765274241566658,0,0
1284,0.0750574916601181,0,0
1285,0.07713796943426132,0,0
1286,0.07568339258432388,0,0
1287,0.07604697346687317,0,0
1288,0.07619783282279968,0,0
1289,0.07756023108959198,0,0
1290,0.07612350583076477,0,0
1291,0.07446330040693283,0,0
1292,0.0751979798078537,0,0
1293,0.07601841539144516,0,0
1294,0.0752037912607193,0,0
1295,0.07513360679149628,0,0
1296,0.07080681622028351,0,0
1297,0.07557561993598938,0,0
1298,0.0757509395480156,0,0
1299,0.07616165280342102,0,0
1300,0.07493577152490616,0,0
1301,0.07602867484092712,0,0
1302,0.07498791813850403,0,0
1303,0.07513432949781418,0,0
1304,0.07076030969619751,0,0
1305,0.07507669925689697,0,0
1306,0.07423794269561768,0,0
1307,0.0742635726928711,0,0
1308,0.07506716251373291,0,0
1309,0.07468775659799576,0,0
1310,0.07579018175601959,0,0
1311,0.07411952316761017,0,0
1312,0.07576318830251694,0,0
1313,0.07061034440994263,0,0
1314,0.07422444969415665,0,0
1315,0.07423338294029236,0,0
1316,0.07069923728704453,0,0
1317,0.07472880184650421,0,0
1318,0.07412528991699219,0,0
1319,0.0740480124950409,0,0
1320,0.07415733486413956,0,0
1321,0.07482851296663284,0,0
1322,0.0835939422249794,0,0
1323,0.07683052867650986,0,0
1324,0.07529660314321518,0,0
1325,0.07552100718021393,0,0
1326,0.07070336490869522,0,0
1327,0.07160642743110657,0,0
1328,0.0752905085682869,0,0
1329,0.07486855983734131,0,0
1330,0.07740849256515503,0,0
1331,0.07110211253166199,0,0
1332,0.07458020001649857,0,0
1333,0.0710059404373169,0,0
1334,0.07585315406322479,0,0
1335,0.07972672581672668,0,0
1336,0.07169380784034729,0,0
1337,0.08333955705165863,0,0
1338,0.07137458026409149,0,0
1339,0.07563391327857971,0,0
1340,0.0723194032907486,0,0
1341,0.07886907458305359,0,0
1342,0.07842367887496948,0,0
1343,0.0762721449136734,0,0
1344,0.08738302439451218,0,0
1345,0.07484261691570282,0,0
1346,0.07164999097585678,0,0
1347,0.07491735368967056,0,0
1348,0.0783502459526062,0,0
1349,0.07176774740219116,0,0
1350,0.07687898725271225,0,0
1351,0.07893304526805878,0,0
1352,0.07763555645942688,0,0
1353,0.07462678849697113,0,0
1354,0.08072877675294876,0,0
1355,0.07933610677719116,0,0
1356,0.07655014842748642,0,0
1357,0.07301739603281021,0,0
1358,0.08436965942382812,0,0
1359,0.07470694184303284,0,0
1360,0.07570034265518188,0,0
1361,0.08054547756910324,0,0
1362,0.08024431765079498,0,0
1363,0.0720500499010086,0,0
1364,0.08117693662643433,0,0
1365,0.07514941692352295,0,0
1366,0.07709234952926636,0,0
1367,0.07913073897361755,0,0
1368,0.07397382706403732,0,0
1369,0.07876738905906677,0,0
1370,0.07625029981136322,0,0
1371,0.07717225700616837,0,0
1372,0.07975704967975616,0,0
1373,0.07880552113056183,0,0
1374,0.07951147109270096,0,0
1375,0.08146387338638306,0,0
1376,0.08428756892681122,0,0
1377,0.0825243592262268,0,0
1378,0.09004835039377213,0,0
1379,0.08239619433879852,0,0
1380,0.07636106014251709,0,0
1381,0.08515548706054688,0,0
1382,0.09044289588928223,0,0
1383,0.08435750007629395,0,0
1384,0.09157193452119827,0,0
1385,0.08878467977046967,0,0
1386,0.07720375061035156,0,0
1387,0.08006863296031952,0,0
1388,0.07792757451534271,0,0
1389,0.0787811204791069,0,0
1390,0.09535909444093704,0,0
1391,0.0903555303812027,0,0
1392,0.08109487593173981,0,0
1393,0.07760661095380783,0,0
1394,0.1047106385231018,0,0
1395,0.08820764720439911,0,0
1396,0.08255298435688019,0,0
1397,0.09205778688192368,0,0
1398,0.09652924537658691,0,0
1399,0.08686810731887817,0,0
1400,0.12278013676404953,0,0
1401,0.10021747648715973,0,0
1402,0.1003621518611908,0,0
1403,0.10442511737346649,0,0
1404,0.09660135209560394,0,0
1405,0.10952020436525345,0,0
1406,0.10191118717193604,0,0
1407,0.08841797709465027,0,0
1408,0.1049184501171112,0,0
1409,0.09464995563030243,0,0
1410,0.10386516153812408,0,0
1411,0.1232067197561264,0,0
1412,0.08763453364372253,0,0
1413,0.121249720454216,0,0
1414,0.1274472326040268,0,0
1415,0.12860648334026337,0,0
1416,0.10754361003637314,0,0
1417,0.2013712227344513,1,0
1418,0.1641962081193924,1,0
1419,0.13823214173316956,1,0
1420,0.11648942530155182,0,0
1421,0.14928720891475677,1,0
1422,0.19119423627853394,1,0
1423,0.13973453640937805,1,0
1424,0.13732393085956573,1,0
1425,0.17707188427448273,1,0
1426,0.20225077867507935,1,0
1427,0.24930475652217865,1,0
1428,0.22851209342479706,1,0
1429,0.18264326453208923,1,1
1430,0.14578263461589813,1,1
1431,0.10085657984018326,0,0
1432,0.10521629452705383,0,0
1433,0.10019436478614807,0,0
1434,0.09631132334470749,0,0
1435,0.09679801017045975,0,0
1436,0.0937417596578598,0,0
1437,0.09284815192222595,0,0
1438,0.09416815638542175,0,0
1439,0.09060342609882355,0,0
1440,0.09406276047229767,0,0
1441,0.09256192296743393,0,0
1442,0.091976098716259,0,0
1443,0.08400833606719971,0,0
1444,0.0858672708272934,0,0
1445,0.0845966786146164,0,0
1446,0.08618810772895813,0,0
1447,0.08040884137153625,0,0
1448,0.08271506428718567,0,0
1449,0.07847433537244797,0,0
1450,0.08176189661026001,0,0
1451,0.08216925710439682,0,0
1452,0.08106277883052826,0,0
1453,0.08162955194711685,0,0
1454,0.08418433368206024,0,0
1455,0.07330560684204102,0,0
1456,0.08118700981140137,0,0
1457,0.07933344691991806,0,0
1458,0.07874350249767303,0,0
1459,0.07926710695028305,0,0
1460,0.07358793914318085,0,0
1461,0.07461411505937576,0,0
1462,0.07802721858024597,0,0
1463,0.07375770807266235,0,0
1464,0.07621212303638458,0,0
1465,0.07712577283382416,0,0
1466,0.07158099114894867,0,0
1467,0.07641278952360153,0,0
1468,0.07267499715089798,0,0
1469,0.07091955840587616,0,0
1470,0.07465885579586029,0,0
1471,0.0709654837846756,0,0
1472,0.07491359114646912,0,0
1473,0.07541939616203308,0,0
1474,0.07057583332061768,0,0
1475,0.07554499804973602,0,0
1476,0.07611733675003052,0,0
1477,0.07251821458339691,0,0
1478,0.07534995675086975,0,0
1479,0.07264794409275055,0,0
1480,0.08305275440216064,0,0
1481,0.07675211131572723,0,0
1482,0.07214146852493286,0,0
1483,0.07149063050746918,0,0
1484,0.08179880678653717,0,0
1485,0.07757608592510223,0,0
1486,0.07931379973888397,0,0
1487,0.07251100242137909,0,0
1488,0.08143417537212372,0,0
1489,0.07868378609418869,0,0
1490,0.0846039354801178,0,0
1491,0.08948922902345657,0,0
1492,0.08148138225078583,0,0
1493,0.07668190449476242,0,0
1494,0.07552387565374374,0,0
1495,0.0788518488407135,0,0
1496,0.07664939761161804,0,0
1497,0.09175585210323334,0,0
1498,0.0801287442445755,0,0
1499,0.07738835364580154,0,0
1500,0.0844036191701889,0,0
1501,0.07751926779747009,0,0
1502,0.08246681094169617,0,0
1503,0.09167341887950897,0,0
1504,0.08487527072429657,0,0
1505,0.08761553466320038,0,0
1506,0.1021478921175003,0,0
1507,0.1051516905426979,0,0
1508,0.09812471270561218,0,0
1509,0.09006396681070328,0,0
1510,0.10573289543390274,0,0
1511,0.09428919106721878,0,0
1512,0.09425700455904007,0,0
1513,0.07838413864374161,0,0
1514,0.10687455534934998,0,0
1515,0.12544181942939758,0,0
1516,0.09078188240528107,0,0
1517,0.09716568887233734,0,0
1518,0.11793214827775955,0,0
1519,0.10770778357982635,0,0
1520,0.10011563450098038,0,0
1521,0.11539134383201599,0,0
1522,0.10863002389669418,0,0
1523,0.12647336721420288,0,0
1524,0.11319419741630554,0,0
1525,0.13320069015026093,1,0
1526,0.1205691397190094,0,0
1527,0.15806807577610016,1,0
1528,0.20868629217147827,1,0
1529,0.14584562182426453,1,0
1530,0.143841952085495,1,0
1531,0.15056616067886353,1,0
1532,0.12502054870128632,0,0
1533,0.12153874337673187,0,0
1534,0.11775265634059906,0,0
1535,0.11572450399398804,0,0
1536,0.10807127505540848,0,0
1537,0.10657451301813126,0,0
1538,0.10510057210922241,0,0
1539,0.10419502854347229,0,0
1540,0.10224103182554245,0,0
1541,0.10166605561971664,0,0
1542,0.10471636801958084,0,0
1543,0.10110393911600113,0,0
1544,0.10087910294532776,0,0
1545,0.09797219187021255,0,0
1546,0.09737080335617065,0,0
1547,0.09764263033866882,0,0
1548,0.09747239202260971,0,0
1549,0.09703674912452698,0,0
1550,0.09383002668619156,0,0
1551,0.09587591141462326,0,0
1552,0.09526138007640839,0,0
1553,0.09767685830593109,0,0
1554,0.09213842451572418,0,0
1555,0.09358983486890793,0,0
1556,0.09025460481643677,0,0
1557,0.09061719477176666,0,0
1558,0.09152866154909134,0,0
1559,0.08819594234228134,0,0
1560,0.08696657419204712,0,0
1561,0.08790050446987152,0,0
1562,0.08392269909381866,0,0
1563,0.08155465126037598,0,0
1564,0.0837101861834526,0,0
1565,0.08264502882957458,0,0
1566,0.08154110610485077,0,0
1567,0.0841367244720459,0,0
1568,0.08013971894979477,0,0
1569,0.07677766680717468,0,0
1570,0.07842433452606201,0,0
1571,0.07986389845609665,0,0
1572,0.07964954525232315,0,0
1573,0.07837698608636856,0,0
1574,0.07534519582986832,0,0
1575,0.07680746912956238,0,0
1576,0.08003699779510498,0,0
1577,0.0759129524230957,0,0
1578,0.07976818829774857,0,0
1579,0.07649529725313187,0,0
1580,0.07565475255250931,0,0
1581,0.07622099667787552,0,0
1582,0.0769290179014206,0,0
1583,0.07579473406076431,0,0
1584,0.07749971002340317,0,0
1585,0.07954362034797668,0,0
1586,0.07999148964881897,0,0
1587,0.07527557015419006,0,0
1588,0.07638771831989288,0,0
1589,0.07504037767648697,0,0
1590,0.07676416635513306,0,0
1591,0.07047303766012192,0,0
1592,0.07514367997646332,0,0
1593,0.07565326988697052,0,0
1594,0.07493904232978821,0,0
1595,0.07066872715950012,0,0
1596,0.0756647065281868,0,0
1597,0.0751805305480957,0,0
1598,0.07659752666950226,0,0
1599,0.07400800287723541,0,0
1600,0.07496900856494904,0,0
1601,0.07434600591659546,0,0
1602,0.07433784008026123,0,0
1603,0.07410076260566711,0,0
1604,0.07267928123474121,0,0
1605,0.07547380030155182,0,0
1606,0.07426299899816513,0,0
1607,0.07433947175741196,0,0
1608,0.07478521764278412,0,0
1609,0.07731308043003082,0,0
1610,0.07500691711902618,0,0
1611,0.07045267522335052,0,0
1612,0.07507580518722534,0,0
1613,0.0742250457406044,0,0
1614,0.07408234477043152,0,0
1615,0.0741230696439743,0,0
1616,0.07676562666893005,0,0
1617,0.07449478656053543,0,0
1618,0.07504749298095703,0,0
1619,0.07439485192298889,0,0
1620,0.07466429471969604,0,0
1621,0.07091624289751053,0,0
1622,0.07434611022472382,0,0
1623,0.07571867108345032,0,0
1624,0.07069859653711319,0,0
1625,0.07074572145938873,0,0
1626,0.07545790821313858,0,0
1627,0.07089745253324509,0,0
1628,0.07478372752666473,0,0
1629,0.07468906044960022,0,0
1630,0.07478884607553482,0,0
1631,0.07488996535539627,0,0
1632,0.07138621807098389,0,0
1633,0.07444371283054352,0,0
1634,0.08065879344940186,0,0
1635,0.0748450756072998,0,0
1636,0.07468463480472565,0,0
1637,0.08455776423215866,0,0
1638,0.07497870922088623,0,0
1639,0.07473951578140259,0,0
1640,0.0787356048822403,0,0
1641,0.07113299518823624,0,0
1642,0.07219450175762177,0,0
1643,0.07564957439899445,0,0
1644,0.07357174903154373,0,0
1645,0.07072948664426804,0,0
1646,0.07519975304603577,0,0
1647,0.076449915766716,0,0
1648,0.078456349670887,0,0
1649,0.07772747427225113,0,0
1650,0.07564336061477661,0,0
1651,0.07604973018169403,0,0
1652,0.07156950235366821,0,0
1653,0.07252366840839386,0,0
1654,0.07546401023864746,0,0
1655,0.0776471346616745,0,0
1656,0.08125567436218262,0,0
1657,0.0732806921005249,0,0
1658,0.0776057317852974,0,0
1659,0.08092810213565826,0,0
1660,0.07531655579805374,0,0
1661,0.07949747145175934,0,0
1662,0.07751250267028809,0,0
1663,0.07271509617567062,0,0
1664,0.07660777866840363,0,0
1665,0.0790797546505928,0,0
1666,0.07893786579370499,0,0
1667,0.09638954699039459,0,0
1668,0.07430528104305267,0,0
1669,0.0800868421792984,0,0
1670,0.0862991139292717,0,0
1671,0.07475452125072479,0,0
1672,0.08141462504863739,0,0
1673,0.07672037184238434,0,0
1674,0.07692308723926544,0,0
1675,0.08743061870336533,0,0
1676,0.07511481642723083,0,0
1677,0.08063007891178131,0,0
1678,0.08237697184085846,0,0
1679,0.0907631665468216,0,0
1680,0.0835677832365036,0,0
1681,0.08758975565433502,0,0
1682,0.080561563372612,0,0
1683,0.08553475141525269,0,0
1684,0.07701042294502258,0,0
1685,0.07716919481754303,0,0
1686,0.08153115957975388,0,0
1687,0.08047856390476227,0,0
1688,0.07895497977733612,0,0
1689,0.07686887681484222,0,0
1690,0.07870765030384064,0,0
1691,0.08369974792003632,0,0
1692,0.09098425507545471,0,0
1693,0.08121104538440704,0,0
1694,0.07928832620382309,0,0
1695,0.0869215652346611,0,0
1696,0.08088235557079315,0,0
1697,0.08199359476566315,0,0
1698,0.08352790772914886,0,0
1699,0.09831353276968002,0,0
1700,0.09061726927757263,0,0
1701,0.08847040683031082,0,0
1702,0.08768127858638763,0,0
1703,0.08761792629957199,0,0
1704,0.08605463802814484,0,0
1705,0.11587190628051758,0,0
1706,0.0816139429807663,0,0
1707,0.08620276302099228,0,0
1708,0.10071948915719986,0,0
1709,0.09764759987592697,0,0
1710,0.08499740809202194,0,0
1711,0.08864960074424744,0,0
1712,0.08867177367210388,0,0
1713,0.08850108832120895,0,0
1714,0.09591345489025116,0,0
1715,0.08216741681098938,0,0
1716,0.09322097152471542,0,0
1717,0.09205983579158783,0,0
1718,0.08604122698307037,0,0
1719,0.09645313024520874,0,0
1720,0.08934991806745529,0,0
1721,0.0906355232000351,0,0
1722,0.0841655358672142,0,0
1723,0.0944560319185257,0,0
1724,0.10163191705942154,0,0
1725,0.08775870501995087,0,0
1726,0.10438542068004608,0,0
1727,0.10352621972560883,0,0
1728,0.10508175194263458,0,0
1729,0.09812590479850769,0,0
1730,0.08685039728879929,0,0
1731,0.09205780923366547,0,0
1732,0.09272980690002441,0,0
1733,0.08781611174345016,0,0
1734,0.08796586096286774,0,0
1735,0.09187328815460205,0,0
1736,0.0964030921459198,0,0
1737,0.1153983622789383,0,0
1738,0.11310571432113647,0,0
1739,0.08850907534360886,0,0
1740,0.09778967499732971,0,0
1741,0.1004272848367691,0,0
1742,0.11080724745988846,0,0
1743,0.09337563812732697,0,0
1744,0.1201522946357727,0,0
1745,0.11422653496265411,0,0
1746,0.13668444752693176,1,0
1747,0.13707983493804932,1,0
1748,0.1189655214548111,0,0
1749,0.16318780183792114,1,0
1750,0.17160509526729584,1,0
1751,0.11534802615642548,0,0
1752,0.16240616142749786,1,0
1753,0.13831959664821625,1,0
1754,0.18083050847053528,1,0
1755,0.10542023181915283,0,0
1756,0.18323686718940735,1,0
1757,0.1662929654121399,1,0
1758,0.13613051176071167,1,0
1759,0.18214401602745056,1,0
1760,0.16263893246650696,1,0
1761,0.19633114337921143,1,0
1762,0.26498550176620483,1,0
1763,0.3303143084049225,1,0
1764,0.12413261830806732,0,0
1765,0.09508204460144043,0,0
1766,0.08723480999469757,0,0
1767,0.0824785977602005,0,0
1768,0.08167000114917755,0,0
1769,0.08088774234056473,0,0
1770,0.08402124792337418,0,0
1771,0.07786818593740463,0,0
1772,0.08304677158594131,0,0
1773,0.07755930721759796,0,0
1774,0.07495979964733124,0,0
1775,0.07884220033884048,0,0
1776,0.07298866659402847,0,0
1777,0.0770924985408783,0,0
1778,0.07704958319664001,0,0
1779,0.07390855252742767,0,0
1780,0.07230174541473389,0,0
1781,0.07281308621168137,0,0
1782,0.07264886051416397,0,0
1783,0.07180391252040863,0,0
1784,0.07025336474180222,0,0
1785,0.07514616847038269,0,0
1786,0.07801902294158936,0,0
1787,0.07492487132549286,0,0
1788,0.08897566795349121,0,0
1789,0.07935627549886703,0,0
1790,0.08309906721115112,0,0
1791,0.08253223448991776,0,0
1792,0.07346299290657043,0,0
1793,0.07374060153961182,0,0
1794,0.07489752769470215,0,0
1795,0.09358853846788406,0,0
1796,0.073392853140831,0,0
1797,0.0753081664443016,0,0
1798,0.08353932201862335,0,0
1799,0.07426600158214569,0,0
1800,0.08202263712882996,0,0
1801,0.07747909426689148,0,0
1802,0.08163827657699585,0,0
1803,0.08061052858829498,0,0
1804,0.07692088931798935,0,0
1805,0.08294467628002167,0,0
1806,0.0804731547832489,0,0
1807,0.08286307752132416,0,0
1808,0.08531498908996582,0,0
1809,0.08162575960159302,0,0
1810,0.08949906378984451,0,0
1811,0.10676746815443039,0,0
1812,0.09422110766172409,0,0
1813,0.10663808137178421,0,0
1814,0.09617463499307632,0,0
1815,0.09610382467508316,0,0
1816,0.10220739990472794,0,0
1817,0.11201371252536774,0,0
1818,0.12363825738430023,0,0
1819,0.12357417494058609,0,0
1820,0.11156144738197327,0,0
1821,0.17212598025798798,1,0
1822,0.11291725933551788,0,0
1823,0.17092767357826233,1,0
1824,0.16560477018356323,1,0
1825,0.14141322672367096,1,1
1826,0.11865490674972534,0,0
1827,0.1062719076871872,0,0
1828,0.10416524112224579,0,0
1829,0.10315696895122528,0,0
1830,0.10107260942459106,0,0
1831,0.10167976468801498,0,0
1832,0.09429657459259033,0,0
1833,0.09324855357408524,0,0
1834,0.09331770986318588,0,0
1835,0.08918029069900513,0,0
1836,0.09253469109535217,0,0
1837,0.09237970411777496,0,0
1838,0.09128153324127197,0,0
1839,0.08809973299503326,0,0
1840,0.08761534094810486,0,0
1841,0.08819078654050827,0,0
1842,0.08602268993854523,0,0
1843,0.08846354484558105,0,0
1844,0.08791124075651169,0,0
1845,0.08678422123193741,0,0
1846,0.08124163001775742,0,0
1847,0.0803178921341896,0,0
1848,0.0823146402835846,0,0
1849,0.0767844170331955,0,0
1850,0.07917710393667221,0,0
1851,0.0803588405251503,0,0
1852,0.07805821299552917,0,0
1853,0.07785382866859436,0,0
1854,0.07894468307495117,0,0
1855,0.07775247097015381,0,0
1856,0.0761680006980896,0,0
1857,0.07465404272079468,0,0
1858,0.07622519135475159,0,0
1859,0.07443170249462128,0,0
1860,0.07502546906471252,0,0
1861,0.07306592166423798,0,0
1862,0.07797843962907791,0,0
1863,0.07526161521673203,0,0
1864,0.07608353346586227,0,0
1865,0.07591283321380615,0,0
1866,0.0766233503818512,0,0
1867,0.07597649097442627,0,0
1868,0.07436889410018921,0,0
1869,0.07542561739683151,0,0
1870,0.07561396062374115,0,0
1871,0.07472226023674011,0,0
1872,0.07631105184555054,0,0
1873,0.07517565786838531,0,0
1874,0.07648953795433044,0,0
1875,0.0756710022687912,0,0
1876,0.07495953142642975,0,0
1877,0.07538630068302155,0,0
1878,0.07472606003284454,0,0
1879,0.07485485076904297,0,0
1880,0.07428102195262909,0,0
1881,0.07460997998714447,0,0
1882,0.07048048079013824,0,0
1883,0.07187380641698837,0,0
1884,0.07089511305093765,0,0
1885,0.07500803470611572,0,0
1886,0.07078271359205246,0,0
1887,0.07476285845041275,0,0
1888,0.07525969296693802,0,0
1889,0.07116010040044785,0,0
1890,0.07143060863018036,0,0
1891,0.0744660496711731,0,0
1892,0.071243055164814,0,0
1893,0.07524009048938751,0,0
1894,0.07239693403244019,0,0
1895,0.07117188721895218,0,0
1896,0.07216234505176544,0,0
1897,0.0708855539560318,0,0
1898,0.07541888952255249,0,0
1899,0.07106485962867737,0,0
1900,0.07268296927213669,0,0
1901,0.07186552882194519,0,0
1902,0.07299482822418213,0,0
1903,0.07099803537130356,0,0
1904,0.07980220019817352,0,0
1905,0.0752306580543518,0,0
1906,0.07495144754648209,0,0
1907,0.07528086751699448,0,0
1908,0.07179948687553406,0,0
1909,0.07663820683956146,0,0
1910,0.07858648896217346,0,0
1911,0.0735744833946228,0,0
1912,0.07456408441066742,0,0
1913,0.07104387134313583,0,0
1914,0.07202593237161636,0,0
1915,0.07776311039924622,0,0
1916,0.08018629252910614,0,0
1917,0.07385951280593872,0,0
1918,0.08149086683988571,0,0
1919,0.08062218874692917,0,0
1920,0.07691218703985214,0,0
1921,0.07699544727802277,0,0
1922,0.07549218088388443,0,0
1923,0.0818663090467453,0,0
1924,0.07741228491067886,0,0
1925,0.08363854140043259,0,0
1926,0.07620595395565033,0,0
1927,0.07707206904888153,0,0
1928,0.08840101212263107,0,0
1929,0.08266693353652954,0,0
1930,0.07641679048538208,0,0
1931,0.08099736273288727,0,0
1932,0.08131198585033417,0,0
1933,0.09834305942058563,0,0
1934,0.09491577744483948,0,0
1935,0.07629653811454773,0,0
1936,0.07718221098184586,0,0
1937,0.0866561084985733,0,0
1938,0.08111788332462311,0,0
1939,0.08199389278888702,0,0
1940,0.09357447177171707,0,0
1941,0.07891205698251724,0,0
1942,0.08177128434181213,0,0
1943,0.08834116160869598,0,0
1944,0.09235543012619019,0,0
1945,0.09084643423557281,0,0
1946,0.08304231613874435,0,0
1947,0.08456513285636902,0,0
1948,0.08432865142822266,0,0
1949,0.08506400883197784,0,0
1950,0.0833023339509964,0,0
1951,0.09010513126850128,0,0
1952,0.08203647285699844,0,0
1953,0.07989910244941711,0,0
1954,0.09527730941772461,0,0
1955,0.11029623448848724,0,0
1956,0.08494161814451218,0,0
1957,0.10698197782039642,0,0
1958,0.08938269317150116,0,0
1959,0.08801615238189697,0,0
1960,0.09803587943315506,0,0
1961,0.09857957065105438,0,0
1962,0.09377933293581009,0,0
1963,0.08307703584432602,0,0
1964,0.10198483616113663,0,0
1965,0.08626857399940491,0,0
1966,0.08907347917556763,0,0
1967,0.08930360525846481,0,0
1968,0.09455031901597977,0,0
1969,0.09856852144002914,0,0
1970,0.08981747925281525,0,0
1971,0.1000976711511612,0,0
1972,0.110022634267807,0,0
1973,0.10316777229309082,0,0
1974,0.09342435002326965,0,0
1975,0.11743062734603882,0,0
1976,0.10912586748600006,0,0
1977,0.13755154609680176,1,0
1978,0.09867124259471893,0,0
1979,0.1151728704571724,0,0
1980,0.14001789689064026,1,0
1981,0.12517333030700684,0,0
1982,0.17106541991233826,1,0
1983,0.12148917466402054,0,0
1984,0.1347525268793106,1,0
1985,0.18577316403388977,1,0
1986,0.17633934319019318,1,1
1987,0.1769530177116394,1,1
1988,0.15508109331130981,1,0
1989,0.12365420907735825,0,0
1990,0.12784793972969055,0,0
1991,0.12422006577253342,0,0
1992,0.12330399453639984,0,0
1993,0.12297627329826355,0,0
1994,0.1240551769733429,0,0
1995,0.11398874223232269,0,0
1996,0.11000511050224304,0,0
1997,0.1084737703204155,0,0
1998,0.10868271440267563,0,0
1999,0.1084878072142601,0,0
2000,0.09885597229003906,0,0
2001,0.10219013690948486,0,0
2002,0.10366824269294739,0,0
2003,0.09972763061523438,0,0
2004,0.10006369650363922,0,0
2005,0.09348376095294952,0,0
2006,0.09787268191576004,0,0
2007,0.08939874172210693,0,0
2008,0.08841831982135773,0,0
2009,0.08646160364151001,0,0
2010,0.0872606635093689,0,0
2011,0.07898198068141937,0,0
2012,0.0814359113574028,0,0
2013,0.07449056208133698,0,0
2014,0.08176720142364502,0,0
2015,0.07903817296028137,0,0
2016,0.07184933125972748,0,0
2017,0.07192383706569672,0,0
2018,0.07496426999568939,0,0
2019,0.07513637095689774,0,0
2020,0.07152500748634338,0,0
2021,0.07090571522712708,0,0
2022,0.07506515085697174,0,0
2023,0.0758194699883461,0,0
2024,0.0703948363661766,0,0
2025,0.07700756192207336,0,0
2026,0.0749996155500412,0,0
2027,0.07144184410572052,0,0
2028,0.07521171867847443,0,0
2029,0.07540618628263474,0,0
2030,0.07644762843847275,0,0
2031,0.07600652426481247,0,0
2032,0.07288174331188202,0,0
2033,0.07721654325723648,0,0
2034,0.08991874754428864,0,0
2035,0.10194075852632523,0,0
2036,0.13416045904159546,1,0
2037,0.1294192373752594,0,0
2038,0.12185926735401154,0,0
2039,0.12305732071399689,0,0
2040,0.1091751903295517,0,0
2041,0.11221583932638168,0,0
2042,0.09611287713050842,0,0
2043,0.09365896880626678,0,0
2044,0.09009485691785812,0,0
2045,0.09224984049797058,0,0
2046,0.08996684849262238,0,0
2047,0.08877740055322647,0,0
2048,0.08698628097772598,0,0
2049,0.0861426442861557,0,0
2050,0.077618807554245,0,0
2051,0.19567455351352692,1,0
2052,0.07667817175388336,0,0
2053,0.07858657091856003,0,0
2054,0.07723681628704071,0,0
2055,0.08329173177480698,0,0
2056,0.07665223628282547,0,0
2057,0.07890511304140091,0,0
2058,0.07273250818252563,0,0
2059,0.0786958709359169,0,0
2060,0.07069884240627289,0,0
2061,0.07651899755001068,0,0
2062,0.07201556116342545,0,0
2063,0.07471480965614319,0,0
2064,0.07072040438652039,0,0
2065,0.07512783259153366,0,0
2066,0.0757051631808281,0,0
2067,0.07509508728981018,0,0
2068,0.07502783089876175,0,0
2069,0.0711088478565216,0,0
2070,0.07501791417598724,0,0
2071,0.07515250891447067,0,0
2072,0.07158944010734558,0,0
2073,0.07568034529685974,0,0
2074,0.08008332550525665,0,0
2075,0.07229644060134888,0,0
2076,0.08248282968997955,0,0
2077,0.07671353965997696,0,0
2078,0.0814361423254013,0,0
2079,0.08132127672433853,0,0
2080,0.08211889863014221,0,0
2081,0.08321116864681244,0,0
2082,0.11641192436218262,0,0
2083,0.12461733818054199,0,0
2084,0.11111851036548615,0,0
2085,0.1269642412662506,0,0
2086,0.09560701251029968,0,0
2087,0.15390834212303162,1,0
2088,0.17661109566688538,1,0
2089,0.11569084227085114,0,0
2090,0.17285054922103882,1,0
2091,0.07619578391313553,0,0
2092,0.0706932470202446,0,0
2093,0.07742540538311005,0,0
2094,0.09336410462856293,0,0
2095,0.08690914511680603,0,0
2096,0.07162167876958847,0,0
2097,0.08411777019500732,0,0
2098,0.07756198942661285,0,0
2099,0.09052915871143341,0,0
2100,0.09736847877502441,0,0
2101,0.07184377312660217,0,0
2102,0.09055833518505096,0,0
2103,0.09218636155128479,0,0
2104,0.07827332615852356,0,0
2105,0.0757676512002945,0,0
2106,0.07471949607133865,0,0
2107,0.125280499458313,0,0
2108,0.19375789165496826,1,1
2109,0.07992804050445557,0,0
2110,0.10989585518836975,0,0
2111,0.08257400989532471,0,0
2112,0.07089195400476456,0,0
2113,0.09784021973609924,0,0
2114,0.18693211674690247,1,1
2115,0.16685596108436584,1,1
2116,0.1161002516746521,0,0
2117,0.09608812630176544,0,0
2118,0.0771864503622055,0,0
2119,0.08030417561531067,0,0
2120,0.08499293029308319,0,0
2121,0.08129890263080597,0,0
2122,0.08337192237377167,0,0
2123,0.11574122309684753,0,0
2124,0.0881146565079689,0,0
2125,0.0782305896282196,0,0
2126,0.07712513208389282,0,0
2127,0.095847949385643,0,0
2128,0.08102718740701675,0,0
2129,0.07224659621715546,0,0
2130,0.07263931632041931,0,0
2131,0.10673151165246964,0,0
2132,0.07519980520009995,0,0
2133,0.07910380512475967,0,0
2134,0.08558555692434311,0,0
2135,0.07150192558765411,0,0
2136,0.07669932395219803,0,0
2137,0.07841028273105621,0,0
2138,0.0793820396065712,0,0
2139,0.10104776918888092,0,0
2140,0.08076509833335876,0,0
2141,0.11132338643074036,0,0
2142,0.08367711305618286,0,0
2143,0.07654654234647751,0,0
2144,0.080179363489151,0,0
2145,0.08911927044391632,0,0
2146,0.0750938206911087,0,0
2147,0.0766029953956604,0,0
2148,0.08651050925254822,0,0
2149,0.12546207010746002,0,0
2150,0.07826375216245651,0,0
2151,0.163611501455307,1,0
2152,0.09392368793487549,0,0
2153,0.1264142245054245,0,0
2154,0.070832259953022,0,0
2155,0.07892748713493347,0,0
2156,0.08466096222400665,0,0
2157,0.13342878222465515,1,0
2158,0.07170186936855316,0,0
2159,0.09711862355470657,0,0
2160,0.1423017382621765,1,0
2161,0.21628156304359436,1,0
2162,0.14824934303760529,1,0
2163,0.07621975988149643,0,0
2164,0.0899348184466362,0,0
2165,0.08201363682746887,0,0
2166,0.09669346362352371,0,0
2167,0.10029874742031097,0,0
2168,0.10739457607269287,0,0
2169,0.17584705352783203,1,1
2170,0.118484728038311,0,0
2171,0.1651105433702469,1,0
2172,0.15639051795005798,1,0
2173,0.07196015119552612,0,0
2174,0.08667794615030289,0,0
2175,0.07343151420354843,0,0
2176,0.08025635033845901,0,1
2177,0.08217323571443558,0,0
2178,0.07991822063922882,0,0
2179,0.08886129409074783,0,0
2180,0.08244574069976807,0,1
2181,0.0706496462225914,0,0
2182,0.07234876602888107,0,0
2183,0.07352880388498306,0,0
2184,0.1130664199590683,0,0
2185,0.07883450388908386,0,0
2186,0.07549507915973663,0,0
2187,0.07293331623077393,0,0
2188,0.07419265061616898,0,0
2189,0.07785592973232269,0,0
2190,0.0728282630443573,0,0
2191,0.09101861715316772,0,0
2192,0.07990743219852448,0,0
2193,0.14829811453819275,1,0
2194,0.08674262464046478,0,0
2195,0.1260789930820465,0,0
2196,0.09938547015190125,0,0
2197,0.08927495777606964,0,0
2198,0.13134317100048065,0,0
2199,0.1243099719285965,0,1
2200,0.0989682599902153,0,0
2201,0.09424594044685364,0,1
2202,0.07155216485261917,0,0
2203,0.08590048551559448,0,0
2204,0.08060614764690399,0,0
2205,0.12133720517158508,0,0
2206,0.11993805319070816,0,0
2207,0.0806814432144165,0,0
2208,0.11946550756692886,0,0
2209,0.08740249276161194,0,1
2210,0.11057832837104797,0,0
2211,0.07673102617263794,0,0
2212,0.0942826196551323,0,0
2213,0.10342428088188171,0,0
2214,0.08478552103042603,0,0
2215,0.07992205023765564,0,0
2216,0.10684788972139359,0,0
2217,0.07519909739494324,0,0
2218,0.07091671228408813,0,0
2219,0.07787910848855972,0,0
2220,0.07557709515094757,0,0
2221,0.07525809854269028,0,0
2222,0.09663380682468414,0,0
2223,0.07913327217102051,0,0
2224,0.07507725805044174,0,0
2225,0.07229195535182953,0,0
2226,0.099968820810318,0,0
2227,0.12858712673187256,0,0
2228,0.07613857835531235,0,0
2229,0.09591445326805115,0,0
2230,0.07103441655635834,0,0
2231,0.0756259486079216,0,0
2232,0.0763804167509079,0,0
2233,0.07589733600616455,0,0
2234,0.07609540969133377,0,0
2235,0.08088836073875427,0,0
2236,0.07908362150192261,0,0
2237,0.07793284952640533,0,0
2238,0.08374505490064621,0,0
2239,0.08102492988109589,0,0
2240,0.08536843955516815,0,0
2241,0.08676980435848236,0,0
2242,0.08128754794597626,0,0
2243,0.07530274987220764,0,0
2244,0.09993499517440796,0,0
2245,0.07529403269290924,0,0
2246,0.09212995320558548,0,0
2247,0.07906974852085114,0,0
2248,0.09741447865962982,0,0
2249,0.07830797880887985,0,0
2250,0.10923830419778824,0,0
2251,0.0815509557723999,0,0
2252,0.08006759732961655,0,0
2253,0.09496742486953735,0,0
2254,0.11667667329311371,0,0
2255,0.07199710607528687,0,0
2256,0.07217945158481598,0,0
2257,0.0717078149318695,0,0
2258,0.08083880692720413,0,0
2259,0.08021518588066101,0,0
2260,0.07220601290464401,0,0
2261,0.07130768895149231,0,0
2262,0.07654356956481934,0,0
2263,0.09084009379148483,0,0
2264,0.07732531428337097,0,0
2265,0.17493292689323425,1,0
2266,0.0885697454214096,0,0
2267,0.08297380805015564,0,0
2268,0.07587813585996628,0,0
2269,0.07138451188802719,0,0
2270,0.08274606615304947,0,0
2271,0.07551639527082443,0,0
2272,0.10808727145195007,0,0
2273,0.09654345363378525,0,0
2274,0.16081847250461578,1,0
2275,0.08763280510902405,0,1
2276,0.08392402529716492,0,0
2277,0.08457064628601074,0,0
2278,0.07103383541107178,0,0
2279,0.07080184668302536,0,0
2280,0.07655835151672363,0,0
2281,0.07624650746583939,0,0
2282,0.07604876160621643,0,0
2283,0.08222830295562744,0,0
2284,0.08926226198673248,0,0
2285,0.0874742865562439,0,0
2286,0.07542575895786285,0,0
2287,0.09244799613952637,0,0
2288,0.10692419856786728,0,0
2289,0.07796765863895416,0,0
2290,0.10539428144693375,0,0
2291,0.07368019223213196,0,0
2292,0.09332539141178131,0,0
2293,0.10556162148714066,0,0
2294,0.07069743424654007,0,0
2295,0.07501063495874405,0,0
2296,0.07513736188411713,0,0
2297,0.07400728017091751,0,0
2298,0.08698974549770355,0,0
2299,0.0766415074467659,0,0
2300,0.07626577466726303,0,0
2301,0.07499029487371445,0,0
2302,0.07384181022644043,0,0
2303,0.07762651145458221,0,0
2304,0.07432571053504944,0,0
2305,0.0749458521604538,0,1
2306,0.0853554904460907,0,0
2307,0.07798641920089722,0,0
2308,0.075703464448452,0,0
2309,0.07334240525960922,0,0
2310,0.08542557060718536,0,0
2311,0.09458879381418228,0,0
2312,0.11407504230737686,0,0
2313,0.0738685205578804,0,0
2314,0.0767277181148529,0,0
2315,0.07092414796352386,0,0
2316,0.07038530707359314,0,0
2317,0.07114088535308838,0,0
2318,0.07690836489200592,0,0
2319,0.07581799477338791,0,0
2320,0.09265448153018951,0,0
2321,0.0738999992609024,0,0
2322,0.0707850307226181,0,0
2323,0.0913800522685051,0,0
2324,0.10222969949245453,0,0
2325,0.09077156335115433,0,0
2326,0.08560559153556824,0,0
2327,0.07230834662914276,0,0
2328,0.07496587932109833,0,0
2329,0.07674050331115723,0,0
2330,0.08675581216812134,0,0
2331,0.07295344024896622,0,0
2332,0.07593158632516861,0,0
2333,0.1077229231595993,0,0
2334,0.2422097772359848,1,1
2335,0.07673940062522888,0,1
2336,0.07757590711116791,0,0
2337,0.07113847136497498,0,0
2338,0.10266320407390594,0,0
2339,0.0930466577410698,0,0
2340,0.07676254957914352,0,0
2341,0.11322034150362015,0,0
2342,0.1355873942375183,1,0
2343,0.17048369348049164,1,0
2344,0.08902854472398758,0,1
2345,0.12715429067611694,0,0
2346,0.07513917237520218,0,0
2347,0.07065537571907043,0,0
2348,0.07060092687606812,0,0
2349,0.08228053152561188,0,0
2350,0.07671375572681427,0,0
2351,0.07255037128925323,0,0
2352,0.0923389121890068,0,0
2353,0.12301794439554214,0,0
2354,0.07817861437797546,0,0
2355,0.0711217150092125,0,0
2356,0.07669895887374878,0,0
2357,0.0722849890589714,0,0
2358,0.09310484677553177,0,1
2359,0.1002994105219841,0,0
2360,0.07559047639369965,0,0
2361,0.07069506496191025,0,0
2362,0.09536788612604141,0,0
2363,0.07450716197490692,0,0
2364,0.07898426800966263,0,0
2365,0.08248966932296753,0,0
2366,0.1440926194190979,1,0
2367,0.09223554283380508,0,0
2368,0.16802865266799927,1,0
2369,0.07568784058094025,0,0
2370,0.08823196589946747,0,0
2371,0.16466625034809113,1,1
2372,0.08953531086444855,0,0
2373,0.07675009965896606,0,0
2374,0.08602914214134216,0,0
2375,0.09981770068407059,0,0
2376,0.08639837056398392,0,0
2377,0.07518545538187027,0,0
2378,0.08993181586265564,0,0
2379,0.1031789481639862,0,0
2380,0.1635032594203949,1,0
2381,0.1729268580675125,1,0
2382,0.07421484589576721,0,0
2383,0.07664123922586441,0,0
2384,0.08503539860248566,0,0
2385,0.08211072534322739,0,0
2386,0.07741707563400269,0,0
2387,0.07847852259874344,0,0
2388,0.07559213042259216,0,0
2389,0.07963676750659943,0,0
2390,0.08319835364818573,0,0
2391,0.09474653005599976,0,0
2392,0.10350711643695831,0,0
2393,0.11722095310688019,0,0
2394,0.08523023128509521,0,0
2395,0.07958915084600449,0,0
2396,0.07872465252876282,0,0
2397,0.09165433049201965,0,0
2398,0.07487484812736511,0,0
2399,0.07514061033725739,0,0
2400,0.08439628779888153,0,0
2401,0.07589784264564514,0,0
2402,0.08273155987262726,0,0
2403,0.11499239504337311,0,0
2404,0.07546049356460571,0,0
2405,0.0881323292851448,0,0
2406,0.07798469066619873,0,0
2407,0.08891534805297852,0,0
2408,0.08464529365301132,0,0
2409,0.08442971855401993,0,0
2410,0.07774315774440765,0,0
2411,0.0775032490491867,0,0
2412,0.1086026206612587,0,0
2413,0.07630863785743713,0,0
2414,0.09182650595903397,0,0
2415,0.08944277465343475,0,0
2416,0.08545365184545517,0,0
2417,0.11234306544065475,0,0
2418,0.08129043877124786,0,0
2419,0.08087663352489471,0,0
2420,0.10028205811977386,0,0
2421,0.07587528228759766,0,0
2422,0.08052550256252289,0,0
2423,0.09163124859333038,0,0
2424,0.12619414925575256,0,0
2425,0.0755418986082077,0,0
2426,0.07491962611675262,0,0
2427,0.1282443404197693,0,0
2428,0.07591184973716736,0,0
2429,0.10170034319162369,0,0
2430,0.07786797732114792,0,0
2431,0.09253837913274765,0,0
2432,0.08225645124912262,0,0
2433,0.10832421481609344,0,0
2434,0.09402024745941162,0,0
2435,0.07863745093345642,0,0
2436,0.07140905410051346,0,1
2437,0.10944968461990356,0,0
2438,0.07575284689664841,0,0
2439,0.1058129072189331,0,0
2440,0.07571834325790405,0,0
2441,0.07076060026884079,0,0
2442,0.07686778903007507,0,0
2443,0.0830765962600708,0,0
2444,0.07459993660449982,0,0
2445,0.07297412306070328,0,0
2446,0.0756017416715622,0,0
2447,0.12684720754623413,0,0
2448,0.10536772757768631,0,0
2449,0.09742126613855362,0,0
2450,0.08414765447378159,0,0
2451,0.10034884512424469,0,0
2452,0.08970409631729126,0,0
2453,0.12184158712625504,0,0
2454,0.12834808230400085,0,0
2455,0.14405247569084167,1,0
2456,0.13831789791584015,1,0
2457,0.13698962330818176,1,0
2458,0.1593710482120514,1,1
2459,0.08018111437559128,0,1
2460,0.07501965016126633,0,0
2461,0.07710777223110199,0,0
2462,0.08213740587234497,0,0
2463,0.07123546302318573,0,0
2464,0.07550664991140366,0,0
2465,0.07138776779174805,0,0
2466,0.08273425698280334,0,0
2467,0.07069762796163559,0,0
2468,0.1005052775144577,0,0
2469,0.07098717987537384,0,0
2470,0.07808087766170502,0,0
2471,0.0747188925743103,0,1
2472,0.10197275876998901,0,0
2473,0.08777390420436859,0,0
2474,0.0825088620185852,0,0
2475,0.07886549830436707,0,0
2476,0.08963736146688461,0,0
2477,0.07242707163095474,0,0
2478,0.08278769254684448,0,0
2479,0.0764881819486618,0,0
2480,0.07596462219953537,0,0
2481,0.09217998385429382,0,0
2482,0.07088001817464828,0,0
2483,0.07651206851005554,0,0
2484,0.07487468421459198,0,0
2485,0.10453526675701141,0,0
2486,0.07684513926506042,0,0
2487,0.09039700031280518,0,0
2488,0.07142188400030136,0,0
2489,0.07352928817272186,0,0
2490,0.08202895522117615,0,0
2491,0.07728655636310577,0,0
2492,0.07914385199546814,0,0
2493,0.09169115126132965,0,0
2494,0.08853203058242798,0,0
2495,0.07549919188022614,0,0
2496,0.07684871554374695,0,0
2497,0.07101655751466751,0,0
2498,0.07164891064167023,0,0
2499,0.07281200587749481,0,0
2500,0.07681715488433838,0,0
2501,0.10694925487041473,0,0
2502,0.12354904413223267,0,0
2503,0.11722120642662048,0,0
2504,0.10515031218528748,0,0
2505,0.10735222697257996,0,0
2506,0.1034591868519783,0,0
2507,0.08455809950828552,0,0
2508,0.09003019332885742,0,0
2509,0.08878244459629059,0,0
2510,0.08982644975185394,0,0
2511,0.08818528801202774,0,0
2512,0.07575221359729767,0,0
2513,0.07840922474861145,0,0
2514,0.07841219007968903,0,0
2515,0.07834047079086304,0,0
2516,0.07896191626787186,0,0
2517,0.07360424846410751,0,0
2518,0.07066185027360916,0,0
2519,0.0764811560511589,0,0
2520,0.07181867212057114,0,0
2521,0.07055848836898804,0,0
2522,0.07086355984210968,0,0
2523,0.07674106955528259,0,0
2524,0.07706988602876663,0,0
2525,0.0744328498840332,0,0
2526,0.08032652735710144,0,0
2527,0.07820630073547363,0,0
2528,0.08530972898006439,0,0
2529,0.08904250711202621,0,0
2530,0.08227516710758209,0,0
2531,0.07913388311862946,0,0
2532,0.08906813710927963,0,0
2533,0.08795776963233948,0,0
2534,0.11250299960374832,0,0
2535,0.09751906245946884,0,0
2536,0.11036587506532669,0,0
2537,0.11399352550506592,0,0
2538,0.11735271662473679,0,0
2539,0.12636959552764893,0,0
2540,0.117391437292099,0,0
2541,0.12113448977470398,0,0
2542,0.15080593526363373,1,0
2543,0.11260475218296051,0,0
2544,0.16761645674705505,1,0
2545,0.15608400106430054,1,1
2546,0.14624157547950745,1,1
2547,0.14305467903614044,1,0
2548,0.12949402630329132,0,1
2549,0.12501393258571625,0,0
2550,0.1212066262960434,0,0
2551,0.11983615905046463,0,0
2552,0.11553212255239487,0,0
2553,0.11385247111320496,0,0
2554,0.10616834461688995,0,0
2555,0.09801739454269409,0,0
2556,0.09865225851535797,0,0
2557,0.09492285549640656,0,0
2558,0.09217453002929688,0,0
2559,0.08944723755121231,0,0
2560,0.0853874683380127,0,0
2561,0.08075852692127228,0,0
2562,0.0855162963271141,0,0
2563,0.081190325319767,0,0
2564,0.08209938555955887,0,0
2565,0.0816241130232811,0,0
2566,0.08235611021518707,0,0
2567,0.08248919248580933,0,0
2568,0.0833861455321312,0,0
2569,0.08294466137886047,0,0
2570,0.08120211958885193,0,0
2571,0.07783268392086029,0,0
2572,0.07830294966697693,0,0
2573,0.08119227737188339,0,0
2574,0.07593458145856857,0,0
2575,0.0724986270070076,0,0
2576,0.07972677797079086,0,0
2577,0.07620269060134888,0,0
2578,0.07180357724428177,0,0
2579,0.07044324278831482,0,0
2580,0.07058509439229965,0,0
2581,0.07618555426597595,0,0
2582,0.07093344628810883,0,0
2583,0.07557359337806702,0,0
2584,0.0704631358385086,0,0
2585,0.07718197256326675,0,0
2586,0.07602570950984955,0,0
2587,0.07688616216182709,0,0
2588,0.07525110989809036,0,0
2589,0.07177293300628662,0,0
2590,0.07564514875411987,0,0
2591,0.07646040618419647,0,0
2592,0.07469528913497925,0,0
2593,0.08245206624269485,0,0
2594,0.07894305139780045,0,0
2595,0.07938641309738159,0,0
2596,0.07707609236240387,0,0
2597,0.08390526473522186,0,0
2598,0.07802928239107132,0,0
2599,0.07855981588363647,0,0
2600,0.08244223147630692,0,0
2601,0.08999551087617874,0,0
2602,0.08009304106235504,0,0
2603,0.08947618305683136,0,0
2604,0.08501462638378143,0,0
2605,0.08785363286733627,0,0
2606,0.08518330752849579,0,0
2607,0.08235763758420944,0,0
2608,0.08269570767879486,0,0
2609,0.09652367234230042,0,0
2610,0.08432193845510483,0,0
2611,0.08321962505578995,0,0
2612,0.09832674264907837,0,0
2613,0.09036795049905777,0,0
2614,0.08463741093873978,0,0
2615,0.09689676016569138,0,0
2616,0.09709383547306061,0,0
2617,0.11080826818943024,0,0
2618,0.1395413875579834,1,0
2619,0.11619400233030319,0,0
2620,0.13322806358337402,1,0
2621,0.11672879755496979,0,0
2622,0.13208366930484772,0,0
2623,0.20368412137031555,1,0
2624,0.21375024318695068,1,0
2625,0.1993144452571869,1,0
2626,0.15060614049434662,1,1
2627,0.12273968011140823,0,0
2628,0.1236848384141922,0,0
2629,0.11086322367191315,0,0
2630,0.10005904734134674,0,0
2631,0.09904059022665024,0,0
2632,0.08852481842041016,0,0
2633,0.08841095864772797,0,0
2634,0.08730683475732803,0,0
2635,0.08833933621644974,0,0
2636,0.08523650467395782,0,0
2637,0.08517855405807495,0,0
2638,0.08564941585063934,0,0
2639,0.07927513867616653,0,0
2640,0.08204226195812225,0,0
2641,0.08676505088806152,0,0
2642,0.07872044295072556,0,0
2643,0.07769228518009186,0,0
2644,0.07810380309820175,0,0
2645,0.07428246736526489,0,0
2646,0.07835228741168976,0,0
2647,0.07629868388175964,0,0
2648,0.07317318022251129,0,0
2649,0.07104042917490005,0,0
2650,0.07708637416362762,0,0
2651,0.07595548033714294,0,0
2652,0.07627643644809723,0,0
2653,0.07545684278011322,0,0
2654,0.07527531683444977,0,0
2655,0.07038265466690063,0,0
2656,0.07099519670009613,0,0
2657,0.07549380511045456,0,0
2658,0.07513118535280228,0,0
2659,0.07569807022809982,0,0
2660,0.07507050037384033,0,0
2661,0.07059928774833679,0,0
2662,0.07656311243772507,0,0
2663,0.07349507510662079,0,0
2664,0.07524862885475159,0,0
2665,0.07687363028526306,0,0
2666,0.07130379229784012,0,0
2667,0.07671640813350677,0,0
2668,0.07605843245983124,0,0
2669,0.07201635092496872,0,0
2670,0.07344138622283936,0,0
2671,0.07866731286048889,0,0
2672,0.0792241021990776,0,0
2673,0.07613252848386765,0,0
2674,0.0723753422498703,0,0
2675,0.14400872588157654,1,0
2676,0.08136152476072311,0,0
2677,0.08125436305999756,0,0
2678,0.079998679459095,0,0
2679,0.08114279061555862,0,0
2680,0.0785207748413086,0,0
2681,0.07779326289892197,0,0
2682,0.07691486924886703,0,0
2683,0.08933109045028687,0,0
2684,0.08332683145999908,0,0
2685,0.07708331942558289,0,0
2686,0.08537577837705612,0,0
2687,0.0877290889620781,0,0
2688,0.07579189538955688,0,0
2689,0.08448974788188934,0,0
2690,0.081144317984581,0,0
2691,0.0939209908246994,0,0
2692,0.08365848660469055,0,0
2693,0.08707503229379654,0,0
2694,0.09321622550487518,0,0
2695,0.09138164669275284,0,0
2696,0.08414493501186371,0,0
2697,0.0936640128493309,0,0
2698,0.09420175850391388,0,0
2699,0.0880444124341011,0,0
2700,0.11626727879047394,0,0
2701,0.11113452166318893,0,0
2702,0.09722825884819031,0,0
2703,0.10269380360841751,0,0
2704,0.12424802780151367,0,0
2705,0.10525776445865631,0,0
2706,0.12793324887752533,0,0
2707,0.13034239411354065,0,0
2708,0.14187055826187134,1,0
2709,0.1741918921470642,1,0
2710,0.1945222020149231,1,0
2711,0.16367414593696594,1,1
2712,0.15630096197128296,1,1
2713,0.14068877696990967,1,1
2714,0.12298940122127533,0,0
2715,0.10895596444606781,0,0
2716,0.10716542601585388,0,0
2717,0.10610102862119675,0,0
2718,0.10489369183778763,0,0
2719,0.10547271370887756,0,0
2720,0.10155125707387924,0,0
2721,0.09427373111248016,0,0
2722,0.09952303767204285,0,0
2723,0.09147302061319351,0,0
2724,0.09797926247119904,0,0
2725,0.09192606806755066,0,0
2726,0.09108348190784454,0,0
2727,0.09369770437479019,0,0
2728,0.08336189389228821,0,0
2729,0.09387525916099548,0,0
2730,0.09342780709266663,0,0
2731,0.0916394293308258,0,0
2732,0.08947380632162094,0,0
2733,0.08797192573547363,0,0
2734,0.08976240456104279,0,0
2735,0.08709220588207245,0,0
2736,0.08628874272108078,0,0
2737,0.08324980735778809,0,0
2738,0.08048872649669647,0,0
2739,0.08686098456382751,0,0
2740,0.08263394236564636,0,0
2741,0.08232380449771881,0,0
2742,0.08380967378616333,0,0
2743,0.08016031980514526,0,0
2744,0.07343184947967529,0,0
2745,0.07809440046548843,0,0
2746,0.07962913811206818,0,0
2747,0.07762979716062546,0,0
2748,0.07694881409406662,0,0
2749,0.0776878073811531,0,0
2750,0.07507149875164032,0,0
2751,0.07806281745433807,0,0
2752,0.07079799473285675,0,0
2753,0.07795156538486481,0,0
2754,0.07609859108924866,0,0
2755,0.07513730227947235,0,0
2756,0.07499875128269196,0,0
2757,0.07609052211046219,0,0
2758,0.07030932605266571,0,0
2759,0.07620436698198318,0,0
2760,0.07440251111984253,0,0
2761,0.07440812885761261,0,0
2762,0.0753435268998146,0,0
2763,0.07488201558589935,0,0
2764,0.0758269652724266,0,0
2765,0.07473476976156235,0,0
2766,0.08006764948368073,0,0
2767,0.07463675737380981,0,0
2768,0.07542338222265244,0,0
2769,0.07460135221481323,0,0
2770,0.07764574140310287,0,0
2771,0.0761943906545639,0,0
2772,0.07797710597515106,0,0
2773,0.07739025354385376,0,0
2774,0.07536360621452332,0,0
2775,0.07555113732814789,0,0
2776,0.07206560671329498,0,0
2777,0.07525598257780075,0,0
2778,0.07623167335987091,0,0
2779,0.07250343263149261,0,0
2780,0.07334853708744049,0,0
2781,0.07436378300189972,0,0
2782,0.07665040343999863,0,0
2783,0.08003303408622742,0,0
2784,0.07189104706048965,0,0
2785,0.0838056355714798,0,0
2786,0.08487092703580856,0,0
2787,0.07666321098804474,0,0
2788,0.0787619948387146,0,0
2789,0.08272962272167206,0,0
2790,0.09579695016145706,0,0
2791,0.07827213406562805,0,0
2792,0.08244539797306061,0,0
2793,0.08230917155742645,0,0
2794,0.08034402132034302,0,0
2795,0.07774669677019119,0,0
2796,0.088982954621315,0,0
2797,0.08141303062438965,0,0
2798,0.07816145569086075,0,0
2799,0.08092409372329712,0,0
2800,0.09033341705799103,0,0
2801,0.07995796203613281,0,0
2802,0.08921447396278381,0,0
2803,0.09323979914188385,0,0
2804,0.09733225405216217,0,0
2805,0.10090121626853943,0,0
2806,0.1220049187541008,0,0
2807,0.12111399322748184,0,0
2808,0.1330324113368988,0,0
2809,0.11162897944450378,0,0
2810,0.18749791383743286,1,0
2811,0.22336769104003906,1,0
2812,0.14422084391117096,1,0
2813,0.13445399701595306,1,1
2814,0.1289774477481842,0,1
2815,0.11107376962900162,0,0
2816,0.11009325087070465,0,0
2817,0.11178382486104965,0,0
2818,0.10133926570415497,0,0
2819,0.1024123802781105,0,0
2820,0.09747321158647537,0,0
2821,0.0961521789431572,0,0
2822,0.08605742454528809,0,0
2823,0.08232990652322769,0,0
2824,0.0799918845295906,0,0
2825,0.07727569341659546,0,0
2826,0.07357437908649445,0,0
2827,0.07781760394573212,0,0
2828,0.07140877842903137,0,0
2829,0.0748317688703537,0,0
2830,0.07544249296188354,0,0
2831,0.07051539421081543,0,0
2832,0.07481373101472855,0,0
2833,0.07493210583925247,0,0
2834,0.07522694021463394,0,0
2835,0.07067382335662842,0,0
2836,0.0726606696844101,0,0
2837,0.07657099515199661,0,0
2838,0.07785138487815857,0,0
2839,0.07732351124286652,0,0
2840,0.0756586417555809,0,0
2841,0.07347539067268372,0,0
2842,0.07670541852712631,0,0
2843,0.07589658349752426,0,0
2844,0.07842668145895004,0,0
2845,0.08230412751436234,0,0
2846,0.0849987119436264,0,0
2847,0.07831329107284546,0,0
2848,0.08656012266874313,0,0
2849,0.08108075708150864,0,0
2850,0.08241686224937439,0,0
2851,0.09165059030056,0,0
2852,0.08640757948160172,0,0
2853,0.08550016582012177,0,0
2854,0.11067451536655426,0,0
2855,0.09447497129440308,0,0
2856,0.10577630251646042,0,0
2857,0.11019525676965714,0,0
2858,0.1163279339671135,0,0
2859,0.13208289444446564,0,0
2860,0.1099349781870842,0,0
2861,0.11924736201763153,0,0
2862,0.19700905680656433,1,0
2863,0.20843461155891418,1,0
2864,0.11659866571426392,0,0
2865,0.11502834409475327,0,1
2866,0.11619055271148682,0,0
2867,0.11055734008550644,0,0
2868,0.10590632259845734,0,0
2869,0.1014871895313263,0,0
2870,0.1026473343372345,0,0
2871,0.09995298087596893,0,0
2872,0.09108994901180267,0,0
2873,0.09417712688446045,0,0
2874,0.0864802896976471,0,0
2875,0.0897340476512909,0,0
2876,0.08866998553276062,0,0
2877,0.08177347481250763,0,0
2878,0.0835225060582161,0,0
2879,0.07720575481653214,0,0
2880,0.07935252040624619,0,0
2881,0.07655782997608185,0,0
2882,0.07792233675718307,0,0
2883,0.07813724875450134,0,0
2884,0.07569574564695358,0,0
2885,0.07647440582513809,0,0
2886,0.07504728436470032,0,0
2887,0.07603627443313599,0,0
2888,0.07593528926372528,0,0
2889,0.07643073052167892,0,0
2890,0.07195565104484558,0,0
2891,0.07608484476804733,0,0
2892,0.07023614645004272,0,0
2893,0.07542205601930618,0,0
2894,0.07431939989328384,0,0
2895,0.07548420131206512,0,0
2896,0.07431738823652267,0,0
2897,0.07425088435411453,0,0
2898,0.07440328598022461,0,0
2899,0.07473234087228775,0,0
2900,0.07492728531360626,0,0
2901,0.07453485578298569,0,0
2902,0.0742989256978035,0,0
2903,0.0756801962852478,0,0
2904,0.07646507024765015,0,0
2905,0.07253746688365936,0,0
2906,0.07198416441679001,0,0
2907,0.07411237806081772,0,0
2908,0.07747513800859451,0,0
2909,0.07644397765398026,0,0
2910,0.07189920544624329,0,0
2911,0.07571898400783539,0,0
2912,0.07506321370601654,0,0
2913,0.07879285514354706,0,0
2914,0.07547707855701447,0,0
2915,0.07710836827754974,0,0
2916,0.08286520838737488,0,0
2917,0.07695719599723816,0,0
2918,0.07597614824771881,0,0
2919,0.08041000366210938,0,0
2920,0.0854620635509491,0,0
2921,0.07742086797952652,0,0
2922,0.07498463988304138,0,0
2923,0.08274762332439423,0,0
2924,0.08073903620243073,0,0
2925,0.07784154266119003,0,0
2926,0.07753047347068787,0,0
2927,0.08890150487422943,0,0
2928,0.07593323290348053,0,0
2929,0.08266091346740723,0,0
2930,0.08394670486450195,0,0
2931,0.08393734693527222,0,0
2932,0.07351675629615784,0,0
2933,0.08552251756191254,0,0
2934,0.07858153432607651,0,0
2935,0.08763793110847473,0,0
2936,0.0821036770939827,0,0
2937,0.08357840776443481,0,0
2938,0.08564825356006622,0,0
2939,0.07920432835817337,0,0
2940,0.07467889040708542,0,0
2941,0.08774241805076599,0,0
2942,0.08600874245166779,0,0
2943,0.08511212468147278,0,0
2944,0.083487868309021,0,0
2945,0.09313398599624634,0,0
2946,0.08670847862958908,0,0
2947,0.08102178573608398,0,0
2948,0.09098338335752487,0,0
2949,0.08373396098613739,0,0
2950,0.08746016770601273,0,0
2951,0.09813641011714935,0,0
2952,0.08461222052574158,0,0
2953,0.08879473805427551,0,0
2954,0.1021125540137291,0,0
2955,0.11701375246047974,0,0
2956,0.11724692583084106,0,0
2957,0.10486149042844772,0,0
2958,0.10239402949810028,0,0
2959,0.09374883770942688,0,0
2960,0.1122850850224495,0,0
2961,0.09532877057790756,0,0
2962,0.09140334278345108,0,0
2963,0.10448490083217621,0,0
2964,0.09556593745946884,0,0
2965,0.09536914527416229,0,0
2966,0.09827660024166107,0,0
2967,0.08733225613832474,0,0
2968,0.09559047222137451,0,0
2969,0.10503102838993073,0,0
2970,0.14334553480148315,1,0
2971,0.13525280356407166,1,0
2972,0.17460104823112488,1,0
2973,0.17990610003471375,1,0
2974,0.14549070596694946,1,0
2975,0.10714226961135864,0,0
2976,0.08336946368217468,0,0
2977,0.08495502918958664,0,0
2978,0.07381340861320496,0,0
2979,0.07300693541765213,0,0
2980,0.07770273089408875,0,0
2981,0.07703322917222977,0,0
2982,0.08408915251493454,0,0
2983,0.07536567747592926,0,0
2984,0.08266255259513855,0,0
2985,0.07440114766359329,0,0
2986,0.08069220185279846,0,0
2987,0.08658090233802795,0,0
2988,0.07115102559328079,0,0
2989,0.07212921231985092,0,0
2990,0.07756397873163223,0,0
2991,0.07603731006383896,0,0
2992,0.07633715122938156,0,0
2993,0.10092015564441681,0,0
2994,0.07619132101535797,0,0
2995,0.08331480622291565,0,0
2996,0.08408711850643158,0,0
2997,0.08212314546108246,0,0
2998,0.08791570365428925,0,0
2999,0.09550956636667252,0,0
3000,0.07635123282670975,0,0
3001,0.08594278991222382,0,0
3002,0.09694039821624756,0,0
3003,0.09174886345863342,0,0
3004,0.09943562746047974,0,0
3005,0.12604974210262299,0,0
3006,0.11279726028442383,0,0
3007,0.20410822331905365,1,0
3008,0.19639743864536285,1,0
3009,0.13606512546539307,1,1
3010,0.10249001532793045,0,0
3011,0.09869150817394257,0,0
3012,0.09477843344211578,0,0
3013,0.09961399435997009,0,0
3014,0.0957232266664505,0,0
3015,0.09068473428487778,0,0
3016,0.08796508610248566,0,0
3017,0.08840851485729218,0,0
3018,0.0863410234451294,0,0
3019,0.08592452853918076,0,0
3020,0.08440041542053223,0,0
3021,0.08486606925725937,0,0
3022,0.08296768367290497,0,0
3023,0.07881678640842438,0,0
3024,0.08039563149213791,0,0
3025,0.08243797719478607,0,0
3026,0.07865060865879059,0,0
3027,0.07696544378995895,0,0
3028,0.07646674662828445,0,0
3029,0.07472558319568634,0,0
3030,0.07553961873054504,0,0
3031,0.07570487260818481,0,0
3032,0.07447265833616257,0,0
3033,0.07125601917505264,0,0
3034,0.07392668724060059,0,0
3035,0.07459042966365814,0,0
3036,0.07449638098478317,0,0
3037,0.07120300084352493,0,0
3038,0.07464291900396347,0,0
3039,0.07198794186115265,0,0
3040,0.07624588906764984,0,0
3041,0.07263867557048798,0,0
3042,0.07481221109628677,0,0
3043,0.0710672065615654,0,0
3044,0.07540272176265717,0,0
3045,0.07564251124858856,0,0
3046,0.07656015455722809,0,0
3047,0.07290860265493393,0,0
3048,0.07759154587984085,0,0
3049,0.0724315419793129,0,0
3050,0.0810164362192154,0,0
3051,0.07301265001296997,0,0
3052,0.07702106982469559,0,0
3053,0.07649143785238266,0,0
3054,0.07165145128965378,0,0
3055,0.08273958414793015,0,0
3056,0.07586896419525146,0,0
3057,0.07785205543041229,0,0
3058,0.07763592898845673,0,0
3059,0.08595684915781021,0,0
3060,0.08245605230331421,0,0
3061,0.08787404000759125,0,0
3062,0.08821162581443787,0,0
3063,0.08515502512454987,0,0
3064,0.08084684610366821,0,0
3065,0.08395972847938538,0,0
3066,0.08577302098274231,0,0
3067,0.09870052337646484,0,0
3068,0.08751870691776276,0,0
3069,0.0942017063498497,0,0
3070,0.08650973439216614,0,0
3071,0.08975616097450256,0,0
3072,0.10578157752752304,0,0
3073,0.09239774942398071,0,0
3074,0.09257879853248596,0,0
3075,0.10614127665758133,0,0
3076,0.1216966062784195,0,0
3077,0.10255983471870422,0,0
3078,0.11172868311405182,0,0
3079,0.12518210709095,0,0
3080,0.1253262460231781,0,0
3081,0.13694541156291962,1,0
3082,0.1781570315361023,1,0
3083,0.14731407165527344,1,1
3084,0.1458565890789032,1,0
3085,0.1349063515663147,1,0
3086,0.099702849984169,0,0
3087,0.09043560177087784,0,0
3088,0.09236722439527512,0,0
3089,0.07787797600030899,0,0
3090,0.07583746314048767,0,0
3091,0.07533220946788788,0,0
3092,0.07229611277580261,0,0
3093,0.07506026327610016,0,0
3094,0.07144756615161896,0,0
3095,0.07163002341985703,0,0
3096,0.07716579735279083,0,0
3097,0.07249251753091812,0,0
3098,0.07609030604362488,0,0
3099,0.07403235137462616,0,0
3100,0.07309329509735107,0,0
3101,0.07220920920372009,0,0
3102,0.07986916601657867,0,0
3103,0.090081125497818,0,0
3104,0.10006323456764221,0,0
3105,0.12265554070472717,0,0
3106,0.11948622018098831,0,0
3107,0.09754259139299393,0,0
3108,0.09971776604652405,0,0
3109,0.09859372675418854,0,0
3110,0.0926034152507782,0,0
3111,0.088752381503582,0,0
3112,0.09032472968101501,0,0
3113,0.08623692393302917,0,0
3114,0.08593940734863281,0,0
3115,0.0818813145160675,0,0
3116,0.07250972837209702,0,0
3117,0.08294101059436798,0,0
3118,0.07047969847917557,0,0
3119,0.07529464364051819,0,0
3120,0.07545378804206848,0,0
3121,0.076130211353302,0,0
3122,0.07085337489843369,0,0
3123,0.07126246392726898,0,0
3124,0.07540950924158096,0,0
3125,0.07721150666475296,0,0
3126,0.080669105052948,0,0
3127,0.0846341922879219,0,0
3128,0.08394953608512878,0,0
3129,0.08252349495887756,0,0
3130,0.08488058298826218,0,0
3131,0.10061082988977432,0,0
3132,0.10680042207241058,0,0
3133,0.07857571542263031,0,0
3134,0.07513919472694397,0,0
3135,0.07609637081623077,0,0
3136,0.07052537798881531,0,0
3137,0.07711116969585419,0,0
3138,0.07100417464971542,0,0
3139,0.10719620436429977,0,0
3140,0.077480748295784,0,1
3141,0.16445443034172058,1,0
3142,0.1493401825428009,1,0
3143,0.15865890681743622,1,1
3144,0.09053505957126617,0,0
3145,0.07140135765075684,0,0
3146,0.07500120252370834,0,0
3147,0.08946508914232254,0,0
3148,0.1508171111345291,1,0
3149,0.15215367078781128,1,1
3150,0.09640723466873169,0,0
3151,0.13616369664669037,1,1
3152,0.07980069518089294,0,0
3153,0.08120056986808777,0,0
3154,0.07296775281429291,0,0
3155,0.07158681750297546,0,0
3156,0.0712871253490448,0,0
3157,0.08614973723888397,0,0
3158,0.0708923488855362,0,0
3159,0.10806723684072495,0,0
3160,0.12753592431545258,0,0
3161,0.11375419795513153,0,0
3162,0.08006881177425385,0,0
3163,0.07539376616477966,0,0
3164,0.08583227545022964,0,0
3165,0.07544371485710144,0,0
3166,0.1035531684756279,0,0
3167,0.07741351425647736,0,0
3168,0.07698149979114532,0,0
3169,0.07435287535190582,0,0
3170,0.07699239253997803,0,0
3171,0.07073850184679031,0,0
3172,0.07740804553031921,0,0
3173,0.09824009239673615,0,0
3174,0.08019131422042847,0,0
3175,0.07585447281599045,0,0
3176,0.07806096971035004,0,0
3177,0.07590450346469879,0,0
3178,0.09244195371866226,0,0
3179,0.12983077764511108,0,0
3180,0.0968998447060585,0,0
3181,0.07463020086288452,0,0
3182,0.08974990248680115,0,0
3183,0.07145325839519501,0,0
3184,0.12658067047595978,0,0
3185,0.07614998519420624,0,0
3186,0.08046551048755646,0,0
3187,0.07638482749462128,0,0
3188,0.17729753255844116,1,0
3189,0.07090266048908234,0,0
3190,0.16052734851837158,1,0
3191,0.09190983325242996,0,0
3192,0.07536211609840393,0,0
3193,0.07266100496053696,0,1
3194,0.07929830253124237,0,0
3195,0.0786118283867836,0,0
3196,0.1116023063659668,0,0
3197,0.11407037079334259,0,0
3198,0.07761126756668091,0,0
3199,0.07766833156347275,0,0
3200,0.0757259875535965,0,0
3201,0.09590870141983032,0,0
3202,0.09803535044193268,0,0
3203,0.09105345606803894,0,0
3204,0.09998705983161926,0,0
3205,0.10136432945728302,0,0
3206,0.12077996879816055,0,0
3207,0.07844036817550659,0,0
3208,0.11062519252300262,0,0
3209,0.08621716499328613,0,0
3210,0.07234431803226471,0,0
3211,0.08209636807441711,0,0
3212,0.08240784704685211,0,0
3213,0.07581665366888046,0,0
3214,0.08158765733242035,0,0
3215,0.08814775198698044,0,0
3216,0.09724093973636627,0,0
3217,0.08175936341285706,0,0
3218,0.08920444548130035,0,0
3219,0.09471854567527771,0,0
3220,0.07219967991113663,0,0
3221,0.09087017178535461,0,0
3222,0.0738154873251915,0,0
3223,0.07105883210897446,0,0
3224,0.09196416288614273,0,0
3225,0.08488715440034866,0,0
3226,0.08626347035169601,0,0
3227,0.08015332370996475,0,0
3228,0.0859280526638031,0,0
3229,0.0921134278178215,0,0
3230,0.07232630997896194,0,0
3231,0.08328401297330856,0,0
3232,0.0715782642364502,0,0
3233,0.0886487290263176,0,0
3234,0.08581061661243439,0,0
3235,0.09464260190725327,0,0
3236,0.10043155401945114,0,0
3237,0.08091629296541214,0,0
3238,0.09851749241352081,0,0
3239,0.11077520996332169,0,0
3240,0.07084821909666061,0,0
3241,0.10107609629631042,0,0
3242,0.08994145691394806,0,0
3243,0.08721304684877396,0,0
3244,0.13833610713481903,1,0
3245,0.1117561087012291,0,0
3246,0.07141807675361633,0,0
3247,0.08697965741157532,0,0
3248,0.07698884606361389,0,0
3249,0.10905349254608154,0,0
3250,0.08244813978672028,0,0
3251,0.07871942967176437,0,0
3252,0.07244045287370682,0,0
3253,0.0855814665555954,0,0
3254,0.08399549126625061,0,0
3255,0.11513462662696838,0,0
3256,0.07696512341499329,0,0
3257,0.07174009084701538,0,0
3258,0.07590724527835846,0,0
3259,0.09016730636358261,0,0
3260,0.07581319659948349,0,0
3261,0.0927782952785492,0,0
3262,0.08446373790502548,0,0
3263,0.07172022759914398,0,0
3264,0.08830440044403076,0,0
3265,0.0741906613111496,0,0
3266,0.0760263204574585,0,0
3267,0.08514837920665741,0,0
3268,0.08460743725299835,0,0
3269,0.07908260822296143,0,0
3270,0.07776295393705368,0,0
3271,0.07097779214382172,0,0
3272,0.0774993896484375,0,0
3273,0.07944577932357788,0,0
3274,0.07609453797340393,0,0
3275,0.0787326917052269,0,0
3276,0.07598334550857544,0,0
3277,0.07857097685337067,0,0
3278,0.0710756778717041,0,0
3279,0.10661503672599792,0,0
3280,0.11196368932723999,0,1
3281,0.07097602635622025,0,0
3282,0.0794425755739212,0,0
3283,0.07792818546295166,0,0
3284,0.0710529237985611,0,0
3285,0.10757263004779816,0,0
3286,0.08371149003505707,0,0
3287,0.07136229425668716,0,0
3288,0.07888579368591309,0,0
3289,0.0706176683306694,0,0
3290,0.0766991674900055,0,0
3291,0.07065106928348541,0,0
3292,0.07718244194984436,0,0
3293,0.07659854739904404,0,0
3294,0.08701664209365845,0,0
3295,0.07185496389865875,0,0
3296,0.08017285913228989,0,0
3297,0.08517333120107651,0,0
3298,0.08496442437171936,0,0
3299,0.08016204833984375,0,0
3300,0.08498992770910263,0,0
3301,0.1297810673713684,0,0
3302,0.11992180347442627,0,0
3303,0.0762980654835701,0,0
3304,0.07513956725597382,0,0
3305,0.0784870982170105,0,0
3306,0.09453118592500687,0,0
3307,0.08428386598825455,0,0
3308,0.12373590469360352,0,0
3309,0.07957351207733154,0,0
3310,0.08319801837205887,0,0
3311,0.07915883511304855,0,0
3312,0.07623183727264404,0,0
3313,0.08785911649465561,0,0
3314,0.08254800736904144,0,0
3315,0.10091983526945114,0,0
3316,0.0790543183684349,0,0
3317,0.12723080813884735,0,0
3318,0.16809368133544922,1,1
3319,0.10948251187801361,0,0
3320,0.07494925707578659,0,0
3321,0.07757093757390976,0,0
3322,0.07789713144302368,0,0
3323,0.09209313988685608,0,0
3324,0.09746038168668747,0,0
3325,0.1029151976108551,0,0
3326,0.07450926303863525,0,0
3327,0.09178242087364197,0,0
3328,0.07863776385784149,0,0
3329,0.0753810852766037,0,0
3330,0.09375251829624176,0,0
3331,0.07747706025838852,0,0
3332,0.08213020861148834,0,0
3333,0.08189185708761215,0,0
3334,0.09633342921733856,0,0
3335,0.08692872524261475,0,0
3336,0.08304230868816376,0,0
3337,0.11170771718025208,0,0
3338,0.11816389113664627,0,0
3339,0.07728467881679535,0,0
3340,0.0752369686961174,0,0
3341,0.07760073244571686,0,0
3342,0.0841033011674881,0,0
3343,0.08584573864936829,0,0
3344,0.07860630750656128,0,0
3345,0.07722422480583191,0,0
3346,0.08023776113986969,0,0
3347,0.08731900155544281,0,0
3348,0.07573520392179489,0,0
3349,0.08035683631896973,0,0
3350,0.08444352447986603,0,0
3351,0.07725031673908234,0,0
3352,0.07481060922145844,0,0
3353,0.08004100620746613,0,0
3354,0.0826793909072876,0,0
3355,0.08515439182519913,0,0
3356,0.09275878220796585,0,0
3357,0.09790756553411484,0,0
3358,0.11898128688335419,0,0
3359,0.07782736420631409,0,1
3360,0.07872291654348373,0,0
3361,0.08759865164756775,0,0
3362,0.08851279318332672,0,0
3363,0.07456719130277634,0,0
3364,0.10582582652568817,0,0
3365,0.08758488297462463,0,0
3366,0.12193340063095093,0,0
3367,0.07974392175674438,0,0
3368,0.08091412484645844,0,0
3369,0.08251816034317017,0,0
3370,0.07856988906860352,0,0
3371,0.10720516741275787,0,0
3372,0.08225991576910019,0,0
3373,0.07103782892227173,0,0
3374,0.07803352177143097,0,0
3375,0.08138470351696014,0,0
3376,0.11488927900791168,0,0
3377,0.1342441439628601,1,0
3378,0.10482745617628098,0,0
3379,0.12256944179534912,0,0
3380,0.16569943726062775,1,0
3381,0.07364590466022491,0,0
3382,0.07165325433015823,0,0
3383,0.07120613008737564,0,0
3384,0.11708135902881622,0,0
3385,0.0810718834400177,0,0
3386,0.07197816669940948,0,0
3387,0.07108090817928314,0,0
3388,0.12240332365036011,0,0
3389,0.07921579480171204,0,0
3390,0.07510165125131607,0,0
3391,0.07117968797683716,0,0
3392,0.09266611933708191,0,0
3393,0.07256041467189789,0,0
3394,0.07617266476154327,0,0
3395,0.08122696727514267,0,0
3396,0.09023866802453995,0,0
3397,0.07869836688041687,0,0
3398,0.0961972028017044,0,0
3399,0.08274831622838974,0,0
3400,0.07085908949375153,0,0
3401,0.07225900143384933,0,0
3402,0.07586554437875748,0,0
3403,0.10235017538070679,0,0
3404,0.095291368663311,0,0
3405,0.10800237953662872,0,0
3406,0.10317913442850113,0,0
3407,0.10461275279521942,0,0
3408,0.09288901090621948,0,0
3409,0.09195523709058762,0,0
3410,0.08893910050392151,0,0
3411,0.08713629841804504,0,0
3412,0.0783519595861435,0,0
3413,0.07194001972675323,0,0
3414,0.07973460108041763,0,0
3415,0.07812924683094025,0,0
3416,0.07157550007104874,0,0
3417,0.07334639132022858,0,0
3418,0.08451773226261139,0,0
3419,0.07753828167915344,0,0
3420,0.08120951056480408,0,0
3421,0.07556870579719543,0,0
3422,0.07476040720939636,0,0
3423,0.08340398967266083,0,0
3424,0.08925430476665497,0,0
3425,0.10504893958568573,0,0
3426,0.14471352100372314,1,0
3427,0.2327306568622589,1,0
3428,0.137626513838768,1,1
3429,0.1243872195482254,0,0
3430,0.11215107142925262,0,0
3431,0.10383987426757812,0,0
3432,0.10196028649806976,0,0
3433,0.10112345963716507,0,0
3434,0.09780389815568924,0,0
3435,0.09736759215593338,0,0
3436,0.0979892909526825,0,0
3437,0.09489740431308746,0,0
3438,0.08662566542625427,0,0
3439,0.08222746849060059,0,0
3440,0.07987789809703827,0,0
3441,0.08173569291830063,0,0
3442,0.07371740788221359,0,0
3443,0.07981550693511963,0,0
3444,0.07786024361848831,0,0
3445,0.07639287412166595,0,0
3446,0.07734642922878265,0,0
3447,0.07763995975255966,0,0
3448,0.07174790650606155,0,0
3449,0.07068483531475067,0,0
3450,0.0754038393497467,0,0
3451,0.0706862062215805,0,0
3452,0.07548943907022476,0,0
3453,0.07573314756155014,0,0
3454,0.07839581370353699,0,0
3455,0.07610239088535309,0,0
3456,0.08428974449634552,0,0
3457,0.08790193498134613,0,0
3458,0.08010443300008774,0,0
3459,0.08912988752126694,0,0
3460,0.0778643786907196,0,0
3461,0.08428151160478592,0,0
3462,0.08601690828800201,0,0
3463,0.09036877751350403,0,0
3464,0.08448390662670135,0,0
3465,0.08448103815317154,0,0
3466,0.09254340827465057,0,0
3467,0.09699072688817978,0,0
3468,0.11635884642601013,0,0
3469,0.16180923581123352,1,0
3470,0.1271713376045227,0,0
3471,0.1228434219956398,0,0
3472,0.17253465950489044,1,1
3473,0.15555617213249207,1,1
3474,0.10143403708934784,0,0
3475,0.09402195364236832,0,0
3476,0.09535658359527588,0,0
3477,0.09272374212741852,0,0
3478,0.0847734585404396,0,0
3479,0.08620487153530121,0,0
3480,0.0831991657614708,0,0
3481,0.08568598330020905,0,0
3482,0.08204904198646545,0,0
3483,0.08268773555755615,0,0
3484,0.0753270760178566,0,0
3485,0.07751244306564331,0,0
3486,0.08007150888442993,0,0
3487,0.07634471356868744,0,0
3488,0.07731170952320099,0,0
3489,0.07622642070055008,0,0
3490,0.07043406367301941,0,0
3491,0.07186378538608551,0,0
3492,0.07063648104667664,0,0
3493,0.07077940553426743,0,0
3494,0.07506555318832397,0,0
3495,0.07055695354938507,0,0
3496,0.07123146951198578,0,0
3497,0.07790081202983856,0,0
3498,0.07259714603424072,0,0
3499,0.07859296351671219,0,0
3500,0.07201643288135529,0,0
3501,0.07791079580783844,0,0
3502,0.07974027097225189,0,0
3503,0.08384968340396881,0,0
3504,0.08809833228588104,0,0
3505,0.07849278301000595,0,0
3506,0.07975894212722778,0,0
3507,0.08535507321357727,0,0
3508,0.0866430252790451,0,0
3509,0.09350379556417465,0,0
3510,0.09550479054450989,0,0
3511,0.0984276831150055,0,0
3512,0.11127127707004547,0,0
3513,0.0925099104642868,0,0
3514,0.11199809610843658,0,0
3515,0.10831110924482346,0,0
3516,0.1293514370918274,0,0
3517,0.123195119202137,0,0
3518,0.13002951443195343,0,0
3519,0.1249094232916832,0,0
3520,0.12843823432922363,0,0
3521,0.1548101156949997,1,1
3522,0.14055591821670532,1,1
3523,0.1292363554239273,0,1
3524,0.11349280923604965,0,0
3525,0.11186753958463669,0,0
3526,0.10665912926197052,0,0
3527,0.1058247834444046,0,0
3528,0.10554412007331848,0,0
3529,0.10509339720010757,0,0
3530,0.10328379273414612,0,0
3531,0.10014282912015915,0,0
3532,0.09881814569234848,0,0
3533,0.09147718548774719,0,0
3534,0.09147652983665466,0,0
3535,0.09663543850183487,0,0
3536,0.08618487417697906,0,0
3537,0.0892823189496994,0,0
3538,0.08059728890657425,0,0
3539,0.08471836149692535,0,0
3540,0.08575978875160217,0,0
3541,0.08064723014831543,0,0
3542,0.08177606016397476,0,0
3543,0.08566275238990784,0,0
3544,0.07992663979530334,0,0
3545,0.08141256123781204,0,0
3546,0.08032466471195221,0,0
3547,0.08022987842559814,0,0
3548,0.0786077007651329,0,0
3549,0.07840652763843536,0,0
3550,0.07338415086269379,0,0
3551,0.07541115581989288,0,0
3552,0.07706157118082047,0,0
3553,0.07488876581192017,0,0
3554,0.07507951557636261,0,0
3555,0.07019682228565216,0,0
3556,0.07552096247673035,0,0
3557,0.07434945553541183,0,0
3558,0.0743364691734314,0,0
3559,0.08121611177921295,0,0
3560,0.07794003188610077,0,0
3561,0.07434304058551788,0,0
3562,0.0755513459444046,0,0
3563,0.07543474435806274,0,0
3564,0.07529507577419281,0,0
3565,0.07701072841882706,0,0
3566,0.07135024666786194,0,0
3567,0.07552328705787659,0,0
3568,0.075065478682518,0,0
3569,0.07593825459480286,0,0
3570,0.0744476318359375,0,0
3571,0.07719478011131287,0,0
3572,0.07940632849931717,0,0
3573,0.07624185085296631,0,0
3574,0.08034846186637878,0,0
3575,0.07268451899290085,0,0
3576,0.0809488296508789,0,0
3577,0.07988305389881134,0,0
3578,0.0808449536561966,0,0
3579,0.0772937759757042,0,0
3580,0.08068284392356873,0,0
3581,0.07816939055919647,0,0
3582,0.08764655888080597,0,0
3583,0.08980361372232437,0,0
3584,0.08087170124053955,0,0
3585,0.08059662580490112,0,0
3586,0.07965032756328583,0,0
3587,0.0885242372751236,0,0
3588,0.09089799225330353,0,0
3589,0.09468305110931396,0,0
3590,0.11119770258665085,0,0
3591,0.09197524189949036,0,0
3592,0.095769502222538,0,0
3593,0.09237797558307648,0,0
3594,0.09293145686388016,0,0
3595,0.11277194321155548,0,0
3596,0.08827371895313263,0,0
3597,0.10641082376241684,0,0
3598,0.10849840939044952,0,0
3599,0.20643025636672974,1,0
3600,0.16974516212940216,1,1
3601,0.09863288700580597,0,0
3602,0.09394566714763641,0,0
3603,0.08924325555562973,0,0
3604,0.07983846962451935,0,0
3605,0.07760007679462433,0,0
3606,0.0780508890748024,0,0
3607,0.07257147878408432,0,0
3608,0.07064320147037506,0,0
3609,0.07589277625083923,0,0
3610,0.0717151015996933,0,0
3611,0.0788092166185379,0,0
3612,0.07728638499975204,0,0
3613,0.08918143808841705,0,0
3614,0.0762244164943695,0,0
3615,0.08922869712114334,0,0
3616,0.08631664514541626,0,0
3617,0.07392899692058563,0,0
3618,0.08942287415266037,0,0
3619,0.08487994968891144,0,0
3620,0.09056417644023895,0,0
3621,0.08865450322628021,0,0
3622,0.0852590799331665,0,0
3623,0.10377117991447449,0,0
3624,0.09811322391033173,0,0
3625,0.10098372399806976,0,0
3626,0.10693757236003876,0,0
3627,0.1442817896604538,1,0
3628,0.177238330245018,1,0
3629,0.12927061319351196,0,0
3630,0.12179701775312424,0,0
3631,0.1189904659986496,0,0
3632,0.11747818440198898,0,0
3633,0.12042486667633057,0,0
3634,0.10371237993240356,0,0
3635,0.09848801791667938,0,0
3636,0.09593712538480759,0,0
3637,0.08799053728580475,0,0
3638,0.08674198389053345,0,0
3639,0.08927968144416809,0,0
3640,0.08407385647296906,0,0
3641,0.08224238455295563,0,0
3642,0.08031606674194336,0,0
3643,0.08511469513177872,0,0
3644,0.08221515268087387,0,0
3645,0.08298739790916443,0,0
3646,0.08232921361923218,0,0
3647,0.0811319351196289,0,0
3648,0.07812544703483582,0,0
3649,0.07621099054813385,0,0
3650,0.07515068352222443,0,0
3651,0.07510335743427277,0,0
3652,0.0750274807214737,0,0
3653,0.07432091236114502,0,0
3654,0.0746903121471405,0,0
3655,0.07030832022428513,0,0
3656,0.07579180598258972,0,0
3657,0.07051842659711838,0,0
3658,0.07455496490001678,0,0
3659,0.07040675729513168,0,0
3660,0.0757785364985466,0,0
3661,0.07398341596126556,0,0
3662,0.0747750774025917,0,0
3663,0.07432788610458374,0,0
3664,0.07415130734443665,0,0
3665,0.07544810324907303,0,0
3666,0.07614248245954514,0,0
3667,0.07770958542823792,0,0
3668,0.07738316059112549,0,0
3669,0.07535094767808914,0,0
3670,0.07265505939722061,0,0
3671,0.07660422474145889,0,0
3672,0.07717212289571762,0,0
3673,0.07900933921337128,0,0
3674,0.07947146892547607,0,0
3675,0.07384930551052094,0,0
3676,0.08277395367622375,0,0
3677,0.07780878990888596,0,0
3678,0.08215031027793884,0,0
3679,0.07655681669712067,0,0
3680,0.0826004296541214,0,0
3681,0.08087563514709473,0,0
3682,0.08867722749710083,0,0
3683,0.07953895628452301,0,0
3684,0.0776572898030281,0,0
3685,0.07723107933998108,0,0
3686,0.08804433047771454,0,0
3687,0.08302813768386841,0,0
3688,0.08327082544565201,0,0
3689,0.09191617369651794,0,0
3690,0.08556804060935974,0,0
3691,0.09416460245847702,0,0
3692,0.0892258808016777,0,0
3693,0.08584568649530411,0,0
3694,0.0822787657380104,0,0
3695,0.09229688346385956,0,0
3696,0.09694778174161911,0,0
3697,0.08239378035068512,0,0
3698,0.09410373866558075,0,0
3699,0.09141241014003754,0,0
3700,0.09848804026842117,0,0
3701,0.08344496041536331,0,0
3702,0.12659847736358643,0,0
3703,0.0924445167183876,0,0
3704,0.08824222534894943,0,0
3705,0.10379509627819061,0,0
3706,0.11215070635080338,0,0
3707,0.10171374678611755,0,0
3708,0.10634418576955795,0,0
3709,0.1369979977607727,1,0
3710,0.09669201076030731,0,0
3711,0.10473071783781052,0,0
3712,0.11194612085819244,0,0
3713,0.1794837862253189,1,0
3714,0.13455508649349213,1,0
3715,0.2632778584957123,1,0
3716,0.14644376933574677,1,0
3717,0.09665524214506149,0,0
3718,0.09269241988658905,0,0
3719,0.09669584035873413,0,0
3720,0.08332512527704239,0,0
3721,0.07646643370389938,0,0
3722,0.08087517321109772,0,0
3723,0.08088348060846329,0,0
3724,0.0767001137137413,0,0
3725,0.07256260514259338,0,0
3726,0.07435299456119537,0,0
3727,0.07073549926280975,0,0
3728,0.0747666284441948,0,0
3729,0.07160498201847076,0,0
3730,0.0726223960518837,0,0
3731,0.08175936341285706,0,0
3732,0.12017086893320084,0,0
3733,0.07679437845945358,0,0
3734,0.08155975490808487,0,0
3735,0.07523796707391739,0,0
3736,0.08252584934234619,0,0
3737,0.07730674743652344,0,0
3738,0.08985185623168945,0,0
3739,0.09064245223999023,0,0
3740,0.09524845331907272,0,0
3741,0.09788090735673904,0,0
3742,0.13005059957504272,0,0
3743,0.13142366707324982,0,0
3744,0.12672632932662964,0,0
3745,0.12443545460700989,0,0
3746,0.10453227162361145,0,0
3747,0.0959034413099289,0,0
3748,0.09091286361217499,0,0
3749,0.08903877437114716,0,0
3750,0.08336974680423737,0,0
3751,0.08508986979722977,0,0
3752,0.08056780695915222,0,0
3753,0.08133572340011597,0,0
3754,0.0793008804321289,0,0
3755,0.07715339958667755,0,0
3756,0.07645633816719055,0,0
3757,0.07475922256708145,0,0
3758,0.07585065066814423,0,0
3759,0.0703563466668129,0,0
3760,0.07077845185995102,0,0
3761,0.07089382410049438,0,0
3762,0.07876011729240417,0,0
3763,0.07528436183929443,0,0
3764,0.0745544359087944,0,0
3765,0.07476187497377396,0,0
3766,0.07511714100837708,0,0
3767,0.07126962393522263,0,0
3768,0.07168857753276825,0,0
3769,0.07578776776790619,0,0
3770,0.0751849114894867,0,0
3771,0.07484482228755951,0,0
3772,0.07395099103450775,0,0
3773,0.07654627412557602,0,0
3774,0.07564447075128555,0,0
3775,0.0711638405919075,0,0
3776,0.07682205736637115,0,0
3777,0.07296819984912872,0,0
3778,0.07558532804250717,0,0
3779,0.07991045713424683,0,0
3780,0.08168234676122665,0,0
3781,0.07359465211629868,0,0
3782,0.08368232101202011,0,0
3783,0.08265800774097443,0,0
3784,0.08500121533870697,0,0
3785,0.08073052018880844,0,0
3786,0.08289678394794464,0,0
3787,0.07765524834394455,0,0
3788,0.08290497958660126,0,0
3789,0.0855848640203476,0,0
3790,0.0887880027294159,0,0
3791,0.08781129121780396,0,0
3792,0.09892018884420395,0,0
3793,0.1034107357263565,0,0
3794,0.09805557876825333,0,0
3795,0.10404326021671295,0,0
3796,0.11017999798059464,0,0
3797,0.14362801611423492,1,0
3798,0.10035587102174759,0,0
3799,0.10702894628047943,0,0
3800,0.1715352088212967,1,0
3801,0.15473809838294983,1,1
3802,0.11527516692876816,0,0
3803,0.11564643681049347,0,0
3804,0.10151064395904541,0,0
3805,0.0844317302107811,0,0
3806,0.08913706988096237,0,0
3807,0.07966876029968262,0,0
3808,0.07204842567443848,0,0
3809,0.07813608646392822,0,0
3810,0.07642195373773575,0,0
3811,0.07087844610214233,0,0
3812,0.08383180946111679,0,0
3813,0.10304433107376099,0,0
3814,0.09570054709911346,0,0
3815,0.08499757945537567,0,0
3816,0.07602816820144653,0,0
3817,0.074561208486557,0,0
3818,0.07077547907829285,0,0
3819,0.07183004915714264,0,0
3820,0.07092329859733582,0,0
3821,0.07389821112155914,0,0
3822,0.08245128393173218,0,0
3823,0.07998190820217133,0,0
3824,0.07771363854408264,0,0
3825,0.07979045063257217,0,0
3826,0.10936899483203888,0,0
3827,0.10807015001773834,0,0
3828,0.10262715816497803,0,0
3829,0.10882596671581268,0,0
3830,0.07244805991649628,0,0
3831,0.07576814293861389,0,0
3832,0.08253633975982666,0,0
3833,0.07018472254276276,0,0
3834,0.10108015686273575,0,0
3835,0.08464206755161285,0,0
3836,0.08517038822174072,0,0
3837,0.17522366344928741,1,1
3838,0.10684343427419662,0,0
3839,0.07076374441385269,0,0
3840,0.07490349560976028,0,0
3841,0.07159511744976044,0,0
3842,0.0786263644695282,0,0
3843,0.0718219205737114,0,0
3844,0.07279897481203079,0,0
3845,0.07919369637966156,0,0
3846,0.09988181293010712,0,0
3847,0.07634539902210236,0,0
3848,0.11797696352005005,0,0
3849,0.08676960319280624,0,0
3850,0.0949292704463005,0,0
3851,0.07151087373495102,0,0
3852,0.07068037241697311,0,0
3853,0.07812648266553879,0,0
3854,0.07610398530960083,0,0
3855,0.08113191276788712,0,0
3856,0.10743265599012375,0,0
3857,0.0945124551653862,0,0
3858,0.07903797179460526,0,0
3859,0.07733020186424255,0,0
3860,0.07669880241155624,0,0
3861,0.09484938532114029,0,0
3862,0.07258836925029755,0,0
3863,0.09549403190612793,0,0
3864,0.11444279551506042,0,0
3865,0.07119251787662506,0,0
3866,0.07541491836309433,0,0
3867,0.07624787837266922,0,0
3868,0.08493317663669586,0,0
3869,0.07648221403360367,0,0
3870,0.07100412249565125,0,0
3871,0.08324266970157623,0,0
3872,0.07763664424419403,0,0
3873,0.11065191775560379,0,0
3874,0.07523369789123535,0,0
3875,0.11260908842086792,0,0
3876,0.07291388511657715,0,0
3877,0.10869329422712326,0,0
3878,0.07720597088336945,0,0
3879,0.0833922028541565,0,0
3880,0.09443317353725433,0,0
3881,0.0787697285413742,0,0
3882,0.10455940663814545,0,0
3883,0.07068882882595062,0,0
3884,0.11588329821825027,0,0
3885,0.08849754929542542,0,0
3886,0.08064918965101242,0,0
3887,0.07734784483909607,0,0
3888,0.07696840167045593,0,0
3889,0.08407719433307648,0,0
3890,0.07078375667333603,0,0
3891,0.07813547551631927,0,0
3892,0.07648895680904388,0,0
3893,0.08384981751441956,0,0
3894,0.07193130999803543,0,0
3895,0.08264834433794022,0,0
3896,0.13650819659233093,1,0
3897,0.08396785706281662,0,0
3898,0.07581647485494614,0,0
3899,0.1825142800807953,1,1
3900,0.07866266369819641,0,0
3901,0.07520244270563126,0,0
3902,0.17517338693141937,1,1
3903,0.0798795074224472,0,0
3904,0.07339424639940262,0,0
3905,0.09637218713760376,0,0
3906,0.1360507756471634,1,1
3907,0.07606618106365204,0,0
3908,0.08140866458415985,0,0
3909,0.0816531628370285,0,0
3910,0.07721345126628876,0,0
3911,0.10228222608566284,0,0
3912,0.07465297728776932,0,0
3913,0.07416241616010666,0,0
3914,0.0750310868024826,0,0
3915,0.07714879512786865,0,0
3916,0.07524900138378143,0,0
3917,0.07971085608005524,0,0
3918,0.09150680899620056,0,0
3919,0.07445448637008667,0,0
3920,0.11376553028821945,0,0
3921,0.09566442668437958,0,0
3922,0.07481129467487335,0,0
3923,0.09247832000255585,0,0
3924,0.07577645033597946,0,1
3925,0.0808316171169281,0,0
3926,0.07513982057571411,0,0
3927,0.0755666196346283,0,0
3928,0.16569742560386658,1,0
3929,0.0999864861369133,0,0
3930,0.10963059961795807,0,1
3931,0.0749455988407135,0,0
3932,0.07949429005384445,0,0
3933,0.1420295387506485,1,0
3934,0.14212046563625336,1,0
3935,0.07092422991991043,0,0
3936,0.07913276553153992,0,0
3937,0.07166968286037445,0,0
3938,0.104130320250988,0,0
3939,0.07174194604158401,0,0
3940,0.07195200771093369,0,0
3941,0.07845170050859451,0,0
3942,0.07633504271507263,0,0
3943,0.07558959722518921,0,0
3944,0.07324731349945068,0,1
3945,0.14269448816776276,1,0
3946,0.07082151621580124,0,0
3947,0.07362577319145203,0,0
3948,0.07523346692323685,0,0
3949,0.07559014856815338,0,0
3950,0.07582839578390121,0,0
3951,0.07810808718204498,0,0
3952,0.11145459860563278,0,0
3953,0.07906238734722137,0,0
3954,0.07460704445838928,0,0
3955,0.07686810940504074,0,0
3956,0.0758385956287384,0,0
3957,0.07672035694122314,0,0
3958,0.0933573767542839,0,0
3959,0.13047590851783752,0,0
3960,0.11895105987787247,0,0
3961,0.18211020529270172,1,0
3962,0.18067672848701477,1,0
3963,0.12556201219558716,0,1
3964,0.13117912411689758,0,0
3965,0.11921647191047668,0,0
3966,0.11988270282745361,0,0
3967,0.1136746034026146,0,0
3968,0.09578816592693329,0,0
3969,0.09401248395442963,0,0
3970,0.09729202091693878,0,0
3971,0.09579578787088394,0,0
3972,0.08311912417411804,0,0
3973,0.08705641329288483,0,0
3974,0.08584652841091156,0,0
3975,0.08446602523326874,0,0
3976,0.0811355859041214,0,0
3977,0.08007743209600449,0,0
3978,0.07288774847984314,0,0
3979,0.07284145057201385,0,0
3980,0.07553912699222565,0,0
3981,0.0720730796456337,0,0
3982,0.074702188372612,0,0
3983,0.07598023116588593,0,0
3984,0.08016745746135712,0,0
3985,0.08018139004707336,0,0
3986,0.09308476746082306,0,0
3987,0.1199972853064537,0,0
3988,0.09024950861930847,0,0
3989,0.12276647984981537,0,0
3990,0.10581451654434204,0,0
3991,0.09429270029067993,0,0
3992,0.1512833535671234,1,0
3993,0.18365788459777832,1,0
3994,0.16511252522468567,1,1
3995,0.14029689133167267,1,0
3996,0.11528312414884567,0,0
3997,0.10241657495498657,0,0
3998,0.1002022922039032,0,0
3999,0.09063587337732315,0,0
4000,0.08058054745197296,0,0
4001,0.07838514447212219,0,0
4002,0.07745356857776642,0,0
4003,0.07628592848777771,0,0
4004,0.07242894172668457,0,0
4005,0.07506509125232697,0,0
4006,0.07350108027458191,0,0
4007,0.07783214002847672,0,0
4008,0.075676828622818,0,0
4009,0.0789470374584198,0,0
4010,0.07826954126358032,0,0
4011,0.08114255964756012,0,0
4012,0.07934809476137161,0,0
4013,0.07996082305908203,0,0
4014,0.0773458480834961,0,0
4015,0.08084644377231598,0,0
4016,0.09598451852798462,0,0
4017,0.09025409817695618,0,0
4018,0.08356201648712158,0,0
4019,0.09551790356636047,0,0
4020,0.1052749902009964,0,0
4021,0.12140386551618576,0,0
4022,0.12530601024627686,0,0
4023,0.12803849577903748,0,0
4024,0.11150556802749634,0,0
4025,0.10628850758075714,0,0
4026,0.10198339819908142,0,0
4027,0.10107286274433136,0,0
4028,0.09212492406368256,0,0
4029,0.0878642201423645,0,0
4030,0.08709443360567093,0,0
4031,0.08265545219182968,0,0
4032,0.07724285125732422,0,0
4033,0.07792863249778748,0,0
4034,0.07101693749427795,0,0
4035,0.07567628473043442,0,0
4036,0.07420188188552856,0,0
4037,0.07442506402730942,0,0
4038,0.07513072341680527,0,0
4039,0.07432201504707336,0,0
4040,0.07654311507940292,0,0
4041,0.07524076849222183,0,0
4042,0.0770934522151947,0,0
4043,0.07650643587112427,0,0
4044,0.07639040052890778,0,0
4045,0.07312177121639252,0,0
4046,0.07248952984809875,0,0
4047,0.07524673640727997,0,0
4048,0.08659929037094116,0,0
4049,0.07692860066890717,0,0
4050,0.08564531803131104,0,0
4051,0.0783880427479744,0,0
4052,0.09547246992588043,0,0
4053,0.08646947145462036,0,0
4054,0.08859878033399582,0,0
4055,0.08775351941585541,0,0
4056,0.08970573544502258,0,0
4057,0.13148632645606995,0,0
4058,0.12521938979625702,0,0
4059,0.0725034698843956,0,0
4060,0.07495737075805664,0,0
4061,0.0732789933681488,0,0
4062,0.08060058206319809,0,0
4063,0.09157039225101471,0,0
4064,0.09368966519832611,0,0
4065,0.09994345903396606,0,0
4066,0.09266975522041321,0,0
4067,0.09168470650911331,0,0
4068,0.09346706420183182,0,0
4069,0.08428821712732315,0,0
4070,0.07995070517063141,0,0
4071,0.08028105646371841,0,0
4072,0.08061736077070236,0,0
4073,0.07665444910526276,0,0
4074,0.07534877955913544,0,0
4075,0.07070042192935944,0,0
4076,0.07435695827007294,0,0
4077,0.0744243711233139,0,0
4078,0.07127366214990616,0,0
4079,0.0708840936422348,0,0
4080,0.07476271688938141,0,0
4081,0.07132119685411453,0,0
4082,0.08038116991519928,0,0
4083,0.0732274055480957,0,0
4084,0.08081571757793427,0,0
4085,0.08156847953796387,0,0
4086,0.07163256406784058,0,0
4087,0.07750628888607025,0,0
4088,0.07375948131084442,0,0
4089,0.07545880973339081,0,0
4090,0.08495332300662994,0,0
4091,0.08836948871612549,0,0
4092,0.11251331865787506,0,0
4093,0.08371994644403458,0,0
4094,0.09120599925518036,0,0
4095,0.08202025294303894,0,0
4096,0.09677490592002869,0,0
4097,0.08529546111822128,0,0
4098,0.09208550304174423,0,0
4099,0.09994028508663177,0,0
4100,0.10234018415212631,0,0
4101,0.09136581420898438,0,0
4102,0.11265870928764343,0,0
4103,0.1443188637495041,1,0
4104,0.14878900349140167,1,0
4105,0.1371578574180603,1,0
4106,0.13800552487373352,1,0
4107,0.08982370048761368,0,0
4108,0.07999469339847565,0,0
4109,0.07473647594451904,0,0
4110,0.08057575672864914,0,0
4111,0.07459122687578201,0,0
4112,0.10632794350385666,0,0
4113,0.07474101334810257,0,0
4114,0.07740246504545212,0,0
4115,0.0813184455037117,0,0
4116,0.082053542137146,0,0
4117,0.0914376974105835,0,0
4118,0.08952327072620392,0,0
4119,0.1211099624633789,0,1
4120,0.1002955511212349,0,0
4121,0.08183296769857407,0,0
4122,0.08133342862129211,0,0
4123,0.07740455865859985,0,0
4124,0.07785484939813614,0,0
4125,0.07441352307796478,0,0
4126,0.07045399397611618,0,0
4127,0.07492633163928986,0,0
4128,0.07130066305398941,0,0
4129,0.07446575164794922,0,0
4130,0.07105034589767456,0,0
4131,0.07453129440546036,0,0
4132,0.07780131697654724,0,0
4133,0.07403453439474106,0,0
4134,0.0768311470746994,0,0
4135,0.08307114243507385,0,0
4136,0.08172591030597687,0,0
4137,0.07888142764568329,0,0
4138,0.08189470320940018,0,0
4139,0.0882493183016777,0,0
4140,0.09162856638431549,0,0
4141,0.09356634318828583,0,0
4142,0.09126763045787811,0,0
4143,0.09797778725624084,0,0
4144,0.11016377806663513,0,0
4145,0.1253383755683899,0,0
4146,0.10742338001728058,0,0
4147,0.11325481534004211,0,0
4148,0.16564032435417175,1,0
4149,0.12285163998603821,0,0
4150,0.11285712569952011,0,0
4151,0.1079200804233551,0,0
4152,0.09977753460407257,0,0
4153,0.08697029948234558,0,0
4154,0.08647429943084717,0,0
4155,0.0848768800497055,0,0
4156,0.07586789131164551,0,0
4157,0.07527918368577957,0,0
4158,0.08138050138950348,0,0
4159,0.07509849965572357,0,0
4160,0.07885418832302094,0,0
4161,0.07863749563694,0,0
4162,0.09282881766557693,0,0
4163,0.09155526012182236,0,0
4164,0.09466563165187836,0,0
4165,0.09327137470245361,0,0
4166,0.07989536225795746,0,0
4167,0.07312699407339096,0,0
4168,0.07650918513536453,0,0
4169,0.07103735208511353,0,0
4170,0.0704510360956192,0,0
4171,0.07055895775556564,0,0
4172,0.07643219828605652,0,0
4173,0.07216008007526398,0,0
4174,0.07991845905780792,0,0
4175,0.08281495422124863,0,0
4176,0.14371377229690552,1,0
