Metric,Value
Precision,0.30303030303030304
Recall,0.5
F1-Score,0.37735849056603776
