Original_Index,Anomaly_Score,Detection_Result,True_Label,Split
0,1.4587172358915268e-08,0,0,unlabeled
1,1.3167101542421733e-06,0,0,unlabeled
2,0.011756166815757751,0,0,unlabeled
3,0.00041300355223938823,0,0,unlabeled
4,0.00034194067120552063,0,0,unlabeled
5,0.01617005467414856,0,0,unlabeled
6,0.09282591193914413,0,0,unlabeled
7,1.1577432346143723e-08,0,0,unlabeled
8,5.023106041335268e-06,0,0,train
9,1.557205723656807e-05,0,0,unlabeled
10,0.010391123592853546,0,0,unlabeled
11,0.9051489233970642,1,0,unlabeled
12,0.08265714347362518,0,0,unlabeled
13,0.2703615128993988,0,0,unlabeled
14,2.627851074521459e-07,0,0,val
15,0.00026006466941908,0,0,unlabeled
16,0.7483415603637695,1,0,unlabeled
17,0.9979907274246216,1,1,train
18,7.815023309376556e-06,0,0,train
19,0.13802070915699005,0,0,unlabeled
20,0.99882572889328,1,1,unlabeled
21,0.009823759086430073,0,0,train
22,0.0001958118809852749,0,1,unlabeled
23,0.00017293130804318935,0,0,unlabeled
24,1.2277925634407438e-05,0,0,unlabeled
25,9.693590982351452e-06,0,0,unlabeled
26,2.638505247887224e-05,0,0,train
27,5.29084172740113e-05,0,0,unlabeled
28,0.0001964018156286329,0,0,unlabeled
29,8.055411854002159e-06,0,0,val
30,0.9377996921539307,1,0,unlabeled
31,0.00803354475647211,0,0,unlabeled
32,0.001834055525250733,0,0,train
33,0.005184343550354242,0,0,unlabeled
34,2.403506005066447e-05,0,0,unlabeled
35,0.07081276178359985,0,0,train
36,0.02855987660586834,0,0,val
37,0.019050421193242073,0,0,unlabeled
38,1.4076656952966005e-05,0,0,unlabeled
39,9.848401532508433e-06,0,0,unlabeled
40,1.0179802313603492e-11,0,0,unlabeled
41,1.0179802313603492e-11,0,0,unlabeled
42,0.03788338601589203,0,0,unlabeled
43,0.000323893764289096,0,0,unlabeled
44,0.0002045548753812909,0,0,unlabeled
45,1.2355305443634279e-05,0,0,unlabeled
46,0.0004347889916971326,0,1,unlabeled
47,0.0002832315512932837,0,0,unlabeled
48,0.04428190365433693,0,0,unlabeled
49,0.00027118666912429035,0,0,train
50,0.035373199731111526,0,0,unlabeled
51,0.13609570264816284,0,0,unlabeled
52,4.389461173559539e-05,0,0,unlabeled
53,0.0010564734693616629,0,0,unlabeled
54,1.087272768563255e-13,0,0,unlabeled
55,3.345752020322834e-06,0,0,train
56,2.6843692921829643e-06,0,0,unlabeled
57,0.6398903131484985,0,0,unlabeled
58,0.7415411472320557,1,0,unlabeled
59,0.0014598777052015066,0,0,unlabeled
60,0.0007309570210054517,0,0,unlabeled
61,0.47027814388275146,0,0,unlabeled
62,0.004637353587895632,0,0,unlabeled
63,0.7562046647071838,1,0,unlabeled
64,0.001723862369544804,0,0,unlabeled
65,0.0034189745783805847,0,0,val
66,0.04006810486316681,0,0,unlabeled
67,0.02604718692600727,0,0,unlabeled
68,0.9495508074760437,1,1,unlabeled
69,0.01982884109020233,0,0,unlabeled
70,3.995504016529594e-08,0,0,unlabeled
71,0.048165205866098404,0,0,unlabeled
72,5.25181858392898e-05,0,0,unlabeled
73,0.01426905021071434,0,0,unlabeled
74,0.9370954632759094,1,1,train
75,0.020223474130034447,0,0,train
76,0.6301565170288086,0,0,train
77,0.007718829903751612,0,0,unlabeled
78,0.005803536623716354,0,0,unlabeled
79,0.7885066270828247,1,0,train
80,0.4805077314376831,0,0,unlabeled
81,1.5373901987913996e-05,0,0,unlabeled
82,0.0008278534514829516,0,0,unlabeled
83,0.0031279916875064373,0,0,unlabeled
84,3.702144840689314e-11,0,0,unlabeled
85,2.830047030055738e-10,0,0,unlabeled
86,2.905295632977395e-13,0,0,train
87,2.0730494654230824e-08,0,0,unlabeled
88,6.830268295399122e-11,0,0,unlabeled
89,6.170071120692455e-10,0,0,unlabeled
90,1.635862127181975e-12,0,0,train
91,8.869578960180036e-10,0,0,unlabeled
92,0.14239563047885895,0,0,unlabeled
93,0.2371053695678711,0,0,unlabeled
94,0.019712137058377266,0,0,unlabeled
95,6.396263518837486e-09,0,0,unlabeled
96,4.587391528925941e-15,0,0,unlabeled
97,0.03709177300333977,0,0,unlabeled
98,0.021201830357313156,0,1,unlabeled
99,8.082352913195868e-16,0,0,unlabeled
100,6.161268402138376e-07,0,0,train
101,0.0003090131503995508,0,0,unlabeled
102,0.20866237580776215,0,0,train
103,4.637509931626482e-08,0,0,train
104,5.1610468290164135e-06,0,0,unlabeled
105,0.64510577917099,0,0,unlabeled
106,0.0002126317413058132,0,0,unlabeled
107,6.789409212615283e-07,0,0,unlabeled
108,5.022987465963524e-07,0,0,unlabeled
109,0.0011158372508361936,0,0,unlabeled
110,4.744923103316978e-07,0,0,unlabeled
111,1.2112032730937639e-11,0,0,unlabeled
112,9.187651528463903e-09,0,0,unlabeled
113,9.078516450244933e-05,0,0,unlabeled
114,7.698148692725226e-05,0,0,unlabeled
115,0.6250070929527283,0,1,unlabeled
116,0.00013178387598600239,0,0,unlabeled
117,0.003605810459703207,0,0,train
118,3.091811606736883e-08,0,0,unlabeled
119,1.0399843830555255e-07,0,0,unlabeled
120,0.1410183161497116,0,0,unlabeled
121,0.005187812726944685,0,0,train
122,0.008678175508975983,0,0,unlabeled
123,0.01629393920302391,0,0,unlabeled
124,4.7107831051107496e-05,0,0,unlabeled
125,0.020763438194990158,0,0,unlabeled
126,0.037908684462308884,0,0,unlabeled
127,0.029702389612793922,0,0,unlabeled
128,3.2869941435365035e-08,0,0,train
129,6.178685652002969e-08,0,0,unlabeled
130,8.170876242274971e-08,0,0,train
131,0.04912605509161949,0,0,unlabeled
132,9.520925203787556e-08,0,0,unlabeled
133,6.9862267082498875e-06,0,0,unlabeled
134,0.00014628350618295372,0,0,unlabeled
135,1.431313823019309e-08,0,0,unlabeled
136,3.0139464797684923e-05,0,0,unlabeled
137,1.292231599503424e-11,0,0,unlabeled
138,6.714695700793527e-06,0,0,unlabeled
139,0.04514465481042862,0,0,unlabeled
140,2.6185269064171734e-08,0,0,train
141,2.8204697258282785e-11,0,0,unlabeled
142,5.543486986425705e-05,0,0,val
143,0.3661201000213623,0,0,unlabeled
144,0.008419244550168514,0,0,unlabeled
145,0.017316771671175957,0,0,unlabeled
146,0.004408547654747963,0,0,unlabeled
147,0.967340350151062,1,1,val
148,7.99008848844096e-05,0,0,train
149,0.0041189128533005714,0,0,unlabeled
150,0.008275925181806087,0,0,unlabeled
151,0.00110350432805717,0,0,unlabeled
152,0.004573486745357513,0,0,unlabeled
153,0.00018549103697296232,0,0,val
154,0.392132043838501,0,0,unlabeled
155,4.1023494645742176e-07,0,0,unlabeled
156,4.1023494645742176e-07,0,0,unlabeled
157,0.006548495963215828,0,0,unlabeled
158,0.9904497265815735,1,1,unlabeled
159,0.989058792591095,1,1,unlabeled
160,0.005912750493735075,0,0,train
161,3.525379470333075e-20,0,0,train
162,0.006855971645563841,0,0,train
163,7.354512945312308e-07,0,0,train
164,1.5449287404933898e-09,0,0,unlabeled
165,1.5595317393035657e-07,0,0,unlabeled
166,0.5898686647415161,0,0,unlabeled
167,0.08094064146280289,0,0,train
168,0.1954629272222519,0,0,val
169,0.02123049460351467,0,0,unlabeled
170,0.04616596922278404,0,0,unlabeled
171,1.3383831173996441e-05,0,0,unlabeled
172,0.5602495074272156,0,1,unlabeled
173,0.0036746556870639324,0,0,unlabeled
174,0.0007172959158197045,0,0,unlabeled
175,0.9972981810569763,1,0,unlabeled
176,0.18033190071582794,0,1,unlabeled
177,0.08849221467971802,0,0,unlabeled
178,0.9726102948188782,1,1,unlabeled
179,0.002233919221907854,0,0,unlabeled
180,2.554242428232101e-06,0,0,train
181,3.5145443689543754e-05,0,0,unlabeled
182,3.528579373135443e-10,0,0,val
183,5.918248113800928e-10,0,0,unlabeled
184,6.450553632908473e-12,0,0,train
185,7.652251748924144e-11,0,0,unlabeled
186,2.426264224253405e-11,0,0,unlabeled
187,0.0007395975408144295,0,0,unlabeled
188,0.8279006481170654,1,1,unlabeled
189,6.050182037142804e-06,0,1,unlabeled
190,2.9569846446975134e-06,0,0,unlabeled
191,1.617021239130878e-10,0,0,train
192,0.9119111895561218,1,0,unlabeled
193,0.0001753928663674742,0,0,train
194,3.532749179996353e-13,0,0,unlabeled
195,3.532749179996353e-13,0,0,train
196,3.532749179996353e-13,0,0,train
197,6.0258471421548165e-06,0,0,unlabeled
198,9.767382834979799e-06,0,0,unlabeled
199,8.396646080655046e-06,0,0,unlabeled
200,5.747481850448821e-07,0,0,train
201,1.1142426046717446e-05,0,0,unlabeled
202,1.1494722507165989e-08,0,0,unlabeled
203,6.43225503154099e-05,0,0,unlabeled
204,4.440028533281293e-06,0,1,unlabeled
205,2.7741211994225523e-08,0,0,train
206,0.794712483882904,1,0,unlabeled
207,0.9983248114585876,1,1,train
208,0.00010169381857849658,0,0,unlabeled
209,8.181274893104273e-07,0,0,train
210,2.1850503628684237e-08,0,0,val
211,0.0884760245680809,0,0,unlabeled
212,0.83003830909729,1,0,unlabeled
213,0.0002279361360706389,0,0,unlabeled
214,0.006970763206481934,0,0,train
215,0.9224629998207092,1,0,unlabeled
216,0.013011889532208443,0,0,unlabeled
217,0.9170445203781128,1,0,train
218,0.005722310859709978,0,0,unlabeled
219,0.02309410832822323,0,0,unlabeled
220,0.026918092742562294,0,0,unlabeled
221,3.148259929730557e-05,0,0,val
222,0.0064054811373353004,0,0,unlabeled
223,0.0016173598123714328,0,0,train
224,0.006262900773435831,0,0,unlabeled
225,1.2411588556915376e-07,0,0,unlabeled
226,0.002732606139034033,0,0,unlabeled
227,1.5379664830561524e-07,0,0,unlabeled
228,0.0033424082212150097,0,0,unlabeled
229,1.7955373721179058e-07,0,0,train
230,0.03399314358830452,0,1,unlabeled
231,0.9671512842178345,1,0,unlabeled
232,0.8981752395629883,1,0,unlabeled
233,1.678372973401565e-05,0,0,train
234,1.678372973401565e-05,0,0,unlabeled
235,2.5372324671479873e-05,0,0,unlabeled
236,2.0120587578276172e-06,0,0,unlabeled
237,2.9074090690528465e-08,0,0,unlabeled
238,2.23165588977281e-05,0,0,unlabeled
239,3.741835826076567e-05,0,0,train
240,0.0001159687599283643,0,0,unlabeled
241,0.033164750784635544,0,0,unlabeled
242,0.4214036762714386,0,0,unlabeled
243,0.01877109333872795,0,0,unlabeled
244,2.680586059112394e-13,0,0,unlabeled
245,0.0005224692868068814,0,0,unlabeled
246,0.0008436175994575024,0,0,val
247,3.7877728731317006e-10,0,0,unlabeled
248,4.704124312304714e-10,0,0,val
249,0.0003295869682915509,0,0,unlabeled
250,6.72585447318852e-05,0,1,unlabeled
251,0.000659016368445009,0,1,unlabeled
252,5.516408510541915e-12,0,0,unlabeled
253,3.9105874788392114e-11,0,1,unlabeled
254,4.6572904466302134e-07,0,0,unlabeled
255,0.07090355455875397,0,1,unlabeled
256,3.0504905225825496e-05,0,0,unlabeled
257,1.5770179743412882e-05,0,0,unlabeled
258,0.0027100269217044115,0,0,unlabeled
259,1.4280397408583667e-05,0,1,unlabeled
260,0.0009510225499980152,0,0,unlabeled
261,2.091920414670767e-08,0,0,unlabeled
262,9.187869727611542e-05,0,0,train
263,8.79508063600376e-11,0,0,train
264,2.0830576374919474e-08,0,0,train
265,3.5503955331250836e-08,0,0,unlabeled
266,0.0013563558459281921,0,0,unlabeled
267,0.08203732967376709,0,0,unlabeled
268,0.05021993815898895,0,0,unlabeled
269,0.04259262606501579,0,0,unlabeled
270,0.0027818295639008284,0,0,unlabeled
271,0.047953952103853226,0,0,unlabeled
272,0.03569905459880829,0,0,unlabeled
273,0.8599893450737,1,0,unlabeled
274,1.3299605861050168e-10,0,0,unlabeled
275,3.0422705776800285e-07,0,0,unlabeled
276,3.0165370201729047e-10,0,0,train
277,0.005921257194131613,0,0,unlabeled
278,0.02874583937227726,0,1,unlabeled
279,3.1723650373294277e-09,0,0,train
280,0.582138180732727,0,1,unlabeled
281,5.314727768990224e-09,0,1,unlabeled
282,1.878815601230599e-05,0,1,unlabeled
283,1.0155400559597183e-05,0,0,unlabeled
284,0.00035872566513717175,0,0,unlabeled
285,0.0023739065509289503,0,0,unlabeled
286,3.42135820119438e-07,0,0,unlabeled
287,3.152497924929776e-07,0,0,unlabeled
288,4.4633941342908656e-07,0,0,unlabeled
289,7.401923767247354e-07,0,0,unlabeled
290,3.2623158858768875e-06,0,0,unlabeled
291,4.819442983716726e-05,0,0,unlabeled
292,1.0598992794541573e-08,0,0,unlabeled
293,7.393560736090876e-06,0,0,unlabeled
294,9.710310223454144e-06,0,1,unlabeled
295,0.0024242291692644358,0,0,unlabeled
296,5.965024030274435e-08,0,0,unlabeled
297,0.216729074716568,0,0,unlabeled
298,0.0010461051715537906,0,0,unlabeled
299,5.738690633805277e-10,0,0,val
300,0.005239092279225588,0,0,unlabeled
301,0.04632394388318062,0,0,unlabeled
302,0.00393344322219491,0,0,unlabeled
303,0.011342646554112434,0,0,train
304,0.0010554403997957706,0,0,unlabeled
305,0.0008507861057296395,0,0,unlabeled
306,0.0019515686435624957,0,0,unlabeled
307,0.0007817671867087483,0,0,unlabeled
308,0.012398946098983288,0,0,train
309,0.019731976091861725,0,0,unlabeled
310,1.9419736418058164e-05,0,0,unlabeled
311,0.982943058013916,1,1,train
312,4.3692809413187206e-05,0,0,unlabeled
313,0.0005664857453666627,0,0,unlabeled
314,0.0005029382300563157,0,0,unlabeled
315,1.8536994855766764e-12,0,0,unlabeled
316,0.10578598082065582,0,0,unlabeled
317,0.6722894310951233,0,0,val
318,3.8330029254740605e-12,0,0,unlabeled
319,0.0007305137696675956,0,0,train
320,0.011463661678135395,0,0,train
321,0.6905768513679504,0,0,train
322,0.06922049075365067,0,0,unlabeled
323,0.19321241974830627,0,0,unlabeled
324,0.00021858609397895634,0,0,unlabeled
325,0.3387472927570343,0,0,unlabeled
326,0.0005988297052681446,0,0,val
327,2.1015105176047655e-06,0,0,train
328,2.872780591189894e-08,0,0,train
329,0.0002364081738051027,0,0,unlabeled
330,0.0030323031824082136,0,1,unlabeled
331,0.09765598922967911,0,0,unlabeled
332,7.47323667837918e-07,0,0,unlabeled
333,0.00031077282619662583,0,0,unlabeled
334,3.950099980443156e-08,0,0,unlabeled
335,1.6919952940952498e-06,0,0,unlabeled
336,9.199226838063623e-07,0,0,train
337,0.07748911529779434,0,0,unlabeled
338,8.042101399041712e-06,0,0,unlabeled
339,0.06345638632774353,0,0,val
340,0.06252820044755936,0,0,val
341,0.7192429900169373,1,0,unlabeled
342,6.092392368373112e-08,0,0,unlabeled
343,2.6314394219184578e-08,0,0,unlabeled
344,2.1265339711362685e-08,0,0,unlabeled
345,0.0008143220329657197,0,0,val
346,0.7012126445770264,0,0,val
347,2.1697376723750494e-05,0,0,unlabeled
348,0.0032736174762248993,0,0,unlabeled
349,0.001978046027943492,0,0,train
350,0.006492386572062969,0,0,unlabeled
351,0.3188954293727875,0,0,unlabeled
352,0.00025132333394140005,0,0,unlabeled
353,0.29320648312568665,0,0,train
354,2.473254653523327e-06,0,0,unlabeled
355,3.442118213570211e-06,0,0,unlabeled
356,2.000803533519502e-06,0,0,unlabeled
357,1.8246753441530927e-08,0,0,unlabeled
358,0.11641786992549896,0,0,unlabeled
359,0.00011915973300347105,0,0,unlabeled
360,9.565059008309618e-05,0,0,unlabeled
361,0.49171045422554016,0,0,train
362,3.9855858631199226e-05,0,0,unlabeled
363,2.0008017145300983e-06,0,0,train
364,0.00065208924934268,0,0,unlabeled
365,0.004893001168966293,0,0,unlabeled
366,0.0051000118255615234,0,0,unlabeled
367,1.1607265150814783e-05,0,0,unlabeled
368,6.097162258811295e-05,0,0,unlabeled
369,0.011116952635347843,0,0,unlabeled
370,9.421552931598853e-06,0,0,unlabeled
371,5.6472075812052935e-05,0,0,unlabeled
372,0.08565235882997513,0,0,unlabeled
373,3.174125595251098e-05,0,0,unlabeled
374,0.3665875196456909,0,0,unlabeled
375,0.584532618522644,0,0,unlabeled
376,0.0006153633585199714,0,0,unlabeled
377,0.00018177756282966584,0,0,unlabeled
378,1.2072074451197068e-09,0,0,unlabeled
379,0.0002286158560309559,0,0,unlabeled
380,0.0005361816147342324,0,0,unlabeled
381,2.141572258551605e-05,0,0,train
382,0.004065169021487236,0,0,val
383,3.199007551302202e-05,0,0,unlabeled
384,8.619201253168285e-06,0,0,unlabeled
385,0.2590124011039734,0,0,unlabeled
386,1.1421253699739342e-11,0,0,unlabeled
387,2.1358961021178402e-05,0,0,train
388,0.0002858098887372762,0,0,unlabeled
389,1.1810307398718578e-07,0,0,unlabeled
390,6.6119810071541e-08,0,0,unlabeled
391,0.016967056319117546,0,0,train
392,0.06643776595592499,0,0,unlabeled
393,0.001917335670441389,0,0,unlabeled
394,6.2726561722570295e-09,0,0,unlabeled
395,0.0458967499434948,0,0,unlabeled
396,0.005471222568303347,0,0,unlabeled
397,3.9517613004136365e-06,0,0,train
398,0.0006615930469706655,0,0,train
399,0.00179076858330518,0,0,unlabeled
400,3.2424061373603763e-06,0,0,unlabeled
401,1.395016724359266e-08,0,0,unlabeled
402,0.02310834638774395,0,0,val
403,1.9396124706361206e-09,0,0,unlabeled
404,0.007514957804232836,0,0,unlabeled
405,0.03566379100084305,0,0,unlabeled
406,0.04046513885259628,0,0,unlabeled
407,0.03155505657196045,0,0,train
408,1.75962941995067e-08,0,0,unlabeled
409,0.00514610530808568,0,0,unlabeled
410,7.365524190561246e-09,0,0,unlabeled
411,0.009343470446765423,0,0,unlabeled
412,0.0014242727775126696,0,0,unlabeled
413,0.0011111949570477009,0,0,unlabeled
414,1.6434837490919563e-08,0,0,unlabeled
415,0.00907456036657095,0,0,unlabeled
416,0.02142336405813694,0,0,unlabeled
417,3.3653843729553046e-06,0,0,unlabeled
418,0.013715616427361965,0,0,train
419,0.00791334267705679,0,0,unlabeled
420,0.029096798971295357,0,0,unlabeled
421,2.4182024844776606e-06,0,0,unlabeled
422,5.12571023136843e-06,0,0,unlabeled
423,3.5732575724978233e-06,0,0,unlabeled
424,0.003335342276841402,0,0,train
425,5.12571023136843e-06,0,0,unlabeled
426,3.5732575724978233e-06,0,0,unlabeled
427,4.693264887833948e-09,0,0,unlabeled
428,0.1389418989419937,0,0,unlabeled
429,1.0996398930318563e-10,0,0,unlabeled
430,1.169408125889504e-08,0,0,unlabeled
431,0.5936698317527771,0,0,unlabeled
432,0.049095865339040756,0,0,unlabeled
433,9.776964725460857e-05,0,1,unlabeled
434,0.9663786292076111,1,1,train
435,0.3896392583847046,0,0,val
436,1.0706025932449847e-06,0,0,unlabeled
437,0.9245221018791199,1,1,unlabeled
438,0.04172075167298317,0,0,unlabeled
439,0.005288503132760525,0,0,unlabeled
440,0.04752923920750618,0,0,unlabeled
441,3.5694768030225532e-06,0,0,unlabeled
442,0.8994067907333374,1,1,train
443,1.4257912539505924e-07,0,0,train
444,0.0014992852229624987,0,0,unlabeled
445,0.0017309190006926656,0,1,unlabeled
446,0.07724856585264206,0,0,train
447,8.26867744763149e-06,0,0,unlabeled
448,1.3715400200453587e-05,0,0,unlabeled
449,0.0012380748521536589,0,0,unlabeled
450,0.00011980209092143923,0,0,val
451,4.3280468275952444e-07,0,0,train
452,0.03127923980355263,0,0,val
453,0.001170721254311502,0,0,unlabeled
454,0.0007616092334501445,0,0,unlabeled
455,3.0011515264050104e-05,0,0,unlabeled
456,0.004117690492421389,0,0,unlabeled
457,0.008616671897470951,0,0,unlabeled
458,3.416017761992407e-07,0,0,unlabeled
459,1.3492029211192857e-05,0,0,unlabeled
460,0.010039365850389004,0,0,unlabeled
461,6.2054878071649e-06,0,0,unlabeled
462,0.12881313264369965,0,0,val
463,0.6099297404289246,0,0,unlabeled
464,2.059759264191885e-12,0,0,unlabeled
465,6.397022668525043e-12,0,0,val
466,0.08769647032022476,0,0,unlabeled
467,0.675927460193634,0,0,unlabeled
468,1.4451122590242171e-11,0,0,train
469,9.33337782060839e-11,0,0,train
470,0.00016815320122987032,0,0,unlabeled
471,6.620253770961426e-06,0,0,unlabeled
472,0.30413374304771423,0,0,unlabeled
473,0.0005886887665838003,0,0,unlabeled
474,5.129823421157198e-06,0,0,val
475,7.488919484543999e-10,0,0,unlabeled
476,0.012011270970106125,0,0,unlabeled
477,0.00014418917999137193,0,0,unlabeled
478,0.00010428461246192455,0,0,unlabeled
479,0.08671458810567856,0,0,val
480,7.710337376920506e-05,0,0,unlabeled
481,0.003350101877003908,0,0,train
482,0.00013929695705883205,0,0,unlabeled
483,9.808547474676743e-05,0,0,unlabeled
484,8.124791646133472e-17,0,0,unlabeled
485,4.031203570775688e-05,0,0,unlabeled
486,3.0673370929434896e-05,0,0,train
487,0.283596932888031,0,0,unlabeled
488,0.02310597151517868,0,0,train
489,9.206181857734919e-05,0,0,unlabeled
490,0.3044309914112091,0,0,unlabeled
491,0.7735506892204285,1,0,unlabeled
492,0.0022495898883789778,0,0,unlabeled
493,0.1043776124715805,0,0,train
494,0.044744253158569336,0,0,unlabeled
495,0.5366337299346924,0,0,unlabeled
496,1.548636358039701e-10,0,1,unlabeled
497,0.9764774441719055,1,0,unlabeled
498,2.711399460508801e-08,0,0,train
499,8.570949505681824e-11,0,1,unlabeled
500,8.464581466305354e-12,0,0,unlabeled
501,7.643317978534014e-09,0,0,train
502,1.2845958735852037e-05,0,0,unlabeled
503,4.473252374737058e-06,0,0,val
504,0.005527563393115997,0,0,unlabeled
505,0.005400715861469507,0,0,unlabeled
506,0.0019595276098698378,0,0,val
507,8.280136967186991e-07,0,0,unlabeled
508,0.9617667198181152,1,0,unlabeled
509,1.1613968808887876e-06,0,0,train
510,0.0002039935498032719,0,0,unlabeled
511,0.002775016240775585,0,0,unlabeled
512,2.8973204280191567e-06,0,0,unlabeled
513,0.6454470157623291,0,0,unlabeled
514,0.005026550963521004,0,0,unlabeled
515,2.259363463963382e-05,0,0,unlabeled
516,3.6745317629538476e-05,0,0,val
517,3.454747954378945e-08,0,0,unlabeled
518,0.0005519915139302611,0,0,unlabeled
519,0.0006361324340105057,0,0,unlabeled
520,0.02160838060081005,0,0,unlabeled
521,0.018418433144688606,0,0,unlabeled
522,0.06587393581867218,0,0,unlabeled
523,0.12151297181844711,0,0,unlabeled
524,6.373137239279458e-06,0,0,train
525,5.668858875651495e-07,0,0,unlabeled
526,0.0181058868765831,0,1,unlabeled
527,0.018099889159202576,0,0,unlabeled
528,0.9931789636611938,1,0,unlabeled
529,3.2436347444791958e-12,0,0,train
530,0.49513646960258484,0,0,unlabeled
531,7.652131532587259e-12,0,0,unlabeled
532,1.8652153812581673e-05,0,0,unlabeled
533,4.6670080337207764e-05,0,0,train
534,7.423824717989191e-05,0,0,unlabeled
535,2.9023261959082447e-05,0,0,unlabeled
536,4.752797758555971e-05,0,0,train
537,0.00010421690967632458,0,0,unlabeled
538,2.0213353479903162e-07,0,0,unlabeled
539,0.36092621088027954,0,0,unlabeled
540,0.004901200998574495,0,1,unlabeled
541,2.4427273537241945e-09,0,0,unlabeled
542,6.55732321774849e-08,0,0,unlabeled
543,9.766023140400648e-06,0,0,unlabeled
544,0.005401494447141886,0,0,unlabeled
545,0.005685925483703613,0,0,train
546,0.004412443842738867,0,0,val
547,0.010024960152804852,0,0,unlabeled
548,0.0007977555505931377,0,0,unlabeled
549,2.015870137483944e-09,0,0,unlabeled
550,4.203513232614977e-15,0,0,unlabeled
551,0.00011956664820900187,0,0,train
552,3.44866348314099e-05,0,0,unlabeled
553,3.3117942681348876e-16,0,0,unlabeled
554,8.214602712541819e-05,0,0,unlabeled
555,0.00017614282842259854,0,0,unlabeled
556,9.851750655798241e-05,0,0,unlabeled
557,0.0027578307781368494,0,0,unlabeled
558,0.36664286255836487,0,0,val
559,5.070654651717632e-07,0,0,unlabeled
560,8.207115542724353e-11,0,0,unlabeled
561,0.001629436039365828,0,0,unlabeled
562,0.0002963896840810776,0,0,unlabeled
563,1.0935724276350811e-05,0,0,unlabeled
564,0.036642178893089294,0,0,unlabeled
565,0.003783357562497258,0,0,unlabeled
566,0.0005576025578193367,0,0,unlabeled
567,6.797571949768155e-10,0,0,unlabeled
568,6.797571949768155e-10,0,0,unlabeled
569,0.016714638099074364,0,0,unlabeled
570,2.6204677316954417e-10,0,0,val
571,0.0002528893237467855,0,0,unlabeled
572,1.1861440699952172e-15,0,0,unlabeled
573,0.031018003821372986,0,0,train
574,0.003787544323131442,0,0,val
575,2.9909504064562498e-06,0,0,unlabeled
576,4.327239366830327e-06,0,0,unlabeled
577,0.04394129291176796,0,0,unlabeled
578,0.00030214121215976775,0,0,train
579,0.8893618583679199,1,0,unlabeled
580,5.083025667040886e-10,0,0,train
581,3.9349180269709905e-07,0,0,unlabeled
582,0.0009374276269227266,0,0,unlabeled
583,0.02984655275940895,0,0,unlabeled
584,0.00031822637538425624,0,0,train
585,0.02512338198721409,0,0,unlabeled
586,0.008441602811217308,0,0,unlabeled
587,0.0027725985273718834,0,0,unlabeled
588,0.0036181784234941006,0,0,unlabeled
589,0.00023442799283657223,0,0,unlabeled
590,4.530439405244814e-14,0,0,unlabeled
591,0.00036071622162126005,0,0,train
592,0.00028245142311789095,0,0,unlabeled
593,0.0071663400158286095,0,0,unlabeled
594,0.002200807211920619,0,0,unlabeled
595,2.6380080271337647e-06,0,0,val
596,0.000402029458200559,0,0,unlabeled
597,0.008704929612576962,0,0,unlabeled
598,8.246116678378712e-09,0,1,val
599,3.2452561526952195e-08,0,0,unlabeled
600,3.3614192158915035e-13,0,0,unlabeled
601,0.0009657467599026859,0,0,unlabeled
602,0.005223291460424662,0,0,train
603,0.003200093051418662,0,0,unlabeled
604,1.3655996906197787e-12,0,0,unlabeled
605,4.936197717936297e-12,0,0,unlabeled
606,0.0002742064534686506,0,0,unlabeled
607,0.00033606478245928884,0,0,unlabeled
608,0.00044722246821038425,0,0,train
609,0.0019046793458983302,0,0,train
610,0.0152214290574193,0,1,unlabeled
611,0.00184547936078161,0,0,unlabeled
612,3.834426169736102e-17,0,0,unlabeled
613,7.183940535547897e-14,0,0,unlabeled
614,2.2623141424440996e-13,0,0,unlabeled
615,1.1906632289968353e-16,0,0,unlabeled
616,0.003168318420648575,0,0,unlabeled
617,0.00033025629818439484,0,0,unlabeled
618,0.00033025629818439484,0,0,unlabeled
619,4.4515039917314425e-05,0,0,unlabeled
620,1.394149194311467e-06,0,0,unlabeled
621,4.866287781624123e-07,0,0,unlabeled
622,2.449934299875167e-06,0,0,unlabeled
623,0.008934888057410717,0,0,unlabeled
624,0.006389168556779623,0,0,unlabeled
625,8.737634198041633e-05,0,1,unlabeled
626,0.006432401482015848,0,1,unlabeled
627,0.0041915420442819595,0,0,unlabeled
628,0.00496910884976387,0,0,train
629,1.6864295275809127e-06,0,0,unlabeled
630,2.30120065225492e-08,0,0,unlabeled
631,1.2145478400782395e-08,0,0,unlabeled
632,3.59869263775181e-05,0,0,unlabeled
633,0.0037797114346176386,0,0,train
634,0.001339566195383668,0,0,unlabeled
635,0.0006266285199671984,0,0,unlabeled
636,0.0026619164273142815,0,0,unlabeled
637,0.003446758957579732,0,0,unlabeled
638,0.0004505409742705524,0,0,train
639,0.000620131439063698,0,0,unlabeled
640,2.767957266769372e-05,0,0,train
641,0.0015177419409155846,0,1,unlabeled
642,8.592031372245401e-05,0,0,unlabeled
643,3.349835242261179e-05,0,0,train
644,3.1847317586652935e-05,0,0,val
645,0.3867025375366211,0,0,unlabeled
646,1.5059820591641938e-14,0,1,unlabeled
647,0.0679236501455307,0,0,unlabeled
648,7.878677570261061e-05,0,0,train
649,8.790161700744648e-06,0,0,unlabeled
650,5.588124167843489e-07,0,0,unlabeled
651,7.32475768927543e-07,0,0,unlabeled
652,1.0709989055612823e-06,0,0,unlabeled
653,4.061119511789002e-07,0,0,unlabeled
654,0.8582544922828674,1,0,unlabeled
655,0.0014697675360366702,0,0,unlabeled
656,0.0009149248362518847,0,0,unlabeled
657,0.03562159091234207,0,0,unlabeled
658,0.0015701738884672523,0,0,unlabeled
659,0.9459241628646851,1,1,train
660,0.4603317081928253,0,0,unlabeled
661,0.011991392821073532,0,0,unlabeled
662,0.0010058819316327572,0,1,unlabeled
663,0.5209851861000061,0,0,unlabeled
664,0.00646659592166543,0,0,unlabeled
665,0.10317712277173996,0,0,unlabeled
666,0.4000873863697052,0,0,train
667,0.004527183249592781,0,0,unlabeled
668,0.0017041811952367425,0,0,unlabeled
669,1.2010339012387405e-13,0,0,train
670,3.907326754415408e-05,0,0,unlabeled
671,0.00044892862206324935,0,0,unlabeled
672,0.12221900373697281,0,1,unlabeled
673,0.08129317313432693,0,0,unlabeled
674,2.0429047342673812e-11,0,0,train
675,0.0018008289625868201,0,0,train
676,8.356980106327683e-05,0,0,unlabeled
677,2.0952309114363743e-06,0,0,unlabeled
678,5.569316954279202e-07,0,0,unlabeled
679,3.212128945051518e-07,0,0,unlabeled
680,0.00012380188854876906,0,0,unlabeled
681,1.301651306034326e-15,0,0,unlabeled
682,3.549151006154716e-05,0,0,train
683,2.19754447038518e-18,0,0,unlabeled
684,0.0003876634582411498,0,0,unlabeled
685,0.000287789007415995,0,0,unlabeled
686,1.0175507668463979e-05,0,0,unlabeled
687,9.901869416450954e-17,0,1,unlabeled
688,1.0733982236388329e-07,0,0,unlabeled
689,0.00033186370274052024,0,0,unlabeled
690,0.011545255780220032,0,1,unlabeled
691,3.568067404557951e-05,0,0,unlabeled
692,2.422957004455384e-05,0,0,unlabeled
693,2.6570620320853777e-05,0,0,train
694,1.8208500478067435e-05,0,0,train
695,2.9046464987914078e-05,0,0,unlabeled
696,1.0809506420628168e-05,0,0,unlabeled
697,3.2045704978500567e-10,0,0,unlabeled
698,6.935940710661725e-10,0,0,unlabeled
699,2.4546359389532313e-10,0,0,unlabeled
700,8.830459563569093e-08,0,0,unlabeled
701,0.08855154365301132,0,0,train
702,0.8581430912017822,1,1,unlabeled
703,0.027804188430309296,0,0,unlabeled
704,8.747696847422048e-05,0,0,unlabeled
705,0.007740586530417204,0,0,unlabeled
706,1.4396418919204734e-05,0,0,unlabeled
707,1.467821766709676e-05,0,0,val
708,0.007899275980889797,0,0,unlabeled
709,0.891861617565155,1,0,unlabeled
710,0.0008503460558131337,0,0,unlabeled
711,0.0007896631141193211,0,0,unlabeled
712,0.0006076127756386995,0,0,unlabeled
713,3.6761516639671754e-06,0,0,unlabeled
714,0.004115327261388302,0,0,unlabeled
715,0.056207019835710526,0,0,unlabeled
716,1.9177430658601224e-05,0,0,unlabeled
717,2.554108702312874e-09,0,0,unlabeled
718,0.054000984877347946,0,0,unlabeled
719,0.00026125184376724064,0,0,unlabeled
720,2.1991347409766604e-07,0,0,val
721,9.288336144663845e-08,0,0,unlabeled
722,0.09179233014583588,0,0,train
723,0.20504136383533478,0,1,unlabeled
724,0.004492809530347586,0,0,unlabeled
725,0.0006483488832600415,0,0,unlabeled
726,0.6687406301498413,0,0,unlabeled
727,0.0031314685475081205,0,0,unlabeled
728,0.0062672351486980915,0,0,unlabeled
729,7.749634267639749e-11,0,0,unlabeled
730,2.448786915465462e-07,0,0,train
731,1.3591373360100079e-08,0,0,unlabeled
732,0.015303423628211021,0,0,unlabeled
733,3.1308170491683995e-06,0,0,train
734,0.00026470181182958186,0,0,unlabeled
735,0.00015031736984383315,0,0,unlabeled
736,1.982115463761147e-06,0,0,train
737,0.0003418235282879323,0,0,unlabeled
738,0.10918445885181427,0,0,unlabeled
739,9.964085620595142e-05,0,0,unlabeled
740,0.02834140881896019,0,1,unlabeled
741,2.665535248524975e-06,0,0,unlabeled
742,0.00043977246969006956,0,0,unlabeled
743,0.00023063883418217301,0,0,unlabeled
744,0.01528234500437975,0,0,unlabeled
745,2.2588852514296605e-14,0,0,train
746,1.2905981748190243e-05,0,0,unlabeled
747,0.975839376449585,1,0,val
748,0.001011908520013094,0,0,unlabeled
749,0.9894201755523682,1,0,unlabeled
750,0.9686049222946167,1,0,unlabeled
751,7.926511358391508e-08,0,0,unlabeled
752,2.6599941520544235e-06,0,0,unlabeled
753,6.0214297263883054e-06,0,0,unlabeled
754,3.3419993883399e-08,0,0,unlabeled
755,0.7559385895729065,1,0,unlabeled
756,0.05422670394182205,0,0,unlabeled
757,0.10093561559915543,0,0,unlabeled
758,0.007524808403104544,0,0,unlabeled
759,0.007524808403104544,0,0,train
760,0.0019375999690964818,0,0,unlabeled
761,0.002861936576664448,0,0,unlabeled
762,2.118226113175664e-13,0,0,unlabeled
763,0.0002588813949842006,0,0,unlabeled
764,1.6236375813605264e-05,0,0,unlabeled
765,2.766035436252423e-07,0,0,unlabeled
766,3.241913848484046e-09,0,0,unlabeled
767,1.5114247844394413e-06,0,0,unlabeled
768,0.0006514712586067617,0,0,unlabeled
769,0.0004998642252758145,0,0,unlabeled
770,0.00012152925046393648,0,0,unlabeled
771,7.510380761743818e-09,0,0,unlabeled
772,1.695150686487068e-10,0,0,train
773,0.00029129977338016033,0,0,unlabeled
774,0.9757156372070312,1,1,unlabeled
775,1.51812315607458e-07,0,0,train
776,0.0026210793294012547,0,0,train
777,4.540838563116267e-05,0,0,unlabeled
778,0.03407982736825943,0,0,unlabeled
779,0.9974032044410706,1,1,unlabeled
780,0.9452571272850037,1,1,unlabeled
781,4.5454402425093576e-05,0,0,unlabeled
782,0.021128548309206963,0,0,unlabeled
783,0.9981259703636169,1,1,unlabeled
784,3.355692751938477e-05,0,0,unlabeled
785,0.039805036038160324,0,0,unlabeled
786,0.03273085132241249,0,0,unlabeled
787,0.03273085132241249,0,0,unlabeled
788,0.00022687739692628384,0,0,unlabeled
789,0.03292241320014,0,0,train
790,0.039805036038160324,0,0,unlabeled
791,0.021560300141572952,0,0,val
792,0.004003849346190691,0,0,train
793,0.03265644609928131,0,0,unlabeled
794,5.322145079844631e-05,0,0,unlabeled
795,0.24234317243099213,0,0,unlabeled
796,6.7463402046996634e-06,0,0,unlabeled
797,0.0013303991872817278,0,0,unlabeled
798,1.554240043333266e-06,0,0,unlabeled
799,2.4060412329163228e-08,0,1,unlabeled
800,6.832405474721526e-11,0,0,unlabeled
801,2.8402077911771073e-10,0,0,unlabeled
802,7.719460768385034e-07,0,0,unlabeled
803,1.910605533339549e-05,0,0,train
804,0.020440252497792244,0,0,unlabeled
805,1.1428302748583974e-09,0,0,val
806,4.248678123985883e-06,0,0,unlabeled
807,2.574776954133995e-05,0,0,unlabeled
808,4.68254838779103e-05,0,0,unlabeled
809,7.228940376080573e-06,0,0,unlabeled
810,1.7305969157721535e-10,0,0,train
811,0.005263954866677523,0,0,unlabeled
812,0.0010682783322408795,0,0,unlabeled
813,4.471815918805078e-05,0,0,unlabeled
814,3.579808981157839e-05,0,0,val
815,0.005602454766631126,0,0,unlabeled
816,0.19961024820804596,0,0,unlabeled
817,0.016863562166690826,0,0,unlabeled
818,0.0033208965323865414,0,0,train
819,0.008990699425339699,0,0,unlabeled
820,0.16255484521389008,0,1,unlabeled
821,4.232209539623e-05,0,0,unlabeled
822,0.01409087423235178,0,0,unlabeled
823,0.003746244590729475,0,0,unlabeled
824,0.1207641214132309,0,0,val
825,0.001930337049998343,0,0,unlabeled
826,0.000175530047272332,0,0,unlabeled
827,0.9231736063957214,1,1,unlabeled
828,7.53794884076342e-05,0,0,unlabeled
829,0.001105974311940372,0,0,unlabeled
830,0.0008986796601675451,0,0,unlabeled
831,1.0580207572274958e-06,0,1,unlabeled
832,0.5625842213630676,0,1,unlabeled
833,0.7886444330215454,1,0,unlabeled
834,0.0005752873839810491,0,0,unlabeled
835,0.0013376602437347174,0,1,unlabeled
836,0.9204766154289246,1,1,unlabeled
837,0.8020191192626953,1,1,unlabeled
838,0.9031077027320862,1,1,train
839,0.0068658520467579365,0,0,unlabeled
840,0.006518576294183731,0,0,unlabeled
841,0.9956181049346924,1,0,unlabeled
842,0.9965751767158508,1,0,unlabeled
843,0.00034989361301995814,0,0,train
844,0.02431326173245907,0,1,unlabeled
845,0.027866065502166748,0,1,unlabeled
846,7.697364708292298e-06,0,0,unlabeled
847,0.168455570936203,0,0,unlabeled
848,0.9914727210998535,1,0,unlabeled
849,1.648463512538001e-05,0,0,unlabeled
850,0.0007449857075698674,0,0,unlabeled
851,0.00025468081003054976,0,0,unlabeled
852,0.009136781096458435,0,0,train
853,3.989427099782006e-08,0,0,unlabeled
854,0.010178647004067898,0,0,unlabeled
855,0.10309189558029175,0,0,unlabeled
856,0.00019608708680607378,0,0,train
857,0.0003165201924275607,0,0,unlabeled
858,1.223718903986537e-08,0,0,train
859,2.292488742513133e-14,0,0,val
860,0.0022931667044758797,0,1,unlabeled
861,0.41922950744628906,0,0,unlabeled
862,0.0009073448018170893,0,0,unlabeled
863,0.004077558871358633,0,0,unlabeled
864,0.0007805002387613058,0,0,val
865,0.04148302599787712,0,0,unlabeled
866,0.01683318242430687,0,0,unlabeled
867,0.9857627153396606,1,1,unlabeled
868,0.09496613591909409,0,0,unlabeled
869,0.00621520821005106,0,0,train
870,5.03076746927178e-10,0,0,unlabeled
871,4.8842299094076225e-08,0,0,train
872,0.020183870568871498,0,0,unlabeled
873,0.02996387891471386,0,1,unlabeled
874,0.018369846045970917,0,0,train
875,0.0007020125049166381,0,0,unlabeled
876,0.013448268175125122,0,1,unlabeled
877,4.3348418898858654e-07,0,0,unlabeled
878,3.399280856797304e-08,0,0,train
879,0.0001209880065289326,0,1,unlabeled
880,0.000902531377505511,0,0,unlabeled
881,0.9177930355072021,1,0,val
882,1.512301605544053e-05,0,0,unlabeled
883,3.376754466444254e-05,0,0,unlabeled
884,9.30484602577053e-05,0,0,train
885,0.0006644165841862559,0,0,train
886,0.000625391083303839,0,0,train
887,0.6922107934951782,0,0,unlabeled
888,0.0006428934866562486,0,0,unlabeled
889,0.7349399924278259,1,0,unlabeled
890,0.0008753009024076164,0,0,unlabeled
891,0.012043382041156292,0,0,unlabeled
892,0.0007184986607171595,0,0,unlabeled
893,0.006709456443786621,0,0,unlabeled
894,0.008557051420211792,0,0,unlabeled
895,5.162512127857011e-13,0,0,unlabeled
896,1.6701515050954185e-05,0,0,unlabeled
897,0.2519434690475464,0,0,unlabeled
898,0.00776039669290185,0,0,unlabeled
899,1.6701515050954185e-05,0,0,unlabeled
900,6.701302481815219e-05,0,0,unlabeled
901,0.00046063115587458014,0,0,unlabeled
902,9.803292755350412e-08,0,0,unlabeled
903,5.158462954568677e-06,0,0,train
904,2.495701664884109e-05,0,1,unlabeled
905,0.8513496518135071,1,1,train
906,0.819463312625885,1,1,unlabeled
907,0.9131243824958801,1,1,train
908,0.4813116788864136,0,1,unlabeled
909,1.5851298940106062e-08,0,0,unlabeled
910,2.4298026346514234e-06,0,0,train
911,3.777287020056974e-06,0,0,unlabeled
912,3.4427582704665838e-06,0,0,train
913,0.7483506798744202,1,0,unlabeled
914,0.9094523191452026,1,1,train
915,0.10630179196596146,0,0,unlabeled
916,0.002995495218783617,0,0,unlabeled
917,0.0020288291852921247,0,0,unlabeled
918,0.11848694086074829,0,0,train
919,1.0681479807317373e-06,0,0,unlabeled
920,7.715493848081678e-05,0,0,unlabeled
921,4.5803388859511074e-10,0,0,unlabeled
922,1.114745962205177e-09,0,0,train
923,8.751818825203372e-08,0,0,train
924,0.00043996283784508705,0,1,unlabeled
925,0.0015732222236692905,0,0,unlabeled
926,0.99482262134552,1,0,unlabeled
927,4.510580765781924e-05,0,0,unlabeled
928,4.745601927425014e-06,0,0,unlabeled
929,3.838815319768228e-14,0,0,unlabeled
930,0.0023102588020265102,0,0,unlabeled
931,1.008642769306789e-08,0,0,unlabeled
932,8.765558959566988e-06,0,0,unlabeled
933,4.678975983551936e-06,0,0,unlabeled
934,1.1404726940611454e-08,0,0,unlabeled
935,3.3887208594762797e-09,0,0,unlabeled
936,0.609291136264801,0,0,unlabeled
937,8.158124139613383e-15,0,0,val
938,7.286558684427291e-05,0,0,train
939,9.272665010939818e-06,0,0,unlabeled
940,4.5745377263983755e-08,0,0,train
941,2.9987134997355724e-10,0,0,unlabeled
942,0.25219690799713135,0,0,unlabeled
943,0.002434870693832636,0,0,train
944,0.0002721948258113116,0,0,unlabeled
945,2.733457222348079e-05,0,0,unlabeled
946,2.953490728767948e-17,0,0,unlabeled
947,2.586629079814884e-07,0,0,unlabeled
948,0.5391426682472229,0,1,unlabeled
949,0.00018578946765046567,0,0,unlabeled
950,0.12308105826377869,0,0,unlabeled
951,0.1374652087688446,0,0,train
952,1.2550027349789161e-05,0,0,unlabeled
953,2.252516253520298e-07,0,0,train
954,0.13615718483924866,0,0,unlabeled
955,0.19467008113861084,0,0,unlabeled
956,0.06909973919391632,0,0,unlabeled
957,0.322422057390213,0,0,unlabeled
958,0.316183865070343,0,0,unlabeled
959,2.300376991115627e-06,0,0,train
960,1.4619043895436334e-06,0,0,unlabeled
961,0.003748747520148754,0,0,val
962,2.8605631996470038e-06,0,0,unlabeled
963,4.598917075782083e-05,0,0,train
964,0.0009107631049118936,0,0,unlabeled
965,0.00010916557221207768,0,0,unlabeled
966,0.00015914891264401376,0,0,unlabeled
967,7.933189105635563e-10,0,0,unlabeled
968,0.00021011436183471233,0,0,unlabeled
969,0.992919385433197,1,0,unlabeled
970,0.9990420937538147,1,0,unlabeled
971,0.012720336206257343,0,0,val
972,8.222333924834402e-10,0,0,unlabeled
973,0.00013773432874586433,0,0,unlabeled
974,2.8849844966316596e-06,0,0,unlabeled
975,0.24241112172603607,0,0,train
976,3.901905984093901e-06,0,0,unlabeled
977,0.0003581331402529031,0,0,unlabeled
978,0.0069602481089532375,0,0,train
979,1.1043991648930149e-13,0,0,unlabeled
980,1.6560559686269218e-14,0,0,unlabeled
981,0.023190151900053024,0,0,unlabeled
982,0.7206733822822571,1,0,unlabeled
983,3.584707519621588e-05,0,0,unlabeled
984,0.012208827771246433,0,0,unlabeled
985,0.017216641455888748,0,0,unlabeled
986,6.078875230741687e-05,0,0,unlabeled
987,2.4962324459920637e-05,0,0,unlabeled
988,0.010037892498075962,0,0,unlabeled
989,0.008786896243691444,0,0,train
990,2.6418476863909746e-06,0,0,unlabeled
991,0.5644946098327637,0,1,unlabeled
992,4.042821615257708e-07,0,0,unlabeled
993,0.4399401545524597,0,1,unlabeled
994,0.36971673369407654,0,0,unlabeled
995,8.727491513127461e-05,0,0,train
996,2.0031639280659874e-07,0,0,unlabeled
997,0.009441768750548363,0,0,unlabeled
998,9.027186752064154e-05,0,0,unlabeled
999,3.365047086845152e-05,0,0,train
1000,0.033500514924526215,0,0,unlabeled
1001,1.6122001511575945e-08,0,0,unlabeled
1002,9.248794091698542e-11,0,0,unlabeled
1003,0.00026722560869529843,0,0,unlabeled
1004,0.18174605071544647,0,0,unlabeled
1005,0.7768902778625488,1,0,unlabeled
1006,0.0430210642516613,0,0,unlabeled
1007,0.9862857460975647,1,0,unlabeled
1008,0.08711694180965424,0,0,unlabeled
1009,1.4216800536814844e-06,0,0,unlabeled
1010,0.0004902848158963025,0,0,unlabeled
1011,0.006545990239828825,0,0,unlabeled
1012,0.00015680582146160305,0,0,unlabeled
1013,3.9833310261361277e-11,0,0,unlabeled
1014,2.65736580331577e-05,0,0,unlabeled
1015,0.021595360711216927,0,0,unlabeled
1016,1.2737094365333768e-12,0,0,unlabeled
1017,0.0005200097220949829,0,0,unlabeled
1018,0.0004947185516357422,0,0,unlabeled
1019,0.0003305583668407053,0,0,unlabeled
1020,6.991638656472787e-06,0,0,unlabeled
1021,1.5436266039614566e-05,0,0,val
1022,0.9508332014083862,1,1,train
1023,0.001680506393313408,0,0,unlabeled
1024,2.449032194817846e-07,0,0,unlabeled
1025,3.1288651371141896e-05,0,0,unlabeled
1026,0.004488252568989992,0,0,unlabeled
1027,0.4279744029045105,0,1,unlabeled
1028,0.0003252255264669657,0,0,unlabeled
1029,6.989952794356213e-07,0,1,unlabeled
1030,0.004790790844708681,0,0,unlabeled
1031,0.0036389969754964113,0,0,val
1032,0.8833236694335938,1,0,val
1033,0.9379942417144775,1,0,unlabeled
1034,1.769447274012142e-15,0,1,unlabeled
1035,0.002302676672115922,0,0,unlabeled
1036,0.213264599442482,0,0,unlabeled
1037,0.026607083156704903,0,0,train
1038,0.012687036767601967,0,0,unlabeled
1039,2.087960183416726e-06,0,0,unlabeled
1040,2.052435547739151e-06,0,1,unlabeled
1041,0.0014928841264918447,0,0,unlabeled
1042,0.00012998533202335238,0,1,unlabeled
1043,3.213642130184269e-10,0,0,unlabeled
1044,0.0002786059631034732,0,0,unlabeled
1045,0.0005551115609705448,0,0,unlabeled
1046,0.04378416761755943,0,0,unlabeled
1047,0.0006471314700320363,0,0,unlabeled
1048,0.27381211519241333,0,0,unlabeled
1049,0.0005190044757910073,0,0,unlabeled
1050,0.026602132245898247,0,0,train
1051,1.1021990611870258e-11,0,0,unlabeled
1052,0.03488229215145111,0,0,unlabeled
1053,0.9998303651809692,1,1,unlabeled
1054,0.001118566608056426,0,0,unlabeled
1055,0.00019032330601476133,0,0,unlabeled
1056,9.252042218577117e-05,0,0,unlabeled
1057,0.003122713416814804,0,0,unlabeled
1058,0.00016225792933255434,0,0,unlabeled
1059,0.058342862874269485,0,1,unlabeled
1060,1.7254873455385678e-05,0,0,unlabeled
1061,0.03856971859931946,0,0,train
1062,0.062452055513858795,0,0,unlabeled
1063,0.22090531885623932,0,0,unlabeled
1064,0.0021541148889809847,0,0,unlabeled
1065,0.0780690535902977,0,0,unlabeled
1066,9.343351092816476e-11,0,0,unlabeled
1067,5.029879685025662e-05,0,0,unlabeled
1068,0.0510580912232399,0,0,unlabeled
1069,0.09819623827934265,0,0,train
1070,1.7961459889193065e-05,0,0,unlabeled
1071,0.13955363631248474,0,0,unlabeled
1072,0.008993920870125294,0,0,unlabeled
1073,0.024396302178502083,0,0,unlabeled
1074,2.2002031982992776e-05,0,0,unlabeled
1075,0.07025566697120667,0,0,unlabeled
1076,0.20569650828838348,0,0,unlabeled
1077,0.04388377442955971,0,0,unlabeled
1078,4.050489224027842e-06,0,0,unlabeled
1079,0.00012044515460729599,0,0,unlabeled
1080,0.00024886589380912483,0,0,unlabeled
1081,0.595130980014801,0,0,unlabeled
1082,0.5785868763923645,0,0,unlabeled
1083,1.840850245571346e-06,0,0,unlabeled
1084,0.0007654093205928802,0,0,unlabeled
1085,1.0506484181179034e-16,0,0,unlabeled
1086,4.269363454347669e-13,0,1,unlabeled
1087,0.012423889711499214,0,1,unlabeled
1088,4.901331180917623e-07,0,0,train
1089,0.000756931840442121,0,0,unlabeled
1090,1.2041734862577869e-06,0,0,val
1091,1.9794841321640888e-08,0,0,unlabeled
1092,9.675306500867009e-05,0,0,unlabeled
1093,0.001145318616181612,0,0,train
1094,0.00178952282294631,0,0,unlabeled
1095,2.585670122456918e-09,0,1,unlabeled
1096,0.09183964878320694,0,0,train
1097,0.0006135832518339157,0,0,unlabeled
1098,9.563133789924905e-05,0,0,unlabeled
1099,0.07266865670681,0,0,unlabeled
1100,0.6017395257949829,0,0,unlabeled
1101,0.2996612787246704,0,0,unlabeled
1102,0.020709550008177757,0,0,unlabeled
1103,0.005763813387602568,0,0,unlabeled
1104,4.9736384999343427e-17,0,0,unlabeled
1105,7.499182386183634e-10,0,0,val
1106,1.1833859359013793e-13,0,1,unlabeled
1107,0.058974623680114746,0,0,unlabeled
1108,0.010646551847457886,0,0,unlabeled
1109,0.8337600231170654,1,1,train
1110,0.05384735018014908,0,0,unlabeled
1111,0.0004394979914650321,0,0,unlabeled
1112,5.027506176702445e-06,0,0,unlabeled
1113,0.0004070615104865283,0,0,unlabeled
1114,0.9958510398864746,1,1,unlabeled
1115,0.00018637000175658613,0,1,unlabeled
1116,0.9904372096061707,1,0,unlabeled
1117,0.0010303313611075282,0,0,train
1118,0.9876950979232788,1,0,unlabeled
1119,0.028834916651248932,0,0,train
1120,0.00037276025977917016,0,0,unlabeled
1121,0.04050026834011078,0,0,unlabeled
1122,0.044946737587451935,0,0,unlabeled
1123,0.1255943924188614,0,0,train
1124,0.17755009233951569,0,0,train
1125,5.946456440142356e-06,0,0,unlabeled
1126,0.5274090766906738,0,0,train
1127,0.005883508361876011,0,0,unlabeled
1128,8.555111064012522e-10,0,0,train
1129,0.0001745925983414054,0,0,unlabeled
1130,7.52730411477387e-05,0,0,unlabeled
1131,0.003808725392445922,0,0,train
1132,0.003902980126440525,0,0,unlabeled
1133,6.484386631200323e-06,0,0,val
1134,0.0003280105593148619,0,0,unlabeled
1135,6.901536835357547e-07,0,0,unlabeled
1136,0.530653178691864,0,1,unlabeled
1137,0.18490339815616608,0,1,unlabeled
1138,0.9946350455284119,1,0,unlabeled
1139,0.007747944910079241,0,0,unlabeled
1140,0.08070160448551178,0,0,unlabeled
1141,0.9997041821479797,1,0,unlabeled
1142,0.9957692623138428,1,0,val
1143,0.00271856551989913,0,0,train
1144,0.0037971765268594027,0,0,unlabeled
1145,5.11153630213812e-05,0,0,unlabeled
1146,0.002750108251348138,0,0,unlabeled
1147,0.9359995722770691,1,0,unlabeled
1148,8.684134627401363e-06,0,0,train
1149,2.199036862293724e-05,0,0,unlabeled
1150,5.11153630213812e-05,0,0,unlabeled
1151,3.480842133285478e-05,0,0,unlabeled
1152,0.9981741905212402,1,1,unlabeled
1153,0.9949291944503784,1,0,val
1154,0.00021442805882543325,0,1,val
1155,0.007537749595940113,0,1,unlabeled
1156,0.0004892493016086519,0,0,train
1157,0.0004892493016086519,0,0,unlabeled
1158,9.556666168055589e-14,0,0,unlabeled
1159,0.0004892493016086519,0,0,val
1160,0.004560183268040419,0,0,train
1161,0.0009363479912281036,0,0,unlabeled
1162,1.7134276220076572e-08,0,0,unlabeled
1163,5.728686839137631e-13,0,0,unlabeled
1164,0.00045755665632896125,0,0,unlabeled
1165,9.217415936291218e-05,0,0,train
1166,0.9468126893043518,1,0,unlabeled
1167,0.031136129051446915,0,0,unlabeled
1168,0.006186472252011299,0,0,unlabeled
1169,0.005020447075366974,0,0,unlabeled
1170,0.0023070804309099913,0,0,unlabeled
1171,1.282841640204424e-05,0,0,unlabeled
1172,5.4013096217886414e-08,0,0,unlabeled
1173,0.012989691458642483,0,0,unlabeled
1174,0.004897251725196838,0,0,unlabeled
1175,2.6061650615361032e-08,0,0,unlabeled
1176,7.406246731989086e-05,0,0,unlabeled
1177,0.07135187089443207,0,0,val
1178,0.061280399560928345,0,0,train
1179,0.04967218264937401,0,0,unlabeled
1180,8.98246798897162e-06,0,0,unlabeled
1181,0.0008353927405551076,0,0,unlabeled
1182,0.010489041917026043,0,0,unlabeled
1183,8.54801619425416e-05,0,0,unlabeled
1184,0.0013764080358669162,0,0,unlabeled
1185,1.0224036894879163e-10,0,0,unlabeled
1186,0.001751361065544188,0,0,unlabeled
1187,0.07567549496889114,0,1,unlabeled
1188,0.0011506139999255538,0,0,unlabeled
1189,0.07843324542045593,0,0,train
1190,2.5021115845902386e-08,0,0,unlabeled
1191,0.0006371529889293015,0,0,unlabeled
1192,0.018210649490356445,0,0,unlabeled
1193,2.595220621515182e-06,0,0,unlabeled
1194,0.00010746212501544505,0,0,unlabeled
1195,2.4711446258152137e-06,0,0,train
1196,0.00046665719128213823,0,0,unlabeled
1197,4.668902420235099e-06,0,0,unlabeled
1198,0.02173958159983158,0,0,unlabeled
1199,0.0027738274075090885,0,0,train
1200,0.007126342970877886,0,0,unlabeled
1201,0.0033283464144915342,0,0,unlabeled
1202,6.393812509486452e-05,0,0,unlabeled
1203,0.08181469887495041,0,0,unlabeled
1204,0.08554857224225998,0,0,unlabeled
1205,0.8974511623382568,1,0,unlabeled
1206,1.3220412142800342e-07,0,0,unlabeled
1207,4.341908424976282e-05,0,0,val
1208,0.03177717700600624,0,0,unlabeled
1209,0.4415035545825958,0,0,unlabeled
1210,0.08347537368535995,0,0,unlabeled
1211,0.027115095406770706,0,0,unlabeled
1212,0.0016288241604343057,0,0,unlabeled
1213,0.08181469887495041,0,0,train
1214,0.0017096494557335973,0,0,unlabeled
1215,0.028629332780838013,0,0,unlabeled
1216,0.3622822165489197,0,1,unlabeled
1217,4.993847514915748e-17,0,0,unlabeled
1218,0.9844502806663513,1,1,train
1219,0.41677016019821167,0,1,unlabeled
1220,0.00037082788185216486,0,0,unlabeled
1221,0.052234113216400146,0,0,train
1222,0.027167020365595818,0,0,unlabeled
1223,0.06423819810152054,0,0,train
1224,0.8897976279258728,1,0,val
1225,0.261755108833313,0,0,train
1226,0.8689259886741638,1,0,unlabeled
1227,0.00018294657638762146,0,0,unlabeled
1228,0.0004206082958262414,0,0,unlabeled
1229,0.018139386549592018,0,1,unlabeled
1230,4.674302090279525e-06,0,0,unlabeled
1231,0.003505055559799075,0,0,unlabeled
1232,0.003039389383047819,0,0,unlabeled
1233,0.0015968781663104892,0,0,unlabeled
1234,0.0001985961862374097,0,0,unlabeled
1235,7.523507520090789e-05,0,0,train
1236,0.25307026505470276,0,0,unlabeled
1237,5.671850431099301e-06,0,0,val
1238,0.00642775883898139,0,0,train
1239,0.9989500641822815,1,0,unlabeled
1240,0.00013383936311583966,0,0,unlabeled
1241,0.0005652466206811368,0,0,unlabeled
1242,0.0037126599345356226,0,0,unlabeled
1243,0.0040421392768621445,0,0,unlabeled
1244,0.004590674303472042,0,0,unlabeled
1245,2.0297788694279006e-07,0,1,unlabeled
1246,0.00024540317826904356,0,0,unlabeled
1247,0.015005202032625675,0,0,unlabeled
1248,0.010185015387833118,0,0,unlabeled
1249,2.1173292452658643e-07,0,0,unlabeled
1250,3.509532234602375e-06,0,0,unlabeled
1251,2.3243298983288696e-06,0,0,unlabeled
1252,2.1761388779850677e-06,0,0,unlabeled
1253,0.415609210729599,0,0,unlabeled
1254,3.53197998625987e-10,0,0,unlabeled
1255,4.292287849239074e-05,0,0,unlabeled
1256,1.7028092770488e-05,0,0,train
1257,0.017186878249049187,0,0,unlabeled
1258,6.780133844586089e-05,0,0,unlabeled
1259,1.3271129262193426e-07,0,0,train
1260,3.985893727076473e-06,0,0,unlabeled
1261,2.7292355753161246e-07,0,0,unlabeled
1262,2.7069947464042343e-05,0,0,unlabeled
1263,0.00022176308266352862,0,0,unlabeled
1264,0.011717991903424263,0,0,unlabeled
1265,0.021945040673017502,0,0,unlabeled
1266,0.006501574534922838,0,1,unlabeled
1267,0.9990867376327515,1,0,unlabeled
1268,0.33951669931411743,0,0,val
1269,5.546408488044108e-07,0,0,val
1270,0.9994301199913025,1,0,unlabeled
1271,8.979151607491076e-05,0,0,unlabeled
1272,1.195033248789848e-13,0,0,val
1273,6.380686681950465e-05,0,0,train
1274,3.667711894195236e-07,0,0,unlabeled
1275,3.131545599899255e-05,0,0,train
1276,0.9994301199913025,1,0,unlabeled
1277,0.32300594449043274,0,0,unlabeled
1278,0.0024692979641258717,0,0,unlabeled
1279,0.0008916486985981464,0,0,unlabeled
1280,1.9771182024896916e-08,0,0,unlabeled
1281,3.8704118196619675e-05,0,0,train
1282,5.901142488853558e-16,0,0,unlabeled
1283,0.00509738689288497,0,1,unlabeled
1284,4.758067007060163e-05,0,0,unlabeled
1285,1.103826896553528e-08,0,0,train
1286,6.43950334051624e-05,0,0,train
1287,2.3895348931546323e-05,0,0,train
1288,0.04388425499200821,0,0,unlabeled
1289,0.0014944011345505714,0,0,unlabeled
1290,0.029417699202895164,0,0,unlabeled
1291,1.5956647985149175e-05,0,0,unlabeled
1292,0.0003119560715276748,0,0,train
1293,4.688892119020238e-08,0,1,unlabeled
1294,4.0012355384533294e-07,0,1,unlabeled
1295,1.2462698578019626e-05,0,0,train
1296,0.0012268107384443283,0,0,unlabeled
1297,0.005993974395096302,0,0,train
1298,0.1661110520362854,0,0,unlabeled
1299,0.000980548094958067,0,0,unlabeled
1300,0.0007548184366896749,0,0,train
1301,0.9978779554367065,1,0,val
1302,0.004661379847675562,0,0,unlabeled
1303,0.0008281050832010806,0,0,train
1304,2.260343762827688e-06,0,0,unlabeled
1305,9.02417377801612e-05,0,0,unlabeled
1306,0.9527454376220703,1,1,train
1307,0.9988369345664978,1,0,val
1308,0.48956242203712463,0,0,unlabeled
1309,0.9935535192489624,1,0,unlabeled
1310,0.00023858762870077044,0,0,unlabeled
1311,3.415023093111813e-05,0,0,train
1312,0.5457324981689453,0,0,unlabeled
1313,0.6403279900550842,0,0,unlabeled
1314,4.138727582869706e-09,0,0,unlabeled
1315,0.0005409424775280058,0,0,train
1316,0.0005891863256692886,0,0,unlabeled
1317,0.0017759331967681646,0,0,unlabeled
1318,0.0008484820718877017,0,0,unlabeled
1319,1.7520875417176285e-08,0,0,val
1320,1.471429023069959e-08,0,0,unlabeled
1321,0.005783609580248594,0,0,unlabeled
1322,0.0005092562641948462,0,0,val
1323,0.00558776268735528,0,0,unlabeled
1324,0.00017794506857171655,0,0,unlabeled
1325,0.015022768639028072,0,0,train
1326,5.4071171504002993e-14,0,0,unlabeled
1327,3.389799167052843e-05,0,0,train
1328,0.00020741188200190663,0,0,unlabeled
1329,0.0012816283851861954,0,0,unlabeled
1330,0.00036407620063982904,0,0,unlabeled
1331,0.00015707369311712682,0,0,unlabeled
1332,6.804511940572411e-07,0,0,unlabeled
1333,3.021696102223359e-05,0,1,unlabeled
1334,0.00016433800919912755,0,0,unlabeled
1335,0.0006140235345810652,0,0,unlabeled
1336,0.3897850215435028,0,1,unlabeled
1337,1.9472865915304283e-06,0,0,unlabeled
1338,2.9549546525231563e-06,0,0,train
1339,0.01361890695989132,0,0,val
1340,0.002905653091147542,0,0,unlabeled
1341,0.0038805778604000807,0,0,unlabeled
1342,0.017624275758862495,0,0,unlabeled
1343,3.4129318464692915e-06,0,0,unlabeled
1344,0.47989606857299805,0,1,unlabeled
1345,0.03503834083676338,0,1,unlabeled
1346,0.006319072563201189,0,0,unlabeled
1347,0.08516518771648407,0,0,train
1348,0.5601568222045898,0,1,unlabeled
1349,0.07133707404136658,0,1,unlabeled
1350,0.0029923594556748867,0,0,unlabeled
1351,0.0007847385131753981,0,0,unlabeled
1352,0.0007383349584415555,0,0,train
1353,3.258730430388823e-06,0,0,unlabeled
1354,0.00012732390314340591,0,0,unlabeled
1355,1.9506751414155588e-05,0,0,unlabeled
1356,0.0024461487773805857,0,0,unlabeled
1357,3.633384437762288e-08,0,0,unlabeled
1358,0.03058195672929287,0,1,unlabeled
1359,0.029623890295624733,0,0,unlabeled
1360,7.421326154144481e-05,0,0,unlabeled
1361,0.00013349294022191316,0,0,unlabeled
1362,0.10078079253435135,0,0,unlabeled
1363,0.7042288780212402,0,1,unlabeled
1364,1.9495817468850873e-05,0,0,unlabeled
1365,0.0027999351732432842,0,0,train
1366,0.00043886707862839103,0,0,unlabeled
1367,0.6504957675933838,0,0,unlabeled
1368,0.0028700637631118298,0,0,unlabeled
1369,7.73303025346922e-13,0,0,unlabeled
1370,0.0008030245662666857,0,0,unlabeled
1371,0.34491589665412903,0,0,unlabeled
1372,0.9995490908622742,1,0,unlabeled
1373,0.9997376799583435,1,0,unlabeled
1374,0.2253076434135437,0,0,unlabeled
1375,0.0004256627580616623,0,0,unlabeled
1376,1.8488431408059114e-07,0,0,train
1377,4.6384695906454e-07,0,0,unlabeled
1378,0.0364629365503788,0,0,train
1379,0.009915855713188648,0,0,unlabeled
1380,0.026613160967826843,0,0,unlabeled
1381,0.0041110399179160595,0,0,unlabeled
1382,0.9721651673316956,1,0,unlabeled
1383,0.0004752475651912391,0,0,unlabeled
1384,8.853047006596171e-07,0,0,train
1385,2.7103733373223804e-05,0,0,unlabeled
1386,0.8360100984573364,1,0,unlabeled
1387,0.1345883160829544,0,0,unlabeled
1388,0.00011908057058462873,0,0,unlabeled
1389,0.00021665536041837186,0,0,unlabeled
1390,2.634490010677837e-05,0,0,unlabeled
1391,0.019100753590464592,0,0,train
1392,0.1248365268111229,0,0,unlabeled
1393,1.845902275476874e-08,0,0,train
1394,0.8121558427810669,1,0,unlabeled
1395,0.6438621878623962,0,0,val
1396,7.516257755924016e-05,0,0,unlabeled
1397,1.386999048946791e-08,0,0,unlabeled
1398,5.659335897689743e-07,0,0,unlabeled
1399,0.41337162256240845,0,0,unlabeled
1400,7.185180379565281e-07,0,0,unlabeled
1401,7.454509898252581e-08,0,0,unlabeled
1402,0.0008211874519474804,0,1,unlabeled
1403,0.15115562081336975,0,1,unlabeled
1404,0.01188389491289854,0,0,unlabeled
1405,0.9638631343841553,1,1,train
1406,0.0018887781770899892,0,1,unlabeled
1407,5.8169047406408936e-05,0,0,unlabeled
1408,3.899633611581521e-07,0,0,train
1409,3.674433901323937e-05,0,0,unlabeled
1410,0.8647727370262146,1,0,unlabeled
1411,0.1582067906856537,0,0,unlabeled
1412,1.305302532728092e-07,0,1,unlabeled
1413,0.004026034846901894,0,0,unlabeled
1414,0.012671617791056633,0,0,unlabeled
1415,0.9915593266487122,1,0,unlabeled
1416,0.8228498101234436,1,0,train
1417,2.541422873036936e-06,0,1,unlabeled
1418,2.4111044835895467e-15,0,0,unlabeled
1419,3.80478951456098e-07,0,0,unlabeled
1420,0.9932263493537903,1,1,train
1421,6.509293598355725e-05,0,0,unlabeled
1422,7.118443057230195e-10,0,0,val
1423,0.5936287045478821,0,1,unlabeled
1424,0.0037965148221701384,0,0,train
1425,0.00016658476670272648,0,0,unlabeled
1426,0.05891209840774536,0,0,train
1427,1.0741867299657315e-05,0,0,unlabeled
1428,0.02583683282136917,0,0,unlabeled
1429,3.009653344685642e-13,0,0,unlabeled
1430,0.014600721187889576,0,1,unlabeled
1431,2.7617998166196145e-11,0,0,unlabeled
1432,0.06753241270780563,0,0,unlabeled
1433,0.08729495853185654,0,0,unlabeled
1434,1.4735946933797095e-05,0,0,val
1435,5.730860266339732e-06,0,0,unlabeled
1436,1.502164877820178e-06,0,0,unlabeled
1437,0.024120768532156944,0,0,unlabeled
1438,2.2692998413731402e-07,0,0,unlabeled
1439,6.078148206967171e-09,0,0,unlabeled
1440,5.815571382403886e-17,0,0,unlabeled
1441,0.07275006175041199,0,0,val
1442,0.0028452412225306034,0,0,unlabeled
1443,0.10223818570375443,0,0,unlabeled
1444,0.14078281819820404,0,0,unlabeled
1445,2.7058184581818523e-09,0,0,unlabeled
1446,0.002102944767102599,0,0,unlabeled
1447,7.17736329534091e-05,0,0,unlabeled
1448,4.554794941213913e-05,0,0,unlabeled
1449,0.9983426332473755,1,0,unlabeled
1450,0.19128262996673584,0,0,unlabeled
1451,7.447432892604411e-08,0,0,unlabeled
1452,0.19175183773040771,0,0,unlabeled
1453,0.017994031310081482,0,0,train
1454,4.727623803546521e-08,0,0,val
1455,1.6942155411925341e-07,0,0,train
1456,0.0171256922185421,0,0,unlabeled
1457,2.3394864712145136e-08,0,0,unlabeled
1458,2.3704800275470284e-11,0,0,unlabeled
1459,0.0001867845276137814,0,0,unlabeled
1460,2.8786530492652673e-07,0,0,unlabeled
1461,7.973640458658338e-05,0,0,unlabeled
1462,5.049892934039235e-05,0,0,val
1463,8.803883247310296e-05,0,0,unlabeled
1464,0.8985040187835693,1,1,unlabeled
1465,1.0878672895842101e-07,0,0,unlabeled
1466,0.9988945126533508,1,0,unlabeled
1467,0.31605613231658936,0,0,unlabeled
1468,0.07511550933122635,0,0,unlabeled
1469,1.1784442932594175e-07,0,0,unlabeled
1470,0.018886489793658257,0,0,unlabeled
1471,0.19175191223621368,0,0,train
1472,0.001442071865312755,0,0,unlabeled
1473,1.0748124168458162e-06,0,0,train
1474,0.057511020451784134,0,1,val
1475,2.8938606192241423e-05,0,0,unlabeled
1476,6.58968128846027e-05,0,0,unlabeled
1477,0.01990257389843464,0,0,unlabeled
1478,0.0025540238711982965,0,0,unlabeled
1479,7.48797856431338e-06,0,0,train
1480,3.737171573447995e-05,0,0,unlabeled
1481,0.49462461471557617,0,0,unlabeled
1482,0.006405572406947613,0,0,unlabeled
1483,0.058378126472234726,0,1,unlabeled
1484,0.9120760560035706,1,1,train
1485,0.00030132679967209697,0,0,unlabeled
1486,8.946697676037729e-07,0,0,unlabeled
1487,1.397942005210151e-11,0,0,train
1488,3.891162294721723e-14,0,0,unlabeled
1489,2.076610232512252e-13,0,0,unlabeled
1490,8.347322139057312e-11,0,0,unlabeled
1491,6.198185786843169e-08,0,0,unlabeled
1492,0.07705137878656387,0,0,unlabeled
1493,0.9871361255645752,1,1,train
1494,0.9894373416900635,1,1,unlabeled
1495,0.9831493496894836,1,0,unlabeled
1496,0.9725631475448608,1,0,unlabeled
1497,0.6142928004264832,0,0,unlabeled
1498,0.00802573561668396,0,0,unlabeled
1499,0.13991989195346832,0,0,unlabeled
1500,0.8325376510620117,1,0,unlabeled
1501,1.9189224076399114e-06,0,0,unlabeled
1502,0.021219836547970772,0,0,unlabeled
1503,0.004905996844172478,0,0,unlabeled
1504,2.7772192531805295e-11,0,1,unlabeled
1505,0.33962416648864746,0,0,val
1506,0.005366397090256214,0,0,unlabeled
1507,3.5493443739653685e-09,0,0,unlabeled
1508,1.5623780882378924e-06,0,0,unlabeled
1509,0.00011968287435593084,0,0,unlabeled
1510,0.0004407482629176229,0,0,unlabeled
1511,0.006151039153337479,0,0,unlabeled
1512,0.9782536029815674,1,0,unlabeled
1513,0.9752897024154663,1,0,unlabeled
1514,0.8244965672492981,1,0,train
1515,2.4695214051462244e-06,0,0,unlabeled
1516,0.027477582916617393,0,0,unlabeled
1517,0.08646752685308456,0,0,train
1518,0.00035635672975331545,0,0,unlabeled
1519,3.818446202785708e-06,0,0,unlabeled
1520,3.3326955417578574e-06,0,0,unlabeled
1521,0.024077894166111946,0,0,unlabeled
1522,1.0056787687062752e-06,0,0,unlabeled
1523,0.8909218907356262,1,0,unlabeled
1524,3.2106657332775512e-09,0,0,unlabeled
1525,4.894318147668587e-20,0,0,unlabeled
1526,0.9510050415992737,1,0,unlabeled
1527,0.0002131867513526231,0,0,unlabeled
1528,2.5032700250449125e-06,0,0,unlabeled
1529,1.1557619750135473e-08,0,0,unlabeled
1530,1.0532033722349266e-18,0,0,val
1531,0.6220362782478333,0,0,val
1532,0.9941014647483826,1,0,val
1533,1.3130915249348618e-05,0,0,unlabeled
1534,1.908701960928738e-07,0,0,unlabeled
1535,6.749248132109642e-05,0,0,unlabeled
1536,0.006543534807860851,0,0,train
1537,0.0012203145306557417,0,0,unlabeled
1538,1.0260255839389387e-10,0,0,unlabeled
1539,8.088458343991078e-06,0,0,unlabeled
1540,4.994108735445479e-07,0,0,unlabeled
1541,0.886921763420105,1,1,unlabeled
1542,2.1916696368862176e-06,0,0,unlabeled
1543,1.5368668755399995e-05,0,0,unlabeled
1544,0.007564816158264875,0,0,unlabeled
1545,0.0013706758618354797,0,0,unlabeled
1546,2.75235140234642e-10,0,0,val
1547,5.341310171935731e-10,0,0,unlabeled
1548,0.3656751811504364,0,0,unlabeled
1549,2.2385405827662908e-05,0,0,unlabeled
1550,0.0028859933372586966,0,0,unlabeled
1551,1.174483288401973e-10,0,0,val
1552,0.27787789702415466,0,0,train
1553,0.0011397060006856918,0,0,val
1554,0.019944507628679276,0,0,unlabeled
1555,0.0008365700487047434,0,0,unlabeled
1556,1.897650008686469e-06,0,0,unlabeled
1557,0.0037821950390934944,0,0,train
1558,1.0164140803681221e-05,0,1,unlabeled
1559,0.12725578248500824,0,1,unlabeled
1560,2.1312136777584811e-10,0,0,unlabeled
1561,0.9664389491081238,1,0,unlabeled
1562,0.4984540641307831,0,0,train
1563,1.1184703163635845e-10,0,0,train
1564,0.9574872255325317,1,0,unlabeled
1565,0.020020171999931335,0,0,unlabeled
1566,5.752186211793742e-07,0,0,unlabeled
1567,8.465396240353584e-05,0,0,unlabeled
1568,0.4696762263774872,0,0,unlabeled
1569,3.415073154212282e-15,0,0,unlabeled
1570,4.402690912579457e-15,0,0,unlabeled
1571,0.36511534452438354,0,0,val
1572,0.0012440532445907593,0,0,unlabeled
1573,0.00011388886923668906,0,0,unlabeled
1574,0.0011169667122885585,0,1,unlabeled
1575,5.331898864824325e-05,0,0,unlabeled
1576,3.0727137501074253e-10,0,0,unlabeled
1577,4.872020144830458e-05,0,1,unlabeled
1578,4.540730458302278e-08,0,0,unlabeled
1579,0.005647946614772081,0,1,unlabeled
1580,0.9805862903594971,1,0,unlabeled
1581,0.0035693675745278597,0,0,train
1582,0.004820340778678656,0,0,train
1583,1.301884964277633e-07,0,0,train
1584,2.6998211270236848e-14,0,0,unlabeled
1585,9.007539605259852e-17,0,0,unlabeled
1586,0.8732739090919495,1,0,unlabeled
1587,7.290751390196665e-15,0,0,unlabeled
1588,3.006118606316532e-17,0,0,unlabeled
1589,3.4066370872224555e-14,0,0,unlabeled
1590,1.8009867375212707e-08,0,0,unlabeled
1591,0.0009245467372238636,0,0,unlabeled
1592,4.357323421348702e-13,0,0,unlabeled
1593,0.8747012615203857,1,0,unlabeled
1594,1.2809984184514178e-07,0,0,unlabeled
1595,8.222533071089444e-11,0,0,unlabeled
1596,0.10377862304449081,0,0,train
1597,4.6376794765601304e-11,0,0,unlabeled
1598,3.323705616016092e-15,0,0,unlabeled
1599,6.559530208501835e-14,0,0,unlabeled
1600,7.703018667370998e-08,0,0,val
1601,0.0003682645910885185,0,0,unlabeled
1602,0.672121524810791,0,0,unlabeled
1603,0.9187256097793579,1,0,unlabeled
1604,0.000684136466588825,0,0,unlabeled
1605,0.9079680442810059,1,1,unlabeled
1606,0.0502585805952549,0,0,unlabeled
1607,3.4699047546382644e-07,0,0,train
1608,3.7723921209043e-11,0,0,unlabeled
1609,0.00470813550055027,0,0,unlabeled
1610,0.10744373500347137,0,0,unlabeled
1611,0.003168015740811825,0,0,unlabeled
1612,0.010092363692820072,0,0,unlabeled
1613,0.0001631918566999957,0,0,train
1614,0.3783247470855713,0,0,unlabeled
1615,0.00021461558935698122,0,0,unlabeled
1616,1.8961723924348917e-07,0,0,unlabeled
1617,1.1863975080128597e-11,0,0,unlabeled
1618,5.766571575804846e-07,0,0,unlabeled
1619,7.303845706019274e-08,0,1,unlabeled
1620,0.002385480562224984,0,0,unlabeled
1621,0.7562713027000427,1,0,val
1622,1.6017854704841739e-06,0,0,unlabeled
1623,0.00017195493273902684,0,0,train
1624,0.000550807686522603,0,0,unlabeled
1625,1.698022424534429e-05,0,0,unlabeled
1626,0.9022027254104614,1,0,unlabeled
1627,0.7142651677131653,1,0,unlabeled
1628,4.480823190533556e-05,0,0,unlabeled
1629,0.07778272777795792,0,0,val
1630,2.1739857402280904e-05,0,0,train
1631,3.162643770338036e-05,0,0,unlabeled
1632,0.19980160892009735,0,1,unlabeled
1633,8.268145029433072e-05,0,0,unlabeled
1634,4.870089398423261e-08,0,0,unlabeled
1635,3.610158394451446e-09,0,0,unlabeled
1636,9.715134365251288e-05,0,0,train
1637,0.00014709825336467475,0,0,unlabeled
1638,5.3459998083754985e-17,0,0,unlabeled
1639,2.610023557281238e-06,0,0,train
1640,0.00012407383474055678,0,0,unlabeled
1641,6.435903969759238e-07,0,0,unlabeled
1642,7.480838348783436e-07,0,0,unlabeled
1643,0.0002352773299207911,0,0,unlabeled
1644,4.5318793695514614e-07,0,0,unlabeled
1645,8.691299058227742e-07,0,0,train
1646,2.987406787724467e-06,0,0,train
1647,0.00843767635524273,0,0,unlabeled
1648,0.0007947607082314789,0,0,unlabeled
1649,0.004088514018803835,0,1,unlabeled
1650,1.28517876873957e-06,0,0,train
1651,7.528206573750862e-13,0,0,val
1652,6.934876000741497e-05,0,1,unlabeled
1653,1.6931729987845756e-05,0,0,train
1654,3.4214147035527276e-06,0,0,unlabeled
1655,3.073741027037613e-05,0,0,val
1656,5.584322934626407e-11,0,0,unlabeled
1657,0.045574337244033813,0,0,unlabeled
1658,8.033609888435933e-10,0,0,unlabeled
1659,3.6261361913147994e-08,0,0,unlabeled
1660,8.158622388787506e-11,0,0,val
1661,3.430189110531501e-07,0,0,unlabeled
1662,6.542194341818686e-07,0,0,train
1663,2.1941601517028175e-05,0,0,unlabeled
1664,0.9520489573478699,1,1,train
1665,0.2814347743988037,0,1,unlabeled
1666,8.871116006048396e-05,0,0,unlabeled
1667,0.00022087679826654494,0,0,unlabeled
1668,0.009982048533856869,0,0,unlabeled
1669,0.0012145251967012882,0,0,unlabeled
1670,0.03972264751791954,0,0,unlabeled
1671,0.06820480525493622,0,0,unlabeled
1672,1.8899541487371607e-08,0,0,unlabeled
1673,4.122932040218075e-08,0,0,unlabeled
1674,0.002841171808540821,0,0,train
1675,4.377918028097838e-09,0,0,unlabeled
1676,0.0610969103872776,0,0,unlabeled
1677,0.002407981548458338,0,0,unlabeled
1678,0.02767513133585453,0,0,unlabeled
1679,0.009368378669023514,0,0,unlabeled
1680,0.03259887546300888,0,0,unlabeled
1681,0.0003062728501390666,0,0,unlabeled
1682,5.587639293480606e-07,0,0,unlabeled
1683,5.587639293480606e-07,0,0,unlabeled
1684,3.3629964946158e-07,0,0,train
1685,4.85417672280164e-07,0,0,train
1686,0.003177785547450185,0,0,train
1687,2.47709465384105e-07,0,0,unlabeled
1688,0.5391727685928345,0,1,unlabeled
1689,0.053999267518520355,0,0,unlabeled
1690,0.1936899721622467,0,1,unlabeled
1691,1.692947535048006e-06,0,0,unlabeled
1692,0.6902035474777222,0,0,unlabeled
1693,0.001038264948874712,0,0,unlabeled
1694,8.678303856868297e-05,0,0,unlabeled
1695,0.007626823615282774,0,0,unlabeled
1696,0.645929217338562,0,0,unlabeled
1697,0.7930780053138733,1,0,unlabeled
1698,0.6568228006362915,0,0,unlabeled
1699,0.000540684734005481,0,0,unlabeled
1700,0.40768659114837646,0,0,unlabeled
1701,0.0013703546719625592,0,0,unlabeled
1702,0.8420420289039612,1,1,unlabeled
1703,2.2292970243142918e-05,0,0,unlabeled
1704,8.093983524304349e-06,0,0,unlabeled
1705,0.007702542934566736,0,0,train
1706,0.01578492484986782,0,0,val
1707,5.560482350119855e-06,0,0,val
1708,9.925631457008421e-05,0,1,unlabeled
1709,4.4413354771677405e-07,0,0,train
1710,0.3013835847377777,0,0,unlabeled
1711,0.0002285672671860084,0,0,unlabeled
1712,0.04738282784819603,0,0,unlabeled
1713,0.03904043510556221,0,0,train
1714,8.735209178212244e-08,0,0,unlabeled
1715,0.9622070789337158,1,1,train
1716,6.24205349595286e-05,0,0,unlabeled
1717,1.4437376194109675e-05,0,0,unlabeled
1718,0.39268994331359863,0,1,unlabeled
1719,1.0342155292164534e-05,0,0,unlabeled
1720,0.0002921202394645661,0,0,unlabeled
1721,0.00017529855540487915,0,0,train
1722,8.734736100984354e-17,0,0,unlabeled
1723,0.9750648736953735,1,1,unlabeled
1724,3.0156570574035868e-05,0,0,val
1725,0.08277416229248047,0,0,unlabeled
1726,0.8561923503875732,1,0,unlabeled
1727,3.0846556910546497e-05,0,0,unlabeled
1728,3.291358154910995e-07,0,0,unlabeled
1729,0.00020098443201277405,0,0,unlabeled
1730,5.4814419854665175e-05,0,0,unlabeled
1731,0.0035531269386410713,0,0,unlabeled
1732,0.22986236214637756,0,0,unlabeled
1733,3.593381507016602e-06,0,0,unlabeled
1734,0.00020874611800536513,0,0,unlabeled
1735,0.09580148756504059,0,0,unlabeled
1736,0.025957930833101273,0,0,unlabeled
1737,0.00027257425244897604,0,0,unlabeled
1738,0.0014724783832207322,0,0,unlabeled
1739,0.9107171893119812,1,1,train
1740,1.0526544969025053e-08,0,0,unlabeled
1741,0.0035299351438879967,0,0,unlabeled
1742,0.012888875789940357,0,0,unlabeled
1743,0.9951844811439514,1,0,unlabeled
1744,6.789254158867664e-10,0,0,unlabeled
1745,9.90490570984548e-06,0,0,unlabeled
1746,0.009389861486852169,0,0,unlabeled
1747,0.9939455389976501,1,0,unlabeled
1748,0.24212011694908142,0,0,unlabeled
1749,0.0002636592835187912,0,0,unlabeled
1750,0.0002902167325373739,0,0,unlabeled
1751,0.077946238219738,0,0,unlabeled
1752,1.8450650729473494e-11,0,0,unlabeled
1753,0.0013008577516302466,0,0,train
1754,0.0011627946514636278,0,0,unlabeled
1755,0.01305725984275341,0,0,unlabeled
1756,4.569361044559628e-05,0,0,unlabeled
1757,7.745744369458407e-06,0,0,unlabeled
1758,0.0005363692180253565,0,0,train
1759,1.8141122382075991e-06,0,0,unlabeled
1760,0.009504023008048534,0,0,unlabeled
1761,0.010890929028391838,0,0,unlabeled
1762,0.0007290696376003325,0,0,train
1763,7.58666237743455e-06,0,0,unlabeled
1764,3.1874234991846606e-05,0,0,unlabeled
1765,6.147661679278826e-06,0,0,unlabeled
1766,5.223776042839745e-06,0,0,unlabeled
1767,0.7479443550109863,1,0,unlabeled
1768,6.3448951550526544e-06,0,0,unlabeled
1769,0.005256252828985453,0,0,unlabeled
1770,0.02637559175491333,0,0,unlabeled
1771,0.610751748085022,0,0,unlabeled
1772,0.02637559175491333,0,0,train
1773,0.01957818493247032,0,0,unlabeled
1774,0.0015911305090412498,0,0,unlabeled
1775,6.948213976832457e-14,0,0,unlabeled
1776,8.120425263768993e-06,0,0,unlabeled
1777,0.8562466502189636,1,0,unlabeled
1778,0.8839130401611328,1,1,unlabeled
1779,0.9080023765563965,1,1,unlabeled
1780,0.0004006506351288408,0,0,train
1781,1.4773558177694213e-05,0,1,unlabeled
1782,0.0039013416972011328,0,0,unlabeled
1783,0.012008141726255417,0,0,unlabeled
1784,0.4339591860771179,0,0,unlabeled
1785,0.002934209303930402,0,0,unlabeled
1786,0.0025657108053565025,0,0,unlabeled
1787,0.3385397791862488,0,0,unlabeled
1788,0.004065182991325855,0,0,unlabeled
1789,8.865280847203394e-07,0,0,unlabeled
1790,0.16092447936534882,0,0,unlabeled
1791,0.021007483825087547,0,0,unlabeled
1792,0.003115664469078183,0,0,unlabeled
1793,0.10891804099082947,0,0,unlabeled
1794,0.037502139806747437,0,0,unlabeled
1795,3.961126640206203e-05,0,0,train
1796,0.00504270987585187,0,0,unlabeled
1797,0.9686148166656494,1,1,train
1798,0.015523317269980907,0,0,train
1799,0.0015352381160482764,0,0,unlabeled
1800,0.0006673036841675639,0,0,unlabeled
1801,0.10127945989370346,0,0,unlabeled
1802,0.01654941216111183,0,0,unlabeled
1803,0.0017401949735358357,0,0,unlabeled
1804,0.0008452952606603503,0,0,unlabeled
1805,0.0020547446329146624,0,0,unlabeled
1806,0.5979709625244141,0,0,unlabeled
1807,0.9974130988121033,1,0,unlabeled
1808,0.001743413507938385,0,0,train
1809,0.9964128136634827,1,0,unlabeled
1810,8.885525312507525e-05,0,0,unlabeled
1811,0.5517598390579224,0,0,unlabeled
1812,0.9952345490455627,1,0,unlabeled
1813,0.0001447025133529678,0,0,train
1814,0.05777436122298241,0,0,unlabeled
1815,6.382883293554187e-05,0,0,unlabeled
1816,3.6359204386826605e-05,0,0,train
1817,0.005129325203597546,0,1,unlabeled
1818,6.333957571769133e-05,0,0,unlabeled
1819,0.0033300125505775213,0,0,unlabeled
1820,3.931805622414686e-05,0,0,unlabeled
1821,0.04506172612309456,0,0,unlabeled
1822,0.05627601221203804,0,0,val
1823,0.04076787456870079,0,0,unlabeled
1824,0.09609751403331757,0,0,train
1825,0.11324147880077362,0,0,unlabeled
1826,0.09773068130016327,0,0,unlabeled
1827,0.031085096299648285,0,0,train
1828,0.0038920945953577757,0,0,unlabeled
1829,0.03785935044288635,0,0,unlabeled
1830,0.03785935044288635,0,0,train
1831,0.27764177322387695,0,0,train
1832,0.039376433938741684,0,0,unlabeled
1833,0.3052348792552948,0,0,unlabeled
1834,2.6260049708071165e-06,0,0,unlabeled
1835,2.872819602039024e-15,0,0,unlabeled
1836,2.9580722184618935e-05,0,0,unlabeled
1837,0.2766510546207428,0,0,train
1838,0.0013038644101470709,0,0,unlabeled
1839,8.51242002681829e-05,0,0,unlabeled
1840,0.001107255113311112,0,0,val
1841,0.16770242154598236,0,0,unlabeled
1842,5.4048130550654605e-05,0,0,unlabeled
1843,0.0037004221230745316,0,0,unlabeled
1844,3.892077771183722e-09,0,0,unlabeled
1845,0.0012806588783860207,0,0,unlabeled
1846,1.897047970100818e-11,0,0,unlabeled
1847,0.001144388341344893,0,0,unlabeled
1848,3.0844290677123354e-07,0,0,unlabeled
1849,0.08750924468040466,0,0,unlabeled
1850,0.0006003101007081568,0,0,unlabeled
1851,8.162118092513992e-09,0,0,unlabeled
1852,0.00040549918776378036,0,0,unlabeled
1853,0.18278855085372925,0,0,unlabeled
1854,0.019956674426794052,0,0,unlabeled
1855,3.517068762448616e-05,0,0,unlabeled
1856,3.103465132880956e-06,0,1,unlabeled
1857,0.9454770684242249,1,0,unlabeled
1858,0.855687141418457,1,0,unlabeled
1859,5.263646016828716e-05,0,0,unlabeled
1860,0.8787032961845398,1,0,unlabeled
1861,9.663430682849139e-05,0,0,unlabeled
1862,3.408535121707246e-05,0,0,unlabeled
1863,2.571076265667216e-06,0,0,train
1864,0.01646345667541027,0,0,train
1865,3.390326402579881e-19,0,0,unlabeled
1866,0.0017884866101667285,0,0,unlabeled
1867,0.6160972714424133,0,0,unlabeled
1868,0.2341454178094864,0,0,unlabeled
1869,0.00041679773130454123,0,0,train
1870,0.0011696962174028158,0,0,unlabeled
1871,0.01206736359745264,0,0,train
1872,0.6723334789276123,0,0,unlabeled
1873,0.6789766550064087,0,0,unlabeled
1874,0.0014764188090339303,0,0,unlabeled
1875,2.7857067763648047e-08,0,0,unlabeled
1876,1.6163328382390318e-06,0,0,unlabeled
1877,0.003169725416228175,0,0,unlabeled
1878,5.043469286647451e-07,0,0,unlabeled
1879,2.6386567817013465e-19,0,0,unlabeled
1880,0.004264071583747864,0,0,train
1881,1.2299299931189981e-18,0,0,unlabeled
1882,0.003360273316502571,0,0,unlabeled
1883,0.003360273316502571,0,0,train
1884,4.456473106984049e-05,0,0,unlabeled
1885,2.6386567817013465e-19,0,0,unlabeled
1886,0.15119728446006775,0,0,val
1887,4.960955266142264e-06,0,0,train
1888,2.2904800971446093e-06,0,0,unlabeled
1889,0.0011735488660633564,0,0,train
1890,0.0031186456326395273,0,0,unlabeled
1891,0.2586587369441986,0,0,unlabeled
1892,7.522976943619142e-07,0,0,unlabeled
1893,8.682326892994752e-07,0,0,unlabeled
1894,1.8708272264689185e-08,0,0,train
1895,1.7246566130779684e-05,0,0,unlabeled
1896,8.921926782437528e-13,0,0,val
1897,3.0915814613202697e-12,0,0,unlabeled
1898,0.0017155135283246636,0,0,train
1899,0.135026752948761,0,0,unlabeled
1900,0.9101273417472839,1,0,unlabeled
1901,0.008041433990001678,0,0,unlabeled
1902,0.761874794960022,1,0,unlabeled
1903,0.0012720719678327441,0,0,unlabeled
1904,2.3950286049512215e-05,0,0,unlabeled
1905,8.921892087968009e-13,0,0,train
1906,2.9891168651374755e-08,0,0,val
1907,0.011254723183810711,0,0,unlabeled
1908,0.016664445400238037,0,0,unlabeled
1909,0.09024790674448013,0,0,train
1910,9.096518738260784e-07,0,0,unlabeled
1911,0.004121411591768265,0,0,train
1912,0.006450045853853226,0,0,train
1913,0.18115276098251343,0,0,unlabeled
1914,0.041296571493148804,0,0,unlabeled
1915,0.018457120284438133,0,0,unlabeled
1916,1.2815572745239479e-06,0,0,unlabeled
1917,0.004771525971591473,0,0,unlabeled
1918,1.745385418416845e-07,0,0,unlabeled
1919,0.051043931394815445,0,0,unlabeled
1920,0.022670207545161247,0,0,unlabeled
1921,0.10088720172643661,0,0,unlabeled
1922,0.012310135178267956,0,0,val
1923,0.1013609990477562,0,0,unlabeled
1924,0.03145068883895874,0,1,unlabeled
1925,3.923486059311726e-17,0,0,unlabeled
1926,8.156689054042497e-16,0,0,unlabeled
1927,3.389870107639581e-05,0,0,unlabeled
1928,0.7210350036621094,1,0,unlabeled
1929,0.7047377824783325,0,0,unlabeled
1930,0.07239964604377747,0,0,unlabeled
1931,0.3707324266433716,0,1,unlabeled
1932,0.0025794205721467733,0,0,unlabeled
1933,1.2442521324373956e-07,0,0,unlabeled
1934,0.012273628264665604,0,0,unlabeled
1935,0.5484268069267273,0,0,unlabeled
1936,0.06658165901899338,0,0,unlabeled
1937,6.25793109065853e-05,0,0,unlabeled
1938,0.005769604351371527,0,0,train
1939,0.024668263271450996,0,0,unlabeled
1940,3.9853168232184544e-07,0,0,unlabeled
1941,0.03606189042329788,0,0,unlabeled
1942,3.250903830576135e-07,0,0,unlabeled
1943,4.052670352083787e-11,0,0,unlabeled
1944,3.9024834563861077e-07,0,0,unlabeled
1945,0.019872022792696953,0,0,val
1946,8.383540262002498e-06,0,0,unlabeled
1947,2.7180794859305024e-07,0,0,unlabeled
1948,0.00303457910194993,0,0,unlabeled
1949,4.4875640980990283e-08,0,0,unlabeled
1950,2.6627134502632543e-05,0,0,train
1951,3.103465132880956e-06,0,1,unlabeled
1952,0.0058363014832139015,0,0,unlabeled
1953,0.0025531251449137926,0,0,unlabeled
1954,4.071212242706679e-05,0,0,unlabeled
1955,2.2955468921281863e-06,0,0,train
1956,0.015167203731834888,0,0,unlabeled
1957,0.0014113453216850758,0,0,train
1958,2.307501134612977e-10,0,0,unlabeled
1959,4.367785732029006e-05,0,0,unlabeled
1960,7.793997065164149e-05,0,0,unlabeled
1961,0.9968670010566711,1,0,unlabeled
1962,0.846524715423584,1,0,train
1963,9.127070627057421e-11,0,0,unlabeled
1964,3.0324470117193414e-06,0,0,unlabeled
1965,0.6205399632453918,0,0,unlabeled
1966,0.036884233355522156,0,0,unlabeled
1967,9.494675759924576e-05,0,0,unlabeled
1968,1.439523657609243e-05,0,0,unlabeled
1969,0.037422362715005875,0,0,train
1970,5.479398532770574e-05,0,0,unlabeled
1971,0.04613907262682915,0,0,unlabeled
1972,0.001940530026331544,0,0,unlabeled
1973,0.003941821865737438,0,0,unlabeled
1974,0.004417835269123316,0,0,unlabeled
1975,3.2815827580634505e-05,0,0,unlabeled
1976,0.044869132339954376,0,0,train
1977,0.021775856614112854,0,0,train
1978,0.07251898944377899,0,0,unlabeled
1979,1.4931353007341386e-06,0,0,unlabeled
1980,5.654102963603691e-08,0,1,unlabeled
1981,3.9374622673449267e-08,0,1,unlabeled
1982,5.7270185038760246e-08,0,1,unlabeled
1983,5.7270185038760246e-08,0,1,unlabeled
1984,1.4180577068145794e-07,0,1,unlabeled
1985,0.008116005919873714,0,0,unlabeled
1986,0.0005966745084151626,0,0,train
1987,0.000297781836707145,0,0,unlabeled
1988,8.834509571897797e-06,0,0,unlabeled
1989,0.13690058887004852,0,0,unlabeled
1990,0.3977700173854828,0,1,unlabeled
1991,1.4180577068145794e-07,0,1,unlabeled
1992,0.0003769651520997286,0,0,unlabeled
1993,0.0007610502070747316,0,0,unlabeled
1994,0.011901815421879292,0,0,train
1995,0.9894217848777771,1,0,unlabeled
1996,0.011691818945109844,0,0,unlabeled
1997,0.986354649066925,1,0,unlabeled
1998,0.9894217848777771,1,0,unlabeled
1999,1.7327673731415416e-06,0,0,unlabeled
2000,2.7041667635785416e-05,0,0,unlabeled
2001,4.474204615689814e-05,0,0,unlabeled
2002,0.0022975194733589888,0,0,unlabeled
2003,0.0005631053354591131,0,0,unlabeled
2004,0.017216050997376442,0,0,unlabeled
2005,0.011691813357174397,0,0,train
2006,0.9894217848777771,1,0,unlabeled
2007,1.1639615660197222e-10,0,0,unlabeled
2008,0.00012709574366454035,0,0,unlabeled
2009,0.00524905975908041,0,0,unlabeled
2010,1.925321430062965e-10,0,0,unlabeled
2011,0.00010722730803536251,0,0,unlabeled
2012,0.0009173863800242543,0,0,unlabeled
2013,0.0001844659127527848,0,0,val
2014,0.015831952914595604,0,0,unlabeled
2015,2.683723643315261e-08,0,0,train
2016,0.14903376996517181,0,0,unlabeled
2017,0.01910322904586792,0,0,unlabeled
2018,6.19673592154868e-05,0,0,unlabeled
2019,0.00010886970994761214,0,0,unlabeled
2020,0.000232422084081918,0,0,unlabeled
2021,8.225318015320227e-05,0,0,unlabeled
2022,6.245324584597256e-06,0,0,train
2023,9.87188468570821e-05,0,0,unlabeled
2024,1.4598896744266732e-11,0,0,unlabeled
2025,1.560847771289644e-14,0,0,unlabeled
2026,2.842811923364774e-12,0,0,unlabeled
2027,0.0007199352839961648,0,0,unlabeled
2028,0.5655786991119385,0,0,unlabeled
2029,1.451496336812852e-05,0,0,unlabeled
2030,0.02211383916437626,0,0,unlabeled
2031,0.001240497105754912,0,0,unlabeled
2032,0.003988486248999834,0,0,unlabeled
2033,2.4463060981361195e-06,0,0,unlabeled
2034,0.039023108780384064,0,0,unlabeled
2035,0.0006807090248912573,0,0,unlabeled
2036,1.572328073962126e-05,0,0,val
2037,0.001092318445444107,0,0,train
2038,2.4968372258626914e-07,0,0,unlabeled
2039,0.11399376392364502,0,0,unlabeled
2040,5.886310883163048e-10,0,0,unlabeled
2041,1.1813857270226436e-07,0,0,unlabeled
2042,2.494430759725219e-07,0,0,unlabeled
2043,1.6495345334988087e-05,0,0,train
2044,0.0014986471505835652,0,0,unlabeled
2045,0.1058250218629837,0,0,val
2046,0.4108584523200989,0,0,unlabeled
2047,3.347014398968895e-07,0,0,unlabeled
2048,1.55567203563578e-08,0,0,train
2049,0.0005497277597896755,0,0,unlabeled
2050,0.9863212704658508,1,1,train
2051,0.000152442094986327,0,0,val
2052,0.00041231518844142556,0,0,unlabeled
2053,0.08583176881074905,0,0,unlabeled
2054,0.0982760637998581,0,0,train
2055,0.016793133690953255,0,0,unlabeled
2056,0.0002082602441078052,0,0,unlabeled
2057,7.668269972782582e-06,0,0,unlabeled
2058,4.208778136671754e-06,0,0,unlabeled
2059,1.5403666111524217e-06,0,0,unlabeled
2060,2.2208283823044184e-11,0,0,unlabeled
2061,0.0003145854570902884,0,0,unlabeled
2062,6.506085628643632e-05,0,0,train
2063,1.4815658687439281e-05,0,0,train
2064,0.9750736951828003,1,0,unlabeled
2065,0.01822071149945259,0,0,unlabeled
2066,0.002637021243572235,0,0,unlabeled
2067,0.0051474920473992825,0,0,unlabeled
2068,0.03652777522802353,0,0,unlabeled
2069,0.018999777734279633,0,0,unlabeled
2070,0.03127643093466759,0,0,unlabeled
2071,0.00940694846212864,0,0,unlabeled
2072,0.23998945951461792,0,0,unlabeled
2073,0.3461689352989197,0,0,unlabeled
2074,0.9645594954490662,1,0,unlabeled
2075,1.2269872058823239e-05,0,0,val
2076,0.008050494827330112,0,0,unlabeled
2077,0.020024564117193222,0,0,unlabeled
2078,0.00045053561916574836,0,0,unlabeled
2079,0.0005470621981658041,0,1,unlabeled
2080,0.01728801243007183,0,0,unlabeled
2081,0.2666611671447754,0,0,unlabeled
2082,0.018074413761496544,0,0,unlabeled
2083,0.008786502294242382,0,0,unlabeled
2084,0.0010690417839214206,0,0,unlabeled
2085,0.0008683796622790396,0,0,train
2086,0.5972707271575928,0,0,unlabeled
2087,3.419810673221946e-05,0,0,train
2088,0.00024037869297899306,0,0,train
2089,0.0008683796622790396,0,0,unlabeled
2090,0.0004777408903464675,0,0,unlabeled
2091,0.0008074212819337845,0,0,unlabeled
2092,0.9927391409873962,1,0,unlabeled
2093,2.219278279088493e-19,0,0,train
2094,1.103575052624226e-18,0,0,unlabeled
2095,0.6235181093215942,0,0,unlabeled
2096,0.04939057677984238,0,0,train
2097,5.346292527974583e-05,0,0,unlabeled
2098,1.3414498425845522e-05,0,0,unlabeled
2099,1.7028102092808695e-06,0,0,unlabeled
2100,0.0001071490187314339,0,0,unlabeled
2101,0.003884869394823909,0,0,unlabeled
2102,8.056583465076983e-05,0,0,unlabeled
2103,0.01772124320268631,0,0,unlabeled
2104,3.040613137272885e-06,0,0,unlabeled
2105,0.0413551963865757,0,0,unlabeled
2106,0.004334184341132641,0,0,unlabeled
2107,0.02019939012825489,0,0,unlabeled
2108,8.456861905870028e-06,0,0,unlabeled
2109,1.5014092241472099e-05,0,0,unlabeled
2110,0.00028730923077091575,0,0,unlabeled
2111,0.0005290395929478109,0,0,unlabeled
2112,0.0004451252752915025,0,0,unlabeled
2113,0.005403577350080013,0,0,unlabeled
2114,8.835663720674347e-06,0,0,train
2115,0.00028730923077091575,0,0,unlabeled
2116,0.9359620809555054,1,1,train
2117,0.01094075944274664,0,0,train
2118,0.00012675383186433464,0,0,unlabeled
2119,0.002249829936772585,0,1,unlabeled
2120,0.9674038887023926,1,0,unlabeled
2121,0.010775896720588207,0,0,train
2122,5.342581516742939e-06,0,0,unlabeled
2123,0.9491612315177917,1,0,unlabeled
2124,0.009907489642500877,0,0,unlabeled
2125,0.0015024563763290644,0,0,train
2126,2.31046142289415e-05,0,0,unlabeled
2127,5.255485302768648e-05,0,0,unlabeled
2128,0.0544062964618206,0,0,unlabeled
2129,9.213712459654744e-09,0,0,unlabeled
2130,0.007921361364424229,0,0,unlabeled
2131,2.279634372825967e-06,0,0,unlabeled
2132,2.3966281332832295e-06,0,0,val
2133,9.279435744247166e-07,0,0,unlabeled
2134,0.000757793546654284,0,0,val
2135,0.035760506987571716,0,0,unlabeled
2136,0.00421666307374835,0,0,unlabeled
2137,0.03601334989070892,0,0,unlabeled
2138,2.500681148376316e-06,0,0,unlabeled
2139,3.4279037975390534e-15,0,0,unlabeled
2140,0.0005004488630220294,0,0,unlabeled
2141,0.00033356581116095185,0,0,train
2142,2.694508616229996e-09,0,0,unlabeled
2143,0.0004050523857586086,0,0,unlabeled
2144,0.0027607751544564962,0,0,unlabeled
2145,8.531825733371079e-05,0,0,val
2146,0.00016535152099095285,0,0,unlabeled
2147,2.476814370311331e-05,0,0,unlabeled
2148,1.2190629466990715e-14,0,0,unlabeled
2149,0.948030948638916,1,0,unlabeled
2150,0.38601288199424744,0,0,unlabeled
2151,0.0003335661313030869,0,0,unlabeled
2152,0.029656173661351204,0,0,unlabeled
2153,0.0014582701260223985,0,0,train
2154,5.204901185607014e-07,0,1,unlabeled
2155,0.0684361383318901,0,0,unlabeled
2156,0.8158811926841736,1,1,unlabeled
2157,0.000185361597687006,0,0,unlabeled
2158,0.04868818819522858,0,0,unlabeled
2159,0.0005497605307027698,0,1,unlabeled
2160,4.657629837367949e-09,0,0,unlabeled
2161,0.039575763046741486,0,0,unlabeled
2162,0.0016184011474251747,0,0,unlabeled
2163,0.0001370009413221851,0,0,unlabeled
2164,0.022198449820280075,0,0,unlabeled
2165,0.04400138929486275,0,0,unlabeled
2166,0.04365496337413788,0,0,val
2167,2.7286111503599386e-07,0,0,unlabeled
2168,2.728616266267636e-07,0,0,unlabeled
2169,2.7286111503599386e-07,0,0,unlabeled
2170,6.139489414636046e-07,0,0,unlabeled
2171,4.1408659967601125e-07,0,0,unlabeled
2172,0.8496338129043579,1,0,unlabeled
2173,6.816301123535595e-08,0,0,unlabeled
2174,6.139489414636046e-07,0,0,unlabeled
2175,2.7125528490046236e-08,0,0,unlabeled
2176,0.8260284662246704,1,0,unlabeled
2177,0.7324556708335876,1,0,unlabeled
2178,4.9834419257877016e-08,0,0,unlabeled
2179,0.010256058536469936,0,0,unlabeled
2180,0.44623151421546936,0,0,unlabeled
2181,0.001610306790098548,0,0,unlabeled
2182,0.001007567159831524,0,0,unlabeled
2183,0.05021403357386589,0,0,unlabeled
2184,1.6997882994473912e-05,0,0,unlabeled
2185,0.012284812517464161,0,0,val
2186,3.0055943458617406e-15,0,0,unlabeled
2187,0.023858821019530296,0,0,train
2188,1.5131903637666255e-05,0,0,unlabeled
2189,3.891544838552363e-05,0,0,unlabeled
2190,0.7071231007575989,1,0,unlabeled
2191,0.9709651470184326,1,0,unlabeled
2192,0.16233086585998535,0,0,unlabeled
2193,4.909683048026636e-05,0,0,unlabeled
2194,1.3221449989941902e-05,0,0,train
2195,0.027741022408008575,0,0,unlabeled
2196,0.8877936601638794,1,0,unlabeled
2197,0.10094080120325089,0,0,val
2198,0.0005030070315115154,0,0,unlabeled
2199,2.9594250605669004e-08,0,0,unlabeled
2200,0.05959474667906761,0,0,unlabeled
2201,1.0286644425150371e-07,0,0,train
2202,0.00045364146353676915,0,0,val
2203,0.0677376538515091,0,0,unlabeled
2204,0.05358458310365677,0,0,unlabeled
2205,0.009789351373910904,0,0,unlabeled
2206,0.008967943489551544,0,0,unlabeled
2207,0.00014186609769240022,0,0,unlabeled
2208,0.00033709529088810086,0,0,unlabeled
2209,2.862394239855348e-06,0,0,unlabeled
2210,3.8419111660914496e-06,0,0,unlabeled
2211,0.0034965795930474997,0,0,train
2212,1.5524965419899672e-06,0,0,unlabeled
2213,0.04868818819522858,0,0,unlabeled
2214,0.0002624281623866409,0,0,train
2215,0.9980986714363098,1,0,unlabeled
2216,0.026325054466724396,0,0,unlabeled
2217,0.00015201228961814195,0,0,train
2218,0.018519993871450424,0,0,unlabeled
2219,0.1563337743282318,0,0,unlabeled
2220,2.675019459275063e-05,0,0,unlabeled
2221,0.99802565574646,1,0,unlabeled
2222,0.00927200261503458,0,0,unlabeled
2223,6.532773682010884e-07,0,0,unlabeled
2224,0.006000358611345291,0,0,unlabeled
2225,0.22471752762794495,0,1,unlabeled
2226,1.4676519721756875e-10,0,0,val
2227,1.0718873566517573e-09,0,0,unlabeled
2228,5.40940789051092e-07,0,0,unlabeled
2229,0.992920458316803,1,0,val
2230,2.7163923732587136e-07,0,0,unlabeled
2231,0.9942065477371216,1,0,unlabeled
2232,0.009533938020467758,0,0,unlabeled
2233,2.128719825122971e-05,0,0,unlabeled
2234,0.050824642181396484,0,0,unlabeled
2235,0.00019931686983909458,0,0,unlabeled
2236,0.0008342316723428667,0,0,unlabeled
2237,0.9700590372085571,1,1,unlabeled
2238,7.96120639279252e-06,0,0,train
2239,0.0005644705379381776,0,0,unlabeled
2240,0.0006134613649919629,0,0,unlabeled
2241,0.0007264383020810783,0,0,unlabeled
2242,5.030154284213495e-07,0,0,val
2243,0.0011437610955908895,0,0,unlabeled
2244,0.00019934993179049343,0,0,train
2245,0.007742366753518581,0,0,unlabeled
2246,0.9553285241127014,1,1,train
2247,6.101676717662485e-06,0,0,unlabeled
2248,0.061285827308893204,0,0,unlabeled
2249,0.03091970831155777,0,0,unlabeled
2250,7.420396741508739e-06,0,0,unlabeled
2251,0.0008126631728373468,0,0,unlabeled
2252,0.001835326082073152,0,0,val
2253,0.03963777795433998,0,0,val
2254,1.5272093150997534e-05,0,0,unlabeled
2255,0.0005115262465551496,0,0,unlabeled
2256,1.025865913106827e-05,0,0,unlabeled
2257,3.284930107875367e-13,0,0,unlabeled
2258,1.3233054687589174e-06,0,0,unlabeled
2259,1.2222794391197889e-12,0,0,unlabeled
2260,1.1069463425883441e-06,0,0,unlabeled
2261,0.22844722867012024,0,0,unlabeled
2262,0.2758079469203949,0,0,unlabeled
2263,0.39657244086265564,0,0,unlabeled
2264,5.5675078328931704e-05,0,0,unlabeled
2265,0.45205405354499817,0,0,unlabeled
2266,0.004596951883286238,0,0,train
2267,4.0481423638993874e-05,0,0,unlabeled
2268,0.003460703883320093,0,0,unlabeled
2269,0.03751906752586365,0,0,train
2270,0.002580653876066208,0,0,unlabeled
2271,0.00017113317153416574,0,0,val
2272,5.524126933664775e-08,0,0,train
2273,0.03005780093371868,0,0,unlabeled
2274,0.003211829112842679,0,0,unlabeled
2275,0.0006261425442062318,0,1,unlabeled
2276,6.156767540232977e-06,0,0,unlabeled
2277,0.004315337631851435,0,0,unlabeled
2278,8.450001587334555e-06,0,0,unlabeled
2279,5.794449121909739e-12,0,0,unlabeled
2280,0.002118454547598958,0,0,val
2281,0.00214950367808342,0,0,unlabeled
2282,1.5932434394017037e-07,0,0,unlabeled
2283,1.5932434394017037e-07,0,0,train
2284,1.5932434394017037e-07,0,0,val
2285,1.5932434394017037e-07,0,0,unlabeled
2286,6.903205784780653e-11,0,0,val
2287,3.4102848323058765e-10,0,0,unlabeled
2288,3.294027237643604e-07,0,0,train
2289,0.006960033904761076,0,0,unlabeled
2290,0.12791714072227478,0,0,train
2291,1.6274121662718244e-05,0,0,unlabeled
2292,2.285071423102636e-05,0,0,unlabeled
2293,0.010451721958816051,0,0,unlabeled
2294,0.10738777369260788,0,0,unlabeled
2295,0.0032957647927105427,0,0,unlabeled
2296,0.020818006247282028,0,0,unlabeled
2297,1.0549327383868601e-10,0,0,train
2298,0.23129594326019287,0,1,unlabeled
2299,0.12097779661417007,0,0,train
2300,0.39780014753341675,0,0,unlabeled
2301,5.61138858756749e-06,0,0,unlabeled
2302,0.08228626102209091,0,0,unlabeled
2303,0.0015954001573845744,0,0,unlabeled
2304,0.017486833035945892,0,0,unlabeled
2305,0.004356249701231718,0,0,unlabeled
2306,8.922000205302538e-08,0,0,unlabeled
2307,8.713699243645905e-18,0,0,train
2308,0.7473331093788147,1,0,unlabeled
2309,0.6913794875144958,0,0,unlabeled
2310,2.323993295879477e-18,0,0,unlabeled
2311,0.0651426911354065,0,0,unlabeled
2312,0.7489690780639648,1,0,train
2313,0.0025800573639571667,0,0,unlabeled
2314,0.6938202977180481,0,0,unlabeled
2315,0.010026981122791767,0,0,train
2316,0.12165766954421997,0,0,unlabeled
2317,1.971772189968135e-10,0,0,unlabeled
2318,9.736775830049282e-10,0,1,unlabeled
2319,0.5164321660995483,0,0,unlabeled
2320,3.713110709213652e-05,0,0,val
2321,0.03670736029744148,0,0,unlabeled
2322,0.003181184409186244,0,0,unlabeled
2323,0.0011685671051964164,0,0,unlabeled
2324,3.898959403159097e-05,0,0,train
2325,0.08376727998256683,0,0,unlabeled
2326,1.932470850007917e-09,0,0,unlabeled
2327,0.08338019996881485,0,0,train
2328,7.256903966634809e-10,0,0,unlabeled
2329,0.057135142385959625,0,0,unlabeled
2330,0.0006678629433736205,0,0,unlabeled
2331,1.9474502551020123e-05,0,0,unlabeled
2332,0.014851882122457027,0,0,unlabeled
2333,0.24835389852523804,0,1,val
2334,5.515782322618179e-05,0,0,train
2335,0.05799483880400658,0,0,unlabeled
2336,0.8177490830421448,1,0,train
2337,1.200344058815972e-06,0,1,unlabeled
2338,0.004464680328965187,0,0,unlabeled
2339,0.12821237742900848,0,0,unlabeled
2340,0.00625538220629096,0,0,unlabeled
2341,0.005794445052742958,0,0,unlabeled
2342,0.005337918642908335,0,1,unlabeled
2343,0.009034189395606518,0,0,unlabeled
2344,0.14019247889518738,0,0,unlabeled
2345,0.00038973274058662355,0,0,train
2346,6.434566421353871e-12,0,1,unlabeled
2347,7.673355139559135e-05,0,0,unlabeled
2348,5.142310399719463e-08,0,0,unlabeled
2349,2.6130719766800925e-13,0,0,unlabeled
2350,0.10929029434919357,0,0,unlabeled
2351,2.5244551579817198e-05,0,0,unlabeled
2352,0.002997626317664981,0,0,unlabeled
2353,0.006950230337679386,0,0,unlabeled
2354,0.005565909203141928,0,0,unlabeled
2355,0.004866465926170349,0,0,unlabeled
2356,0.004665264394134283,0,0,unlabeled
2357,0.008286267518997192,0,0,unlabeled
2358,1.1326851279136463e-07,0,0,unlabeled
2359,8.802326334489408e-08,0,0,unlabeled
2360,0.03260672837495804,0,0,unlabeled
2361,0.07785295695066452,0,0,unlabeled
2362,0.004510053433477879,0,0,unlabeled
2363,3.956312866648659e-06,0,0,unlabeled
2364,0.0007688774494454265,0,0,train
2365,0.0031808577477931976,0,0,unlabeled
2366,3.307176712041837e-06,0,0,unlabeled
2367,0.00019168427388649434,0,0,train
2368,9.897265954350587e-06,0,0,unlabeled
2369,3.5677374398801476e-05,0,0,unlabeled
2370,0.0001231551286764443,0,0,unlabeled
2371,2.8421575856696357e-11,0,0,train
2372,0.0018688143463805318,0,1,unlabeled
2373,0.3698984682559967,0,1,unlabeled
2374,0.7259164452552795,1,0,unlabeled
2375,0.013336794450879097,0,0,unlabeled
2376,0.7050991058349609,0,0,train
2377,0.00013678765390068293,0,0,unlabeled
2378,0.0006809633923694491,0,0,unlabeled
2379,0.001891855732537806,0,1,val
2380,0.001891855732537806,0,1,unlabeled
2381,0.0014591347426176071,0,0,unlabeled
2382,0.00019879397586919367,0,1,unlabeled
2383,0.006951068993657827,0,0,unlabeled
2384,0.00023310362303163856,0,1,unlabeled
2385,2.231037666860136e-16,0,0,train
2386,0.00024255109019577503,0,1,unlabeled
2387,0.00034808999043889344,0,1,val
2388,0.03302869200706482,0,1,unlabeled
2389,0.3373437821865082,0,1,unlabeled
2390,0.0005046191508881748,0,1,unlabeled
2391,4.030436684843153e-06,0,0,unlabeled
2392,0.0010065678507089615,0,0,unlabeled
2393,0.0010065678507089615,0,0,unlabeled
2394,4.5126662939765083e-07,0,0,unlabeled
2395,0.0173623189330101,0,0,unlabeled
2396,0.00013340538134798408,0,0,unlabeled
2397,0.0006404735031537712,0,0,unlabeled
2398,0.027064424008131027,0,0,unlabeled
2399,0.0012062708847224712,0,0,unlabeled
2400,0.9935478568077087,1,1,unlabeled
2401,0.9927048087120056,1,1,train
2402,2.0785368178621866e-05,0,0,unlabeled
2403,1.2953373129676038e-07,0,0,unlabeled
2404,0.9992652535438538,1,0,unlabeled
2405,4.3091400584671646e-05,0,0,unlabeled
2406,0.003590704407542944,0,0,unlabeled
2407,0.023141885176301003,0,0,unlabeled
2408,0.0002705083170440048,0,0,unlabeled
2409,0.8678069114685059,1,1,unlabeled
2410,0.019897909834980965,0,0,unlabeled
2411,9.869846735455212e-07,0,0,unlabeled
2412,0.022485658526420593,0,1,unlabeled
2413,0.8907323479652405,1,1,train
2414,0.0021947305649518967,0,1,unlabeled
2415,0.0018408999312669039,0,0,unlabeled
2416,0.03920102119445801,0,0,unlabeled
2417,0.000647546024993062,0,0,train
2418,0.6420698761940002,0,0,unlabeled
2419,5.065526806902199e-07,0,0,unlabeled
2420,0.004864132031798363,0,0,train
2421,2.90269785985231e-09,0,0,unlabeled
2422,0.0009902111487463117,0,0,unlabeled
2423,0.5742510557174683,0,0,unlabeled
2424,0.0005409548175521195,0,0,unlabeled
2425,0.47963961958885193,0,0,unlabeled
2426,0.09181623160839081,0,0,unlabeled
2427,3.841267607640475e-05,0,0,unlabeled
2428,0.026456058025360107,0,0,unlabeled
2429,2.6906542188953608e-05,0,0,unlabeled
2430,0.00011877346696564928,0,0,unlabeled
2431,0.02847684919834137,0,0,unlabeled
2432,0.0007497321348637342,0,0,val
2433,4.8891342885326594e-05,0,0,train
2434,4.279620952729601e-06,0,0,unlabeled
2435,6.183212099131197e-05,0,1,unlabeled
2436,0.01760411635041237,0,0,train
2437,4.0255374187836424e-05,0,0,val
2438,0.01919195055961609,0,0,train
2439,0.0013403408229351044,0,0,train
2440,4.6812800164053314e-11,0,0,train
2441,4.3709570718419855e-07,0,0,train
2442,4.2823157855309546e-05,0,0,unlabeled
2443,9.893518608805607e-07,0,0,train
2444,5.188597060623579e-05,0,0,train
2445,2.366344915571972e-06,0,0,unlabeled
2446,1.445874772798561e-06,0,0,unlabeled
2447,3.5259548894828185e-05,0,0,unlabeled
2448,0.6573981642723083,0,0,unlabeled
2449,0.029000937938690186,0,0,train
2450,0.0031546391546726227,0,0,unlabeled
2451,0.0035753233823925257,0,0,unlabeled
2452,0.007005015853792429,0,0,unlabeled
2453,0.005969797261059284,0,0,unlabeled
2454,0.0006570679252035916,0,0,unlabeled
2455,1.0316897714801598e-05,0,0,unlabeled
2456,0.10943812131881714,0,0,train
2457,0.11905330419540405,0,0,unlabeled
2458,1.7489375750301406e-05,0,0,train
2459,0.005120419431477785,0,0,unlabeled
2460,0.005375636741518974,0,0,unlabeled
2461,0.008794483728706837,0,0,unlabeled
2462,0.004396287724375725,0,0,unlabeled
2463,0.011686542071402073,0,0,train
2464,0.030285963788628578,0,0,unlabeled
2465,4.392735611927647e-18,0,0,unlabeled
2466,1.0317068919891129e-17,0,0,unlabeled
2467,0.0005819646175950766,0,0,unlabeled
2468,6.185386230983525e-11,0,0,unlabeled
2469,0.010110835544764996,0,0,train
2470,5.023686389904469e-05,0,0,unlabeled
2471,5.5204694149324496e-09,0,0,train
2472,0.009586806409060955,0,0,unlabeled
2473,0.001908344915136695,0,0,unlabeled
2474,9.92657192000479e-08,0,0,unlabeled
2475,7.454499427694827e-05,0,0,train
2476,1.6703698146880441e-10,0,0,unlabeled
2477,2.336815754233612e-07,0,0,unlabeled
2478,8.614619240177035e-09,0,0,val
2479,2.011391586620448e-07,0,0,unlabeled
2480,0.03146561235189438,0,0,train
2481,4.5119216451894317e-07,0,0,unlabeled
2482,3.637649470533688e-08,0,0,unlabeled
2483,1.1339437833157717e-08,0,0,unlabeled
2484,0.004161105491220951,0,0,unlabeled
2485,3.188965274603106e-05,0,0,unlabeled
2486,0.5669019222259521,0,0,unlabeled
2487,0.00023463036632165313,0,0,unlabeled
2488,0.0001560081000206992,0,0,train
2489,0.3998660743236542,0,0,unlabeled
2490,0.007565281819552183,0,0,train
2491,0.03969895467162132,0,0,unlabeled
2492,0.0716773271560669,0,0,unlabeled
2493,0.053769610822200775,0,1,unlabeled
2494,0.05374128744006157,0,1,unlabeled
2495,8.630016964161769e-06,0,0,unlabeled
2496,0.007885289378464222,0,0,train
2497,2.14831636924373e-08,0,0,train
2498,1.912640890111561e-08,0,0,train
2499,0.1994447112083435,0,0,unlabeled
2500,2.2459867921043042e-07,0,0,unlabeled
2501,2.8335322976857924e-09,0,0,unlabeled
2502,0.9747280478477478,1,1,train
2503,0.9679110050201416,1,1,unlabeled
2504,0.00013205897994339466,0,0,unlabeled
2505,0.0009169442346319556,0,0,train
2506,8.194442102649191e-08,0,0,unlabeled
2507,0.035138580948114395,0,0,unlabeled
2508,0.000540672626812011,0,0,unlabeled
2509,0.027382945641875267,0,0,unlabeled
2510,3.990317409829913e-08,0,0,unlabeled
2511,6.938451202476159e-11,0,0,unlabeled
2512,3.1931703375204235e-12,0,0,unlabeled
2513,3.777035090024583e-06,0,0,train
2514,0.048546645790338516,0,0,unlabeled
2515,0.0008090969058685005,0,0,unlabeled
2516,0.0036122803576290607,0,0,unlabeled
2517,5.56017823782895e-07,0,0,unlabeled
2518,0.0006352914497256279,0,0,val
2519,4.754826740671625e-11,0,0,unlabeled
2520,0.037527069449424744,0,0,unlabeled
2521,0.8324901461601257,1,0,unlabeled
2522,1.8246691979584284e-05,0,1,unlabeled
2523,0.00026687653735280037,0,0,unlabeled
2524,0.039760347455739975,0,0,unlabeled
2525,6.4422683863085695e-06,0,1,unlabeled
2526,0.8900936245918274,1,0,unlabeled
2527,0.022619502618908882,0,0,unlabeled
2528,3.4318785765208304e-05,0,0,unlabeled
2529,0.059033676981925964,0,0,train
2530,0.01226672250777483,0,0,unlabeled
2531,0.8804317116737366,1,1,unlabeled
2532,0.9135814309120178,1,1,train
2533,0.06437309086322784,0,0,val
2534,0.0009900465374812484,0,0,unlabeled
2535,0.05110627040266991,0,0,unlabeled
2536,2.0916929770464776e-06,0,0,unlabeled
2537,0.009047728031873703,0,0,val
2538,0.008315011858940125,0,0,train
2539,0.009081745520234108,0,0,val
2540,0.8715618848800659,1,0,unlabeled
2541,0.06054740771651268,0,0,unlabeled
2542,0.8905637264251709,1,0,val
2543,1.2082215334885404e-06,0,0,unlabeled
2544,0.0060191466473042965,0,0,unlabeled
2545,0.00017953259521164,0,0,unlabeled
2546,8.856780914356932e-05,0,0,unlabeled
2547,0.04686594754457474,0,0,unlabeled
2548,2.4661292741257057e-07,0,0,unlabeled
2549,1.1115935727445958e-08,0,0,unlabeled
2550,0.05070912092924118,0,0,unlabeled
2551,1.1846676528648459e-07,0,0,unlabeled
2552,6.769808238299424e-13,0,0,train
2553,0.0019188008736819029,0,0,unlabeled
2554,0.05721448361873627,0,0,unlabeled
2555,0.0015231313882395625,0,0,unlabeled
2556,7.913122739532097e-13,0,0,unlabeled
2557,0.03952549770474434,0,0,unlabeled
2558,0.0015231313882395625,0,0,unlabeled
2559,8.647819466816101e-14,0,0,unlabeled
2560,0.5848519206047058,0,0,unlabeled
2561,0.12564486265182495,0,0,unlabeled
2562,0.6977728009223938,0,0,unlabeled
2563,3.4323886506475165e-13,0,0,unlabeled
2564,0.0003954460844397545,0,0,unlabeled
2565,2.3879334548837505e-05,0,0,unlabeled
2566,0.9279869794845581,1,0,unlabeled
2567,0.016874609515070915,0,0,unlabeled
2568,9.406500112163485e-07,0,0,unlabeled
2569,2.193796262872638e-06,0,0,unlabeled
2570,0.03690700605511665,0,0,unlabeled
2571,0.6075136661529541,0,0,unlabeled
2572,0.03004576452076435,0,0,unlabeled
2573,1.1892510087818664e-07,0,0,unlabeled
2574,0.016032472252845764,0,0,train
2575,1.147357352238032e-06,0,0,unlabeled
2576,1.1403161082057522e-08,0,0,unlabeled
2577,1.7128024865087355e-07,0,0,unlabeled
2578,0.6862305402755737,0,0,unlabeled
2579,2.7108184945910663e-13,0,0,unlabeled
2580,0.0026848348788917065,0,0,unlabeled
2581,1.254823160934393e-07,0,0,unlabeled
2582,1.4526985978591256e-06,0,0,unlabeled
2583,6.635870590798731e-07,0,0,train
2584,6.635870590798731e-07,0,0,unlabeled
2585,6.635864906456845e-07,0,0,unlabeled
2586,6.635864906456845e-07,0,0,unlabeled
2587,3.3649780184497047e-10,0,0,unlabeled
2588,6.635864906456845e-07,0,0,unlabeled
2589,0.00025746997562237084,0,1,unlabeled
2590,0.016231704503297806,0,0,unlabeled
2591,0.0002762547810561955,0,0,unlabeled
2592,0.0005197834689170122,0,0,unlabeled
2593,0.000447212893050164,0,0,unlabeled
2594,0.768232524394989,1,0,unlabeled
2595,0.0002915659570135176,0,0,unlabeled
2596,0.08528769761323929,0,0,unlabeled
2597,0.024105073884129524,0,0,train
2598,0.09190105646848679,0,0,unlabeled
2599,2.462656311763567e-06,0,0,unlabeled
2600,0.0001617651287233457,0,0,unlabeled
2601,3.1162161917563935e-07,0,0,unlabeled
2602,0.01979777216911316,0,0,unlabeled
2603,0.3036424517631531,0,0,unlabeled
2604,0.3226754367351532,0,0,unlabeled
2605,0.9014846086502075,1,0,unlabeled
2606,0.005723556503653526,0,0,unlabeled
2607,0.060176700353622437,0,0,unlabeled
2608,0.0003531506226863712,0,0,train
2609,0.8945768475532532,1,0,unlabeled
2610,1.0704738961572757e-12,0,0,unlabeled
2611,1.1865961546675408e-08,0,0,unlabeled
2612,0.24970167875289917,0,0,unlabeled
2613,1.646873436234042e-11,0,0,unlabeled
2614,2.7088178740086732e-06,0,0,unlabeled
2615,1.3540378859033808e-05,0,0,unlabeled
2616,1.3540378859033808e-05,0,0,unlabeled
2617,1.3540378859033808e-05,0,0,unlabeled
2618,0.03695030137896538,0,0,val
2619,0.001040943549014628,0,0,val
2620,1.1424156127759488e-06,0,0,unlabeled
2621,5.956946602658775e-10,0,0,unlabeled
2622,0.04384896531701088,0,0,train
2623,2.5213466869900003e-05,0,0,unlabeled
2624,7.365965302597033e-06,0,0,train
2625,0.3775117099285126,0,0,unlabeled
2626,0.0014616805128753185,0,0,unlabeled
2627,0.003912091255187988,0,0,train
2628,0.02694079652428627,0,0,unlabeled
2629,0.7340953946113586,1,0,unlabeled
2630,0.22371597588062286,0,0,unlabeled
2631,0.08681195974349976,0,0,unlabeled
2632,0.0009079237352125347,0,0,unlabeled
2633,0.00048335123574361205,0,0,unlabeled
2634,4.3187996197957546e-05,0,0,val
2635,0.007040231954306364,0,0,unlabeled
2636,0.0006641576183028519,0,0,unlabeled
2637,6.249617581488565e-05,0,0,train
2638,0.1392890214920044,0,0,unlabeled
2639,3.662295057438314e-05,0,0,unlabeled
2640,1.2875248103227932e-05,0,0,unlabeled
2641,0.0015941034071147442,0,0,unlabeled
2642,0.218345507979393,0,0,unlabeled
2643,0.005146483890712261,0,0,unlabeled
2644,1.5581017578369938e-06,0,0,unlabeled
2645,0.001771320472471416,0,0,unlabeled
2646,0.006463407073169947,0,0,unlabeled
2647,0.00012958880688529462,0,0,unlabeled
2648,3.098039158544452e-08,0,0,unlabeled
2649,2.673406470421469e-06,0,0,train
2650,0.0006027923082001507,0,0,unlabeled
2651,0.5495638251304626,0,0,unlabeled
2652,0.08357634395360947,0,0,unlabeled
2653,0.003621948417276144,0,0,unlabeled
2654,0.0008543346193619072,0,0,unlabeled
2655,0.870807945728302,1,0,unlabeled
2656,0.9306304454803467,1,1,train
2657,0.0028275535441935062,0,0,train
2658,3.548508175299503e-06,0,0,unlabeled
2659,0.7762375473976135,1,0,unlabeled
2660,0.011232749558985233,0,0,unlabeled
2661,0.0012060761218890548,0,0,train
2662,7.876038807808072e-07,0,0,unlabeled
2663,0.009379763156175613,0,1,unlabeled
2664,0.3783303201198578,0,0,val
2665,0.009210127405822277,0,0,unlabeled
2666,0.09940855950117111,0,0,unlabeled
2667,1.8137280903829378e-06,0,0,train
2668,9.265630183108442e-07,0,0,unlabeled
2669,1.2743948119009474e-08,0,0,train
2670,0.06901408731937408,0,0,unlabeled
2671,0.16466927528381348,0,0,unlabeled
2672,0.8492904305458069,1,0,train
2673,0.8617784976959229,1,0,unlabeled
2674,9.796842277864926e-06,0,0,unlabeled
2675,6.579004093509866e-06,0,0,train
2676,2.4205535282817436e-06,0,0,unlabeled
2677,0.021812237799167633,0,0,unlabeled
2678,0.0029429651331156492,0,0,val
2679,0.03085239790380001,0,0,train
2680,0.003818308236077428,0,0,unlabeled
2681,0.0002147533668903634,0,0,unlabeled
2682,0.010750994086265564,0,0,train
2683,0.014916184358298779,0,0,unlabeled
2684,0.025089081376791,0,0,train
2685,0.07176388055086136,0,0,train
2686,0.00525909336283803,0,0,unlabeled
2687,3.536045483087946e-07,0,0,train
2688,0.0001878918264992535,0,0,unlabeled
2689,0.028425799682736397,0,0,unlabeled
2690,0.23945240676403046,0,0,unlabeled
2691,2.248348027933389e-05,0,0,unlabeled
2692,2.8507101887953468e-06,0,0,unlabeled
2693,0.009786311537027359,0,0,train
2694,4.135373092140071e-05,0,0,unlabeled
2695,8.113668172882171e-07,0,0,train
2696,6.015349396969733e-17,0,0,unlabeled
2697,5.629373117699288e-05,0,0,unlabeled
2698,2.3389904981740983e-06,0,0,unlabeled
2699,0.4061635434627533,0,0,unlabeled
2700,0.04440532997250557,0,0,train
2701,3.1231215302796045e-07,0,0,unlabeled
2702,4.522208740809219e-08,0,0,unlabeled
2703,3.0130838268860316e-08,0,0,unlabeled
2704,1.035165442947461e-11,0,0,unlabeled
2705,4.568485780648279e-12,0,0,unlabeled
2706,1.871599852165673e-05,0,0,train
2707,4.337554457833903e-07,0,0,unlabeled
2708,1.0246566262139822e-06,0,0,train
2709,0.8063645362854004,1,0,unlabeled
2710,0.2280287891626358,0,0,unlabeled
2711,1.8861886928789318e-05,0,0,unlabeled
2712,1.1360278762140297e-07,0,0,unlabeled
2713,1.5642536936866236e-06,0,0,unlabeled
2714,1.2302455616008956e-05,0,0,unlabeled
2715,0.002064930507913232,0,0,unlabeled
2716,0.817829430103302,1,0,unlabeled
2717,0.06324835866689682,0,0,unlabeled
2718,9.808184264770148e-10,0,0,val
2719,0.000722863245755434,0,0,unlabeled
2720,0.2944607436656952,0,0,unlabeled
2721,4.94424011776573e-06,0,0,unlabeled
2722,0.0057511948980391026,0,0,unlabeled
2723,0.007436656858772039,0,0,unlabeled
2724,0.0005257554585114121,0,0,unlabeled
2725,9.776806109584868e-05,0,0,unlabeled
2726,9.564923159066652e-11,0,0,unlabeled
2727,4.301569060771726e-05,0,0,unlabeled
2728,1.132735292230791e-06,0,0,unlabeled
2729,0.001446133479475975,0,0,unlabeled
2730,0.004615154583007097,0,0,unlabeled
2731,3.7476993384188972e-06,0,0,unlabeled
2732,0.00012459477875381708,0,0,train
2733,0.0014947319868952036,0,0,unlabeled
2734,0.001068237004801631,0,0,unlabeled
2735,5.314548729984381e-07,0,0,unlabeled
2736,4.300141881685704e-06,0,0,unlabeled
2737,0.00969935767352581,0,0,train
2738,0.04949988052248955,0,0,unlabeled
2739,0.17791034281253815,0,0,unlabeled
2740,0.19918163120746613,0,0,train
2741,0.05076160654425621,0,0,unlabeled
2742,0.00316065177321434,0,0,unlabeled
2743,0.06920420378446579,0,0,unlabeled
2744,0.07818910479545593,0,0,train
2745,0.08602148294448853,0,0,unlabeled
2746,7.881135388743132e-05,0,0,unlabeled
2747,0.0006054049008525908,0,0,unlabeled
2748,0.99554044008255,1,1,unlabeled
2749,0.0009456987609155476,0,0,unlabeled
2750,0.9932369589805603,1,1,unlabeled
2751,0.0009567353990860283,0,0,val
2752,0.005968280602246523,0,0,train
2753,0.0011909804306924343,0,1,unlabeled
2754,0.0004190494364593178,0,0,unlabeled
2755,0.016943007707595825,0,0,train
2756,0.004408775828778744,0,0,unlabeled
2757,6.228417248621554e-08,0,0,unlabeled
2758,1.6732849417167017e-07,0,0,unlabeled
2759,0.04341595619916916,0,0,train
2760,0.03147192671895027,0,0,unlabeled
2761,0.001502377912402153,0,0,unlabeled
2762,0.019763821735978127,0,0,unlabeled
2763,0.08293115347623825,0,0,unlabeled
2764,0.0034900845494121313,0,0,unlabeled
2765,0.00042284713708795607,0,0,unlabeled
2766,9.63027632678859e-05,0,0,unlabeled
2767,0.0037265841383486986,0,0,unlabeled
2768,0.07332019507884979,0,0,train
2769,0.018332654610276222,0,0,unlabeled
2770,5.3525567636825144e-05,0,0,unlabeled
2771,1.959153996722307e-05,0,0,unlabeled
2772,0.008965748362243176,0,0,unlabeled
2773,0.007931346073746681,0,0,unlabeled
2774,0.18617750704288483,0,1,unlabeled
2775,0.18254010379314423,0,1,val
2776,0.15237052738666534,0,1,unlabeled
2777,0.016241081058979034,0,0,unlabeled
2778,0.006125297397375107,0,0,unlabeled
2779,0.1827670931816101,0,0,unlabeled
2780,3.9013220884953626e-06,0,0,unlabeled
2781,1.380978318366033e-07,0,0,unlabeled
2782,0.005577783100306988,0,0,train
2783,0.0015032393857836723,0,0,unlabeled
2784,0.0029488939326256514,0,0,unlabeled
2785,0.09063582122325897,0,0,unlabeled
2786,0.01454942300915718,0,0,unlabeled
2787,0.0876137763261795,0,0,unlabeled
2788,0.00013324494648259133,0,0,unlabeled
2789,2.05594642466167e-05,0,0,train
2790,0.004453382920473814,0,0,unlabeled
2791,1.7692546094849604e-08,0,0,unlabeled
2792,9.103185982795026e-10,0,0,unlabeled
2793,0.1259421408176422,0,0,unlabeled
2794,6.3026743823968445e-09,0,0,unlabeled
2795,8.269742224342735e-09,0,1,unlabeled
2796,0.1222546175122261,0,0,unlabeled
2797,7.124966394655985e-09,0,0,unlabeled
2798,0.07265622168779373,0,0,train
2799,0.8294689655303955,1,0,unlabeled
2800,3.191233943766747e-08,0,0,unlabeled
2801,1.2610469335427865e-09,0,0,unlabeled
2802,2.9838548298855017e-11,0,0,unlabeled
2803,1.3297889154273435e-06,0,1,unlabeled
2804,1.6093276045126004e-08,0,1,unlabeled
2805,0.0008349574054591358,0,0,unlabeled
2806,1.7983742961938235e-16,0,0,unlabeled
2807,1.3231230618516304e-15,0,0,train
2808,3.2629161523800576e-06,0,0,unlabeled
2809,0.0005852575995959342,0,0,train
2810,0.0035871542058885098,0,0,unlabeled
2811,0.0001024473604047671,0,0,unlabeled
2812,0.0008755644666962326,0,0,unlabeled
2813,0.0008701389888301492,0,0,unlabeled
2814,0.14267796277999878,0,0,unlabeled
2815,0.3975382149219513,0,0,val
2816,3.7481852359633194e-06,0,0,unlabeled
2817,0.14616137742996216,0,0,train
2818,7.992708788151504e-07,0,1,unlabeled
2819,0.003518546698614955,0,0,unlabeled
2820,6.04756045588517e-13,0,0,unlabeled
2821,0.5163837671279907,0,0,unlabeled
2822,2.146264523616992e-05,0,0,unlabeled
2823,0.3918123245239258,0,0,unlabeled
2824,7.17539296601899e-06,0,0,unlabeled
2825,3.439319334574975e-05,0,0,unlabeled
2826,1.9030801468034042e-07,0,0,unlabeled
2827,0.01634129323065281,0,0,unlabeled
2828,0.020818332210183144,0,0,unlabeled
2829,0.02412211336195469,0,0,unlabeled
2830,0.022035686299204826,0,0,train
2831,2.7789274099632166e-06,0,0,unlabeled
2832,3.926842850887624e-07,0,0,unlabeled
2833,0.16711723804473877,0,0,unlabeled
2834,0.004143999889492989,0,0,train
2835,2.7936701371800154e-05,0,0,unlabeled
2836,1.792911952236409e-08,0,0,unlabeled
2837,0.0059393965639173985,0,0,train
2838,2.3331779175350675e-06,0,0,train
2839,0.032752860337495804,0,0,val
2840,0.26355788111686707,0,0,unlabeled
2841,1.4028961231815629e-05,0,0,unlabeled
2842,2.7185118045558454e-10,0,0,train
2843,1.3089113126696361e-11,0,0,unlabeled
2844,0.0037888502702116966,0,0,unlabeled
2845,7.939520152433488e-09,0,0,unlabeled
2846,1.427639290341176e-06,0,0,unlabeled
2847,0.0006891779485158622,0,0,unlabeled
2848,1.3800524357066024e-05,0,0,unlabeled
2849,1.1691893113396912e-12,0,0,val
2850,0.0007487486000172794,0,0,unlabeled
2851,0.00041108965524472296,0,0,unlabeled
2852,3.6516678392217727e-06,0,0,train
2853,2.2721399091096828e-06,0,0,unlabeled
2854,9.782878623809665e-05,0,0,unlabeled
2855,0.0032138314563781023,0,0,unlabeled
2856,5.7680426407413776e-11,0,0,unlabeled
2857,0.8447009921073914,1,1,val
2858,0.003959557507187128,0,0,unlabeled
2859,0.10399241745471954,0,0,unlabeled
2860,0.00019206810975447297,0,0,unlabeled
2861,0.00011643758625723422,0,0,unlabeled
2862,6.218078851816244e-08,0,0,train
2863,0.07192172110080719,0,0,unlabeled
2864,3.712460966198705e-06,0,0,unlabeled
2865,7.553128678061682e-10,0,0,unlabeled
2866,2.16665893559842e-10,0,0,train
2867,0.1765739470720291,0,0,train
2868,0.005158429034054279,0,0,unlabeled
2869,0.027377819642424583,0,0,unlabeled
2870,0.1838880330324173,0,0,unlabeled
2871,4.756856952781163e-08,0,0,train
2872,0.8245452046394348,1,0,unlabeled
2873,1.929111749632284e-05,0,1,val
2874,0.9288987517356873,1,0,val
2875,1.1460789650641345e-08,0,0,unlabeled
2876,0.00030515569960698485,0,0,unlabeled
2877,6.688440379321037e-08,0,0,unlabeled
2878,0.038226041942834854,0,0,unlabeled
2879,0.0336354523897171,0,0,unlabeled
2880,0.0006802605930715799,0,0,unlabeled
2881,0.0014428198337554932,0,0,unlabeled
2882,0.26786184310913086,0,0,unlabeled
2883,0.19992861151695251,0,0,val
2884,0.0069370027631521225,0,0,val
2885,0.02761993370950222,0,0,train
2886,0.5068047046661377,0,0,val
2887,9.935594425769523e-05,0,0,unlabeled
2888,0.2620921730995178,0,1,unlabeled
2889,0.00347591913305223,0,0,unlabeled
2890,0.9152591228485107,1,1,unlabeled
2891,0.08143018186092377,0,0,unlabeled
2892,2.6498437932787056e-07,0,0,unlabeled
2893,0.9923673272132874,1,0,unlabeled
2894,6.208595095813507e-06,0,0,unlabeled
2895,0.00028233780176378787,0,0,unlabeled
2896,0.7863444685935974,1,0,unlabeled
2897,4.3637518842842837e-07,0,0,unlabeled
2898,0.00011344177619321272,0,0,train
2899,0.008700601756572723,0,0,unlabeled
2900,2.681547630345449e-05,0,0,unlabeled
2901,0.3424226641654968,0,0,unlabeled
2902,0.026410646736621857,0,0,unlabeled
2903,6.235050165059874e-08,0,0,unlabeled
2904,0.31724318861961365,0,0,unlabeled
2905,6.765815487597138e-05,0,0,unlabeled
2906,9.242031140388463e-09,0,0,unlabeled
2907,1.0886685686273267e-07,0,0,unlabeled
2908,1.6621216047951748e-07,0,0,train
2909,1.6621216047951748e-07,0,0,unlabeled
2910,0.020318547263741493,0,0,unlabeled
2911,0.031734585762023926,0,0,unlabeled
2912,0.28162264823913574,0,0,train
2913,6.469632353400812e-05,0,0,train
2914,3.6050685991995124e-08,0,0,unlabeled
2915,1.151787003550453e-07,0,0,unlabeled
2916,0.22963160276412964,0,0,unlabeled
2917,0.0049970634281635284,0,0,unlabeled
2918,8.015027560759336e-06,0,0,unlabeled
2919,0.0034164381213486195,0,0,train
2920,0.00013384675548877567,0,1,unlabeled
2921,0.14134445786476135,0,0,unlabeled
2922,0.011141607537865639,0,1,unlabeled
2923,0.0001259536948055029,0,0,train
2924,0.0239118505269289,0,0,unlabeled
2925,2.6396177418064326e-05,0,0,unlabeled
2926,7.175019050009723e-07,0,1,unlabeled
2927,0.6667781472206116,0,0,train
2928,0.7478310465812683,1,0,unlabeled
2929,0.022733386605978012,0,0,unlabeled
2930,0.9889358878135681,1,1,train
2931,1.4756201380805578e-06,0,1,unlabeled
2932,1.5404251030304295e-07,0,0,unlabeled
2933,9.135397704085335e-05,0,0,unlabeled
2934,3.9263967077651785e-10,0,0,unlabeled
2935,0.5309656858444214,0,1,unlabeled
2936,1.2306389240990256e-10,0,0,val
2937,2.4303135433001444e-05,0,0,unlabeled
2938,0.9834104180335999,1,1,unlabeled
2939,0.9822741150856018,1,1,train
2940,0.6557093858718872,0,0,train
2941,1.4876021623422275e-06,0,0,train
2942,2.8294348197732688e-08,0,0,unlabeled
2943,0.9850660562515259,1,1,unlabeled
2944,0.7613401412963867,1,0,val
2945,0.2103477120399475,0,1,unlabeled
2946,8.065266570156382e-07,0,0,unlabeled
2947,1.6374409597119666e-06,0,0,unlabeled
2948,7.721735642007843e-07,0,0,unlabeled
2949,4.536957962097965e-11,0,0,unlabeled
2950,3.116554216830991e-05,0,0,train
2951,0.8407906889915466,1,0,unlabeled
2952,3.351678969920613e-05,0,0,train
2953,1.943952520377934e-05,0,0,unlabeled
2954,0.02585233375430107,0,0,unlabeled
2955,0.008976897224783897,0,0,unlabeled
2956,2.4920418582041748e-05,0,0,unlabeled
2957,0.0033713115844875574,0,0,unlabeled
2958,0.8736177086830139,1,0,unlabeled
2959,0.5892975926399231,0,0,unlabeled
2960,9.652908516954994e-08,0,0,unlabeled
2961,6.643988399446243e-07,0,0,val
2962,0.00014331001148093492,0,0,train
2963,0.01563004031777382,0,0,unlabeled
2964,2.8747019769070903e-06,0,0,unlabeled
2965,0.9107380509376526,1,1,train
2966,0.0012991378316655755,0,0,unlabeled
2967,0.0012991378316655755,0,0,unlabeled
2968,0.0001331247913185507,0,0,unlabeled
2969,0.6088159084320068,0,0,unlabeled
2970,7.485257810913026e-05,0,0,unlabeled
2971,0.16128608584403992,0,0,unlabeled
2972,3.736892494998756e-06,0,0,unlabeled
2973,0.001409741467796266,0,0,unlabeled
2974,0.00028469241806305945,0,0,unlabeled
2975,0.00023332441924139857,0,0,val
2976,0.5343722701072693,0,0,unlabeled
2977,0.00595520855858922,0,0,unlabeled
2978,0.0058289687149226665,0,0,unlabeled
2979,0.7614591121673584,1,0,train
2980,0.01039609219878912,0,0,unlabeled
2981,0.004688851535320282,0,0,unlabeled
2982,0.00015754738706164062,0,0,unlabeled
2983,0.2884927988052368,0,0,unlabeled
2984,0.01483115367591381,0,0,unlabeled
2985,2.296278353242087e-06,0,0,unlabeled
2986,0.00013715281966142356,0,0,unlabeled
2987,0.00010711785580497235,0,0,train
2988,2.2115234514785698e-06,0,0,unlabeled
2989,0.14431945979595184,0,0,unlabeled
2990,0.9441680312156677,1,0,unlabeled
2991,0.02010062150657177,0,0,unlabeled
2992,0.0004196643130853772,0,0,unlabeled
2993,0.00010711785580497235,0,0,unlabeled
2994,0.0001296208065468818,0,0,unlabeled
2995,0.02877502329647541,0,0,train
2996,0.3111456334590912,0,1,unlabeled
2997,4.960098976880545e-06,0,0,unlabeled
2998,0.8606787323951721,1,0,val
2999,0.00013492365542333573,0,0,unlabeled
3000,0.00013208517339080572,0,0,unlabeled
3001,0.00030495066312141716,0,0,train
3002,0.01873784139752388,0,0,train
3003,8.717491255083587e-06,0,0,unlabeled
3004,2.0843081927068852e-07,0,0,unlabeled
3005,0.010064030066132545,0,0,train
3006,0.17458969354629517,0,0,train
3007,0.9277799725532532,1,0,unlabeled
3008,0.9246079325675964,1,0,unlabeled
3009,8.770391910547376e-14,0,0,unlabeled
3010,3.333769927849062e-05,0,0,unlabeled
3011,0.6140575408935547,0,0,val
3012,0.5922201871871948,0,0,unlabeled
3013,1.698728802068672e-08,0,0,unlabeled
3014,0.0002751668216660619,0,0,unlabeled
3015,0.017792876809835434,0,0,unlabeled
3016,4.214759741216767e-08,0,0,unlabeled
3017,0.18643027544021606,0,0,unlabeled
3018,0.8893060684204102,1,1,unlabeled
3019,0.01939341053366661,0,0,unlabeled
3020,0.02039700746536255,0,0,unlabeled
3021,0.0015585286309942603,0,1,unlabeled
3022,7.825261127436534e-05,0,0,unlabeled
3023,0.00018035667017102242,0,0,unlabeled
3024,1.698731999510983e-08,0,0,unlabeled
3025,0.0003117045562248677,0,0,unlabeled
3026,0.004516684915870428,0,0,unlabeled
3027,0.10947557538747787,0,0,unlabeled
3028,0.029070662334561348,0,0,unlabeled
3029,0.9608606100082397,1,1,train
3030,0.9498393535614014,1,1,train
3031,0.001650381600484252,0,0,unlabeled
3032,5.0707538321148604e-05,0,0,train
3033,1.64269717828347e-08,0,0,unlabeled
3034,4.363730710110758e-08,0,0,unlabeled
3035,3.4911674447357655e-05,0,0,unlabeled
3036,0.058075882494449615,0,0,train
3037,1.9507797333062626e-07,0,0,unlabeled
3038,2.318285623914562e-05,0,0,unlabeled
3039,9.085432850497455e-08,0,0,unlabeled
3040,0.01116177812218666,0,0,train
3041,3.2429607443873465e-08,0,0,val
3042,8.627498715441106e-08,0,0,unlabeled
3043,1.635865162948058e-12,0,0,unlabeled
3044,1.4999887980593485e-06,0,0,unlabeled
3045,5.1988681804004955e-08,0,0,unlabeled
3046,0.33292868733406067,0,0,unlabeled
3047,0.001028420520015061,0,0,unlabeled
3048,4.444238220457919e-05,0,0,unlabeled
3049,4.871581495535793e-06,0,0,unlabeled
3050,0.2889098525047302,0,1,unlabeled
3051,6.619105079153087e-06,0,0,unlabeled
3052,5.166669758693843e-09,0,0,unlabeled
3053,0.04208210110664368,0,0,unlabeled
3054,1.0039120468263718e-07,0,0,train
3055,0.5352182388305664,0,0,unlabeled
3056,0.3181968629360199,0,0,unlabeled
3057,2.739642497237571e-12,0,0,unlabeled
3058,1.0409880957240603e-08,0,0,unlabeled
3059,0.0019256006926298141,0,0,unlabeled
3060,1.1914954266278865e-11,0,0,train
3061,1.1914954266278865e-11,0,0,unlabeled
3062,0.00028883435879833996,0,1,unlabeled
3063,1.7007914174249628e-11,0,0,unlabeled
3064,6.2323290889773186e-15,0,0,train
3065,0.002557834843173623,0,0,unlabeled
3066,2.6558157325347505e-14,0,0,train
3067,0.00015097511641215533,0,1,unlabeled
3068,0.016122430562973022,0,0,unlabeled
3069,0.06831584870815277,0,1,unlabeled
3070,0.0006194870220497251,0,1,unlabeled
3071,0.01581302471458912,0,0,unlabeled
3072,0.1508392095565796,0,0,val
3073,0.7554498314857483,1,0,unlabeled
3074,3.3487637551843363e-07,0,0,unlabeled
3075,3.1365132599603385e-05,0,0,unlabeled
3076,0.009903201833367348,0,0,unlabeled
3077,2.360282991276108e-08,0,0,val
3078,0.18217487633228302,0,0,unlabeled
3079,3.2132504657056415e-07,0,0,unlabeled
3080,0.0016718816477805376,0,0,train
3081,2.254012254621074e-11,0,0,unlabeled
3082,8.430003504145134e-07,0,0,unlabeled
3083,0.008934584446251392,0,0,unlabeled
3084,2.493596366548445e-05,0,0,train
3085,0.002988297725096345,0,0,unlabeled
3086,0.012209823355078697,0,0,train
3087,1.9671688278322108e-05,0,1,unlabeled
3088,0.5209636688232422,0,0,unlabeled
3089,0.034724924713373184,0,0,unlabeled
3090,2.0237290300428867e-05,0,0,unlabeled
3091,1.7311926631818908e-12,0,0,unlabeled
3092,6.107942454036674e-07,0,0,train
3093,0.8973226547241211,1,0,unlabeled
3094,0.013496993109583855,0,0,unlabeled
3095,0.012962354347109795,0,0,unlabeled
3096,1.5970357480910025e-06,0,0,unlabeled
3097,0.8342571258544922,1,0,unlabeled
3098,0.0030732566956430674,0,0,unlabeled
3099,0.08210485428571701,0,0,unlabeled
3100,4.4112425712228287e-07,0,0,unlabeled
3101,0.00147595489397645,0,0,unlabeled
3102,0.021402373909950256,0,0,unlabeled
3103,0.8644005656242371,1,0,unlabeled
3104,7.412774607473693e-07,0,0,unlabeled
3105,6.811913522142277e-07,0,0,unlabeled
3106,1.0553472975516343e-06,0,0,unlabeled
3107,4.105209427507361e-06,0,0,unlabeled
3108,1.3086021226627054e-06,0,0,unlabeled
3109,0.9474863409996033,1,1,train
3110,7.598870155334225e-08,0,0,unlabeled
3111,0.5070537328720093,0,0,unlabeled
3112,0.0013841702602803707,0,0,unlabeled
3113,1.2324341014391393e-07,0,0,unlabeled
3114,0.010725333355367184,0,0,unlabeled
3115,0.01182984746992588,0,0,unlabeled
3116,0.0015967345098033547,0,0,train
3117,0.4719318747520447,0,0,train
3118,0.6239249110221863,0,0,unlabeled
3119,8.493138011544943e-05,0,0,unlabeled
3120,1.9208730162034726e-09,0,0,unlabeled
3121,0.0014808429405093193,0,0,unlabeled
3122,0.0002632496180012822,0,0,unlabeled
3123,9.438985557608248e-07,0,0,unlabeled
3124,5.2670490191530916e-08,0,0,train
3125,0.00021942300372757018,0,0,unlabeled
3126,0.00018021966388914734,0,0,unlabeled
3127,0.05175624415278435,0,0,unlabeled
3128,0.0003371785278432071,0,0,unlabeled
3129,0.34421128034591675,0,0,unlabeled
3130,0.025955233722925186,0,0,unlabeled
3131,0.0011755632003769279,0,0,unlabeled
3132,0.02445649914443493,0,0,val
3133,0.10244034230709076,0,0,unlabeled
3134,0.03587977960705757,0,0,unlabeled
3135,1.9054567701459746e-06,0,0,unlabeled
3136,0.0030378377996385098,0,0,unlabeled
3137,0.0010896656895056367,0,0,unlabeled
3138,1.9636516856991193e-09,0,0,unlabeled
3139,0.10095628350973129,0,0,unlabeled
3140,7.720028065705264e-07,0,0,unlabeled
3141,0.029767170548439026,0,0,train
3142,0.0362296923995018,0,0,unlabeled
3143,0.00275779003277421,0,0,unlabeled
3144,1.4428057681925566e-07,0,0,unlabeled
3145,1.737424959458167e-08,0,0,train
3146,4.440569227881497e-07,0,0,unlabeled
3147,0.011215493083000183,0,0,unlabeled
3148,2.2138119959436153e-07,0,0,unlabeled
3149,0.01308418344706297,0,0,unlabeled
3150,0.0006791796768084168,0,0,unlabeled
3151,7.158066583912159e-09,0,0,unlabeled
3152,2.361189890799035e-14,0,0,val
3153,0.0011124955490231514,0,0,unlabeled
3154,0.0037560760974884033,0,0,unlabeled
3155,0.012419228442013264,0,0,unlabeled
3156,4.937563744533691e-07,0,0,unlabeled
3157,0.008840073831379414,0,0,unlabeled
3158,0.013827175833284855,0,0,unlabeled
3159,0.001861949567683041,0,0,unlabeled
3160,0.025814974680542946,0,0,unlabeled
3161,1.5814071048225742e-06,0,0,unlabeled
3162,0.02506348490715027,0,0,train
3163,0.016407949849963188,0,0,unlabeled
3164,1.67936559591908e-05,0,0,unlabeled
3165,0.9564018249511719,1,0,unlabeled
3166,0.7525373697280884,1,0,unlabeled
3167,0.00026414793683215976,0,0,unlabeled
3168,0.48454877734184265,0,0,unlabeled
3169,2.1450311749049433e-07,0,0,unlabeled
3170,7.318487769225612e-05,0,0,unlabeled
3171,0.045139022171497345,0,0,unlabeled
3172,0.9426904320716858,1,1,train
3173,0.8293500542640686,1,1,train
3174,0.7066141963005066,1,1,val
3175,0.00594825716689229,0,0,unlabeled
3176,0.039350803941488266,0,0,unlabeled
3177,0.26126211881637573,0,0,unlabeled
3178,0.025150412693619728,0,0,unlabeled
3179,1.0261841225656099e-06,0,1,unlabeled
3180,0.32556700706481934,0,0,unlabeled
3181,0.00010475404269527644,0,0,unlabeled
3182,1.92580067448489e-08,0,0,unlabeled
3183,0.30347466468811035,0,0,unlabeled
3184,1.9106178683614417e-07,0,0,unlabeled
3185,0.0343271903693676,0,0,unlabeled
3186,0.8848203420639038,1,1,unlabeled
3187,0.20463982224464417,0,0,unlabeled
3188,7.953526619530749e-06,0,1,unlabeled
3189,0.0024896576069295406,0,0,unlabeled
3190,0.08580616116523743,0,0,unlabeled
3191,0.0015396937960758805,0,0,unlabeled
3192,0.00016232230700552464,0,0,unlabeled
3193,4.699644762240496e-08,0,0,unlabeled
3194,7.976255073094407e-12,0,0,unlabeled
3195,3.4735535336949397e-07,0,0,unlabeled
3196,0.9916378855705261,1,0,unlabeled
3197,0.005489042494446039,0,0,unlabeled
3198,0.9916378855705261,1,0,unlabeled
3199,0.010460089892148972,0,0,unlabeled
3200,0.741885244846344,1,0,unlabeled
3201,0.004105852451175451,0,0,unlabeled
3202,0.7708266973495483,1,0,unlabeled
3203,0.987804651260376,1,0,unlabeled
3204,0.001013291534036398,0,0,unlabeled
3205,0.002491806633770466,0,0,train
3206,4.0674555390474154e-10,0,0,unlabeled
3207,1.908535551820023e-10,0,0,train
3208,0.0010153647745028138,0,0,unlabeled
3209,0.00018717067723628134,0,0,unlabeled
3210,0.2307533323764801,0,0,unlabeled
3211,0.7200761437416077,1,0,unlabeled
3212,0.001561738085001707,0,0,unlabeled
3213,0.0004956871271133423,0,0,unlabeled
3214,0.32105836272239685,0,0,train
3215,0.0024430614430457354,0,0,unlabeled
3216,8.866786629369017e-06,0,0,unlabeled
3217,0.39818841218948364,0,0,unlabeled
3218,1.3959927969153796e-07,0,1,unlabeled
3219,0.33722054958343506,0,0,unlabeled
3220,0.0029830867424607277,0,0,unlabeled
3221,2.7656553811539197e-06,0,0,train
3222,5.117875389260007e-06,0,0,unlabeled
3223,0.6872612833976746,0,0,unlabeled
3224,0.20437952876091003,0,0,unlabeled
3225,0.08892708271741867,0,0,unlabeled
3226,1.4865845514577813e-05,0,0,unlabeled
3227,4.1111104565061396e-07,0,0,unlabeled
3228,3.329803064389125e-07,0,0,train
3229,0.03843381628394127,0,0,unlabeled
3230,2.7362116128415437e-08,0,0,val
3231,3.4350096551893916e-12,0,0,unlabeled
3232,0.001421149238012731,0,0,unlabeled
3233,0.0002784739772323519,0,0,unlabeled
3234,3.15225261147134e-05,0,0,unlabeled
3235,0.21131952106952667,0,0,unlabeled
3236,0.6914873123168945,0,0,train
3237,0.039418887346982956,0,0,unlabeled
3238,0.005423019174486399,0,0,unlabeled
3239,0.21976017951965332,0,0,unlabeled
3240,4.0052020722214365e-07,0,0,unlabeled
3241,0.032500408589839935,0,0,unlabeled
3242,0.3626367747783661,0,0,unlabeled
3243,0.26446181535720825,0,0,unlabeled
3244,0.3016231656074524,0,0,train
3245,0.00408929493278265,0,0,unlabeled
3246,0.005431467201560736,0,0,unlabeled
3247,0.000295394187560305,0,0,unlabeled
3248,0.04676208645105362,0,0,unlabeled
3249,0.03816032037138939,0,0,unlabeled
3250,1.318445470133156e-06,0,0,train
3251,6.495717030929882e-08,0,0,unlabeled
3252,0.3464967906475067,0,1,unlabeled
3253,0.9706199169158936,1,1,unlabeled
3254,0.00393571937456727,0,0,train
3255,6.100846405843185e-08,0,0,unlabeled
3256,1.507996501004527e-07,0,0,unlabeled
3257,2.488205836925772e-07,0,0,train
3258,2.488205836925772e-07,0,0,unlabeled
3259,2.138097414672302e-07,0,0,unlabeled
3260,3.573294407033245e-07,0,0,train
3261,0.004360027611255646,0,0,unlabeled
3262,3.100214371443144e-06,0,0,unlabeled
3263,0.9609118700027466,1,1,unlabeled
3264,0.006959147751331329,0,0,unlabeled
3265,0.9768201112747192,1,1,train
3266,0.001951960613951087,0,0,train
3267,0.00012871198123320937,0,0,unlabeled
3268,0.3902595043182373,0,0,unlabeled
3269,0.000652106071356684,0,0,unlabeled
3270,8.132693437801208e-06,0,0,unlabeled
3271,0.09422599524259567,0,0,train
3272,6.65010666125454e-05,0,0,unlabeled
3273,0.29683971405029297,0,0,unlabeled
3274,0.019679490476846695,0,0,unlabeled
3275,0.07260730117559433,0,1,unlabeled
3276,0.12156549096107483,0,1,unlabeled
3277,2.8758895496139303e-06,0,0,unlabeled
3278,0.0007212289492599666,0,0,unlabeled
3279,8.000304660527036e-06,0,0,train
3280,1.3935276001575403e-05,0,0,val
3281,0.11965800076723099,0,0,unlabeled
3282,1.1084695188401383e-06,0,0,unlabeled
3283,8.371341272093991e-13,0,0,unlabeled
3284,0.03943595290184021,0,0,unlabeled
3285,6.482460435108806e-07,0,0,train
3286,7.983180694282055e-08,0,0,unlabeled
3287,8.588936566411576e-07,0,0,unlabeled
3288,1.852723920461874e-12,0,0,unlabeled
3289,4.776162798592054e-10,0,0,val
3290,0.25329092144966125,0,0,unlabeled
3291,0.001150958240032196,0,1,unlabeled
3292,5.093176436155034e-10,0,0,unlabeled
3293,0.00040886804345063865,0,0,unlabeled
3294,0.6661196947097778,0,0,unlabeled
3295,1.4533364789404146e-10,0,0,train
3296,1.0136624872814082e-09,0,0,unlabeled
3297,4.19340812074509e-11,0,0,unlabeled
3298,0.006606709212064743,0,0,unlabeled
3299,0.3757609724998474,0,0,unlabeled
3300,0.29509878158569336,0,0,train
3301,0.0006881855661049485,0,1,unlabeled
3302,0.1590288132429123,0,0,unlabeled
3303,0.26993879675865173,0,0,unlabeled
3304,0.030759865418076515,0,0,unlabeled
3305,0.8489431142807007,1,0,unlabeled
3306,0.007654044311493635,0,0,unlabeled
3307,0.0057924347929656506,0,1,unlabeled
3308,4.3288106098771095e-05,0,0,unlabeled
3309,0.02017207257449627,0,0,unlabeled
3310,0.0036380032543092966,0,0,train
3311,0.015096820890903473,0,0,train
3312,0.979736864566803,1,0,unlabeled
3313,0.6037483811378479,0,0,train
3314,1.2184225397504633e-06,0,0,train
3315,0.0004202693817205727,0,0,unlabeled
3316,0.001962896902114153,0,0,unlabeled
3317,3.839937221528089e-07,0,0,unlabeled
3318,1.0323867627448635e-06,0,0,unlabeled
3319,0.007243542931973934,0,0,unlabeled
3320,0.0036910728085786104,0,0,unlabeled
3321,0.000269792799372226,0,0,unlabeled
3322,0.002936029341071844,0,0,unlabeled
3323,0.0004395671421661973,0,0,unlabeled
3324,3.4573404263937846e-05,0,0,train
3325,0.0504009872674942,0,0,train
3326,0.0018140587490051985,0,0,unlabeled
3327,4.0946008084574714e-05,0,0,unlabeled
3328,3.025012119906023e-06,0,0,unlabeled
3329,3.131596486127819e-06,0,0,unlabeled
3330,1.5626426375092706e-08,0,0,unlabeled
3331,5.539404810406268e-07,0,0,unlabeled
3332,0.0035903085954487324,0,0,unlabeled
3333,3.1089750791579718e-06,0,0,train
3334,0.25957193970680237,0,0,unlabeled
3335,1.2935355897525369e-08,0,0,unlabeled
3336,1.2935355897525369e-08,0,0,unlabeled
3337,2.0094182318075582e-08,0,0,train
3338,0.000251074496190995,0,0,unlabeled
3339,0.024821748957037926,0,0,val
3340,0.019250893965363503,0,0,unlabeled
3341,0.024936039000749588,0,0,unlabeled
3342,5.4775540775153786e-05,0,0,unlabeled
3343,3.049944652389058e-08,0,0,unlabeled
3344,3.770189138663227e-08,0,0,unlabeled
3345,4.707500556833111e-05,0,0,unlabeled
3346,4.707500556833111e-05,0,0,val
3347,0.00017351748829241842,0,0,unlabeled
3348,0.00014757621102035046,0,0,unlabeled
3349,2.865683927666396e-05,0,0,unlabeled
3350,0.00010960981308016926,0,0,unlabeled
3351,0.02216951735317707,0,0,train
3352,0.08937612175941467,0,0,unlabeled
3353,0.10712649673223495,0,0,unlabeled
3354,4.555165489250612e-08,0,0,unlabeled
3355,5.11675352754537e-06,0,0,unlabeled
3356,0.0021837707608938217,0,0,unlabeled
3357,2.742034894254175e-06,0,0,unlabeled
3358,0.061612825840711594,0,0,unlabeled
3359,0.06349454075098038,0,0,val
3360,4.602556946675662e-10,0,0,val
3361,1.7135200323536992e-05,0,0,unlabeled
3362,0.0001443874352844432,0,0,unlabeled
3363,0.02770237997174263,0,0,unlabeled
3364,0.04302871972322464,0,0,unlabeled
3365,0.011706770397722721,0,0,unlabeled
3366,0.061303455382585526,0,0,train
3367,0.039466943591833115,0,0,unlabeled
3368,2.4463563022436574e-05,0,0,unlabeled
3369,5.1316827011760324e-05,0,0,unlabeled
3370,0.034335557371377945,0,0,unlabeled
3371,0.07011188566684723,0,0,unlabeled
3372,0.00017410599684808403,0,0,unlabeled
3373,0.06322059780359268,0,0,unlabeled
3374,0.021756190806627274,0,0,unlabeled
3375,0.038181137293577194,0,0,unlabeled
3376,4.342322426964529e-05,0,0,unlabeled
3377,0.0023653970565646887,0,0,unlabeled
3378,0.3021962642669678,0,1,unlabeled
3379,6.409725017419987e-08,0,0,train
3380,0.1665729135274887,0,0,unlabeled
3381,0.0008457835647277534,0,0,unlabeled
3382,0.12887819111347198,0,0,unlabeled
3383,0.046317726373672485,0,0,unlabeled
3384,0.012859752401709557,0,0,unlabeled
3385,0.0329614020884037,0,0,train
3386,0.24374258518218994,0,1,unlabeled
3387,2.6931125773899112e-08,0,0,unlabeled
3388,0.004142067860811949,0,0,train
3389,1.5072947689986904e-07,0,0,unlabeled
3390,0.6387726068496704,0,0,unlabeled
3391,0.5682396292686462,0,1,unlabeled
3392,0.27898237109184265,0,0,train
3393,0.0004338621802162379,0,0,unlabeled
3394,1.889343265171206e-10,0,0,unlabeled
3395,2.253016107012229e-10,0,0,unlabeled
3396,0.024257298558950424,0,0,unlabeled
3397,0.0010123029351234436,0,0,unlabeled
3398,0.009268753230571747,0,0,unlabeled
3399,8.500888526441486e-08,0,0,val
3400,0.0010684309527277946,0,0,unlabeled
3401,6.90402157488279e-05,0,0,val
3402,0.0008293677819892764,0,0,unlabeled
3403,7.137993816286325e-05,0,0,unlabeled
3404,3.7152689258412863e-10,0,0,unlabeled
3405,9.696664998726234e-11,0,0,unlabeled
3406,4.0575180548785283e-08,0,0,unlabeled
3407,0.010980363935232162,0,0,train
3408,4.873486432188656e-06,0,0,train
3409,2.4433693397440948e-05,0,1,unlabeled
3410,0.002013258170336485,0,0,unlabeled
3411,1.0564086778686033e-06,0,0,val
3412,3.200918285983789e-07,0,0,unlabeled
3413,6.842583682824255e-13,0,0,unlabeled
3414,0.0021747611463069916,0,0,unlabeled
3415,0.19351541996002197,0,0,unlabeled
3416,4.591900051309494e-06,0,0,unlabeled
3417,0.9395732879638672,1,1,train
3418,7.788476978021208e-06,0,0,train
3419,0.1862679123878479,0,0,train
3420,7.132639012752406e-08,0,0,unlabeled
3421,0.8655283451080322,1,1,unlabeled
3422,0.9700179100036621,1,1,train
3423,0.5044421553611755,0,0,unlabeled
3424,3.2247240596916527e-05,0,0,unlabeled
3425,0.061229970306158066,0,0,unlabeled
3426,0.00825568474829197,0,0,unlabeled
3427,0.019782010465860367,0,0,train
3428,4.5696138840867206e-05,0,0,unlabeled
3429,0.4660334587097168,0,0,unlabeled
3430,0.008397088386118412,0,0,unlabeled
3431,0.1383027583360672,0,0,unlabeled
3432,0.029655171558260918,0,0,val
3433,0.9503172636032104,1,0,unlabeled
3434,0.0031450148671865463,0,0,unlabeled
3435,0.18568329513072968,0,0,unlabeled
3436,6.2474274642454475e-09,0,0,unlabeled
3437,0.5349141955375671,0,0,unlabeled
3438,2.55460171245947e-12,0,0,unlabeled
3439,0.35900983214378357,0,0,unlabeled
3440,8.157111733453348e-05,0,0,unlabeled
3441,0.0033321355003863573,0,0,unlabeled
3442,0.0908382460474968,0,0,unlabeled
3443,0.0067564258351922035,0,0,unlabeled
3444,5.6993723976384025e-12,0,0,unlabeled
3445,0.011887707747519016,0,1,val
3446,0.012322889640927315,0,0,unlabeled
3447,0.41496825218200684,0,0,unlabeled
3448,0.025122256949543953,0,0,train
3449,0.0016746169421821833,0,1,unlabeled
3450,0.025703828781843185,0,0,unlabeled
3451,0.029563097283244133,0,0,unlabeled
3452,0.14645378291606903,0,0,unlabeled
3453,3.6670928693638416e-07,0,0,unlabeled
3454,0.9732345938682556,1,0,unlabeled
3455,0.19726411998271942,0,0,unlabeled
3456,0.00010184298298554495,0,0,unlabeled
3457,0.0027337786741554737,0,0,unlabeled
3458,0.07266865670681,0,0,unlabeled
3459,0.9501205682754517,1,0,unlabeled
3460,2.24354561595419e-08,0,0,unlabeled
3461,0.9451022744178772,1,1,unlabeled
3462,0.6365503668785095,0,0,unlabeled
3463,0.002639336045831442,0,0,unlabeled
3464,4.600805425525323e-08,0,0,unlabeled
3465,0.6220388412475586,0,0,unlabeled
3466,0.7041270732879639,0,0,unlabeled
3467,2.159368932552752e-06,0,0,unlabeled
3468,0.36547181010246277,0,1,unlabeled
3469,0.9609442353248596,1,0,unlabeled
3470,0.9540895223617554,1,1,train
3471,7.547328984003343e-09,0,0,unlabeled
3472,0.0002361644001211971,0,0,unlabeled
3473,0.9553600549697876,1,1,unlabeled
3474,2.1275305698509328e-05,0,0,unlabeled
3475,2.93692181685401e-07,0,0,train
3476,0.018939737230539322,0,1,unlabeled
3477,3.095588544965722e-05,0,0,unlabeled
3478,5.120830905980256e-07,0,0,train
3479,0.5666618347167969,0,0,unlabeled
3480,0.9655648469924927,1,1,train
3481,7.79715065846176e-08,0,0,unlabeled
3482,0.6659018397331238,0,1,unlabeled
3483,0.01691482588648796,0,0,val
3484,0.024065248668193817,0,1,unlabeled
3485,0.00014500776887871325,0,0,unlabeled
3486,0.29234376549720764,0,0,unlabeled
3487,3.362159986863844e-05,0,0,unlabeled
3488,0.013109724037349224,0,0,train
3489,0.00010583539551589638,0,1,unlabeled
3490,2.7719328500097618e-05,0,0,unlabeled
3491,5.192581738810986e-05,0,0,unlabeled
3492,0.0004023962246719748,0,0,train
3493,0.00028899687458761036,0,0,unlabeled
3494,0.00035467802081257105,0,0,train
3495,0.016738705337047577,0,0,unlabeled
3496,0.09963557124137878,0,0,unlabeled
3497,2.7338805759426644e-15,0,0,unlabeled
3498,1.483403866586741e-05,0,0,unlabeled
3499,0.000754264066927135,0,0,unlabeled
3500,0.00028899661265313625,0,0,train
3501,0.00030488145421259105,0,0,unlabeled
3502,3.805517966720684e-12,0,0,unlabeled
3503,0.06325624138116837,0,0,unlabeled
3504,0.03824089467525482,0,0,train
3505,0.007241507060825825,0,0,unlabeled
3506,0.0062910825945436954,0,0,unlabeled
3507,0.007322227582335472,0,0,unlabeled
3508,6.183338888653134e-13,0,0,unlabeled
3509,1.3306604387253174e-06,0,0,unlabeled
3510,2.1611491320072673e-05,0,0,unlabeled
3511,7.173661288106814e-05,0,0,unlabeled
3512,0.5450993776321411,0,0,unlabeled
3513,0.015904884785413742,0,0,unlabeled
3514,0.06266480684280396,0,0,unlabeled
3515,6.161181227071211e-05,0,0,unlabeled
3516,0.14822173118591309,0,0,unlabeled
3517,0.09081732481718063,0,0,train
3518,5.568474080064334e-06,0,0,unlabeled
3519,1.0061181455967017e-05,0,0,unlabeled
3520,0.021367423236370087,0,0,train
3521,0.06607256084680557,0,0,unlabeled
3522,2.644692642661539e-08,0,0,unlabeled
3523,0.018990663811564445,0,0,unlabeled
3524,0.05982164293527603,0,0,unlabeled
3525,0.013498777523636818,0,0,unlabeled
3526,0.00013807241339236498,0,0,unlabeled
3527,0.017143454402685165,0,0,unlabeled
3528,0.9759498238563538,1,1,unlabeled
3529,0.0027962587773799896,0,0,unlabeled
3530,4.147306754020974e-06,0,0,unlabeled
3531,5.392039592599929e-10,0,0,unlabeled
3532,6.667102850702045e-13,0,0,unlabeled
3533,0.0002543799055274576,0,0,val
3534,7.102783456502948e-06,0,0,unlabeled
3535,6.670979879608296e-10,0,0,train
3536,0.05963224545121193,0,0,unlabeled
3537,2.0667406588209536e-12,0,0,unlabeled
3538,0.047224655747413635,0,0,unlabeled
3539,0.5870885848999023,0,0,unlabeled
3540,0.06581536680459976,0,0,unlabeled
3541,0.014472574926912785,0,0,unlabeled
3542,2.4907824354158947e-06,0,0,unlabeled
3543,0.032585423439741135,0,0,unlabeled
3544,0.028775617480278015,0,0,train
3545,7.409727800222754e-07,0,0,unlabeled
3546,1.773366420820821e-06,0,0,unlabeled
3547,7.409727800222754e-07,0,0,unlabeled
3548,0.35699698328971863,0,0,unlabeled
3549,0.028775617480278015,0,0,unlabeled
3550,9.137783649748599e-07,0,0,unlabeled
3551,0.0009808560134842992,0,0,unlabeled
3552,2.5544652089593e-05,0,0,unlabeled
3553,0.0009808560134842992,0,0,unlabeled
3554,2.919411963375751e-05,0,0,unlabeled
3555,4.325595455156872e-07,0,0,unlabeled
3556,4.732450634037377e-06,0,0,unlabeled
3557,1.879969750007149e-05,0,0,unlabeled
3558,0.00138041190803051,0,0,unlabeled
3559,0.7668670415878296,1,1,unlabeled
3560,0.47662124037742615,0,0,train
3561,0.6662812829017639,0,0,unlabeled
3562,0.0009791366755962372,0,0,unlabeled
3563,0.67856365442276,0,0,unlabeled
3564,0.5085712671279907,0,0,unlabeled
3565,0.005547475069761276,0,0,unlabeled
3566,0.24394415318965912,0,0,train
3567,0.7550674676895142,1,0,unlabeled
3568,1.916296241688542e-06,0,0,unlabeled
3569,0.004072018899023533,0,0,unlabeled
3570,0.7679942846298218,1,0,unlabeled
3571,0.9984021782875061,1,1,train
3572,0.24300312995910645,0,0,unlabeled
3573,0.008432731032371521,0,0,val
3574,0.03923022747039795,0,0,unlabeled
3575,0.0005637201829813421,0,0,train
3576,0.0004801633767783642,0,0,unlabeled
3577,2.1003977963118814e-05,0,0,unlabeled
3578,0.03829280287027359,0,1,unlabeled
3579,0.0827462375164032,0,0,train
3580,0.017612604424357414,0,0,unlabeled
3581,0.09446556866168976,0,0,unlabeled
3582,0.0003237292403355241,0,0,unlabeled
3583,0.3351515531539917,0,0,unlabeled
3584,0.07993409037590027,0,0,unlabeled
3585,0.10642257332801819,0,0,unlabeled
3586,0.042811356484889984,0,0,unlabeled
3587,2.4219244493705487e-17,0,0,unlabeled
3588,3.06176147447981e-18,0,0,unlabeled
3589,3.06176147447981e-18,0,0,unlabeled
3590,7.523841304646339e-06,0,0,unlabeled
3591,0.00017937210213858634,0,0,unlabeled
3592,0.015767909586429596,0,0,unlabeled
3593,0.031939152628183365,0,0,unlabeled
3594,9.756893996382132e-05,0,0,unlabeled
3595,0.039434272795915604,0,0,unlabeled
3596,0.028860876336693764,0,0,unlabeled
3597,0.008737658150494099,0,0,unlabeled
3598,0.12246205657720566,0,0,unlabeled
3599,0.00010204857244389132,0,0,unlabeled
3600,0.6826568841934204,0,0,unlabeled
3601,0.169762521982193,0,0,unlabeled
3602,6.5902568167075515e-06,0,0,unlabeled
3603,0.12817029654979706,0,0,unlabeled
3604,0.866997480392456,1,0,unlabeled
3605,1.4183146390678303e-07,0,0,unlabeled
3606,0.0003526876389514655,0,0,unlabeled
3607,0.04298434779047966,0,0,unlabeled
3608,0.0003509879170451313,0,0,unlabeled
3609,0.00010281857248628512,0,0,unlabeled
3610,2.2433302149238443e-07,0,0,unlabeled
3611,0.04613777995109558,0,0,unlabeled
3612,0.03271879255771637,0,0,unlabeled
3613,0.0003509879170451313,0,0,unlabeled
3614,0.0006204285309650004,0,0,val
3615,0.3706931471824646,0,0,unlabeled
3616,5.906565236912797e-10,0,0,train
3617,0.00854907464236021,0,0,unlabeled
3618,0.00047720567090436816,0,0,unlabeled
3619,9.546229193801992e-06,0,0,unlabeled
3620,0.9759195446968079,1,0,unlabeled
3621,0.0011612361995503306,0,0,unlabeled
3622,0.39967647194862366,0,0,unlabeled
3623,6.492287866421975e-06,0,0,unlabeled
3624,0.01689142733812332,0,0,unlabeled
3625,3.786869706701168e-10,0,0,unlabeled
3626,0.015395323745906353,0,0,val
3627,1.9564976128094713e-07,0,0,unlabeled
3628,3.1866579774941783e-07,0,0,unlabeled
3629,3.0690506491737324e-07,0,0,unlabeled
3630,0.08103686571121216,0,0,unlabeled
3631,0.06491297483444214,0,0,unlabeled
3632,4.6796910097013367e-11,0,0,unlabeled
3633,0.07691145688295364,0,0,train
3634,0.028774963691830635,0,0,val
3635,0.9952099919319153,1,0,unlabeled
3636,2.140926426363876e-06,0,0,unlabeled
3637,0.021404480561614037,0,0,unlabeled
3638,0.9352698922157288,1,0,unlabeled
3639,5.068022437626496e-05,0,0,unlabeled
3640,2.8590281431206677e-07,0,0,unlabeled
3641,6.076284874562132e-12,0,0,unlabeled
3642,2.7187473192885614e-12,0,0,unlabeled
3643,6.580959279745002e-07,0,0,train
3644,0.00019779210560955107,0,0,unlabeled
3645,0.3081509470939636,0,0,unlabeled
3646,0.6239862442016602,0,0,unlabeled
3647,0.9352666735649109,1,0,unlabeled
3648,0.05175178498029709,0,0,unlabeled
3649,0.3717273771762848,0,0,train
3650,6.369339777823058e-11,0,1,unlabeled
3651,0.5280200839042664,0,0,unlabeled
3652,0.000130784887005575,0,0,unlabeled
3653,0.5928137302398682,0,0,unlabeled
3654,0.00017080568068195134,0,0,unlabeled
3655,0.030009524896740913,0,0,unlabeled
3656,0.08768050372600555,0,0,unlabeled
3657,0.05862372741103172,0,1,unlabeled
3658,0.021526996046304703,0,0,unlabeled
3659,0.9686936736106873,1,1,unlabeled
3660,0.7976329326629639,1,1,val
3661,1.902810254250653e-05,0,0,val
3662,0.996638298034668,1,1,unlabeled
3663,0.36346450448036194,0,0,unlabeled
3664,0.9870288372039795,1,1,train
3665,0.9358852505683899,1,1,train
3666,2.853957084880676e-05,0,0,unlabeled
3667,0.8490433692932129,1,1,unlabeled
3668,0.00836312584578991,0,0,unlabeled
3669,0.34099045395851135,0,0,train
3670,0.0008243779884651303,0,0,unlabeled
3671,0.22210507094860077,0,0,unlabeled
3672,0.8096224069595337,1,1,train
3673,0.0017510118195787072,0,0,unlabeled
3674,0.05008123070001602,0,0,unlabeled
3675,0.0006305556162260473,0,0,unlabeled
3676,0.0017510118195787072,0,0,train
3677,0.5384016036987305,0,0,unlabeled
3678,0.0059883855283260345,0,0,train
3679,0.026363875716924667,0,0,unlabeled
3680,4.387785793369403e-06,0,0,unlabeled
3681,0.6999694108963013,0,1,unlabeled
3682,3.171138871493895e-07,0,0,unlabeled
3683,4.38779443356907e-06,0,0,unlabeled
3684,0.05438118055462837,0,0,unlabeled
3685,1.4265123354562093e-05,0,0,train
3686,0.007005579769611359,0,0,unlabeled
3687,0.00025953681324608624,0,0,unlabeled
3688,0.9556189179420471,1,0,unlabeled
3689,0.6987788677215576,0,1,unlabeled
3690,0.18968918919563293,0,0,unlabeled
3691,0.0033421919215470552,0,0,unlabeled
3692,0.026762083172798157,0,0,unlabeled
3693,0.058309316635131836,0,0,unlabeled
3694,0.008223176002502441,0,0,val
3695,0.009429624304175377,0,0,unlabeled
3696,5.207954814068216e-07,0,0,train
3697,1.407736726832809e-05,0,0,unlabeled
3698,1.389347062286106e-06,0,0,train
3699,0.008322324603796005,0,0,unlabeled
3700,0.00029384647496044636,0,0,unlabeled
3701,0.00019599287770688534,0,0,unlabeled
3702,5.115988983561692e-07,0,0,unlabeled
3703,4.911204314339557e-07,0,0,unlabeled
3704,4.187468221061863e-07,0,0,unlabeled
3705,3.04869786305062e-07,0,0,unlabeled
3706,0.002401111414656043,0,0,unlabeled
3707,0.04939636215567589,0,0,unlabeled
3708,2.5585390176274814e-05,0,0,unlabeled
3709,2.2990279830992222e-05,0,0,unlabeled
3710,0.9998756647109985,1,0,unlabeled
3711,0.00010136426135431975,0,0,train
3712,0.0003621879150159657,0,0,unlabeled
3713,8.657516445964575e-06,0,0,unlabeled
3714,3.245920379413292e-05,0,1,unlabeled
3715,0.00043710393947549164,0,0,unlabeled
3716,0.0008838842622935772,0,0,unlabeled
3717,8.959385127127462e-07,0,0,unlabeled
3718,0.0008700664038769901,0,0,unlabeled
3719,5.071600472916771e-09,0,0,unlabeled
3720,0.02655894309282303,0,0,unlabeled
3721,0.002313627628609538,0,0,unlabeled
3722,0.004576950334012508,0,0,unlabeled
3723,0.049140337854623795,0,0,unlabeled
3724,0.00015927992353681475,0,0,unlabeled
3725,0.07456039637327194,0,0,train
3726,1.1271414450675366e-06,0,0,unlabeled
3727,0.04582330584526062,0,0,unlabeled
3728,0.008311068639159203,0,0,unlabeled
3729,0.010274642147123814,0,0,unlabeled
3730,0.0033087783958762884,0,0,unlabeled
3731,0.18442603945732117,0,0,unlabeled
3732,0.027894852682948112,0,0,unlabeled
3733,0.013488691300153732,0,0,unlabeled
3734,9.942032193066552e-06,0,0,unlabeled
3735,2.974700347158077e-11,0,0,unlabeled
3736,6.001399932564766e-10,0,1,unlabeled
3737,1.2145617627953853e-12,0,0,unlabeled
3738,0.0004206554149277508,0,0,unlabeled
3739,3.1306051369028864e-06,0,0,unlabeled
3740,3.1306051369028864e-06,0,0,unlabeled
3741,0.00023154662630986422,0,0,unlabeled
3742,3.1305989978136495e-06,0,0,train
3743,3.4785632578859804e-06,0,0,train
3744,0.00023154662630986422,0,0,unlabeled
3745,3.930263119400479e-06,0,0,unlabeled
3746,0.00019989964494016021,0,0,unlabeled
3747,2.4043220037128776e-05,0,0,train
3748,0.01157597079873085,0,0,unlabeled
3749,0.0006652114680036902,0,0,unlabeled
3750,2.514930656616343e-06,0,0,unlabeled
3751,7.51092764372796e-12,0,0,train
3752,1.3091865184833296e-05,0,0,unlabeled
3753,6.322594708763063e-05,0,0,train
3754,0.8121558427810669,1,1,val
3755,0.00031229201704263687,0,0,unlabeled
3756,2.5617841181713175e-12,0,0,unlabeled
3757,2.0719227904919535e-05,0,0,unlabeled
3758,4.1032319131772965e-05,0,0,unlabeled
3759,0.0005554688395932317,0,0,unlabeled
3760,0.00014396675396710634,0,0,train
3761,0.00027131856768392026,0,0,unlabeled
3762,0.0034408089704811573,0,0,unlabeled
3763,0.7991548776626587,1,0,unlabeled
3764,0.8403852581977844,1,1,train
3765,2.2825710402685218e-05,0,0,unlabeled
3766,2.2825710402685218e-05,0,0,unlabeled
3767,1.586424514243845e-05,0,0,unlabeled
3768,0.0015150040853768587,0,0,unlabeled
3769,2.1089421352371573e-05,0,0,unlabeled
3770,7.452767363247403e-07,0,1,unlabeled
3771,0.05575716122984886,0,0,unlabeled
3772,0.0003351126506458968,0,0,unlabeled
3773,0.9828385710716248,1,0,val
3774,2.7710780159395654e-06,0,0,unlabeled
3775,0.07225774973630905,0,0,unlabeled
3776,0.023413091897964478,0,0,train
3777,0.06710246205329895,0,0,unlabeled
3778,0.26815158128738403,0,0,unlabeled
3779,5.162121397006558e-07,0,0,train
3780,2.1321668555174256e-06,0,0,unlabeled
3781,0.039693433791399,0,0,unlabeled
3782,0.02086290717124939,0,0,unlabeled
3783,4.747751128873767e-14,0,0,train
3784,1.6208017768803984e-05,0,0,unlabeled
3785,2.3106069420464337e-05,0,0,unlabeled
3786,1.4595472919154417e-07,0,0,unlabeled
3787,3.772770540422243e-09,0,0,unlabeled
3788,3.784050330024602e-12,0,0,unlabeled
3789,2.754040918928613e-11,0,0,unlabeled
3790,1.0724148619915136e-13,0,0,unlabeled
3791,3.4503275887429186e-13,0,0,train
3792,6.682045636807743e-07,0,0,unlabeled
3793,8.321896984853083e-07,0,0,unlabeled
3794,1.1333749693961948e-12,0,0,unlabeled
3795,8.844221156323329e-06,0,0,unlabeled
3796,0.7640685439109802,1,0,unlabeled
3797,0.00014832192391622812,0,0,unlabeled
3798,1.5274847100954503e-05,0,0,unlabeled
3799,4.932325282425154e-06,0,0,unlabeled
3800,0.039512958377599716,0,0,unlabeled
3801,0.001437641098164022,0,0,unlabeled
3802,3.454387478996068e-05,0,0,unlabeled
3803,0.018940657377243042,0,0,unlabeled
3804,0.0394553579390049,0,0,unlabeled
3805,0.001798102050088346,0,0,unlabeled
3806,0.00021160572941880673,0,0,unlabeled
3807,9.316986201643451e-13,0,0,train
3808,9.316986201643451e-13,0,0,unlabeled
3809,0.013513371348381042,0,0,unlabeled
3810,1.634621548873838e-05,0,1,unlabeled
3811,1.5680534488637932e-06,0,0,train
3812,1.7171269064419903e-05,0,0,unlabeled
3813,7.141457444959087e-06,0,0,unlabeled
3814,0.016661491245031357,0,0,unlabeled
3815,0.3598732352256775,0,0,unlabeled
3816,0.00013751871301792562,0,0,unlabeled
3817,0.13744811713695526,0,0,unlabeled
3818,0.004084993619471788,0,0,unlabeled
3819,0.008295241743326187,0,0,unlabeled
3820,0.012066812254488468,0,0,unlabeled
3821,1.6872772903298028e-06,0,0,unlabeled
3822,0.00858350470662117,0,0,train
3823,2.5584148515001015e-12,0,0,train
3824,7.297817501239479e-05,0,0,unlabeled
3825,0.19521601498126984,0,0,train
3826,0.004084997810423374,0,0,unlabeled
3827,2.050285729637835e-06,0,0,unlabeled
3828,0.13788075745105743,0,0,unlabeled
3829,0.019274070858955383,0,0,unlabeled
3830,5.4390561672335025e-06,0,0,unlabeled
3831,0.0008913394995033741,0,0,unlabeled
3832,0.0013035974698141217,0,0,train
3833,0.23688572645187378,0,0,unlabeled
3834,0.0011961489217355847,0,0,unlabeled
3835,0.08279873430728912,0,0,unlabeled
3836,0.0008162697777152061,0,0,unlabeled
3837,0.0009671582956798375,0,0,unlabeled
3838,0.0014871448511257768,0,0,unlabeled
3839,0.25145095586776733,0,0,unlabeled
3840,0.6047045588493347,0,0,unlabeled
3841,3.8826390991175685e-09,0,0,unlabeled
3842,8.347430411959067e-05,0,0,unlabeled
3843,0.023089004680514336,0,0,unlabeled
3844,0.5245928764343262,0,0,unlabeled
3845,0.1390765905380249,0,0,train
3846,0.8670343160629272,1,0,unlabeled
3847,0.13476264476776123,0,0,val
3848,3.734263756099672e-15,0,0,val
3849,0.027176888659596443,0,0,unlabeled
3850,0.8816844820976257,1,0,unlabeled
3851,0.022144895046949387,0,0,unlabeled
3852,0.00023179335403256118,0,0,unlabeled
3853,6.142725032987073e-05,0,0,val
3854,0.09426466375589371,0,0,unlabeled
3855,0.7955706715583801,1,0,unlabeled
3856,0.00026109395548701286,0,0,unlabeled
3857,9.279178243559727e-07,0,0,unlabeled
3858,0.1867889165878296,0,0,unlabeled
3859,2.8055643269908614e-05,0,0,unlabeled
3860,3.430069409660064e-05,0,0,unlabeled
3861,9.423858864465728e-05,0,0,unlabeled
3862,0.555697500705719,0,0,val
3863,0.6318674087524414,0,0,unlabeled
3864,0.04801058769226074,0,0,train
3865,0.261362761259079,0,0,unlabeled
3866,2.048419446509797e-05,0,0,unlabeled
3867,3.430069409660064e-05,0,0,train
3868,0.0059850458055734634,0,0,unlabeled
3869,0.00011609590001171455,0,0,unlabeled
3870,0.05223740637302399,0,0,unlabeled
3871,0.5988154411315918,0,0,unlabeled
3872,6.169165178704361e-10,0,1,unlabeled
3873,5.2051891543669626e-05,0,0,unlabeled
3874,1.5879010328845311e-09,0,0,train
3875,0.003985668066889048,0,0,unlabeled
3876,0.0007150753517635167,0,0,unlabeled
3877,0.05355424806475639,0,0,train
3878,0.00025402847677469254,0,0,train
3879,0.842648446559906,1,1,unlabeled
3880,0.00324274692684412,0,0,unlabeled
3881,0.05189576745033264,0,0,unlabeled
3882,2.0350778868305497e-05,0,0,unlabeled
3883,0.06618107855319977,0,0,unlabeled
3884,0.003242750186473131,0,0,unlabeled
3885,0.009025839157402515,0,0,unlabeled
3886,0.0672312006354332,0,0,unlabeled
3887,0.01132120843976736,0,0,unlabeled
3888,0.05376661941409111,0,0,unlabeled
3889,0.0065034255385398865,0,0,unlabeled
3890,0.12974828481674194,0,0,unlabeled
3891,1.857199822552502e-05,0,0,unlabeled
3892,0.027399485930800438,0,0,unlabeled
3893,0.5767900347709656,0,0,unlabeled
3894,0.700469434261322,0,0,unlabeled
3895,0.7959824800491333,1,0,unlabeled
3896,0.0003730057505890727,0,0,train
3897,1.391986916132737e-05,0,0,unlabeled
3898,3.3922373404493555e-05,0,0,unlabeled
3899,0.03529263287782669,0,0,unlabeled
3900,0.5718286037445068,0,0,unlabeled
3901,0.9999064207077026,1,1,unlabeled
3902,1.5279727483274996e-09,0,0,unlabeled
3903,2.3758970201015472e-05,0,0,train
3904,0.768232524394989,1,0,unlabeled
3905,0.7807691097259521,1,0,unlabeled
3906,0.7967497706413269,1,0,unlabeled
3907,0.19883239269256592,0,0,unlabeled
3908,0.09274118393659592,0,0,unlabeled
3909,0.09274118393659592,0,0,train
3910,0.030662348493933678,0,0,unlabeled
3911,3.1323403072713862e-12,0,0,unlabeled
3912,0.7967498898506165,1,0,unlabeled
3913,0.007977474480867386,0,0,unlabeled
3914,0.07838396728038788,0,0,unlabeled
3915,0.7695258855819702,1,0,unlabeled
3916,0.03780306503176689,0,0,train
3917,4.602637715400704e-13,0,0,unlabeled
3918,0.05583099648356438,0,0,train
3919,0.08959271758794785,0,0,unlabeled
3920,2.948531800939236e-07,0,0,unlabeled
3921,7.373443622782361e-06,0,0,train
3922,0.1699535995721817,0,0,unlabeled
3923,0.008256887085735798,0,0,unlabeled
3924,0.007292062044143677,0,0,train
3925,1.0578387446003035e-05,0,0,unlabeled
3926,0.6949873566627502,0,0,unlabeled
3927,0.09066241979598999,0,0,train
3928,4.4077090745721706e-14,0,0,unlabeled
3929,1.4654867692086813e-14,0,0,unlabeled
3930,0.07098637521266937,0,0,unlabeled
3931,0.037224721163511276,0,0,unlabeled
3932,7.621606346219778e-05,0,1,unlabeled
3933,0.02723647654056549,0,1,unlabeled
3934,0.11569056659936905,0,0,unlabeled
3935,1.3835299796483014e-05,0,0,unlabeled
3936,1.946672654185022e-07,0,0,unlabeled
3937,1.7544656963949367e-15,0,0,unlabeled
3938,3.539143654052168e-05,0,0,unlabeled
3939,1.8527862266637385e-05,0,0,train
3940,0.00015099153097253293,0,0,unlabeled
3941,0.00014958216343075037,0,0,unlabeled
3942,0.0001427999814040959,0,0,unlabeled
3943,6.458872121584136e-06,0,0,unlabeled
3944,2.0892783140880056e-05,0,0,unlabeled
3945,1.5058588360261638e-05,0,0,unlabeled
3946,0.003886372083798051,0,0,unlabeled
3947,0.008508438244462013,0,0,unlabeled
3948,8.743743507011459e-08,0,0,train
3949,0.00013234173820819706,0,0,val
3950,0.000104049890069291,0,0,unlabeled
3951,0.7050155401229858,0,0,val
3952,0.0009598804754205048,0,0,unlabeled
3953,7.943071250338107e-05,0,0,unlabeled
3954,0.7614998817443848,1,0,train
3955,0.0007841218612156808,0,0,unlabeled
3956,1.7875308913062327e-06,0,0,unlabeled
3957,0.06700988113880157,0,0,unlabeled
3958,0.00014808974810875952,0,0,unlabeled
3959,0.00014075190119910985,0,0,unlabeled
3960,2.4743403628235683e-05,0,0,val
3961,0.0001205711014335975,0,0,unlabeled
3962,0.009987199679017067,0,0,unlabeled
3963,3.677427230286412e-05,0,0,unlabeled
3964,5.849455192219466e-06,0,0,unlabeled
3965,0.007575341500341892,0,1,unlabeled
3966,6.411164940800518e-05,0,0,unlabeled
3967,1.5433895481087312e-11,0,1,unlabeled
3968,2.2862512664284518e-12,0,0,unlabeled
3969,1.261286797671346e-06,0,0,unlabeled
3970,6.762331759091467e-05,0,0,val
3971,7.053756689856527e-07,0,0,unlabeled
3972,5.335060179338362e-17,0,0,unlabeled
3973,4.778009585204579e-11,0,1,unlabeled
3974,7.998799105707333e-13,0,0,train
3975,0.43699461221694946,0,0,unlabeled
3976,0.035239338874816895,0,0,unlabeled
3977,0.5240831971168518,0,0,unlabeled
3978,9.895400410186994e-08,0,0,unlabeled
3979,1.8080515928886598e-06,0,0,unlabeled
3980,0.0022823482286185026,0,0,unlabeled
3981,0.9386930465698242,1,0,unlabeled
3982,0.38278138637542725,0,0,unlabeled
3983,7.109581019903999e-06,0,0,unlabeled
3984,0.040452755987644196,0,0,unlabeled
3985,0.9775573015213013,1,0,unlabeled
3986,0.967452347278595,1,0,val
3987,4.11081055062823e-05,0,0,unlabeled
3988,0.00408787140622735,0,0,unlabeled
3989,0.9775573015213013,1,0,unlabeled
3990,2.7231566491536796e-05,0,0,unlabeled
3991,6.233850581338629e-05,0,0,train
3992,0.00020428982679732144,0,0,unlabeled
3993,9.473715181229636e-07,0,0,unlabeled
3994,9.473715181229636e-07,0,0,unlabeled
3995,3.4809097542165546e-06,0,0,train
3996,1.7012308717312408e-06,0,0,unlabeled
3997,0.005921793170273304,0,0,unlabeled
3998,1.5229591405260118e-13,0,0,unlabeled
3999,3.2544015496783346e-14,0,0,unlabeled
4000,3.2544015496783346e-14,0,0,val
4001,2.3636073567118165e-12,0,0,unlabeled
4002,1.927908695624484e-17,0,0,unlabeled
4003,1.5126660457553953e-07,0,0,unlabeled
4004,0.09430009126663208,0,0,unlabeled
4005,1.3659389708209346e-07,0,0,unlabeled
4006,5.997456537443213e-05,0,0,unlabeled
4007,9.919393865326365e-13,0,0,unlabeled
4008,7.046061782943263e-15,0,0,unlabeled
4009,7.265681779244915e-05,0,0,val
4010,6.873477218505286e-07,0,0,unlabeled
4011,0.008750809356570244,0,0,unlabeled
4012,3.2544015496783346e-14,0,0,unlabeled
4013,8.97344398254063e-06,0,0,unlabeled
4014,1.1652838253790182e-13,0,0,unlabeled
4015,0.4918588697910309,0,0,unlabeled
4016,0.00013729034981224686,0,0,unlabeled
4017,5.895152753510047e-06,0,0,unlabeled
4018,6.58402301320464e-14,0,0,unlabeled
4019,0.5523986220359802,0,0,unlabeled
4020,0.7439910769462585,1,1,unlabeled
4021,0.0002894010685849935,0,0,unlabeled
4022,0.0002483564894646406,0,0,unlabeled
4023,0.0001401707559125498,0,0,unlabeled
4024,0.13341201841831207,0,0,val
4025,6.693127943435684e-05,0,0,train
4026,0.00023671424423810095,0,0,unlabeled
4027,6.936284080438782e-07,0,0,train
4028,0.12612614035606384,0,0,train
4029,3.727653529495001e-05,0,0,unlabeled
4030,0.4230683743953705,0,0,unlabeled
4031,5.177303355995144e-13,0,0,unlabeled
4032,4.5468139433069155e-05,0,0,unlabeled
4033,1.4156013321553473e-06,0,0,val
4034,0.000201908711460419,0,0,unlabeled
4035,0.020203951746225357,0,0,unlabeled
4036,2.6506992071517743e-05,0,0,unlabeled
4037,1.9483884898363613e-05,0,0,unlabeled
4038,1.6981285355741754e-13,0,0,unlabeled
4039,0.9770967364311218,1,1,unlabeled
4040,2.2013302441337146e-05,0,0,unlabeled
4041,0.15740393102169037,0,0,unlabeled
4042,0.002684791339561343,0,0,unlabeled
4043,0.002234945073723793,0,0,unlabeled
4044,0.002234945073723793,0,0,unlabeled
4045,0.005198866594582796,0,0,unlabeled
4046,0.00021661115169990808,0,0,unlabeled
4047,1.0440224684771238e-08,0,0,unlabeled
4048,4.995925895201481e-09,0,0,train
4049,7.420201200147858e-07,0,0,train
4050,0.005198866594582796,0,0,unlabeled
4051,0.038151223212480545,0,0,unlabeled
4052,0.16272902488708496,0,0,unlabeled
4053,0.0022349460050463676,0,0,unlabeled
4054,0.00017414071771781892,0,0,unlabeled
4055,0.02001062035560608,0,0,unlabeled
4056,0.003920794930309057,0,0,unlabeled
4057,3.468981901733059e-07,0,0,unlabeled
4058,4.995925895201481e-09,0,0,unlabeled
4059,1.2002341236438951e-06,0,0,unlabeled
4060,0.6894774436950684,0,0,unlabeled
4061,0.6957297325134277,0,0,val
4062,0.008403928950428963,0,0,val
4063,0.0026052251923829317,0,0,unlabeled
4064,0.0132466284558177,0,0,unlabeled
4065,0.002195810666307807,0,1,unlabeled
4066,0.03063349612057209,0,0,unlabeled
4067,7.662692041776609e-06,0,0,unlabeled
4068,0.02463391423225403,0,0,unlabeled
4069,0.0016351006925106049,0,0,train
4070,0.00024733541067689657,0,0,unlabeled
4071,0.018199684098362923,0,0,unlabeled
4072,1.221353068103781e-05,0,0,unlabeled
4073,0.9197691082954407,1,0,unlabeled
4074,0.29045549035072327,0,1,unlabeled
4075,0.047696296125650406,0,0,unlabeled
4076,0.07108017057180405,0,0,unlabeled
4077,4.637930146600411e-07,0,0,train
4078,5.756972768722335e-06,0,0,unlabeled
4079,1.5962760926413466e-06,0,0,val
4080,0.011204334907233715,0,0,unlabeled
4081,0.040831323713064194,0,0,val
4082,5.96987888457079e-07,0,0,unlabeled
4083,1.770907147147227e-05,0,0,unlabeled
4084,0.05282128229737282,0,1,unlabeled
4085,0.325459361076355,0,0,train
4086,0.005934693850576878,0,0,unlabeled
4087,5.1790145505492546e-08,0,0,unlabeled
4088,0.09389468282461166,0,0,unlabeled
4089,1.1786943332481314e-06,0,0,unlabeled
4090,0.0006306280265562236,0,0,unlabeled
4091,0.011719107627868652,0,0,unlabeled
4092,0.9728780388832092,1,0,unlabeled
4093,2.9699582228204235e-05,0,0,unlabeled
4094,0.9850097298622131,1,0,unlabeled
4095,1.9954959498136304e-05,0,0,unlabeled
4096,0.06778008490800858,0,0,unlabeled
4097,0.010126912035048008,0,0,train
4098,0.02060607448220253,0,0,unlabeled
4099,0.9653246998786926,1,0,unlabeled
4100,0.01540292240679264,0,0,train
4101,0.000593226810451597,0,0,unlabeled
4102,0.0005914366338402033,0,0,unlabeled
4103,0.0001445028610760346,0,0,unlabeled
4104,0.15608760714530945,0,0,unlabeled
4105,0.020299846306443214,0,0,unlabeled
4106,1.848183939223702e-09,0,0,unlabeled
4107,0.01259116642177105,0,0,unlabeled
4108,0.49941274523735046,0,0,unlabeled
4109,0.002021478023380041,0,0,unlabeled
4110,0.0032604297157377005,0,0,unlabeled
4111,3.4219456779283064e-07,0,0,unlabeled
4112,1.3541361113311723e-05,0,0,unlabeled
4113,0.00018009856285061687,0,0,unlabeled
4114,0.0014525052392855287,0,0,unlabeled
4115,0.034561678767204285,0,0,unlabeled
4116,0.8274931907653809,1,0,unlabeled
4117,0.7374984622001648,1,0,unlabeled
4118,0.04184011369943619,0,1,val
4119,0.0026271608658134937,0,0,unlabeled
4120,2.5402138170704802e-09,0,0,unlabeled
4121,0.0007997608627192676,0,0,unlabeled
4122,0.2504902780056,0,0,unlabeled
4123,0.10607074946165085,0,0,unlabeled
4124,1.4116527609076002e-06,0,0,train
4125,3.8833745747979265e-06,0,0,train
4126,4.764480763697065e-06,0,0,unlabeled
4127,0.007143117021769285,0,0,unlabeled
4128,9.67794107964437e-07,0,0,unlabeled
4129,0.014601906761527061,0,0,unlabeled
4130,8.497922010519687e-08,0,0,unlabeled
4131,0.00047730799997225404,0,0,unlabeled
4132,0.00035864379606209695,0,0,unlabeled
4133,3.3803626564576916e-08,0,0,unlabeled
4134,0.06226488947868347,0,0,unlabeled
4135,0.0034865522757172585,0,0,train
4136,0.9899581074714661,1,0,unlabeled
4137,0.00029621372232213616,0,0,unlabeled
4138,0.340376615524292,0,0,unlabeled
4139,1.3747888260695618e-05,0,0,unlabeled
4140,2.21631744352635e-05,0,0,val
4141,2.6172063371632248e-05,0,0,train
4142,1.4234099580789916e-05,0,0,train
4143,0.062176287174224854,0,0,unlabeled
4144,2.1191957785049453e-05,0,0,unlabeled
4145,3.646475988716702e-06,0,0,unlabeled
4146,0.2825935184955597,0,0,unlabeled
4147,1.9162165699526668e-05,0,0,val
4148,2.6449959023011615e-07,0,0,val
4149,0.046416230499744415,0,0,unlabeled
4150,0.00011431407619966194,0,0,unlabeled
4151,2.474063649060554e-06,0,0,unlabeled
4152,1.1763501817085853e-07,0,0,unlabeled
4153,2.681806998694469e-10,0,0,val
4154,1.2633942780837515e-09,0,0,unlabeled
4155,4.794435404242847e-10,0,0,unlabeled
4156,1.0256151483645226e-09,0,0,unlabeled
4157,0.01775708794593811,0,0,train
4158,0.017757078632712364,0,0,train
4159,0.12420922517776489,0,0,unlabeled
4160,0.017757078632712364,0,0,unlabeled
4161,0.017757078632712364,0,0,unlabeled
4162,0.12420922517776489,0,0,train
4163,0.0038700911682099104,0,0,unlabeled
4164,0.013324878178536892,0,0,unlabeled
4165,0.040104061365127563,0,0,unlabeled
4166,0.017570428550243378,0,0,unlabeled
4167,0.059071097522974014,0,1,unlabeled
4168,0.0019492203136906028,0,0,unlabeled
4169,0.06269064545631409,0,0,unlabeled
4170,0.13866817951202393,0,0,val
4171,1.3723236406804062e-05,0,0,unlabeled
4172,0.000734318105969578,0,0,unlabeled
4173,2.6786217558263936e-14,0,0,unlabeled
4174,5.786762358184205e-06,0,0,unlabeled
4175,0.00012279408110771328,0,0,unlabeled
4176,0.5875754356384277,0,0,unlabeled
4177,0.012791764922440052,0,0,unlabeled
4178,0.37169650197029114,0,0,unlabeled
4179,1.4542286407959182e-05,0,0,unlabeled
4180,1.5330100035341931e-18,0,0,unlabeled
4181,0.003517896169796586,0,0,unlabeled
4182,2.8625650884350762e-05,0,0,unlabeled
4183,0.09275055676698685,0,0,unlabeled
4184,0.2576925456523895,0,0,unlabeled
4185,7.916552931419574e-06,0,0,unlabeled
4186,0.006422525737434626,0,0,unlabeled
4187,0.0700838714838028,0,0,train
4188,2.6247507776133716e-06,0,0,unlabeled
4189,0.00012902372691314667,0,0,unlabeled
4190,0.9060304760932922,1,0,unlabeled
4191,1.6857791706570424e-05,0,0,unlabeled
4192,0.08014614880084991,0,0,unlabeled
4193,0.001388197997584939,0,0,unlabeled
4194,0.04892934486269951,0,0,unlabeled
4195,0.4812900722026825,0,1,unlabeled
4196,0.003890193300321698,0,0,unlabeled
4197,5.0523214084607915e-12,0,0,unlabeled
4198,5.324753146851435e-06,0,0,unlabeled
4199,0.00040651479503139853,0,0,unlabeled
4200,0.0006559444591403008,0,0,unlabeled
4201,0.524648904800415,0,0,unlabeled
4202,0.5577718019485474,0,0,unlabeled
4203,1.79778417077614e-05,0,0,train
4204,9.80404729489237e-06,0,0,unlabeled
4205,0.4858311712741852,0,0,unlabeled
4206,1.295665333600482e-05,0,0,unlabeled
4207,0.023716820403933525,0,0,unlabeled
4208,3.0913485660200024e-10,0,0,unlabeled
4209,0.038416266441345215,0,0,unlabeled
4210,3.116409175163426e-07,0,0,unlabeled
4211,6.840720629952557e-07,0,0,train
4212,0.011043569073081017,0,1,unlabeled
4213,5.704744836243503e-12,0,1,unlabeled
4214,7.955416094773682e-07,0,0,unlabeled
4215,3.3891476505232276e-06,0,0,val
4216,8.126493185045547e-07,0,0,unlabeled
4217,0.9664409756660461,1,1,unlabeled
4218,6.424295406759484e-07,0,0,unlabeled
4219,2.383492301305523e-06,0,0,unlabeled
4220,1.676789565863146e-06,0,0,unlabeled
4221,0.8604252934455872,1,0,unlabeled
4222,0.9431559443473816,1,1,train
4223,0.97606360912323,1,1,train
4224,3.138137617497705e-05,0,0,unlabeled
4225,0.00091610720846802,0,0,unlabeled
4226,1.3523221431555044e-10,0,0,train
4227,2.5934541181271697e-09,0,0,unlabeled
4228,1.989817974390462e-05,0,0,unlabeled
4229,2.3096579297998687e-06,0,0,unlabeled
4230,7.08195841525594e-07,0,0,unlabeled
4231,0.02785949781537056,0,0,unlabeled
4232,0.054076604545116425,0,0,unlabeled
4233,4.497736085795623e-07,0,0,val
4234,4.6033420630919863e-08,0,0,unlabeled
4235,8.945623449108098e-06,0,0,unlabeled
4236,6.290202691161539e-06,0,0,unlabeled
4237,0.001346380915492773,0,0,unlabeled
4238,6.236456556507619e-06,0,0,unlabeled
4239,3.509369707899168e-05,0,0,unlabeled
4240,0.04526950418949127,0,0,unlabeled
4241,0.32578542828559875,0,0,train
4242,0.08370468765497208,0,0,unlabeled
4243,0.8983324766159058,1,0,unlabeled
4244,1.1965353508003318e-07,0,0,val
4245,1.0472018630025559e-07,0,0,unlabeled
4246,0.02327352948486805,0,0,unlabeled
4247,7.997639551483859e-13,0,0,unlabeled
4248,3.2628406188450754e-05,0,0,unlabeled
4249,0.00021667209512088448,0,0,train
4250,0.8186321258544922,1,0,unlabeled
4251,0.036610960960388184,0,0,unlabeled
4252,0.8274244070053101,1,0,train
4253,0.9170120358467102,1,1,unlabeled
4254,0.03905649855732918,0,0,unlabeled
4255,0.9249276518821716,1,0,unlabeled
4256,0.9155381321907043,1,0,val
4257,0.06518875807523727,0,0,unlabeled
4258,0.05243339389562607,0,0,train
4259,0.005073870997875929,0,0,unlabeled
4260,0.11203271150588989,0,0,unlabeled
4261,0.009116328321397305,0,0,train
4262,0.5235915780067444,0,0,val
4263,0.3045799434185028,0,0,unlabeled
4264,0.023771606385707855,0,0,train
4265,0.11395461112260818,0,0,unlabeled
4266,0.00749680632725358,0,0,train
4267,0.005273369140923023,0,0,unlabeled
4268,0.013035701587796211,0,0,unlabeled
4269,3.748385211110872e-07,0,0,unlabeled
4270,1.7090509345507598e-06,0,0,unlabeled
4271,1.2450051372070448e-06,0,0,unlabeled
4272,0.0010228489991277456,0,0,train
4273,0.0016697571845725179,0,0,train
4274,0.00138041190803051,0,0,unlabeled
4275,0.001022849464789033,0,0,train
4276,0.5170597434043884,0,0,unlabeled
4277,0.00023871439043432474,0,0,unlabeled
4278,4.2211280515402905e-07,0,1,val
4279,0.0008294271538034081,0,0,unlabeled
4280,0.0016697571845725179,0,0,unlabeled
4281,1.3492659434177767e-07,0,0,unlabeled
4282,3.4394295767015137e-07,0,0,train
4283,4.763453489431413e-07,0,0,unlabeled
4284,3.142717105220072e-06,0,0,unlabeled
4285,1.881243633761187e-06,0,0,train
4286,4.088467449037125e-06,0,0,train
4287,0.012046762742102146,0,0,train
4288,0.000596415251493454,0,0,unlabeled
4289,0.001679629902355373,0,0,unlabeled
4290,1.3492659434177767e-07,0,0,train
4291,2.130316170223523e-05,0,0,unlabeled
4292,1.7080130874091992e-06,0,0,unlabeled
4293,4.909294148092158e-05,0,0,train
4294,0.00013588076399173588,0,0,unlabeled
4295,4.150216045673005e-05,0,0,unlabeled
4296,1.2206219253130257e-06,0,0,unlabeled
4297,6.659372502326733e-07,0,0,val
4298,3.1314946681959555e-05,0,0,unlabeled
4299,4.93335215712505e-17,0,0,unlabeled
4300,1.3170945430775644e-16,0,0,unlabeled
4301,3.353878855705261e-05,0,0,unlabeled
4302,7.295579052879475e-06,0,0,unlabeled
4303,0.02228246070444584,0,0,unlabeled
4304,0.020670544356107712,0,0,unlabeled
4305,8.447211286011225e-08,0,0,unlabeled
4306,0.0023446117993444204,0,0,unlabeled
4307,0.1249304786324501,0,0,unlabeled
4308,0.00011966473539359868,0,0,unlabeled
4309,4.714791793958284e-05,0,0,unlabeled
4310,0.1336710900068283,0,0,unlabeled
4311,0.026819422841072083,0,0,unlabeled
4312,0.02576158381998539,0,0,unlabeled
4313,0.00035392833524383605,0,0,train
4314,0.27460724115371704,0,0,unlabeled
4315,0.0038335376884788275,0,0,unlabeled
4316,0.01001178938895464,0,0,unlabeled
4317,0.044712334871292114,0,0,unlabeled
4318,0.24870046973228455,0,0,unlabeled
4319,0.010550140403211117,0,0,unlabeled
4320,6.453310419374247e-08,0,0,unlabeled
4321,0.2392207384109497,0,0,train
4322,2.9681820024052286e-07,0,0,train
4323,2.8619317163247615e-05,0,0,unlabeled
4324,0.001248916843906045,0,0,unlabeled
4325,1.619485192350112e-05,0,0,unlabeled
4326,3.770035255001858e-05,0,0,unlabeled
4327,8.99554925126722e-06,0,0,unlabeled
4328,0.013073934242129326,0,0,unlabeled
4329,0.00020214353571645916,0,0,unlabeled
4330,1.6971383956843056e-05,0,0,unlabeled
4331,4.395304131321609e-05,0,0,train
4332,0.9544259309768677,1,1,unlabeled
4333,0.9413496851921082,1,1,unlabeled
4334,0.9211705327033997,1,1,unlabeled
4335,0.9544259309768677,1,1,unlabeled
4336,0.981766402721405,1,1,train
4337,0.981766402721405,1,1,unlabeled
4338,0.9449725151062012,1,1,unlabeled
4339,0.3904877007007599,0,1,unlabeled
4340,0.9824211001396179,1,1,unlabeled
4341,8.720069111234352e-10,0,0,unlabeled
4342,0.03304355591535568,0,0,unlabeled
4343,8.362878725165501e-05,0,0,unlabeled
4344,1.1403455676374386e-17,0,0,unlabeled
4345,5.981236483876273e-08,0,0,unlabeled
4346,7.751040508827105e-18,0,0,unlabeled
4347,0.013163919560611248,0,0,unlabeled
4348,9.632180564267401e-08,0,0,unlabeled
4349,0.0006960916798561811,0,0,unlabeled
4350,0.5784422159194946,0,0,unlabeled
4351,0.0011427038116380572,0,0,unlabeled
4352,3.894043038599193e-05,0,0,unlabeled
4353,2.336086799914483e-05,0,0,train
4354,0.033524736762046814,0,0,unlabeled
4355,0.0011730799451470375,0,0,unlabeled
4356,8.965309461927973e-06,0,0,train
4357,0.06264663487672806,0,0,unlabeled
4358,0.024942822754383087,0,0,val
4359,0.001092812861315906,0,0,train
4360,7.551828457508236e-05,0,0,unlabeled
4361,0.0033732284791767597,0,0,unlabeled
4362,0.002661997452378273,0,0,unlabeled
4363,0.12178102135658264,0,0,unlabeled
4364,0.3370591700077057,0,0,unlabeled
4365,0.00017885597480926663,0,0,unlabeled
4366,0.001030240673571825,0,0,train
4367,0.1117384284734726,0,0,val
4368,0.27553415298461914,0,0,unlabeled
4369,0.33327147364616394,0,0,unlabeled
4370,0.00037588964914903045,0,0,unlabeled
4371,0.301838219165802,0,0,unlabeled
4372,0.11889953911304474,0,0,train
4373,0.03290693834424019,0,0,unlabeled
4374,1.1735230145859532e-05,0,0,unlabeled
4375,0.0007602235418744385,0,0,unlabeled
4376,2.0886847778456286e-05,0,0,unlabeled
4377,5.116486136103049e-05,0,0,unlabeled
4378,0.004911108873784542,0,0,unlabeled
4379,1.706159491732251e-05,0,0,unlabeled
4380,6.413656024051306e-07,0,0,unlabeled
4381,0.06471691280603409,0,0,unlabeled
4382,0.011111539788544178,0,0,unlabeled
4383,4.227199679007754e-05,0,0,unlabeled
4384,0.0013188053853809834,0,0,unlabeled
4385,0.000937413249630481,0,0,unlabeled
4386,0.010054906830191612,0,0,train
4387,1.133116214191432e-07,0,0,unlabeled
4388,0.4424644708633423,0,0,unlabeled
4389,0.1664733737707138,0,1,unlabeled
4390,4.9502627474593e-13,0,0,unlabeled
4391,6.987283268244937e-05,0,0,val
4392,1.5790071073579215e-12,0,0,unlabeled
4393,0.00040105031803250313,0,0,unlabeled
4394,0.006978373043239117,0,0,train
4395,3.0398707167478278e-05,0,0,unlabeled
4396,6.45656036795117e-05,0,0,unlabeled
4397,6.45656036795117e-05,0,0,unlabeled
4398,8.17806285340339e-05,0,0,unlabeled
4399,2.3405958927469328e-05,0,0,unlabeled
4400,6.45656036795117e-05,0,0,unlabeled
4401,3.6518779111816002e-09,0,0,unlabeled
4402,0.006175719667226076,0,0,unlabeled
4403,9.39661859433727e-09,0,0,train
4404,0.015904944390058517,0,0,unlabeled
4405,0.015613858588039875,0,0,unlabeled
4406,0.0023917127400636673,0,0,train
4407,0.0007102881791070104,0,0,unlabeled
4408,0.014809231273829937,0,0,unlabeled
4409,0.0029295426793396473,0,0,unlabeled
4410,5.793976756707231e-11,0,0,train
4411,0.0003146871749777347,0,0,train
4412,0.005471440963447094,0,0,unlabeled
4413,0.00017920370737556368,0,0,unlabeled
4414,0.0064198970794677734,0,0,unlabeled
4415,0.09991881251335144,0,0,unlabeled
4416,5.793976756707231e-11,0,0,val
4417,1.7742111113605574e-09,0,0,unlabeled
4418,0.04219169169664383,0,0,unlabeled
4419,0.04219169169664383,0,0,unlabeled
4420,0.04219169169664383,0,0,unlabeled
4421,0.04086088016629219,0,0,unlabeled
4422,3.648390034527438e-09,0,0,unlabeled
4423,7.22443882494872e-09,0,0,train
4424,0.06987051665782928,0,0,unlabeled
4425,6.160100207708297e-10,0,0,train
4426,5.49239022318293e-11,0,0,unlabeled
4427,4.106908090761863e-05,0,0,unlabeled
4428,0.001451224321499467,0,0,unlabeled
4429,0.04810686782002449,0,0,unlabeled
4430,1.8683543885344989e-06,0,0,train
4431,0.06627324968576431,0,0,unlabeled
4432,0.1393059492111206,0,0,unlabeled
4433,2.191095944681365e-07,0,0,unlabeled
4434,0.00030689718551002443,0,0,unlabeled
4435,0.00021516697597689927,0,0,train
4436,0.017577804625034332,0,0,unlabeled
4437,0.00034713573404587805,0,0,unlabeled
4438,0.00019539021013770252,0,0,train
4439,0.010776389390230179,0,0,unlabeled
4440,0.0009771158220246434,0,0,unlabeled
4441,0.0029357695020735264,0,0,unlabeled
4442,0.0006126941880211234,0,0,unlabeled
4443,0.010220750235021114,0,0,unlabeled
4444,4.143556361668743e-05,0,0,unlabeled
4445,5.8472654927754775e-05,0,0,unlabeled
4446,0.9989686012268066,1,0,unlabeled
4447,0.22883400321006775,0,0,unlabeled
4448,0.009406385011970997,0,0,unlabeled
4449,0.004431294742971659,0,0,unlabeled
4450,2.5183028355968418e-06,0,0,unlabeled
4451,0.008750825189054012,0,0,train
4452,0.000135476075229235,0,0,unlabeled
4453,0.19732825458049774,0,0,train
4454,0.00020514437346719205,0,0,unlabeled
4455,0.13003680109977722,0,0,unlabeled
4456,0.1115042120218277,0,0,unlabeled
4457,0.07332703471183777,0,0,val
4458,0.0037212015595287085,0,0,unlabeled
4459,0.0004607361333910376,0,0,unlabeled
4460,0.00030288935522548854,0,0,train
4461,0.002723494078963995,0,0,unlabeled
4462,0.010220499709248543,0,0,unlabeled
4463,0.01087898202240467,0,0,unlabeled
4464,3.792812132250297e-21,0,0,unlabeled
4465,9.931848562792666e-21,0,0,unlabeled
4466,0.0017496271757408977,0,0,unlabeled
4467,0.00014576023386325687,0,0,unlabeled
4468,0.00022714814986102283,0,0,unlabeled
4469,3.219199788873084e-05,0,0,unlabeled
4470,5.737079118262045e-05,0,0,train
4471,5.671590770361945e-06,0,0,unlabeled
4472,0.004538198933005333,0,0,unlabeled
4473,3.8428756542572084e-17,0,0,train
4474,0.007007780019193888,0,0,unlabeled
4475,0.19431941211223602,0,0,unlabeled
4476,0.38375210762023926,0,0,unlabeled
4477,0.00013849751849193126,0,0,unlabeled
4478,0.00021123803162481636,0,0,unlabeled
4479,0.7914460301399231,1,0,unlabeled
4480,8.671519753988832e-05,0,0,unlabeled
4481,0.00027352964389137924,0,0,unlabeled
4482,0.015218078158795834,0,0,unlabeled
4483,0.001923508825711906,0,1,val
4484,0.8013634085655212,1,0,unlabeled
4485,0.00588361406698823,0,0,unlabeled
4486,0.001269795000553131,0,0,unlabeled
4487,0.018181608989834785,0,0,unlabeled
4488,0.17641101777553558,0,0,unlabeled
4489,0.17014332115650177,0,0,train
4490,7.108546560630202e-05,0,0,unlabeled
4491,0.9624573588371277,1,0,unlabeled
4492,2.886632977094905e-08,0,0,unlabeled
4493,2.031178883044049e-05,0,0,unlabeled
4494,0.005470039788633585,0,0,unlabeled
4495,2.7416217562858947e-06,0,0,train
4496,0.020788781344890594,0,0,unlabeled
4497,8.632804288460669e-18,0,0,unlabeled
4498,5.323925051925471e-06,0,0,unlabeled
4499,9.963155025616288e-05,0,0,unlabeled
4500,0.00011972215725108981,0,0,unlabeled
4501,4.072470619576052e-05,0,0,unlabeled
4502,2.208442083428963e-06,0,0,unlabeled
4503,0.9011251330375671,1,0,unlabeled
4504,0.3014468550682068,0,0,unlabeled
4505,0.00032208074117079377,0,0,unlabeled
4506,0.005837112665176392,0,0,unlabeled
4507,0.05387542024254799,0,0,unlabeled
4508,0.9052518010139465,1,1,train
4509,0.008736220188438892,0,0,unlabeled
4510,0.019180472940206528,0,0,train
4511,9.298920485889539e-05,0,0,unlabeled
4512,7.721970905549824e-05,0,0,unlabeled
4513,0.4131428599357605,0,0,unlabeled
4514,5.080565097159706e-05,0,0,unlabeled
4515,0.0015119576128199697,0,0,train
4516,0.03227880597114563,0,0,unlabeled
4517,0.02853081002831459,0,0,train
4518,0.18775224685668945,0,0,unlabeled
4519,7.518272013840033e-07,0,0,unlabeled
4520,8.874306445250113e-07,0,0,unlabeled
4521,4.7665645979577675e-05,0,0,unlabeled
4522,0.20344121754169464,0,0,unlabeled
4523,0.0003465123299974948,0,0,unlabeled
4524,0.37110036611557007,0,0,unlabeled
4525,2.0141801542195026e-06,0,0,unlabeled
4526,0.001272424589842558,0,0,unlabeled
4527,0.033573560416698456,0,0,unlabeled
4528,0.4185703992843628,0,0,train
4529,4.230652286829617e-11,0,0,unlabeled
4530,2.604984561394019e-10,0,0,unlabeled
4531,5.324059526579106e-10,0,0,train
4532,0.0024490850046277046,0,0,train
4533,0.07376614212989807,0,0,unlabeled
4534,0.018440067768096924,0,0,unlabeled
4535,1.6017720483318953e-09,0,0,unlabeled
4536,6.340652447534012e-10,0,0,unlabeled
4537,0.6667816042900085,0,0,unlabeled
4538,0.025539787486195564,0,0,unlabeled
4539,0.00774933397769928,0,0,unlabeled
4540,0.2902509570121765,0,0,unlabeled
4541,0.0005074297660030425,0,0,train
4542,5.3418327539134225e-09,0,0,unlabeled
4543,1.8559532577455684e-08,0,0,unlabeled
4544,0.29803332686424255,0,0,train
4545,0.5919889807701111,0,0,unlabeled
4546,0.028080154210329056,0,0,unlabeled
4547,5.641908956022235e-06,0,0,val
4548,8.290242840303108e-05,0,0,unlabeled
4549,5.3418327539134225e-09,0,0,unlabeled
4550,0.003935427870601416,0,0,train
4551,5.771953146904707e-05,0,0,unlabeled
4552,0.09926497936248779,0,0,train
4553,0.4163742959499359,0,0,unlabeled
4554,0.0004033969307783991,0,0,val
4555,0.0008437687647528946,0,0,val
4556,0.036187995225191116,0,0,unlabeled
4557,4.213038362621546e-09,0,0,unlabeled
4558,3.143359350588071e-08,0,0,train
4559,4.7653620072196645e-07,0,0,unlabeled
4560,0.060390904545784,0,0,unlabeled
4561,0.019964760169386864,0,0,unlabeled
4562,9.143571332970168e-06,0,0,unlabeled
4563,2.363783657699514e-08,0,0,unlabeled
4564,7.790987729094923e-05,0,0,unlabeled
4565,1.556104578526174e-09,0,0,unlabeled
4566,0.06548528373241425,0,0,unlabeled
4567,5.708411077165465e-09,0,0,unlabeled
4568,0.02066955156624317,0,0,unlabeled
4569,1.0390767783974297e-06,0,0,unlabeled
4570,0.0011303998762741685,0,0,train
4571,5.7559034758014604e-05,0,0,unlabeled
4572,0.022410988807678223,0,0,unlabeled
4573,0.2671419382095337,0,0,train
4574,0.7307605147361755,1,0,unlabeled
4575,0.21065860986709595,0,0,unlabeled
4576,0.00013152249448467046,0,0,unlabeled
4577,0.0002386952837696299,0,0,train
4578,2.79455998679623e-05,0,0,unlabeled
4579,6.799046968808398e-05,0,0,train
4580,0.001630945480428636,0,0,unlabeled
4581,0.0023555816151201725,0,0,unlabeled
4582,7.808620286833823e-13,0,0,unlabeled
4583,1.6768742625572486e-06,0,0,unlabeled
4584,0.01555232610553503,0,0,unlabeled
4585,5.769772997155087e-07,0,0,train
4586,0.2928519546985626,0,0,unlabeled
4587,0.003069927217438817,0,0,train
4588,5.511517883860506e-05,0,0,unlabeled
4589,0.29859620332717896,0,0,train
4590,0.0037873713299632072,0,0,unlabeled
4591,6.954200670178379e-12,0,0,unlabeled
4592,0.01374402642250061,0,0,unlabeled
4593,6.01010515310918e-06,0,0,unlabeled
4594,0.23391418159008026,0,0,train
4595,0.14511795341968536,0,0,unlabeled
4596,0.08642129600048065,0,0,train
4597,0.45490172505378723,0,0,unlabeled
4598,1.1038469892810099e-05,0,0,unlabeled
4599,0.0006317670922726393,0,0,unlabeled
4600,4.0882725443225354e-05,0,0,unlabeled
4601,0.00022684538271278143,0,0,unlabeled
4602,0.0007949883001856506,0,0,unlabeled
4603,0.8181127905845642,1,0,unlabeled
4604,0.07529561966657639,0,0,train
4605,0.9473056197166443,1,0,unlabeled
4606,1.3590473599833786e-06,0,0,unlabeled
4607,0.5653258562088013,0,0,unlabeled
4608,0.6192502975463867,0,0,train
4609,0.9998243451118469,1,1,train
4610,0.001169859548099339,0,0,unlabeled
4611,0.0010229372419416904,0,0,unlabeled
4612,0.005653600208461285,0,0,val
4613,0.0006738263182342052,0,0,unlabeled
4614,0.0004996872157789767,0,0,unlabeled
4615,0.5178235173225403,0,0,unlabeled
4616,9.841431892709807e-05,0,0,unlabeled
4617,0.8121558427810669,1,0,train
4618,0.3885301649570465,0,0,unlabeled
4619,0.000935827090870589,0,0,unlabeled
4620,0.02453267015516758,0,0,unlabeled
4621,0.03812674805521965,0,0,unlabeled
4622,0.19658038020133972,0,0,unlabeled
4623,5.277769378153607e-05,0,0,unlabeled
4624,0.15746702253818512,0,0,unlabeled
4625,0.004029357340186834,0,0,unlabeled
4626,1.5502590560911542e-17,0,0,unlabeled
4627,5.254881529914712e-10,0,0,unlabeled
4628,4.479692172765226e-10,0,0,unlabeled
4629,1.6935571693466045e-05,0,0,unlabeled
4630,6.640070296271006e-06,0,0,unlabeled
4631,3.1026076612761244e-05,0,0,train
4632,7.069505722629351e-17,0,0,unlabeled
4633,2.903101403717301e-07,0,0,unlabeled
4634,1.0758511734820786e-06,0,0,unlabeled
4635,0.003234699135646224,0,0,unlabeled
4636,0.027783788740634918,0,0,unlabeled
4637,3.874558751704171e-05,0,0,train
4638,0.027783788740634918,0,0,unlabeled
4639,2.545770030337735e-06,0,0,train
4640,3.874558751704171e-05,0,0,unlabeled
4641,1.1962170276547113e-07,0,0,unlabeled
4642,2.222647253802279e-06,0,0,train
4643,0.0004922532243654132,0,0,train
4644,0.04372873157262802,0,0,unlabeled
4645,0.9538363218307495,1,0,unlabeled
4646,2.4798654241209306e-09,0,0,unlabeled
4647,0.0008444886188954115,0,0,unlabeled
4648,1.5549381714663468e-05,0,0,train
4649,0.9798111319541931,1,0,unlabeled
4650,0.980680525302887,1,0,unlabeled
4651,0.16028992831707,0,0,unlabeled
4652,2.5634754763359524e-08,0,0,unlabeled
4653,0.2610591948032379,0,0,unlabeled
4654,4.124840415897779e-07,0,0,unlabeled
4655,1.5041294432194263e-08,0,0,train
4656,3.670902515295893e-08,0,0,unlabeled
4657,2.1272730066357326e-07,0,0,unlabeled
4658,0.002272831043228507,0,0,unlabeled
4659,0.016133181750774384,0,0,unlabeled
4660,2.5475283109699376e-06,0,0,unlabeled
4661,5.573318517804182e-08,0,0,train
4662,0.8375265598297119,1,0,unlabeled
4663,2.125680839526467e-05,0,0,train
4664,5.0022794312098995e-05,0,0,unlabeled
4665,0.8340597748756409,1,0,unlabeled
4666,9.03811400720933e-11,0,0,unlabeled
4667,8.999544661492109e-05,0,0,unlabeled
4668,6.694318472000305e-06,0,0,unlabeled
4669,0.00014533750072587281,0,0,unlabeled
4670,1.7493073656282832e-10,0,0,unlabeled
4671,0.03641408309340477,0,0,unlabeled
4672,0.042230475693941116,0,0,unlabeled
4673,1.501159431427368e-06,0,0,unlabeled
4674,0.07564280182123184,0,0,unlabeled
4675,0.04289131984114647,0,0,train
4676,4.815744614461437e-05,0,0,unlabeled
4677,6.390833391378692e-07,0,0,train
4678,6.538455193938475e-11,0,0,unlabeled
4679,0.04341554641723633,0,0,unlabeled
4680,0.06960923969745636,0,1,unlabeled
4681,0.0003265076666139066,0,0,unlabeled
4682,0.7159705758094788,1,0,unlabeled
4683,0.02094663493335247,0,0,unlabeled
4684,0.06984814256429672,0,0,train
4685,0.0003152255667373538,0,0,train
4686,0.06385845690965652,0,1,unlabeled
4687,4.0171141790779075e-07,0,0,unlabeled
4688,7.932105177133053e-07,0,0,unlabeled
4689,4.0171141790779075e-07,0,0,unlabeled
4690,4.0171141790779075e-07,0,0,unlabeled
4691,2.7059748219926405e-08,0,0,unlabeled
4692,0.002581436885520816,0,0,unlabeled
4693,4.0171141790779075e-07,0,0,unlabeled
4694,3.2621463219584257e-07,0,0,train
4695,0.007482804823666811,0,0,unlabeled
4696,2.2091420248671056e-08,0,0,unlabeled
4697,0.0035231688525527716,0,0,unlabeled
4698,1.8504967084854945e-18,0,0,unlabeled
4699,4.386535135125769e-09,0,0,unlabeled
4700,2.5690887195395362e-09,0,0,unlabeled
4701,0.8243951201438904,1,0,unlabeled
4702,0.7221295833587646,1,0,unlabeled
4703,0.0006856968975625932,0,0,unlabeled
4704,3.2097964286492697e-09,0,0,unlabeled
4705,1.2731233255180996e-05,0,0,train
4706,0.29743725061416626,0,0,unlabeled
4707,6.764145155102597e-07,0,0,unlabeled
4708,0.045715346932411194,0,0,unlabeled
4709,0.6230144500732422,0,0,val
4710,0.0008273014100268483,0,0,unlabeled
4711,5.300482257553085e-07,0,0,val
4712,1.556815368530806e-05,0,0,unlabeled
4713,3.131645485154877e-07,0,0,unlabeled
4714,0.29159387946128845,0,0,unlabeled
4715,0.014334011822938919,0,0,unlabeled
4716,6.042848355036767e-08,0,0,unlabeled
4717,0.000488282588776201,0,0,unlabeled
4718,0.00022451866243500262,0,0,unlabeled
4719,0.010560832917690277,0,0,unlabeled
4720,0.24372000992298126,0,0,unlabeled
4721,8.268102646979969e-09,0,0,unlabeled
4722,0.00038554647471755743,0,0,unlabeled
4723,5.156093720870558e-07,0,0,unlabeled
4724,3.386170277508427e-08,0,0,unlabeled
4725,2.9727623314101947e-06,0,0,unlabeled
4726,0.0003160473715979606,0,0,unlabeled
4727,0.00021870846103411168,0,0,unlabeled
4728,0.014234223403036594,0,0,train
4729,0.00025120499776676297,0,0,unlabeled
4730,5.049917035648832e-06,0,0,train
4731,0.044241584837436676,0,0,train
4732,0.05172896385192871,0,0,unlabeled
4733,0.0042444197461009026,0,0,unlabeled
4734,5.44125578016974e-06,0,0,train
4735,4.314247181724795e-09,0,0,unlabeled
4736,1.7599575130589074e-09,0,0,unlabeled
4737,0.4609684944152832,0,0,unlabeled
4738,0.04548041149973869,0,0,unlabeled
4739,5.44125578016974e-06,0,0,unlabeled
4740,1.606698329936762e-09,0,0,unlabeled
4741,0.0008421751554124057,0,0,unlabeled
4742,4.893001096206717e-05,0,0,unlabeled
4743,0.043767787516117096,0,0,train
4744,3.495306600598269e-06,0,0,unlabeled
4745,0.32442665100097656,0,1,unlabeled
4746,1.020125672823724e-08,0,0,unlabeled
4747,2.7823812143168425e-09,0,0,unlabeled
4748,0.10061176121234894,0,0,unlabeled
4749,0.1830696165561676,0,0,unlabeled
4750,0.04732244089245796,0,0,unlabeled
4751,4.4111455821393974e-08,0,0,val
4752,0.07177551090717316,0,0,train
4753,0.0007279518758878112,0,0,unlabeled
4754,8.625772170489654e-05,0,0,unlabeled
4755,5.489578569495279e-09,0,0,unlabeled
4756,0.04800483584403992,0,0,unlabeled
4757,0.05068540945649147,0,0,unlabeled
4758,2.1127205400262028e-05,0,0,unlabeled
4759,0.7171475291252136,1,0,unlabeled
4760,0.7300143241882324,1,0,unlabeled
4761,0.9001879096031189,1,0,val
4762,0.7646179795265198,1,0,unlabeled
4763,0.7135884761810303,1,0,unlabeled
4764,8.16266310721403e-06,0,0,train
4765,0.007585772778838873,0,1,unlabeled
4766,0.0411272794008255,0,1,unlabeled
4767,0.0006938434671610594,0,0,train
4768,7.604537586303195e-07,0,0,train
4769,5.73786508084595e-07,0,0,unlabeled
4770,7.158049015743018e-07,0,0,unlabeled
4771,7.158049015743018e-07,0,0,unlabeled
4772,5.434195315956458e-10,0,0,unlabeled
4773,1.2919460914417868e-06,0,0,val
4774,0.00023878974025137722,0,1,val
4775,0.0003097024164162576,0,0,unlabeled
4776,0.00012202241487102583,0,0,unlabeled
4777,0.31912603974342346,0,0,val
4778,0.0009872711962088943,0,0,unlabeled
4779,0.5488256812095642,0,1,unlabeled
4780,0.03551241382956505,0,0,train
4781,0.017442379146814346,0,0,unlabeled
4782,3.4568189612594735e-15,0,0,unlabeled
4783,3.786130971591842e-15,0,0,unlabeled
4784,9.375176546200237e-08,0,0,unlabeled
4785,0.1974439173936844,0,0,train
4786,0.029820768162608147,0,1,unlabeled
4787,1.146510385297006e-05,0,1,unlabeled
4788,1.4306974094324687e-07,0,0,train
4789,0.9975342750549316,1,0,unlabeled
4790,0.10344627499580383,0,0,unlabeled
4791,3.4568189612594735e-15,0,0,train
4792,0.8976379632949829,1,0,train
4793,2.2527246452790084e-13,0,0,unlabeled
4794,2.388018385465762e-12,0,0,unlabeled
4795,7.694384112255648e-05,0,0,unlabeled
4796,4.037605685880408e-05,0,0,train
4797,0.06092843785881996,0,0,unlabeled
4798,0.0036349075380712748,0,0,unlabeled
4799,0.02903972752392292,0,0,unlabeled
4800,0.0031877232249826193,0,0,unlabeled
4801,4.037601320305839e-05,0,0,train
4802,0.005047772079706192,0,1,unlabeled
4803,0.0011112604988738894,0,0,unlabeled
4804,0.0001046468096319586,0,1,unlabeled
4805,2.1055425349914003e-06,0,0,unlabeled
4806,0.0018989724339917302,0,0,unlabeled
4807,0.00031443676562048495,0,0,unlabeled
4808,3.0023115937805045e-11,0,0,val
4809,0.4838658571243286,0,0,unlabeled
4810,4.3490363168530166e-05,0,0,unlabeled
4811,0.026393525302410126,0,0,unlabeled
4812,0.02199706807732582,0,0,train
4813,5.088132581931859e-08,0,0,unlabeled
4814,0.0002443026751279831,0,0,unlabeled
4815,0.5439730882644653,0,0,val
4816,0.048280928283929825,0,0,unlabeled
4817,0.12391578406095505,0,0,train
4818,5.284464421606572e-09,0,0,train
4819,0.00012540696479845792,0,0,unlabeled
4820,3.0556453367580616e-08,0,0,unlabeled
4821,9.788968782231677e-06,0,0,unlabeled
4822,0.003994982689619064,0,0,unlabeled
4823,0.16275560855865479,0,0,unlabeled
4824,0.0007097268826328218,0,0,train
4825,2.192102328990586e-06,0,0,unlabeled
4826,4.4644980334851425e-06,0,0,unlabeled
4827,7.214864012894395e-07,0,0,train
4828,0.0006276317872107029,0,0,unlabeled
4829,0.0006470077787525952,0,0,unlabeled
4830,7.46106206861441e-06,0,0,val
4831,0.0008273447747342288,0,0,unlabeled
4832,7.607555016875267e-05,0,0,unlabeled
4833,0.007608969230204821,0,0,unlabeled
4834,0.25209906697273254,0,0,unlabeled
4835,0.006110704503953457,0,0,unlabeled
4836,0.0017143002478405833,0,0,unlabeled
4837,0.9140772819519043,1,0,unlabeled
4838,1.957224959880932e-08,0,0,unlabeled
4839,0.9450735449790955,1,1,unlabeled
4840,0.5829170346260071,0,0,val
4841,0.8332855105400085,1,0,unlabeled
4842,0.8067842125892639,1,0,unlabeled
4843,0.10317334532737732,0,0,unlabeled
4844,0.2671549618244171,0,0,unlabeled
4845,4.22822044043869e-09,0,0,unlabeled
4846,0.04801665246486664,0,0,unlabeled
4847,0.9965157508850098,1,0,unlabeled
4848,0.12015892565250397,0,0,unlabeled
4849,1.9537812079306605e-07,0,0,unlabeled
4850,0.11945464462041855,0,0,unlabeled
4851,3.183338037615613e-07,0,0,unlabeled
4852,3.3900838047884463e-07,0,0,unlabeled
4853,1.2193269185445388e-06,0,0,unlabeled
4854,0.778717041015625,1,0,unlabeled
4855,7.440501104127861e-09,0,0,unlabeled
4856,1.367468716040321e-08,0,0,unlabeled
4857,0.02684292383491993,0,0,unlabeled
4858,8.808675033833424e-08,0,0,unlabeled
4859,0.5050837397575378,0,0,unlabeled
4860,0.5493923425674438,0,0,unlabeled
4861,4.2581165260457965e-09,0,0,unlabeled
4862,0.0057787359692156315,0,0,unlabeled
4863,0.4673120379447937,0,0,unlabeled
4864,0.01741410791873932,0,0,unlabeled
4865,0.09514965116977692,0,0,unlabeled
4866,0.21417352557182312,0,0,unlabeled
4867,0.9997076392173767,1,0,unlabeled
4868,0.013054592534899712,0,0,val
4869,9.883703569357749e-06,0,0,unlabeled
4870,0.046741217374801636,0,0,unlabeled
4871,6.775417773496883e-07,0,0,val
4872,6.124689377884351e-08,0,0,unlabeled
4873,0.00040376378456130624,0,0,unlabeled
4874,1.6810689729140904e-08,0,0,train
4875,0.11507580429315567,0,0,unlabeled
4876,5.066437734058127e-05,0,0,unlabeled
4877,0.9972569346427917,1,0,val
4878,0.9975171089172363,1,1,train
4879,7.802855179761536e-06,0,0,unlabeled
4880,2.9976359655847773e-05,0,0,unlabeled
4881,0.0012171586276963353,0,0,train
4882,0.022916918620467186,0,0,train
4883,0.8234809041023254,1,0,unlabeled
4884,1.8946908312500454e-05,0,0,unlabeled
4885,1.2218457413837314e-05,0,0,unlabeled
4886,6.840193236712366e-06,0,0,unlabeled
4887,0.06359595060348511,0,0,unlabeled
4888,1.0784689948195592e-05,0,0,train
4889,0.00040725813596509397,0,0,unlabeled
4890,0.08810869604349136,0,0,unlabeled
4891,2.1563189420703566e-06,0,0,train
4892,0.00023870075528975576,0,0,unlabeled
4893,8.513914906416176e-09,0,0,train
4894,2.310376203240594e-06,0,0,train
4895,0.002520553767681122,0,0,unlabeled
4896,0.0005593575770035386,0,0,train
4897,0.011099986732006073,0,0,train
