Original_Index,Anomaly_Score,Detection_Result,True_Label,Split
0,1.1024260970771138e-07,0,0,train
1,0.9991394281387329,1,1,train
2,0.005524706561118364,0,0,unlabeled
3,0.9986048340797424,1,1,train
4,0.0003827738401014358,0,0,unlabeled
5,0.9953082203865051,1,1,train
6,4.0305567949872056e-07,0,0,unlabeled
7,0.0003803852014243603,0,0,unlabeled
8,6.1676739271376846e-09,0,0,unlabeled
9,6.744486427123775e-07,0,0,unlabeled
10,0.9944319128990173,1,1,train
11,2.477997895766748e-06,0,0,unlabeled
12,4.645132207770075e-07,0,0,train
13,0.9965715408325195,1,1,train
14,2.9349590136007464e-07,0,0,unlabeled
15,6.5607259208677604e-12,0,0,unlabeled
16,7.53627715788241e-10,0,0,unlabeled
17,0.9964526891708374,1,1,unlabeled
18,0.9992715716362,1,1,unlabeled
19,2.631732609614801e-10,0,0,unlabeled
20,6.366379352584772e-07,0,0,unlabeled
21,2.1256582272144442e-08,0,0,val
22,1.4642619561300307e-08,0,0,unlabeled
23,3.0753838018426904e-06,0,0,unlabeled
24,9.519976629235316e-07,0,0,val
25,2.2547388311977556e-07,0,0,unlabeled
26,0.9989370703697205,1,1,train
27,2.0805875465157442e-05,0,0,train
28,1.6911758393689524e-06,0,0,unlabeled
29,1.0284511517966166e-06,0,0,unlabeled
30,0.9993919134140015,1,1,unlabeled
31,1.6154966904144419e-12,0,0,unlabeled
32,0.9708290100097656,1,1,unlabeled
33,1.700350912869908e-05,0,0,train
34,8.196371368285327e-07,0,0,unlabeled
35,0.9990010857582092,1,1,unlabeled
36,5.240290867902786e-09,0,0,unlabeled
37,7.0008661623433e-07,0,0,val
38,6.938071228645981e-10,0,0,unlabeled
39,3.8278526517387945e-06,0,0,unlabeled
40,1.4692324157294934e-06,0,0,unlabeled
41,0.0020903937984257936,0,0,unlabeled
42,7.124424428184284e-06,0,0,train
43,0.000492652936372906,0,0,unlabeled
44,0.9989991784095764,1,1,unlabeled
45,2.1321861254364194e-07,0,0,train
46,7.660838630130229e-11,0,0,unlabeled
47,2.7601828378465143e-07,0,0,unlabeled
48,1.7516317711852025e-06,0,0,unlabeled
49,0.009024393744766712,0,0,val
50,1.6336756516466266e-06,0,0,unlabeled
51,6.119737463450292e-07,0,0,unlabeled
52,3.919446044164943e-06,0,0,unlabeled
53,2.0436314684957324e-07,0,0,val
54,0.9967136383056641,1,1,unlabeled
55,3.762912911042804e-06,0,0,unlabeled
56,3.586876289318752e-07,0,0,unlabeled
57,7.842767217880464e-07,0,0,unlabeled
58,2.2971695216256194e-05,0,0,unlabeled
59,1.0632644489305676e-06,0,0,unlabeled
60,1.9413418428371187e-08,0,0,unlabeled
61,4.895379674962896e-07,0,0,train
62,0.0014215059345588088,0,0,unlabeled
63,6.754366381755972e-07,0,0,train
64,1.4519741853291634e-06,0,0,unlabeled
65,1.354056589075725e-10,0,0,unlabeled
66,0.00015697861090302467,0,0,unlabeled
67,1.1646411621768493e-06,0,0,unlabeled
68,4.462589799913985e-07,0,0,unlabeled
69,2.136679860820223e-10,0,0,train
70,7.53627715788241e-10,0,0,unlabeled
71,6.614628205170447e-07,0,0,train
72,1.4769251492907642e-06,0,0,unlabeled
73,5.559181204262131e-07,0,0,unlabeled
74,5.138720098329941e-06,0,0,train
75,0.9988042116165161,1,1,unlabeled
76,9.21174869290553e-05,0,0,unlabeled
77,0.9985941052436829,1,1,val
78,2.4004078724715328e-08,0,0,unlabeled
79,7.494477358704899e-07,0,0,unlabeled
80,0.0019979767967015505,0,0,train
81,1.9313736174808582e-06,0,0,unlabeled
82,0.22771242260932922,0,0,unlabeled
83,3.7574011457763845e-06,0,0,unlabeled
84,1.8905401475421968e-06,0,0,train
85,7.762100153740903e-07,0,0,unlabeled
86,2.9813759283570107e-06,0,0,unlabeled
87,7.304255973394902e-07,0,0,unlabeled
88,2.8581863542598285e-09,0,0,train
89,0.999420166015625,1,1,unlabeled
90,0.0002495409280527383,0,0,unlabeled
91,9.501966502512005e-08,0,0,unlabeled
92,2.8749524062732235e-05,0,0,unlabeled
93,4.083553903910797e-06,0,0,unlabeled
94,1.4069123643878356e-09,0,0,unlabeled
95,8.401880222663749e-07,0,0,val
96,0.0008213595720008016,0,0,train
97,6.145207294139254e-07,0,0,unlabeled
98,0.0001405824878020212,0,0,unlabeled
99,2.148581330629895e-07,0,0,unlabeled
100,4.045884634251706e-05,0,0,val
101,0.01070816908031702,0,0,unlabeled
102,0.000586607086006552,0,0,unlabeled
103,4.216446177451871e-05,0,0,train
104,1.354056589075725e-10,0,0,train
105,1.2686814443441108e-07,0,0,unlabeled
106,3.3756416542018997e-06,0,0,unlabeled
107,9.482198038313072e-06,0,0,val
108,1.980573870241642e-06,0,0,unlabeled
109,7.145846029743552e-05,0,0,val
110,2.7561948172660777e-06,0,0,unlabeled
111,0.9959112405776978,1,1,unlabeled
112,3.3666813124000328e-06,0,0,val
113,2.7365770094434083e-08,0,0,val
114,0.9974188804626465,1,1,unlabeled
115,3.6608557252293394e-07,0,0,unlabeled
116,0.0025055932346731424,0,0,unlabeled
117,7.53627715788241e-10,0,0,unlabeled
118,1.2354460068308981e-06,0,0,val
119,0.45909741520881653,0,0,val
120,0.0014515421353280544,0,0,unlabeled
121,1.354056589075725e-10,0,0,unlabeled
122,0.0002449459279887378,0,0,unlabeled
123,3.5215376215091965e-07,0,0,unlabeled
124,4.414770955918357e-06,0,0,train
125,3.1328511340689147e-06,0,0,unlabeled
126,6.12164652302738e-10,0,0,unlabeled
127,0.9982789754867554,1,1,train
128,2.473835411365144e-05,0,0,unlabeled
129,1.860722477431409e-05,0,0,unlabeled
130,2.103241598661043e-07,0,0,unlabeled
131,6.768152047698095e-07,0,0,unlabeled
132,0.9961954355239868,1,1,unlabeled
133,1.1597185434197854e-09,0,0,unlabeled
134,1.8340755332246772e-06,0,0,unlabeled
135,0.998282790184021,1,1,unlabeled
136,4.512796749622794e-06,0,0,unlabeled
137,2.136679860820223e-10,0,0,unlabeled
138,1.0115292781165408e-07,0,0,unlabeled
139,4.5692797812080244e-07,0,0,unlabeled
140,9.309038659921498e-07,0,0,unlabeled
141,2.15153804106194e-07,0,0,unlabeled
142,2.9421437375276582e-06,0,0,train
143,8.113071817206219e-05,0,0,unlabeled
144,0.9979748129844666,1,1,unlabeled
145,0.998817503452301,1,1,unlabeled
146,5.532741624847404e-07,0,0,unlabeled
147,2.0913500264896356e-08,0,0,unlabeled
148,0.000163425735081546,0,0,unlabeled
149,1.1629013897618279e-05,0,0,unlabeled
150,1.803056193239172e-06,0,0,unlabeled
151,1.8524188760693505e-07,0,0,unlabeled
152,0.9991536140441895,1,1,unlabeled
153,0.9994747042655945,1,1,unlabeled
154,8.624526230960328e-07,0,0,unlabeled
155,2.497763944120379e-06,0,0,unlabeled
156,2.0943625145264377e-07,0,0,train
157,3.311704119823844e-07,0,0,val
158,0.0012973400298506021,0,0,unlabeled
159,0.9935535192489624,1,1,unlabeled
160,5.153810711533424e-11,0,0,unlabeled
161,0.00012950085510965437,0,0,unlabeled
162,2.7392838719050935e-18,0,0,unlabeled
163,2.8581919053749516e-09,0,0,unlabeled
164,1.0210766276941285e-06,0,0,unlabeled
165,5.63013327337103e-06,0,0,unlabeled
166,0.00010334239050280303,0,0,unlabeled
167,0.9977637529373169,1,1,unlabeled
168,0.998895525932312,1,1,train
169,4.056905034133251e-09,0,0,unlabeled
170,6.778440729249269e-05,0,0,unlabeled
171,4.056905034133251e-09,0,0,unlabeled
172,8.361122922906361e-07,0,0,unlabeled
173,0.00012577054440043867,0,0,unlabeled
174,1.5395337413792731e-06,0,0,unlabeled
175,0.9969446063041687,1,1,unlabeled
176,2.654339859020638e-08,0,0,unlabeled
177,1.6463959582324605e-06,0,0,unlabeled
178,0.9906779527664185,1,1,train
179,1.6286356185446493e-05,0,0,val
180,1.1867012972288649e-06,0,0,unlabeled
181,0.997998058795929,1,1,unlabeled
182,4.523068582784617e-06,0,0,unlabeled
183,7.581180398119614e-05,0,0,unlabeled
184,0.9800959825515747,1,1,unlabeled
185,2.2191854043285275e-07,0,0,unlabeled
186,1.1619364386206144e-06,0,0,unlabeled
187,0.9985374212265015,1,1,val
188,1.9413418428371187e-08,0,0,unlabeled
189,0.9983701109886169,1,1,unlabeled
190,2.8581919053749516e-09,0,0,train
191,2.7619416869129054e-06,0,0,train
192,9.988599231292028e-06,0,0,unlabeled
193,2.4937105536082527e-06,0,0,unlabeled
194,8.052608677644457e-07,0,0,unlabeled
195,2.0154232061031507e-06,0,0,unlabeled
196,0.9984461665153503,1,1,unlabeled
197,2.703733571252087e-06,0,0,unlabeled
198,6.076410954847233e-06,0,0,unlabeled
199,1.291558078264643e-06,0,0,unlabeled
200,7.753563835422028e-08,0,0,unlabeled
201,7.694478654229897e-07,0,0,unlabeled
202,5.512960797204869e-06,0,0,val
203,8.696390829676659e-12,0,0,train
204,5.979080128781789e-07,0,0,train
205,1.1867478555416255e-08,0,0,unlabeled
206,0.9541787505149841,1,0,unlabeled
207,4.462589799913985e-07,0,0,train
208,3.1518958110154927e-08,0,0,unlabeled
209,4.347132926341146e-05,0,0,unlabeled
210,0.9979332685470581,1,1,unlabeled
211,0.9992343187332153,1,1,train
212,8.640311534691136e-06,0,0,unlabeled
213,5.343587758943613e-07,0,0,train
214,5.296424205880612e-07,0,0,train
215,7.31643967810669e-06,0,0,unlabeled
216,7.118666189853684e-07,0,0,train
217,0.9989866614341736,1,1,unlabeled
218,0.004967960063368082,0,0,unlabeled
219,3.179087570970296e-07,0,0,train
220,0.9986265897750854,1,1,unlabeled
221,1.888021188278799e-06,0,0,unlabeled
222,9.343703766262479e-08,0,0,unlabeled
223,3.0534815209648514e-07,0,0,unlabeled
224,0.9983429908752441,1,1,train
225,7.439286036969861e-06,0,0,val
226,4.38105196565175e-08,0,0,unlabeled
227,0.9985221028327942,1,1,train
228,3.6570629617926897e-06,0,0,unlabeled
229,0.00015403430734295398,0,0,unlabeled
230,0.00010361088061472401,0,0,unlabeled
231,2.7829808459500782e-05,0,0,unlabeled
232,4.057270780322142e-05,0,0,unlabeled
233,4.698354985066544e-07,0,0,unlabeled
234,1.2457410775823519e-05,0,0,unlabeled
235,2.0209720332786674e-06,0,0,unlabeled
236,6.365845024447481e-07,0,0,unlabeled
237,1.948323188116774e-06,0,0,unlabeled
238,0.9996718168258667,1,1,unlabeled
239,2.5454215574427508e-05,0,0,unlabeled
240,0.9977371692657471,1,1,unlabeled
241,2.544624067013501e-06,0,0,train
242,3.619256312958896e-05,0,0,train
243,4.0191298467107117e-07,0,0,unlabeled
244,3.6037590689375065e-07,0,0,unlabeled
245,4.8886054173635785e-06,0,0,unlabeled
246,3.019358132405614e-07,0,0,unlabeled
247,5.397020004238584e-07,0,0,unlabeled
248,6.264737066885573e-07,0,0,unlabeled
249,2.136679860820223e-10,0,0,unlabeled
250,2.9883931347285397e-06,0,0,unlabeled
251,0.998753547668457,1,1,unlabeled
252,8.809618884697556e-05,0,0,train
253,1.212529355143488e-06,0,0,unlabeled
254,2.7605919967754744e-05,0,0,unlabeled
255,0.9986053109169006,1,1,unlabeled
256,2.564664214332879e-08,0,0,unlabeled
257,2.6160143988818163e-06,0,0,unlabeled
258,4.698354985066544e-07,0,0,unlabeled
259,0.9886124730110168,1,1,unlabeled
260,6.196333288244205e-06,0,0,unlabeled
261,6.327529717964353e-06,0,0,unlabeled
262,3.4640170269994996e-06,0,0,unlabeled
263,5.972435701551149e-07,0,0,train
264,0.9986880421638489,1,1,unlabeled
265,3.6452522635954665e-06,0,0,unlabeled
266,1.0402740002746214e-07,0,0,unlabeled
267,2.8119393391534686e-07,0,0,unlabeled
268,1.4724779248354025e-05,0,0,unlabeled
269,0.00040248522418551147,0,0,train
270,2.843932634277735e-06,0,0,unlabeled
271,2.4309776414099815e-09,0,0,unlabeled
272,8.610347990156697e-09,0,0,unlabeled
273,6.593211310246261e-06,0,0,unlabeled
274,3.0800276107356694e-08,0,0,unlabeled
275,3.0230512493290007e-06,0,0,val
276,1.260632132016326e-07,0,0,unlabeled
277,1.818732744141016e-05,0,0,train
278,4.424695418947522e-07,0,0,val
279,3.5561608910938958e-06,0,0,unlabeled
280,5.014055204810575e-06,0,0,train
281,2.70200056773362e-10,0,0,unlabeled
282,1.8523871858633356e-07,0,0,unlabeled
283,0.003357363399118185,0,0,unlabeled
284,1.4359888211856742e-07,0,0,unlabeled
285,8.546587650926085e-07,0,0,unlabeled
286,0.9995505213737488,1,1,unlabeled
287,3.529759396769805e-06,0,0,train
288,0.9980925917625427,1,1,unlabeled
289,2.2226675355341285e-05,0,0,unlabeled
290,0.00011943458230234683,0,0,unlabeled
291,0.9988313317298889,1,1,unlabeled
292,0.9977719187736511,1,1,unlabeled
293,0.9982085227966309,1,1,unlabeled
294,7.660838630130229e-11,0,0,unlabeled
295,0.9984052777290344,1,1,unlabeled
296,0.00048697669990360737,0,0,unlabeled
297,0.000272005214355886,0,0,unlabeled
298,3.6649464618676575e-06,0,0,val
299,1.5918855069685378e-06,0,0,unlabeled
300,5.332197360985447e-06,0,0,train
301,2.1996916075295303e-06,0,0,train
302,2.4309776414099815e-09,0,0,unlabeled
303,3.357407649673405e-07,0,0,unlabeled
304,4.056905034133251e-09,0,0,train
305,3.279925977039966e-06,0,0,unlabeled
306,0.9986745119094849,1,1,unlabeled
307,0.9974043965339661,1,1,train
308,8.086022376119217e-07,0,0,unlabeled
309,1.2895516476874036e-07,0,0,unlabeled
310,7.353703949775081e-06,0,0,unlabeled
311,5.936908110015793e-06,0,0,unlabeled
312,3.694402721521328e-06,0,0,train
313,5.505857643584022e-06,0,0,unlabeled
314,1.9849037471431075e-06,0,0,unlabeled
315,5.9023195717600174e-06,0,0,unlabeled
316,0.9988013505935669,1,1,unlabeled
317,7.256578271608305e-08,0,0,unlabeled
318,0.999116837978363,1,1,unlabeled
319,2.136679860820223e-10,0,0,unlabeled
320,0.00030356409843079746,0,0,train
321,0.0009736253414303064,0,0,unlabeled
322,5.165187758393586e-06,0,0,train
323,0.9984048008918762,1,1,unlabeled
324,0.9990646243095398,1,1,unlabeled
325,3.0686760510434397e-07,0,0,unlabeled
326,0.0008498647948727012,0,0,unlabeled
327,2.1256582272144442e-08,0,0,unlabeled
328,0.9989669322967529,1,1,unlabeled
329,0.9838696122169495,1,1,train
330,1.9688657175720436e-06,0,0,unlabeled
331,2.780695922410814e-06,0,0,unlabeled
332,0.9990639090538025,1,1,unlabeled
333,0.9904068112373352,1,1,unlabeled
334,7.843888738534588e-07,0,0,unlabeled
335,2.9469138098647818e-05,0,0,unlabeled
336,2.0516590666375123e-05,0,0,unlabeled
337,2.5875671781250276e-05,0,0,unlabeled
338,0.9988635778427124,1,1,unlabeled
339,1.0103949534823187e-05,0,0,unlabeled
340,2.343047700303913e-10,0,0,unlabeled
341,0.0005627828650176525,0,0,unlabeled
342,7.002731194916123e-08,0,0,unlabeled
343,1.7829102034738753e-06,0,0,unlabeled
344,1.9795625139096273e-09,0,0,unlabeled
345,3.93787149732816e-06,0,0,unlabeled
346,1.7829102034738753e-06,0,0,unlabeled
347,0.9991868138313293,1,1,unlabeled
348,5.324562835085089e-07,0,0,unlabeled
349,1.7374520666635362e-06,0,0,unlabeled
350,0.00012828495528083295,0,0,unlabeled
351,0.9744724631309509,1,1,unlabeled
352,0.9967041611671448,1,1,unlabeled
353,3.8278526517387945e-06,0,0,val
354,0.0006055745179764926,0,0,unlabeled
355,0.9961934089660645,1,1,unlabeled
356,0.9981276392936707,1,1,unlabeled
357,2.4888310436897798e-20,0,0,unlabeled
358,0.00017607028712518513,0,0,unlabeled
359,6.63389073451981e-07,0,0,unlabeled
360,1.7644342165112903e-07,0,0,unlabeled
361,3.1449789616999624e-07,0,0,unlabeled
362,0.9968728423118591,1,1,unlabeled
363,7.909263217698026e-07,0,0,unlabeled
364,0.01923809014260769,0,0,unlabeled
365,3.1449789616999624e-07,0,0,unlabeled
366,0.0011768920812755823,0,0,train
367,0.012448526918888092,0,0,unlabeled
368,3.019358132405614e-07,0,0,unlabeled
369,1.30697321765183e-06,0,0,unlabeled
370,1.6855061346632283e-08,0,0,unlabeled
371,6.469506388384616e-06,0,0,unlabeled
372,0.00027902756119146943,0,0,unlabeled
373,1.255243296327535e-05,0,0,unlabeled
374,1.4529699399190577e-07,0,0,unlabeled
375,8.909090865927283e-06,0,0,unlabeled
376,0.004835472907871008,0,0,unlabeled
377,0.9990542531013489,1,1,unlabeled
378,1.6855061346632283e-08,0,0,unlabeled
379,1.5305365650419844e-06,0,0,train
380,0.0003737818915396929,0,0,unlabeled
381,1.6005786918071863e-08,0,0,unlabeled
382,0.9960592985153198,1,1,train
383,1.7977037714445032e-05,0,0,unlabeled
384,1.8069336874759756e-05,0,0,unlabeled
385,0.9979015588760376,1,1,unlabeled
386,3.119692166819732e-07,0,0,unlabeled
387,9.609912922314834e-06,0,0,unlabeled
388,0.9974883794784546,1,1,train
389,1.411834546161117e-06,0,0,train
390,3.83964379579993e-06,0,0,unlabeled
391,5.973160538751569e-17,0,0,unlabeled
392,0.99722820520401,1,1,unlabeled
393,2.9097366223140853e-06,0,0,val
394,9.387254351622687e-08,0,0,train
395,0.011065860278904438,0,0,unlabeled
396,1.0848426654774812e-06,0,0,val
397,6.224776711860613e-07,0,0,train
398,0.9973104000091553,1,1,unlabeled
399,7.147946945451622e-08,0,0,train
400,4.72601914225379e-06,0,0,val
401,0.0016101343790069222,0,0,unlabeled
402,1.2895516476874036e-07,0,0,unlabeled
403,1.4557648455593153e-06,0,0,unlabeled
404,1.1602505622931858e-07,0,0,train
405,4.954893938702298e-06,0,0,unlabeled
406,1.2024086572637316e-05,0,0,unlabeled
407,2.492837666068226e-05,0,0,unlabeled
408,1.4816685448665426e-16,0,0,train
409,0.0009736253414303064,0,0,unlabeled
410,6.9087677729839925e-06,0,0,val
411,2.144341806342709e-07,0,0,unlabeled
412,7.668246553294011e-07,0,0,unlabeled
413,1.8240652934764512e-05,0,0,unlabeled
414,3.1675210721004987e-07,0,0,unlabeled
415,0.02200457639992237,0,0,train
416,6.644061159022385e-06,0,0,unlabeled
417,0.9985300302505493,1,1,unlabeled
418,4.077594706330956e-09,0,0,unlabeled
419,3.356162494583259e-07,0,0,unlabeled
420,2.136679860820223e-10,0,0,unlabeled
421,0.9989645481109619,1,1,val
422,0.0002852322650142014,0,0,unlabeled
423,1.3643235661220388e-06,0,0,unlabeled
424,2.695261548668615e-11,0,0,val
425,4.098453700862592e-06,0,0,unlabeled
426,0.00029086045105941594,0,0,unlabeled
427,0.00042534637032076716,0,0,train
428,1.0768597036303618e-07,0,0,unlabeled
429,0.9934699535369873,1,1,unlabeled
430,4.175567028141813e-06,0,0,train
431,0.9984662532806396,1,1,unlabeled
432,0.999764621257782,1,1,val
433,2.4309776414099815e-09,0,0,unlabeled
434,1.7374785556967254e-06,0,0,train
435,4.0713480302656535e-06,0,0,train
436,1.469216567784315e-05,0,0,unlabeled
437,6.860044231871143e-05,0,0,unlabeled
438,0.9981942772865295,1,1,unlabeled
439,0.9944806098937988,1,1,unlabeled
440,7.58573378334404e-07,0,0,unlabeled
441,5.71643886360107e-06,0,0,unlabeled
442,4.056905034133251e-09,0,0,unlabeled
443,0.0011207183124497533,0,0,unlabeled
444,6.0144161579955835e-06,0,0,unlabeled
445,2.563882617323543e-06,0,0,unlabeled
446,1.776179124135524e-05,0,0,unlabeled
447,0.0002725259109865874,0,0,unlabeled
448,2.4309776414099815e-09,0,0,unlabeled
449,6.705569148834911e-07,0,0,unlabeled
450,3.368849320395384e-06,0,0,val
451,5.277494437905261e-06,0,0,unlabeled
452,1.555719973111991e-05,0,0,unlabeled
453,0.003764714580029249,0,0,unlabeled
454,0.9984074234962463,1,1,unlabeled
455,1.823404454626143e-05,0,0,unlabeled
456,0.992051362991333,1,1,unlabeled
457,5.240290867902786e-09,0,0,unlabeled
458,1.8690760725803557e-06,0,0,train
459,4.321692813391564e-06,0,0,unlabeled
460,0.9936895370483398,1,1,unlabeled
461,0.9959052801132202,1,1,unlabeled
462,2.0787829271284863e-06,0,0,unlabeled
463,3.6225392250344157e-06,0,0,unlabeled
464,0.00012757742661051452,0,0,unlabeled
465,2.609612693049712e-06,0,0,train
466,4.389221430756152e-06,0,0,unlabeled
467,2.4088089958240744e-06,0,0,unlabeled
468,0.00017070375906769186,0,0,train
469,0.9975371360778809,1,1,unlabeled
470,0.9986392855644226,1,1,train
471,4.059100774611579e-06,0,0,unlabeled
472,5.0614985411812086e-06,0,0,unlabeled
473,1.7746016283126664e-06,0,0,unlabeled
474,1.2227091872318852e-07,0,0,unlabeled
475,7.196798890163336e-08,0,0,unlabeled
476,4.772424233578931e-08,0,0,unlabeled
477,0.9991176724433899,1,1,unlabeled
478,0.0008291524718515575,0,0,unlabeled
479,2.941554612334585e-06,0,0,unlabeled
480,1.6671361663611606e-05,0,0,unlabeled
481,3.404226617931272e-06,0,0,unlabeled
482,7.644865149813995e-07,0,0,unlabeled
483,1.0448658031236846e-05,0,0,train
484,8.610347990156697e-09,0,0,unlabeled
485,1.0738568562373985e-05,0,0,unlabeled
486,7.196798890163336e-08,0,0,unlabeled
487,6.222194315341767e-07,0,0,unlabeled
488,0.9992589354515076,1,1,unlabeled
489,1.7721661151881563e-06,0,0,unlabeled
490,0.9918232560157776,1,1,unlabeled
491,0.02200457639992237,0,0,unlabeled
492,0.0014357453910633922,0,0,unlabeled
493,1.0717581062635873e-06,0,0,train
494,6.448167550843209e-05,0,0,unlabeled
495,1.2525923011708073e-05,0,0,unlabeled
496,9.663035598350689e-07,0,0,unlabeled
497,0.9963234663009644,1,1,unlabeled
498,1.260632132016326e-07,0,0,unlabeled
499,0.998688280582428,1,1,unlabeled
500,0.99796462059021,1,1,train
501,2.843221227522008e-05,0,0,unlabeled
502,0.9985988736152649,1,1,unlabeled
503,8.942952831603179e-07,0,0,unlabeled
504,5.588012754742522e-07,0,0,train
505,3.0170679288232805e-09,0,0,unlabeled
506,0.9818967580795288,1,1,val
507,7.403523341054097e-06,0,0,unlabeled
508,0.9937167763710022,1,1,val
509,7.143890979932621e-05,0,0,unlabeled
510,0.9982732534408569,1,1,unlabeled
511,1.4860661800512182e-13,0,0,unlabeled
512,0.9972341656684875,1,1,unlabeled
513,1.616923270830739e-07,0,0,unlabeled
514,1.2830785180995008e-06,0,0,train
515,5.238319999989471e-07,0,0,unlabeled
516,0.0002495409280527383,0,0,unlabeled
517,1.3006135304749478e-05,0,0,unlabeled
518,4.7401334768437664e-07,0,0,val
519,3.2919044201662473e-07,0,0,unlabeled
520,0.9946966171264648,1,0,unlabeled
521,0.0003767219022847712,0,0,unlabeled
522,5.699258167624066e-07,0,0,unlabeled
523,0.9672114849090576,1,1,unlabeled
524,3.3384148991899565e-05,0,0,unlabeled
525,0.0011004620464518666,0,0,unlabeled
526,6.0408069657569285e-06,0,0,train
527,4.924170866615896e-07,0,0,unlabeled
528,2.857446816051379e-06,0,0,unlabeled
529,8.759640195421525e-07,0,0,unlabeled
530,2.0576880477296555e-10,0,0,train
531,1.5395337413792731e-06,0,0,unlabeled
532,4.049164090247359e-06,0,0,unlabeled
533,0.00023461536329705268,0,0,unlabeled
534,0.9993855953216553,1,1,unlabeled
535,0.0009290493908338249,0,0,unlabeled
536,1.6005786918071863e-08,0,0,unlabeled
537,0.999184787273407,1,1,unlabeled
538,1.0768597036303618e-07,0,0,train
539,0.00026519515085965395,0,0,unlabeled
540,3.9676060623605736e-06,0,0,train
541,8.805210782725226e-09,0,0,unlabeled
542,5.803286740047042e-07,0,0,unlabeled
543,2.0462948668864556e-06,0,0,unlabeled
544,3.531081631535926e-07,0,0,unlabeled
545,0.00015558367886114866,0,0,unlabeled
546,1.107669618249929e-06,0,0,unlabeled
547,0.9989732503890991,1,1,unlabeled
548,1.2797560344779413e-08,0,0,unlabeled
549,0.9767911434173584,1,1,unlabeled
550,0.9988853335380554,1,1,unlabeled
551,1.4096602853896911e-06,0,0,val
552,0.9900522828102112,1,1,train
553,4.698354985066544e-07,0,0,unlabeled
554,2.6555358090263326e-06,0,0,train
555,3.1531640553554704e-16,0,0,unlabeled
556,0.9882578253746033,1,1,unlabeled
557,9.686899829830509e-06,0,0,unlabeled
558,1.870679682269838e-07,0,0,unlabeled
559,0.00020529405446723104,0,0,unlabeled
560,3.7971296933392296e-06,0,0,unlabeled
561,0.00024171281256712973,0,0,val
562,3.0680828785989434e-05,0,0,unlabeled
563,1.956346693532396e-07,0,0,unlabeled
564,2.1703679919937713e-07,0,0,unlabeled
565,6.575708653144829e-07,0,0,train
566,4.347132926341146e-05,0,0,unlabeled
567,0.008999583311378956,0,0,unlabeled
568,3.2876673685677815e-06,0,0,unlabeled
569,5.812941253680037e-06,0,0,unlabeled
570,3.0800276107356694e-08,0,0,unlabeled
571,5.928676273470046e-06,0,0,unlabeled
572,2.6970483304467052e-06,0,0,unlabeled
573,1.3048936125414912e-05,0,0,train
574,1.7867419046524446e-06,0,0,unlabeled
575,0.9982385635375977,1,1,unlabeled
576,0.9988981485366821,1,1,unlabeled
577,3.2091299999592593e-06,0,0,unlabeled
578,0.9993508458137512,1,1,train
579,1.6786296441750892e-07,0,0,val
580,0.9978506565093994,1,1,unlabeled
581,1.669154769956549e-08,0,0,train
582,1.2430057722667698e-05,0,0,unlabeled
583,0.9982944130897522,1,1,unlabeled
584,8.601289209764218e-07,0,0,unlabeled
585,3.2340465168090304e-06,0,0,train
586,0.9965382814407349,1,1,unlabeled
587,0.9980003237724304,1,1,unlabeled
588,5.412524317627287e-10,0,0,train
589,8.205091148738575e-07,0,0,unlabeled
590,1.638650064705871e-05,0,0,unlabeled
591,1.2376998981267207e-08,0,0,train
592,1.9551207515178248e-05,0,0,unlabeled
593,8.469069712191413e-07,0,0,train
594,0.9979154467582703,1,1,unlabeled
595,0.9972544312477112,1,1,unlabeled
596,0.002052645431831479,0,0,unlabeled
597,0.9986335635185242,1,1,unlabeled
598,2.2554819224751554e-05,0,0,unlabeled
599,0.00010078413470182568,0,0,unlabeled
600,0.02284126728773117,0,0,unlabeled
601,1.0111531167922294e-07,0,0,unlabeled
602,1.7370942373418075e-07,0,0,unlabeled
603,0.9983136653900146,1,1,unlabeled
604,4.632696800399572e-06,0,0,unlabeled
605,2.965579142255592e-07,0,0,train
606,7.256578271608305e-08,0,0,train
607,8.862440381562919e-07,0,0,unlabeled
608,0.0003541956830304116,0,0,unlabeled
609,1.1021660611731932e-05,0,0,unlabeled
610,0.9982498288154602,1,1,val
611,0.9982934594154358,1,1,unlabeled
612,6.882804086671968e-07,0,0,train
613,6.754772243766638e-07,0,0,unlabeled
614,5.25245968674426e-06,0,0,unlabeled
615,1.9413418428371187e-08,0,0,unlabeled
616,2.1256582272144442e-08,0,0,unlabeled
617,0.9969321489334106,1,1,unlabeled
618,1.3379365100263385e-06,0,0,train
619,0.0002967484761029482,0,0,unlabeled
620,1.11421718429483e-06,0,0,unlabeled
621,3.034949245042662e-12,0,0,unlabeled
622,0.00018831525812856853,0,0,train
623,0.0002736835740506649,0,0,unlabeled
624,2.1256582272144442e-08,0,0,unlabeled
625,1.2083575029464555e-06,0,0,val
626,4.821332711595159e-17,0,0,unlabeled
627,0.000817863445263356,0,0,unlabeled
628,0.9988024234771729,1,1,unlabeled
629,8.86244833964156e-07,0,0,unlabeled
630,0.994307816028595,1,1,train
631,7.72241492086323e-06,0,0,unlabeled
632,3.864263362629572e-06,0,0,unlabeled
633,5.647345915349433e-06,0,0,train
634,1.181724564958131e-05,0,0,unlabeled
635,0.005256372503936291,0,0,train
636,0.0009659919305704534,0,0,unlabeled
637,1.945642509326717e-07,0,0,unlabeled
638,0.9993496537208557,1,1,unlabeled
639,1.803056193239172e-06,0,0,unlabeled
640,2.4058678604887973e-07,0,0,unlabeled
641,0.9643299579620361,1,1,unlabeled
642,7.766998169245198e-05,0,0,unlabeled
643,5.912606866331771e-06,0,0,unlabeled
644,4.4848559355159523e-07,0,0,train
645,0.9984151124954224,1,1,unlabeled
646,7.239959813887253e-05,0,0,unlabeled
647,1.86857687367592e-06,0,0,unlabeled
648,1.7202471553900978e-06,0,0,unlabeled
649,5.397676432039589e-06,0,0,unlabeled
650,2.343047700303913e-10,0,0,unlabeled
651,2.1610316252917983e-05,0,0,unlabeled
652,0.9993194341659546,1,1,unlabeled
653,1.0768597036303618e-07,0,0,unlabeled
654,4.704954790213378e-06,0,0,unlabeled
655,6.342639153444907e-06,0,0,unlabeled
656,9.765982440512744e-07,0,0,unlabeled
657,1.9413418428371187e-08,0,0,unlabeled
658,1.4625664334744215e-05,0,0,train
659,9.697751920612063e-06,0,0,unlabeled
660,1.737548132041411e-06,0,0,train
661,1.0768597036303618e-07,0,0,train
662,0.9972820281982422,1,1,unlabeled
663,0.9994738698005676,1,1,unlabeled
664,1.990905957427458e-06,0,0,train
665,6.075797500670888e-07,0,0,train
666,0.9970239996910095,1,1,unlabeled
667,1.2256734294169291e-07,0,0,unlabeled
668,5.558020887974635e-08,0,0,unlabeled
669,0.9985244870185852,1,1,val
670,3.60246450725743e-11,0,0,train
671,2.4492192096658982e-06,0,0,unlabeled
672,8.921991478949565e-10,0,0,unlabeled
673,0.00039920469862408936,0,0,unlabeled
674,4.836325784296491e-10,0,0,unlabeled
675,0.9984149932861328,1,1,unlabeled
676,1.2606308530394017e-07,0,0,train
677,0.0003744722343981266,0,0,train
678,5.98340920987539e-06,0,0,unlabeled
679,1.4903426972523448e-06,0,0,unlabeled
680,1.7210285419011484e-09,0,0,val
681,1.0829313623617054e-06,0,0,train
682,0.9962383508682251,1,1,unlabeled
683,0.0004719099379144609,0,0,train
684,6.252656135075085e-07,0,0,val
685,0.9682599306106567,1,1,train
686,1.954772051249165e-05,0,0,unlabeled
687,0.9995357990264893,1,1,unlabeled
688,5.122525692513591e-08,0,0,unlabeled
689,5.936908110015793e-06,0,0,unlabeled
690,3.0800276107356694e-08,0,0,train
691,2.7158669126947643e-06,0,0,unlabeled
692,0.0023332105483859777,0,0,unlabeled
693,0.998995840549469,1,1,unlabeled
694,5.639667870127596e-05,0,0,unlabeled
695,0.9985824823379517,1,1,unlabeled
696,5.136083927936852e-06,0,0,unlabeled
697,8.288828394142911e-05,0,0,unlabeled
698,2.6848813377000624e-06,0,0,unlabeled
699,8.891570359992329e-07,0,0,val
700,7.253808220752944e-09,0,0,unlabeled
701,3.328953971504234e-05,0,0,unlabeled
702,1.1250901479797903e-05,0,0,unlabeled
703,2.1112302420078777e-05,0,0,unlabeled
704,0.0005882476107217371,0,0,unlabeled
705,0.0003306548169348389,0,0,unlabeled
706,1.7247157302335836e-05,0,0,unlabeled
707,2.055660297628492e-05,0,0,unlabeled
708,3.1352481073554372e-06,0,0,unlabeled
709,1.2083575029464555e-06,0,0,unlabeled
710,7.53627715788241e-10,0,0,unlabeled
711,2.3903533019620227e-06,0,0,val
712,3.314270770715666e-06,0,0,unlabeled
713,0.015612105838954449,0,0,unlabeled
714,0.9971398115158081,1,1,unlabeled
715,3.118237543731084e-07,0,0,train
716,0.0002320029743714258,0,0,unlabeled
717,0.0018533053807914257,0,0,unlabeled
718,0.9962474703788757,1,1,unlabeled
719,7.452210376568402e-11,0,0,unlabeled
720,1.2696422345470637e-05,0,0,unlabeled
721,0.9848921298980713,1,1,unlabeled
722,5.712613074138062e-06,0,0,unlabeled
723,1.9351023183844518e-07,0,0,unlabeled
724,3.800245394813828e-06,0,0,unlabeled
725,1.4359888211856742e-07,0,0,unlabeled
726,0.9992467164993286,1,1,train
727,0.996945321559906,1,1,train
728,3.430643857882387e-07,0,0,train
729,1.1417466339480598e-05,0,0,val
730,0.0002917169185820967,0,0,unlabeled
731,0.0002636537537910044,0,0,unlabeled
732,9.643500789024984e-07,0,0,unlabeled
733,1.0150328307645395e-05,0,0,unlabeled
734,1.0365467460360378e-05,0,0,unlabeled
735,0.0006648897542618215,0,0,train
736,1.4903426972523448e-06,0,0,unlabeled
737,2.2291077073077759e-07,0,0,unlabeled
738,1.0547647200098709e-08,0,0,unlabeled
739,4.848749540542485e-06,0,0,unlabeled
740,3.8419148040702567e-07,0,0,unlabeled
741,1.0343105039112288e-08,0,0,unlabeled
742,5.808258833894797e-07,0,0,unlabeled
743,3.783002355817189e-09,0,0,unlabeled
744,0.0026603685691952705,0,0,val
745,0.9981854557991028,1,1,unlabeled
746,1.354056589075725e-10,0,0,unlabeled
747,9.51498732320033e-05,0,0,unlabeled
748,3.061017395111776e-08,0,0,unlabeled
749,1.4860661800512182e-13,0,0,unlabeled
750,0.9768551588058472,1,1,unlabeled
751,5.222201707510976e-06,0,0,unlabeled
752,0.9989032745361328,1,1,unlabeled
753,0.999007523059845,1,1,train
754,2.3362820229522185e-06,0,0,unlabeled
755,2.779362091587245e-07,0,0,unlabeled
756,1.2227091872318852e-07,0,0,unlabeled
757,0.019256800413131714,0,0,unlabeled
758,0.0007692882209084928,0,0,train
759,0.9987951517105103,1,1,unlabeled
760,0.017508171498775482,0,0,unlabeled
761,0.9984090924263,1,1,unlabeled
762,4.789262675330974e-06,0,0,unlabeled
763,1.9879555566149065e-06,0,0,unlabeled
764,0.0005653658881783485,0,0,unlabeled
765,0.0003996308078058064,0,0,unlabeled
766,2.1717831259593368e-05,0,0,unlabeled
767,6.938071228645981e-10,0,0,unlabeled
768,4.213829924992751e-06,0,0,unlabeled
769,1.7941664509635302e-07,0,0,train
770,6.9348820943559986e-06,0,0,unlabeled
771,1.3531639524444472e-05,0,0,val
772,4.462589799913985e-07,0,0,unlabeled
773,3.885919852564257e-07,0,0,train
774,5.9870511904591694e-05,0,0,train
775,0.9991394281387329,1,1,unlabeled
776,4.836325784296491e-10,0,0,unlabeled
777,5.967225818288499e-14,0,0,unlabeled
778,0.0002967646287288517,0,0,unlabeled
779,0.00017006054986268282,0,0,unlabeled
780,2.343047700303913e-10,0,0,unlabeled
781,5.62001446269278e-07,0,0,unlabeled
782,4.836325784296491e-10,0,0,unlabeled
783,1.523145692772232e-05,0,0,unlabeled
784,9.729820931170252e-07,0,0,unlabeled
785,1.1527332333116647e-07,0,0,unlabeled
786,6.732694600941613e-05,0,0,unlabeled
787,6.7937949097540695e-06,0,0,unlabeled
788,1.9076624084846117e-06,0,0,unlabeled
789,0.99704509973526,1,1,val
790,5.532741624847404e-07,0,0,unlabeled
791,0.0011395789915695786,0,0,unlabeled
792,4.698354985066544e-07,0,0,train
793,5.252010737422097e-07,0,0,train
794,3.852018835459603e-06,0,0,unlabeled
795,4.4848559355159523e-07,0,0,unlabeled
796,9.913002259054338e-07,0,0,unlabeled
797,0.00027683062944561243,0,0,unlabeled
798,1.0289239071425982e-05,0,0,val
799,6.777959629162381e-17,0,0,unlabeled
800,2.343047700303913e-10,0,0,unlabeled
801,3.8350259501385153e-07,0,0,unlabeled
802,1.1867456350955763e-08,0,0,unlabeled
803,0.9957306981086731,1,1,unlabeled
804,0.00200167135335505,0,0,unlabeled
805,4.647578862204682e-06,0,0,unlabeled
806,1.2189641893201042e-05,0,0,unlabeled
807,1.8596550432903314e-07,0,0,unlabeled
808,1.4048741547867394e-07,0,0,unlabeled
809,4.3223813008808065e-06,0,0,unlabeled
810,4.187457491866553e-09,0,0,unlabeled
811,0.9987612962722778,1,1,unlabeled
812,2.0565956219797954e-05,0,0,unlabeled
813,0.9992338418960571,1,1,train
814,0.9991391897201538,1,1,unlabeled
815,0.9982025623321533,1,1,unlabeled
816,3.053824229937163e-06,0,0,unlabeled
817,4.4869839257444255e-06,0,0,unlabeled
818,0.9982376098632812,1,1,unlabeled
819,0.9994444251060486,1,1,unlabeled
820,7.203025802482443e-07,0,0,unlabeled
821,6.398241391862816e-20,0,0,unlabeled
822,0.9954866766929626,1,1,unlabeled
823,4.552660357148852e-06,0,0,unlabeled
824,1.750136924272283e-08,0,0,unlabeled
825,2.9611187528644223e-06,0,0,unlabeled
826,4.169348812865792e-07,0,0,unlabeled
827,0.9982056617736816,1,1,train
828,0.0003039405564777553,0,0,unlabeled
829,0.9988007545471191,1,1,unlabeled
830,0.9883649349212646,1,1,unlabeled
831,2.1043031665612943e-05,0,0,unlabeled
832,1.969282493519131e-05,0,0,unlabeled
833,7.839881618565414e-06,0,0,unlabeled
834,4.452418579603545e-06,0,0,unlabeled
835,0.9989099502563477,1,1,unlabeled
836,2.2994070189574778e-11,0,0,unlabeled
837,9.496510529061197e-07,0,0,unlabeled
838,0.99898761510849,1,1,unlabeled
839,4.274114417057717e-06,0,0,unlabeled
840,4.273511422070442e-06,0,0,train
841,0.0007756722043268383,0,0,unlabeled
842,6.5313747654727194e-06,0,0,unlabeled
843,3.347462325109518e-06,0,0,unlabeled
844,9.283929102821276e-06,0,0,unlabeled
845,0.9991976618766785,1,1,unlabeled
846,1.4418361388379708e-05,0,0,train
847,2.670904279966635e-07,0,0,train
848,1.1369450476195198e-05,0,0,train
849,1.0235265326258292e-12,0,0,unlabeled
850,5.278030948829837e-05,0,0,unlabeled
851,6.36014419796993e-06,0,0,unlabeled
852,5.5964292187127285e-06,0,0,unlabeled
853,5.829624114994658e-06,0,0,unlabeled
854,2.501449216651963e-06,0,0,unlabeled
855,4.321334017731715e-06,0,0,unlabeled
856,2.0069342099304777e-06,0,0,unlabeled
857,0.9958754181861877,1,1,unlabeled
858,9.686776820672094e-07,0,0,unlabeled
859,0.9977092742919922,1,1,unlabeled
860,8.610347990156697e-09,0,0,val
861,4.794550022779731e-06,0,0,train
862,0.003274350194260478,0,0,unlabeled
863,5.532731393032009e-07,0,0,train
864,3.389017001609318e-05,0,0,unlabeled
865,1.914933100977123e-08,0,0,unlabeled
866,1.658968585616094e-06,0,0,unlabeled
867,5.267438154987758e-06,0,0,unlabeled
868,0.9933121800422668,1,1,unlabeled
869,3.15732734179619e-07,0,0,train
870,1.354056589075725e-10,0,0,unlabeled
871,0.9970677495002747,1,1,unlabeled
872,0.001678202417679131,0,0,unlabeled
873,0.9982459545135498,1,1,unlabeled
874,2.870796489418126e-09,0,0,unlabeled
875,3.5311463761900086e-06,0,0,unlabeled
876,3.1328511340689147e-06,0,0,train
877,0.01014123298227787,0,0,unlabeled
878,0.9989142417907715,1,1,train
879,0.9991439580917358,1,1,unlabeled
880,0.003357363399118185,0,0,unlabeled
881,0.9980565905570984,1,1,unlabeled
882,0.0001069896316039376,0,0,unlabeled
883,1.0902539315793547e-07,0,0,train
884,0.997778594493866,1,1,train
885,0.0028610604349523783,0,0,train
886,7.135956270332144e-09,0,0,train
887,2.2415113107854268e-06,0,0,unlabeled
888,0.00027780255186371505,0,0,unlabeled
889,5.213828444539104e-07,0,0,unlabeled
890,0.00015544531925115734,0,0,unlabeled
891,0.00025033208657987416,0,0,unlabeled
892,6.171087079565041e-06,0,0,unlabeled
893,2.0808338376809843e-06,0,0,unlabeled
894,7.184337960097764e-07,0,0,unlabeled
895,0.0054178498685359955,0,0,unlabeled
896,0.9970888495445251,1,1,val
897,2.690901531275918e-14,0,0,unlabeled
898,1.0864774857566317e-08,0,0,unlabeled
899,0.0005156476981937885,0,0,unlabeled
900,0.9967018961906433,1,1,unlabeled
901,3.6861703733848117e-07,0,0,unlabeled
902,0.028106149286031723,0,0,unlabeled
903,0.9924548864364624,1,1,unlabeled
904,1.2201313381865475e-07,0,0,unlabeled
905,0.9967694282531738,1,1,unlabeled
906,7.2233856371894944e-06,0,0,unlabeled
907,2.6752659323392436e-06,0,0,unlabeled
908,2.4309776414099815e-09,0,0,unlabeled
909,5.157417035661638e-07,0,0,unlabeled
910,5.155612257112807e-07,0,0,unlabeled
911,2.2141391298191593e-07,0,0,val
912,4.9122209020424634e-05,0,0,train
913,0.9984122514724731,1,1,train
914,0.9964588284492493,1,1,unlabeled
915,0.9973794221878052,1,1,unlabeled
916,0.9718877673149109,1,1,unlabeled
917,9.43530994845787e-06,0,0,unlabeled
918,0.998011589050293,1,1,unlabeled
919,2.2994070189574778e-11,0,0,train
920,8.997365512186661e-05,0,0,train
921,0.9769794344902039,1,1,unlabeled
922,0.9960833787918091,1,1,train
923,0.004172114189714193,0,0,unlabeled
924,2.350061186007224e-05,0,0,unlabeled
925,7.135942059477429e-09,0,0,unlabeled
926,0.998604953289032,1,1,unlabeled
927,5.153810711533424e-11,0,0,unlabeled
928,0.00015459934365935624,0,0,train
929,0.9990311861038208,1,1,unlabeled
930,0.998970627784729,1,1,unlabeled
931,0.005434518214315176,0,0,train
932,0.00015517075371462852,0,0,unlabeled
933,2.4258772100438364e-05,0,0,unlabeled
934,1.4808841797275818e-06,0,0,unlabeled
935,4.459123829292366e-06,0,0,val
936,7.53627715788241e-10,0,0,train
937,0.0010249101324006915,0,0,unlabeled
938,1.19579544843873e-06,0,0,unlabeled
939,2.7619416869129054e-06,0,0,unlabeled
940,2.343047700303913e-10,0,0,train
941,3.616429239627905e-06,0,0,unlabeled
942,6.817272968362431e-09,0,0,unlabeled
943,0.0003039950388483703,0,0,unlabeled
944,3.6228464068699395e-06,0,0,train
945,2.8497261155280285e-06,0,0,unlabeled
946,1.7558833178554778e-06,0,0,unlabeled
947,0.9992111921310425,1,1,unlabeled
948,2.343047700303913e-10,0,0,unlabeled
949,9.035942980517575e-07,0,0,unlabeled
950,0.008410022594034672,0,0,train
951,6.702199694752844e-14,0,0,unlabeled
952,6.044692213436065e-07,0,0,val
953,1.0992416719091125e-05,0,0,val
954,2.343047700303913e-10,0,0,unlabeled
955,7.806620851624757e-05,0,0,unlabeled
956,0.9987962245941162,1,1,train
957,0.9750603437423706,1,1,train
958,0.00012113898992538452,0,0,unlabeled
959,1.1892673228430795e-06,0,0,unlabeled
960,9.255721806766815e-07,0,0,unlabeled
961,2.699987135201809e-06,0,0,unlabeled
962,0.9907830953598022,1,1,unlabeled
963,0.9977533221244812,1,1,unlabeled
964,1.4295084156401572e-06,0,0,unlabeled
965,1.0615769497235306e-05,0,0,unlabeled
966,1.435386707271391e-06,0,0,train
967,2.1427187846256857e-07,0,0,unlabeled
968,0.028106164187192917,0,0,unlabeled
969,9.309048891736893e-07,0,0,unlabeled
970,0.9897446036338806,1,1,unlabeled
971,9.439966675017786e-07,0,0,unlabeled
972,8.474179594486486e-06,0,0,unlabeled
973,0.9993207454681396,1,1,unlabeled
974,0.0006090053939260542,0,0,unlabeled
975,0.00010850686521735042,0,0,unlabeled
976,0.00018930001533590257,0,0,unlabeled
977,0.9967387318611145,1,1,unlabeled
978,2.643049299422273e-07,0,0,unlabeled
979,0.9956967830657959,1,1,unlabeled
980,9.209587403802288e-08,0,0,unlabeled
981,0.9981764554977417,1,1,unlabeled
982,6.849468263681047e-07,0,0,unlabeled
983,1.8483268734992286e-11,0,0,unlabeled
984,0.9989444613456726,1,1,train
985,1.0270199709339067e-05,0,0,train
986,3.5606741622014326e-13,0,0,unlabeled
987,3.7542240534094162e-06,0,0,unlabeled
988,0.9757667183876038,1,1,unlabeled
989,3.836709324810811e-13,0,0,train
990,0.9659304022789001,1,1,unlabeled
991,5.849038279848173e-05,0,0,unlabeled
992,3.0230512493290007e-06,0,0,unlabeled
993,0.999638557434082,1,1,unlabeled
994,0.9985938668251038,1,1,unlabeled
995,2.5709765395731665e-05,0,0,unlabeled
996,0.9851165413856506,1,1,unlabeled
997,5.25588147866074e-05,0,0,unlabeled
998,1.8082739643432433e-06,0,0,train
999,0.9809883832931519,1,1,unlabeled
1000,7.493651082768338e-06,0,0,unlabeled
1001,0.9991987347602844,1,1,train
1002,0.00016097011393867433,0,0,unlabeled
1003,1.0185716714516957e-09,0,0,unlabeled
1004,1.3701247780772974e-06,0,0,train
1005,8.992212201519578e-07,0,0,unlabeled
1006,8.680135579197668e-06,0,0,train
1007,0.0013718297705054283,0,0,unlabeled
1008,1.1001707207469735e-06,0,0,unlabeled
1009,0.9418378472328186,1,1,train
1010,7.165814395193593e-07,0,0,unlabeled
1011,6.66148878281092e-08,0,0,unlabeled
1012,2.5554170406394405e-06,0,0,unlabeled
1013,0.9991042017936707,1,1,unlabeled
1014,2.159109271815396e-06,0,0,unlabeled
1015,4.056905034133251e-09,0,0,unlabeled
1016,7.012509013293311e-05,0,0,unlabeled
1017,7.712013757554814e-05,0,0,unlabeled
1018,2.699987135201809e-06,0,0,unlabeled
1019,0.9988052845001221,1,1,unlabeled
1020,0.0015575428260490298,0,0,train
1021,1.5918855069685378e-06,0,0,train
1022,7.96119184087729e-06,0,0,unlabeled
1023,1.0831784493348096e-05,0,0,unlabeled
1024,3.9676060623605736e-06,0,0,unlabeled
1025,1.7667277063537767e-07,0,0,unlabeled
1026,5.71643886360107e-06,0,0,unlabeled
1027,3.020947381138228e-10,0,0,unlabeled
1028,7.721929250692483e-06,0,0,unlabeled
1029,3.6207662645892924e-08,0,0,unlabeled
1030,0.00014103415014687926,0,0,unlabeled
1031,3.344622382428497e-05,0,0,unlabeled
1032,9.086201657737547e-07,0,0,unlabeled
1033,0.9992425441741943,1,1,unlabeled
1034,8.862440381562919e-07,0,0,unlabeled
1035,7.389719030470587e-06,0,0,unlabeled
1036,4.87394231640792e-07,0,0,unlabeled
1037,1.011706353892805e-05,0,0,unlabeled
1038,5.878305273654405e-06,0,0,val
1039,2.585968331914046e-06,0,0,unlabeled
1040,0.07078925520181656,0,0,unlabeled
1041,0.998687207698822,1,1,unlabeled
1042,3.713346075073787e-07,0,0,unlabeled
1043,4.070431259606266e-06,0,0,unlabeled
1044,8.381552447644935e-07,0,0,train
1045,0.0006292687612585723,0,0,unlabeled
1046,4.2172285219521655e-08,0,0,train
1047,0.00043883148464374244,0,0,unlabeled
1048,0.016052087768912315,0,0,unlabeled
1049,3.595272937673144e-05,0,0,train
1050,0.9974454641342163,1,1,unlabeled
1051,4.699651778850011e-09,0,0,unlabeled
1052,3.1449761195290193e-07,0,0,unlabeled
1053,0.9974365830421448,1,1,unlabeled
1054,2.343047700303913e-10,0,0,unlabeled
1055,1.6267325918306597e-05,0,0,train
1056,0.9978261590003967,1,1,unlabeled
1057,1.354056589075725e-10,0,0,unlabeled
1058,0.9980858564376831,1,1,unlabeled
1059,1.0336666491639335e-06,0,0,unlabeled
1060,0.9994227886199951,1,1,unlabeled
1061,0.9987620115280151,1,1,unlabeled
1062,2.0576880477296555e-10,0,0,unlabeled
1063,0.0010277099208906293,0,0,unlabeled
1064,2.3985328425624175e-06,0,0,unlabeled
1065,3.0003073334228247e-05,0,0,unlabeled
1066,7.094132342899684e-06,0,0,unlabeled
1067,2.564664214332879e-08,0,0,unlabeled
1068,1.7407558061677264e-06,0,0,unlabeled
1069,1.2579353096953128e-06,0,0,train
1070,1.8725426116361632e-06,0,0,unlabeled
1071,7.336093403864652e-06,0,0,unlabeled
1072,3.0823225642961916e-06,0,0,unlabeled
1073,2.5932388325600186e-07,0,0,train
1074,2.6281568352715112e-06,0,0,unlabeled
1075,1.2704203982139006e-06,0,0,train
1076,9.982437404687516e-06,0,0,unlabeled
1077,2.0563975340337493e-05,0,0,unlabeled
1078,4.2573435621307e-07,0,0,unlabeled
1079,3.430643857882387e-07,0,0,unlabeled
1080,1.2370692274998873e-05,0,0,unlabeled
1081,0.9992194175720215,1,1,unlabeled
1082,0.9994513392448425,1,1,unlabeled
1083,2.3508241042691225e-07,0,0,unlabeled
1084,3.715610091603594e-06,0,0,train
1085,1.2797560344779413e-08,0,0,train
1086,7.2156190071837045e-06,0,0,unlabeled
1087,0.9827157258987427,1,1,unlabeled
1088,1.1212642903046799e-06,0,0,unlabeled
1089,1.1867456350955763e-08,0,0,unlabeled
1090,3.132956862827996e-07,0,0,unlabeled
1091,1.130178020503081e-06,0,0,unlabeled
1092,0.001794278621673584,0,0,unlabeled
1093,5.802820669487119e-05,0,0,unlabeled
1094,7.518748589063762e-06,0,0,unlabeled
1095,1.9829360553558217e-06,0,0,unlabeled
1096,2.9459164579748176e-05,0,0,unlabeled
1097,0.00010698974074330181,0,0,train
1098,0.0001227082684636116,0,0,unlabeled
1099,8.844761396176182e-06,0,0,train
1100,2.4850525733199902e-05,0,0,unlabeled
1101,4.924170866615896e-07,0,0,train
1102,2.577277427917579e-06,0,0,unlabeled
1103,8.415654883719981e-05,0,0,unlabeled
1104,7.253808220752944e-09,0,0,unlabeled
1105,3.5826305975206196e-06,0,0,unlabeled
1106,3.8354758657987986e-07,0,0,unlabeled
1107,0.9939345717430115,1,1,unlabeled
1108,0.00034916255390271544,0,0,unlabeled
1109,5.501971145349671e-07,0,0,unlabeled
1110,2.962128746730741e-05,0,0,val
1111,0.9991771578788757,1,1,unlabeled
1112,5.673971463693306e-05,0,0,unlabeled
1113,8.803827768133488e-06,0,0,unlabeled
1114,1.2227091872318852e-07,0,0,unlabeled
1115,4.459123829292366e-06,0,0,val
1116,1.5129462553886697e-06,0,0,unlabeled
1117,8.921991478949565e-10,0,0,unlabeled
1118,0.0002412877802271396,0,0,unlabeled
1119,1.4359888211856742e-07,0,0,unlabeled
1120,3.328953971504234e-05,0,0,unlabeled
1121,0.004065277054905891,0,0,unlabeled
1122,7.452210376568402e-11,0,0,unlabeled
1123,0.997958779335022,1,1,unlabeled
1124,2.0576880477296555e-10,0,0,unlabeled
1125,2.0069342099304777e-06,0,0,unlabeled
1126,1.4111184327703086e-06,0,0,unlabeled
1127,7.2766724770190194e-06,0,0,unlabeled
1128,2.0069342099304777e-06,0,0,unlabeled
1129,0.009203215129673481,0,0,unlabeled
1130,7.002731194916123e-08,0,0,unlabeled
1131,0.0020837916526943445,0,0,train
1132,4.297206487535732e-06,0,0,unlabeled
1133,2.2827734937891364e-06,0,0,unlabeled
1134,8.913340934668668e-06,0,0,unlabeled
1135,0.9964286684989929,1,1,unlabeled
1136,0.0007483834051527083,0,0,unlabeled
1137,2.735340785875451e-06,0,0,unlabeled
1138,4.5460742512659635e-06,0,0,unlabeled
1139,0.9989172220230103,1,1,unlabeled
1140,1.3079061318421736e-05,0,0,unlabeled
1141,1.9413418428371187e-08,0,0,unlabeled
1142,3.5084983665001346e-06,0,0,unlabeled
1143,3.3761975259949395e-07,0,0,unlabeled
1144,8.504233119310811e-05,0,0,unlabeled
1145,0.9971394538879395,1,1,unlabeled
1146,1.678928492765408e-05,0,0,unlabeled
1147,0.9990511536598206,1,1,unlabeled
1148,0.008194119669497013,0,0,train
1149,0.9930604696273804,1,1,unlabeled
1150,0.00029086045105941594,0,0,unlabeled
1151,9.653448387325625e-07,0,0,unlabeled
1152,7.53627715788241e-10,0,0,unlabeled
1153,4.8486512241652235e-05,0,0,unlabeled
1154,0.0005498516838997602,0,0,unlabeled
1155,5.917644898545404e-07,0,0,val
1156,0.00011630875815171748,0,0,unlabeled
1157,5.973160538751569e-17,0,0,unlabeled
1158,9.309038659921498e-07,0,0,unlabeled
1159,1.354056589075725e-10,0,0,unlabeled
1160,1.1209340122775302e-08,0,0,train
1161,0.9980713725090027,1,1,unlabeled
1162,9.714150337458705e-07,0,0,unlabeled
1163,1.354056589075725e-10,0,0,unlabeled
1164,7.018140308900911e-07,0,0,unlabeled
1165,7.002731194916123e-08,0,0,unlabeled
1166,3.5213677620049566e-05,0,0,train
1167,5.343587758943613e-07,0,0,unlabeled
1168,6.222189199434069e-07,0,0,unlabeled
1169,0.00027902756119146943,0,0,unlabeled
1170,0.0001069896316039376,0,0,unlabeled
1171,5.973160538751569e-17,0,0,unlabeled
1172,0.0001069896316039376,0,0,unlabeled
1173,1.5717857877461938e-06,0,0,unlabeled
1174,9.893943797578686e-07,0,0,unlabeled
1175,5.077894797977933e-07,0,0,unlabeled
1176,0.9963817596435547,1,1,unlabeled
1177,0.9979491829872131,1,1,unlabeled
1178,0.00027902756119146943,0,0,unlabeled
1179,3.2253868198495184e-07,0,0,unlabeled
1180,0.9977487921714783,1,1,unlabeled
1181,0.9975581169128418,1,1,unlabeled
1182,4.056905034133251e-09,0,0,unlabeled
1183,6.506414518270276e-09,0,0,unlabeled
1184,0.9993791580200195,1,1,unlabeled
1185,1.5058108147059102e-06,0,0,unlabeled
1186,0.0003916958812624216,0,0,unlabeled
1187,1.1980798262811732e-05,0,0,unlabeled
1188,0.007270669098943472,0,0,unlabeled
1189,1.669154769956549e-08,0,0,unlabeled
1190,2.495375838407199e-06,0,0,unlabeled
1191,3.9529268747173774e-07,0,0,train
1192,2.8842833899034304e-07,0,0,unlabeled
1193,8.168760359694716e-06,0,0,unlabeled
1194,0.9756858348846436,1,1,unlabeled
1195,0.9825848340988159,1,1,unlabeled
1196,0.0007249272894114256,0,0,train
1197,2.9642803838214604e-06,0,0,unlabeled
1198,1.212649658555165e-05,0,0,unlabeled
1199,4.508379061007872e-05,0,0,unlabeled
1200,8.740531143303087e-07,0,0,unlabeled
1201,2.6752659323392436e-06,0,0,train
1202,2.0913500264896356e-08,0,0,unlabeled
1203,0.998553454875946,1,1,unlabeled
1204,0.00034691125620156527,0,0,unlabeled
1205,0.9987201690673828,1,1,unlabeled
1206,7.002731194916123e-08,0,0,unlabeled
1207,4.056905034133251e-09,0,0,unlabeled
1208,0.00026536817313171923,0,0,val
1209,2.5456384378230723e-07,0,0,unlabeled
1210,9.039778774422302e-07,0,0,unlabeled
1211,7.269267143783509e-07,0,0,unlabeled
1212,3.725953092725831e-07,0,0,unlabeled
1213,6.20949762719647e-08,0,0,unlabeled
1214,8.205091148738575e-07,0,0,unlabeled
1215,0.9993669390678406,1,1,unlabeled
1216,0.00010334239050280303,0,0,unlabeled
1217,0.9991946816444397,1,1,unlabeled
1218,0.0005566218169406056,0,0,unlabeled
1219,1.4813417692494113e-07,0,0,unlabeled
1220,0.002572250086814165,0,0,unlabeled
1221,0.9986281394958496,1,1,train
1222,0.00013361098535824567,0,0,unlabeled
1223,1.9871402400895022e-05,0,0,train
1224,0.999051034450531,1,1,unlabeled
1225,2.9469315450114664e-06,0,0,unlabeled
1226,7.300849915736762e-07,0,0,unlabeled
1227,3.5187754292564932e-06,0,0,unlabeled
1228,1.0138263860426378e-05,0,0,unlabeled
1229,0.9569775462150574,1,1,unlabeled
1230,1.2527538046924747e-06,0,0,unlabeled
1231,4.848202661378309e-05,0,0,unlabeled
1232,0.18788093328475952,0,0,unlabeled
1233,0.9992392063140869,1,1,unlabeled
1234,8.066184165045343e-08,0,0,unlabeled
1235,0.9803901314735413,1,1,train
1236,2.1550638962253288e-07,0,0,unlabeled
1237,3.303575226709654e-07,0,0,unlabeled
1238,0.998897910118103,1,1,unlabeled
1239,3.0344370316015556e-05,0,0,unlabeled
1240,0.9983317255973816,1,1,train
1241,0.0005828758585266769,0,0,train
1242,0.9985664486885071,1,1,unlabeled
1243,0.9991462230682373,1,1,unlabeled
1244,0.010488547384738922,0,0,unlabeled
1245,1.535890987724997e-05,0,0,train
1246,4.064025063144072e-07,0,0,train
1247,0.0014596538385376334,0,0,unlabeled
1248,0.00027902756119146943,0,0,unlabeled
1249,7.470557079614082e-07,0,0,unlabeled
1250,0.9987735152244568,1,1,unlabeled
1251,0.992846667766571,1,1,unlabeled
1252,7.576790608254669e-07,0,0,unlabeled
1253,4.1855812149549365e-09,0,0,val
1254,6.275608939176891e-07,0,0,unlabeled
1255,1.646879077554786e-08,0,0,unlabeled
1256,0.9983433485031128,1,1,train
1257,2.4476594262523577e-06,0,0,train
1258,4.882776920567267e-07,0,0,unlabeled
1259,6.451870149248862e-07,0,0,unlabeled
1260,0.00023909912852104753,0,0,unlabeled
1261,3.3716736652422696e-05,0,0,train
1262,0.0007042247452773154,0,0,val
1263,1.975122358999215e-06,0,0,unlabeled
1264,8.70052281243261e-06,0,0,unlabeled
1265,2.6743127818917856e-05,0,0,unlabeled
1266,7.135942059477429e-09,0,0,unlabeled
1267,3.430643857882387e-07,0,0,unlabeled
1268,6.438361015170813e-05,0,0,unlabeled
1269,2.8874241252196953e-05,0,0,train
1270,0.9973535537719727,1,1,unlabeled
1271,1.5050662113935687e-05,0,0,train
1272,0.0002441452525090426,0,0,unlabeled
1273,0.013347196392714977,0,0,train
1274,4.5113884539205173e-07,0,0,unlabeled
1275,2.6631488125872238e-08,0,0,train
1276,2.6752659323392436e-06,0,0,unlabeled
1277,3.738395903951641e-08,0,0,train
1278,1.9031050442208652e-06,0,0,train
1279,0.9773201942443848,1,1,unlabeled
1280,3.672990658287745e-07,0,0,unlabeled
1281,6.996951560722664e-05,0,0,train
1282,2.846402082923305e-07,0,0,unlabeled
1283,0.019256800413131714,0,0,unlabeled
1284,6.020540581630485e-07,0,0,unlabeled
1285,4.3541112972889096e-05,0,0,unlabeled
1286,0.02426476776599884,0,0,unlabeled
1287,6.950348961254349e-06,0,0,train
1288,1.1961473944666068e-07,0,0,train
1289,0.0008054237114265561,0,0,unlabeled
1290,2.94509760578876e-07,0,0,unlabeled
1291,4.125134722698931e-08,0,0,unlabeled
1292,0.9994432330131531,1,1,unlabeled
1293,0.9993795156478882,1,1,unlabeled
1294,3.1449789616999624e-07,0,0,train
1295,0.0027652597054839134,0,0,train
1296,4.585934675560566e-06,0,0,unlabeled
1297,7.133706094464287e-05,0,0,train
1298,0.9987114667892456,1,1,unlabeled
1299,2.1930538982029013e-12,0,0,train
1300,4.424695418947522e-07,0,0,unlabeled
1301,0.997752845287323,1,1,train
1302,4.355712462711381e-06,0,0,train
1303,1.8764344531518873e-06,0,0,unlabeled
1304,0.9572036266326904,1,1,unlabeled
1305,0.9992258548736572,1,1,unlabeled
1306,0.9985541701316833,1,1,unlabeled
1307,0.000534160528331995,0,0,train
1308,0.9732292890548706,1,1,unlabeled
1309,1.568846187183226e-06,0,0,train
1310,8.862440381562919e-07,0,0,unlabeled
1311,0.0008635226404294372,0,0,unlabeled
1312,1.2227091872318852e-07,0,0,unlabeled
1313,2.0913500264896356e-08,0,0,unlabeled
1314,0.01546702440828085,0,0,unlabeled
1315,9.288368119086954e-07,0,0,train
1316,0.9959537982940674,1,1,train
1317,4.056717807543464e-05,0,0,unlabeled
1318,5.05064963363111e-06,0,0,train
1319,2.290023439854849e-05,0,0,train
1320,0.00031767922337166965,0,0,train
1321,0.9984918832778931,1,1,unlabeled
1322,1.0153328730666544e-05,0,0,unlabeled
1323,7.824964995961636e-06,0,0,unlabeled
1324,2.0913500264896356e-08,0,0,unlabeled
1325,5.144282226865471e-07,0,0,val
1326,5.0501917030487675e-06,0,0,unlabeled
1327,0.9981415271759033,1,1,train
1328,4.383626901471871e-07,0,0,unlabeled
1329,2.70200056773362e-10,0,0,unlabeled
1330,0.000515647407155484,0,0,unlabeled
1331,2.80276452713224e-07,0,0,unlabeled
1332,0.010979882441461086,0,0,unlabeled
1333,0.000242932015680708,0,0,unlabeled
1334,1.224728566739941e-05,0,0,unlabeled
1335,0.9986543655395508,1,1,val
1336,0.9992751479148865,1,1,unlabeled
1337,2.0913500264896356e-08,0,0,unlabeled
1338,9.356468488874725e-09,0,0,unlabeled
1339,2.6306344125259784e-07,0,0,unlabeled
1340,6.034549073774542e-07,0,0,unlabeled
1341,2.7829808459500782e-05,0,0,train
1342,9.373975444759708e-07,0,0,val
1343,2.520452881071833e-06,0,0,unlabeled
1344,0.9992402791976929,1,1,unlabeled
1345,8.815017054075724e-07,0,0,unlabeled
1346,2.5744009146677627e-09,0,0,train
1347,6.345089786918834e-06,0,0,train
1348,7.725609611952677e-05,0,0,unlabeled
1349,4.156896920903819e-06,0,0,unlabeled
1350,0.9979244470596313,1,1,unlabeled
1351,5.808662990602897e-07,0,0,unlabeled
1352,0.9993452429771423,1,1,unlabeled
1353,1.1536056945260498e-06,0,0,unlabeled
1354,0.9754713773727417,1,1,unlabeled
1355,2.631732609614801e-10,0,0,train
1356,0.00013050682900939137,0,0,unlabeled
1357,1.9942561380048573e-08,0,0,unlabeled
1358,1.3805749432549419e-08,0,0,train
1359,1.2056019841111265e-05,0,0,unlabeled
1360,2.0530874280666467e-06,0,0,unlabeled
1361,1.6005786918071863e-08,0,0,train
1362,2.6694156986195594e-05,0,0,unlabeled
1363,2.631732609614801e-10,0,0,unlabeled
1364,1.2227091872318852e-07,0,0,unlabeled
1365,9.765982440512744e-07,0,0,unlabeled
1366,4.0798916245421424e-08,0,0,unlabeled
1367,5.532741624847404e-07,0,0,unlabeled
1368,1.2986970432393719e-06,0,0,val
1369,2.007688408411923e-06,0,0,unlabeled
1370,0.9821738004684448,1,1,val
1371,0.00021632241259794682,0,0,unlabeled
1372,0.0003146292583551258,0,0,unlabeled
1373,0.9983786344528198,1,1,unlabeled
1374,6.157127359074366e-07,0,0,unlabeled
1375,9.913002259054338e-07,0,0,unlabeled
1376,8.101405342131329e-07,0,0,train
1377,9.036764095071703e-05,0,0,unlabeled
1378,0.9983718991279602,1,1,unlabeled
1379,4.287918272893876e-06,0,0,unlabeled
1380,2.4004078724715328e-08,0,0,unlabeled
1381,6.644061159022385e-06,0,0,unlabeled
1382,1.4005055390953203e-06,0,0,unlabeled
1383,0.012856791727244854,0,0,unlabeled
1384,3.871206910588398e-09,0,0,unlabeled
1385,0.9979118704795837,1,1,unlabeled
1386,1.5756619177409448e-05,0,0,unlabeled
1387,0.9871947169303894,1,1,unlabeled
1388,2.4309776414099815e-09,0,0,unlabeled
1389,9.61455612014106e-07,0,0,unlabeled
1390,1.1859319783980027e-06,0,0,unlabeled
1391,0.9984956979751587,1,1,train
1392,0.0004463472287170589,0,0,train
1393,0.00014194835966918617,0,0,unlabeled
1394,0.001211256254464388,0,0,unlabeled
1395,8.728879038244486e-06,0,0,unlabeled
1396,0.9859715104103088,1,1,unlabeled
1397,0.002036182675510645,0,0,unlabeled
1398,2.0545627194223925e-05,0,0,unlabeled
1399,3.0170679288232805e-09,0,0,unlabeled
1400,4.489625644055195e-05,0,0,unlabeled
1401,3.10318500851281e-05,0,0,train
1402,3.5995622056361753e-06,0,0,unlabeled
1403,0.9989944100379944,1,1,train
1404,0.006690571550279856,0,0,unlabeled
1405,1.455872933320279e-07,0,0,unlabeled
1406,1.3429681757770595e-06,0,0,unlabeled
1407,6.7233854679216165e-06,0,0,val
1408,2.686578737254308e-10,0,0,val
1409,2.0488029406351416e-07,0,0,unlabeled
1410,2.4309776414099815e-09,0,0,unlabeled
1411,0.0007997516659088433,0,0,unlabeled
1412,0.989134669303894,1,1,unlabeled
1413,0.0005800717626698315,0,0,unlabeled
1414,1.8129085219698027e-06,0,0,unlabeled
1415,5.299178269524418e-07,0,0,unlabeled
1416,0.9994352459907532,1,1,unlabeled
1417,1.6005786918071863e-08,0,0,unlabeled
1418,2.4077564830804477e-07,0,0,unlabeled
1419,4.85969792407559e-07,0,0,unlabeled
1420,2.9783877835143358e-05,0,0,unlabeled
1421,0.9579966068267822,1,1,train
1422,0.9977732300758362,1,1,unlabeled
1423,3.5621756069303956e-06,0,0,unlabeled
1424,7.197292006821954e-07,0,0,unlabeled
1425,3.616429239627905e-06,0,0,train
1426,9.407892207491386e-07,0,0,unlabeled
1427,0.00027902756119146943,0,0,train
1428,0.9977056384086609,1,1,unlabeled
1429,0.0002436334762023762,0,0,unlabeled
1430,8.280668595261886e-08,0,0,train
1431,0.00018389483739156276,0,0,unlabeled
1432,5.894469482826958e-13,0,0,unlabeled
1433,0.9996086955070496,1,1,unlabeled
1434,1.750136924272283e-08,0,0,val
1435,1.644792064325884e-05,0,0,unlabeled
1436,9.665137667980161e-07,0,0,unlabeled
1437,5.8495611483522225e-06,0,0,unlabeled
1438,0.9981014132499695,1,1,unlabeled
1439,0.9992032647132874,1,1,unlabeled
1440,8.145370316015033e-07,0,0,val
1441,7.352008105954155e-05,0,0,unlabeled
1442,4.8886054173635785e-06,0,0,unlabeled
1443,0.9862321019172668,1,1,unlabeled
1444,0.9966657757759094,1,1,unlabeled
1445,6.799370748922229e-05,0,0,unlabeled
1446,0.9991027116775513,1,1,unlabeled
1447,7.475453571714752e-07,0,0,unlabeled
1448,2.0069342099304777e-06,0,0,unlabeled
1449,0.00020331704581622034,0,0,unlabeled
1450,1.4036290849617217e-06,0,0,unlabeled
1451,7.839185514058045e-07,0,0,unlabeled
1452,7.002731194916123e-08,0,0,unlabeled
1453,1.8025043573288713e-06,0,0,train
1454,0.00027541458257474005,0,0,unlabeled
1455,7.912680644039938e-07,0,0,unlabeled
1456,0.9985225796699524,1,1,train
1457,3.242153923110891e-07,0,0,unlabeled
1458,9.532319381833076e-06,0,0,unlabeled
1459,2.1427187846256857e-07,0,0,train
1460,0.9766905903816223,1,1,unlabeled
1461,0.0014296718873083591,0,0,unlabeled
1462,1.9045719454879873e-06,0,0,unlabeled
1463,0.000514202518388629,0,0,unlabeled
1464,0.0013912612339481711,0,0,train
1465,1.9336668628966436e-05,0,0,unlabeled
1466,0.0003996308078058064,0,0,val
1467,8.134298695949838e-06,0,0,val
1468,9.12215455173282e-06,0,0,train
1469,4.836325784296491e-10,0,0,unlabeled
1470,1.6078744010883383e-05,0,0,unlabeled
1471,9.385815246787388e-06,0,0,unlabeled
1472,0.9901727437973022,1,1,unlabeled
1473,6.081315405026544e-06,0,0,train
1474,7.505563530685322e-07,0,0,train
1475,1.750136924272283e-08,0,0,unlabeled
1476,0.9995474219322205,1,1,train
1477,1.6911249986151233e-05,0,0,unlabeled
1478,0.998308539390564,1,1,unlabeled
1479,7.920073130662786e-08,0,0,unlabeled
1480,9.242811671583695e-08,0,0,unlabeled
1481,8.236521580329281e-07,0,0,unlabeled
1482,1.3988935279485304e-05,0,0,unlabeled
1483,5.709165634470992e-06,0,0,train
1484,0.9983510971069336,1,1,train
1485,1.3596929875347996e-06,0,0,unlabeled
1486,3.557504169293679e-05,0,0,unlabeled
1487,5.447946591630171e-07,0,0,unlabeled
1488,0.9933381080627441,1,1,unlabeled
1489,2.0436314684957324e-07,0,0,unlabeled
1490,1.9413418428371187e-08,0,0,train
1491,0.00013952160952612758,0,0,unlabeled
1492,2.0913500264896356e-08,0,0,unlabeled
1493,0.9931023120880127,1,1,unlabeled
1494,7.300028528334224e-07,0,0,unlabeled
1495,1.455872933320279e-07,0,0,train
1496,3.570973561295432e-08,0,0,unlabeled
1497,0.9627301096916199,1,1,unlabeled
1498,0.24474821984767914,0,0,train
1499,0.9989540576934814,1,1,train
1500,3.7823658658453496e-06,0,0,unlabeled
1501,2.130951315848506e-06,0,0,unlabeled
1502,1.25199858302949e-05,0,0,unlabeled
1503,0.00027902756119146943,0,0,train
1504,7.99347699143027e-09,0,0,unlabeled
1505,8.610347990156697e-09,0,0,unlabeled
1506,0.9977917671203613,1,1,val
1507,2.6926920781988883e-06,0,0,unlabeled
1508,0.9831796884536743,1,1,unlabeled
1509,0.0010882900096476078,0,0,unlabeled
1510,0.00017928848683368415,0,0,unlabeled
1511,8.86244833964156e-07,0,0,unlabeled
1512,0.9997054934501648,1,1,unlabeled
1513,3.64503353011969e-06,0,0,unlabeled
1514,7.820032692507084e-07,0,0,unlabeled
1515,7.145846029743552e-05,0,0,unlabeled
1516,0.9933038353919983,1,1,val
1517,0.9960426092147827,1,1,train
1518,2.055885488516651e-06,0,0,unlabeled
1519,0.9923386573791504,1,1,train
1520,1.2884619536635e-05,0,0,unlabeled
1521,9.702201168693136e-06,0,0,val
1522,6.20949762719647e-08,0,0,unlabeled
1523,4.8923038065140645e-08,0,0,unlabeled
1524,0.9977468848228455,1,1,unlabeled
1525,2.8199901862535626e-05,0,0,unlabeled
1526,0.004411675035953522,0,0,unlabeled
1527,0.0005107253091409802,0,0,unlabeled
1528,2.371906004938751e-10,0,0,train
1529,2.0913500264896356e-08,0,0,unlabeled
1530,0.0001311554224230349,0,0,unlabeled
1531,4.147160325373989e-06,0,0,unlabeled
1532,0.9984534978866577,1,1,unlabeled
1533,7.780317901051603e-08,0,0,unlabeled
1534,0.002078751567751169,0,0,unlabeled
1535,9.356468488874725e-09,0,0,unlabeled
1536,8.192971290554851e-05,0,0,unlabeled
1537,4.6346139015440713e-07,0,0,unlabeled
1538,0.9955822825431824,1,0,unlabeled
1539,9.64558921623393e-07,0,0,unlabeled
1540,5.200423856877023e-06,0,0,unlabeled
1541,7.529789058935421e-07,0,0,unlabeled
1542,1.2631139725272078e-06,0,0,unlabeled
1543,2.3903533019620227e-06,0,0,unlabeled
1544,0.006255820393562317,0,0,unlabeled
1545,0.00020806831889785826,0,0,unlabeled
1546,2.5744009146677627e-09,0,0,unlabeled
1547,5.783038886875147e-06,0,0,unlabeled
1548,3.8419148040702567e-07,0,0,unlabeled
1549,6.506414518270276e-09,0,0,unlabeled
1550,1.9890917428710964e-06,0,0,val
1551,1.1646411621768493e-06,0,0,unlabeled
1552,0.9979107975959778,1,1,unlabeled
1553,4.056905034133251e-09,0,0,train
1554,2.5750258814127847e-08,0,0,unlabeled
1555,1.0084893631301384e-07,0,0,unlabeled
1556,9.501966502512005e-08,0,0,unlabeled
1557,8.86244833964156e-07,0,0,unlabeled
1558,1.9413418428371187e-08,0,0,unlabeled
1559,8.973032095127564e-07,0,0,unlabeled
1560,4.2733481677714735e-06,0,0,unlabeled
1561,3.20563735556334e-08,0,0,unlabeled
1562,0.9968497157096863,1,1,val
1563,0.0008609863580204546,0,0,val
1564,0.0005592533852905035,0,0,unlabeled
1565,1.02886713193584e-06,0,0,unlabeled
1566,0.031392112374305725,0,0,unlabeled
1567,8.11236191111675e-07,0,0,unlabeled
1568,0.996778666973114,1,1,unlabeled
1569,0.0009523667977191508,0,0,unlabeled
1570,4.4727119529852644e-05,0,0,train
1571,0.00027167267398908734,0,0,unlabeled
1572,0.0031302510760724545,0,0,train
1573,8.610347990156697e-09,0,0,unlabeled
1574,0.9893732666969299,1,1,train
1575,2.8178905267850496e-05,0,0,val
1576,5.929552116867853e-06,0,0,unlabeled
1577,3.3063835758184723e-07,0,0,unlabeled
1578,3.485312845441513e-05,0,0,unlabeled
1579,4.702335445472272e-06,0,0,unlabeled
1580,0.9994268417358398,1,1,unlabeled
1581,5.253205927147064e-06,0,0,unlabeled
1582,0.9980238676071167,1,1,unlabeled
1583,0.00064965954516083,0,0,unlabeled
1584,1.1186751862624078e-06,0,0,unlabeled
1585,0.9988186955451965,1,1,unlabeled
1586,2.2717383529879953e-11,0,0,unlabeled
1587,4.444286332727643e-06,0,0,unlabeled
1588,5.973160538751569e-17,0,0,unlabeled
1589,1.0768597036303618e-07,0,0,unlabeled
1590,0.9935857653617859,1,0,unlabeled
1591,0.9973236322402954,1,1,unlabeled
1592,0.9972803592681885,1,1,val
1593,4.836325784296491e-10,0,0,unlabeled
1594,2.1795055999973556e-06,0,0,train
1595,1.0486264727660455e-06,0,0,unlabeled
1596,0.000327369780279696,0,0,unlabeled
1597,0.0005567054031416774,0,0,unlabeled
1598,0.9977284073829651,1,1,unlabeled
1599,1.7812617443269119e-06,0,0,train
1600,3.730267417267896e-05,0,0,unlabeled
1601,2.7773254259955138e-05,0,0,unlabeled
1602,0.9996784925460815,1,1,unlabeled
1603,5.6155837313554e-08,0,0,unlabeled
1604,0.9993414282798767,1,1,unlabeled
1605,0.9994627833366394,1,1,unlabeled
1606,5.143666840012884e-06,0,0,unlabeled
1607,2.516491974802193e-07,0,0,unlabeled
1608,4.309757059672847e-06,0,0,train
1609,1.3723033589485567e-06,0,0,unlabeled
1610,1.2083575029464555e-06,0,0,unlabeled
1611,3.194541568518616e-05,0,0,unlabeled
1612,5.583103757089702e-09,0,0,unlabeled
1613,4.347137291915715e-05,0,0,unlabeled
1614,0.9962454438209534,1,1,train
1615,1.3342295801521686e-07,0,0,unlabeled
1616,3.20563735556334e-08,0,0,unlabeled
1617,1.5308680303860456e-05,0,0,train
1618,5.0240363634657115e-05,0,0,unlabeled
1619,7.658742106286809e-05,0,0,train
1620,1.6119578560847003e-07,0,0,unlabeled
1621,0.997245192527771,1,1,unlabeled
1622,0.0003966249350924045,0,0,unlabeled
1623,7.135956270332144e-09,0,0,unlabeled
1624,8.08845129540714e-07,0,0,unlabeled
1625,5.085933480586391e-06,0,0,train
1626,4.563205948215909e-06,0,0,unlabeled
1627,7.002731194916123e-08,0,0,unlabeled
1628,3.603337063395884e-06,0,0,unlabeled
1629,2.9337159048736794e-06,0,0,unlabeled
1630,1.3402531067185919e-06,0,0,unlabeled
1631,8.449804340671108e-07,0,0,unlabeled
1632,7.213688513729721e-05,0,0,unlabeled
1633,8.852043720253278e-06,0,0,unlabeled
1634,0.0004238784604240209,0,0,unlabeled
1635,0.9834011197090149,1,1,unlabeled
1636,8.793421670816315e-07,0,0,unlabeled
1637,4.836325784296491e-10,0,0,train
1638,1.0113305158598873e-11,0,0,unlabeled
1639,0.9991472959518433,1,1,train
1640,7.658742106286809e-05,0,0,train
1641,3.864042355417041e-06,0,0,unlabeled
1642,2.4343868062715046e-05,0,0,train
1643,0.0003409890050534159,0,0,unlabeled
1644,2.870796489418126e-09,0,0,unlabeled
1645,5.679428068106063e-05,0,0,train
1646,1.750136924272283e-08,0,0,val
1647,2.441157903376734e-06,0,0,train
1648,1.3826989743392915e-05,0,0,train
1649,3.734476763384009e-07,0,0,unlabeled
1650,0.9977941513061523,1,1,unlabeled
1651,1.958018219738733e-05,0,0,unlabeled
1652,0.9991666078567505,1,1,unlabeled
1653,0.0011153770610690117,0,0,unlabeled
1654,1.5693564137109206e-07,0,0,unlabeled
1655,0.9996528625488281,1,1,unlabeled
1656,1.6061389374044666e-07,0,0,train
1657,2.6649779272247542e-08,0,0,unlabeled
1658,0.0003836507676169276,0,0,val
1659,9.646484613767825e-06,0,0,unlabeled
1660,4.899872692476492e-06,0,0,unlabeled
1661,0.9933957457542419,1,1,unlabeled
1662,7.658742106286809e-05,0,0,unlabeled
1663,2.1917762751400005e-06,0,0,unlabeled
1664,4.836325784296491e-10,0,0,val
1665,8.813999308188158e-09,0,0,unlabeled
1666,6.525295361825556e-07,0,0,unlabeled
1667,7.572162303404184e-06,0,0,unlabeled
1668,0.9952211976051331,1,1,unlabeled
1669,1.5006890862423461e-05,0,0,val
1670,6.9087677729839925e-06,0,0,unlabeled
1671,5.141852398082847e-06,0,0,unlabeled
1672,8.205091148738575e-07,0,0,unlabeled
1673,8.992212201519578e-07,0,0,unlabeled
1674,0.9969981908798218,1,1,unlabeled
1675,0.9988920092582703,1,1,unlabeled
1676,3.968908458773512e-06,0,0,unlabeled
1677,0.9996047616004944,1,1,unlabeled
1678,6.034152733036535e-08,0,0,unlabeled
1679,7.504554560000543e-07,0,0,train
1680,0.9992563128471375,1,1,unlabeled
1681,8.86244833964156e-07,0,0,unlabeled
1682,0.7587279677391052,1,1,unlabeled
1683,0.9989979863166809,1,1,unlabeled
1684,0.0001600663090357557,0,0,unlabeled
1685,7.405959422612796e-06,0,0,unlabeled
1686,4.666166933020577e-05,0,0,unlabeled
1687,0.9983763694763184,1,1,unlabeled
1688,8.62463639350608e-06,0,0,unlabeled
1689,6.20949762719647e-08,0,0,train
1690,5.878305273654405e-06,0,0,unlabeled
1691,3.7752699881821172e-06,0,0,unlabeled
1692,2.049040631391108e-06,0,0,unlabeled
1693,2.765223143796902e-07,0,0,unlabeled
1694,5.468543662345837e-08,0,0,unlabeled
1695,0.0003996308078058064,0,0,unlabeled
1696,1.926313416333869e-06,0,0,unlabeled
1697,0.983994722366333,1,0,unlabeled
1698,6.363975444401149e-07,0,0,unlabeled
1699,2.7807357128040167e-06,0,0,unlabeled
1700,0.9866977334022522,1,1,unlabeled
1701,0.996929943561554,1,1,unlabeled
1702,0.998763918876648,1,1,unlabeled
1703,0.00010086604743264616,0,0,unlabeled
1704,0.00281623681075871,0,0,unlabeled
1705,0.9991987347602844,1,1,unlabeled
1706,1.354056589075725e-10,0,0,unlabeled
1707,2.2175001959112706e-06,0,0,unlabeled
1708,3.5728001535062504e-07,0,0,unlabeled
1709,0.0001262910373043269,0,0,unlabeled
1710,4.334818640927551e-06,0,0,unlabeled
1711,4.90726222324156e-07,0,0,train
1712,1.3524751011573244e-05,0,0,unlabeled
1713,2.9787643143208697e-06,0,0,train
1714,3.767181624425575e-07,0,0,train
1715,1.2785774288204266e-06,0,0,train
1716,0.9985530972480774,1,1,train
1717,9.813317092266516e-07,0,0,train
1718,2.5744864728949324e-07,0,0,unlabeled
1719,1.7344192428936367e-06,0,0,unlabeled
1720,8.700579314790957e-07,0,0,unlabeled
1721,6.509418655140098e-13,0,0,unlabeled
1722,9.529210728942417e-06,0,0,unlabeled
1723,3.570973561295432e-08,0,0,unlabeled
1724,1.2201313381865475e-07,0,0,unlabeled
1725,4.3493532757565845e-06,0,0,train
1726,8.2227292296011e-05,0,0,unlabeled
1727,0.0006052531534805894,0,0,train
1728,2.0913500264896356e-08,0,0,unlabeled
1729,0.9963233470916748,1,1,train
1730,1.7636251925523538e-07,0,0,unlabeled
1731,2.19635444409505e-06,0,0,unlabeled
1732,2.1533783183258492e-06,0,0,unlabeled
1733,1.102257328966516e-06,0,0,unlabeled
1734,2.564664214332879e-08,0,0,unlabeled
1735,0.99549400806427,1,1,unlabeled
1736,3.197861246917455e-07,0,0,unlabeled
1737,0.9979828596115112,1,1,unlabeled
1738,4.270472709322348e-05,0,0,train
1739,1.176670583191708e-08,0,0,unlabeled
1740,0.9972301125526428,1,1,train
1741,4.78401261716499e-07,0,0,unlabeled
1742,0.0005567054031416774,0,0,unlabeled
1743,5.116501142765628e-07,0,0,unlabeled
1744,1.6210903197588777e-07,0,0,unlabeled
1745,6.938071228645981e-10,0,0,unlabeled
1746,1.260632132016326e-07,0,0,train
1747,4.3302307517478766e-07,0,0,unlabeled
1748,4.169710905443935e-07,0,0,val
1749,0.9993517994880676,1,1,val
1750,9.786886039364617e-07,0,0,unlabeled
1751,1.634149271012575e-06,0,0,unlabeled
1752,4.784017733072687e-07,0,0,val
1753,2.203807071055053e-06,0,0,val
1754,0.000378734985133633,0,0,train
1755,3.09799560227475e-07,0,0,unlabeled
1756,2.208163459727075e-05,0,0,unlabeled
1757,2.5399231162737124e-06,0,0,val
1758,1.0956871392409084e-06,0,0,unlabeled
1759,4.841471763938898e-06,0,0,train
1760,0.0016101335640996695,0,0,unlabeled
1761,7.686961822628291e-08,0,0,val
1762,1.6116335643800994e-07,0,0,unlabeled
1763,0.9975394010543823,1,1,unlabeled
1764,8.404545042139944e-06,0,0,unlabeled
1765,0.9991908669471741,1,1,unlabeled
1766,1.1390483450668398e-05,0,0,unlabeled
1767,2.7080377549282275e-06,0,0,unlabeled
1768,1.1089283589171828e-06,0,0,train
1769,0.9988883137702942,1,1,unlabeled
1770,0.9992509484291077,1,1,unlabeled
1771,1.3692541870113928e-05,0,0,train
1772,0.0003146226517856121,0,0,train
1773,1.2812678917839548e-08,0,0,unlabeled
1774,3.003782467203564e-06,0,0,unlabeled
1775,0.0008635226404294372,0,0,unlabeled
1776,4.133703441766556e-06,0,0,train
1777,2.0962428948223533e-07,0,0,train
1778,0.000514202518388629,0,0,unlabeled
1779,5.497963684319984e-07,0,0,unlabeled
1780,3.836181095007163e-10,0,0,val
1781,7.84765395028808e-12,0,0,val
1782,5.343587758943613e-07,0,0,unlabeled
1783,2.7561948172660777e-06,0,0,unlabeled
1784,2.1256582272144442e-08,0,0,unlabeled
1785,2.872383674912271e-06,0,0,unlabeled
1786,0.020502407103776932,0,0,unlabeled
1787,1.8500369378671166e-06,0,0,unlabeled
1788,4.9888380999618676e-06,0,0,unlabeled
1789,0.9969931840896606,1,1,unlabeled
1790,3.0170679288232805e-09,0,0,train
1791,6.282283266045852e-06,0,0,unlabeled
1792,1.1816600817837752e-06,0,0,unlabeled
1793,3.570973561295432e-08,0,0,unlabeled
1794,0.9989734888076782,1,1,unlabeled
1795,0.9952983260154724,1,1,unlabeled
1796,2.0266659248591168e-06,0,0,unlabeled
1797,6.976686108828289e-07,0,0,unlabeled
1798,0.00026625109603628516,0,0,unlabeled
1799,0.0007012088317424059,0,0,unlabeled
1800,0.0014609512872993946,0,0,unlabeled
1801,0.00027478038100525737,0,0,unlabeled
1802,0.00027902756119146943,0,0,unlabeled
1803,0.9977535605430603,1,1,train
1804,8.516377079104132e-07,0,0,unlabeled
1805,3.2249051855615107e-06,0,0,val
1806,5.225110726314597e-06,0,0,val
1807,5.391176500779693e-07,0,0,val
1808,4.512227746999997e-07,0,0,unlabeled
1809,4.588482261169702e-05,0,0,train
1810,3.4289232075934706e-07,0,0,unlabeled
1811,7.1763788582757115e-06,0,0,unlabeled
1812,0.001693290425464511,0,0,unlabeled
1813,5.583103757089702e-09,0,0,unlabeled
1814,1.1648521649476606e-06,0,0,unlabeled
1815,0.0006847443291917443,0,0,unlabeled
1816,5.848758064530557e-07,0,0,unlabeled
1817,1.6265772728729644e-07,0,0,unlabeled
1818,5.400119675869064e-07,0,0,unlabeled
1819,2.6135776352020912e-05,0,0,unlabeled
1820,6.870088782306993e-07,0,0,train
1821,1.3228851685198606e-06,0,0,unlabeled
1822,4.13969200963038e-06,0,0,train
1823,9.086253157875035e-06,0,0,unlabeled
1824,1.3245562513475306e-07,0,0,unlabeled
1825,0.9942359328269958,1,1,unlabeled
1826,0.9962474703788757,1,1,unlabeled
1827,0.9929139614105225,1,1,unlabeled
1828,0.989835798740387,1,1,unlabeled
1829,1.9640552636701614e-05,0,0,unlabeled
1830,5.556549240282038e-06,0,0,unlabeled
1831,8.616229507651951e-09,0,0,unlabeled
1832,0.999098539352417,1,1,unlabeled
1833,0.9992590546607971,1,1,train
1834,0.9669185280799866,1,1,unlabeled
1835,3.6988587908126647e-06,0,0,unlabeled
1836,2.0703448626591126e-06,0,0,unlabeled
1837,0.0003996310115326196,0,0,unlabeled
1838,0.9990973472595215,1,1,unlabeled
1839,7.53627715788241e-10,0,0,unlabeled
1840,8.609137694293167e-06,0,0,unlabeled
1841,0.9986026883125305,1,1,train
1842,2.9442062441376038e-05,0,0,unlabeled
1843,0.9959115982055664,1,1,train
1844,0.0017229215009137988,0,0,unlabeled
1845,1.3391041875365772e-07,0,0,val
1846,1.0402740002746214e-07,0,0,unlabeled
1847,0.9834011197090149,1,1,unlabeled
1848,0.9995085000991821,1,1,unlabeled
1849,5.040491942054359e-06,0,0,unlabeled
1850,0.9992249011993408,1,1,train
1851,7.53627715788241e-10,0,0,train
1852,1.6579608200117946e-05,0,0,unlabeled
1853,3.027959962764726e-07,0,0,unlabeled
1854,0.9973236322402954,1,1,unlabeled
1855,3.2682385153748328e-06,0,0,unlabeled
1856,3.5084983665001346e-06,0,0,train
1857,1.354056589075725e-10,0,0,train
1858,1.288285460532279e-07,0,0,train
1859,2.0913500264896356e-08,0,0,unlabeled
1860,0.9982036352157593,1,1,train
1861,0.00017216675041709095,0,0,unlabeled
1862,4.125134722698931e-08,0,0,unlabeled
1863,4.547135858956608e-07,0,0,unlabeled
1864,1.4813417692494113e-07,0,0,unlabeled
1865,0.0008086058660410345,0,0,unlabeled
1866,0.00010745372128440067,0,0,unlabeled
1867,7.658742106286809e-05,0,0,unlabeled
1868,0.9991481304168701,1,1,unlabeled
1869,7.145846029743552e-05,0,0,unlabeled
1870,0.0007923077209852636,0,0,unlabeled
1871,7.18002556823194e-05,0,0,unlabeled
1872,0.9977285265922546,1,1,unlabeled
1873,2.448252644171589e-06,0,0,train
1874,1.431804685125826e-05,0,0,train
1875,2.1256582272144442e-08,0,0,unlabeled
1876,3.616429239627905e-06,0,0,unlabeled
1877,4.0859939076653973e-07,0,0,unlabeled
1878,6.20949762719647e-08,0,0,unlabeled
1879,4.056905034133251e-09,0,0,train
1880,3.4924146348203067e-06,0,0,unlabeled
1881,0.9761745929718018,1,1,unlabeled
1882,0.9990794658660889,1,1,unlabeled
1883,0.0001262910373043269,0,0,train
1884,1.3846525916960672e-06,0,0,unlabeled
1885,2.3725797291263007e-05,0,0,train
1886,1.2663149391300976e-06,0,0,unlabeled
1887,0.9834011197090149,1,1,unlabeled
1888,0.9980379939079285,1,1,unlabeled
1889,1.236882872035494e-05,0,0,unlabeled
1890,0.9978823065757751,1,0,train
1891,1.2708125041172025e-07,0,0,train
1892,0.9930686950683594,1,1,unlabeled
1893,0.9977825284004211,1,1,val
1894,4.321334017731715e-06,0,0,unlabeled
1895,3.856061539408984e-06,0,0,unlabeled
1896,3.3821700071712257e-06,0,0,unlabeled
1897,0.9990968704223633,1,1,unlabeled
1898,0.9984477758407593,1,1,unlabeled
1899,1.8083928807755e-06,0,0,unlabeled
1900,1.7829102034738753e-06,0,0,unlabeled
1901,4.769134989146551e-07,0,0,unlabeled
1902,0.9980818033218384,1,1,unlabeled
1903,1.482458401369513e-06,0,0,unlabeled
1904,0.9991238713264465,1,1,unlabeled
1905,4.836325784296491e-10,0,0,unlabeled
1906,2.5678289716779545e-07,0,0,unlabeled
1907,7.407756470456661e-07,0,0,unlabeled
1908,8.427929856225091e-07,0,0,unlabeled
1909,0.00022945353703107685,0,0,unlabeled
1910,0.9970453381538391,1,1,train
1911,0.9987157583236694,1,1,unlabeled
1912,1.1374768291716464e-06,0,0,unlabeled
1913,1.0323163479597497e-07,0,0,unlabeled
1914,0.9965910911560059,1,1,unlabeled
1915,1.3319207425865898e-07,0,0,unlabeled
1916,0.9935603141784668,1,1,unlabeled
1917,7.463428914888937e-07,0,0,unlabeled
1918,2.148581330629895e-07,0,0,unlabeled
1919,0.00027902756119146943,0,0,train
1920,0.002965443069115281,0,0,unlabeled
1921,4.056905034133251e-09,0,0,train
1922,1.0831784493348096e-05,0,0,unlabeled
1923,0.9795607924461365,1,1,unlabeled
1924,9.309038659921498e-07,0,0,unlabeled
1925,6.22904917690903e-05,0,0,unlabeled
1926,0.9985436201095581,1,1,unlabeled
1927,6.020540581630485e-07,0,0,unlabeled
1928,0.00010698974074330181,0,0,unlabeled
1929,1.4354508493852336e-05,0,0,unlabeled
1930,2.5456384378230723e-07,0,0,unlabeled
1931,1.184628672490362e-06,0,0,unlabeled
1932,0.2345234602689743,0,0,train
1933,2.105785597450449e-06,0,0,train
1934,1.3112669876136351e-05,0,0,unlabeled
1935,0.983414351940155,1,1,unlabeled
1936,0.9994156360626221,1,1,unlabeled
1937,3.838695647573331e-06,0,0,unlabeled
1938,7.119282599887811e-06,0,0,unlabeled
1939,0.9981576800346375,1,1,train
1940,1.4981334288677317e-06,0,0,unlabeled
1941,2.89934064312547e-06,0,0,unlabeled
1942,0.0008047731826081872,0,0,unlabeled
1943,2.5984547846746864e-06,0,0,unlabeled
1944,1.6367757780244574e-05,0,0,unlabeled
1945,0.017508171498775482,0,0,train
1946,2.9410699653453776e-07,0,0,unlabeled
1947,0.000926370732486248,0,0,unlabeled
1948,1.2843142940255348e-05,0,0,unlabeled
1949,0.0001334832631982863,0,0,train
1950,0.9996953010559082,1,1,unlabeled
1951,3.061423512917827e-06,0,0,train
1952,6.447781743190717e-06,0,0,unlabeled
1953,3.4209156183351297e-06,0,0,train
1954,8.986958164314274e-06,0,0,train
1955,2.987276047861087e-06,0,0,unlabeled
1956,0.9985289573669434,1,1,unlabeled
1957,2.7365770094434083e-08,0,0,unlabeled
1958,0.0002495409280527383,0,0,unlabeled
1959,0.9991626739501953,1,1,unlabeled
1960,1.1095473382738419e-05,0,0,train
1961,2.5750276108738035e-05,0,0,unlabeled
1962,1.5400109987240285e-06,0,0,unlabeled
1963,0.9734132885932922,1,1,unlabeled
1964,3.7100136978551745e-05,0,0,val
1965,1.1199123264304944e-06,0,0,unlabeled
1966,9.230810178451065e-07,0,0,unlabeled
1967,2.8711599497910356e-07,0,0,unlabeled
1968,3.452844055118476e-08,0,0,unlabeled
1969,2.009518902923446e-05,0,0,unlabeled
1970,3.053807517972018e-07,0,0,train
1971,2.4532914721930865e-06,0,0,unlabeled
1972,1.9306431568111293e-05,0,0,unlabeled
1973,0.9960169196128845,1,1,unlabeled
1974,1.2201313381865475e-07,0,0,train
1975,0.9869171380996704,1,1,unlabeled
1976,3.1832377089813235e-07,0,0,unlabeled
1977,2.366403577980236e-06,0,0,unlabeled
1978,0.00027902756119146943,0,0,unlabeled
1979,1.4041472695680568e-06,0,0,unlabeled
1980,5.474985755427042e-06,0,0,unlabeled
1981,1.531100133433938e-05,0,0,unlabeled
1982,0.0003996308078058064,0,0,unlabeled
1983,0.002120331162586808,0,0,unlabeled
1984,0.017819296568632126,0,0,unlabeled
1985,1.1022584658348933e-06,0,0,unlabeled
1986,3.570966811139442e-08,0,0,unlabeled
1987,0.9710673689842224,1,1,unlabeled
1988,6.150841613816738e-07,0,0,unlabeled
1989,2.1703679919937713e-07,0,0,unlabeled
1990,6.495158686448121e-07,0,0,unlabeled
1991,0.9976188540458679,1,1,train
1992,9.094278505445991e-15,0,0,val
1993,0.998076319694519,1,1,train
1994,0.9887258410453796,1,1,unlabeled
1995,0.0004889120464213192,0,0,unlabeled
1996,2.0436314684957324e-07,0,0,val
1997,3.535614268912468e-06,0,0,unlabeled
1998,7.414524134219391e-06,0,0,unlabeled
1999,1.5419228702739929e-06,0,0,unlabeled
2000,1.2855045383730612e-07,0,0,unlabeled
2001,0.008043262176215649,0,0,unlabeled
2002,0.9946570992469788,1,1,unlabeled
2003,9.855465350483428e-07,0,0,unlabeled
2004,4.699932560470188e-06,0,0,unlabeled
2005,1.1736400438167038e-06,0,0,unlabeled
2006,0.0001262910373043269,0,0,unlabeled
2007,6.076416411815444e-06,0,0,unlabeled
2008,0.9971714615821838,1,1,unlabeled
2009,0.9987213015556335,1,1,unlabeled
2010,1.4515904695144854e-05,0,0,train
2011,3.837458280031569e-06,0,0,unlabeled
2012,6.083907919673948e-06,0,0,val
2013,3.2556895348534454e-06,0,0,unlabeled
2014,0.9990969896316528,1,1,unlabeled
2015,0.998211145401001,1,1,train
2016,7.168322326833731e-07,0,0,unlabeled
2017,0.00019917571626137942,0,0,unlabeled
2018,0.998801589012146,1,1,unlabeled
2019,1.80475282718362e-07,0,0,unlabeled
2020,0.9984532594680786,1,1,train
2021,4.2983808157259773e-07,0,0,unlabeled
2022,0.9985622763633728,1,1,unlabeled
2023,0.0018533053807914257,0,0,unlabeled
2024,0.0010882900096476078,0,0,val
2025,0.0005915862857364118,0,0,train
2026,5.581191089731874e-06,0,0,train
2027,0.9992183446884155,1,1,val
2028,2.3146922103478573e-06,0,0,val
2029,0.9991705417633057,1,1,unlabeled
2030,5.54616190129309e-06,0,0,unlabeled
2031,8.610347990156697e-09,0,0,unlabeled
2032,2.6833429274120135e-06,0,0,unlabeled
2033,1.1784055686803185e-06,0,0,unlabeled
2034,0.00027902756119146943,0,0,train
2035,1.0253037316942937e-06,0,0,unlabeled
2036,0.9986609220504761,1,1,unlabeled
2037,2.0436314684957324e-07,0,0,unlabeled
2038,1.6061389374044666e-07,0,0,unlabeled
2039,0.99925297498703,1,1,unlabeled
2040,5.208084257901646e-05,0,0,unlabeled
2041,0.9988303780555725,1,1,train
2042,1.2812678917839548e-08,0,0,unlabeled
2043,0.9974129796028137,1,1,unlabeled
2044,0.0003469964722171426,0,0,unlabeled
2045,1.054491713148309e-05,0,0,unlabeled
2046,0.9968472123146057,1,1,unlabeled
2047,5.400119675869064e-07,0,0,unlabeled
2048,1.669154769956549e-08,0,0,train
2049,2.3927502752485452e-06,0,0,unlabeled
2050,0.00027902756119146943,0,0,val
2051,4.1311908717034385e-05,0,0,unlabeled
2052,0.0006397624965757132,0,0,unlabeled
2053,8.90197406988591e-06,0,0,unlabeled
2054,6.285461608968035e-07,0,0,unlabeled
2055,0.9855515956878662,1,1,val
2056,2.8581863542598285e-09,0,0,unlabeled
2057,1.2111148862459231e-05,0,0,unlabeled
2058,0.00472189299762249,0,0,unlabeled
2059,0.9992183446884155,1,1,unlabeled
2060,0.9948601722717285,1,1,val
2061,4.200386132663381e-12,0,0,unlabeled
2062,1.669154769956549e-08,0,0,train
2063,0.9984678626060486,1,1,train
2064,1.2050109035044443e-06,0,0,unlabeled
2065,0.9993471503257751,1,1,unlabeled
2066,0.9981585144996643,1,1,unlabeled
2067,3.4421401551298914e-07,0,0,unlabeled
2068,0.9964333772659302,1,1,unlabeled
2069,9.501966502512005e-08,0,0,unlabeled
2070,0.0030150339007377625,0,0,unlabeled
2071,9.523634424211513e-15,0,0,unlabeled
2072,2.870796489418126e-09,0,0,train
2073,7.761944971207413e-07,0,0,train
2074,5.291120942274574e-06,0,0,unlabeled
2075,0.0004182385455351323,0,0,unlabeled
2076,1.1571812592592323e-06,0,0,unlabeled
2077,0.0023901478853076696,0,0,unlabeled
2078,0.9988356232643127,1,1,train
2079,4.7117893586801074e-07,0,0,unlabeled
2080,1.7370942373418075e-07,0,0,train
2081,0.9993115663528442,1,1,unlabeled
2082,2.0436314684957324e-07,0,0,unlabeled
2083,0.9984439015388489,1,1,unlabeled
2084,1.1881308637384791e-05,0,0,unlabeled
2085,6.6164798226964194e-06,0,0,unlabeled
2086,0.0017222334863618016,0,0,unlabeled
2087,7.002731194916123e-08,0,0,unlabeled
2088,8.783877092355397e-08,0,0,train
2089,7.790193194523454e-06,0,0,unlabeled
2090,1.9786084521911107e-06,0,0,unlabeled
2091,0.9976689219474792,1,1,unlabeled
2092,0.9989849925041199,1,1,unlabeled
2093,0.9947199821472168,1,1,train
2094,0.9943718910217285,1,1,unlabeled
2095,6.20949762719647e-08,0,0,train
2096,8.610347990156697e-09,0,0,unlabeled
2097,0.9651314616203308,1,1,unlabeled
2098,1.8311584426555783e-06,0,0,unlabeled
2099,4.6808278852950025e-07,0,0,unlabeled
2100,0.0001262910373043269,0,0,train
2101,9.274283365812153e-05,0,0,val
2102,2.302854369418128e-07,0,0,val
2103,0.9973255395889282,1,1,unlabeled
2104,4.321334017731715e-06,0,0,val
2105,0.00033456648816354573,0,0,unlabeled
2106,8.071068009485316e-07,0,0,unlabeled
2107,0.9963567852973938,1,1,unlabeled
2108,0.9981067180633545,1,1,unlabeled
2109,1.6005786918071863e-08,0,0,unlabeled
2110,0.9985017776489258,1,1,unlabeled
2111,4.807173536391929e-05,0,0,unlabeled
2112,7.53627715788241e-10,0,0,train
2113,9.918547760889851e-08,0,0,unlabeled
2114,2.2454936697613448e-05,0,0,unlabeled
2115,6.090911108813657e-10,0,0,unlabeled
2116,0.9987295269966125,1,1,train
2117,0.9990637898445129,1,1,unlabeled
2118,1.8109851680492284e-06,0,0,unlabeled
2119,3.275235940236598e-05,0,0,unlabeled
2120,8.371328021894442e-07,0,0,unlabeled
2121,1.750136924272283e-08,0,0,unlabeled
2122,8.466678877994127e-07,0,0,unlabeled
2123,6.222189199434069e-07,0,0,unlabeled
2124,6.20949762719647e-08,0,0,unlabeled
2125,0.0010715750977396965,0,0,unlabeled
2126,3.3506563340779394e-05,0,0,unlabeled
2127,0.9994819760322571,1,1,unlabeled
2128,1.260632132016326e-07,0,0,unlabeled
2129,0.0023721547331660986,0,0,unlabeled
2130,1.19060655379144e-06,0,0,unlabeled
2131,3.830302830465371e-06,0,0,unlabeled
2132,1.5832374629098922e-06,0,0,unlabeled
2133,5.401139446803427e-07,0,0,unlabeled
2134,0.9991229176521301,1,1,unlabeled
2135,6.150841613816738e-07,0,0,unlabeled
2136,0.998210072517395,1,1,unlabeled
2137,0.9897017478942871,1,1,unlabeled
2138,4.287918272893876e-06,0,0,unlabeled
2139,2.4492192096658982e-06,0,0,unlabeled
2140,0.9987724423408508,1,1,train
2141,1.8902102283391287e-06,0,0,unlabeled
2142,4.8132969823200256e-06,0,0,unlabeled
2143,1.9795625139096273e-09,0,0,train
2144,1.5491981685045175e-05,0,0,unlabeled
2145,0.9965631365776062,1,1,unlabeled
2146,4.953457391820848e-06,0,0,val
2147,1.2181234865238366e-07,0,0,unlabeled
2148,6.329804364213487e-06,0,0,unlabeled
2149,2.6312309273635037e-05,0,0,train
2150,7.597400326631032e-06,0,0,unlabeled
2151,8.508579412591644e-06,0,0,unlabeled
2152,0.9991393089294434,1,1,unlabeled
2153,7.925897875793453e-07,0,0,unlabeled
2154,3.139620119441133e-08,0,0,unlabeled
2155,5.532731393032009e-07,0,0,unlabeled
2156,3.0686760510434397e-07,0,0,unlabeled
2157,0.998233437538147,1,1,unlabeled
2158,2.4126919015543535e-05,0,0,unlabeled
2159,0.9995993971824646,1,1,unlabeled
2160,0.9905147552490234,1,1,unlabeled
2161,2.6531688490649685e-07,0,0,unlabeled
2162,8.355113436664396e-07,0,0,unlabeled
2163,8.764077961131989e-07,0,0,unlabeled
2164,8.773529771133326e-06,0,0,unlabeled
2165,9.356468488874725e-09,0,0,train
2166,2.74966555480205e-06,0,0,unlabeled
2167,4.7074547637748765e-07,0,0,unlabeled
2168,4.274114417057717e-06,0,0,train
2169,2.5527838261041325e-06,0,0,unlabeled
2170,3.1495790153712733e-06,0,0,unlabeled
2171,0.9989084005355835,1,1,unlabeled
2172,1.332526039732329e-06,0,0,unlabeled
2173,4.620804006094659e-08,0,0,unlabeled
2174,0.9990905523300171,1,1,unlabeled
2175,1.6005786918071863e-08,0,0,train
2176,3.63057608865347e-07,0,0,unlabeled
2177,0.00015843773144297302,0,0,val
2178,1.161061391030671e-06,0,0,train
2179,0.9993415474891663,1,1,unlabeled
2180,9.012801456265152e-06,0,0,val
2181,0.9986692667007446,1,1,val
2182,0.0001262910373043269,0,0,train
2183,2.013123889810231e-08,0,0,train
2184,0.003274350194260478,0,0,unlabeled
2185,4.3817562982439995e-06,0,0,unlabeled
2186,5.0501917030487675e-06,0,0,unlabeled
2187,0.9494828581809998,1,1,unlabeled
2188,0.03222964331507683,0,0,unlabeled
2189,1.5055853737067082e-06,0,0,train
2190,0.003323356620967388,0,0,unlabeled
2191,5.973164434180944e-07,0,0,train
2192,0.9987064599990845,1,1,unlabeled
2193,3.576498954771523e-07,0,0,train
2194,1.2812678917839548e-08,0,0,unlabeled
2195,0.9970331192016602,1,1,unlabeled
2196,3.059266418858897e-06,0,0,unlabeled
2197,0.00037272984627634287,0,0,unlabeled
2198,3.939039743272588e-06,0,0,train
2199,9.356468488874725e-09,0,0,unlabeled
2200,4.6947806708885764e-07,0,0,train
2201,0.9965266585350037,1,1,unlabeled
2202,1.0660038469723077e-06,0,0,unlabeled
2203,0.9997101426124573,1,1,unlabeled
2204,6.689959718642058e-06,0,0,unlabeled
2205,3.942968191950058e-07,0,0,unlabeled
2206,2.3146922103478573e-06,0,0,unlabeled
2207,0.9744276404380798,1,1,unlabeled
2208,1.1398578863008879e-05,0,0,unlabeled
2209,1.70287205492059e-06,0,0,unlabeled
2210,1.0752063644758891e-05,0,0,unlabeled
2211,1.8906806644736207e-06,0,0,unlabeled
2212,0.9993046522140503,1,1,train
2213,0.0002495409280527383,0,0,unlabeled
2214,0.9978088736534119,1,1,train
2215,3.033375378436176e-06,0,0,unlabeled
2216,0.0003849626809824258,0,0,unlabeled
2217,1.6501827531101299e-06,0,0,train
2218,0.9963133931159973,1,1,train
2219,4.347137291915715e-05,0,0,unlabeled
2220,1.4069123643878356e-09,0,0,unlabeled
2221,2.4713024231459713e-06,0,0,unlabeled
2222,1.1966946544816892e-08,0,0,unlabeled
2223,8.020908239814162e-07,0,0,unlabeled
2224,5.968950063106604e-06,0,0,unlabeled
2225,1.3726234101341106e-05,0,0,train
2226,2.241410811620881e-06,0,0,unlabeled
2227,0.00036042628926225007,0,0,unlabeled
2228,0.00035897642374038696,0,0,train
2229,6.984265201026574e-05,0,0,unlabeled
2230,8.36110700674908e-07,0,0,unlabeled
2231,0.9824115633964539,1,1,unlabeled
2232,0.00027902756119146943,0,0,unlabeled
2233,1.075272734851751e-06,0,0,unlabeled
2234,4.634177003026707e-06,0,0,unlabeled
2235,0.00022610256564803421,0,0,unlabeled
2236,2.3057684302330017e-05,0,0,unlabeled
2237,2.947193422642158e-07,0,0,unlabeled
2238,0.0001770245871739462,0,0,unlabeled
2239,0.0006349298055283725,0,0,unlabeled
2240,0.9986836314201355,1,1,unlabeled
2241,0.012464875355362892,0,0,unlabeled
2242,0.0001349742233287543,0,0,unlabeled
2243,5.0501917030487675e-06,0,0,unlabeled
2244,1.474155624237028e-07,0,0,val
2245,0.9943380951881409,1,1,unlabeled
2246,5.014055204810575e-06,0,0,train
2247,0.9993695616722107,1,1,val
2248,2.7696066808857722e-06,0,0,train
2249,1.4416792737392825e-07,0,0,unlabeled
2250,9.810360097617377e-07,0,0,val
2251,8.648972311675607e-07,0,0,unlabeled
2252,2.9429040750983404e-06,0,0,unlabeled
2253,3.369174010003917e-06,0,0,unlabeled
2254,0.0006903019966557622,0,0,train
2255,0.0035338036250323057,0,0,unlabeled
2256,0.00027902756119146943,0,0,unlabeled
2257,4.2436731746420264e-06,0,0,train
2258,0.9993914365768433,1,1,train
2259,0.957276463508606,1,0,unlabeled
2260,0.9987987279891968,1,1,unlabeled
2261,9.448222044738941e-06,0,0,unlabeled
2262,2.2975749743636698e-05,0,0,unlabeled
2263,2.473572635608434e-07,0,0,unlabeled
2264,2.769609181996202e-06,0,0,unlabeled
2265,3.079128873650916e-06,0,0,unlabeled
2266,0.9780093431472778,1,1,unlabeled
2267,5.886018357159628e-07,0,0,unlabeled
2268,2.7957067771922084e-09,0,0,unlabeled
2269,2.1135605265953927e-07,0,0,unlabeled
2270,0.9998212456703186,1,1,unlabeled
2271,0.9989193677902222,1,1,train
2272,5.085933480586391e-06,0,0,train
2273,1.4295084156401572e-06,0,0,unlabeled
2274,1.3371214890867122e-06,0,0,unlabeled
2275,0.0004115437332075089,0,0,unlabeled
2276,0.9992122650146484,1,1,train
2277,0.9985051155090332,1,1,unlabeled
2278,4.356140379968565e-06,0,0,unlabeled
2279,0.9968761205673218,1,1,unlabeled
2280,6.114031293691369e-06,0,0,unlabeled
2281,0.0035740139428526163,0,0,unlabeled
2282,0.0014357453910633922,0,0,unlabeled
2283,1.4795896730035452e-09,0,0,train
2284,0.9972164630889893,1,1,unlabeled
2285,0.9986187219619751,1,1,unlabeled
2286,5.074176669950248e-07,0,0,unlabeled
2287,0.966824471950531,1,1,unlabeled
2288,0.00010019118781201541,0,0,unlabeled
2289,4.425725705914374e-07,0,0,unlabeled
2290,2.0069342099304777e-06,0,0,unlabeled
2291,0.0008262060582637787,0,0,unlabeled
2292,0.9990600943565369,1,1,unlabeled
2293,0.00027902756119146943,0,0,train
2294,0.9995111227035522,1,1,unlabeled
2295,1.3738493009896047e-07,0,0,unlabeled
2296,8.783894145381055e-08,0,0,unlabeled
2297,7.002393775934479e-09,0,0,unlabeled
2298,0.9992526173591614,1,1,train
2299,3.888043664801444e-08,0,0,unlabeled
2300,4.511329279921483e-06,0,0,unlabeled
2301,0.998724639415741,1,1,unlabeled
2302,1.9182195956091164e-06,0,0,unlabeled
2303,0.9992128610610962,1,1,unlabeled
2304,0.00013150405720807612,0,0,unlabeled
2305,0.9994707703590393,1,1,unlabeled
2306,0.0012999820755794644,0,0,unlabeled
2307,1.6504535551575827e-06,0,0,unlabeled
2308,0.9987918734550476,1,1,train
2309,9.326951840193942e-06,0,0,unlabeled
2310,7.657397509319708e-05,0,0,unlabeled
2311,0.9971821308135986,1,1,train
2312,6.478046998381615e-05,0,0,unlabeled
2313,0.9986411929130554,1,1,unlabeled
2314,0.998670220375061,1,1,unlabeled
2315,0.9978540539741516,1,1,unlabeled
2316,1.99827877622738e-06,0,0,unlabeled
2317,9.501984976623135e-08,0,0,unlabeled
2318,0.9843989610671997,1,1,unlabeled
2319,0.9984745383262634,1,1,train
2320,5.078472364861142e-13,0,0,train
2321,0.00029099444509483874,0,0,unlabeled
2322,2.7807357128040167e-06,0,0,unlabeled
2323,1.1156280379509553e-05,0,0,train
2324,9.072017746802885e-06,0,0,unlabeled
2325,0.00027669817791320384,0,0,unlabeled
2326,2.160920075766626e-06,0,0,unlabeled
2327,1.371917278447654e-06,0,0,train
2328,3.446817800067947e-07,0,0,val
2329,7.373840276159171e-07,0,0,unlabeled
2330,1.1884470040968154e-05,0,0,unlabeled
2331,0.9995788931846619,1,1,unlabeled
2332,1.7370942373418075e-07,0,0,unlabeled
2333,0.9982774257659912,1,1,val
2334,0.0024757864885032177,0,0,train
2335,0.9717186689376831,1,1,unlabeled
2336,1.888023234641878e-06,0,0,unlabeled
2337,0.9994483590126038,1,1,unlabeled
2338,7.610366537846858e-06,0,0,unlabeled
2339,1.6799573643311305e-07,0,0,unlabeled
2340,0.004293838981539011,0,0,unlabeled
2341,7.135956270332144e-09,0,0,unlabeled
2342,2.5599092623451725e-07,0,0,val
2343,0.0011549053015187383,0,0,unlabeled
2344,1.9942561380048573e-08,0,0,unlabeled
2345,4.705852063580096e-08,0,0,unlabeled
2346,6.420874342438765e-06,0,0,unlabeled
2347,5.709023298550164e-07,0,0,unlabeled
2348,0.9970236420631409,1,1,train
2349,0.9935491681098938,1,1,train
2350,4.818546585738659e-06,0,0,unlabeled
2351,0.00015873168013058603,0,0,unlabeled
2352,2.0913500264896356e-08,0,0,train
2353,0.9971969127655029,1,1,unlabeled
2354,6.820572480137344e-07,0,0,unlabeled
2355,3.0595026601076825e-06,0,0,unlabeled
2356,0.9956890940666199,1,1,unlabeled
2357,2.1984245904604904e-05,0,0,unlabeled
2358,6.301898793026339e-06,0,0,train
2359,0.9960261583328247,1,1,unlabeled
2360,2.988545202242676e-05,0,0,unlabeled
2361,0.9988088607788086,1,1,unlabeled
2362,0.00010153189941775054,0,0,train
2363,0.9988407492637634,1,1,unlabeled
2364,7.045392521831673e-06,0,0,unlabeled
2365,2.065063881673268e-06,0,0,unlabeled
2366,1.4511255130855716e-06,0,0,train
2367,2.1930538982029013e-12,0,0,unlabeled
2368,0.997873067855835,1,1,unlabeled
2369,0.012464875355362892,0,0,val
2370,1.6210903197588777e-07,0,0,train
2371,0.9972111582756042,1,1,unlabeled
2372,0.9965458512306213,1,1,unlabeled
2373,1.6005786918071863e-08,0,0,train
2374,2.1539349290833343e-06,0,0,train
2375,4.662277206080034e-06,0,0,unlabeled
2376,2.3362395040749107e-06,0,0,unlabeled
2377,0.9964512586593628,1,1,unlabeled
2378,0.9982144832611084,1,1,unlabeled
2379,1.9076624084846117e-06,0,0,unlabeled
2380,2.0636641693272395e-06,0,0,unlabeled
2381,0.0004900827188976109,0,0,unlabeled
2382,0.005538270343095064,0,0,unlabeled
2383,1.737592896233764e-07,0,0,unlabeled
2384,0.999640703201294,1,1,val
2385,1.0165178991883295e-06,0,0,train
2386,6.143166501715314e-06,0,0,unlabeled
2387,2.0332970962044783e-05,0,0,train
2388,0.9386046528816223,1,1,unlabeled
2389,2.211634521354089e-11,0,0,train
2390,9.356468488874725e-09,0,0,unlabeled
2391,0.019235387444496155,0,0,unlabeled
2392,9.417401258815516e-08,0,0,val
2393,0.9990971088409424,1,1,unlabeled
2394,3.821392965619452e-06,0,0,unlabeled
2395,1.1631283491908562e-08,0,0,val
2396,3.7567917843261966e-06,0,0,unlabeled
2397,0.9978569149971008,1,1,unlabeled
2398,0.9984153509140015,1,1,unlabeled
2399,2.643052141593216e-07,0,0,unlabeled
2400,7.658742106286809e-05,0,0,unlabeled
2401,7.135942059477429e-09,0,0,unlabeled
2402,1.1602505622931858e-07,0,0,train
2403,1.2797560344779413e-08,0,0,train
2404,0.9996137022972107,1,1,unlabeled
2405,1.4709360129927518e-06,0,0,unlabeled
2406,1.4512249435938429e-05,0,0,unlabeled
2407,3.570973561295432e-08,0,0,val
2408,5.200428404350532e-06,0,0,unlabeled
2409,1.5692771171416098e-07,0,0,unlabeled
2410,0.9995172023773193,1,1,unlabeled
2411,0.9858943223953247,1,1,unlabeled
2412,1.2616130362630429e-08,0,0,unlabeled
2413,8.377006452064961e-05,0,0,unlabeled
2414,1.821172418203787e-06,0,0,unlabeled
2415,1.210315332400569e-07,0,0,unlabeled
2416,4.070431259606266e-06,0,0,unlabeled
2417,0.0001349742233287543,0,0,val
2418,6.224175194802228e-06,0,0,unlabeled
2419,1.4164074855216313e-06,0,0,unlabeled
2420,3.6902019928675145e-06,0,0,unlabeled
2421,3.258882134105079e-05,0,0,unlabeled
2422,0.0001320854207733646,0,0,unlabeled
2423,7.53627715788241e-10,0,0,unlabeled
2424,9.923049219651148e-06,0,0,train
2425,0.9985803365707397,1,1,train
2426,1.6975731114143855e-06,0,0,unlabeled
2427,7.829746755305678e-05,0,0,unlabeled
2428,3.810166617768118e-06,0,0,train
2429,0.01721765659749508,0,0,train
2430,8.623848407296464e-05,0,0,unlabeled
2431,0.9992897510528564,1,1,unlabeled
2432,0.9737561345100403,1,1,unlabeled
2433,9.356468488874725e-09,0,0,train
2434,8.349366908078082e-06,0,0,train
2435,1.6996450824535714e-07,0,0,unlabeled
2436,5.7295670558232814e-05,0,0,unlabeled
2437,1.578573755978141e-05,0,0,train
2438,3.0170679288232805e-09,0,0,unlabeled
2439,0.006634170655161142,0,0,unlabeled
2440,1.3292269195053219e-11,0,0,unlabeled
2441,0.00027902756119146943,0,0,train
2442,1.278039803764841e-06,0,0,unlabeled
2443,2.8199901862535626e-05,0,0,train
2444,1.3169665180612355e-06,0,0,unlabeled
2445,0.0014585214667022228,0,0,unlabeled
2446,4.6947761234150676e-07,0,0,unlabeled
2447,6.9087677729839925e-06,0,0,unlabeled
2448,0.0007483834051527083,0,0,unlabeled
2449,0.9975011944770813,1,1,unlabeled
2450,5.71643886360107e-06,0,0,unlabeled
2451,1.2083575029464555e-06,0,0,unlabeled
2452,2.130951315848506e-06,0,0,unlabeled
2453,0.00023738255549687892,0,0,unlabeled
2454,5.85370230510307e-07,0,0,unlabeled
2455,3.570973561295432e-08,0,0,unlabeled
2456,6.07184745149425e-07,0,0,train
2457,0.00027617262094281614,0,0,train
2458,0.9971582889556885,1,1,train
2459,3.286287665105192e-06,0,0,unlabeled
2460,0.9985445737838745,1,1,unlabeled
2461,0.18055303394794464,0,0,unlabeled
2462,0.0001770245871739462,0,0,unlabeled
2463,1.6005786918071863e-08,0,0,train
2464,2.7512762699188897e-06,0,0,unlabeled
2465,2.8581919053749516e-09,0,0,unlabeled
2466,6.360487168421969e-05,0,0,unlabeled
2467,7.253808220752944e-09,0,0,unlabeled
2468,0.995724081993103,1,1,train
2469,5.676460568793118e-05,0,0,unlabeled
2470,6.423143759093364e-07,0,0,unlabeled
2471,1.0187965017394163e-05,0,0,unlabeled
2472,3.2091299999592593e-06,0,0,unlabeled
2473,2.6519051971263252e-05,0,0,val
2474,0.9906699657440186,1,1,unlabeled
2475,0.0003018524148501456,0,0,unlabeled
2476,1.984905566132511e-06,0,0,unlabeled
2477,0.9960463643074036,1,1,unlabeled
2478,1.1769019772888494e-19,0,0,unlabeled
2479,6.550235553959283e-08,0,0,unlabeled
2480,4.395425548864296e-06,0,0,unlabeled
2481,0.9986581802368164,1,1,unlabeled
2482,1.6360548897864646e-06,0,0,unlabeled
2483,0.9989738464355469,1,1,unlabeled
2484,6.278422688410501e-07,0,0,unlabeled
2485,1.3908170615195559e-07,0,0,unlabeled
2486,0.9885926246643066,1,1,unlabeled
2487,7.966227144606819e-07,0,0,unlabeled
2488,4.954412702318223e-07,0,0,train
2489,9.343703766262479e-08,0,0,train
2490,0.0042344373650848866,0,0,train
2491,0.9817650318145752,1,1,unlabeled
2492,5.572905138251372e-06,0,0,unlabeled
2493,9.448901323594328e-07,0,0,unlabeled
2494,1.7054750500733462e-08,0,0,unlabeled
2495,0.0001262910373043269,0,0,unlabeled
2496,8.649352025713597e-07,0,0,unlabeled
2497,1.0323415153834503e-06,0,0,val
2498,0.008979897014796734,0,0,unlabeled
2499,9.855455118668033e-07,0,0,unlabeled
2500,0.0009016013354994357,0,0,unlabeled
2501,4.100009391549975e-06,0,0,unlabeled
2502,0.001693290425464511,0,0,unlabeled
2503,0.00011547759640961885,0,0,train
2504,7.658742106286809e-05,0,0,train
2505,0.9987342953681946,1,1,unlabeled
2506,4.347717185737565e-05,0,0,unlabeled
2507,2.4883845526346704e-06,0,0,unlabeled
2508,1.0021354910350055e-06,0,0,unlabeled
2509,0.9995172023773193,1,1,unlabeled
2510,3.1453766951017315e-06,0,0,unlabeled
2511,0.9993913173675537,1,1,unlabeled
2512,7.658742106286809e-05,0,0,unlabeled
2513,3.767213911487488e-06,0,0,unlabeled
2514,0.0002685340296011418,0,0,unlabeled
2515,0.0001262910373043269,0,0,unlabeled
2516,2.059060307146865e-06,0,0,unlabeled
2517,0.005292716436088085,0,0,unlabeled
2518,1.5275705891326652e-06,0,0,unlabeled
2519,0.0003996308078058064,0,0,unlabeled
2520,6.678921636193991e-05,0,0,train
2521,4.2633669181668665e-06,0,0,unlabeled
2522,0.9992963075637817,1,1,train
2523,0.99601149559021,1,1,unlabeled
2524,2.0854108697676565e-06,0,0,unlabeled
2525,6.5607259208677604e-12,0,0,unlabeled
2526,0.019256800413131714,0,0,unlabeled
2527,4.922506846583019e-09,0,0,unlabeled
2528,4.585196165862726e-06,0,0,unlabeled
2529,1.2494830059495143e-07,0,0,unlabeled
2530,6.126569473963173e-07,0,0,unlabeled
2531,1.3959290754428366e-06,0,0,unlabeled
2532,0.9984309077262878,1,1,unlabeled
2533,0.9903994202613831,1,1,train
2534,2.086114909616299e-05,0,0,train
2535,9.232949764736986e-07,0,0,unlabeled
2536,6.386355266840837e-07,0,0,unlabeled
2537,2.1036167652255244e-07,0,0,unlabeled
2538,0.9986376166343689,1,1,unlabeled
2539,0.9933604598045349,1,1,unlabeled
2540,1.6579608200117946e-05,0,0,unlabeled
2541,0.9625851511955261,1,1,unlabeled
2542,1.1629013897618279e-05,0,0,unlabeled
2543,5.334412094271102e-07,0,0,unlabeled
2544,0.0009886953048408031,0,0,unlabeled
2545,2.6961919274981483e-07,0,0,unlabeled
2546,0.0006498279399238527,0,0,unlabeled
2547,9.598875476513058e-05,0,0,unlabeled
2548,0.995934247970581,1,1,unlabeled
2549,1.2606204791154596e-06,0,0,unlabeled
2550,4.023881672310381e-07,0,0,unlabeled
2551,6.703597676960271e-09,0,0,unlabeled
2552,2.1256582272144442e-08,0,0,unlabeled
2553,2.3828711448459217e-07,0,0,unlabeled
2554,1.2376998981267207e-08,0,0,train
2555,3.744837158592418e-06,0,0,unlabeled
2556,0.000985846621915698,0,0,val
2557,1.2031897540509817e-06,0,0,unlabeled
2558,0.9962634444236755,1,1,unlabeled
2559,0.9520789980888367,1,1,unlabeled
2560,1.2826715646951925e-05,0,0,unlabeled
2561,8.607615882283426e-07,0,0,unlabeled
2562,0.9992712140083313,1,1,unlabeled
2563,9.94073343463242e-06,0,0,train
2564,5.046346132075996e-07,0,0,unlabeled
2565,8.152145710482728e-06,0,0,unlabeled
2566,0.005538273137062788,0,0,unlabeled
2567,1.0697464176701033e-06,0,0,unlabeled
2568,0.0001262910373043269,0,0,val
2569,0.0001349742233287543,0,0,unlabeled
2570,0.997857391834259,1,1,unlabeled
2571,4.81223214592319e-05,0,0,train
2572,2.4805871362332255e-05,0,0,unlabeled
2573,7.039953402454557e-07,0,0,unlabeled
2574,0.998289167881012,1,1,unlabeled
2575,0.9985271692276001,1,1,unlabeled
2576,0.00014508342428598553,0,0,train
2577,1.495781270932639e-05,0,0,unlabeled
2578,2.3781112759024836e-06,0,0,train
2579,0.9864223599433899,1,1,unlabeled
2580,0.0002083484287140891,0,0,unlabeled
2581,1.1881847967742942e-06,0,0,unlabeled
2582,1.9913382857339457e-05,0,0,unlabeled
2583,0.9932193160057068,1,1,train
2584,0.9871947169303894,1,1,unlabeled
2585,1.3652577763423324e-05,0,0,unlabeled
2586,0.9988059997558594,1,1,unlabeled
2587,1.6579608200117946e-05,0,0,unlabeled
2588,4.369176531326957e-05,0,0,unlabeled
2589,3.862811809085542e-06,0,0,unlabeled
2590,0.9967828989028931,1,1,unlabeled
2591,0.022353079169988632,0,0,unlabeled
2592,0.9977654218673706,1,1,unlabeled
2593,4.321334017731715e-06,0,0,unlabeled
2594,0.0070494553074240685,0,0,unlabeled
2595,1.199378175442689e-06,0,0,unlabeled
2596,5.294467428029748e-06,0,0,unlabeled
2597,0.9973078966140747,1,1,unlabeled
2598,0.9988746047019958,1,1,unlabeled
2599,1.158019858849002e-05,0,0,unlabeled
2600,3.0234316454880172e-06,0,0,unlabeled
2601,8.371328021894442e-07,0,0,unlabeled
2602,5.179730919735448e-07,0,0,unlabeled
2603,0.9871947169303894,1,1,unlabeled
2604,0.0006104942876845598,0,0,unlabeled
2605,0.00016825602506287396,0,0,unlabeled
2606,0.9988038539886475,1,1,unlabeled
2607,9.589854016667232e-06,0,0,unlabeled
2608,0.00027902756119146943,0,0,unlabeled
2609,0.10321540385484695,0,0,unlabeled
2610,5.865951493433386e-07,0,0,unlabeled
2611,4.617232843884267e-05,0,0,unlabeled
2612,0.00043047990766353905,0,0,unlabeled
2613,0.9867419600486755,1,1,val
2614,1.3333457900444046e-05,0,0,unlabeled
2615,0.9987879395484924,1,1,unlabeled
2616,6.630013871244955e-08,0,0,unlabeled
2617,6.953111733309925e-05,0,0,unlabeled
2618,2.8581863542598285e-09,0,0,unlabeled
2619,0.005538273137062788,0,0,unlabeled
2620,1.260632132016326e-07,0,0,unlabeled
2621,6.662484520347789e-05,0,0,unlabeled
2622,0.9967717528343201,1,1,unlabeled
2623,0.9994001388549805,1,1,unlabeled
2624,0.9942699670791626,1,1,unlabeled
2625,1.2266888234080398e-06,0,0,unlabeled
2626,0.9984269142150879,1,1,unlabeled
2627,7.234334589156788e-07,0,0,val
2628,1.3652577763423324e-05,0,0,unlabeled
2629,1.926168124555261e-06,0,0,unlabeled
2630,1.0418174269943847e-06,0,0,unlabeled
2631,4.2573435621307e-07,0,0,unlabeled
2632,3.4308891372347716e-07,0,0,unlabeled
2633,5.782603238912998e-06,0,0,unlabeled
2634,3.0217686344258254e-06,0,0,unlabeled
2635,0.9985370635986328,1,1,val
2636,2.7807357128040167e-06,0,0,unlabeled
2637,1.4359888211856742e-07,0,0,unlabeled
2638,1.0119841817868291e-06,0,0,unlabeled
2639,7.658742106286809e-05,0,0,train
2640,0.9972438812255859,1,1,unlabeled
2641,1.4905687066857354e-06,0,0,unlabeled
2642,1.0631265467964113e-06,0,0,unlabeled
2643,1.7370942373418075e-07,0,0,train
2644,1.582709955982864e-05,0,0,unlabeled
2645,0.00017742898489814252,0,0,unlabeled
2646,0.9924922585487366,1,1,unlabeled
2647,2.151853095710976e-06,0,0,unlabeled
2648,1.4359888211856742e-07,0,0,unlabeled
2649,3.570973561295432e-08,0,0,train
2650,2.6540430553723127e-05,0,0,unlabeled
2651,7.809548151271883e-06,0,0,unlabeled
2652,3.447985079674254e-07,0,0,unlabeled
2653,4.620804006094659e-08,0,0,unlabeled
2654,7.796168210916221e-05,0,0,unlabeled
2655,1.6061389374044666e-07,0,0,val
2656,0.00010698974074330181,0,0,unlabeled
2657,1.8511262567244557e-07,0,0,unlabeled
2658,0.0026302924379706383,0,0,unlabeled
2659,0.9985131621360779,1,1,unlabeled
2660,1.863104017729711e-07,0,0,unlabeled
2661,5.787137524748687e-07,0,0,unlabeled
2662,5.878305273654405e-06,0,0,unlabeled
2663,0.0037562293000519276,0,0,unlabeled
2664,2.550167891968158e-06,0,0,unlabeled
2665,0.9986741542816162,1,1,unlabeled
2666,1.0091319069260862e-07,0,0,unlabeled
2667,0.0005156476981937885,0,0,unlabeled
2668,2.113502523570787e-05,0,0,unlabeled
2669,0.04070430248975754,0,0,unlabeled
2670,0.999015212059021,1,1,train
2671,0.00010698974074330181,0,0,val
2672,1.5780460671521723e-06,0,0,unlabeled
2673,9.80471895672963e-07,0,0,unlabeled
2674,0.997240424156189,1,1,unlabeled
2675,0.9989287257194519,1,1,train
2676,4.124003680772148e-05,0,0,unlabeled
2677,5.7295670558232814e-05,0,0,train
2678,3.2115124781739723e-08,0,0,train
2679,0.9965601563453674,1,1,unlabeled
2680,1.3629256727654138e-06,0,0,unlabeled
2681,7.829899004718754e-06,0,0,val
2682,7.009952241787687e-06,0,0,train
2683,1.6061389374044666e-07,0,0,unlabeled
2684,1.498214601269865e-06,0,0,unlabeled
2685,0.0001533358881715685,0,0,train
2686,2.268685364015255e-07,0,0,unlabeled
2687,0.009975730441510677,0,0,unlabeled
2688,3.3397236620658077e-06,0,0,unlabeled
2689,1.5158838095885585e-06,0,0,unlabeled
2690,0.0003595826856326312,0,0,unlabeled
2691,2.276974919368513e-05,0,0,train
2692,0.9989264607429504,1,1,train
2693,0.0003469964722171426,0,0,unlabeled
2694,8.610347990156697e-09,0,0,unlabeled
2695,0.00010243983706459403,0,0,unlabeled
2696,0.0007778643630445004,0,0,unlabeled
2697,0.9986478686332703,1,1,val
2698,0.004637142177671194,0,0,unlabeled
2699,8.068277384154499e-05,0,0,unlabeled
2700,1.1602484306649785e-07,0,0,train
2701,8.783894145381055e-08,0,0,train
2702,3.2602522992419836e-07,0,0,train
2703,1.5031650946184527e-06,0,0,unlabeled
2704,2.6716404590843013e-06,0,0,unlabeled
2705,3.8419148040702567e-07,0,0,unlabeled
2706,1.928620349644916e-06,0,0,unlabeled
2707,0.9401880502700806,1,1,unlabeled
2708,6.453845708165318e-05,0,0,unlabeled
2709,2.050893999694381e-05,0,0,unlabeled
2710,6.010076504026074e-06,0,0,unlabeled
2711,6.110913659540529e-07,0,0,unlabeled
2712,6.99592346791178e-05,0,0,train
2713,5.731537271458365e-07,0,0,unlabeled
2714,3.430643857882387e-07,0,0,unlabeled
2715,0.0001262910373043269,0,0,unlabeled
2716,0.0002741690550465137,0,0,unlabeled
2717,0.9976388216018677,1,1,train
2718,1.3652577763423324e-05,0,0,unlabeled
2719,1.3084348893244169e-06,0,0,unlabeled
2720,0.9991393089294434,1,1,train
2721,9.076734954760468e-07,0,0,train
2722,6.702966857119463e-07,0,0,unlabeled
2723,0.9983305335044861,1,1,unlabeled
2724,0.9819878935813904,1,1,unlabeled
2725,1.3114240005052125e-07,0,0,unlabeled
2726,8.610347990156697e-09,0,0,unlabeled
2727,1.7829102034738753e-06,0,0,unlabeled
2728,0.00010559125075815246,0,0,unlabeled
2729,0.9989628791809082,1,1,train
2730,1.5565333342237864e-06,0,0,unlabeled
2731,0.0035880187060683966,0,0,unlabeled
2732,0.00011296982847852632,0,0,train
2733,2.012564436881803e-05,0,0,unlabeled
2734,3.7787101518915733e-06,0,0,unlabeled
2735,0.9888777136802673,1,1,unlabeled
2736,2.999474418174941e-06,0,0,unlabeled
2737,0.9979910850524902,1,1,unlabeled
2738,2.148581330629895e-07,0,0,unlabeled
2739,0.99637371301651,1,1,train
2740,3.627475962275639e-06,0,0,unlabeled
2741,8.610347990156697e-09,0,0,unlabeled
2742,1.5137601394599187e-06,0,0,train
2743,0.0009688095888122916,0,0,unlabeled
2744,1.905118892864266e-06,0,0,train
2745,2.083659273921512e-05,0,0,unlabeled
2746,0.007058195304125547,0,0,unlabeled
2747,0.9965338706970215,1,1,unlabeled
2748,0.0006070619565434754,0,0,unlabeled
2749,0.00013935368042439222,0,0,unlabeled
2750,0.9961268305778503,1,1,unlabeled
2751,0.9549484252929688,1,1,unlabeled
2752,1.0365467460360378e-05,0,0,unlabeled
2753,0.9975870847702026,1,1,unlabeled
2754,1.7613672753213905e-05,0,0,unlabeled
2755,4.881542736256961e-06,0,0,train
2756,2.1602966171485605e-07,0,0,unlabeled
2757,1.6182331819436513e-05,0,0,unlabeled
2758,1.9017434169654734e-05,0,0,unlabeled
2759,2.1813291368744103e-06,0,0,unlabeled
2760,2.7377234346204204e-07,0,0,unlabeled
2761,4.029983301734319e-06,0,0,unlabeled
2762,1.3603453226096462e-06,0,0,unlabeled
2763,4.103271749045234e-06,0,0,unlabeled
2764,0.9983495473861694,1,1,unlabeled
2765,0.9994539618492126,1,1,train
2766,2.8581919053749516e-09,0,0,unlabeled
2767,0.9982796907424927,1,1,unlabeled
2768,3.4600452636368573e-06,0,0,train
2769,0.0003996308078058064,0,0,unlabeled
2770,2.478584247000981e-05,0,0,unlabeled
2771,0.9956048727035522,1,1,unlabeled
2772,1.1691888568421405e-09,0,0,unlabeled
2773,0.9987217783927917,1,1,train
2774,1.5821733256871084e-07,0,0,unlabeled
2775,0.9482214450836182,1,1,unlabeled
2776,0.9978477954864502,1,1,unlabeled
2777,6.819265081503545e-07,0,0,unlabeled
2778,2.0266659248591168e-06,0,0,unlabeled
2779,0.9986199140548706,1,1,train
2780,0.9987982511520386,1,1,train
2781,0.9978420734405518,1,1,unlabeled
2782,0.00027167267398908734,0,0,unlabeled
2783,2.0025622404773458e-07,0,0,unlabeled
2784,0.00023789644183125347,0,0,unlabeled
2785,9.136075277638156e-06,0,0,unlabeled
2786,0.9683986306190491,1,1,unlabeled
2787,5.671471626556013e-06,0,0,unlabeled
2788,1.1032649354092428e-06,0,0,unlabeled
2789,1.6446444988105213e-06,0,0,unlabeled
2790,0.9919874668121338,1,0,unlabeled
2791,3.922751602658536e-06,0,0,unlabeled
2792,0.004178730305284262,0,0,unlabeled
2793,1.0247030246546274e-07,0,0,unlabeled
2794,3.261255187680945e-06,0,0,unlabeled
2795,7.648095561307855e-07,0,0,unlabeled
2796,6.832629878772423e-06,0,0,unlabeled
2797,1.8214143437944585e-07,0,0,unlabeled
2798,0.9980942606925964,1,1,unlabeled
2799,1.1563284942894825e-06,0,0,unlabeled
2800,0.9967679977416992,1,1,unlabeled
2801,1.9311933101562317e-06,0,0,unlabeled
2802,2.435608439554926e-05,0,0,unlabeled
2803,1.7829102034738753e-06,0,0,train
2804,6.378983812282968e-07,0,0,unlabeled
2805,0.9973781108856201,1,1,unlabeled
2806,1.5118486089704675e-06,0,0,train
2807,0.0003996308078058064,0,0,unlabeled
2808,0.9981830716133118,1,1,unlabeled
2809,4.414724571688566e-06,0,0,unlabeled
2810,2.843511992978165e-06,0,0,unlabeled
2811,8.649450933262415e-07,0,0,unlabeled
2812,0.00027902756119146943,0,0,unlabeled
2813,9.501966502512005e-08,0,0,unlabeled
2814,0.00027902756119146943,0,0,unlabeled
2815,0.9982581734657288,1,1,unlabeled
2816,2.397650177954347e-06,0,0,unlabeled
2817,5.965736272628419e-05,0,0,unlabeled
2818,0.9871631264686584,1,1,unlabeled
2819,8.627859671150873e-08,0,0,unlabeled
2820,0.9973292350769043,1,1,val
2821,0.00027465439052321017,0,0,unlabeled
2822,0.0003996310115326196,0,0,unlabeled
2823,0.9993618130683899,1,1,unlabeled
2824,0.00014813465531915426,0,0,unlabeled
2825,2.047985390163376e-06,0,0,unlabeled
2826,0.995419979095459,1,1,unlabeled
2827,2.3865287523960887e-09,0,0,train
2828,2.6300795070710592e-05,0,0,train
2829,4.8583492571196984e-06,0,0,train
2830,1.1012865570592112e-06,0,0,unlabeled
2831,0.980491042137146,1,1,unlabeled
2832,2.4364586352021433e-05,0,0,train
2833,0.9976686835289001,1,1,unlabeled
2834,0.9995607733726501,1,1,unlabeled
2835,2.065804665107862e-06,0,0,unlabeled
2836,4.3405893848103005e-06,0,0,unlabeled
2837,3.93743988524875e-08,0,0,unlabeled
2838,5.9870511904591694e-05,0,0,train
2839,0.9992992877960205,1,1,unlabeled
2840,0.00020640436559915543,0,0,unlabeled
2841,5.009310939385614e-07,0,0,unlabeled
2842,5.904555422375779e-08,0,0,unlabeled
2843,5.196274742047535e-06,0,0,unlabeled
2844,5.085933480586391e-06,0,0,unlabeled
2845,1.926894516342259e-13,0,0,unlabeled
2846,0.9867460131645203,1,1,train
2847,8.603863399514466e-09,0,0,unlabeled
2848,0.9986370205879211,1,1,unlabeled
2849,4.027408976980951e-06,0,0,unlabeled
2850,0.00014666450442746282,0,0,unlabeled
2851,1.6061406427070324e-07,0,0,unlabeled
2852,8.361114964827721e-07,0,0,unlabeled
2853,2.395557885392918e-07,0,0,train
2854,0.9978618025779724,1,1,unlabeled
2855,4.347137291915715e-05,0,0,unlabeled
2856,7.145846029743552e-05,0,0,unlabeled
2857,1.1067530749642174e-06,0,0,unlabeled
2858,7.409849786199629e-05,0,0,unlabeled
2859,0.00027902756119146943,0,0,unlabeled
2860,9.419303387403488e-05,0,0,unlabeled
2861,0.9984499216079712,1,1,train
2862,2.9291591090441216e-06,0,0,unlabeled
2863,1.3652577763423324e-05,0,0,unlabeled
2864,9.07268713490339e-08,0,0,unlabeled
2865,6.3911902543623e-06,0,0,unlabeled
2866,2.252216518172645e-06,0,0,unlabeled
2867,2.158556000608769e-08,0,0,unlabeled
2868,0.9987009763717651,1,1,unlabeled
2869,1.5195573155324382e-07,0,0,unlabeled
2870,1.0103960448759608e-05,0,0,unlabeled
2871,2.1734439314968768e-07,0,0,train
2872,3.5782225040748017e-06,0,0,unlabeled
2873,0.989669144153595,1,1,unlabeled
2874,0.9987165927886963,1,1,unlabeled
2875,0.9963646531105042,1,1,unlabeled
2876,1.589580460858997e-05,0,0,unlabeled
2877,0.9993706345558167,1,1,unlabeled
2878,3.3798905860749073e-06,0,0,train
2879,0.9969315528869629,1,1,unlabeled
2880,0.0001818444870878011,0,0,train
2881,0.9976341724395752,1,1,unlabeled
2882,5.731548071707948e-07,0,0,unlabeled
2883,8.759752034848134e-08,0,0,val
2884,1.8065503581965459e-06,0,0,unlabeled
2885,1.416704890289111e-06,0,0,unlabeled
2886,2.1384435555660275e-08,0,0,unlabeled
2887,4.321334017731715e-06,0,0,unlabeled
2888,0.9956479668617249,1,1,unlabeled
2889,0.9997252821922302,1,1,unlabeled
2890,0.000951351597905159,0,0,unlabeled
2891,1.9078666468885785e-07,0,0,val
2892,5.9870511904591694e-05,0,0,train
2893,0.9909630417823792,1,1,unlabeled
2894,0.9573531746864319,1,1,unlabeled
2895,1.44514831390552e-06,0,0,unlabeled
2896,0.9950364232063293,1,1,train
2897,1.113457642532012e-06,0,0,unlabeled
2898,1.3098246199660935e-05,0,0,unlabeled
2899,1.4722536434419453e-06,0,0,unlabeled
2900,1.9879046249116072e-06,0,0,unlabeled
2901,3.673561877803877e-06,0,0,unlabeled
2902,1.2201313381865475e-07,0,0,val
2903,0.999322772026062,1,1,unlabeled
2904,9.150629693976953e-07,0,0,unlabeled
2905,6.8471176746243145e-06,0,0,unlabeled
2906,1.175127462005321e-08,0,0,unlabeled
2907,1.0187965017394163e-05,0,0,unlabeled
2908,2.2579038727599254e-07,0,0,unlabeled
2909,0.9960946440696716,1,1,train
2910,0.00039207859663292766,0,0,unlabeled
2911,0.000173285196069628,0,0,val
2912,3.354317414050456e-06,0,0,train
2913,0.999038577079773,1,1,unlabeled
2914,2.816472260747105e-06,0,0,unlabeled
2915,0.0004783497133757919,0,0,unlabeled
2916,1.0540759376453934e-06,0,0,unlabeled
2917,1.3411658983386587e-05,0,0,unlabeled
2918,3.5478717563819373e-06,0,0,unlabeled
2919,0.9990247488021851,1,1,unlabeled
2920,7.70069392367484e-13,0,0,unlabeled
2921,4.108891062060138e-06,0,0,unlabeled
2922,0.0008635226404294372,0,0,unlabeled
2923,6.058451162971323e-07,0,0,unlabeled
2924,1.6061406427070324e-07,0,0,train
2925,6.277890207684322e-08,0,0,unlabeled
2926,0.00010334239050280303,0,0,unlabeled
2927,0.0007289400091394782,0,0,unlabeled
2928,4.4422604332794435e-06,0,0,train
2929,0.9987057447433472,1,1,unlabeled
2930,0.9992433786392212,1,1,unlabeled
2931,0.0001069896316039376,0,0,train
2932,1.7927970475284383e-05,0,0,unlabeled
2933,0.00012273096945136786,0,0,unlabeled
2934,1.4065650475458824e-06,0,0,unlabeled
2935,0.0001222523278556764,0,0,unlabeled
2936,6.310507387752295e-07,0,0,unlabeled
2937,1.0891466217799461e-06,0,0,unlabeled
2938,1.8247419575345702e-07,0,0,unlabeled
2939,1.5877707255640416e-06,0,0,unlabeled
2940,0.9991282820701599,1,1,unlabeled
2941,0.0001338154834229499,0,0,train
2942,0.0001770245871739462,0,0,unlabeled
2943,0.9996181726455688,1,1,unlabeled
2944,2.0644779397116508e-07,0,0,unlabeled
2945,0.9696957468986511,1,1,train
2946,1.4359888211856742e-07,0,0,unlabeled
2947,0.994610071182251,1,1,unlabeled
2948,1.4599437236029189e-05,0,0,unlabeled
2949,6.947644806132303e-07,0,0,unlabeled
2950,0.0001770245871739462,0,0,unlabeled
2951,0.9790471196174622,1,1,unlabeled
2952,0.997600257396698,1,1,unlabeled
2953,5.168747065908974e-07,0,0,unlabeled
2954,0.9986642599105835,1,1,unlabeled
2955,6.423143759093364e-07,0,0,unlabeled
2956,1.3184329645810067e-06,0,0,unlabeled
2957,4.09303339665712e-07,0,0,unlabeled
2958,0.026905754581093788,0,0,unlabeled
2959,5.5368993344018236e-05,0,0,unlabeled
2960,0.9930906295776367,1,1,unlabeled
2961,2.7807357128040167e-06,0,0,unlabeled
2962,0.00022526078100781888,0,0,unlabeled
2963,0.9989662170410156,1,1,unlabeled
2964,5.984156814520247e-07,0,0,unlabeled
2965,0.9901347756385803,1,1,unlabeled
2966,3.530096364556812e-05,0,0,train
2967,1.1467214790172875e-05,0,0,unlabeled
2968,0.9956892132759094,1,1,unlabeled
2969,2.7080377549282275e-06,0,0,unlabeled
2970,5.865951493433386e-07,0,0,unlabeled
2971,4.118590197776939e-07,0,0,unlabeled
2972,1.55681857449963e-06,0,0,unlabeled
2973,6.33619274594821e-05,0,0,unlabeled
2974,0.9953848719596863,1,1,unlabeled
2975,2.5113379251706647e-06,0,0,unlabeled
2976,3.958116394642275e-06,0,0,unlabeled
2977,1.169184415950042e-09,0,0,train
2978,0.9995388984680176,1,1,unlabeled
2979,0.9994233846664429,1,1,train
2980,5.947006229689578e-06,0,0,train
2981,9.829594637267292e-05,0,0,unlabeled
2982,7.201058906503022e-06,0,0,unlabeled
2983,0.997817873954773,1,1,unlabeled
2984,1.6911742477532243e-06,0,0,unlabeled
2985,0.00013866971130482852,0,0,unlabeled
2986,0.9984286427497864,1,1,train
2987,1.762246455427885e-07,0,0,unlabeled
2988,7.666183391594964e-16,0,0,train
2989,0.00027167267398908734,0,0,val
2990,1.8242741134599783e-05,0,0,unlabeled
2991,4.3988498532598896e-07,0,0,unlabeled
2992,6.210113667748374e-08,0,0,unlabeled
2993,0.9962159991264343,1,1,unlabeled
2994,0.0024341365788131952,0,0,unlabeled
2995,9.053756366483867e-05,0,0,unlabeled
2996,0.998842179775238,1,1,unlabeled
2997,3.969706995121669e-06,0,0,unlabeled
2998,0.9996424913406372,1,1,unlabeled
2999,1.984195660043042e-05,0,0,unlabeled
3000,7.18002556823194e-05,0,0,unlabeled
3001,0.0019376809941604733,0,0,val
3002,0.0005523688741959631,0,0,unlabeled
3003,1.0351521950724418e-06,0,0,unlabeled
3004,1.1785365217065191e-07,0,0,unlabeled
3005,0.9978395700454712,1,1,val
3006,0.0001262910373043269,0,0,unlabeled
3007,6.1699984144070186e-06,0,0,unlabeled
3008,1.5313790981963393e-06,0,0,unlabeled
3009,1.1597185434197854e-09,0,0,unlabeled
3010,4.321334017731715e-06,0,0,unlabeled
3011,0.9316248297691345,1,1,unlabeled
3012,4.6346139015440713e-07,0,0,unlabeled
3013,4.800529950443888e-06,0,0,unlabeled
3014,2.148581330629895e-07,0,0,unlabeled
3015,8.86244833964156e-07,0,0,unlabeled
3016,0.9987697005271912,1,1,train
3017,1.2050109035044443e-06,0,0,unlabeled
3018,0.999075174331665,1,1,unlabeled
3019,0.00010698974074330181,0,0,unlabeled
3020,3.7284951304172864e-06,0,0,unlabeled
3021,2.0611485069821356e-06,0,0,unlabeled
3022,3.774906645048759e-06,0,0,unlabeled
3023,0.9970663189888,1,1,train
3024,8.625466762168799e-06,0,0,train
3025,2.0436314684957324e-07,0,0,train
3026,0.9844205975532532,1,1,unlabeled
3027,3.5084983665001346e-06,0,0,unlabeled
3028,0.9987220168113708,1,1,unlabeled
3029,1.2201313381865475e-07,0,0,val
3030,1.2918413858642452e-06,0,0,unlabeled
3031,0.9960023760795593,1,1,unlabeled
3032,6.573060238462825e-13,0,0,unlabeled
3033,2.2994070189574778e-11,0,0,unlabeled
3034,1.5033282352305832e-07,0,0,unlabeled
3035,2.841674699993746e-07,0,0,unlabeled
3036,0.9989345669746399,1,1,unlabeled
3037,0.9935257434844971,1,1,unlabeled
3038,8.25485767563805e-06,0,0,unlabeled
3039,1.9089418401563307e-06,0,0,unlabeled
3040,9.653179586166516e-05,0,0,unlabeled
3041,1.3292269195053219e-11,0,0,unlabeled
3042,8.783894145381055e-08,0,0,unlabeled
3043,2.6609200176608283e-07,0,0,unlabeled
3044,5.503048669197597e-06,0,0,unlabeled
3045,2.5932736207323615e-06,0,0,train
3046,0.9994915723800659,1,1,unlabeled
3047,0.9987879395484924,1,1,unlabeled
3048,1.7370942373418075e-07,0,0,train
3049,2.564664214332879e-08,0,0,unlabeled
3050,0.00010893502621911466,0,0,unlabeled
3051,0.9969512224197388,1,1,unlabeled
3052,8.56567348819226e-05,0,0,unlabeled
3053,2.9493446618289454e-07,0,0,unlabeled
3054,7.045399343041936e-06,0,0,unlabeled
3055,0.9908347129821777,1,1,unlabeled
3056,0.9975849390029907,1,1,unlabeled
3057,0.00021375238429754972,0,0,unlabeled
3058,0.0011970510240644217,0,0,unlabeled
3059,1.6096244337404642e-07,0,0,unlabeled
3060,0.0006496161804534495,0,0,unlabeled
3061,0.9954878687858582,1,1,unlabeled
3062,3.597619752326864e-06,0,0,val
3063,5.087811132398201e-06,0,0,unlabeled
3064,0.9978386759757996,1,1,unlabeled
3065,0.0006453066016547382,0,0,unlabeled
3066,2.564664214332879e-08,0,0,train
3067,2.285923983436078e-06,0,0,unlabeled
3068,0.006828416604548693,0,0,train
3069,0.9947096109390259,1,1,unlabeled
3070,6.153153435661807e-07,0,0,unlabeled
3071,5.98340920987539e-06,0,0,val
3072,7.168322326833731e-07,0,0,val
3073,0.9714435338973999,1,1,unlabeled
3074,3.698703494592337e-06,0,0,unlabeled
3075,0.9986779093742371,1,1,unlabeled
3076,8.783894145381055e-08,0,0,unlabeled
3077,5.169824362383224e-05,0,0,unlabeled
3078,0.9640520215034485,1,1,unlabeled
3079,1.941760501722456e-06,0,0,unlabeled
3080,2.1256582272144442e-08,0,0,train
3081,6.302748829511984e-07,0,0,unlabeled
3082,0.998210072517395,1,1,unlabeled
3083,1.9009656170965172e-05,0,0,unlabeled
3084,8.603863399514466e-09,0,0,unlabeled
3085,0.9985079169273376,1,1,unlabeled
3086,8.365657777176239e-06,0,0,unlabeled
3087,0.9962072372436523,1,1,unlabeled
3088,0.00014856863708700985,0,0,unlabeled
3089,0.9985477328300476,1,1,unlabeled
3090,1.485710754423053e-06,0,0,train
3091,7.731180812697858e-05,0,0,unlabeled
3092,4.098449608136434e-06,0,0,unlabeled
3093,1.6841087244756636e-06,0,0,unlabeled
3094,0.9989602565765381,1,1,unlabeled
3095,0.9992687106132507,1,1,train
3096,1.4359888211856742e-07,0,0,unlabeled
3097,0.9993442893028259,1,1,unlabeled
3098,0.9992183446884155,1,1,unlabeled
3099,6.776174359401921e-07,0,0,val
3100,0.9907613396644592,1,1,unlabeled
3101,0.00019755010725930333,0,0,unlabeled
3102,3.069246758968802e-07,0,0,unlabeled
3103,5.361126227398927e-07,0,0,unlabeled
3104,1.9094270101049915e-05,0,0,unlabeled
3105,0.01103297621011734,0,0,unlabeled
3106,6.153147751319921e-07,0,0,unlabeled
3107,2.4816445147735067e-06,0,0,unlabeled
3108,3.7714453355874866e-06,0,0,unlabeled
3109,4.051586529385531e-06,0,0,unlabeled
3110,2.1282470697769895e-05,0,0,unlabeled
3111,3.2038502695286297e-07,0,0,unlabeled
3112,0.9928081035614014,1,1,unlabeled
3113,0.9983468055725098,1,1,unlabeled
3114,1.7034714971941867e-07,0,0,unlabeled
3115,0.9886913299560547,1,1,unlabeled
3116,0.0006666448316536844,0,0,train
3117,9.12986524781445e-06,0,0,unlabeled
3118,9.152984603133518e-06,0,0,unlabeled
3119,3.7010486266808584e-05,0,0,train
3120,0.0001349742233287543,0,0,unlabeled
3121,4.633049320545979e-05,0,0,unlabeled
3122,0.00013866971130482852,0,0,unlabeled
3123,7.145832205424085e-05,0,0,unlabeled
3124,0.9952875375747681,1,1,train
3125,1.7483122064732015e-05,0,0,unlabeled
3126,0.005865572486072779,0,0,train
3127,0.003274350194260478,0,0,unlabeled
3128,2.276974919368513e-05,0,0,unlabeled
3129,4.148144853388658e-06,0,0,unlabeled
3130,0.0027652597054839134,0,0,unlabeled
3131,1.7310910607193364e-06,0,0,unlabeled
3132,6.153153435661807e-07,0,0,unlabeled
3133,7.93274750776618e-07,0,0,unlabeled
3134,5.222096366441775e-11,0,0,unlabeled
3135,2.8944176833078927e-08,0,0,unlabeled
3136,5.354749532671121e-07,0,0,unlabeled
3137,7.658742106286809e-05,0,0,unlabeled
3138,0.9962683320045471,1,1,unlabeled
3139,1.2606204791154596e-06,0,0,train
3140,0.0016990684671327472,0,0,train
3141,0.00010698974074330181,0,0,unlabeled
3142,8.835765584080946e-06,0,0,unlabeled
3143,3.3815281312854495e-06,0,0,unlabeled
3144,0.00027167267398908734,0,0,val
3145,6.776174359401921e-07,0,0,unlabeled
3146,0.9993327260017395,1,1,unlabeled
3147,3.3126038033515215e-05,0,0,train
3148,1.219397859131277e-06,0,0,train
3149,0.0008635226404294372,0,0,unlabeled
3150,4.309551513870247e-06,0,0,unlabeled
3151,0.970038652420044,1,1,train
3152,0.9974004030227661,1,1,unlabeled
3153,2.1256582272144442e-08,0,0,unlabeled
3154,0.00013866971130482852,0,0,unlabeled
3155,2.08484834729461e-06,0,0,unlabeled
3156,0.00021860965352971107,0,0,train
3157,1.9144383713864954e-06,0,0,unlabeled
3158,0.9990276098251343,1,1,unlabeled
3159,0.9960261583328247,1,1,unlabeled
3160,2.7561948172660777e-06,0,0,train
3161,8.947056812758092e-06,0,0,unlabeled
3162,7.225529543575249e-07,0,0,unlabeled
3163,0.00019449983665253967,0,0,val
3164,2.564664214332879e-08,0,0,unlabeled
3165,3.314270770715666e-06,0,0,train
3166,0.9951506853103638,1,1,unlabeled
3167,9.630524573367438e-07,0,0,unlabeled
3168,1.6855061346632283e-08,0,0,unlabeled
3169,2.2376337938112556e-07,0,0,unlabeled
3170,0.001224176725372672,0,0,unlabeled
3171,1.966360468941275e-05,0,0,unlabeled
3172,7.658742106286809e-05,0,0,train
3173,1.0861708865661512e-08,0,0,unlabeled
3174,0.994820237159729,1,1,unlabeled
3175,0.998590886592865,1,1,unlabeled
3176,3.3451776744186645e-06,0,0,unlabeled
3177,0.9972686767578125,1,1,unlabeled
3178,0.983376681804657,1,1,unlabeled
3179,0.9979256391525269,1,1,unlabeled
3180,0.998006284236908,1,1,unlabeled
3181,5.980585228826385e-06,0,0,train
3182,1.082324772028187e-07,0,0,unlabeled
3183,4.274114417057717e-06,0,0,unlabeled
3184,0.9987788796424866,1,1,unlabeled
3185,0.99367356300354,1,1,unlabeled
3186,2.3362395040749107e-06,0,0,unlabeled
3187,1.110106229162966e-08,0,0,unlabeled
3188,0.9986048340797424,1,1,unlabeled
3189,6.768152047698095e-07,0,0,unlabeled
3190,2.1989931155985687e-06,0,0,unlabeled
3191,1.0470780864579865e-07,0,0,unlabeled
3192,1.005526337394258e-05,0,0,unlabeled
3193,0.9987898468971252,1,1,unlabeled
3194,6.150841613816738e-07,0,0,unlabeled
3195,0.0018770518945530057,0,0,unlabeled
3196,0.9987708926200867,1,1,unlabeled
3197,3.825046860583825e-06,0,0,train
3198,2.0069342099304777e-06,0,0,train
3199,0.00017742898489814252,0,0,unlabeled
3200,0.9978790283203125,1,1,unlabeled
3201,2.622718966449611e-06,0,0,unlabeled
3202,1.8085448516558245e-07,0,0,unlabeled
3203,2.236435875602183e-06,0,0,unlabeled
3204,0.9962238073348999,1,1,unlabeled
3205,0.00012181386409793049,0,0,unlabeled
3206,0.9994981288909912,1,1,unlabeled
3207,0.00019755010725930333,0,0,unlabeled
3208,3.593148676372948e-06,0,0,unlabeled
3209,0.998975396156311,1,1,unlabeled
3210,1.2830785180995008e-06,0,0,unlabeled
3211,5.267438154987758e-06,0,0,unlabeled
3212,1.6855061346632283e-08,0,0,unlabeled
3213,0.9690428972244263,1,1,unlabeled
3214,0.00014508342428598553,0,0,val
3215,2.522797046822234e-07,0,0,unlabeled
3216,7.045399343041936e-06,0,0,unlabeled
3217,0.9950318336486816,1,1,unlabeled
3218,0.002770066959783435,0,0,train
3219,0.0001262910373043269,0,0,unlabeled
3220,8.925920269575727e-07,0,0,train
3221,0.9977555871009827,1,1,train
3222,5.168094503460452e-06,0,0,val
3223,6.153153435661807e-07,0,0,train
3224,1.8726373127719853e-06,0,0,unlabeled
3225,0.0011549053015187383,0,0,train
3226,9.118188017964712e-07,0,0,unlabeled
3227,0.00013866971130482852,0,0,val
3228,4.874328169535147e-06,0,0,train
3229,4.347132926341146e-05,0,0,train
3230,2.0436314684957324e-07,0,0,unlabeled
3231,7.145846029743552e-05,0,0,unlabeled
3232,4.4676951915789687e-07,0,0,unlabeled
3233,7.475453571714752e-07,0,0,unlabeled
3234,0.9991812109947205,1,1,train
3235,0.9930663108825684,1,1,unlabeled
3236,4.8086774768307805e-05,0,0,unlabeled
3237,1.0288149496773258e-05,0,0,unlabeled
3238,1.3228851685198606e-06,0,0,unlabeled
3239,5.1699826144613326e-06,0,0,train
3240,0.0003996310115326196,0,0,unlabeled
3241,5.468543662345837e-08,0,0,unlabeled
3242,6.577420776920917e-07,0,0,unlabeled
3243,1.614873667676875e-06,0,0,unlabeled
3244,6.510476282528543e-07,0,0,unlabeled
3245,1.8593445361148042e-07,0,0,unlabeled
3246,6.850239628874988e-07,0,0,unlabeled
3247,6.423143759093364e-07,0,0,unlabeled
3248,0.9981719255447388,1,1,unlabeled
3249,0.9988366961479187,1,1,val
3250,1.923310264828615e-06,0,0,val
3251,1.3228851685198606e-06,0,0,unlabeled
3252,1.940509355335962e-05,0,0,val
3253,0.9963142275810242,1,1,unlabeled
3254,2.4815479264361784e-05,0,0,train
3255,0.0024078611750155687,0,0,unlabeled
3256,1.531100133433938e-05,0,0,unlabeled
3257,3.876012044656818e-07,0,0,unlabeled
3258,1.2050132909280364e-06,0,0,unlabeled
3259,7.83240011514863e-07,0,0,unlabeled
3260,0.00045000703539699316,0,0,train
3261,0.00042552463128231466,0,0,unlabeled
3262,0.9978000521659851,1,1,unlabeled
3263,0.00024499077699147165,0,0,unlabeled
3264,0.9976301193237305,1,1,unlabeled
3265,1.038516711560078e-05,0,0,unlabeled
3266,4.073907621204853e-05,0,0,unlabeled
3267,0.9649741649627686,1,1,unlabeled
3268,0.00027167267398908734,0,0,unlabeled
3269,1.645124575588852e-05,0,0,unlabeled
3270,0.996931791305542,1,1,train
3271,7.369175727944821e-05,0,0,unlabeled
3272,2.5204599296557717e-07,0,0,unlabeled
3273,9.481416327616898e-07,0,0,unlabeled
3274,7.86046825851372e-07,0,0,unlabeled
3275,3.98768918330461e-07,0,0,unlabeled
3276,6.670489369753341e-07,0,0,unlabeled
3277,5.230236183706438e-06,0,0,unlabeled
3278,1.148749007029437e-08,0,0,unlabeled
3279,2.4907634724513628e-05,0,0,unlabeled
3280,0.003531638067215681,0,0,unlabeled
3281,1.5013274605735205e-05,0,0,unlabeled
3282,2.541398771427339e-06,0,0,unlabeled
3283,0.9988102912902832,1,1,unlabeled
3284,4.785979967891762e-07,0,0,unlabeled
3285,3.2858868053153856e-06,0,0,unlabeled
3286,1.9554374830477173e-06,0,0,unlabeled
3287,1.1096732123405673e-05,0,0,train
3288,2.6100356990355067e-05,0,0,train
3289,9.630524573367438e-07,0,0,unlabeled
3290,1.2948621588293463e-06,0,0,train
3291,8.381552447644935e-07,0,0,unlabeled
3292,6.171087079565041e-06,0,0,train
3293,3.1469033274333924e-05,0,0,train
3294,8.172291018126998e-06,0,0,train
3295,6.661461520707235e-05,0,0,unlabeled
3296,0.9944013953208923,1,1,unlabeled
3297,2.1256582272144442e-08,0,0,unlabeled
3298,9.74600098402334e-08,0,0,unlabeled
3299,0.998127281665802,1,1,unlabeled
3300,0.9993187189102173,1,1,unlabeled
3301,7.097352408891311e-06,0,0,unlabeled
3302,0.00010698974074330181,0,0,unlabeled
3303,0.0053924331441521645,0,0,unlabeled
3304,0.9987755417823792,1,1,unlabeled
3305,1.1860782251460478e-05,0,0,train
3306,2.4725543426029617e-06,0,0,train
3307,6.176828264869982e-06,0,0,unlabeled
3308,0.0015775903593748808,0,0,unlabeled
3309,0.9993795156478882,1,1,unlabeled
3310,9.2206901172176e-06,0,0,val
3311,5.8806577385439596e-09,0,0,unlabeled
3312,1.80475282718362e-07,0,0,unlabeled
3313,0.9971702694892883,1,1,unlabeled
3314,1.3603480510937516e-06,0,0,train
3315,0.9968895316123962,1,1,train
3316,9.391163757754839e-07,0,0,unlabeled
3317,0.9975645542144775,1,1,unlabeled
3318,1.3732811794398003e-06,0,0,unlabeled
3319,1.2249243752648908e-07,0,0,unlabeled
3320,2.440153548377566e-05,0,0,unlabeled
3321,1.7422589521261245e-13,0,0,unlabeled
3322,0.9973545074462891,1,1,unlabeled
3323,0.9996047616004944,1,1,unlabeled
3324,8.603863399514466e-09,0,0,train
3325,2.372465068845031e-08,0,0,unlabeled
3326,5.427739324659342e-06,0,0,unlabeled
3327,2.8581919053749516e-09,0,0,unlabeled
3328,0.9990449547767639,1,1,unlabeled
3329,0.9995598196983337,1,1,unlabeled
3330,8.776540312283032e-07,0,0,unlabeled
3331,6.451199396906304e-07,0,0,train
3332,0.008316840045154095,0,0,unlabeled
3333,2.06572403840255e-05,0,0,train
3334,0.0001349742233287543,0,0,unlabeled
3335,0.9997392296791077,1,1,train
3336,0.9850534796714783,1,1,unlabeled
3337,2.1089361325721256e-05,0,0,unlabeled
3338,0.9955621957778931,1,1,unlabeled
3339,0.016406526789069176,0,0,unlabeled
3340,9.63849333679434e-10,0,0,unlabeled
3341,3.069249601139745e-07,0,0,unlabeled
3342,5.786884216263388e-08,0,0,unlabeled
3343,9.860203817879665e-07,0,0,unlabeled
3344,3.087269215029664e-05,0,0,unlabeled
3345,2.1772950276499614e-05,0,0,unlabeled
3346,0.001013993052765727,0,0,unlabeled
3347,3.1320923881139606e-05,0,0,unlabeled
3348,4.347132926341146e-05,0,0,unlabeled
3349,0.024619007483124733,0,0,unlabeled
3350,0.9957976341247559,1,1,unlabeled
3351,5.819963462272426e-07,0,0,train
3352,1.0840672985068522e-05,0,0,unlabeled
3353,3.830722405950837e-08,0,0,unlabeled
3354,0.0044992039911448956,0,0,unlabeled
3355,9.215425052389037e-06,0,0,unlabeled
3356,1.485710754423053e-06,0,0,unlabeled
3357,7.080134764692048e-06,0,0,unlabeled
3358,0.9964371919631958,1,1,unlabeled
3359,1.5764195268275216e-05,0,0,unlabeled
3360,1.5395337413792731e-06,0,0,unlabeled
3361,0.0003996310115326196,0,0,val
3362,0.9990112781524658,1,1,train
3363,0.00023695087293162942,0,0,unlabeled
3364,0.0001262910373043269,0,0,unlabeled
3365,0.9970189332962036,1,1,train
3366,3.830511104752077e-06,0,0,unlabeled
3367,4.267961048753932e-05,0,0,unlabeled
3368,1.7143143850262277e-05,0,0,unlabeled
3369,0.45909741520881653,0,0,unlabeled
3370,5.4960867146292e-07,0,0,unlabeled
3371,1.1735359066733508e-06,0,0,unlabeled
3372,2.374081446987475e-07,0,0,unlabeled
3373,6.54279428999871e-05,0,0,unlabeled
3374,0.9985443353652954,1,1,unlabeled
3375,0.0027050788048654795,0,0,unlabeled
3376,0.9967727065086365,1,1,unlabeled
3377,4.947041816194542e-06,0,0,unlabeled
3378,0.00010805543570313603,0,0,train
3379,9.782520464796107e-06,0,0,unlabeled
3380,0.997575581073761,1,1,unlabeled
3381,0.9974257349967957,1,1,unlabeled
3382,0.0006998328608460724,0,0,unlabeled
3383,0.0003317270602565259,0,0,train
3384,5.9870511904591694e-05,0,0,unlabeled
3385,9.161648222288932e-07,0,0,unlabeled
3386,1.4424551864067325e-06,0,0,unlabeled
3387,0.9991542100906372,1,1,val
3388,8.253244232037105e-06,0,0,unlabeled
3389,7.045392521831673e-06,0,0,unlabeled
3390,6.998070745112273e-08,0,0,train
3391,0.9892005920410156,1,1,unlabeled
3392,1.3779987284578965e-06,0,0,train
3393,0.9995194673538208,1,1,unlabeled
3394,3.218545316485688e-06,0,0,unlabeled
3395,1.1521780862722153e-07,0,0,val
3396,1.2092314136680216e-05,0,0,unlabeled
3397,0.9991306662559509,1,1,unlabeled
3398,0.023138251155614853,0,0,unlabeled
3399,0.9978950023651123,1,1,unlabeled
3400,2.0783275544999924e-07,0,0,train
3401,0.999001681804657,1,1,unlabeled
3402,0.9993394017219543,1,1,unlabeled
3403,0.9985484480857849,1,1,unlabeled
3404,0.004831195808947086,0,0,unlabeled
3405,2.957143294679554e-07,0,0,unlabeled
3406,0.0002852325269486755,0,0,unlabeled
3407,0.9983762502670288,1,1,unlabeled
3408,7.145832205424085e-05,0,0,unlabeled
3409,4.656082523979421e-07,0,0,unlabeled
3410,1.0203192459812271e-06,0,0,val
3411,4.767548034578795e-06,0,0,val
3412,4.219689344608923e-06,0,0,train
3413,0.9838210344314575,1,1,unlabeled
3414,0.9977633953094482,1,1,unlabeled
3415,0.9990456700325012,1,1,train
3416,1.2083575029464555e-06,0,0,unlabeled
3417,0.00010718610428739339,0,0,unlabeled
3418,1.7972392015508376e-05,0,0,unlabeled
3419,1.612708729226142e-05,0,0,unlabeled
3420,1.3071478406345705e-06,0,0,unlabeled
3421,0.00025339226704090834,0,0,unlabeled
3422,3.389017001609318e-05,0,0,unlabeled
3423,0.9970043301582336,1,1,unlabeled
3424,0.9977171421051025,1,1,unlabeled
3425,2.8043525162502192e-05,0,0,unlabeled
3426,0.17754457890987396,0,0,val
3427,6.880159730826563e-07,0,0,unlabeled
3428,0.9992019534111023,1,1,unlabeled
3429,8.092116559055285e-07,0,0,unlabeled
3430,5.5322316256933846e-06,0,0,unlabeled
3431,0.9978876709938049,1,1,unlabeled
3432,1.1103051065219915e-06,0,0,unlabeled
3433,1.0281254617439117e-05,0,0,unlabeled
3434,1.8810088420195825e-07,0,0,unlabeled
3435,0.0003540852922014892,0,0,train
3436,0.024208156391978264,0,0,unlabeled
3437,5.360137038223911e-06,0,0,unlabeled
3438,8.87530404725112e-09,0,0,train
3439,1.176670583191708e-08,0,0,unlabeled
3440,2.023867182288086e-06,0,0,val
3441,7.97630927991122e-05,0,0,unlabeled
3442,0.00017798597400542349,0,0,unlabeled
3443,8.327736577484757e-05,0,0,train
3444,1.3579888218373526e-06,0,0,unlabeled
3445,1.1531003707432319e-07,0,0,unlabeled
3446,0.9909798502922058,1,1,unlabeled
3447,4.108895154786296e-06,0,0,train
3448,3.750738187591196e-06,0,0,unlabeled
3449,1.6096244337404642e-07,0,0,unlabeled
3450,0.9980341792106628,1,1,unlabeled
3451,1.3657925457266629e-08,0,0,unlabeled
3452,2.1950223526800983e-05,0,0,unlabeled
3453,0.00038529184530489147,0,0,unlabeled
3454,1.69325212482363e-05,0,0,unlabeled
3455,1.0187965017394163e-05,0,0,unlabeled
3456,0.9984605312347412,1,1,unlabeled
3457,0.9985155463218689,1,1,unlabeled
3458,0.00013866971130482852,0,0,train
3459,0.99318528175354,1,1,unlabeled
3460,3.599602132453583e-05,0,0,unlabeled
3461,1.058640577866754e-06,0,0,unlabeled
3462,4.186679871054366e-05,0,0,unlabeled
3463,0.9919006824493408,1,1,unlabeled
3464,0.00018980643653776497,0,0,unlabeled
3465,6.577608928637346e-07,0,0,unlabeled
3466,0.9992989301681519,1,1,train
3467,6.249453235795954e-06,0,0,unlabeled
3468,3.222366103727836e-06,0,0,unlabeled
3469,0.9945352077484131,1,1,unlabeled
3470,4.546170202957001e-06,0,0,unlabeled
3471,3.405058123462368e-06,0,0,unlabeled
3472,3.5172251955373213e-06,0,0,unlabeled
3473,0.9996682405471802,1,1,unlabeled
3474,8.921991478949565e-10,0,0,unlabeled
3475,4.220158018597431e-07,0,0,unlabeled
3476,0.0001338154834229499,0,0,unlabeled
3477,0.0006649199058301747,0,0,unlabeled
3478,1.176670583191708e-08,0,0,unlabeled
3479,0.9994581341743469,1,1,train
3480,6.582367859664373e-06,0,0,unlabeled
3481,0.0034886901266872883,0,0,train
3482,1.0343105039112288e-08,0,0,unlabeled
3483,4.59504888724959e-21,0,0,train
3484,2.486313405825058e-06,0,0,unlabeled
3485,5.9870511904591694e-05,0,0,unlabeled
3486,0.9978156089782715,1,1,unlabeled
3487,0.0015174428699538112,0,0,unlabeled
3488,4.2114912503166124e-05,0,0,val
3489,1.0733250519479043e-06,0,0,unlabeled
3490,0.999545156955719,1,1,unlabeled
3491,7.18002556823194e-05,0,0,unlabeled
3492,0.0009390907944180071,0,0,unlabeled
3493,2.2454523787018843e-06,0,0,unlabeled
3494,0.9958493709564209,1,1,unlabeled
3495,4.083873136551119e-06,0,0,unlabeled
3496,2.6824546139891936e-08,0,0,unlabeled
3497,1.176670583191708e-08,0,0,unlabeled
3498,7.165814395193593e-07,0,0,unlabeled
3499,1.972840618691407e-05,0,0,unlabeled
3500,0.9988085031509399,1,1,unlabeled
3501,3.593148676372948e-06,0,0,unlabeled
3502,0.9990471005439758,1,1,unlabeled
3503,0.999468982219696,1,1,train
3504,5.400430836743908e-06,0,0,unlabeled
3505,5.847871307196328e-07,0,0,unlabeled
3506,0.9834011197090149,1,1,unlabeled
3507,2.4937105536082527e-06,0,0,unlabeled
3508,0.0001069896316039376,0,0,unlabeled
3509,1.1785365217065191e-07,0,0,unlabeled
3510,3.1824956749915145e-06,0,0,unlabeled
3511,1.0013540077125072e-06,0,0,unlabeled
3512,7.559278310509399e-05,0,0,unlabeled
3513,6.505225655928371e-07,0,0,unlabeled
3514,0.00027167267398908734,0,0,unlabeled
3515,0.9977619647979736,1,1,unlabeled
3516,1.3131440027791541e-05,0,0,unlabeled
3517,1.582711593073327e-05,0,0,unlabeled
3518,0.9987196922302246,1,1,unlabeled
3519,2.6961919274981483e-07,0,0,unlabeled
3520,7.078242197167128e-05,0,0,unlabeled
3521,0.0018424084410071373,0,0,unlabeled
3522,1.1352842648193473e-06,0,0,train
3523,5.9870511904591694e-05,0,0,unlabeled
3524,0.9972706437110901,1,1,unlabeled
3525,0.9955807328224182,1,1,unlabeled
3526,6.222194315341767e-07,0,0,unlabeled
3527,2.711187789827818e-06,0,0,val
3528,0.008833162486553192,0,0,unlabeled
3529,0.997887909412384,1,1,unlabeled
3530,1.081838263417012e-06,0,0,unlabeled
3531,0.013347196392714977,0,0,unlabeled
3532,4.553323014988564e-05,0,0,val
3533,0.9982170462608337,1,1,unlabeled
3534,1.0582206186882104e-06,0,0,unlabeled
3535,6.73008059948188e-07,0,0,unlabeled
3536,0.9993712306022644,1,1,unlabeled
3537,2.4888113330234773e-06,0,0,unlabeled
3538,9.124750022238004e-08,0,0,unlabeled
3539,1.4170507256494602e-06,0,0,train
3540,9.509138180874288e-06,0,0,unlabeled
3541,2.583525656518759e-06,0,0,unlabeled
3542,3.144305810565129e-05,0,0,unlabeled
3543,1.6074160157586448e-05,0,0,train
3544,0.0001770245871739462,0,0,unlabeled
3545,1.030336079566041e-06,0,0,unlabeled
3546,3.4378175769234076e-05,0,0,unlabeled
3547,1.308660671384132e-06,0,0,unlabeled
3548,2.167510501749348e-05,0,0,unlabeled
3549,2.1602966171485605e-07,0,0,unlabeled
3550,6.150841613816738e-07,0,0,unlabeled
3551,7.598059710289817e-06,0,0,unlabeled
3552,0.9962775111198425,1,1,unlabeled
3553,0.9991713762283325,1,1,unlabeled
3554,1.8910689902895683e-07,0,0,unlabeled
3555,3.0808045266894624e-05,0,0,unlabeled
3556,9.686776820672094e-07,0,0,unlabeled
3557,3.061516508751083e-06,0,0,unlabeled
3558,9.061218406714033e-06,0,0,unlabeled
3559,0.0001262910373043269,0,0,train
3560,0.1538952738046646,0,0,unlabeled
3561,4.118805009056814e-06,0,0,unlabeled
3562,3.0462670110864565e-06,0,0,unlabeled
3563,0.00029533475753851235,0,0,unlabeled
3564,1.1785365217065191e-07,0,0,unlabeled
3565,5.904555422375779e-08,0,0,unlabeled
3566,5.422800768428715e-07,0,0,unlabeled
3567,2.440424850647105e-06,0,0,unlabeled
3568,0.00011994325905106962,0,0,unlabeled
3569,8.783894145381055e-08,0,0,unlabeled
3570,5.9870511904591694e-05,0,0,train
3571,7.18002556823194e-05,0,0,unlabeled
3572,8.19991146272514e-06,0,0,unlabeled
3573,0.9993476271629333,1,1,unlabeled
3574,0.0054397545754909515,0,0,unlabeled
3575,0.9964413046836853,1,1,unlabeled
3576,0.0001349742233287543,0,0,unlabeled
3577,1.9348728983459296e-06,0,0,unlabeled
3578,1.240947557386296e-12,0,0,unlabeled
3579,5.894469482826958e-13,0,0,train
3580,0.9992948770523071,1,1,unlabeled
3581,4.347132926341146e-05,0,0,unlabeled
3582,2.199869157948342e-07,0,0,unlabeled
3583,5.9870511904591694e-05,0,0,unlabeled
3584,2.543973494084639e-07,0,0,unlabeled
3585,8.443646038358565e-06,0,0,unlabeled
3586,8.585483556089457e-06,0,0,train
3587,0.9978125095367432,1,1,unlabeled
3588,8.074787274381379e-07,0,0,unlabeled
3589,9.405796845385339e-06,0,0,unlabeled
3590,2.9611187528644223e-06,0,0,unlabeled
3591,0.9995859265327454,1,1,val
3592,0.9977458119392395,1,1,val
3593,0.9441274404525757,1,1,unlabeled
3594,0.9992183446884155,1,1,unlabeled
3595,0.9900984168052673,1,1,unlabeled
3596,1.5178526382442215e-06,0,0,unlabeled
3597,3.018778826913149e-08,0,0,train
3598,1.3652577763423324e-05,0,0,unlabeled
3599,0.9725120663642883,1,1,unlabeled
3600,3.389017001609318e-05,0,0,unlabeled
3601,0.012591895647346973,0,0,unlabeled
3602,9.684868018666748e-08,0,0,unlabeled
3603,0.00033678626641631126,0,0,unlabeled
3604,1.0743112852651393e-06,0,0,unlabeled
3605,1.3451944141706917e-05,0,0,unlabeled
3606,1.6716869000177326e-09,0,0,train
3607,5.863110345671885e-06,0,0,unlabeled
3608,0.00022145480033941567,0,0,unlabeled
3609,6.54279428999871e-05,0,0,val
3610,2.8581863542598285e-09,0,0,unlabeled
3611,0.00022734078811481595,0,0,unlabeled
3612,2.276974919368513e-05,0,0,unlabeled
3613,3.95229653804563e-06,0,0,unlabeled
3614,2.8581919053749516e-09,0,0,unlabeled
3615,0.0005356682231649756,0,0,unlabeled
3616,0.9979199767112732,1,1,unlabeled
3617,0.9884026646614075,1,1,unlabeled
3618,4.936602636007592e-06,0,0,train
3619,0.0006876357947476208,0,0,unlabeled
3620,5.904555422375779e-08,0,0,val
3621,1.6154966904144419e-12,0,0,unlabeled
3622,6.5313747654727194e-06,0,0,unlabeled
3623,2.1950223526800983e-05,0,0,unlabeled
3624,0.0009301853715442121,0,0,unlabeled
3625,2.0832860627706395e-06,0,0,unlabeled
3626,5.537455649573531e-07,0,0,train
3627,6.636644684476778e-05,0,0,unlabeled
3628,4.119868390262127e-05,0,0,train
3629,3.0808045266894624e-05,0,0,val
3630,0.006747571285814047,0,0,unlabeled
3631,0.009029502980411053,0,0,unlabeled
3632,0.9990392923355103,1,1,unlabeled
3633,1.1228264156670775e-05,0,0,unlabeled
3634,0.0003883283061441034,0,0,train
3635,7.168713977989682e-08,0,0,unlabeled
3636,7.168713977989682e-08,0,0,unlabeled
3637,1.199378175442689e-06,0,0,unlabeled
3638,1.9679719116538763e-05,0,0,unlabeled
3639,8.614640137238894e-06,0,0,unlabeled
3640,0.999347984790802,1,1,unlabeled
3641,0.0001262910373043269,0,0,unlabeled
3642,5.468742187986209e-07,0,0,train
3643,7.294881652342156e-05,0,0,unlabeled
3644,3.5770897284237435e-06,0,0,unlabeled
3645,2.448252644171589e-06,0,0,unlabeled
3646,2.22971675611916e-06,0,0,train
3647,0.9941202998161316,1,1,train
3648,7.281948001036653e-06,0,0,unlabeled
3649,0.00041376767330802977,0,0,unlabeled
3650,3.5505053758155825e-11,0,0,unlabeled
3651,6.391390797944041e-06,0,0,unlabeled
3652,1.7366652173222974e-05,0,0,unlabeled
3653,4.424695418947522e-07,0,0,unlabeled
3654,1.496725943184174e-08,0,0,train
3655,3.257071284679114e-06,0,0,val
3656,0.9991341233253479,1,1,train
3657,7.191830491137807e-07,0,0,unlabeled
3658,0.9984891414642334,1,1,unlabeled
3659,5.886018357159628e-07,0,0,unlabeled
3660,1.1618218195508234e-05,0,0,unlabeled
3661,9.782642337086145e-06,0,0,unlabeled
3662,0.9976724982261658,1,1,unlabeled
3663,2.4628864139231155e-06,0,0,unlabeled
3664,7.965498411977023e-07,0,0,unlabeled
3665,0.9956101775169373,1,1,train
3666,2.1591176846413873e-06,0,0,unlabeled
3667,1.533834392830613e-06,0,0,unlabeled
3668,0.00027167267398908734,0,0,train
3669,8.942952831603179e-07,0,0,unlabeled
3670,0.000240600886172615,0,0,unlabeled
3671,9.708735160529613e-05,0,0,unlabeled
3672,1.0470780864579865e-07,0,0,unlabeled
3673,1.7370942373418075e-07,0,0,unlabeled
3674,2.7619416869129054e-06,0,0,unlabeled
3675,7.143230504880194e-07,0,0,unlabeled
3676,0.9989689588546753,1,1,unlabeled
3677,2.206736780863139e-06,0,0,unlabeled
3678,1.378379329253221e-05,0,0,unlabeled
3679,0.0008179974392987788,0,0,unlabeled
3680,1.0448698049003724e-05,0,0,unlabeled
3681,0.0005484598805196583,0,0,unlabeled
3682,1.7418733477825299e-06,0,0,unlabeled
3683,0.00020627550838980824,0,0,train
3684,0.0001385123177897185,0,0,unlabeled
3685,8.90589603841363e-07,0,0,train
3686,1.6963075495368685e-06,0,0,unlabeled
3687,4.5269619164400865e-09,0,0,train
3688,3.1388933052767243e-07,0,0,unlabeled
3689,1.9345707187312655e-05,0,0,unlabeled
3690,0.9695234894752502,1,1,unlabeled
3691,2.134823944288655e-06,0,0,unlabeled
3692,0.0003469964722171426,0,0,unlabeled
3693,2.341927711313474e-06,0,0,unlabeled
3694,0.0002718491305131465,0,0,unlabeled
3695,1.1022584658348933e-06,0,0,unlabeled
3696,1.1602505622931858e-07,0,0,train
3697,0.9951190948486328,1,1,unlabeled
3698,3.4299282560823485e-06,0,0,unlabeled
3699,5.198635335545987e-07,0,0,unlabeled
3700,5.468543662345837e-08,0,0,unlabeled
3701,1.3413103260973003e-05,0,0,unlabeled
3702,1.9849037471431075e-06,0,0,unlabeled
3703,1.9782744402618846e-06,0,0,unlabeled
3704,0.00585130276158452,0,0,unlabeled
3705,1.9904957753169583e-06,0,0,train
3706,0.9988143444061279,1,1,unlabeled
3707,1.078742343452177e-06,0,0,unlabeled
3708,2.8090096748201177e-05,0,0,unlabeled
3709,0.9986472725868225,1,1,unlabeled
3710,0.00027902756119146943,0,0,unlabeled
3711,0.9984685778617859,1,1,unlabeled
3712,1.999344249270507e-06,0,0,train
3713,0.0005868053995072842,0,0,unlabeled
3714,0.0001349742233287543,0,0,train
3715,0.9993910789489746,1,1,unlabeled
3716,7.559278310509399e-05,0,0,unlabeled
3717,4.002326022600755e-06,0,0,unlabeled
3718,0.9691286683082581,1,1,train
3719,2.1191362975514494e-06,0,0,unlabeled
3720,6.051273544471769e-07,0,0,unlabeled
3721,1.2266888234080398e-06,0,0,unlabeled
3722,2.8576596378115937e-07,0,0,unlabeled
3723,0.9954227805137634,1,1,unlabeled
3724,5.9870511904591694e-05,0,0,unlabeled
3725,3.389017001609318e-05,0,0,unlabeled
3726,2.9611187528644223e-06,0,0,unlabeled
3727,0.9985395669937134,1,1,unlabeled
3728,3.697320778428548e-07,0,0,unlabeled
3729,0.988431990146637,1,1,unlabeled
3730,1.0235265326258292e-12,0,0,unlabeled
3731,0.9626429080963135,1,1,unlabeled
3732,8.277261258626822e-06,0,0,unlabeled
3733,8.371328021894442e-07,0,0,unlabeled
3734,2.86630165646784e-05,0,0,unlabeled
3735,1.6353840237570694e-06,0,0,unlabeled
3736,0.00013866971130482852,0,0,unlabeled
3737,1.2039095054205973e-06,0,0,train
3738,0.0006295474013313651,0,0,train
3739,0.00034691125620156527,0,0,train
3740,1.3228851685198606e-06,0,0,unlabeled
3741,3.9400107198162004e-05,0,0,unlabeled
3742,8.105856750262319e-07,0,0,unlabeled
3743,0.007116868160665035,0,0,unlabeled
3744,0.9975637197494507,1,1,unlabeled
3745,0.00027167267398908734,0,0,train
3746,0.9773201942443848,1,1,unlabeled
3747,0.008055191487073898,0,0,unlabeled
3748,0.9706750512123108,1,1,unlabeled
3749,9.997900178859709e-07,0,0,unlabeled
3750,0.9959379434585571,1,1,unlabeled
3751,7.101374194462551e-06,0,0,unlabeled
3752,6.453786681959173e-06,0,0,unlabeled
3753,0.0022237824741750956,0,0,unlabeled
3754,7.302798366026764e-09,0,0,unlabeled
3755,9.023095117299818e-06,0,0,val
3756,0.9865542650222778,1,1,unlabeled
3757,0.9996047616004944,1,1,unlabeled
3758,3.466386260697618e-05,0,0,unlabeled
3759,0.0008086058660410345,0,0,train
3760,4.882776920567267e-07,0,0,unlabeled
3761,0.00013866971130482852,0,0,train
3762,0.9964816570281982,1,1,unlabeled
3763,4.9126847443403676e-05,0,0,train
3764,0.9987375140190125,1,1,unlabeled
3765,6.448167550843209e-05,0,0,train
3766,2.0254801711416803e-05,0,0,unlabeled
3767,7.657397509319708e-05,0,0,unlabeled
3768,1.2249243752648908e-07,0,0,train
3769,2.670904279966635e-07,0,0,unlabeled
3770,0.9984081387519836,1,1,unlabeled
3771,1.5896098659595737e-07,0,0,unlabeled
3772,3.7427701045089634e-06,0,0,unlabeled
3773,0.0025973112788051367,0,0,unlabeled
3774,0.0005029670428484678,0,0,unlabeled
3775,6.54279428999871e-05,0,0,unlabeled
3776,2.690901531275918e-14,0,0,train
3777,0.9960483908653259,1,1,unlabeled
3778,2.04970347112976e-05,0,0,unlabeled
3779,1.9045761234792735e-07,0,0,train
3780,3.819290668616304e-06,0,0,unlabeled
3781,4.347137291915715e-05,0,0,unlabeled
3782,6.591619694518158e-08,0,0,train
3783,0.00018636058666743338,0,0,unlabeled
3784,0.00013866971130482852,0,0,unlabeled
3785,9.999283975048456e-06,0,0,train
3786,3.1416529964189976e-05,0,0,unlabeled
3787,7.340393608501472e-07,0,0,unlabeled
3788,1.6005786918071863e-08,0,0,unlabeled
3789,5.823300398333231e-06,0,0,unlabeled
3790,0.9605924487113953,1,1,unlabeled
3791,5.904555422375779e-08,0,0,unlabeled
3792,8.255946113422397e-07,0,0,unlabeled
3793,9.098436066778959e-07,0,0,unlabeled
3794,6.643534078420998e-08,0,0,unlabeled
3795,1.081838263417012e-06,0,0,unlabeled
3796,0.9990022778511047,1,1,unlabeled
3797,6.0175429098308086e-05,0,0,unlabeled
3798,2.2492185891564986e-08,0,0,unlabeled
3799,0.009523861110210419,0,0,unlabeled
3800,3.5215376215091965e-07,0,0,unlabeled
3801,2.966127681247599e-07,0,0,unlabeled
3802,5.7295670558232814e-05,0,0,unlabeled
3803,1.984195660043042e-05,0,0,unlabeled
3804,4.4422604332794435e-06,0,0,unlabeled
3805,5.904555422375779e-08,0,0,unlabeled
3806,0.0011549053015187383,0,0,unlabeled
3807,3.887605998897925e-06,0,0,unlabeled
3808,5.904555422375779e-08,0,0,unlabeled
3809,1.2249243752648908e-07,0,0,unlabeled
3810,3.4121017122856756e-09,0,0,unlabeled
3811,1.5457745803360012e-06,0,0,train
3812,0.9962761402130127,1,1,unlabeled
3813,9.068358849617653e-06,0,0,train
3814,7.300028528334224e-07,0,0,unlabeled
3815,2.4294999789731264e-08,0,0,unlabeled
3816,2.395557885392918e-07,0,0,train
3817,1.9202916519134305e-06,0,0,val
3818,0.9971758127212524,1,1,unlabeled
3819,2.413890740626812e-07,0,0,unlabeled
3820,0.00027902756119146943,0,0,unlabeled
3821,5.0311315135331824e-05,0,0,unlabeled
3822,6.214554559846874e-06,0,0,train
3823,0.9992879033088684,1,1,val
3824,0.9987724423408508,1,1,unlabeled
3825,1.2812678917839548e-08,0,0,train
3826,3.705779135998455e-06,0,0,unlabeled
3827,1.1851292356368504e-06,0,0,unlabeled
3828,4.262897448370495e-07,0,0,train
3829,0.9976523518562317,1,1,unlabeled
3830,0.13416576385498047,0,0,unlabeled
3831,1.0444574400025886e-05,0,0,train
3832,6.917345984902568e-08,0,0,unlabeled
3833,1.2168027296866057e-06,0,0,unlabeled
3834,4.902701107312168e-07,0,0,unlabeled
3835,4.924180529997102e-07,0,0,train
3836,1.4456597909884294e-06,0,0,unlabeled
3837,4.108895154786296e-06,0,0,unlabeled
3838,4.974026523996145e-07,0,0,unlabeled
3839,1.0631255236148718e-06,0,0,unlabeled
3840,1.7672666672297055e-06,0,0,train
3841,7.354917761404067e-05,0,0,unlabeled
3842,0.9991156458854675,1,1,train
3843,7.657397509319708e-05,0,0,unlabeled
3844,1.6096244337404642e-07,0,0,train
3845,0.9780910611152649,1,1,unlabeled
3846,2.693724582059076e-06,0,0,unlabeled
3847,0.9990830421447754,1,1,unlabeled
3848,9.918566235000981e-08,0,0,train
3849,0.9983550906181335,1,1,unlabeled
3850,3.7536651689151768e-06,0,0,unlabeled
3851,0.998975396156311,1,1,unlabeled
3852,1.5151582601902192e-06,0,0,unlabeled
3853,1.4822393268332235e-06,0,0,unlabeled
3854,3.096406544500496e-07,0,0,unlabeled
3855,1.807849798751704e-06,0,0,unlabeled
3856,6.777959629162381e-17,0,0,unlabeled
3857,0.9974581599235535,1,1,unlabeled
3858,0.9976776242256165,1,1,train
3859,0.004559522960335016,0,0,train
3860,0.9989946484565735,1,1,unlabeled
3861,7.101374194462551e-06,0,0,unlabeled
3862,3.569967020666809e-06,0,0,unlabeled
3863,6.247838882700307e-06,0,0,unlabeled
3864,0.00011348191765137017,0,0,unlabeled
3865,1.4580797369490028e-06,0,0,unlabeled
3866,6.976540021241817e-07,0,0,unlabeled
3867,5.074176669950248e-07,0,0,unlabeled
3868,5.164414233149728e-06,0,0,unlabeled
3869,6.259975634748116e-06,0,0,unlabeled
3870,0.0003718575171660632,0,0,train
3871,9.339789244222629e-07,0,0,unlabeled
3872,2.1782318526675226e-06,0,0,unlabeled
3873,3.097738590440713e-05,0,0,unlabeled
3874,2.2430701847042656e-06,0,0,unlabeled
3875,9.424693416804075e-07,0,0,train
3876,1.8725426116361632e-06,0,0,train
3877,2.53761345447856e-06,0,0,unlabeled
3878,9.439732821192592e-05,0,0,unlabeled
3879,1.5794884120623465e-06,0,0,unlabeled
3880,0.9912890195846558,1,1,unlabeled
3881,0.9984126091003418,1,1,unlabeled
3882,0.9977591037750244,1,1,unlabeled
3883,9.221686241289717e-07,0,0,train
3884,0.0001770245871739462,0,0,unlabeled
3885,1.4988047780661873e-07,0,0,train
3886,0.007593933027237654,0,0,unlabeled
3887,1.0729628456829232e-06,0,0,unlabeled
3888,1.1477283123895177e-06,0,0,unlabeled
3889,2.4706125259399414e-05,0,0,unlabeled
3890,0.0010382189648225904,0,0,unlabeled
3891,1.6841087244756636e-06,0,0,unlabeled
3892,6.918915573805862e-07,0,0,unlabeled
3893,4.168478540123033e-07,0,0,unlabeled
3894,2.5135086616501212e-06,0,0,unlabeled
3895,3.858935144762654e-07,0,0,train
3896,1.2430057722667698e-05,0,0,unlabeled
3897,3.829557954304619e-06,0,0,unlabeled
3898,1.4752748938917648e-05,0,0,unlabeled
3899,7.349129083067396e-10,0,0,unlabeled
3900,8.994217205327004e-05,0,0,unlabeled
3901,1.3061049685347825e-05,0,0,unlabeled
3902,1.4225914810594986e-06,0,0,unlabeled
3903,6.115285032137763e-06,0,0,unlabeled
3904,2.1250379234061256e-08,0,0,unlabeled
3905,1.4625542235080502e-06,0,0,unlabeled
3906,0.9997362494468689,1,1,unlabeled
3907,3.449492396612186e-06,0,0,unlabeled
3908,0.9988133907318115,1,0,unlabeled
3909,2.4340747586393263e-06,0,0,unlabeled
3910,4.424695418947522e-07,0,0,unlabeled
3911,1.606137516318995e-07,0,0,unlabeled
3912,0.0001338154834229499,0,0,unlabeled
3913,1.0848426654774812e-06,0,0,unlabeled
3914,1.7126977809311938e-06,0,0,unlabeled
3915,7.80347272666404e-06,0,0,unlabeled
3916,1.658968585616094e-06,0,0,unlabeled
3917,7.101374194462551e-06,0,0,unlabeled
3918,2.0825984847760992e-06,0,0,val
3919,0.9920045733451843,1,1,unlabeled
3920,2.528274194446567e-07,0,0,val
3921,0.010945784859359264,0,0,unlabeled
3922,0.9956886172294617,1,1,unlabeled
3923,1.6034865666370024e-06,0,0,unlabeled
3924,2.5113690753642004e-06,0,0,unlabeled
3925,0.0003996308078058064,0,0,unlabeled
3926,3.326699925310095e-06,0,0,unlabeled
3927,1.0428220775793307e-05,0,0,unlabeled
3928,0.9989020824432373,1,1,unlabeled
3929,1.7829102034738753e-06,0,0,unlabeled
3930,4.274114417057717e-06,0,0,unlabeled
3931,0.996882438659668,1,1,unlabeled
3932,2.267812487843912e-05,0,0,unlabeled
3933,7.916877393654431e-07,0,0,unlabeled
3934,1.9995752609247575e-06,0,0,unlabeled
3935,0.9983428716659546,1,1,unlabeled
3936,4.405589425005019e-05,0,0,unlabeled
3937,0.9987461566925049,1,1,train
3938,7.452210376568402e-11,0,0,train
3939,1.0139328878722154e-06,0,0,unlabeled
3940,2.9611187528644223e-06,0,0,unlabeled
3941,0.9988951086997986,1,1,unlabeled
3942,3.924592419934925e-06,0,0,unlabeled
3943,0.003941035363823175,0,0,train
3944,5.306068032950861e-06,0,0,unlabeled
3945,3.8502072641222185e-08,0,0,unlabeled
3946,0.9930146932601929,1,1,unlabeled
3947,3.713346075073787e-07,0,0,unlabeled
3948,0.00025736421230249107,0,0,unlabeled
3949,1.6005786918071863e-08,0,0,unlabeled
3950,2.8541165875139995e-07,0,0,unlabeled
3951,1.6451262126793154e-05,0,0,train
3952,2.550167891968158e-06,0,0,val
3953,1.0763032065597145e-07,0,0,unlabeled
3954,4.057270780322142e-05,0,0,train
3955,1.8025043573288713e-06,0,0,train
3956,4.243511284585111e-06,0,0,unlabeled
3957,0.007850497961044312,0,0,unlabeled
3958,0.0002835119958035648,0,0,unlabeled
3959,3.314270770715666e-06,0,0,unlabeled
3960,0.9932531714439392,1,1,unlabeled
3961,0.9977273344993591,1,1,unlabeled
3962,1.4339568679133663e-06,0,0,unlabeled
3963,0.999642014503479,1,1,train
3964,1.0912890591185942e-09,0,0,unlabeled
3965,7.564881525468081e-05,0,0,unlabeled
3966,6.411078175005969e-06,0,0,unlabeled
3967,0.001347787561826408,0,0,unlabeled
3968,2.4570613277319353e-06,0,0,unlabeled
3969,5.721154340309123e-16,0,0,unlabeled
3970,2.0377613054733956e-06,0,0,unlabeled
3971,5.6282274272234645e-06,0,0,unlabeled
3972,8.143016202666331e-06,0,0,unlabeled
3973,0.9996688365936279,1,1,unlabeled
3974,0.9989839196205139,1,1,train
3975,5.3937739721732214e-05,0,0,unlabeled
3976,2.469234004820464e-06,0,0,unlabeled
3977,0.9937951564788818,1,1,unlabeled
3978,0.022305794060230255,0,0,unlabeled
3979,1.8554986809249385e-06,0,0,unlabeled
3980,2.6143979994230904e-06,0,0,unlabeled
3981,0.9979313611984253,1,1,unlabeled
3982,0.0003614170418586582,0,0,train
3983,4.578090440077176e-08,0,0,unlabeled
3984,1.0736075637396425e-06,0,0,unlabeled
3985,5.4695005928806495e-06,0,0,unlabeled
3986,1.7958641365112271e-06,0,0,unlabeled
3987,0.9958226680755615,1,1,unlabeled
3988,0.9959663152694702,1,1,unlabeled
3989,1.0743112852651393e-06,0,0,train
3990,7.599709874739347e-07,0,0,train
3991,7.185913659668586e-07,0,0,train
3992,3.0697963615544666e-10,0,0,unlabeled
3993,8.060430900513893e-07,0,0,unlabeled
3994,1.2393270480970386e-05,0,0,unlabeled
3995,1.3501671674021054e-06,0,0,unlabeled
3996,5.491331648954656e-06,0,0,unlabeled
3997,0.9919683337211609,1,1,unlabeled
3998,5.532731393032009e-07,0,0,train
3999,9.472648230257619e-07,0,0,unlabeled
4000,0.9925409555435181,1,1,unlabeled
4001,5.4811971494928e-06,0,0,unlabeled
4002,0.0001349742233287543,0,0,unlabeled
4003,0.0017183568561449647,0,0,train
4004,0.9994263648986816,1,1,unlabeled
4005,4.321334017731715e-06,0,0,unlabeled
4006,0.9989894032478333,1,1,train
4007,3.693302278406918e-05,0,0,val
4008,0.9974429607391357,1,1,unlabeled
4009,2.2415113107854268e-06,0,0,unlabeled
4010,7.982097486092243e-06,0,0,unlabeled
4011,1.7867673705040943e-06,0,0,train
4012,1.3778404536424205e-05,0,0,train
4013,0.9989357590675354,1,1,train
4014,4.634181550500216e-06,0,0,unlabeled
4015,1.1717571396729909e-05,0,0,unlabeled
4016,0.9913690686225891,1,1,train
4017,1.1690059182001278e-05,0,0,unlabeled
4018,8.638891131340642e-07,0,0,unlabeled
4019,2.500159098417498e-06,0,0,unlabeled
4020,2.768611921055708e-05,0,0,unlabeled
4021,1.8104309447153355e-06,0,0,unlabeled
4022,6.448167550843209e-05,0,0,unlabeled
4023,0.9991938471794128,1,1,val
4024,1.6841087244756636e-06,0,0,unlabeled
4025,1.47272544381849e-06,0,0,unlabeled
4026,4.8886054173635785e-06,0,0,unlabeled
4027,5.8380860536999535e-06,0,0,unlabeled
4028,0.0005473047494888306,0,0,unlabeled
4029,1.1602505622931858e-07,0,0,unlabeled
4030,6.1401151469908655e-06,0,0,unlabeled
4031,7.571571131848032e-06,0,0,unlabeled
4032,4.82613950225641e-06,0,0,unlabeled
4033,3.425280738156289e-05,0,0,unlabeled
4034,4.1623483411967754e-05,0,0,unlabeled
4035,0.9984092116355896,1,1,unlabeled
4036,3.369867044966668e-05,0,0,unlabeled
4037,2.846056986527401e-06,0,0,unlabeled
4038,1.984195660043042e-05,0,0,unlabeled
4039,1.8872514662149342e-09,0,0,unlabeled
4040,7.33375345589593e-05,0,0,unlabeled
4041,6.448167550843209e-05,0,0,unlabeled
4042,0.00027167267398908734,0,0,unlabeled
4043,0.9995431900024414,1,1,unlabeled
4044,8.64277183154627e-07,0,0,train
4045,0.9951382279396057,1,1,unlabeled
4046,0.00010637863306328654,0,0,unlabeled
4047,1.3596251847047824e-05,0,0,unlabeled
4048,0.00017940800171345472,0,0,unlabeled
4049,2.5239887690986507e-06,0,0,unlabeled
4050,7.439279215759598e-06,0,0,val
4051,1.6890031702132546e-06,0,0,train
4052,1.2607720236701425e-06,0,0,unlabeled
4053,3.669317948151729e-06,0,0,unlabeled
4054,5.543512543226825e-06,0,0,unlabeled
4055,2.6833429274120135e-06,0,0,unlabeled
4056,0.9994833469390869,1,1,unlabeled
4057,0.9996795654296875,1,1,unlabeled
4058,0.9989097118377686,1,1,unlabeled
4059,1.1945195410589804e-07,0,0,train
4060,9.409049539499392e-07,0,0,unlabeled
4061,1.7778895653464133e-06,0,0,unlabeled
4062,0.0003996308078058064,0,0,unlabeled
4063,8.546310255042044e-07,0,0,unlabeled
4064,1.1377759619790595e-05,0,0,unlabeled
4065,1.1541361573108588e-06,0,0,train
4066,8.1562357081566e-06,0,0,train
4067,1.2688111610259512e-06,0,0,unlabeled
4068,4.404992978379596e-06,0,0,train
4069,0.00014103415014687926,0,0,unlabeled
4070,5.391176500779693e-07,0,0,unlabeled
4071,0.9992496371269226,1,1,unlabeled
4072,6.097507707636396e-07,0,0,train
4073,0.9980407357215881,1,1,unlabeled
4074,3.593148676372948e-06,0,0,unlabeled
4075,2.395557885392918e-07,0,0,unlabeled
4076,2.8322751859377604e-06,0,0,unlabeled
4077,3.535614268912468e-06,0,0,val
4078,3.926701901946217e-05,0,0,unlabeled
4079,2.7807357128040167e-06,0,0,unlabeled
4080,5.317901468515629e-06,0,0,unlabeled
4081,8.371328021894442e-07,0,0,train
4082,8.868112786331039e-07,0,0,unlabeled
4083,5.400119675869064e-07,0,0,unlabeled
4084,0.0001338154834229499,0,0,unlabeled
4085,1.6697140381438658e-06,0,0,unlabeled
4086,4.4422604332794435e-06,0,0,unlabeled
4087,1.0879710327094116e-11,0,0,unlabeled
4088,5.808258833894797e-07,0,0,unlabeled
4089,0.0001349742233287543,0,0,unlabeled
4090,8.942952831603179e-07,0,0,unlabeled
4091,2.0994386431993917e-05,0,0,train
4092,7.234176564452355e-07,0,0,unlabeled
4093,0.0004898367915302515,0,0,unlabeled
4094,5.731537271458365e-07,0,0,unlabeled
4095,0.9995381832122803,1,1,unlabeled
4096,4.347137291915715e-05,0,0,unlabeled
4097,5.108729601488449e-05,0,0,unlabeled
4098,1.9390326997381635e-06,0,0,unlabeled
4099,0.012346386909484863,0,0,unlabeled
4100,1.3241940450825496e-06,0,0,unlabeled
4101,0.00526316836476326,0,0,unlabeled
4102,8.84102628333494e-05,0,0,unlabeled
4103,6.70787301260134e-08,0,0,unlabeled
4104,0.9984928369522095,1,1,unlabeled
4105,0.9987165927886963,1,1,unlabeled
4106,6.331668555503711e-05,0,0,unlabeled
4107,0.04040348529815674,0,0,unlabeled
4108,8.94296078968182e-07,0,0,train
4109,1.737548132041411e-06,0,0,unlabeled
4110,6.448167550843209e-05,0,0,unlabeled
4111,2.01741058845073e-05,0,0,unlabeled
4112,1.984901928153704e-06,0,0,unlabeled
4113,2.673103381312103e-06,0,0,unlabeled
4114,0.0009412254439666867,0,0,unlabeled
4115,3.8178237105057633e-07,0,0,train
4116,3.430643857882387e-07,0,0,unlabeled
4117,0.9988837838172913,1,1,unlabeled
4118,1.0547486226641922e-06,0,0,unlabeled
4119,1.7767380995792337e-05,0,0,unlabeled
4120,8.051057420743746e-07,0,0,unlabeled
4121,7.254150058422226e-10,0,0,unlabeled
4122,4.8086774768307805e-05,0,0,val
4123,0.00011357014591339976,0,0,unlabeled
4124,0.9991939663887024,1,1,unlabeled
4125,7.072385778883472e-05,0,0,val
4126,0.995513379573822,1,1,unlabeled
4127,1.546168135746484e-07,0,0,unlabeled
4128,0.9987667798995972,1,1,train
4129,2.5669553451734828e-06,0,0,unlabeled
4130,0.0001385123177897185,0,0,unlabeled
4131,2.4588785890955478e-05,0,0,unlabeled
4132,0.006517816334962845,0,0,unlabeled
4133,5.9870511904591694e-05,0,0,unlabeled
4134,3.398535497467492e-08,0,0,unlabeled
4135,0.0001338154834229499,0,0,unlabeled
4136,3.881186330545461e-06,0,0,unlabeled
4137,5.0501917030487675e-06,0,0,unlabeled
4138,4.1006551327882335e-06,0,0,unlabeled
4139,0.0005879219388589263,0,0,unlabeled
4140,9.289634590459173e-07,0,0,unlabeled
4141,5.478150796989212e-06,0,0,unlabeled
4142,0.9984194040298462,1,1,train
4143,2.890234043206874e-07,0,0,unlabeled
4144,0.999169111251831,1,1,unlabeled
4145,0.996268630027771,1,1,unlabeled
4146,0.9997064471244812,1,1,unlabeled
4147,6.298612333921483e-06,0,0,unlabeled
4148,2.2589927084482042e-06,0,0,unlabeled
4149,0.9975237250328064,1,1,unlabeled
4150,3.898867362295277e-06,0,0,unlabeled
4151,1.7989006664720364e-05,0,0,unlabeled
4152,1.5227023197894596e-07,0,0,unlabeled
4153,1.4145176692181849e-06,0,0,unlabeled
4154,4.527033183876483e-07,0,0,unlabeled
4155,0.00035544740967452526,0,0,unlabeled
4156,9.916614089888753e-07,0,0,unlabeled
4157,5.673585974363959e-07,0,0,unlabeled
4158,4.049739800393581e-06,0,0,unlabeled
4159,1.2858498848800082e-05,0,0,unlabeled
4160,0.0030096552800387144,0,0,train
4161,3.639059192872551e-11,0,0,unlabeled
4162,0.00010698974074330181,0,0,unlabeled
4163,0.9977772831916809,1,1,unlabeled
4164,7.657397509319708e-05,0,0,unlabeled
4165,0.02861904352903366,0,0,unlabeled
4166,4.2114912503166124e-05,0,0,train
4167,0.9325500130653381,1,1,unlabeled
4168,0.0035740139428526163,0,0,unlabeled
4169,0.9990905523300171,1,1,unlabeled
4170,7.101374194462551e-06,0,0,unlabeled
4171,6.288129839049361e-07,0,0,train
4172,0.9981049299240112,1,1,unlabeled
4173,0.9977351427078247,1,1,unlabeled
4174,2.5258712412323803e-05,0,0,unlabeled
4175,1.7746016283126664e-06,0,0,unlabeled
4176,0.0006453066016547382,0,0,unlabeled
4177,0.00017965126608032733,0,0,unlabeled
4178,0.999224066734314,1,1,unlabeled
4179,6.882729940116405e-05,0,0,unlabeled
4180,2.746557356658741e-06,0,0,train
4181,0.998443067073822,1,1,unlabeled
4182,1.210315332400569e-07,0,0,unlabeled
4183,0.9988232254981995,1,1,unlabeled
4184,5.124300059833331e-07,0,0,unlabeled
4185,5.400114559961366e-07,0,0,unlabeled
4186,0.0003996308078058064,0,0,unlabeled
4187,5.9870511904591694e-05,0,0,unlabeled
4188,5.97613905028993e-08,0,0,unlabeled
4189,7.657397509319708e-05,0,0,train
4190,0.00028713318170048296,0,0,train
4191,0.9989662170410156,1,1,unlabeled
4192,7.18002556823194e-05,0,0,val
4193,1.5107420040294528e-05,0,0,unlabeled
4194,2.1250379234061256e-08,0,0,unlabeled
4195,6.415751158783678e-06,0,0,unlabeled
4196,0.9993749260902405,1,1,unlabeled
4197,1.5227051619604026e-07,0,0,unlabeled
4198,5.7295670558232814e-05,0,0,unlabeled
4199,2.395557885392918e-07,0,0,unlabeled
4200,3.2602522992419836e-07,0,0,unlabeled
4201,1.8896043840754828e-08,0,0,val
4202,5.09142728333245e-06,0,0,unlabeled
4203,9.74600098402334e-08,0,0,unlabeled
4204,1.2174987773505563e-07,0,0,unlabeled
4205,0.9985126852989197,1,1,train
4206,1.888021188278799e-06,0,0,train
4207,0.9992079138755798,1,1,unlabeled
4208,6.153153435661807e-07,0,0,unlabeled
4209,0.9979081153869629,1,1,unlabeled
4210,1.984195660043042e-05,0,0,unlabeled
4211,0.9979816675186157,1,1,unlabeled
4212,0.9734348654747009,1,1,val
4213,0.001718601444736123,0,0,train
4214,5.445917850011028e-06,0,0,unlabeled
4215,0.0003996308078058064,0,0,unlabeled
4216,7.439790351781994e-06,0,0,unlabeled
4217,1.1602484306649785e-07,0,0,unlabeled
4218,0.017880897969007492,0,0,unlabeled
4219,0.9991416931152344,1,1,val
4220,2.8254523840587353e-06,0,0,unlabeled
4221,6.448167550843209e-05,0,0,unlabeled
4222,5.532731393032009e-07,0,0,val
4223,7.559271034551784e-05,0,0,unlabeled
4224,1.0749059583758935e-05,0,0,train
4225,5.684879215550609e-05,0,0,unlabeled
4226,0.0011017319047823548,0,0,unlabeled
4227,0.9972841739654541,1,1,unlabeled
4228,1.1275113820374827e-06,0,0,unlabeled
4229,1.7704363699522219e-06,0,0,unlabeled
4230,7.881516467023175e-06,0,0,unlabeled
4231,4.347137291915715e-05,0,0,train
4232,0.9984562397003174,1,1,unlabeled
4233,1.0755035191323259e-06,0,0,unlabeled
4234,0.004521605558693409,0,0,unlabeled
4235,3.0808045266894624e-05,0,0,unlabeled
4236,9.402177738593309e-07,0,0,unlabeled
4237,0.0007902563083916903,0,0,unlabeled
4238,0.0007700230926275253,0,0,unlabeled
4239,0.945980429649353,1,1,unlabeled
4240,3.7303050248738145e-06,0,0,unlabeled
4241,5.7295670558232814e-05,0,0,unlabeled
4242,7.168713977989682e-08,0,0,unlabeled
4243,3.593148676372948e-06,0,0,unlabeled
4244,0.00018270181317348033,0,0,unlabeled
4245,1.6013502772693755e-06,0,0,unlabeled
4246,5.086056376057968e-07,0,0,unlabeled
4247,1.564942613185849e-05,0,0,unlabeled
4248,8.21002231532475e-07,0,0,unlabeled
4249,0.982417106628418,1,1,unlabeled
4250,1.6463959582324605e-06,0,0,unlabeled
4251,1.8643370367499301e-06,0,0,unlabeled
4252,1.1842836755704411e-07,0,0,train
4253,1.7370942373418075e-07,0,0,train
4254,0.9990957975387573,1,1,unlabeled
4255,0.9991281628608704,1,1,val
4256,7.18002556823194e-05,0,0,unlabeled
4257,8.977714287539129e-07,0,0,unlabeled
4258,1.2723854524665512e-05,0,0,train
4259,0.9989849925041199,1,1,unlabeled
4260,3.043771289699959e-13,0,0,unlabeled
4261,7.101374194462551e-06,0,0,unlabeled
4262,0.0006195849855430424,0,0,unlabeled
4263,0.9988980293273926,1,1,unlabeled
4264,1.1602484306649785e-07,0,0,unlabeled
4265,1.5364257706096396e-06,0,0,unlabeled
4266,1.7867419046524446e-06,0,0,unlabeled
4267,0.0012713209725916386,0,0,unlabeled
4268,1.3237088580808631e-07,0,0,unlabeled
4269,9.57023416958691e-07,0,0,unlabeled
4270,1.3470764315570705e-05,0,0,train
4271,1.2249243752648908e-07,0,0,unlabeled
4272,6.185129564073577e-07,0,0,train
4273,0.99854975938797,1,1,unlabeled
4274,0.0006032029050402343,0,0,unlabeled
4275,0.00035353092243894935,0,0,unlabeled
4276,3.32839022121334e-07,0,0,unlabeled
4277,7.321419275285734e-07,0,0,unlabeled
4278,0.9989206790924072,1,1,unlabeled
4279,3.345296661905195e-08,0,0,unlabeled
4280,9.549138439979288e-07,0,0,unlabeled
4281,4.629145405488089e-05,0,0,unlabeled
4282,0.9988394379615784,1,1,train
4283,6.54279428999871e-05,0,0,unlabeled
4284,8.403880201512948e-06,0,0,unlabeled
4285,1.841285552472982e-06,0,0,unlabeled
4286,8.443646038358565e-06,0,0,unlabeled
4287,3.9932288927957416e-05,0,0,unlabeled
4288,2.1321879103197716e-05,0,0,unlabeled
4289,2.4876775569282472e-05,0,0,unlabeled
4290,0.9979580640792847,1,1,unlabeled
4291,1.1022584658348933e-06,0,0,unlabeled
4292,7.544721484009642e-06,0,0,unlabeled
4293,3.389162156963721e-05,0,0,train
4294,0.9990631937980652,1,1,unlabeled
4295,0.0002495409280527383,0,0,unlabeled
4296,9.844052328844555e-07,0,0,unlabeled
4297,9.288368119086954e-07,0,0,unlabeled
4298,3.658249170257477e-06,0,0,val
4299,1.7688331581666716e-06,0,0,unlabeled
4300,4.057270780322142e-05,0,0,unlabeled
4301,0.998440682888031,1,1,unlabeled
4302,3.4877380130637903e-06,0,0,unlabeled
4303,1.4411707525141537e-05,0,0,unlabeled
4304,2.36631706229673e-07,0,0,unlabeled
4305,1.5675974509576918e-06,0,0,unlabeled
4306,0.00358617608435452,0,0,unlabeled
4307,8.783894145381055e-08,0,0,unlabeled
4308,0.008097887970507145,0,0,unlabeled
4309,5.43511532669072e-06,0,0,unlabeled
4310,5.43511532669072e-06,0,0,unlabeled
4311,0.015292331576347351,0,0,train
4312,3.2903144528972916e-06,0,0,train
4313,0.9967879056930542,1,1,unlabeled
4314,0.9986802935600281,1,1,val
4315,0.9463269114494324,1,1,unlabeled
4316,0.00017742898489814252,0,0,unlabeled
4317,1.9007942455573357e-06,0,0,unlabeled
4318,2.662953875187668e-06,0,0,unlabeled
4319,0.00027167267398908734,0,0,val
4320,3.0457385946647264e-06,0,0,unlabeled
4321,3.360136986430007e-07,0,0,unlabeled
4322,7.101374194462551e-06,0,0,unlabeled
4323,9.714558473206125e-07,0,0,train
4324,0.9988196492195129,1,1,train
4325,0.00017070553440134972,0,0,unlabeled
4326,3.0908038752386346e-05,0,0,train
4327,1.947762626741678e-07,0,0,unlabeled
4328,0.00027902756119146943,0,0,unlabeled
4329,4.848202661378309e-05,0,0,train
4330,0.0001338154834229499,0,0,unlabeled
4331,0.0005919199320487678,0,0,train
4332,1.0425396794744302e-05,0,0,unlabeled
4333,8.277379492938053e-06,0,0,val
4334,5.391176500779693e-07,0,0,unlabeled
4335,3.530096364556812e-05,0,0,unlabeled
4336,3.459961988028226e-07,0,0,unlabeled
4337,0.9989832043647766,1,1,unlabeled
4338,4.448602794582257e-06,0,0,unlabeled
4339,1.4936536274490209e-07,0,0,unlabeled
4340,0.9984662532806396,1,1,val
4341,1.2300765774853062e-05,0,0,unlabeled
4342,5.532741624847404e-07,0,0,unlabeled
4343,2.1604697053589916e-07,0,0,unlabeled
4344,8.542206160200294e-06,0,0,unlabeled
4345,0.9988032579421997,1,1,unlabeled
4346,5.731537271458365e-07,0,0,unlabeled
4347,3.4324348234804347e-06,0,0,unlabeled
4348,2.4937105536082527e-06,0,0,unlabeled
4349,0.9919642210006714,1,1,unlabeled
4350,0.0002169522049371153,0,0,unlabeled
4351,0.9984128475189209,1,1,unlabeled
4352,0.9973028898239136,1,1,unlabeled
4353,6.917345984902568e-08,0,0,unlabeled
4354,0.9983034133911133,1,1,unlabeled
4355,0.9972270131111145,1,1,unlabeled
4356,0.0007501202053390443,0,0,train
4357,1.378379329253221e-05,0,0,unlabeled
4358,0.00011226888454984874,0,0,unlabeled
4359,3.219561449441244e-06,0,0,unlabeled
4360,3.2890770285121107e-07,0,0,unlabeled
4361,3.045916798782855e-07,0,0,val
4362,0.9994202852249146,1,1,unlabeled
4363,2.9408363388938596e-06,0,0,unlabeled
4364,9.675682122178841e-06,0,0,unlabeled
4365,1.4088463103689719e-05,0,0,unlabeled
4366,3.6608557252293394e-07,0,0,unlabeled
4367,5.7560959248803556e-05,0,0,train
4368,2.0930240225425223e-06,0,0,unlabeled
4369,0.00045086987665854394,0,0,unlabeled
4370,0.001531508401967585,0,0,train
4371,0.0003650782164186239,0,0,train
4372,1.150295702245785e-06,0,0,train
4373,7.33375345589593e-05,0,0,unlabeled
4374,4.139356406085426e-06,0,0,unlabeled
4375,0.00027902756119146943,0,0,unlabeled
4376,3.300062417110894e-06,0,0,unlabeled
4377,0.0006295474013313651,0,0,unlabeled
4378,6.735141511171605e-08,0,0,unlabeled
4379,1.3402531067185919e-06,0,0,unlabeled
4380,0.012286809273064137,0,0,unlabeled
4381,5.921432148170425e-06,0,0,unlabeled
4382,9.496492339167162e-07,0,0,unlabeled
4383,6.448167550843209e-05,0,0,train
4384,0.0001349742233287543,0,0,train
4385,3.105312543993932e-06,0,0,unlabeled
4386,1.0312716767657548e-05,0,0,unlabeled
4387,2.022679268520733e-07,0,0,train
4388,0.0013526857364922762,0,0,train
4389,3.208416728739394e-06,0,0,train
4390,2.096889329550322e-05,0,0,unlabeled
4391,7.559278310509399e-05,0,0,unlabeled
4392,1.2811381111532683e-06,0,0,train
4393,2.985812841416191e-07,0,0,train
4394,0.9982944130897522,1,1,unlabeled
4395,3.763396705380728e-07,0,0,unlabeled
4396,5.671471626556013e-06,0,0,unlabeled
4397,7.150802616706642e-07,0,0,val
4398,2.092692511723726e-06,0,0,unlabeled
4399,7.559278310509399e-05,0,0,unlabeled
4400,3.069246758968802e-07,0,0,unlabeled
4401,8.616229507651951e-09,0,0,unlabeled
4402,1.7608435882721096e-06,0,0,unlabeled
4403,0.0001338154834229499,0,0,train
4404,1.0312716767657548e-05,0,0,unlabeled
4405,1.9849037471431075e-06,0,0,unlabeled
4406,0.0008025698480196297,0,0,unlabeled
4407,8.86244833964156e-07,0,0,train
4408,0.0007684840238653123,0,0,unlabeled
4409,3.314253405051204e-08,0,0,train
4410,0.9488136172294617,1,1,unlabeled
4411,0.9992214441299438,1,1,unlabeled
4412,2.830616949722753e-06,0,0,val
4413,0.00027167267398908734,0,0,unlabeled
4414,3.0373610570677556e-05,0,0,train
4415,3.967534922821869e-08,0,0,unlabeled
4416,1.384036659146659e-05,0,0,unlabeled
4417,6.534558451676276e-06,0,0,unlabeled
4418,1.6061406427070324e-07,0,0,unlabeled
4419,6.249453235795954e-06,0,0,unlabeled
4420,0.9986949563026428,1,1,unlabeled
4421,0.9970207810401917,1,1,unlabeled
4422,8.9921013568528e-07,0,0,unlabeled
4423,0.00027902756119146943,0,0,unlabeled
4424,0.001693290425464511,0,0,unlabeled
4425,0.999297022819519,1,1,unlabeled
4426,8.818716423775186e-07,0,0,train
4427,0.9928372502326965,1,1,unlabeled
4428,1.6561720258323476e-05,0,0,unlabeled
4429,0.9906506538391113,1,1,train
4430,0.9981493949890137,1,1,train
4431,0.0001770245871739462,0,0,unlabeled
4432,0.9983924031257629,1,1,unlabeled
4433,1.7625436157686636e-05,0,0,unlabeled
4434,9.997900178859709e-07,0,0,unlabeled
4435,3.7303050248738145e-06,0,0,unlabeled
4436,1.298229790336336e-07,0,0,unlabeled
4437,4.4930517084651456e-09,0,0,unlabeled
4438,5.7531746477934576e-08,0,0,unlabeled
4439,2.2221192921279e-06,0,0,unlabeled
4440,0.9984657764434814,1,1,unlabeled
4441,3.5884709177480545e-06,0,0,unlabeled
4442,5.196901042836544e-07,0,0,unlabeled
4443,0.9993674159049988,1,1,unlabeled
4444,1.3723033589485567e-06,0,0,unlabeled
4445,8.527839781891089e-06,0,0,unlabeled
4446,1.936700937221758e-05,0,0,unlabeled
4447,0.02148747444152832,0,0,unlabeled
4448,0.9987308382987976,1,1,unlabeled
4449,6.295231742114993e-06,0,0,unlabeled
4450,0.0008428586879745126,0,0,unlabeled
4451,4.347137291915715e-05,0,0,unlabeled
4452,0.9980056881904602,1,1,unlabeled
4453,3.896985435858369e-05,0,0,unlabeled
4454,2.331756604689872e-06,0,0,unlabeled
4455,0.9829753041267395,1,1,unlabeled
4456,0.9947049021720886,1,1,val
4457,0.998386025428772,1,1,unlabeled
4458,0.9976784586906433,1,1,unlabeled
4459,2.6961919274981483e-07,0,0,unlabeled
4460,3.045916798782855e-07,0,0,unlabeled
4461,0.9965627789497375,1,1,unlabeled
4462,7.526474746555323e-06,0,0,unlabeled
4463,7.321419275285734e-07,0,0,unlabeled
4464,0.001198961166664958,0,0,unlabeled
4465,0.9988014698028564,1,1,unlabeled
4466,4.98891640745569e-05,0,0,unlabeled
4467,1.759062615747098e-05,0,0,unlabeled
4468,9.463609558224562e-07,0,0,train
4469,1.64036680416757e-06,0,0,unlabeled
4470,0.01250084862112999,0,0,unlabeled
4471,2.2482284123270802e-07,0,0,unlabeled
4472,6.791899068048224e-05,0,0,unlabeled
4473,7.452210376568402e-11,0,0,unlabeled
4474,1.0811402717081364e-05,0,0,unlabeled
4475,2.42669415229102e-07,0,0,unlabeled
4476,9.464575896345195e-07,0,0,train
4477,3.0808045266894624e-05,0,0,train
4478,0.004597711376845837,0,0,train
4479,2.768878584902268e-05,0,0,unlabeled
4480,0.9935257434844971,1,1,unlabeled
4481,0.0002169522049371153,0,0,unlabeled
4482,4.057270780322142e-05,0,0,unlabeled
4483,3.245335619794787e-06,0,0,unlabeled
4484,7.101374194462551e-06,0,0,unlabeled
4485,0.00044534445623867214,0,0,unlabeled
4486,0.9989650249481201,1,1,val
4487,0.00010334239050280303,0,0,unlabeled
4488,4.68825732014011e-07,0,0,unlabeled
4489,0.0008766129030846059,0,0,unlabeled
4490,0.9974258542060852,1,1,unlabeled
4491,1.3137312180333538e-06,0,0,train
4492,6.490969553851755e-06,0,0,train
4493,0.9980948567390442,1,1,train
4494,9.141400596490712e-07,0,0,train
4495,6.547963494085707e-06,0,0,val
4496,3.487018602754688e-07,0,0,unlabeled
4497,4.347132926341146e-05,0,0,train
4498,1.1892640259247855e-06,0,0,unlabeled
4499,1.40170959639363e-06,0,0,unlabeled
4500,0.00018091421225108206,0,0,unlabeled
4501,2.3473478449886898e-06,0,0,unlabeled
4502,8.47897263156483e-06,0,0,unlabeled
4503,0.0006921213353052735,0,0,unlabeled
4504,0.014960387721657753,0,0,unlabeled
4505,0.0003097889421042055,0,0,val
4506,2.2492185891564986e-08,0,0,unlabeled
4507,0.9979939460754395,1,1,unlabeled
4508,9.686899829830509e-06,0,0,unlabeled
4509,0.99810791015625,1,1,unlabeled
4510,1.5141922631300986e-05,0,0,unlabeled
4511,7.18002556823194e-05,0,0,unlabeled
4512,0.9991705417633057,1,1,unlabeled
4513,0.9753606915473938,1,1,unlabeled
4514,3.14726639771834e-05,0,0,unlabeled
4515,3.5342659430170897e-06,0,0,unlabeled
4516,0.00020199517894070596,0,0,unlabeled
4517,4.691200501838466e-06,0,0,unlabeled
4518,0.9961585402488708,1,1,unlabeled
4519,5.3736989968911075e-08,0,0,unlabeled
4520,2.7859199690283276e-05,0,0,unlabeled
4521,0.9949119687080383,1,0,unlabeled
4522,0.07584360241889954,0,0,unlabeled
4523,1.4111184327703086e-06,0,0,unlabeled
4524,2.366688249821891e-06,0,0,unlabeled
4525,3.3659239306871314e-06,0,0,val
4526,1.1664997145999223e-06,0,0,unlabeled
4527,3.0808045266894624e-05,0,0,unlabeled
4528,6.222189199434069e-07,0,0,val
4529,0.00017920200480148196,0,0,unlabeled
4530,3.7427666939038318e-06,0,0,unlabeled
4531,0.9980416297912598,1,1,unlabeled
4532,1.4230760825739708e-05,0,0,unlabeled
4533,0.9985552430152893,1,1,unlabeled
4534,0.999138355255127,1,1,train
4535,0.00023859675275161862,0,0,train
4536,6.320960528682917e-05,0,0,unlabeled
4537,3.0733435778529383e-06,0,0,unlabeled
4538,0.0012900258880108595,0,0,unlabeled
4539,4.384544354252284e-06,0,0,val
4540,0.99959796667099,1,1,unlabeled
4541,5.391176500779693e-07,0,0,unlabeled
4542,1.370605559714022e-06,0,0,unlabeled
4543,1.2430057722667698e-05,0,0,unlabeled
4544,1.0668808499758597e-05,0,0,unlabeled
4545,1.3341192470761598e-06,0,0,unlabeled
4546,0.9983881711959839,1,1,unlabeled
4547,7.951510383463756e-07,0,0,unlabeled
4548,1.2083575029464555e-06,0,0,unlabeled
4549,0.0006429565837606788,0,0,unlabeled
4550,0.9763086438179016,1,1,train
4551,5.675849024555646e-06,0,0,unlabeled
4552,0.9938405752182007,1,1,unlabeled
4553,0.0001262910373043269,0,0,unlabeled
4554,7.703517326262954e-07,0,0,train
4555,4.760252068081172e-06,0,0,unlabeled
4556,3.980480869358871e-06,0,0,unlabeled
4557,0.9976009726524353,1,1,train
4558,3.478552389424294e-05,0,0,train
4559,4.491435902309604e-06,0,0,train
4560,1.014849885905278e-06,0,0,unlabeled
4561,0.998569130897522,1,1,unlabeled
4562,0.9979273080825806,1,1,unlabeled
4563,6.917345984902568e-08,0,0,unlabeled
4564,0.997674286365509,1,1,unlabeled
4565,5.7295670558232814e-05,0,0,unlabeled
4566,5.143666840012884e-06,0,0,unlabeled
4567,7.503011602238985e-06,0,0,unlabeled
4568,5.324562835085089e-07,0,0,unlabeled
4569,2.78421993016309e-07,0,0,unlabeled
4570,8.256723049271386e-06,0,0,unlabeled
4571,3.027868233917985e-11,0,0,unlabeled
4572,3.5816941590383067e-07,0,0,unlabeled
4573,0.9505279660224915,1,1,unlabeled
4574,2.395555895873258e-07,0,0,unlabeled
4575,1.7688331581666716e-06,0,0,val
4576,1.0479251955075597e-07,0,0,unlabeled
4577,0.9986407160758972,1,1,unlabeled
4578,2.276974919368513e-05,0,0,unlabeled
4579,2.1996895611664513e-06,0,0,train
4580,1.113859070756007e-06,0,0,unlabeled
4581,0.9985887408256531,1,1,unlabeled
4582,3.926701901946217e-05,0,0,unlabeled
4583,2.1036167652255244e-07,0,0,unlabeled
4584,7.145846029743552e-05,0,0,val
4585,0.998859167098999,1,1,unlabeled
4586,1.1159685527672991e-05,0,0,unlabeled
4587,1.081838263417012e-06,0,0,unlabeled
4588,0.9991220831871033,1,1,train
4589,0.9990251064300537,1,1,unlabeled
4590,6.607583782169968e-05,0,0,train
4591,2.5637259568611626e-06,0,0,train
4592,4.408194854477188e-06,0,0,unlabeled
4593,0.00160427566152066,0,0,unlabeled
4594,0.9971566200256348,1,1,unlabeled
4595,3.262983955210075e-05,0,0,unlabeled
4596,0.0004654689982999116,0,0,unlabeled
4597,3.613536819102592e-06,0,0,unlabeled
4598,0.00035123195266351104,0,0,unlabeled
4599,4.265060124453157e-05,0,0,unlabeled
4600,1.0942066182906274e-05,0,0,train
4601,9.312348993262276e-06,0,0,unlabeled
4602,0.009521153755486012,0,0,unlabeled
4603,0.05600133165717125,0,0,unlabeled
4604,0.000319670740282163,0,0,unlabeled
4605,0.17454691231250763,0,0,unlabeled
4606,7.1976489834924e-07,0,0,unlabeled
4607,2.8952842967555625e-06,0,0,unlabeled
4608,0.984319269657135,1,1,unlabeled
4609,0.00011033855116693303,0,0,unlabeled
4610,0.0007483834051527083,0,0,unlabeled
4611,2.201712732130545e-06,0,0,unlabeled
4612,0.0001770245871739462,0,0,unlabeled
4613,3.805642023735345e-08,0,0,unlabeled
4614,0.9987834095954895,1,1,unlabeled
4615,0.0032467690762132406,0,0,unlabeled
4616,0.9984132051467896,1,1,unlabeled
4617,2.289936128363479e-05,0,0,unlabeled
4618,0.9989901185035706,1,1,train
4619,4.568323856801726e-05,0,0,train
4620,0.9759154319763184,1,1,train
4621,5.7295670558232814e-05,0,0,unlabeled
4622,1.6854519344633445e-06,0,0,train
4623,3.6694731697650695e-09,0,0,unlabeled
4624,0.9987000226974487,1,1,unlabeled
4625,0.00014542303688358516,0,0,unlabeled
4626,0.00028524285880848765,0,0,unlabeled
4627,0.04070430248975754,0,0,unlabeled
4628,4.057270780322142e-05,0,0,unlabeled
4629,2.641801256686449e-05,0,0,unlabeled
4630,2.0833019789279206e-06,0,0,unlabeled
4631,3.7947477267152863e-06,0,0,train
4632,0.9973914623260498,1,1,unlabeled
4633,1.4788250837227679e-06,0,0,unlabeled
4634,6.607583782169968e-05,0,0,unlabeled
4635,8.375401375815272e-05,0,0,unlabeled
4636,0.9620594382286072,1,1,train
4637,0.00010698974074330181,0,0,unlabeled
4638,3.407940675970167e-05,0,0,unlabeled
4639,3.7866175262024626e-06,0,0,unlabeled
4640,2.7807357128040167e-06,0,0,unlabeled
4641,6.236232366063632e-07,0,0,unlabeled
4642,0.9991258978843689,1,1,unlabeled
4643,2.5932388325600186e-07,0,0,unlabeled
4644,2.820522922775126e-06,0,0,unlabeled
4645,3.120729388683685e-06,0,0,unlabeled
4646,6.236232366063632e-07,0,0,unlabeled
4647,0.0001770245871739462,0,0,unlabeled
4648,0.9994435906410217,1,1,unlabeled
4649,0.00025778095005080104,0,0,unlabeled
4650,0.00010135788033949211,0,0,unlabeled
4651,0.9995458722114563,1,1,unlabeled
4652,6.743817948517972e-08,0,0,unlabeled
4653,4.2660267354222015e-06,0,0,train
4654,0.9974006414413452,1,1,unlabeled
4655,5.197111931920517e-06,0,0,unlabeled
4656,9.419355819773045e-07,0,0,train
4657,2.8199901862535626e-05,0,0,unlabeled
4658,0.998301088809967,1,1,unlabeled
4659,4.0262202674057335e-05,0,0,unlabeled
4660,0.9837478995323181,1,1,unlabeled
4661,0.9925280809402466,1,1,unlabeled
4662,1.20331708330923e-06,0,0,unlabeled
4663,0.999100923538208,1,1,unlabeled
4664,4.620804006094659e-08,0,0,unlabeled
4665,0.9995349645614624,1,1,unlabeled
4666,0.00010698974074330181,0,0,unlabeled
4667,4.09303339665712e-07,0,0,unlabeled
4668,1.6488628489241819e-06,0,0,unlabeled
4669,1.2353771694506577e-07,0,0,unlabeled
4670,3.053199907299131e-05,0,0,unlabeled
4671,0.00030222415807656944,0,0,unlabeled
4672,2.47061689151451e-06,0,0,unlabeled
4673,9.556184522807598e-06,0,0,unlabeled
4674,2.487264509909437e-06,0,0,unlabeled
4675,7.83240011514863e-07,0,0,unlabeled
4676,1.2123443866585148e-06,0,0,unlabeled
4677,4.4162979406792147e-07,0,0,val
4678,5.1337388867978007e-05,0,0,train
4679,4.121640449739061e-05,0,0,train
4680,1.1101083607911733e-08,0,0,unlabeled
4681,7.33375345589593e-05,0,0,unlabeled
4682,4.546170202957001e-06,0,0,train
4683,0.012698904611170292,0,0,unlabeled
4684,9.512050382909365e-06,0,0,unlabeled
4685,0.9982571005821228,1,1,unlabeled
4686,0.9991310238838196,1,1,unlabeled
4687,0.997142493724823,1,1,unlabeled
4688,9.945244983100565e-07,0,0,unlabeled
4689,7.145832205424085e-05,0,0,train
4690,0.9981347322463989,1,1,unlabeled
4691,0.0034886901266872883,0,0,unlabeled
4692,0.00023728390806354582,0,0,unlabeled
4693,3.3556066227902193e-06,0,0,unlabeled
4694,2.7807357128040167e-06,0,0,unlabeled
4695,1.5111959328351077e-05,0,0,unlabeled
4696,0.9961367249488831,1,1,unlabeled
4697,3.45728426509595e-06,0,0,unlabeled
4698,0.9990944862365723,1,1,unlabeled
4699,2.6454736179459815e-09,0,0,unlabeled
4700,1.118929162657878e-06,0,0,unlabeled
4701,0.012286809273064137,0,0,unlabeled
4702,5.76902539251023e-06,0,0,train
4703,2.41709528836509e-07,0,0,unlabeled
4704,1.1159685527672991e-05,0,0,unlabeled
4705,0.9983161687850952,1,1,unlabeled
4706,0.9985637068748474,1,1,unlabeled
4707,3.8133694033604115e-06,0,0,unlabeled
4708,6.321419277810492e-06,0,0,unlabeled
4709,0.9982561469078064,1,1,unlabeled
4710,3.0457385946647264e-06,0,0,unlabeled
4711,8.11236191111675e-07,0,0,unlabeled
4712,1.9980774368377752e-07,0,0,unlabeled
4713,1.3124101769790286e-06,0,0,unlabeled
4714,2.6770478195325964e-11,0,0,unlabeled
4715,0.9927582740783691,1,1,unlabeled
4716,6.428868459806836e-07,0,0,unlabeled
4717,1.761693238222506e-05,0,0,unlabeled
4718,4.100005753571168e-06,0,0,train
4719,0.004869143012911081,0,0,unlabeled
4720,6.5313747654727194e-06,0,0,train
4721,1.6021278952393914e-06,0,0,unlabeled
4722,1.1082888384805756e-08,0,0,unlabeled
4723,1.6061389374044666e-07,0,0,val
4724,5.9499902818060946e-06,0,0,unlabeled
4725,4.465510130557959e-07,0,0,val
4726,0.0001069896316039376,0,0,unlabeled
4727,0.9972406625747681,1,1,train
4728,0.999290943145752,1,1,unlabeled
4729,0.9967081546783447,1,1,unlabeled
4730,0.9987370371818542,1,1,val
4731,0.0010992619208991528,0,0,unlabeled
4732,2.904887196564232e-06,0,0,unlabeled
4733,0.9988356232643127,1,1,unlabeled
4734,0.0001549575390527025,0,0,unlabeled
4735,6.448167550843209e-05,0,0,unlabeled
4736,7.559278310509399e-05,0,0,val
4737,6.119088538980577e-06,0,0,unlabeled
4738,0.0009633701993152499,0,0,unlabeled
4739,7.93362341937609e-05,0,0,unlabeled
4740,3.467437863946543e-06,0,0,unlabeled
4741,9.396825930707564e-07,0,0,unlabeled
4742,1.927135144796921e-07,0,0,val
4743,0.9981358051300049,1,1,unlabeled
4744,8.599668035458308e-06,0,0,unlabeled
4745,1.7478157587902388e-07,0,0,unlabeled
4746,1.2522438055384555e-06,0,0,unlabeled
4747,0.9981062412261963,1,1,unlabeled
4748,0.9654491543769836,1,1,unlabeled
4749,8.269911631941795e-05,0,0,unlabeled
4750,0.9967787861824036,1,1,unlabeled
4751,0.9989890456199646,1,1,unlabeled
4752,2.989715767398593e-06,0,0,val
4753,1.6696087186574005e-05,0,0,unlabeled
4754,1.9429351596045308e-05,0,0,unlabeled
4755,8.919635729398578e-05,0,0,unlabeled
4756,6.575466159119969e-06,0,0,unlabeled
4757,0.9984513521194458,1,1,unlabeled
4758,7.18002556823194e-05,0,0,unlabeled
4759,5.74833165956079e-06,0,0,train
4760,0.0002626559289637953,0,0,unlabeled
4761,4.384544354252284e-06,0,0,unlabeled
4762,1.8217358956462704e-05,0,0,unlabeled
4763,1.384036659146659e-05,0,0,train
4764,0.0005567054031416774,0,0,unlabeled
4765,1.1646638853335389e-07,0,0,unlabeled
4766,2.4968946945591597e-06,0,0,unlabeled
4767,2.83242889054236e-06,0,0,val
4768,7.482600494768121e-07,0,0,unlabeled
4769,0.9985324144363403,1,1,unlabeled
4770,0.00016926025273278356,0,0,unlabeled
4771,1.5090165561559843e-06,0,0,unlabeled
4772,7.234169174807903e-07,0,0,unlabeled
4773,0.998056173324585,1,1,unlabeled
4774,7.145846029743552e-05,0,0,unlabeled
4775,0.01527316402643919,0,0,unlabeled
4776,5.892735771340085e-06,0,0,unlabeled
4777,7.839185514058045e-07,0,0,unlabeled
4778,0.0005226244102232158,0,0,unlabeled
4779,1.984195660043042e-05,0,0,unlabeled
4780,3.8250934863981456e-08,0,0,unlabeled
4781,9.534132345834223e-07,0,0,train
4782,7.654000910406467e-06,0,0,unlabeled
4783,5.0501917030487675e-06,0,0,unlabeled
4784,5.200423856877023e-06,0,0,val
4785,1.7608435882721096e-06,0,0,unlabeled
4786,0.00027902756119146943,0,0,unlabeled
4787,0.9989498257637024,1,1,train
4788,1.2986005231141462e-06,0,0,train
4789,2.767546725124248e-08,0,0,unlabeled
4790,3.5283213151160453e-07,0,0,unlabeled
4791,0.9985289573669434,1,1,unlabeled
4792,0.0003996308078058064,0,0,unlabeled
4793,1.2083575029464555e-06,0,0,unlabeled
4794,0.0003996308078058064,0,0,unlabeled
4795,9.979989279429446e-09,0,0,unlabeled
4796,0.9964962601661682,1,1,unlabeled
4797,7.701974391238764e-05,0,0,unlabeled
4798,2.1950223526800983e-05,0,0,unlabeled
4799,0.007444080431014299,0,0,unlabeled
4800,0.9980672001838684,1,1,train
4801,5.334984962246381e-06,0,0,val
4802,2.0446059352252632e-05,0,0,unlabeled
4803,1.485710754423053e-06,0,0,train
4804,2.416057398590965e-08,0,0,train
4805,0.000514202518388629,0,0,unlabeled
4806,1.347819136299222e-07,0,0,train
4807,0.9940251708030701,1,1,unlabeled
4808,0.0001262910373043269,0,0,unlabeled
4809,4.620804006094659e-08,0,0,unlabeled
4810,7.85562860983191e-06,0,0,unlabeled
4811,0.9980667233467102,1,1,unlabeled
4812,0.9977837204933167,1,1,unlabeled
4813,3.144305810565129e-05,0,0,unlabeled
4814,1.5385885490104556e-05,0,0,unlabeled
4815,0.9996103644371033,1,1,unlabeled
4816,0.9992697834968567,1,1,unlabeled
4817,0.998968243598938,1,1,unlabeled
4818,0.9992879033088684,1,1,train
4819,0.9730581641197205,1,1,train
4820,6.185033726069378e-06,0,0,unlabeled
4821,2.041644648898e-07,0,0,unlabeled
4822,6.993599868110323e-07,0,0,unlabeled
4823,0.00014410450239665806,0,0,unlabeled
4824,4.167256975051714e-06,0,0,unlabeled
4825,4.274114417057717e-06,0,0,unlabeled
4826,2.3300469820242142e-06,0,0,unlabeled
4827,9.038873940880876e-06,0,0,val
4828,1.2622000440387637e-06,0,0,unlabeled
4829,0.9972214698791504,1,1,unlabeled
4830,2.0349665064145483e-08,0,0,unlabeled
4831,0.0006210586288943887,0,0,unlabeled
4832,0.999325156211853,1,1,unlabeled
4833,6.54279428999871e-05,0,0,unlabeled
4834,0.9973188042640686,1,1,unlabeled
4835,5.818826139147859e-06,0,0,unlabeled
4836,6.835439307906199e-06,0,0,unlabeled
4837,1.2050109035044443e-06,0,0,unlabeled
4838,9.850974493019748e-06,0,0,unlabeled
4839,2.9682892090932e-06,0,0,unlabeled
4840,9.765982440512744e-07,0,0,unlabeled
4841,4.111967427888885e-05,0,0,unlabeled
4842,4.286907824280206e-06,0,0,unlabeled
4843,9.791235697775846e-07,0,0,unlabeled
4844,4.2034822399728e-05,0,0,train
4845,1.1816183587143314e-06,0,0,unlabeled
4846,6.157873855272555e-08,0,0,train
4847,0.0011045587016269565,0,0,unlabeled
4848,4.384544354252284e-06,0,0,unlabeled
4849,0.9984229803085327,1,1,unlabeled
4850,0.9986659288406372,1,1,unlabeled
4851,6.915603876223031e-07,0,0,unlabeled
4852,7.101374194462551e-06,0,0,train
4853,3.257071284679114e-06,0,0,unlabeled
4854,0.9991649389266968,1,1,unlabeled
4855,1.962950591405388e-06,0,0,unlabeled
4856,2.0192101146676578e-07,0,0,unlabeled
4857,4.274114417057717e-06,0,0,unlabeled
4858,0.997687816619873,1,1,val
4859,3.749555253307335e-05,0,0,train
4860,0.0002591051161289215,0,0,unlabeled
4861,0.003986679017543793,0,0,unlabeled
4862,0.9980407357215881,1,1,unlabeled
4863,0.9992491602897644,1,1,unlabeled
4864,0.9986574649810791,1,1,unlabeled
4865,0.0005924903089180589,0,0,unlabeled
4866,7.658742106286809e-05,0,0,unlabeled
4867,5.163677201380779e-07,0,0,unlabeled
4868,0.997712254524231,1,1,unlabeled
4869,5.314107625054021e-07,0,0,unlabeled
4870,0.0024359989911317825,0,0,unlabeled
4871,6.447781743190717e-06,0,0,train
4872,6.963803571125027e-06,0,0,train
4873,0.9977080821990967,1,1,val
4874,3.445362835918786e-06,0,0,val
4875,3.881186330545461e-06,0,0,unlabeled
4876,0.9994334578514099,1,1,unlabeled
4877,3.389017001609318e-05,0,0,unlabeled
4878,1.6061406427070324e-07,0,0,train
4879,1.5408248827952775e-06,0,0,unlabeled
4880,6.54279428999871e-05,0,0,unlabeled
4881,6.942379400243226e-07,0,0,unlabeled
4882,1.676919055171311e-06,0,0,unlabeled
4883,1.2711665476672351e-05,0,0,unlabeled
4884,0.012649343349039555,0,0,unlabeled
4885,1.204088448503171e-06,0,0,unlabeled
4886,1.1407074680391815e-06,0,0,unlabeled
4887,0.9715078473091125,1,1,unlabeled
4888,0.005984986666589975,0,0,train
4889,1.0473032716618036e-06,0,0,unlabeled
4890,2.4749392650846858e-06,0,0,unlabeled
4891,0.00027902756119146943,0,0,unlabeled
4892,4.196281224722043e-06,0,0,unlabeled
4893,0.998497724533081,1,1,train
4894,0.9956678152084351,1,1,unlabeled
4895,1.3080245480523445e-05,0,0,unlabeled
4896,7.145846029743552e-05,0,0,unlabeled
4897,7.982419629115611e-05,0,0,unlabeled
4898,4.341885414760327e-06,0,0,unlabeled
4899,0.9961519837379456,1,1,unlabeled
4900,5.996655818307772e-05,0,0,unlabeled
4901,7.93362341937609e-05,0,0,unlabeled
4902,3.688572292048775e-07,0,0,unlabeled
4903,5.047283775638789e-05,0,0,unlabeled
4904,1.22367896437936e-06,0,0,train
4905,4.1011476241692435e-06,0,0,unlabeled
4906,4.274114417057717e-06,0,0,train
4907,0.00010698974074330181,0,0,unlabeled
4908,2.1717831259593368e-05,0,0,unlabeled
4909,2.395557885392918e-07,0,0,unlabeled
4910,2.148188741557533e-06,0,0,unlabeled
4911,2.454587956890464e-06,0,0,unlabeled
4912,1.334308899543732e-16,0,0,unlabeled
4913,9.130970283877105e-06,0,0,unlabeled
4914,3.0808045266894624e-05,0,0,val
4915,0.9994040727615356,1,1,unlabeled
4916,0.9989414811134338,1,1,train
4917,4.852717029280029e-05,0,0,train
4918,0.9976887702941895,1,1,unlabeled
4919,9.094873743009657e-10,0,0,unlabeled
4920,5.330125532054808e-07,0,0,train
4921,0.0015623279614374042,0,0,unlabeled
4922,0.002349971793591976,0,0,unlabeled
4923,2.1602966171485605e-07,0,0,train
4924,2.7601828378465143e-07,0,0,unlabeled
4925,6.5313747654727194e-06,0,0,val
4926,3.4433978157721867e-07,0,0,unlabeled
4927,2.3530782300440478e-07,0,0,train
4928,6.320953980321065e-05,0,0,train
4929,3.339719114592299e-07,0,0,val
4930,1.5022470506664831e-05,0,0,train
4931,9.47454282140825e-06,0,0,unlabeled
4932,0.0001338154834229499,0,0,unlabeled
4933,2.0436314684957324e-07,0,0,val
4934,6.222194315341767e-07,0,0,unlabeled
4935,0.996460497379303,1,1,unlabeled
4936,0.0005156476981937885,0,0,train
4937,0.9992814660072327,1,1,unlabeled
4938,2.3155575945565943e-06,0,0,unlabeled
4939,0.00027379891253076494,0,0,unlabeled
4940,4.334536072292394e-07,0,0,unlabeled
4941,1.0288661087543005e-06,0,0,unlabeled
4942,0.9993701577186584,1,1,unlabeled
4943,2.0709589989564847e-06,0,0,train
4944,0.0006928578950464725,0,0,unlabeled
4945,1.2083575029464555e-06,0,0,unlabeled
4946,1.7521447261970025e-06,0,0,unlabeled
4947,0.0002169522049371153,0,0,unlabeled
4948,8.924627081796643e-07,0,0,unlabeled
4949,0.9768301248550415,1,0,unlabeled
4950,3.2602522992419836e-07,0,0,unlabeled
4951,0.0002495409280527383,0,0,unlabeled
4952,1.7446880065108417e-06,0,0,train
4953,1.7746016283126664e-06,0,0,unlabeled
4954,0.9986212253570557,1,1,unlabeled
4955,1.7340668136966997e-06,0,0,unlabeled
4956,2.5113690753642004e-06,0,0,unlabeled
4957,9.686899829830509e-06,0,0,unlabeled
4958,1.0566322998784017e-06,0,0,unlabeled
4959,7.916877393654431e-07,0,0,val
4960,1.9429313397267833e-05,0,0,unlabeled
4961,2.9383167543528543e-07,0,0,val
4962,0.9900984168052673,1,1,unlabeled
4963,0.999256432056427,1,1,unlabeled
4964,7.145846029743552e-05,0,0,train
4965,0.9972683191299438,1,1,unlabeled
4966,0.0015784100396558642,0,0,unlabeled
4967,0.9171932339668274,1,1,unlabeled
4968,9.309048891736893e-07,0,0,unlabeled
4969,0.9988687634468079,1,1,unlabeled
4970,7.658742106286809e-05,0,0,unlabeled
4971,2.013123889810231e-08,0,0,unlabeled
4972,0.003370388876646757,0,0,train
4973,0.9971501231193542,1,1,unlabeled
4974,0.0002697300224099308,0,0,unlabeled
4975,1.839941251091659e-05,0,0,unlabeled
4976,3.7681882076867623e-06,0,0,unlabeled
4977,2.1196282773416897e-07,0,0,unlabeled
4978,6.537175977427978e-06,0,0,unlabeled
4979,0.9962383508682251,1,1,train
4980,0.00015124515630304813,0,0,unlabeled
4981,3.389017001609318e-05,0,0,train
4982,1.7662473510426935e-06,0,0,unlabeled
4983,0.9993956089019775,1,1,train
4984,0.9955050945281982,1,1,unlabeled
4985,0.026193751022219658,0,0,unlabeled
4986,2.3097372832125984e-06,0,0,unlabeled
4987,0.0004186356090940535,0,0,unlabeled
4988,0.00010698974074330181,0,0,val
4989,0.9984708428382874,1,1,val
4990,4.3106815610371996e-06,0,0,unlabeled
4991,2.268685364015255e-07,0,0,unlabeled
4992,0.00010698974074330181,0,0,unlabeled
4993,4.316937065595994e-07,0,0,unlabeled
4994,1.9390326997381635e-06,0,0,val
4995,8.783894145381055e-08,0,0,unlabeled
4996,4.945654291077517e-05,0,0,unlabeled
4997,2.8309377739788033e-05,0,0,unlabeled
4998,0.00044198540854267776,0,0,unlabeled
4999,1.954772051249165e-05,0,0,unlabeled
5000,0.0009617580217309296,0,0,unlabeled
5001,5.549039542529499e-06,0,0,unlabeled
5002,0.0003996310115326196,0,0,unlabeled
5003,3.118920631095534e-06,0,0,unlabeled
5004,7.559278310509399e-05,0,0,unlabeled
5005,5.872914698556997e-06,0,0,unlabeled
5006,2.658236724073504e-07,0,0,unlabeled
5007,0.0013435467844828963,0,0,train
5008,1.288285460532279e-07,0,0,train
5009,0.0003996308078058064,0,0,unlabeled
5010,1.0960120562231168e-06,0,0,train
5011,3.0109274007372733e-07,0,0,unlabeled
5012,1.774618067429401e-05,0,0,train
5013,0.9437137246131897,1,1,unlabeled
5014,5.101724706753352e-13,0,0,unlabeled
5015,1.0631255236148718e-06,0,0,unlabeled
5016,5.23950666320161e-06,0,0,unlabeled
5017,4.994588834961178e-06,0,0,unlabeled
5018,0.9996670484542847,1,1,unlabeled
5019,0.9991946816444397,1,1,unlabeled
5020,2.0994386431993917e-05,0,0,train
5021,4.6940505171733093e-07,0,0,unlabeled
5022,8.94043097332542e-08,0,0,unlabeled
5023,3.9119322536862455e-06,0,0,unlabeled
5024,0.008404162712395191,0,0,unlabeled
5025,2.180046067223884e-06,0,0,unlabeled
5026,2.5964013730117586e-06,0,0,unlabeled
5027,4.594624442688655e-06,0,0,unlabeled
5028,3.8654466152365785e-06,0,0,unlabeled
5029,3.5914697491534753e-06,0,0,unlabeled
5030,1.4719950058861286e-07,0,0,unlabeled
5031,0.9980666041374207,1,1,unlabeled
5032,0.0024550752714276314,0,0,unlabeled
5033,0.9986487030982971,1,1,train
5034,4.9981385927821975e-06,0,0,unlabeled
5035,0.00010334239050280303,0,0,unlabeled
5036,1.0831784493348096e-05,0,0,unlabeled
5037,7.549009195528811e-10,0,0,unlabeled
5038,9.249237109543174e-07,0,0,unlabeled
5039,0.0016271569766104221,0,0,unlabeled
5040,1.384036659146659e-05,0,0,train
5041,1.0967461321342853e-06,0,0,unlabeled
5042,2.728608478719252e-06,0,0,train
5043,1.8511244093133428e-07,0,0,unlabeled
5044,3.0457385946647264e-06,0,0,unlabeled
5045,0.00027167267398908734,0,0,unlabeled
5046,1.7383090380462818e-05,0,0,unlabeled
5047,0.0002169522049371153,0,0,unlabeled
5048,3.629274942795746e-06,0,0,unlabeled
5049,2.497506784493453e-06,0,0,unlabeled
5050,3.3432227155572036e-06,0,0,unlabeled
5051,3.508574991428759e-06,0,0,unlabeled
5052,2.4588785890955478e-05,0,0,unlabeled
5053,2.0369943740661256e-05,0,0,unlabeled
5054,7.145846029743552e-05,0,0,unlabeled
5055,7.658742106286809e-05,0,0,unlabeled
5056,0.0002169522049371153,0,0,unlabeled
5057,1.0503035809961148e-05,0,0,unlabeled
5058,5.523601430468261e-06,0,0,unlabeled
5059,3.24006614391692e-05,0,0,unlabeled
5060,0.9990279674530029,1,1,train
5061,0.998180627822876,1,1,unlabeled
5062,0.9974411725997925,1,1,train
5063,0.00010698974074330181,0,0,unlabeled
5064,3.389017001609318e-05,0,0,train
5065,3.4367781154287513e-06,0,0,train
5066,0.9995194673538208,1,1,unlabeled
5067,4.9981385927821975e-06,0,0,unlabeled
5068,8.31478018881171e-07,0,0,unlabeled
5069,5.739977382290817e-07,0,0,unlabeled
5070,6.36014419796993e-06,0,0,unlabeled
5071,0.9857885241508484,1,1,unlabeled
5072,6.655336164840264e-06,0,0,unlabeled
5073,6.003088401485002e-06,0,0,train
5074,1.6082036609077477e-06,0,0,train
5075,0.9982226490974426,1,1,val
5076,4.2114912503166124e-05,0,0,val
5077,0.00027902756119146943,0,0,unlabeled
5078,0.9981599450111389,1,1,unlabeled
5079,1.7829102034738753e-06,0,0,unlabeled
5080,2.192626169517098e-07,0,0,unlabeled
5081,7.24649510175368e-07,0,0,unlabeled
5082,0.9908896088600159,1,1,unlabeled
5083,0.00010334239050280303,0,0,unlabeled
5084,1.920678732858505e-05,0,0,unlabeled
5085,3.0055705337872496e-06,0,0,unlabeled
5086,0.0016883219359442592,0,0,unlabeled
5087,5.391176500779693e-07,0,0,unlabeled
5088,0.0003996310115326196,0,0,unlabeled
5089,4.57024675881712e-08,0,0,unlabeled
5090,0.9988031387329102,1,1,unlabeled
5091,6.033548061168403e-07,0,0,val
5092,0.997331976890564,1,1,unlabeled
5093,1.5454988897545263e-05,0,0,unlabeled
5094,1.2812678917839548e-08,0,0,unlabeled
5095,7.678433178170962e-08,0,0,unlabeled
5096,2.4588785890955478e-05,0,0,unlabeled
5097,4.769140105054248e-07,0,0,unlabeled
5098,5.135595984029351e-07,0,0,unlabeled
5099,0.9980400204658508,1,1,train
5100,3.0780583415435103e-07,0,0,unlabeled
5101,4.4848559355159523e-07,0,0,unlabeled
5102,8.777965376793873e-06,0,0,unlabeled
5103,5.141368433214666e-07,0,0,unlabeled
5104,6.010006836731918e-05,0,0,unlabeled
5105,0.9968235492706299,1,1,unlabeled
5106,0.9909461736679077,1,1,unlabeled
5107,0.00034535868326202035,0,0,unlabeled
5108,0.0001262910373043269,0,0,unlabeled
5109,3.418161043100554e-08,0,0,unlabeled
5110,0.9983975291252136,1,1,train
5111,0.00013201993715483695,0,0,train
5112,1.971744268303155e-06,0,0,train
5113,0.9982940554618835,1,1,unlabeled
5114,0.0001770245871739462,0,0,train
5115,5.458724626805633e-05,0,0,unlabeled
5116,0.0018624416552484035,0,0,unlabeled
5117,3.486952095954621e-07,0,0,unlabeled
5118,2.5012175683514215e-05,0,0,unlabeled
5119,0.9976937174797058,1,1,unlabeled
5120,1.7727845857962166e-08,0,0,unlabeled
5121,1.7745998093232629e-06,0,0,train
5122,5.508675826604303e-07,0,0,unlabeled
5123,1.902287181110296e-07,0,0,unlabeled
5124,2.8198555810377002e-05,0,0,train
5125,7.131135362214991e-07,0,0,unlabeled
5126,1.175351485471765e-06,0,0,val
5127,1.1686776133501553e-06,0,0,unlabeled
5128,0.002932258415967226,0,0,unlabeled
5129,5.709165634470992e-06,0,0,val
5130,0.997072696685791,1,1,val
5131,0.9986655712127686,1,1,train
5132,7.336732892326836e-07,0,0,train
5133,0.9956203103065491,1,1,unlabeled
5134,4.18746548547233e-09,0,0,unlabeled
5135,3.3659239306871314e-06,0,0,unlabeled
5136,4.229412695622159e-07,0,0,val
5137,0.956138551235199,1,1,unlabeled
5138,3.0808045266894624e-05,0,0,train
5139,0.00027902756119146943,0,0,unlabeled
5140,0.9986670017242432,1,1,val
5141,1.0545096913727736e-11,0,0,unlabeled
5142,4.321334017731715e-06,0,0,unlabeled
5143,0.9895141124725342,1,1,train
5144,0.9653735756874084,1,1,unlabeled
5145,0.0037063034251332283,0,0,unlabeled
5146,0.9992842078208923,1,1,train
5147,6.54279428999871e-05,0,0,train
5148,0.9943232536315918,1,1,unlabeled
5149,0.00011143121082568541,0,0,unlabeled
5150,0.9991059899330139,1,1,unlabeled
5151,4.781609277415555e-07,0,0,train
5152,8.625552716523543e-09,0,0,unlabeled
5153,9.708344350656262e-07,0,0,val
5154,8.035562132135965e-06,0,0,unlabeled
5155,0.9982495903968811,1,1,unlabeled
5156,3.684979446916259e-06,0,0,unlabeled
5157,0.0040354011580348015,0,0,unlabeled
5158,6.120544071563927e-08,0,0,unlabeled
5159,1.2249243752648908e-07,0,0,unlabeled
5160,1.8828752672561677e-06,0,0,unlabeled
5161,0.013322144746780396,0,0,unlabeled
5162,1.2489437040130724e-06,0,0,unlabeled
5163,5.324562835085089e-07,0,0,unlabeled
5164,2.2503315904032206e-06,0,0,unlabeled
5165,5.568520577980962e-07,0,0,train
5166,2.9097366223140853e-06,0,0,unlabeled
5167,0.9986400008201599,1,1,unlabeled
5168,0.9967746138572693,1,1,unlabeled
5169,0.9984652996063232,1,1,unlabeled
5170,0.9920652508735657,1,1,unlabeled
5171,6.236232366063632e-07,0,0,unlabeled
5172,0.00043853980605490506,0,0,val
5173,0.9991126656532288,1,1,unlabeled
5174,1.3168898931326112e-06,0,0,unlabeled
5175,1.6841087244756636e-06,0,0,val
5176,1.0084418136102613e-05,0,0,unlabeled
5177,1.0470780864579865e-07,0,0,unlabeled
5178,0.0001262910373043269,0,0,unlabeled
5179,5.904555422375779e-08,0,0,unlabeled
5180,0.005163917783647776,0,0,unlabeled
5181,0.9984455704689026,1,1,val
5182,0.0010076246690005064,0,0,unlabeled
5183,5.549844445340568e-06,0,0,unlabeled
5184,0.0003996310115326196,0,0,unlabeled
5185,2.727621904341504e-05,0,0,unlabeled
5186,0.9988933205604553,1,1,unlabeled
5187,7.243842503612541e-08,0,0,train
5188,0.9979642629623413,1,1,unlabeled
5189,7.559278310509399e-05,0,0,train
5190,0.99839848279953,1,1,unlabeled
5191,3.389017001609318e-05,0,0,unlabeled
5192,0.00010698974074330181,0,0,unlabeled
5193,0.009420226328074932,0,0,unlabeled
5194,0.9623115062713623,1,1,val
5195,1.898240498121595e-07,0,0,train
5196,0.9896237254142761,1,1,val
5197,2.4779646992101334e-06,0,0,val
5198,0.00033932423684746027,0,0,unlabeled
5199,0.9709213376045227,1,1,unlabeled
5200,2.458765266055707e-06,0,0,unlabeled
5201,1.47985856528976e-05,0,0,unlabeled
5202,0.0003996308078058064,0,0,unlabeled
5203,2.428571974633087e-07,0,0,unlabeled
5204,2.774550239337259e-06,0,0,train
5205,5.7295670558232814e-05,0,0,unlabeled
5206,1.3974810144645744e-06,0,0,unlabeled
5207,8.599668035458308e-06,0,0,unlabeled
5208,3.14367025566753e-06,0,0,train
5209,1.5543395193162723e-06,0,0,train
5210,3.097738590440713e-05,0,0,unlabeled
5211,4.4104781409259886e-06,0,0,unlabeled
5212,2.8666916023212252e-06,0,0,unlabeled
5213,0.00015642786456737667,0,0,unlabeled
5214,7.93362341937609e-05,0,0,val
5215,6.998070745112273e-08,0,0,unlabeled
5216,1.1240691719649476e-06,0,0,unlabeled
5217,1.178158299808274e-06,0,0,unlabeled
5218,7.559278310509399e-05,0,0,unlabeled
5219,2.295938656970975e-06,0,0,train
5220,0.9985069632530212,1,1,unlabeled
5221,3.794328051753837e-07,0,0,unlabeled
5222,5.157417035661638e-07,0,0,unlabeled
5223,1.0746032330644084e-06,0,0,unlabeled
5224,0.0002169522049371153,0,0,unlabeled
5225,0.0001262910373043269,0,0,unlabeled
5226,7.658742106286809e-05,0,0,unlabeled
5227,5.009310939385614e-07,0,0,unlabeled
5228,3.6116525734541938e-06,0,0,unlabeled
5229,0.00018091421225108206,0,0,train
5230,5.562347951126867e-07,0,0,unlabeled
5231,0.00010281425784341991,0,0,unlabeled
5232,0.0001069896316039376,0,0,train
5233,0.9657332301139832,1,1,unlabeled
5234,0.9987531900405884,1,1,unlabeled
5235,6.767978902644245e-06,0,0,unlabeled
5236,0.9985169768333435,1,1,unlabeled
5237,0.0005657629808411002,0,0,unlabeled
5238,1.0831784493348096e-05,0,0,unlabeled
5239,2.7619416869129054e-06,0,0,unlabeled
5240,6.227109565770661e-07,0,0,unlabeled
5241,1.0720856153056957e-05,0,0,unlabeled
5242,1.6154966904144419e-12,0,0,unlabeled
5243,3.1449789616999624e-07,0,0,unlabeled
5244,0.0010366278002038598,0,0,unlabeled
5245,5.294472884997958e-06,0,0,unlabeled
5246,4.347132926341146e-05,0,0,unlabeled
5247,4.0435739379063307e-07,0,0,unlabeled
5248,3.0908038752386346e-05,0,0,unlabeled
5249,4.233601771375106e-07,0,0,unlabeled
5250,0.00027902756119146943,0,0,unlabeled
5251,1.3367363180805114e-06,0,0,unlabeled
5252,1.7915073158292216e-06,0,0,unlabeled
5253,3.976098469138378e-06,0,0,unlabeled
5254,1.7745998093232629e-06,0,0,unlabeled
5255,9.098436066778959e-07,0,0,unlabeled
5256,0.9993732571601868,1,1,unlabeled
5257,4.698354985066544e-07,0,0,unlabeled
5258,4.074524895258946e-06,0,0,unlabeled
5259,0.00014386506518349051,0,0,train
5260,0.00010334239050280303,0,0,val
5261,4.347137291915715e-05,0,0,unlabeled
5262,0.005639180541038513,0,0,unlabeled
5263,0.0005156476981937885,0,0,unlabeled
5264,0.00010765525803435594,0,0,unlabeled
5265,0.9975294470787048,1,1,unlabeled
5266,0.005896891001611948,0,0,unlabeled
5267,0.9963604807853699,1,1,unlabeled
5268,1.4499537428491749e-05,0,0,unlabeled
5269,0.9730151891708374,1,1,unlabeled
5270,7.912884029792622e-05,0,0,unlabeled
5271,9.972987982109771e-07,0,0,unlabeled
5272,1.2927130228490569e-05,0,0,unlabeled
5273,6.320960528682917e-05,0,0,train
5274,2.8625949198612943e-05,0,0,train
5275,3.25795917888172e-05,0,0,train
5276,9.449604476685636e-07,0,0,unlabeled
5277,2.654339859020638e-08,0,0,unlabeled
5278,7.870617082517128e-07,0,0,unlabeled
5279,6.565883268194739e-07,0,0,unlabeled
5280,1.7227462194568943e-06,0,0,unlabeled
5281,0.9968421459197998,1,1,unlabeled
5282,0.9989246726036072,1,1,unlabeled
5283,2.4055193534877617e-06,0,0,unlabeled
5284,1.2353771694506577e-07,0,0,unlabeled
5285,0.9989330172538757,1,1,unlabeled
5286,0.0014827902195975184,0,0,unlabeled
5287,4.4617822823056486e-06,0,0,unlabeled
5288,0.9993416666984558,1,1,unlabeled
5289,0.0010283495066687465,0,0,unlabeled
5290,5.9870511904591694e-05,0,0,unlabeled
5291,1.1785365217065191e-07,0,0,unlabeled
5292,6.591619694518158e-08,0,0,unlabeled
5293,0.9984147548675537,1,1,unlabeled
5294,9.886152838589624e-07,0,0,unlabeled
5295,2.9291591090441216e-06,0,0,unlabeled
5296,2.1481506337295286e-05,0,0,unlabeled
5297,0.0007497775950469077,0,0,unlabeled
5298,2.2766100300941616e-05,0,0,unlabeled
5299,0.0003862250305246562,0,0,train
5300,0.0004187333688605577,0,0,unlabeled
5301,0.0005094060325063765,0,0,unlabeled
5302,0.00016305963799823076,0,0,unlabeled
5303,8.596543921157718e-06,0,0,unlabeled
5304,1.2249243752648908e-07,0,0,unlabeled
5305,1.5599148639466875e-08,0,0,unlabeled
5306,7.835643373255152e-06,0,0,unlabeled
5307,0.02540033869445324,0,0,unlabeled
5308,6.072199539630674e-06,0,0,train
5309,6.259975634748116e-06,0,0,unlabeled
5310,7.18002556823194e-05,0,0,unlabeled
5311,2.7117774152429774e-05,0,0,unlabeled
5312,7.911760349088581e-07,0,0,unlabeled
5313,2.903696440625936e-06,0,0,val
5314,6.710836896672845e-05,0,0,unlabeled
5315,3.825801968559972e-07,0,0,unlabeled
5316,7.025095616342014e-09,0,0,unlabeled
5317,1.1466354408184998e-06,0,0,val
5318,0.9834011197090149,1,1,train
5319,2.3739735297567677e-06,0,0,unlabeled
5320,5.200428404350532e-06,0,0,unlabeled
5321,0.00010698974074330181,0,0,unlabeled
5322,1.1884702644238132e-06,0,0,unlabeled
5323,0.9952889680862427,1,1,train
5324,1.3791188848699676e-06,0,0,unlabeled
5325,0.9650689363479614,1,1,unlabeled
5326,0.005327356513589621,0,0,unlabeled
5327,3.144305810565129e-05,0,0,unlabeled
5328,4.2114912503166124e-05,0,0,unlabeled
5329,2.519001554901479e-06,0,0,unlabeled
5330,0.9764285683631897,1,1,unlabeled
5331,0.0027050788048654795,0,0,unlabeled
5332,5.1432111831672955e-06,0,0,unlabeled
5333,6.448167550843209e-05,0,0,train
5334,2.146687847925932e-06,0,0,unlabeled
5335,0.990155816078186,1,1,unlabeled
5336,1.3402531067185919e-06,0,0,unlabeled
5337,2.645319227667642e-06,0,0,train
5338,6.54279428999871e-05,0,0,unlabeled
5339,0.9990548491477966,1,1,unlabeled
5340,1.9849037471431075e-06,0,0,train
5341,0.9958850741386414,1,1,unlabeled
5342,8.90424144017743e-06,0,0,unlabeled
5343,8.637987775728106e-06,0,0,train
5344,2.6306122435926227e-06,0,0,unlabeled
5345,0.9981992840766907,1,1,unlabeled
5346,4.347137291915715e-05,0,0,unlabeled
5347,2.8827817004639655e-06,0,0,val
5348,3.871910666930489e-05,0,0,unlabeled
5349,1.2905189805678674e-06,0,0,unlabeled
5350,3.097738590440713e-05,0,0,unlabeled
5351,0.0011103579308837652,0,0,train
5352,4.6864198566254345e-07,0,0,unlabeled
5353,3.6307776554167503e-06,0,0,unlabeled
5354,1.582709955982864e-05,0,0,unlabeled
5355,0.0005567054031416774,0,0,unlabeled
5356,3.1449789616999624e-07,0,0,unlabeled
5357,0.9976611137390137,1,1,unlabeled
5358,3.0457385946647264e-06,0,0,unlabeled
5359,3.069249601139745e-07,0,0,train
5360,2.4706191652512643e-06,0,0,unlabeled
5361,4.462594347387494e-07,0,0,unlabeled
5362,9.68293024925515e-05,0,0,unlabeled
5363,0.9919227361679077,1,1,unlabeled
5364,4.481604264583439e-06,0,0,val
5365,2.3624264940735884e-05,0,0,unlabeled
5366,4.903701551484119e-07,0,0,train
5367,0.00030180811882019043,0,0,unlabeled
5368,3.919446044164943e-06,0,0,train
5369,2.2919200546311913e-06,0,0,unlabeled
5370,6.448167550843209e-05,0,0,unlabeled
5371,5.6825597312126774e-06,0,0,unlabeled
5372,3.343576463521458e-05,0,0,unlabeled
5373,0.0034886901266872883,0,0,unlabeled
5374,1.0021354910350055e-06,0,0,unlabeled
5375,0.9983135461807251,1,1,unlabeled
5376,1.2236812381161144e-06,0,0,unlabeled
5377,0.0001770245871739462,0,0,train
5378,0.9962387084960938,1,1,unlabeled
5379,5.279311608319404e-06,0,0,train
5380,1.461554575143964e-06,0,0,unlabeled
5381,2.6129673642572016e-06,0,0,unlabeled
5382,0.9992402791976929,1,1,train
5383,0.9965171813964844,1,1,unlabeled
5384,7.300028528334224e-07,0,0,unlabeled
5385,7.006376563367667e-06,0,0,val
5386,7.658742106286809e-05,0,0,unlabeled
5387,4.356480985734379e-06,0,0,train
5388,2.4606702027085703e-06,0,0,unlabeled
5389,0.9990459084510803,1,1,unlabeled
5390,0.9978206157684326,1,1,unlabeled
5391,0.0003996310115326196,0,0,unlabeled
5392,3.2479490528203314e-06,0,0,unlabeled
5393,2.889219672397303e-07,0,0,unlabeled
5394,0.9976540207862854,1,1,unlabeled
5395,6.502571636701759e-07,0,0,unlabeled
5396,4.529932084551547e-06,0,0,unlabeled
5397,1.984944191235627e-07,0,0,unlabeled
5398,5.857745236426126e-06,0,0,val
5399,2.013123889810231e-08,0,0,unlabeled
5400,3.788850051478221e-07,0,0,unlabeled
5401,4.347132926341146e-05,0,0,unlabeled
5402,1.1785365217065191e-07,0,0,train
5403,8.550585334887728e-06,0,0,unlabeled
5404,0.9740926027297974,1,1,val
5405,0.00019214212079532444,0,0,unlabeled
5406,0.004059387370944023,0,0,unlabeled
5407,7.145846029743552e-05,0,0,unlabeled
5408,3.144305810565129e-05,0,0,train
5409,1.6806382063805358e-06,0,0,unlabeled
5410,0.0009316372452303767,0,0,train
5411,0.0002840097586158663,0,0,unlabeled
5412,2.0089275949430885e-06,0,0,unlabeled
5413,4.456108015915561e-08,0,0,unlabeled
5414,3.7106872241565725e-07,0,0,unlabeled
5415,3.0908038752386346e-05,0,0,unlabeled
5416,3.1216475804285437e-07,0,0,train
5417,2.063333568003145e-06,0,0,unlabeled
5418,2.0983556169085205e-05,0,0,unlabeled
5419,0.00010541981464484707,0,0,unlabeled
5420,0.0006496161804534495,0,0,unlabeled
5421,0.03282925859093666,0,0,unlabeled
5422,5.936908110015793e-06,0,0,unlabeled
5423,0.0001349742233287543,0,0,unlabeled
5424,3.8139153275551507e-06,0,0,unlabeled
5425,0.9967286586761475,1,1,unlabeled
5426,0.977942168712616,1,1,unlabeled
5427,2.6579857603792334e-07,0,0,unlabeled
5428,0.0002146084443666041,0,0,unlabeled
5429,0.9979801774024963,1,1,train
5430,9.920664524543099e-06,0,0,unlabeled
5431,0.9954777359962463,1,1,unlabeled
5432,0.9972733855247498,1,1,unlabeled
5433,4.100005753571168e-06,0,0,unlabeled
5434,6.938071228645981e-10,0,0,train
5435,4.293366089314077e-07,0,0,unlabeled
5436,9.534132345834223e-07,0,0,train
5437,1.1024260970771138e-07,0,0,unlabeled
5438,1.9630964743555523e-05,0,0,unlabeled
5439,5.007704658055445e-06,0,0,unlabeled
5440,0.9977986216545105,1,1,train
5441,4.200386132663381e-12,0,0,unlabeled
5442,0.00010334239050280303,0,0,unlabeled
5443,6.222194315341767e-07,0,0,unlabeled
5444,0.9925770163536072,1,1,unlabeled
5445,0.9669185280799866,1,1,unlabeled
5446,3.0908038752386346e-05,0,0,val
5447,4.001063302894181e-08,0,0,unlabeled
5448,2.1579156964435242e-05,0,0,unlabeled
5449,6.448167550843209e-05,0,0,unlabeled
5450,1.5702631571912207e-05,0,0,unlabeled
5451,0.00010698974074330181,0,0,unlabeled
5452,0.004900880623608828,0,0,unlabeled
5453,0.9959994554519653,1,1,unlabeled
5454,0.9985513091087341,1,1,unlabeled
5455,0.0002852325269486755,0,0,unlabeled
5456,6.051539571672038e-07,0,0,train
5457,2.7807357128040167e-06,0,0,unlabeled
5458,3.825019302894361e-05,0,0,unlabeled
5459,3.221396696062584e-07,0,0,unlabeled
5460,0.9987173080444336,1,1,unlabeled
5461,2.417743644400616e-06,0,0,unlabeled
5462,2.430121810448327e-07,0,0,unlabeled
5463,1.4336057297878457e-12,0,0,unlabeled
5464,0.00013741110160481185,0,0,train
5465,0.0036536548286676407,0,0,unlabeled
5466,1.5118774854272488e-06,0,0,unlabeled
5467,0.0005113119841553271,0,0,unlabeled
5468,8.1562357081566e-06,0,0,train
5469,0.0006333647179417312,0,0,unlabeled
5470,8.876398169377353e-06,0,0,unlabeled
5471,6.924750550751924e-07,0,0,unlabeled
5472,4.380589857869155e-13,0,0,unlabeled
5473,0.9971080422401428,1,1,unlabeled
5474,0.009018233977258205,0,0,unlabeled
5475,1.4734821888851002e-05,0,0,train
5476,2.762768872344168e-06,0,0,unlabeled
5477,0.9991183876991272,1,1,train
5478,4.5030938053969294e-05,0,0,train
5479,0.9988536834716797,1,1,unlabeled
5480,6.320960528682917e-05,0,0,unlabeled
5481,1.954772051249165e-05,0,0,unlabeled
5482,0.9990406632423401,1,1,unlabeled
5483,2.665184410943766e-06,0,0,unlabeled
5484,0.9919092059135437,1,1,unlabeled
5485,4.7818481107242405e-05,0,0,train
5486,0.9984403252601624,1,1,unlabeled
5487,3.0908038752386346e-05,0,0,unlabeled
5488,7.658742106286809e-05,0,0,unlabeled
5489,0.00017243913316633552,0,0,unlabeled
5490,0.0002495409280527383,0,0,unlabeled
5491,0.0001262910373043269,0,0,unlabeled
5492,0.9991400241851807,1,1,unlabeled
5493,3.417707557673566e-05,0,0,val
5494,0.0003966100048273802,0,0,unlabeled
5495,0.9996616840362549,1,1,unlabeled
5496,9.00520603863697e-07,0,0,unlabeled
5497,4.125546638533706e-06,0,0,unlabeled
5498,0.9803183674812317,1,1,unlabeled
5499,1.1019757266694796e-06,0,0,unlabeled
5500,3.7022043670731364e-06,0,0,unlabeled
5501,2.3816744487703545e-06,0,0,unlabeled
5502,0.00017006054986268282,0,0,unlabeled
5503,9.209587403802288e-08,0,0,unlabeled
5504,0.9987310767173767,1,1,unlabeled
5505,1.236976231666631e-06,0,0,unlabeled
5506,0.9985517859458923,1,1,unlabeled
5507,0.997815728187561,1,1,unlabeled
5508,0.9981755018234253,1,1,train
5509,0.0018068134086206555,0,0,unlabeled
5510,0.9839212894439697,1,1,unlabeled
5511,6.991925147303846e-06,0,0,unlabeled
5512,0.9978487491607666,1,1,unlabeled
5513,0.9973624348640442,1,1,unlabeled
5514,3.069246758968802e-07,0,0,unlabeled
5515,5.3532687616097974e-08,0,0,unlabeled
5516,1.9020872059627436e-06,0,0,train
5517,5.154057362233289e-06,0,0,val
5518,0.0062717897817492485,0,0,train
5519,5.003436854167376e-06,0,0,unlabeled
5520,0.0001262910373043269,0,0,unlabeled
5521,1.7483122064732015e-05,0,0,unlabeled
5522,1.066746608557878e-05,0,0,unlabeled
5523,6.668225438488662e-08,0,0,val
5524,6.938071228645981e-10,0,0,unlabeled
5525,1.7483122064732015e-05,0,0,unlabeled
5526,4.347132926341146e-05,0,0,unlabeled
5527,0.9972513318061829,1,1,unlabeled
5528,2.3301959117816295e-06,0,0,unlabeled
5529,0.9979274272918701,1,1,unlabeled
5530,3.1610377391189104e-06,0,0,unlabeled
5531,1.8630413251230493e-05,0,0,unlabeled
5532,7.18002556823194e-05,0,0,unlabeled
5533,7.41434405426844e-07,0,0,unlabeled
5534,1.7746016283126664e-06,0,0,unlabeled
5535,3.6119349715590943e-06,0,0,train
5536,1.9672102098411415e-06,0,0,unlabeled
5537,1.2634092172447708e-06,0,0,unlabeled
5538,5.062846639702911e-07,0,0,unlabeled
5539,0.0035118437372148037,0,0,val
5540,1.7167879207136139e-07,0,0,train
5541,3.3573240898476797e-07,0,0,unlabeled
5542,4.243507191858953e-06,0,0,unlabeled
5543,9.199021587846801e-05,0,0,unlabeled
5544,1.7251464896617108e-06,0,0,unlabeled
5545,1.152713502960978e-05,0,0,unlabeled
5546,2.8770480639650486e-05,0,0,unlabeled
5547,7.108083650564367e-07,0,0,unlabeled
5548,0.006390745751559734,0,0,unlabeled
5549,0.997882068157196,1,1,unlabeled
5550,6.721479053339863e-07,0,0,val
5551,6.044692213436065e-07,0,0,unlabeled
5552,0.99831223487854,1,1,unlabeled
5553,0.998043417930603,1,1,train
5554,3.8797459467332374e-08,0,0,unlabeled
5555,6.866126113891369e-06,0,0,unlabeled
5556,0.984643816947937,1,1,train
5557,0.9993425011634827,1,1,unlabeled
5558,2.500159098417498e-06,0,0,unlabeled
5559,1.9237634205637733e-06,0,0,unlabeled
5560,1.5614843960065627e-06,0,0,unlabeled
5561,0.9978922009468079,1,1,unlabeled
5562,9.477524145040661e-06,0,0,unlabeled
5563,0.9988013505935669,1,1,unlabeled
5564,1.2430057722667698e-05,0,0,unlabeled
5565,0.9988746047019958,1,1,unlabeled
5566,0.00010135788033949211,0,0,unlabeled
5567,6.253945694645324e-10,0,0,unlabeled
5568,0.983138918876648,1,1,unlabeled
5569,0.012834649533033371,0,0,unlabeled
5570,0.9984477758407593,1,1,train
5571,4.4522657844936475e-06,0,0,unlabeled
5572,3.036145983514871e-07,0,0,unlabeled
5573,3.5914697491534753e-06,0,0,unlabeled
5574,2.6752659323392436e-06,0,0,train
5575,7.782068109918328e-07,0,0,unlabeled
5576,0.9984329342842102,1,1,unlabeled
5577,1.4709360129927518e-06,0,0,unlabeled
5578,7.452210376568402e-11,0,0,unlabeled
5579,4.011004648418748e-07,0,0,unlabeled
5580,1.5596492630720604e-07,0,0,unlabeled
5581,0.9985656142234802,1,1,train
5582,0.00010698974074330181,0,0,unlabeled
5583,1.1751033213158735e-07,0,0,unlabeled
5584,1.6113922640670353e-07,0,0,unlabeled
5585,5.279311608319404e-06,0,0,train
5586,3.1178390713648696e-07,0,0,unlabeled
5587,2.041644648898e-07,0,0,unlabeled
5588,6.54279428999871e-05,0,0,unlabeled
5589,0.0034886901266872883,0,0,unlabeled
5590,5.452112600323744e-05,0,0,train
5591,2.850907367246691e-05,0,0,unlabeled
5592,7.797579542057065e-07,0,0,unlabeled
5593,0.0015761017566546798,0,0,unlabeled
5594,7.559278310509399e-05,0,0,train
5595,3.2602522992419836e-07,0,0,unlabeled
5596,0.9995928406715393,1,1,unlabeled
5597,2.493044803486555e-06,0,0,unlabeled
5598,0.0018312251195311546,0,0,unlabeled
5599,0.00022210716269910336,0,0,train
5600,2.1930538982029013e-12,0,0,train
5601,0.9984512329101562,1,1,train
5602,5.279311608319404e-06,0,0,unlabeled
5603,0.9976206421852112,1,1,unlabeled
5604,2.5568657292751595e-05,0,0,unlabeled
5605,1.066014405637361e-07,0,0,train
5606,4.939833786465897e-08,0,0,unlabeled
5607,0.00018654334417078644,0,0,unlabeled
5608,0.00019760265422519296,0,0,unlabeled
5609,0.9989591836929321,1,1,unlabeled
5610,0.9975388050079346,1,1,train
5611,4.804414857062511e-05,0,0,unlabeled
5612,0.9994263648986816,1,1,unlabeled
5613,7.861885933380108e-06,0,0,unlabeled
5614,0.9976958632469177,1,1,unlabeled
5615,3.144305810565129e-05,0,0,unlabeled
5616,0.9859529733657837,1,1,unlabeled
5617,7.93362341937609e-05,0,0,unlabeled
5618,0.9774969220161438,1,0,unlabeled
5619,1.260632132016326e-07,0,0,unlabeled
5620,1.7636855318414746e-06,0,0,unlabeled
5621,1.4065650475458824e-06,0,0,unlabeled
5622,0.0005745347589254379,0,0,train
5623,3.225440423193504e-06,0,0,unlabeled
5624,3.257071284679114e-06,0,0,unlabeled
5625,1.231537953572115e-05,0,0,train
5626,1.8305949822661205e-07,0,0,unlabeled
5627,2.8521327521957573e-07,0,0,unlabeled
5628,5.481014795805095e-06,0,0,train
5629,1.2733893527183682e-05,0,0,unlabeled
5630,4.6020799345569685e-05,0,0,unlabeled
5631,1.3366889106691815e-07,0,0,unlabeled
5632,5.72839518042656e-08,0,0,unlabeled
5633,2.2629772047366714e-06,0,0,unlabeled
5634,6.205517365742708e-06,0,0,unlabeled
5635,4.522515519056469e-05,0,0,unlabeled
5636,0.0005592533852905035,0,0,val
5637,2.194604121541488e-06,0,0,unlabeled
5638,1.6041281924117357e-05,0,0,unlabeled
5639,0.0002169522049371153,0,0,unlabeled
5640,1.5006197600087035e-06,0,0,unlabeled
5641,5.2513628361339215e-06,0,0,unlabeled
5642,1.1816183587143314e-06,0,0,train
5643,2.21105938180699e-06,0,0,unlabeled
5644,0.9987926483154297,1,1,unlabeled
5645,0.0039052984211593866,0,0,unlabeled
5646,0.00021604684297926724,0,0,unlabeled
5647,1.0428151654195972e-05,0,0,unlabeled
5648,1.5490564919673488e-06,0,0,unlabeled
5649,5.209141818340868e-05,0,0,unlabeled
5650,3.9950586483428197e-07,0,0,train
5651,1.8965552044392098e-06,0,0,unlabeled
5652,0.998472273349762,1,1,unlabeled
5653,2.1864443624508567e-06,0,0,unlabeled
5654,0.9988794922828674,1,1,train
5655,8.184974831237923e-07,0,0,unlabeled
5656,0.9987257122993469,1,1,unlabeled
5657,0.00043294395436532795,0,0,unlabeled
5658,1.5094572063389933e-06,0,0,unlabeled
5659,0.9991926550865173,1,1,train
5660,8.101405342131329e-07,0,0,unlabeled
5661,5.0075514081981964e-06,0,0,unlabeled
5662,7.18002556823194e-05,0,0,unlabeled
5663,3.369700039002055e-07,0,0,unlabeled
5664,0.0038109589368104935,0,0,unlabeled
5665,4.093395091331331e-06,0,0,unlabeled
5666,0.9804962277412415,1,1,unlabeled
5667,7.95173673395766e-06,0,0,unlabeled
5668,5.863445267095813e-07,0,0,unlabeled
5669,2.7985815904685296e-06,0,0,unlabeled
5670,3.4209319892397616e-06,0,0,unlabeled
5671,2.2181516214914154e-06,0,0,unlabeled
5672,3.5914697491534753e-06,0,0,unlabeled
5673,1.485710754423053e-06,0,0,unlabeled
5674,0.0005915862857364118,0,0,unlabeled
5675,6.183228833833709e-06,0,0,unlabeled
5676,3.1449789616999624e-07,0,0,unlabeled
5677,0.9993694424629211,1,1,unlabeled
5678,3.926701901946217e-05,0,0,unlabeled
5679,3.389017001609318e-05,0,0,train
5680,0.9989135265350342,1,1,unlabeled
5681,0.9988068342208862,1,1,unlabeled
5682,5.8583107602316886e-05,0,0,unlabeled
5683,5.0501917030487675e-06,0,0,unlabeled
5684,1.5762185512357973e-07,0,0,train
5685,1.503943735770008e-06,0,0,unlabeled
5686,0.9980250597000122,1,1,unlabeled
5687,4.168478540123033e-07,0,0,unlabeled
5688,6.136692149993905e-07,0,0,unlabeled
5689,2.6402722141938284e-05,0,0,unlabeled
5690,1.5090151919139316e-06,0,0,unlabeled
5691,1.1566803550522309e-06,0,0,unlabeled
5692,0.997286319732666,1,1,unlabeled
5693,5.455058271763846e-07,0,0,unlabeled
5694,3.565095441082633e-11,0,0,unlabeled
5695,0.00020719939493574202,0,0,unlabeled
5696,1.6351735894204467e-06,0,0,unlabeled
5697,6.561082273037755e-07,0,0,train
5698,5.074176669950248e-07,0,0,unlabeled
5699,0.0006685000262223184,0,0,train
5700,2.3028744180919603e-05,0,0,unlabeled
5701,1.120606725635298e-06,0,0,unlabeled
5702,1.8509281289880164e-06,0,0,unlabeled
5703,0.0007890129345469177,0,0,unlabeled
5704,0.0003381154383532703,0,0,unlabeled
5705,2.439292257766512e-12,0,0,unlabeled
5706,3.925577402696945e-06,0,0,unlabeled
5707,0.99752277135849,1,1,unlabeled
5708,2.517143002478406e-06,0,0,unlabeled
5709,0.000425715115852654,0,0,train
5710,4.993572666478485e-09,0,0,train
5711,0.9982584118843079,1,1,train
5712,1.9554374830477173e-06,0,0,unlabeled
5713,5.169824362383224e-05,0,0,unlabeled
5714,1.2860762126365444e-06,0,0,unlabeled
5715,0.00027902756119146943,0,0,train
5716,1.4580797369490028e-06,0,0,unlabeled
5717,6.136518641142175e-05,0,0,val
5718,3.25795917888172e-05,0,0,unlabeled
5719,6.54279428999871e-05,0,0,val
5720,6.448167550843209e-05,0,0,unlabeled
5721,7.1707077040628064e-06,0,0,val
5722,0.9948704242706299,1,1,val
5723,0.004405453335493803,0,0,unlabeled
5724,3.7200877045506786e-07,0,0,unlabeled
5725,0.9983803033828735,1,1,unlabeled
5726,7.165814395193593e-07,0,0,train
5727,8.415654883719981e-05,0,0,unlabeled
5728,6.641045274591306e-06,0,0,unlabeled
5729,2.2476667993487354e-07,0,0,unlabeled
5730,4.449061179911951e-06,0,0,train
5731,8.419490768574178e-06,0,0,unlabeled
5732,3.117463620583294e-06,0,0,unlabeled
5733,0.9899128079414368,1,1,unlabeled
5734,0.996174693107605,1,1,val
5735,3.389017001609318e-05,0,0,unlabeled
5736,6.051273544471769e-07,0,0,unlabeled
5737,0.9995098114013672,1,1,train
5738,1.368625362374587e-06,0,0,train
5739,4.446108505362645e-06,0,0,val
5740,4.111967427888885e-05,0,0,unlabeled
5741,2.174739144322757e-08,0,0,unlabeled
5742,7.485366040782537e-06,0,0,val
5743,1.56908809003653e-05,0,0,unlabeled
5744,6.017710916239594e-07,0,0,unlabeled
5745,3.4180488910351414e-06,0,0,train
5746,1.9723307559615932e-05,0,0,unlabeled
5747,4.912800704914844e-06,0,0,unlabeled
5748,0.0004444991936907172,0,0,unlabeled
5749,1.2833262189815287e-05,0,0,train
5750,0.9982032775878906,1,1,unlabeled
5751,1.3402531067185919e-06,0,0,unlabeled
5752,0.0001373911800328642,0,0,unlabeled
5753,0.000489472527988255,0,0,unlabeled
5754,0.999042809009552,1,1,unlabeled
5755,0.9327869415283203,1,1,unlabeled
5756,2.4476594262523577e-06,0,0,unlabeled
5757,1.5395337413792731e-06,0,0,train
5758,4.8044057621154934e-05,0,0,unlabeled
5759,0.9944274425506592,1,1,train
5760,0.995109498500824,1,1,train
5761,0.0005129202036187053,0,0,unlabeled
5762,0.0001770245871739462,0,0,train
5763,7.916877393654431e-07,0,0,unlabeled
5764,0.00039349941653199494,0,0,unlabeled
5765,1.9525161576439132e-07,0,0,unlabeled
5766,8.84660721567343e-07,0,0,unlabeled
5767,6.132450494078512e-07,0,0,unlabeled
5768,0.9973142743110657,1,1,unlabeled
5769,0.9981790781021118,1,1,unlabeled
5770,0.0007763011381030083,0,0,train
5771,5.005871116736671e-06,0,0,unlabeled
5772,0.9939238429069519,1,1,unlabeled
5773,4.4257294007366e-07,0,0,unlabeled
5774,5.581191089731874e-06,0,0,unlabeled
5775,1.1816183587143314e-06,0,0,unlabeled
5776,0.9991381168365479,1,1,train
5777,5.742666417063447e-06,0,0,unlabeled
5778,1.3080245480523445e-05,0,0,unlabeled
5779,2.4706191652512643e-06,0,0,unlabeled
5780,5.9870511904591694e-05,0,0,train
5781,2.633292751852423e-06,0,0,train
5782,1.3596251847047824e-05,0,0,unlabeled
5783,1.7143143850262277e-05,0,0,unlabeled
5784,7.025095616342014e-09,0,0,unlabeled
5785,3.389017001609318e-05,0,0,unlabeled
5786,0.9992938041687012,1,1,unlabeled
5787,1.3404512628767407e-06,0,0,unlabeled
5788,0.9961734414100647,1,1,val
5789,5.588012754742522e-07,0,0,unlabeled
5790,9.882725862553343e-05,0,0,val
5791,3.7010486266808584e-05,0,0,unlabeled
5792,0.9988116025924683,1,1,unlabeled
5793,0.0001338154834229499,0,0,unlabeled
5794,4.630722287402023e-06,0,0,unlabeled
5795,1.7593964003026485e-05,0,0,unlabeled
5796,2.6585141313262284e-05,0,0,unlabeled
5797,3.781449777306989e-06,0,0,unlabeled
5798,1.9900310235243523e-06,0,0,unlabeled
5799,0.9988595247268677,1,1,unlabeled
5800,1.31264941956033e-05,0,0,unlabeled
5801,0.012001067399978638,0,0,unlabeled
5802,9.998243513109628e-07,0,0,unlabeled
5803,1.3228865327619133e-06,0,0,unlabeled
5804,8.331171557074413e-07,0,0,val
5805,3.567900785128586e-05,0,0,val
5806,8.431511560047511e-06,0,0,unlabeled
5807,0.9986376166343689,1,1,unlabeled
5808,6.635257250309223e-07,0,0,train
5809,1.5797971855135984e-06,0,0,train
5810,1.5080570392456139e-06,0,0,unlabeled
5811,4.2114912503166124e-05,0,0,train
5812,8.507998927598237e-07,0,0,unlabeled
5813,1.6360548897864646e-06,0,0,unlabeled
5814,5.680526555806864e-07,0,0,unlabeled
5815,0.9970677495002747,1,1,unlabeled
5816,9.513044005871052e-07,0,0,unlabeled
5817,0.000791885715443641,0,0,unlabeled
5818,7.392530733341118e-06,0,0,unlabeled
5819,1.3884721738577355e-05,0,0,unlabeled
5820,4.0417491575794884e-10,0,0,unlabeled
5821,0.00015748926671221852,0,0,unlabeled
5822,0.9930945634841919,1,0,unlabeled
5823,8.652044925838709e-06,0,0,unlabeled
5824,6.423143759093364e-07,0,0,unlabeled
5825,0.9985527396202087,1,1,unlabeled
5826,1.7977037714445032e-05,0,0,unlabeled
5827,1.4965275113354437e-05,0,0,unlabeled
5828,0.0005542957806028426,0,0,unlabeled
5829,1.2614607669547695e-07,0,0,unlabeled
5830,0.00011186227493453771,0,0,unlabeled
5831,0.027183804661035538,0,0,unlabeled
5832,3.217610924366454e-07,0,0,unlabeled
5833,6.222189199434069e-07,0,0,unlabeled
5834,0.9984015822410583,1,1,train
5835,0.9989590644836426,1,1,unlabeled
5836,5.936393336014589e-06,0,0,val
5837,0.0003996310115326196,0,0,unlabeled
5838,1.7161361256512464e-06,0,0,unlabeled
5839,0.00013952160952612758,0,0,unlabeled
5840,0.0001770245871739462,0,0,unlabeled
5841,0.9986470341682434,1,1,unlabeled
5842,1.5285206700355047e-06,0,0,unlabeled
5843,0.0010598399676382542,0,0,train
5844,3.25182469396168e-07,0,0,unlabeled
5845,0.0001069896316039376,0,0,unlabeled
5846,1.7746016283126664e-06,0,0,unlabeled
5847,3.245335619794787e-06,0,0,unlabeled
5848,0.9982590079307556,1,1,val
5849,6.961345934541896e-05,0,0,unlabeled
5850,7.145846029743552e-05,0,0,train
5851,0.9986016154289246,1,1,unlabeled
5852,6.423079412343213e-06,0,0,unlabeled
5853,3.445362835918786e-06,0,0,unlabeled
5854,0.9990695118904114,1,1,unlabeled
5855,1.2083575029464555e-06,0,0,train
5856,7.18002556823194e-05,0,0,unlabeled
5857,7.93362341937609e-05,0,0,unlabeled
5858,2.3146922103478573e-06,0,0,unlabeled
5859,0.9676380157470703,1,1,unlabeled
5860,0.9990010857582092,1,1,unlabeled
5861,0.9992259740829468,1,1,unlabeled
5862,9.391140309844559e-08,0,0,unlabeled
5863,2.6504803827265278e-06,0,0,unlabeled
5864,3.898439445038093e-06,0,0,unlabeled
5865,4.344946319179144e-06,0,0,unlabeled
5866,5.718025022360962e-07,0,0,unlabeled
5867,6.438749096560059e-06,0,0,unlabeled
5868,0.9972875118255615,1,1,unlabeled
5869,0.9926232099533081,1,1,unlabeled
5870,1.3628668057208415e-05,0,0,train
5871,0.028106149286031723,0,0,unlabeled
5872,1.4905752323102206e-05,0,0,unlabeled
5873,0.9986030459403992,1,1,unlabeled
5874,1.2148592531957547e-06,0,0,unlabeled
5875,0.9989132881164551,1,1,unlabeled
5876,0.9993970394134521,1,1,unlabeled
5877,8.549125595891383e-06,0,0,unlabeled
5878,4.2114912503166124e-05,0,0,unlabeled
5879,0.0002169522049371153,0,0,unlabeled
5880,2.582185516075697e-06,0,0,unlabeled
5881,1.9429313397267833e-05,0,0,train
5882,3.3432227155572036e-06,0,0,unlabeled
5883,2.1839394321432337e-05,0,0,train
5884,9.565590062265983e-07,0,0,train
5885,8.292963116218743e-07,0,0,val
5886,0.0003082786570303142,0,0,val
5887,1.1571812592592323e-06,0,0,train
5888,1.0312716767657548e-05,0,0,unlabeled
5889,9.540722203382757e-06,0,0,unlabeled
5890,1.7745998093232629e-06,0,0,train
5891,7.533401458204025e-07,0,0,unlabeled
5892,0.9994483590126038,1,1,unlabeled
5893,5.865951493433386e-07,0,0,unlabeled
5894,0.9991447925567627,1,1,unlabeled
5895,3.133254358544946e-05,0,0,unlabeled
5896,0.00015532974794041365,0,0,unlabeled
5897,3.3432227155572036e-06,0,0,train
5898,1.100256667996291e-06,0,0,unlabeled
5899,0.9883095026016235,1,1,train
5900,1.9703363705048105e-06,0,0,unlabeled
5901,7.18002556823194e-05,0,0,train
5902,1.0288661087543005e-06,0,0,unlabeled
5903,0.9990130662918091,1,1,unlabeled
5904,5.501446480593586e-07,0,0,unlabeled
5905,3.069246758968802e-07,0,0,unlabeled
5906,1.1019757266694796e-06,0,0,train
5907,1.7483122064732015e-05,0,0,unlabeled
5908,0.9980272650718689,1,1,unlabeled
5909,2.4294999789731264e-08,0,0,unlabeled
5910,3.631415529525839e-05,0,0,train
5911,4.465510130557959e-07,0,0,unlabeled
5912,1.8902102283391287e-06,0,0,unlabeled
5913,0.9981091022491455,1,1,unlabeled
5914,7.806620851624757e-05,0,0,train
5915,4.025616533454013e-07,0,0,unlabeled
5916,5.721154340309123e-16,0,0,unlabeled
5917,9.79818833002355e-06,0,0,train
5918,5.318604507920099e-07,0,0,val
5919,5.680917070094438e-07,0,0,unlabeled
5920,0.999142050743103,1,1,unlabeled
5921,7.257996230691788e-07,0,0,train
5922,5.85370230510307e-07,0,0,unlabeled
5923,0.001794278621673584,0,0,unlabeled
5924,2.192204874518211e-06,0,0,unlabeled
5925,7.62181252866867e-06,0,0,unlabeled
5926,1.1019757266694796e-06,0,0,train
5927,6.703597676960271e-09,0,0,val
5928,1.0479251955075597e-07,0,0,train
5929,5.6375705753453076e-05,0,0,unlabeled
5930,0.9984031319618225,1,1,unlabeled
5931,6.561007239724859e-07,0,0,train
5932,3.604735354656441e-07,0,0,unlabeled
5933,2.720366637731786e-06,0,0,val
5934,6.495780780824134e-06,0,0,unlabeled
5935,1.0362958164478187e-05,0,0,unlabeled
5936,1.2148592531957547e-06,0,0,unlabeled
5937,2.194604121541488e-06,0,0,unlabeled
5938,0.9976896047592163,1,1,unlabeled
5939,0.990313708782196,1,1,unlabeled
5940,3.012488832609961e-06,0,0,unlabeled
5941,2.3182553832157282e-06,0,0,unlabeled
5942,0.0001027627004077658,0,0,unlabeled
5943,1.384036659146659e-05,0,0,unlabeled
5944,6.954333002795465e-07,0,0,unlabeled
5945,0.9953135251998901,1,1,unlabeled
5946,0.035170502960681915,0,0,train
5947,2.059036660284619e-06,0,0,unlabeled
5948,3.48469575328636e-06,0,0,unlabeled
5949,1.3228851685198606e-06,0,0,train
5950,1.4159798411128577e-05,0,0,unlabeled
5951,4.548889137367951e-06,0,0,unlabeled
5952,9.523634424211513e-15,0,0,train
5953,5.532731393032009e-07,0,0,unlabeled
5954,7.658742106286809e-05,0,0,unlabeled
5955,9.831697752815671e-06,0,0,unlabeled
5956,1.00913396750002e-07,0,0,unlabeled
5957,1.6813247460945036e-09,0,0,val
5958,8.631333912489936e-05,0,0,unlabeled
5959,4.712862877731538e-10,0,0,train
5960,0.00015895751130301505,0,0,train
5961,8.862440381562919e-07,0,0,unlabeled
5962,1.4615866348322015e-06,0,0,unlabeled
5963,1.0470780864579865e-07,0,0,unlabeled
5964,2.2570084468043206e-07,0,0,unlabeled
5965,4.7210636466843425e-07,0,0,unlabeled
5966,4.389035836993571e-07,0,0,unlabeled
5967,5.664227842316905e-07,0,0,unlabeled
5968,0.9979038238525391,1,1,unlabeled
5969,6.222189199434069e-07,0,0,unlabeled
5970,4.2660267354222015e-06,0,0,unlabeled
5971,0.9996034502983093,1,1,unlabeled
5972,7.515948823311192e-07,0,0,unlabeled
5973,0.00020371928985696286,0,0,unlabeled
5974,6.8928943619539496e-06,0,0,unlabeled
5975,0.9991133809089661,1,1,unlabeled
5976,9.855465350483428e-07,0,0,unlabeled
5977,0.00027902756119146943,0,0,unlabeled
5978,2.0436314684957324e-07,0,0,unlabeled
5979,7.559278310509399e-05,0,0,unlabeled
5980,5.994679099785571e-07,0,0,unlabeled
5981,1.4564423622687173e-07,0,0,unlabeled
5982,1.415713722963119e-05,0,0,val
5983,7.454160027009493e-07,0,0,unlabeled
5984,6.448167550843209e-05,0,0,unlabeled
5985,1.4719068985868944e-06,0,0,unlabeled
5986,2.099740959238261e-05,0,0,unlabeled
5987,4.2114912503166124e-05,0,0,train
5988,2.6762486413645092e-06,0,0,train
5989,1.4069123643878356e-09,0,0,unlabeled
5990,1.783684183465084e-06,0,0,unlabeled
5991,8.816051604298991e-07,0,0,unlabeled
5992,2.0020359443151392e-05,0,0,unlabeled
5993,0.9987515211105347,1,1,train
5994,1.3250594747660216e-05,0,0,unlabeled
5995,2.6166799216298386e-07,0,0,unlabeled
5996,0.9976651668548584,1,1,unlabeled
5997,6.708493401674787e-06,0,0,unlabeled
5998,0.9975875616073608,1,1,unlabeled
5999,2.339015054531046e-06,0,0,unlabeled
6000,0.9990978240966797,1,1,val
6001,0.00014574745728168637,0,0,unlabeled
6002,0.9772322773933411,1,1,unlabeled
6003,3.1328511340689147e-06,0,0,unlabeled
6004,0.0006496161804534495,0,0,unlabeled
6005,5.200423856877023e-06,0,0,unlabeled
6006,4.111967427888885e-05,0,0,unlabeled
6007,0.00019071549468208104,0,0,unlabeled
6008,3.7010486266808584e-05,0,0,train
6009,1.746613997966051e-05,0,0,unlabeled
6010,0.9948374629020691,1,1,unlabeled
6011,3.2623188417346682e-06,0,0,unlabeled
6012,0.9746142029762268,1,1,unlabeled
6013,3.845547325909138e-06,0,0,unlabeled
6014,1.2803885063306097e-08,0,0,unlabeled
6015,4.886491296929307e-05,0,0,unlabeled
6016,5.786828296550084e-07,0,0,unlabeled
6017,1.482458401369513e-06,0,0,unlabeled
6018,0.0003996310115326196,0,0,val
6019,4.625853762263432e-06,0,0,unlabeled
6020,5.208977995607711e-07,0,0,train
6021,0.9738680124282837,1,1,unlabeled
6022,5.599782070930814e-06,0,0,train
6023,2.1717831259593368e-05,0,0,train
6024,0.9822307229042053,1,1,train
6025,1.7707321831039735e-07,0,0,unlabeled
6026,2.059036660284619e-06,0,0,unlabeled
6027,0.0004889120464213192,0,0,unlabeled
6028,4.3305408325977623e-05,0,0,val
6029,0.9993472695350647,1,1,unlabeled
6030,2.579421050086239e-07,0,0,unlabeled
6031,7.806620851624757e-05,0,0,unlabeled
6032,1.8807390006259084e-05,0,0,unlabeled
6033,3.096406544500496e-07,0,0,val
6034,0.0001262910373043269,0,0,unlabeled
6035,1.0217087265118607e-06,0,0,unlabeled
6036,4.054393798469391e-07,0,0,unlabeled
6037,0.9987014532089233,1,1,train
6038,3.144305810565129e-05,0,0,unlabeled
6039,0.9934622049331665,1,1,unlabeled
6040,0.9979947805404663,1,1,train
6041,7.657397509319708e-05,0,0,unlabeled
6042,0.9972423315048218,1,1,unlabeled
6043,0.9967888593673706,1,1,unlabeled
6044,0.9994866847991943,1,1,unlabeled
6045,4.975633601134177e-06,0,0,unlabeled
6046,1.4173128874972463e-06,0,0,train
6047,1.919083388202125e-06,0,0,unlabeled
6048,0.00018091421225108206,0,0,unlabeled
6049,6.998070745112273e-08,0,0,unlabeled
6050,1.7745998093232629e-06,0,0,unlabeled
6051,0.9986135959625244,1,1,unlabeled
6052,6.120314537838567e-06,0,0,unlabeled
6053,0.9986898303031921,1,1,unlabeled
6054,1.4402544366021175e-06,0,0,unlabeled
6055,1.9050616174354218e-05,0,0,train
6056,3.8960088488693145e-08,0,0,unlabeled
6057,0.9986159801483154,1,1,unlabeled
6058,7.24649510175368e-07,0,0,unlabeled
6059,0.0007241690764203668,0,0,unlabeled
6060,0.9985894560813904,1,1,train
6061,0.9980863332748413,1,1,train
6062,0.0005750730633735657,0,0,unlabeled
6063,1.4473137071036035e-06,0,0,unlabeled
6064,0.9987694621086121,1,1,unlabeled
6065,4.8044057621154934e-05,0,0,unlabeled
6066,1.3056638863417902e-06,0,0,val
6067,5.824638833473728e-07,0,0,unlabeled
6068,1.2151745067967568e-06,0,0,unlabeled
6069,1.32126251628506e-05,0,0,unlabeled
6070,2.979867895192001e-05,0,0,val
6071,2.443836820020806e-06,0,0,unlabeled
6072,1.713703022687696e-05,0,0,unlabeled
6073,3.144305810565129e-05,0,0,unlabeled
6074,2.406024350420921e-06,0,0,unlabeled
6075,7.80347272666404e-06,0,0,unlabeled
6076,0.9985764026641846,1,0,unlabeled
6077,0.9997901320457458,1,1,train
6078,1.3231981938588433e-05,0,0,unlabeled
6079,9.68293024925515e-05,0,0,val
6080,1.19579544843873e-06,0,0,unlabeled
6081,1.9821268324449193e-06,0,0,unlabeled
6082,1.4295084156401572e-06,0,0,unlabeled
6083,0.9988880753517151,1,1,unlabeled
6084,4.9599475460127e-06,0,0,val
6085,1.6784632350663742e-07,0,0,val
6086,0.9975504279136658,1,1,unlabeled
6087,0.9981156587600708,1,1,train
6088,3.7059385249449406e-06,0,0,unlabeled
6089,0.9986026883125305,1,1,train
6090,6.315671271295287e-06,0,0,unlabeled
6091,3.1174602099781623e-06,0,0,unlabeled
6092,2.481417504895944e-05,0,0,unlabeled
6093,0.9974884986877441,1,1,unlabeled
6094,5.252010737422097e-07,0,0,unlabeled
6095,2.1717831259593368e-05,0,0,unlabeled
6096,0.00022210736642591655,0,0,unlabeled
6097,9.557405178384215e-08,0,0,unlabeled
6098,1.2157749551988672e-05,0,0,unlabeled
6099,1.3723033589485567e-06,0,0,train
6100,1.9390326997381635e-06,0,0,unlabeled
6101,0.9995779395103455,1,1,unlabeled
6102,0.9989379048347473,1,1,unlabeled
6103,0.0001050935170496814,0,0,unlabeled
6104,2.9288995051501843e-07,0,0,unlabeled
6105,2.4448322619718965e-06,0,0,unlabeled
6106,7.841280421416741e-06,0,0,unlabeled
6107,4.598363375407644e-06,0,0,val
6108,5.43511532669072e-06,0,0,unlabeled
6109,4.3516371079022065e-05,0,0,unlabeled
6110,4.6346139015440713e-07,0,0,unlabeled
6111,6.8122194534225855e-06,0,0,unlabeled
6112,0.00014349624689202756,0,0,unlabeled
6113,0.998539924621582,1,1,unlabeled
6114,0.9983474016189575,1,1,unlabeled
6115,0.0044061229564249516,0,0,unlabeled
6116,1.963590875675436e-06,0,0,unlabeled
6117,0.998814582824707,1,1,unlabeled
6118,2.418208850940573e-07,0,0,unlabeled
6119,1.3662575237827213e-10,0,0,train
6120,0.9987614154815674,1,1,unlabeled
6121,0.9964799284934998,1,1,train
6122,1.1144159088871675e-06,0,0,unlabeled
6123,6.938071228645981e-10,0,0,unlabeled
6124,7.145846029743552e-05,0,0,unlabeled
6125,8.671768227941357e-07,0,0,unlabeled
6126,8.08845129540714e-07,0,0,unlabeled
6127,1.5497775507355982e-07,0,0,unlabeled
6128,0.999123752117157,1,1,unlabeled
6129,0.9979050159454346,1,1,unlabeled
6130,0.9990596175193787,1,1,unlabeled
6131,1.1727706805686466e-06,0,0,unlabeled
6132,0.9986353516578674,1,1,unlabeled
6133,0.9984581470489502,1,1,unlabeled
6134,2.0665102056227624e-06,0,0,unlabeled
6135,8.950025289777841e-07,0,0,unlabeled
6136,1.3402531067185919e-06,0,0,train
6137,0.99857497215271,1,1,train
6138,3.2340465168090304e-06,0,0,unlabeled
6139,6.46459375275299e-05,0,0,unlabeled
6140,9.986312079490745e-07,0,0,unlabeled
6141,0.9996252059936523,1,1,val
6142,1.6795755072962493e-05,0,0,unlabeled
6143,0.9987974166870117,1,1,unlabeled
6144,3.2459115573146846e-06,0,0,unlabeled
6145,0.0006027765339240432,0,0,unlabeled
6146,5.124300059833331e-07,0,0,unlabeled
6147,2.2282863483269466e-06,0,0,unlabeled
6148,1.998648485823651e-06,0,0,unlabeled
6149,2.128792175426497e-06,0,0,unlabeled
6150,0.9985740184783936,1,1,train
6151,0.8168794512748718,1,0,unlabeled
6152,6.54279428999871e-05,0,0,train
6153,0.0098238755017519,0,0,unlabeled
6154,8.679073175699159e-07,0,0,unlabeled
6155,0.0002169522049371153,0,0,train
6156,1.6259074982372113e-05,0,0,unlabeled
6157,5.5816917665652e-06,0,0,unlabeled
6158,0.1758325695991516,0,0,unlabeled
6159,5.279311608319404e-06,0,0,unlabeled
6160,0.016193335875868797,0,0,train
6161,0.0001069896316039376,0,0,unlabeled
6162,1.4839301002211869e-05,0,0,train
6163,0.00022210736642591655,0,0,train
6164,0.993257999420166,1,1,unlabeled
6165,0.9889082312583923,1,1,unlabeled
6166,3.667519479222392e-07,0,0,train
6167,1.7496134887551307e-06,0,0,unlabeled
6168,2.9809525585733354e-06,0,0,unlabeled
6169,0.9971535205841064,1,1,unlabeled
6170,5.391176500779693e-07,0,0,unlabeled
6171,0.00027902756119146943,0,0,unlabeled
6172,0.023736566305160522,0,0,unlabeled
6173,0.9988452196121216,1,1,unlabeled
6174,1.4065650475458824e-06,0,0,unlabeled
6175,0.999036431312561,1,1,unlabeled
6176,0.9992918968200684,1,1,val
6177,1.9913382857339457e-05,0,0,val
6178,0.00011794877354986966,0,0,train
6179,2.0962428948223533e-07,0,0,unlabeled
6180,7.658742106286809e-05,0,0,unlabeled
6181,0.9993129968643188,1,1,unlabeled
6182,7.145846029743552e-05,0,0,unlabeled
6183,2.1310447664291132e-06,0,0,unlabeled
6184,0.99894779920578,1,1,unlabeled
6185,2.1049256247351877e-05,0,0,unlabeled
6186,7.602268397022272e-07,0,0,unlabeled
6187,3.144305810565129e-05,0,0,unlabeled
6188,5.9985781263094395e-05,0,0,val
6189,3.9119322536862455e-06,0,0,unlabeled
6190,0.3030262887477875,0,0,train
6191,0.9986076951026917,1,1,unlabeled
6192,0.9989662170410156,1,1,unlabeled
6193,4.6874260988261085e-06,0,0,unlabeled
6194,1.3292269195053219e-11,0,0,unlabeled
6195,4.118805009056814e-06,0,0,unlabeled
6196,8.432924358814375e-10,0,0,unlabeled
6197,1.420832802523364e-07,0,0,unlabeled
6198,1.1882542821695097e-05,0,0,train
6199,1.7746016283126664e-06,0,0,unlabeled
6200,0.00027478038100525737,0,0,unlabeled
6201,1.0631265467964113e-06,0,0,train
6202,0.0002205125492764637,0,0,train
6203,2.5390138034708798e-05,0,0,unlabeled
6204,0.9966201782226562,1,1,unlabeled
6205,6.612824563489994e-07,0,0,unlabeled
6206,0.996163010597229,1,1,unlabeled
6207,0.9992731213569641,1,1,unlabeled
6208,3.0278737850331083e-11,0,0,unlabeled
6209,3.5905381423617655e-07,0,0,unlabeled
6210,1.8716617043726337e-16,0,0,unlabeled
6211,0.9984911680221558,1,1,unlabeled
6212,5.71643886360107e-06,0,0,unlabeled
6213,0.9987117052078247,1,1,unlabeled
6214,0.9981123208999634,1,1,unlabeled
6215,0.9988162517547607,1,1,unlabeled
6216,1.0153328730666544e-05,0,0,unlabeled
6217,1.9357060399016746e-09,0,0,unlabeled
6218,5.739747166444431e-07,0,0,unlabeled
6219,0.005784700624644756,0,0,unlabeled
6220,1.4946839428375824e-06,0,0,unlabeled
6221,0.0003996310115326196,0,0,unlabeled
6222,6.739644504705211e-07,0,0,train
6223,0.998004138469696,1,1,train
6224,1.0589631529001053e-05,0,0,unlabeled
6225,0.004835472907871008,0,0,unlabeled
6226,0.0001338154834229499,0,0,unlabeled
6227,6.332940643005713e-07,0,0,unlabeled
6228,0.9974949359893799,1,1,unlabeled
6229,7.93362341937609e-05,0,0,train
6230,0.0003260693629272282,0,0,unlabeled
6231,1.4366905816132203e-06,0,0,val
6232,7.321419275285734e-07,0,0,unlabeled
6233,4.869365511694923e-06,0,0,train
6234,1.1753553735616151e-05,0,0,train
6235,1.4117617865849752e-06,0,0,unlabeled
6236,2.1049256247351877e-05,0,0,train
6237,7.9793053373578e-06,0,0,unlabeled
6238,0.9953452944755554,1,1,unlabeled
6239,0.0013796200510114431,0,0,unlabeled
6240,0.000757195521146059,0,0,train
6241,0.9783798456192017,1,1,unlabeled
6242,3.2967457741506223e-07,0,0,unlabeled
6243,0.0005627774517051876,0,0,unlabeled
6244,2.1049256247351877e-05,0,0,unlabeled
6245,0.00012640308705158532,0,0,unlabeled
6246,6.958473619533834e-08,0,0,unlabeled
6247,7.658742106286809e-05,0,0,unlabeled
6248,0.9989976286888123,1,1,val
6249,0.9961068034172058,1,1,unlabeled
6250,1.3835503978043562e-06,0,0,unlabeled
6251,0.00905586313456297,0,0,unlabeled
6252,2.013210405493737e-06,0,0,train
6253,0.9990955591201782,1,1,unlabeled
6254,3.0908038752386346e-05,0,0,train
6255,0.007082710508257151,0,0,unlabeled
6256,0.9985108971595764,1,1,unlabeled
6257,9.345562830276322e-07,0,0,unlabeled
6258,0.49538594484329224,0,0,unlabeled
6259,0.00010334239050280303,0,0,val
6260,2.5390138034708798e-05,0,0,unlabeled
6261,1.3080245480523445e-05,0,0,unlabeled
6262,4.1381294835218796e-08,0,0,unlabeled
6263,3.7820453258063935e-07,0,0,unlabeled
6264,3.2602522992419836e-07,0,0,unlabeled
6265,2.707658749989683e-11,0,0,unlabeled
6266,0.0002169522049371153,0,0,val
6267,7.117505447240546e-07,0,0,unlabeled
6268,3.1453766951017315e-06,0,0,unlabeled
6269,2.1240517526166514e-05,0,0,unlabeled
6270,1.0349574949941598e-05,0,0,train
6271,7.806620851624757e-05,0,0,unlabeled
6272,6.285500603553373e-06,0,0,train
6273,0.9988681077957153,1,1,unlabeled
6274,5.6552148635091726e-06,0,0,unlabeled
6275,0.014375651255249977,0,0,unlabeled
6276,1.1559939594008029e-05,0,0,unlabeled
6277,0.0005156476981937885,0,0,unlabeled
6278,2.729581751736987e-07,0,0,val
6279,0.018168658018112183,0,0,train
6280,0.9982866644859314,1,1,train
6281,0.9981324076652527,1,1,unlabeled
6282,7.835643373255152e-06,0,0,val
6283,1.0093280025103013e-06,0,0,unlabeled
6284,0.9987397789955139,1,1,unlabeled
6285,0.00018091421225108206,0,0,unlabeled
6286,0.0010485302191227674,0,0,unlabeled
6287,1.9721390344784595e-05,0,0,val
6288,0.9798963069915771,1,1,unlabeled
6289,0.00032106655999086797,0,0,unlabeled
6290,0.0003996308078058064,0,0,unlabeled
6291,0.9991714954376221,1,1,unlabeled
6292,6.938071228645981e-10,0,0,unlabeled
6293,0.00027902756119146943,0,0,unlabeled
6294,2.936898901850782e-08,0,0,unlabeled
6295,8.915899343264755e-06,0,0,unlabeled
6296,0.9988356232643127,1,1,unlabeled
6297,1.0235265326258292e-12,0,0,unlabeled
6298,0.9990074038505554,1,1,unlabeled
6299,3.225934221973148e-07,0,0,unlabeled
6300,0.020152540877461433,0,0,unlabeled
6301,0.9967930912971497,1,1,unlabeled
6302,2.013123889810231e-08,0,0,unlabeled
6303,1.6036847227951512e-05,0,0,unlabeled
6304,2.0436314684957324e-07,0,0,unlabeled
6305,5.977683395030908e-05,0,0,unlabeled
6306,8.710601832717657e-06,0,0,unlabeled
6307,2.276974919368513e-05,0,0,unlabeled
6308,7.145846029743552e-05,0,0,unlabeled
6309,0.9986141920089722,1,1,unlabeled
6310,3.0230512493290007e-06,0,0,unlabeled
6311,0.9970057606697083,1,1,unlabeled
6312,3.785325191074662e-07,0,0,unlabeled
6313,7.544714208052028e-06,0,0,unlabeled
6314,6.171082077344181e-06,0,0,unlabeled
6315,1.6795755072962493e-05,0,0,unlabeled
6316,0.99775630235672,1,1,unlabeled
6317,0.9969881176948547,1,1,train
6318,0.009787840768694878,0,0,unlabeled
6319,1.999344249270507e-06,0,0,val
6320,2.1423375073936768e-06,0,0,unlabeled
6321,3.027868233917985e-11,0,0,unlabeled
6322,0.18055298924446106,0,0,unlabeled
6323,3.5561608910938958e-06,0,0,unlabeled
6324,1.0898230584643898e-06,0,0,unlabeled
6325,2.295100330229616e-06,0,0,unlabeled
6326,0.0001770245871739462,0,0,train
6327,0.18202106654644012,0,0,val
6328,5.824716708957567e-07,0,0,unlabeled
6329,5.824638833473728e-07,0,0,unlabeled
6330,0.0019408357329666615,0,0,unlabeled
6331,2.183283413614845e-06,0,0,unlabeled
6332,0.9987913966178894,1,1,unlabeled
6333,0.998636782169342,1,1,unlabeled
6334,0.0002566548064351082,0,0,unlabeled
6335,5.391176500779693e-07,0,0,unlabeled
6336,2.3087315170755573e-08,0,0,unlabeled
6337,0.9971686005592346,1,1,train
6338,4.265060124453157e-05,0,0,unlabeled
6339,2.761233304227062e-07,0,0,unlabeled
6340,0.00022210736642591655,0,0,train
6341,0.9971255660057068,1,1,unlabeled
6342,0.9987012147903442,1,1,unlabeled
6343,0.9992401599884033,1,1,unlabeled
6344,0.008359761908650398,0,0,unlabeled
6345,3.0808045266894624e-05,0,0,unlabeled
6346,0.0002983376325573772,0,0,unlabeled
6347,0.9987143278121948,1,1,unlabeled
6348,9.436070058654877e-07,0,0,val
6349,6.276027875173895e-07,0,0,unlabeled
6350,1.2634092172447708e-06,0,0,unlabeled
6351,2.500159098417498e-06,0,0,unlabeled
6352,0.9989932179450989,1,1,train
6353,1.5464498801520676e-06,0,0,unlabeled
6354,4.3734453356591985e-05,0,0,unlabeled
6355,8.407561836065724e-05,0,0,train
6356,0.0002052553027169779,0,0,train
6357,2.8887043868053297e-07,0,0,train
6358,0.9932970404624939,1,1,unlabeled
6359,0.0005309316911734641,0,0,unlabeled
6360,1.0302958344254876e-06,0,0,unlabeled
6361,5.164414233149728e-06,0,0,unlabeled
6362,0.9917073845863342,1,1,unlabeled
6363,0.9841258525848389,1,1,unlabeled
6364,3.823277893388877e-06,0,0,train
6365,0.9995328187942505,1,1,unlabeled
6366,0.9995172023773193,1,1,train
6367,3.2085438306239666e-07,0,0,unlabeled
6368,6.458690768340603e-05,0,0,unlabeled
6369,1.4344930605147965e-05,0,0,unlabeled
6370,0.9993647933006287,1,1,val
6371,0.012286809273064137,0,0,unlabeled
6372,0.9918761253356934,1,1,unlabeled
6373,1.213614382322703e-06,0,0,unlabeled
6374,8.779369409239735e-07,0,0,unlabeled
6375,6.74156763125211e-06,0,0,unlabeled
6376,2.6961919274981483e-07,0,0,unlabeled
6377,0.00010698974074330181,0,0,unlabeled
6378,0.9993744492530823,1,1,unlabeled
6379,9.557089651934803e-05,0,0,unlabeled
6380,0.9988347887992859,1,1,unlabeled
6381,1.541032133900444e-06,0,0,unlabeled
6382,1.0629039024934173e-05,0,0,unlabeled
6383,6.643534078420998e-08,0,0,unlabeled
6384,1.6036847227951512e-05,0,0,unlabeled
6385,1.8710128415477811e-06,0,0,unlabeled
6386,1.1407074680391815e-06,0,0,unlabeled
6387,5.71643886360107e-06,0,0,unlabeled
6388,3.893554857865855e-13,0,0,train
6389,8.019561391847674e-06,0,0,unlabeled
6390,7.420937322422105e-07,0,0,unlabeled
6391,1.8000197087530978e-05,0,0,unlabeled
6392,6.448167550843209e-05,0,0,train
6393,0.9963484406471252,1,1,val
6394,1.8537102732807398e-06,0,0,unlabeled
6395,0.9826517105102539,1,1,unlabeled
6396,0.03282925859093666,0,0,unlabeled
6397,1.2050132909280364e-06,0,0,unlabeled
6398,0.9964653253555298,1,1,unlabeled
6399,0.9992949962615967,1,1,unlabeled
6400,2.0296896252602892e-07,0,0,unlabeled
6401,4.200386132663381e-12,0,0,unlabeled
6402,6.8122194534225855e-06,0,0,unlabeled
6403,2.1423375073936768e-06,0,0,unlabeled
6404,0.0001262910373043269,0,0,unlabeled
6405,6.8779945650021546e-06,0,0,train
6406,0.00027902756119146943,0,0,unlabeled
6407,0.0002169522049371153,0,0,unlabeled
6408,3.627475962275639e-06,0,0,unlabeled
6409,7.11125903762877e-05,0,0,unlabeled
6410,1.888021188278799e-06,0,0,unlabeled
6411,2.5651490886957617e-06,0,0,unlabeled
6412,0.047441888600587845,0,0,train
6413,2.6306122435926227e-06,0,0,unlabeled
6414,3.968908458773512e-06,0,0,unlabeled
6415,2.7619416869129054e-06,0,0,train
6416,7.657397509319708e-05,0,0,unlabeled
6417,0.00027603417402133346,0,0,unlabeled
6418,3.604735354656441e-07,0,0,unlabeled
6419,3.028051423825673e-06,0,0,unlabeled
6420,3.465175950623234e-07,0,0,unlabeled
6421,0.0006743730045855045,0,0,train
6422,0.0034464544150978327,0,0,unlabeled
6423,0.0003996308078058064,0,0,train
6424,0.9976426959037781,1,1,unlabeled
6425,0.9875146150588989,1,1,unlabeled
6426,1.5678228010074235e-05,0,0,unlabeled
6427,0.00026519515085965395,0,0,unlabeled
6428,0.0002169522049371153,0,0,unlabeled
6429,3.09080678562168e-05,0,0,train
6430,0.9989967942237854,1,1,unlabeled
6431,2.127010475305724e-06,0,0,train
6432,2.8045794806530466e-06,0,0,unlabeled
6433,1.3777083722743555e-06,0,0,unlabeled
6434,1.5013290976639837e-05,0,0,train
6435,2.448252644171589e-06,0,0,unlabeled
6436,0.97086101770401,1,1,unlabeled
6437,7.559278310509399e-05,0,0,unlabeled
6438,1.9380830451609654e-07,0,0,unlabeled
6439,6.54279428999871e-05,0,0,unlabeled
6440,0.9952800273895264,1,1,unlabeled
6441,0.9889429807662964,1,1,unlabeled
6442,0.01395521778613329,0,0,unlabeled
6443,7.765648124546942e-10,0,0,unlabeled
6444,0.9988709092140198,1,1,unlabeled
6445,3.339726845297264e-06,0,0,unlabeled
6446,3.144305810565129e-05,0,0,unlabeled
6447,7.18002556823194e-05,0,0,unlabeled
6448,0.96588134765625,1,1,unlabeled
6449,0.9413227438926697,1,1,unlabeled
6450,9.600156403166693e-08,0,0,train
6451,6.8122194534225855e-06,0,0,unlabeled
6452,2.2282512873061933e-05,0,0,unlabeled
6453,0.976323664188385,1,1,unlabeled
6454,6.7135883909941185e-06,0,0,unlabeled
6455,0.0012542933691293001,0,0,unlabeled
6456,1.1023374099750072e-05,0,0,train
6457,1.9429313397267833e-05,0,0,unlabeled
6458,1.485710754423053e-06,0,0,unlabeled
6459,3.027868233917985e-11,0,0,unlabeled
6460,0.9945281147956848,1,1,unlabeled
6461,0.9992393255233765,1,1,train
6462,0.9984985589981079,1,1,unlabeled
6463,8.134923490388246e-08,0,0,unlabeled
6464,1.220110902977467e-06,0,0,train
6465,1.9586477719713002e-05,0,0,unlabeled
6466,6.309405762294773e-07,0,0,val
6467,8.435581548837945e-06,0,0,unlabeled
6468,1.4833224213361973e-06,0,0,unlabeled
6469,0.00010698974074330181,0,0,unlabeled
6470,2.7343730835127644e-07,0,0,unlabeled
6471,0.9976935982704163,1,1,unlabeled
6472,7.18002556823194e-05,0,0,unlabeled
6473,5.85370230510307e-07,0,0,train
6474,1.7933961089511286e-06,0,0,unlabeled
6475,6.798285268061477e-10,0,0,unlabeled
6476,1.888021188278799e-06,0,0,unlabeled
6477,2.347687996007153e-06,0,0,unlabeled
6478,2.3473478449886898e-06,0,0,unlabeled
6479,5.4329608246916905e-05,0,0,train
6480,1.4515904695144854e-05,0,0,unlabeled
6481,4.0856732084648684e-05,0,0,unlabeled
6482,0.0013298733392730355,0,0,unlabeled
6483,1.0885667478532923e-07,0,0,train
6484,1.4995080732660426e-07,0,0,unlabeled
6485,0.9920045733451843,1,1,unlabeled
6486,3.688378740207554e-07,0,0,unlabeled
6487,2.757780521278619e-06,0,0,unlabeled
6488,0.9982060194015503,1,1,unlabeled
6489,0.9991648197174072,1,1,unlabeled
6490,3.6505364278127672e-06,0,0,unlabeled
6491,0.998760461807251,1,1,unlabeled
6492,3.194083319613128e-06,0,0,unlabeled
6493,0.0002852325269486755,0,0,unlabeled
6494,2.832090831361711e-05,0,0,train
6495,5.134572234055668e-07,0,0,unlabeled
6496,1.4540857591782697e-05,0,0,unlabeled
6497,3.365580141689861e-06,0,0,unlabeled
6498,1.0798647309684384e-07,0,0,unlabeled
6499,0.0003951860126107931,0,0,unlabeled
6500,2.7080377549282275e-06,0,0,unlabeled
6501,5.024496203986928e-06,0,0,unlabeled
6502,0.9986720085144043,1,1,unlabeled
6503,7.959216397068758e-09,0,0,unlabeled
6504,0.9992584586143494,1,1,unlabeled
6505,0.9964610934257507,1,1,unlabeled
6506,0.9984970092773438,1,1,unlabeled
6507,7.834417488084e-07,0,0,unlabeled
6508,2.500159098417498e-06,0,0,unlabeled
6509,3.5428574847173877e-06,0,0,unlabeled
6510,2.522141130611999e-06,0,0,unlabeled
6511,5.279311608319404e-06,0,0,unlabeled
6512,1.1601753612922039e-05,0,0,unlabeled
6513,0.0008635226404294372,0,0,train
6514,0.001369959325529635,0,0,train
6515,3.505406129988842e-05,0,0,unlabeled
6516,3.7680908917536726e-06,0,0,unlabeled
6517,7.559278310509399e-05,0,0,unlabeled
6518,0.996717631816864,1,1,unlabeled
6519,0.9969058632850647,1,1,val
6520,1.0619693058960822e-12,0,0,unlabeled
6521,3.0243948003771948e-06,0,0,unlabeled
6522,0.020800016820430756,0,0,unlabeled
6523,1.1509058595038368e-06,0,0,unlabeled
6524,2.524404296710969e-10,0,0,unlabeled
6525,1.1685590095567022e-07,0,0,unlabeled
6526,2.104424538629246e-06,0,0,unlabeled
6527,0.9585306644439697,1,1,train
6528,4.0856732084648684e-05,0,0,val
6529,2.500159098417498e-06,0,0,unlabeled
6530,0.03368838503956795,0,0,unlabeled
6531,0.9985179305076599,1,1,train
6532,3.2029565772973e-06,0,0,unlabeled
6533,8.062921447990262e-16,0,0,unlabeled
6534,5.0564958655741066e-06,0,0,unlabeled
6535,0.9982315897941589,1,1,unlabeled
6536,0.9976825714111328,1,1,unlabeled
6537,7.658742106286809e-05,0,0,unlabeled
6538,0.9989485144615173,1,1,unlabeled
6539,3.0719663755007787e-06,0,0,train
6540,0.006830538157373667,0,0,unlabeled
6541,0.9994204044342041,1,1,unlabeled
6542,4.1199180600415275e-07,0,0,unlabeled
6543,0.9989930987358093,1,1,unlabeled
6544,1.2368840543786064e-05,0,0,train
6545,2.746847167145461e-05,0,0,train
6546,0.998621940612793,1,1,train
6547,0.005538273137062788,0,0,unlabeled
6548,6.222189199434069e-07,0,0,unlabeled
6549,0.0001262910373043269,0,0,unlabeled
6550,0.0016434337012469769,0,0,unlabeled
6551,7.18002556823194e-05,0,0,unlabeled
6552,0.9973220229148865,1,1,unlabeled
6553,2.727621904341504e-05,0,0,unlabeled
6554,5.164417962078005e-05,0,0,unlabeled
6555,1.6747120525906212e-06,0,0,train
6556,2.067448258458171e-05,0,0,unlabeled
6557,1.7483122064732015e-05,0,0,unlabeled
6558,5.758538009104086e-06,0,0,unlabeled
6559,1.1696332649080432e-06,0,0,unlabeled
6560,7.806620851624757e-05,0,0,unlabeled
6561,1.1973473874604679e-06,0,0,unlabeled
6562,2.923451756942086e-05,0,0,unlabeled
6563,3.7010486266808584e-05,0,0,unlabeled
6564,3.517094228300266e-06,0,0,train
6565,7.18002556823194e-05,0,0,unlabeled
6566,1.2539120461951825e-06,0,0,unlabeled
6567,0.998688280582428,1,1,unlabeled
6568,0.9956526756286621,1,1,unlabeled
6569,6.961345934541896e-05,0,0,unlabeled
6570,0.0003996310115326196,0,0,unlabeled
6571,4.347137291915715e-05,0,0,train
6572,0.0001262910373043269,0,0,train
6573,3.945453954656841e-06,0,0,train
6574,1.8784536223392934e-05,0,0,unlabeled
6575,1.861517557699699e-05,0,0,unlabeled
6576,1.02541598607786e-05,0,0,train
6577,2.163943236155319e-06,0,0,unlabeled
6578,5.746775059378706e-06,0,0,val
6579,2.013123889810231e-08,0,0,train
6580,4.2573435621307e-07,0,0,unlabeled
6581,0.0007738080457784235,0,0,unlabeled
6582,9.62760395850637e-07,0,0,unlabeled
6583,4.0330953197553754e-05,0,0,unlabeled
6584,6.642861194450234e-07,0,0,train
6585,3.7947477267152863e-06,0,0,unlabeled
6586,0.0007443917565979064,0,0,unlabeled
6587,7.087153335305629e-06,0,0,train
6588,0.9970993995666504,1,1,train
6589,4.057270780322142e-05,0,0,unlabeled
6590,3.2132072647073073e-07,0,0,unlabeled
6591,8.942952831603179e-07,0,0,unlabeled
6592,0.9795445799827576,1,1,train
6593,3.326882733745151e-07,0,0,unlabeled
6594,1.984905566132511e-06,0,0,train
6595,0.9802663922309875,1,1,unlabeled
6596,4.877601440966828e-06,0,0,unlabeled
6597,2.8011851327391923e-07,0,0,unlabeled
6598,4.2247495002811775e-05,0,0,train
6599,3.522558813529031e-07,0,0,unlabeled
6600,2.151899264248719e-13,0,0,unlabeled
6601,2.823276190611068e-07,0,0,train
6602,2.524404296710969e-10,0,0,unlabeled
6603,1.8784536223392934e-05,0,0,unlabeled
6604,0.9444478750228882,1,1,unlabeled
6605,0.99940025806427,1,1,unlabeled
6606,2.817420408973703e-06,0,0,unlabeled
6607,3.844986622425495e-06,0,0,unlabeled
6608,8.529293040737684e-07,0,0,unlabeled
6609,5.225110726314597e-06,0,0,unlabeled
6610,5.355012035579421e-06,0,0,val
6611,0.00018091421225108206,0,0,val
6612,0.00023823397350497544,0,0,val
6613,0.0005875029601156712,0,0,unlabeled
6614,0.9978680610656738,1,1,unlabeled
6615,4.908482878818177e-06,0,0,unlabeled
6616,0.997400164604187,1,1,unlabeled
6617,1.2639449778362177e-05,0,0,unlabeled
6618,0.9670718908309937,1,1,unlabeled
6619,1.1019910317600079e-07,0,0,unlabeled
6620,6.262608167162398e-06,0,0,unlabeled
6621,3.059266418858897e-06,0,0,unlabeled
6622,7.835643373255152e-06,0,0,train
6623,4.662761966756079e-06,0,0,unlabeled
6624,0.00022210736642591655,0,0,val
6625,0.0003777000238187611,0,0,train
6626,2.1603418076665548e-07,0,0,unlabeled
6627,2.0563975340337493e-05,0,0,unlabeled
6628,0.9929199814796448,1,1,unlabeled
6629,1.598211019882001e-05,0,0,unlabeled
6630,0.9981694221496582,1,1,unlabeled
6631,2.1049256247351877e-05,0,0,train
6632,0.9971318244934082,1,1,train
6633,0.9992550015449524,1,1,unlabeled
6634,0.0017637122655287385,0,0,unlabeled
6635,2.3411193978972733e-06,0,0,unlabeled
6636,2.3326397240452934e-06,0,0,unlabeled
6637,0.9910346865653992,1,1,unlabeled
6638,7.559278310509399e-05,0,0,unlabeled
6639,0.0010485302191227674,0,0,unlabeled
6640,8.491637345287018e-06,0,0,unlabeled
6641,1.7483122064732015e-05,0,0,unlabeled
6642,7.756965914040848e-08,0,0,unlabeled
6643,2.276974919368513e-05,0,0,unlabeled
6644,6.740081630596251e-07,0,0,train
6645,3.698421267017693e-07,0,0,train
6646,1.3292269195053219e-11,0,0,unlabeled
6647,0.9986152648925781,1,1,unlabeled
6648,1.6104152109619463e-06,0,0,unlabeled
6649,5.255142241367139e-07,0,0,unlabeled
6650,0.019256800413131714,0,0,train
6651,0.993533730506897,1,1,unlabeled
6652,1.3501671674021054e-06,0,0,unlabeled
6653,0.9981122016906738,1,1,train
6654,1.5090151919139316e-06,0,0,unlabeled
6655,0.0001338154834229499,0,0,val
6656,2.727621904341504e-05,0,0,unlabeled
6657,0.018168658018112183,0,0,val
6658,0.9990009665489197,1,1,unlabeled
6659,0.00013710639905184507,0,0,unlabeled
6660,0.9982500672340393,1,1,unlabeled
6661,1.4668439689558e-06,0,0,train
6662,6.22573793407355e-07,0,0,unlabeled
6663,2.050893999694381e-05,0,0,unlabeled
6664,9.056649332706002e-07,0,0,unlabeled
6665,0.010263756848871708,0,0,unlabeled
6666,0.00015110660751815885,0,0,unlabeled
6667,4.003100184490904e-05,0,0,unlabeled
6668,3.069249601139745e-07,0,0,unlabeled
6669,0.0002991217188537121,0,0,unlabeled
6670,6.088609552534763e-06,0,0,train
6671,3.7838740354345646e-06,0,0,val
6672,1.0298537063135882e-06,0,0,unlabeled
6673,0.00011318267934257165,0,0,unlabeled
6674,1.0629130883899052e-05,0,0,unlabeled
6675,1.6140745628945297e-06,0,0,unlabeled
6676,0.999383807182312,1,1,unlabeled
6677,2.5463547828445676e-13,0,0,unlabeled
6678,1.0530587132961955e-05,0,0,train
6679,3.793018322539865e-06,0,0,unlabeled
6680,1.4250778122004704e-06,0,0,unlabeled
6681,6.448167550843209e-05,0,0,unlabeled
6682,1.2220556527609006e-05,0,0,val
6683,0.00010541981464484707,0,0,unlabeled
6684,0.0001262910373043269,0,0,unlabeled
6685,3.3012524909281638e-06,0,0,unlabeled
6686,7.057301263557747e-05,0,0,unlabeled
6687,1.0479551804110088e-07,0,0,unlabeled
6688,0.9970716238021851,1,1,unlabeled
6689,0.9660112857818604,1,1,unlabeled
6690,0.0001262910373043269,0,0,train
6691,2.364175088587217e-06,0,0,unlabeled
6692,1.2622773937209786e-08,0,0,train
6693,5.933517968514934e-06,0,0,unlabeled
6694,2.055124696198618e-06,0,0,unlabeled
6695,0.9986516833305359,1,1,train
6696,1.2220556527609006e-05,0,0,unlabeled
6697,1.0633465308274026e-06,0,0,unlabeled
6698,3.0808045266894624e-05,0,0,unlabeled
6699,1.8240473309560912e-06,0,0,unlabeled
6700,0.9979103207588196,1,1,unlabeled
6701,0.0001349742233287543,0,0,unlabeled
6702,1.8511262567244557e-07,0,0,unlabeled
6703,0.0001855371956480667,0,0,unlabeled
6704,0.0005567054031416774,0,0,unlabeled
6705,1.0262759133183863e-05,0,0,val
6706,4.2573435621307e-07,0,0,unlabeled
6707,0.9981791973114014,1,1,unlabeled
6708,0.00039501633727923036,0,0,unlabeled
6709,0.0011070668697357178,0,0,unlabeled
6710,0.00017940800171345472,0,0,train
6711,1.3228851685198606e-06,0,0,unlabeled
6712,6.118172677815892e-06,0,0,unlabeled
6713,5.3840471991861705e-06,0,0,unlabeled
6714,8.98766938917106e-06,0,0,unlabeled
6715,2.6749469839160156e-07,0,0,unlabeled
6716,1.8341388852149976e-07,0,0,unlabeled
6717,0.0002613001561257988,0,0,unlabeled
6718,0.9984294772148132,1,1,train
6719,3.298140200058697e-06,0,0,unlabeled
6720,1.1219594853173476e-06,0,0,unlabeled
6721,7.657397509319708e-05,0,0,unlabeled
6722,2.1930538982029013e-12,0,0,unlabeled
6723,3.9011389162624255e-05,0,0,train
6724,5.046346132075996e-07,0,0,unlabeled
6725,4.347137291915715e-05,0,0,unlabeled
6726,0.09873301535844803,0,0,unlabeled
6727,0.0003996310115326196,0,0,unlabeled
6728,0.00010698974074330181,0,0,unlabeled
6729,3.671932518045651e-07,0,0,unlabeled
6730,0.00016884937940631062,0,0,unlabeled
6731,7.145846029743552e-05,0,0,unlabeled
6732,7.658742106286809e-05,0,0,unlabeled
6733,1.4441976418311242e-05,0,0,train
6734,4.626122063200455e-07,0,0,unlabeled
6735,2.1717831259593368e-05,0,0,unlabeled
6736,9.947796115739038e-07,0,0,unlabeled
6737,7.559278310509399e-05,0,0,unlabeled
6738,8.193446774384938e-06,0,0,unlabeled
6739,9.0719930767591e-07,0,0,unlabeled
6740,3.133254358544946e-05,0,0,unlabeled
6741,7.658742106286809e-05,0,0,train
6742,1.1896078149220557e-06,0,0,unlabeled
6743,1.6252066643573926e-06,0,0,unlabeled
6744,0.00016512416186742485,0,0,unlabeled
6745,0.9992144107818604,1,1,unlabeled
6746,0.9710296988487244,1,1,unlabeled
6747,0.9994271993637085,1,1,unlabeled
6748,0.99554044008255,1,1,unlabeled
6749,0.9962474703788757,1,1,train
6750,0.9988862872123718,1,1,unlabeled
6751,5.4960867146292e-07,0,0,unlabeled
6752,4.9981385927821975e-06,0,0,train
6753,1.9075864088335948e-07,0,0,unlabeled
6754,1.2099084187866538e-06,0,0,unlabeled
6755,2.430896017813211e-07,0,0,unlabeled
6756,4.709718996309675e-05,0,0,train
6757,2.942171931863413e-06,0,0,unlabeled
6758,0.9979660511016846,1,1,unlabeled
6759,0.0003469964722171426,0,0,unlabeled
6760,0.9975036978721619,1,1,train
6761,0.9992011189460754,1,1,val
6762,0.9988759160041809,1,1,unlabeled
6763,1.0343105039112288e-08,0,0,unlabeled
6764,5.973160538751569e-17,0,0,unlabeled
6765,7.559278310509399e-05,0,0,unlabeled
6766,0.9977415800094604,1,1,unlabeled
6767,7.494477358704899e-07,0,0,unlabeled
6768,0.9993952512741089,1,1,unlabeled
6769,3.13227155857021e-06,0,0,unlabeled
6770,1.4361643479787745e-05,0,0,train
6771,6.275603254835005e-07,0,0,unlabeled
6772,0.0008048597956076264,0,0,unlabeled
6773,1.011701135963727e-18,0,0,unlabeled
6774,0.9867510199546814,1,1,unlabeled
6775,6.227109565770661e-07,0,0,unlabeled
6776,1.0312453468941385e-06,0,0,unlabeled
6777,0.00020536825468298048,0,0,unlabeled
6778,0.031872112303972244,0,0,unlabeled
6779,0.0009633303270675242,0,0,unlabeled
6780,1.5327348137361696e-06,0,0,unlabeled
6781,2.8207379727973603e-05,0,0,unlabeled
6782,1.0628655218170024e-05,0,0,unlabeled
6783,5.9870511904591694e-05,0,0,unlabeled
6784,6.448167550843209e-05,0,0,train
6785,1.5785639106979943e-06,0,0,unlabeled
6786,0.9985186457633972,1,1,unlabeled
6787,1.6963075495368685e-06,0,0,train
6788,1.4079101773312175e-10,0,0,train
6789,2.174739144322757e-08,0,0,unlabeled
6790,5.296148852806937e-09,0,0,train
6791,2.4588785890955478e-05,0,0,train
6792,4.300970431359019e-06,0,0,unlabeled
6793,2.7080377549282275e-06,0,0,unlabeled
6794,1.3606199900095817e-05,0,0,unlabeled
6795,0.0001262910373043269,0,0,unlabeled
6796,6.516163011838216e-06,0,0,train
6797,0.000715670466888696,0,0,unlabeled
6798,0.9982441663742065,1,1,train
6799,1.6011593118037126e-07,0,0,unlabeled
6800,0.0003996308078058064,0,0,unlabeled
6801,9.855465350483428e-07,0,0,unlabeled
6802,0.00027902756119146943,0,0,unlabeled
6803,0.999110758304596,1,1,unlabeled
6804,8.097505315163289e-07,0,0,unlabeled
6805,0.9991011619567871,1,1,unlabeled
6806,1.0989251677528955e-05,0,0,train
6807,0.9983799457550049,1,1,unlabeled
6808,2.262843509015511e-06,0,0,unlabeled
6809,8.812823466541886e-07,0,0,unlabeled
6810,1.0312716767657548e-05,0,0,unlabeled
6811,4.011071030873836e-09,0,0,train
6812,3.041046454654861e-07,0,0,unlabeled
6813,1.898086111395969e-06,0,0,train
6814,0.0003996308078058064,0,0,train
6815,2.0738009425258497e-06,0,0,unlabeled
6816,7.376066605502274e-06,0,0,unlabeled
6817,0.00015826724120415747,0,0,unlabeled
6818,2.050893999694381e-05,0,0,unlabeled
6819,2.643049299422273e-07,0,0,unlabeled
6820,1.7806588630264741e-06,0,0,unlabeled
6821,0.9942641854286194,1,1,unlabeled
6822,0.0001338154834229499,0,0,unlabeled
6823,0.0002697297604754567,0,0,unlabeled
6824,0.9997770190238953,1,1,unlabeled
6825,1.0831784493348096e-05,0,0,unlabeled
6826,0.9949270486831665,1,1,unlabeled
6827,3.7531181078520603e-06,0,0,train
6828,1.8726373127719853e-06,0,0,unlabeled
6829,2.0726816728711128e-05,0,0,train
6830,1.4799674318055622e-05,0,0,unlabeled
6831,8.02108445441263e-07,0,0,unlabeled
6832,1.5381176126538776e-05,0,0,unlabeled
6833,0.00027167267398908734,0,0,unlabeled
6834,7.657397509319708e-05,0,0,unlabeled
6835,0.0005643620970658958,0,0,unlabeled
6836,0.003778449259698391,0,0,train
6837,0.0005650321836583316,0,0,train
6838,6.942379400243226e-07,0,0,unlabeled
6839,0.9939143061637878,1,1,unlabeled
6840,2.276974919368513e-05,0,0,unlabeled
6841,1.9429313397267833e-05,0,0,unlabeled
6842,4.545645424514078e-06,0,0,train
6843,6.507555553980637e-06,0,0,train
6844,0.9654197096824646,1,1,unlabeled
6845,1.2478337339416612e-05,0,0,unlabeled
6846,0.00027902756119146943,0,0,unlabeled
6847,0.999370276927948,1,1,unlabeled
6848,0.017344551160931587,0,0,unlabeled
6849,1.5280265586170572e-07,0,0,unlabeled
6850,0.00017742898489814252,0,0,unlabeled
6851,1.940509355335962e-05,0,0,unlabeled
6852,4.108891062060138e-06,0,0,val
6853,0.9977414608001709,1,1,unlabeled
6854,0.9987931251525879,1,1,unlabeled
6855,0.9959782361984253,1,1,unlabeled
6856,0.00018091421225108206,0,0,train
6857,1.2950194104632828e-05,0,0,unlabeled
6858,6.054151846512923e-09,0,0,unlabeled
6859,0.18366825580596924,0,0,unlabeled
6860,8.675947356096003e-06,0,0,unlabeled
6861,1.942933158716187e-05,0,0,unlabeled
6862,2.4582614059909247e-06,0,0,unlabeled
6863,9.295154086430557e-06,0,0,unlabeled
6864,8.546310255042044e-07,0,0,train
6865,3.60246450725743e-11,0,0,unlabeled
6866,0.9992266893386841,1,1,unlabeled
6867,1.5702227074143593e-08,0,0,val
6868,2.244812094431836e-06,0,0,unlabeled
6869,7.411534170387313e-06,0,0,unlabeled
6870,0.9980260133743286,1,1,train
6871,0.002355900825932622,0,0,unlabeled
6872,6.357060442496731e-07,0,0,unlabeled
6873,8.95575612958055e-06,0,0,unlabeled
6874,0.0007501620566472411,0,0,val
6875,6.344417670334224e-06,0,0,unlabeled
6876,1.2858498848800082e-05,0,0,unlabeled
6877,0.9976018071174622,1,1,unlabeled
6878,2.921453642557026e-06,0,0,unlabeled
6879,0.9884781241416931,1,1,val
6880,2.603164830361493e-05,0,0,unlabeled
6881,1.7483122064732015e-05,0,0,unlabeled
6882,0.9985768795013428,1,1,train
6883,0.001080180867575109,0,0,unlabeled
6884,0.9991061091423035,1,1,unlabeled
6885,1.5678724594181404e-06,0,0,train
6886,0.9960343241691589,1,1,unlabeled
6887,0.00029161182465031743,0,0,unlabeled
6888,1.7483122064732015e-05,0,0,unlabeled
6889,1.5013290976639837e-05,0,0,unlabeled
6890,6.438804575736867e-06,0,0,unlabeled
6891,0.9988942742347717,1,1,unlabeled
6892,0.9987245202064514,1,1,unlabeled
6893,6.531726626235468e-07,0,0,val
6894,1.930755388457328e-05,0,0,val
6895,1.6223385728153517e-06,0,0,unlabeled
6896,3.096406544500496e-07,0,0,unlabeled
6897,1.1727152923413087e-05,0,0,unlabeled
6898,1.5918855069685378e-06,0,0,unlabeled
6899,2.6937218535749707e-06,0,0,val
6900,0.9979015588760376,1,1,unlabeled
6901,0.9950301647186279,1,1,unlabeled
6902,0.9996030926704407,1,1,unlabeled
6903,0.0005184309557080269,0,0,train
6904,7.18002556823194e-05,0,0,train
6905,7.910334716143552e-06,0,0,unlabeled
6906,0.0001770245871739462,0,0,unlabeled
6907,0.0001262910373043269,0,0,train
6908,4.049984170251264e-07,0,0,unlabeled
6909,2.1930538982029013e-12,0,0,unlabeled
6910,3.3647451346041635e-05,0,0,unlabeled
6911,0.0005771794822067022,0,0,unlabeled
6912,0.0001582364784553647,0,0,train
6913,0.0001262910373043269,0,0,unlabeled
6914,0.0020395934116095304,0,0,val
6915,0.9991378784179688,1,1,unlabeled
6916,3.447426024649758e-07,0,0,unlabeled
6917,5.426217740023276e-06,0,0,unlabeled
6918,0.9989078044891357,1,1,unlabeled
6919,0.9994925260543823,1,1,unlabeled
6920,0.9973415732383728,1,1,unlabeled
6921,9.345902753921109e-07,0,0,unlabeled
6922,0.9972354769706726,1,1,unlabeled
6923,0.00019427872030064464,0,0,unlabeled
6924,4.747384809888899e-05,0,0,unlabeled
6925,7.455909667442029e-07,0,0,unlabeled
6926,3.4433909945619234e-07,0,0,unlabeled
6927,0.9982706308364868,1,1,unlabeled
6928,1.282513858313905e-05,0,0,unlabeled
6929,0.004034613724797964,0,0,train
6930,2.0720710836030776e-06,0,0,unlabeled
6931,1.4978688795963535e-06,0,0,unlabeled
6932,6.643534078420998e-08,0,0,unlabeled
6933,1.7558833178554778e-06,0,0,unlabeled
6934,0.9969394207000732,1,1,unlabeled
6935,0.00036042628926225007,0,0,unlabeled
6936,5.7295670558232814e-05,0,0,unlabeled
6937,1.267592961085029e-05,0,0,unlabeled
6938,0.00037116403109394014,0,0,unlabeled
6939,9.523634424211513e-15,0,0,train
6940,0.00010698974074330181,0,0,unlabeled
6941,3.733928508609097e-07,0,0,unlabeled
6942,4.2573435621307e-07,0,0,unlabeled
6943,2.1390820620581508e-05,0,0,unlabeled
6944,3.25182469396168e-07,0,0,unlabeled
6945,2.0016452708659926e-06,0,0,unlabeled
6946,1.2430057722667698e-05,0,0,train
6947,1.5767071772643249e-06,0,0,unlabeled
6948,1.4928832570149098e-06,0,0,unlabeled
6949,0.9994702935218811,1,1,unlabeled
6950,3.7010486266808584e-05,0,0,unlabeled
6951,2.194604121541488e-06,0,0,val
6952,6.19139711943717e-07,0,0,unlabeled
6953,0.00013866971130482852,0,0,unlabeled
6954,4.444886485543975e-07,0,0,unlabeled
6955,1.2402693982949131e-06,0,0,unlabeled
6956,9.921099263010547e-05,0,0,unlabeled
6957,2.727621904341504e-05,0,0,unlabeled
6958,1.2058410902682226e-05,0,0,unlabeled
6959,0.00046813947847113013,0,0,unlabeled
6960,0.997000515460968,1,1,unlabeled
6961,0.0002607658097986132,0,0,unlabeled
6962,6.54279428999871e-05,0,0,train
6963,0.0003370098420418799,0,0,unlabeled
6964,1.0860954716918059e-05,0,0,unlabeled
6965,9.600156403166693e-08,0,0,unlabeled
6966,2.0563975340337493e-05,0,0,unlabeled
6967,0.9982694387435913,1,1,val
6968,6.5313747654727194e-06,0,0,train
6969,4.662579613068374e-06,0,0,unlabeled
6970,6.957338314350636e-07,0,0,unlabeled
6971,0.9954379200935364,1,1,val
6972,6.54279428999871e-05,0,0,unlabeled
6973,7.678390829823911e-05,0,0,unlabeled
6974,1.3707082871405873e-05,0,0,unlabeled
6975,0.9970470070838928,1,1,unlabeled
6976,0.9993056058883667,1,1,unlabeled
6977,5.463789989335055e-07,0,0,val
6978,0.0016973876627162099,0,0,train
6979,9.173240833604268e-09,0,0,val
6980,1.0106995432579424e-05,0,0,train
6981,0.00010334239050280303,0,0,unlabeled
6982,0.9719308614730835,1,1,unlabeled
6983,7.559278310509399e-05,0,0,unlabeled
6984,1.3629256727654138e-06,0,0,unlabeled
6985,1.3450084225041792e-05,0,0,unlabeled
6986,6.796224624849856e-06,0,0,unlabeled
6987,4.2660267354222015e-06,0,0,unlabeled
6988,8.361114964827721e-07,0,0,unlabeled
6989,4.347137291915715e-05,0,0,unlabeled
6990,0.00027478038100525737,0,0,unlabeled
6991,1.8872514662149342e-09,0,0,unlabeled
6992,2.347687996007153e-06,0,0,unlabeled
6993,9.2206901172176e-06,0,0,unlabeled
6994,2.9288995051501843e-07,0,0,unlabeled
6995,0.9985285997390747,1,1,unlabeled
6996,2.773798826183338e-07,0,0,unlabeled
6997,2.7721776518774277e-07,0,0,unlabeled
6998,2.1049256247351877e-05,0,0,unlabeled
6999,0.9982798099517822,1,1,unlabeled
7000,0.997649610042572,1,1,unlabeled
7001,0.9963130354881287,1,1,unlabeled
7002,1.9499645986797987e-06,0,0,unlabeled
7003,1.434647316500559e-07,0,0,unlabeled
7004,0.9992940425872803,1,1,unlabeled
7005,7.536542767638821e-08,0,0,unlabeled
7006,7.916877393654431e-07,0,0,unlabeled
7007,5.1896527111239266e-06,0,0,unlabeled
7008,0.9966887831687927,1,1,val
7009,7.658742106286809e-05,0,0,unlabeled
7010,0.999241828918457,1,1,unlabeled
7011,4.4829463058393415e-11,0,0,unlabeled
7012,2.3003244677965995e-06,0,0,unlabeled
7013,1.6501827531101299e-06,0,0,train
7014,6.29559963272186e-07,0,0,unlabeled
7015,7.94953120930586e-06,0,0,train
7016,4.5720048547082115e-06,0,0,unlabeled
7017,5.706542197003728e-06,0,0,unlabeled
7018,0.9990200996398926,1,1,unlabeled
7019,1.5013290976639837e-05,0,0,unlabeled
7020,6.869092885608552e-07,0,0,unlabeled
7021,0.0002920007682405412,0,0,unlabeled
7022,6.419808869395638e-06,0,0,unlabeled
7023,2.331756604689872e-06,0,0,unlabeled
7024,0.9951537847518921,1,1,unlabeled
7025,9.725165739382646e-08,0,0,val
7026,0.9988277554512024,1,1,unlabeled
7027,7.657397509319708e-05,0,0,unlabeled
7028,6.9087677729839925e-06,0,0,unlabeled
7029,7.844586491501104e-08,0,0,unlabeled
7030,4.5470140321413055e-05,0,0,unlabeled
7031,1.6013502772693755e-06,0,0,unlabeled
7032,0.0004094476462341845,0,0,train
7033,3.389017001609318e-05,0,0,unlabeled
7034,0.00013729374040849507,0,0,unlabeled
7035,0.000399666401790455,0,0,unlabeled
7036,1.8902102283391287e-06,0,0,unlabeled
7037,2.7642194254440255e-05,0,0,unlabeled
7038,1.1024009438642679e-07,0,0,unlabeled
7039,2.643538664415246e-06,0,0,unlabeled
7040,1.5233400745273684e-06,0,0,train
7041,2.276974919368513e-05,0,0,unlabeled
7042,0.002780333859845996,0,0,unlabeled
7043,5.233689080341719e-06,0,0,unlabeled
7044,3.8178237105057633e-07,0,0,unlabeled
7045,8.789228741079569e-05,0,0,val
7046,0.00011244052438996732,0,0,unlabeled
7047,0.9983185529708862,1,1,unlabeled
7048,7.195691068773158e-06,0,0,train
7049,1.9144383713864954e-06,0,0,unlabeled
7050,1.984905566132511e-06,0,0,unlabeled
7051,0.9971024394035339,1,1,unlabeled
7052,0.0038417698815464973,0,0,train
7053,6.54279428999871e-05,0,0,unlabeled
7054,0.0001262910373043269,0,0,unlabeled
7055,1.3292269195053219e-11,0,0,unlabeled
7056,0.9989039897918701,1,1,unlabeled
7057,2.2494818949780893e-06,0,0,unlabeled
7058,1.3517400532236934e-07,0,0,unlabeled
7059,2.7696066808857722e-06,0,0,unlabeled
7060,0.9990986585617065,1,1,unlabeled
7061,7.273677624652919e-07,0,0,train
7062,1.6824167232698528e-06,0,0,unlabeled
7063,2.7141006739839213e-06,0,0,unlabeled
7064,0.995194137096405,1,1,train
7065,3.096935188295902e-07,0,0,unlabeled
7066,0.9986328482627869,1,1,unlabeled
7067,0.99843829870224,1,1,unlabeled
7068,7.039126558083808e-06,0,0,unlabeled
7069,4.621797415893525e-06,0,0,unlabeled
7070,9.480044127485598e-08,0,0,unlabeled
7071,0.9984329342842102,1,1,unlabeled
7072,6.313484846032225e-06,0,0,unlabeled
7073,1.8926078837466775e-07,0,0,unlabeled
7074,9.969986081159732e-08,0,0,unlabeled
7075,7.325886599574005e-06,0,0,unlabeled
7076,0.000514202518388629,0,0,unlabeled
7077,0.9991348385810852,1,1,unlabeled
7078,1.0631265467964113e-06,0,0,unlabeled
7079,9.548200523568084e-07,0,0,unlabeled
7080,3.827977081982681e-07,0,0,train
7081,0.9979140162467957,1,1,unlabeled
7082,0.9971156120300293,1,1,unlabeled
7083,3.136614759569056e-05,0,0,train
7084,2.3473478449886898e-06,0,0,unlabeled
7085,0.9978519678115845,1,1,unlabeled
7086,9.686899829830509e-06,0,0,unlabeled
7087,1.83422059762961e-06,0,0,val
7088,0.9997113347053528,1,1,unlabeled
7089,0.9994766116142273,1,1,unlabeled
7090,1.1672580512822606e-05,0,0,unlabeled
7091,0.9832385778427124,1,1,train
7092,0.9966386556625366,1,1,unlabeled
7093,0.9984138011932373,1,1,unlabeled
7094,7.675982487853616e-05,0,0,unlabeled
7095,1.2111160685890354e-05,0,0,unlabeled
7096,3.467457872829982e-06,0,0,unlabeled
7097,0.0008635226404294372,0,0,train
7098,6.199525159900077e-06,0,0,unlabeled
7099,0.004535100422799587,0,0,train
7100,1.2368840543786064e-05,0,0,val
7101,0.9985485672950745,1,1,train
7102,0.0002169522049371153,0,0,unlabeled
7103,1.2329894616414094e-06,0,0,unlabeled
7104,3.7010486266808584e-05,0,0,unlabeled
7105,3.7010486266808584e-05,0,0,unlabeled
7106,3.3399210224160925e-06,0,0,train
7107,0.9597291946411133,1,1,unlabeled
7108,3.144305810565129e-05,0,0,unlabeled
7109,5.766131607742864e-07,0,0,unlabeled
7110,1.940509355335962e-05,0,0,train
7111,9.855465350483428e-07,0,0,unlabeled
7112,6.186667633301113e-06,0,0,unlabeled
7113,0.998819887638092,1,1,unlabeled
7114,0.9982724189758301,1,1,val
7115,1.825187609938439e-05,0,0,unlabeled
7116,2.1996265786583535e-06,0,0,unlabeled
7117,7.806620851624757e-05,0,0,unlabeled
7118,2.3003244677965995e-06,0,0,train
7119,0.9951658248901367,1,1,val
7120,0.9956094622612,1,1,unlabeled
7121,1.2050109035044443e-06,0,0,unlabeled
7122,1.5285206700355047e-06,0,0,unlabeled
7123,0.9973495006561279,1,1,unlabeled
7124,0.997896671295166,1,1,unlabeled
7125,3.2031075534177944e-05,0,0,unlabeled
7126,8.546310255042044e-07,0,0,unlabeled
7127,2.6221487132715993e-06,0,0,unlabeled
7128,6.260676173042157e-07,0,0,unlabeled
7129,7.109201305866009e-06,0,0,unlabeled
7130,2.276974919368513e-05,0,0,unlabeled
7131,0.9985870122909546,1,1,unlabeled
7132,0.9693400859832764,1,1,train
7133,0.00027902756119146943,0,0,unlabeled
7134,0.9923068881034851,1,1,unlabeled
7135,2.059036660284619e-06,0,0,train
7136,0.0002995797840412706,0,0,unlabeled
7137,4.366805114841554e-06,0,0,unlabeled
7138,4.2527747723397624e-07,0,0,unlabeled
7139,0.9982120990753174,1,1,val
7140,1.2783834790752735e-06,0,0,unlabeled
7141,1.803056193239172e-06,0,0,unlabeled
7142,0.9989314675331116,1,1,unlabeled
7143,2.588576535345055e-05,0,0,unlabeled
7144,6.721107865814702e-07,0,0,unlabeled
7145,7.858834010221472e-07,0,0,train
7146,0.998763918876648,1,1,val
7147,0.00031956564635038376,0,0,unlabeled
7148,0.0014671646058559418,0,0,unlabeled
7149,7.472548986697802e-06,0,0,unlabeled
7150,0.9990233182907104,1,1,unlabeled
7151,2.470565050316509e-06,0,0,unlabeled
7152,2.561765995778842e-06,0,0,train
7153,8.248074664152227e-06,0,0,unlabeled
7154,1.3205557252149447e-06,0,0,train
7155,2.758612754405476e-05,0,0,unlabeled
7156,0.9964640736579895,1,1,unlabeled
7157,8.759640195421525e-07,0,0,unlabeled
7158,1.4065650475458824e-06,0,0,unlabeled
7159,0.9863563776016235,1,1,unlabeled
7160,3.144305810565129e-05,0,0,train
7161,1.888021188278799e-06,0,0,unlabeled
7162,3.3694331591505033e-07,0,0,unlabeled
7163,1.575657961438992e-06,0,0,unlabeled
7164,3.790060532082862e-07,0,0,train
7165,0.9954754710197449,1,1,unlabeled
7166,0.9991928935050964,1,1,train
7167,2.4210244191635866e-06,0,0,unlabeled
7168,0.9983183145523071,1,1,unlabeled
7169,0.0001401087356498465,0,0,unlabeled
7170,6.332940643005713e-07,0,0,train
7171,0.9716309905052185,1,1,unlabeled
7172,2.996137117126528e-16,0,0,unlabeled
7173,1.4221207038644934e-06,0,0,train
7174,0.9988245368003845,1,1,unlabeled
7175,0.9992747902870178,1,1,unlabeled
7176,7.657397509319708e-05,0,0,train
7177,3.4500999390729703e-07,0,0,unlabeled
7178,0.9947746396064758,1,1,unlabeled
7179,1.114043541861065e-07,0,0,unlabeled
7180,1.8784536223392934e-05,0,0,unlabeled
7181,8.912625162338372e-07,0,0,unlabeled
7182,0.997860848903656,1,1,unlabeled
7183,6.54279428999871e-05,0,0,unlabeled
7184,0.000157674090587534,0,0,unlabeled
7185,9.754238817549776e-06,0,0,train
7186,1.330022314505186e-05,0,0,unlabeled
7187,2.3337966013059486e-06,0,0,unlabeled
7188,0.0034886901266872883,0,0,unlabeled
7189,0.998762845993042,1,1,train
7190,0.000458449445432052,0,0,train
7191,1.6795755072962493e-05,0,0,unlabeled
7192,2.910166813308024e-06,0,0,unlabeled
7193,8.924627081796643e-07,0,0,unlabeled
7194,0.9972488284111023,1,1,unlabeled
7195,0.00027902756119146943,0,0,train
7196,2.2902399905433413e-06,0,0,train
7197,0.0003260693629272282,0,0,unlabeled
7198,1.7258806110476144e-05,0,0,train
7199,1.900758661577129e-09,0,0,unlabeled
7200,4.43171416009136e-07,0,0,unlabeled
7201,0.9991388320922852,1,1,unlabeled
7202,0.0003996310115326196,0,0,val
7203,0.9991078972816467,1,1,unlabeled
7204,5.9870511904591694e-05,0,0,unlabeled
7205,1.353645529889036e-05,0,0,unlabeled
7206,5.082768694819606e-08,0,0,unlabeled
7207,0.998356282711029,1,1,unlabeled
7208,0.9817258715629578,1,1,unlabeled
7209,8.025743909456651e-07,0,0,unlabeled
7210,1.471355091098303e-07,0,0,train
7211,2.067448258458171e-05,0,0,unlabeled
7212,5.830212899127218e-07,0,0,unlabeled
7213,5.9303591115167364e-05,0,0,unlabeled
7214,6.54279428999871e-05,0,0,unlabeled
7215,5.200012310524471e-06,0,0,unlabeled
7216,0.0009254285832867026,0,0,val
7217,5.162579554962576e-07,0,0,unlabeled
7218,3.7567917843261966e-06,0,0,unlabeled
7219,7.083254331519129e-06,0,0,unlabeled
7220,0.00010135788033949211,0,0,val
7221,0.0001262910373043269,0,0,unlabeled
7222,6.668225438488662e-08,0,0,unlabeled
7223,0.9980789422988892,1,1,unlabeled
7224,0.0070649697445333,0,0,train
7225,0.9913145899772644,1,1,unlabeled
7226,0.00032927602296695113,0,0,train
7227,7.33375345589593e-05,0,0,unlabeled
7228,2.8652373202930903e-06,0,0,unlabeled
7229,1.3864034826838179e-06,0,0,unlabeled
7230,2.8171518806630047e-06,0,0,train
7231,1.434647316500559e-07,0,0,unlabeled
7232,2.2246849766816013e-06,0,0,val
7233,3.0808045266894624e-05,0,0,unlabeled
7234,0.9685871601104736,1,1,unlabeled
7235,0.9983785152435303,1,1,unlabeled
7236,0.00022919334878679365,0,0,train
7237,0.9537686705589294,1,1,unlabeled
7238,3.965574705944164e-06,0,0,unlabeled
7239,0.9981938004493713,1,1,unlabeled
7240,8.56707920320332e-05,0,0,unlabeled
7241,0.011834336444735527,0,0,unlabeled
7242,5.328552106220741e-06,0,0,train
7243,2.7433844707047683e-07,0,0,unlabeled
7244,0.0003996310115326196,0,0,unlabeled
7245,0.0003260693629272282,0,0,val
7246,1.7248058838958968e-06,0,0,unlabeled
7247,0.9985892176628113,1,1,unlabeled
7248,1.578030423843302e-05,0,0,unlabeled
7249,9.483824925382578e-08,0,0,val
7250,9.964266064343974e-05,0,0,unlabeled
7251,0.017344551160931587,0,0,val
7252,0.000412804598454386,0,0,unlabeled
7253,7.657397509319708e-05,0,0,val
7254,0.01023273915052414,0,0,unlabeled
7255,8.096978490357287e-06,0,0,unlabeled
7256,0.9982202649116516,1,1,unlabeled
7257,0.00036042628926225007,0,0,unlabeled
7258,0.00013952160952612758,0,0,unlabeled
7259,3.7542240534094162e-06,0,0,train
7260,0.00017742898489814252,0,0,unlabeled
7261,8.482135854137596e-06,0,0,unlabeled
7262,0.00023245843476615846,0,0,unlabeled
7263,0.0001262910373043269,0,0,unlabeled
7264,0.011065860278904438,0,0,unlabeled
7265,0.9767869114875793,1,1,unlabeled
7266,0.0021447886247187853,0,0,train
7267,1.378379329253221e-05,0,0,unlabeled
7268,2.948061705865257e-08,0,0,unlabeled
7269,0.05830182880163193,0,0,unlabeled
7270,1.5529941492786747e-06,0,0,unlabeled
7271,4.380589857869155e-13,0,0,unlabeled
7272,0.9984694123268127,1,1,unlabeled
7273,2.013123889810231e-08,0,0,val
7274,0.000247440388193354,0,0,unlabeled
7275,0.0005655853310599923,0,0,unlabeled
7276,1.4564425327989738e-06,0,0,unlabeled
7277,0.0001338154834229499,0,0,unlabeled
7278,9.314723001807579e-07,0,0,train
7279,0.9930123686790466,1,1,unlabeled
7280,9.918566235000981e-08,0,0,unlabeled
7281,0.9959207773208618,1,1,unlabeled
7282,0.9978604912757874,1,1,unlabeled
7283,6.778106467209e-07,0,0,train
7284,2.7433844707047683e-07,0,0,unlabeled
7285,1.3028768080403097e-05,0,0,unlabeled
7286,7.336740281971288e-07,0,0,unlabeled
7287,0.9598917365074158,1,1,unlabeled
7288,0.9743649363517761,1,1,val
7289,0.000942690996453166,0,0,unlabeled
7290,2.041644648898e-07,0,0,train
7291,5.9263193179504015e-06,0,0,unlabeled
7292,0.0015802514972165227,0,0,unlabeled
7293,1.9764490843954263e-06,0,0,train
7294,0.00027902756119146943,0,0,unlabeled
7295,0.9988971948623657,1,1,unlabeled
7296,0.9987743496894836,1,1,unlabeled
7297,2.6996190172212664e-07,0,0,unlabeled
7298,0.0003996310115326196,0,0,unlabeled
7299,2.1717831259593368e-05,0,0,unlabeled
7300,0.9695408344268799,1,1,unlabeled
7301,0.0001338154834229499,0,0,train
7302,7.0073783717816696e-06,0,0,unlabeled
7303,0.00011533046927070245,0,0,train
7304,3.7303050248738145e-06,0,0,unlabeled
7305,4.791514811586239e-07,0,0,unlabeled
7306,3.7010486266808584e-05,0,0,val
7307,1.19579544843873e-06,0,0,train
7308,6.729420078954718e-07,0,0,unlabeled
7309,1.6795755072962493e-05,0,0,unlabeled
7310,6.892578312545083e-07,0,0,unlabeled
7311,4.057270780322142e-05,0,0,unlabeled
7312,0.00020937659428454936,0,0,unlabeled
7313,1.292209844905301e-06,0,0,unlabeled
7314,1.6782111700308633e-08,0,0,unlabeled
7315,0.9983087778091431,1,1,unlabeled
7316,3.063268877667724e-06,0,0,unlabeled
7317,0.9996260404586792,1,1,unlabeled
7318,0.9832628965377808,1,1,unlabeled
7319,1.980573870241642e-06,0,0,unlabeled
7320,0.9989126920700073,1,1,train
7321,1.2697082638624124e-06,0,0,unlabeled
7322,0.9981843829154968,1,1,train
7323,3.0908038752386346e-05,0,0,unlabeled
7324,1.4067150289065466e-07,0,0,unlabeled
7325,0.9758439064025879,1,1,unlabeled
7326,0.9994754195213318,1,1,train
7327,1.8342452676733956e-06,0,0,unlabeled
7328,5.563314516621176e-06,0,0,unlabeled
7329,7.610061402374413e-06,0,0,unlabeled
7330,0.00039178552106022835,0,0,unlabeled
7331,0.9508373141288757,1,1,val
7332,3.4459611924830824e-05,0,0,unlabeled
7333,1.714070322123007e-06,0,0,unlabeled
7334,0.9964415431022644,1,1,unlabeled
7335,4.16627517552115e-06,0,0,unlabeled
7336,0.9940710663795471,1,1,train
7337,0.00036406435538083315,0,0,unlabeled
7338,1.1422827267404401e-10,0,0,unlabeled
7339,4.250319307175232e-06,0,0,val
7340,0.9859811067581177,1,1,unlabeled
7341,6.793894135626033e-05,0,0,val
7342,0.9840571284294128,1,1,unlabeled
7343,0.9990045428276062,1,1,unlabeled
7344,0.9976791739463806,1,1,unlabeled
7345,7.750119038973935e-06,0,0,unlabeled
7346,0.0017364001832902431,0,0,unlabeled
7347,2.073582123784945e-07,0,0,val
7348,0.9996432065963745,1,1,unlabeled
7349,2.2246849766816013e-06,0,0,unlabeled
7350,0.9988735318183899,1,1,unlabeled
7351,2.5351580461574486e-06,0,0,unlabeled
7352,1.1067530749642174e-06,0,0,unlabeled
7353,7.84210569690913e-05,0,0,unlabeled
7354,6.54279428999871e-05,0,0,unlabeled
7355,0.5229085087776184,0,0,unlabeled
7356,2.4258772100438364e-05,0,0,unlabeled
7357,0.9954038858413696,1,1,unlabeled
7358,1.6741701983846724e-05,0,0,unlabeled
7359,3.2623188417346682e-06,0,0,unlabeled
7360,3.0908038752386346e-05,0,0,unlabeled
7361,0.9985986351966858,1,1,unlabeled
7362,0.9707117080688477,1,1,train
7363,0.0008600737783126533,0,0,unlabeled
7364,2.243324843220762e-06,0,0,unlabeled
7365,0.9996211528778076,1,1,unlabeled
7366,3.7532429359998787e-06,0,0,unlabeled
7367,3.105704308836721e-05,0,0,unlabeled
7368,7.391811777779367e-06,0,0,unlabeled
7369,0.9977425336837769,1,1,unlabeled
7370,6.387961271059339e-09,0,0,unlabeled
7371,0.970673143863678,1,1,unlabeled
7372,6.057752761989832e-05,0,0,unlabeled
7373,0.0006343050044961274,0,0,unlabeled
7374,0.997582197189331,1,1,val
7375,3.0908038752386346e-05,0,0,unlabeled
7376,2.0195752767904196e-06,0,0,unlabeled
7377,7.658742106286809e-05,0,0,val
7378,1.018761486193398e-05,0,0,unlabeled
7379,4.679257017414784e-06,0,0,unlabeled
7380,0.9938507080078125,1,1,unlabeled
7381,2.2902399905433413e-06,0,0,unlabeled
7382,0.0007483834051527083,0,0,train
7383,6.448167550843209e-05,0,0,unlabeled
7384,1.4605109299736796e-06,0,0,train
7385,8.761263416090515e-06,0,0,unlabeled
7386,1.013726773635426e-06,0,0,unlabeled
7387,0.00954165868461132,0,0,unlabeled
7388,7.443572485499317e-06,0,0,unlabeled
7389,6.8650656430691015e-06,0,0,unlabeled
7390,0.991908609867096,1,1,unlabeled
7391,1.2639449778362177e-05,0,0,unlabeled
7392,0.9981458187103271,1,1,unlabeled
7393,0.9813597202301025,1,1,unlabeled
7394,4.615568741428433e-06,0,0,train
7395,2.717110191952088e-06,0,0,train
7396,0.99837327003479,1,1,unlabeled
7397,0.02278677187860012,0,0,val
7398,0.998954176902771,1,1,train
7399,0.00015299575170502067,0,0,unlabeled
7400,4.6474227133330714e-07,0,0,unlabeled
7401,6.170699180074735e-06,0,0,train
7402,1.3002189689359511e-06,0,0,unlabeled
7403,7.850243491702713e-06,0,0,unlabeled
7404,1.0029011718870606e-06,0,0,train
7405,2.059036660284619e-06,0,0,unlabeled
7406,9.945244983100565e-07,0,0,unlabeled
7407,0.9990122318267822,1,1,unlabeled
7408,0.9966349005699158,1,1,unlabeled
7409,8.321887889906066e-07,0,0,unlabeled
7410,9.06153843516222e-07,0,0,unlabeled
7411,0.0002169522049371153,0,0,train
7412,1.6797084754216485e-05,0,0,unlabeled
7413,2.3641728148504626e-06,0,0,unlabeled
7414,1.8002419892582111e-06,0,0,unlabeled
7415,0.0007214389625005424,0,0,unlabeled
7416,0.0008635226404294372,0,0,unlabeled
7417,0.9976286292076111,1,1,unlabeled
7418,1.7338403779376677e-07,0,0,unlabeled
7419,0.9971231818199158,1,1,unlabeled
7420,0.9667106866836548,1,1,unlabeled
7421,1.9390326997381635e-06,0,0,unlabeled
7422,0.9972805976867676,1,1,unlabeled
7423,6.9891784733044915e-06,0,0,unlabeled
7424,3.8467578633571975e-06,0,0,unlabeled
7425,1.462746695324313e-06,0,0,unlabeled
7426,4.057270780322142e-05,0,0,unlabeled
7427,2.727621904341504e-05,0,0,unlabeled
7428,0.00020643290190491825,0,0,unlabeled
7429,0.9960319399833679,1,1,unlabeled
7430,0.8421651124954224,1,1,unlabeled
7431,0.9988301396369934,1,1,unlabeled
7432,1.3707082871405873e-05,0,0,unlabeled
7433,9.067229744808003e-10,0,0,unlabeled
7434,3.7010486266808584e-05,0,0,unlabeled
7435,0.0007525445544160903,0,0,train
7436,0.0001770245871739462,0,0,unlabeled
7437,0.00017006054986268282,0,0,unlabeled
7438,5.7295670558232814e-05,0,0,val
7439,1.1477283123895177e-06,0,0,unlabeled
7440,2.8829585062339902e-05,0,0,val
7441,0.9991831183433533,1,1,unlabeled
7442,4.027048362331698e-06,0,0,unlabeled
7443,2.5237025056412676e-06,0,0,unlabeled
7444,2.5318649932160042e-06,0,0,unlabeled
7445,0.0007103355601429939,0,0,unlabeled
7446,1.0631255236148718e-06,0,0,unlabeled
7447,1.4871865232635173e-06,0,0,unlabeled
7448,0.22643429040908813,0,0,unlabeled
7449,1.0278989975631703e-05,0,0,unlabeled
7450,1.7143143850262277e-05,0,0,unlabeled
7451,0.999393105506897,1,1,unlabeled
7452,2.013123889810231e-08,0,0,unlabeled
7453,8.367001669284946e-07,0,0,unlabeled
7454,1.0235265326258292e-12,0,0,unlabeled
7455,0.9961017370223999,1,1,unlabeled
7456,0.0001262910373043269,0,0,unlabeled
7457,3.401271897018887e-05,0,0,unlabeled
7458,3.4100298762496095e-06,0,0,unlabeled
7459,0.9974120259284973,1,1,unlabeled
7460,1.4515904695144854e-05,0,0,unlabeled
7461,0.9990476965904236,1,1,unlabeled
7462,0.9985045194625854,1,1,train
7463,0.00010698974074330181,0,0,unlabeled
7464,4.200386132663381e-12,0,0,unlabeled
7465,0.00025033229030668736,0,0,unlabeled
7466,0.9989125728607178,1,1,unlabeled
7467,0.9983123540878296,1,1,unlabeled
7468,2.7847004275827203e-06,0,0,unlabeled
7469,0.9994649291038513,1,1,unlabeled
7470,1.91592589544598e-05,0,0,unlabeled
7471,4.1742928260646295e-06,0,0,unlabeled
7472,7.494477358704899e-07,0,0,unlabeled
7473,0.9964720010757446,1,1,unlabeled
7474,9.199021587846801e-05,0,0,unlabeled
7475,4.054342298331903e-06,0,0,train
7476,3.906102392647881e-07,0,0,unlabeled
7477,1.9144383713864954e-06,0,0,unlabeled
7478,1.888021188278799e-06,0,0,train
7479,3.2584730433882214e-06,0,0,val
7480,0.9991395473480225,1,1,unlabeled
7481,9.295154086430557e-06,0,0,unlabeled
7482,0.972968339920044,1,1,unlabeled
7483,7.633942732354626e-05,0,0,train
7484,2.4896614831959596e-06,0,0,unlabeled
7485,1.892413052928532e-07,0,0,unlabeled
7486,0.0001338154834229499,0,0,unlabeled
7487,1.1466341902632848e-06,0,0,train
7488,8.887102012522519e-05,0,0,unlabeled
7489,0.0021211092825978994,0,0,train
7490,7.18002556823194e-05,0,0,unlabeled
7491,1.489460487391625e-06,0,0,unlabeled
7492,5.118295575812226e-06,0,0,unlabeled
7493,2.9653890578629216e-06,0,0,train
7494,3.2089417345559923e-07,0,0,unlabeled
7495,7.371028232228127e-07,0,0,train
7496,4.8923038065140645e-08,0,0,unlabeled
7497,1.236882872035494e-05,0,0,unlabeled
7498,1.0482606285222573e-06,0,0,unlabeled
7499,0.9984295964241028,1,1,unlabeled
7500,7.077292707435845e-07,0,0,train
7501,9.098436066778959e-07,0,0,unlabeled
7502,0.9982163310050964,1,1,unlabeled
7503,1.4420232901102281e-06,0,0,unlabeled
7504,0.9843571782112122,1,1,unlabeled
7505,2.6162932044826448e-05,0,0,val
7506,3.7010486266808584e-05,0,0,unlabeled
7507,8.21002231532475e-07,0,0,unlabeled
7508,3.645752713055117e-06,0,0,unlabeled
7509,0.9990353584289551,1,1,unlabeled
7510,0.9991888403892517,1,1,unlabeled
7511,1.8905401475421968e-06,0,0,unlabeled
7512,4.056420220877044e-05,0,0,unlabeled
7513,2.148188741557533e-06,0,0,unlabeled
7514,0.0001349742233287543,0,0,unlabeled
7515,0.0003996308078058064,0,0,unlabeled
7516,0.9980362057685852,1,1,unlabeled
7517,0.998904824256897,1,1,unlabeled
7518,4.673120656661922e-06,0,0,unlabeled
7519,1.3045487321505789e-06,0,0,unlabeled
7520,2.2298297608358553e-06,0,0,unlabeled
7521,6.313484846032225e-06,0,0,unlabeled
7522,8.680135579197668e-06,0,0,unlabeled
7523,0.9980254173278809,1,1,unlabeled
7524,3.0230512493290007e-06,0,0,unlabeled
7525,0.9585306644439697,1,1,unlabeled
7526,0.9989063739776611,1,1,train
7527,1.2753449407654216e-09,0,0,train
7528,2.067448258458171e-05,0,0,train
7529,4.790002776644542e-07,0,0,unlabeled
7530,0.00017742898489814252,0,0,train
7531,3.688580136440578e-06,0,0,val
7532,2.3473478449886898e-06,0,0,unlabeled
7533,0.007960108108818531,0,0,unlabeled
7534,5.721154340309123e-16,0,0,val
7535,0.9943484663963318,1,1,unlabeled
7536,5.823855531161826e-07,0,0,unlabeled
7537,3.7725928905274486e-06,0,0,unlabeled
7538,2.513932599867985e-07,0,0,train
7539,0.9989845156669617,1,1,unlabeled
7540,0.02290257252752781,0,0,unlabeled
7541,2.6379852897662204e-06,0,0,train
7542,8.997290024126414e-07,0,0,train
7543,0.9988192915916443,1,1,val
7544,8.11236191111675e-07,0,0,unlabeled
7545,3.4164742146458593e-07,0,0,unlabeled
7546,0.0462472178041935,0,0,train
7547,0.9986304044723511,1,1,unlabeled
7548,3.7010486266808584e-05,0,0,train
7549,8.172291018126998e-06,0,0,unlabeled
7550,0.9980335831642151,1,1,unlabeled
7551,1.4480524441751186e-06,0,0,unlabeled
7552,0.9993994235992432,1,1,train
7553,0.00020937659428454936,0,0,unlabeled
7554,2.8045794806530466e-06,0,0,unlabeled
7555,3.616429239627905e-06,0,0,unlabeled
7556,9.055914233613294e-06,0,0,train
7557,0.036993153393268585,0,0,unlabeled
7558,0.9981793165206909,1,1,train
7559,5.420127126853913e-05,0,0,unlabeled
7560,0.0003177749749738723,0,0,unlabeled
7561,0.9985979199409485,1,1,unlabeled
7562,0.9969622492790222,1,1,unlabeled
7563,3.1174602099781623e-06,0,0,unlabeled
7564,2.7561948172660777e-06,0,0,val
7565,0.9906854033470154,1,1,train
7566,1.7687690387901966e-06,0,0,train
7567,0.0001338154834229499,0,0,val
7568,1.8217358956462704e-05,0,0,unlabeled
7569,7.839665158826392e-06,0,0,unlabeled
7570,2.683626917132642e-06,0,0,val
7571,0.02139364555478096,0,0,unlabeled
7572,3.4712255114754953e-07,0,0,unlabeled
7573,0.00012149125541327521,0,0,unlabeled
7574,1.975087454697544e-11,0,0,train
7575,5.7295670558232814e-05,0,0,train
7576,5.210670678934548e-06,0,0,unlabeled
7577,1.1727142009476665e-05,0,0,val
7578,0.9993863105773926,1,1,unlabeled
7579,9.945216561391135e-07,0,0,unlabeled
7580,0.00010698974074330181,0,0,unlabeled
7581,3.6954986626369646e-06,0,0,unlabeled
7582,2.0727411538246088e-06,0,0,unlabeled
7583,1.4723292451890302e-07,0,0,train
7584,6.356039193633478e-06,0,0,unlabeled
7585,2.3003265141596785e-06,0,0,unlabeled
7586,0.9982380867004395,1,1,unlabeled
7587,3.7460733892658027e-06,0,0,unlabeled
7588,0.9956134557723999,1,1,unlabeled
7589,0.9980390667915344,1,1,train
7590,0.9984678626060486,1,1,unlabeled
7591,0.9989591836929321,1,1,unlabeled
7592,0.9985849857330322,1,1,unlabeled
7593,0.00011058332893298939,0,0,train
7594,0.9974777102470398,1,1,unlabeled
7595,9.194697486236691e-05,0,0,unlabeled
7596,1.8342452676733956e-06,0,0,unlabeled
7597,1.3735693755734246e-06,0,0,unlabeled
7598,0.9973249435424805,1,1,unlabeled
7599,1.4884776744494843e-09,0,0,unlabeled
7600,1.596552101545967e-05,0,0,unlabeled
7601,0.0003996308078058064,0,0,train
7602,1.4251852462621173e-06,0,0,unlabeled
7603,1.6154966904144419e-12,0,0,unlabeled
7604,0.0005111536011099815,0,0,unlabeled
7605,0.991479754447937,1,1,val
7606,1.1571812592592323e-06,0,0,unlabeled
7607,1.054491713148309e-05,0,0,unlabeled
7608,0.005322923883795738,0,0,unlabeled
7609,9.199021587846801e-05,0,0,unlabeled
7610,8.545734999643173e-06,0,0,unlabeled
7611,4.2114912503166124e-05,0,0,unlabeled
7612,9.179882908938453e-06,0,0,unlabeled
7613,0.0003996308078058064,0,0,unlabeled
7614,1.2627944245835465e-09,0,0,unlabeled
7615,0.0001385123177897185,0,0,unlabeled
7616,0.0003691895690280944,0,0,unlabeled
7617,0.9994103908538818,1,1,unlabeled
7618,0.0001770245871739462,0,0,unlabeled
7619,2.712954483286012e-06,0,0,val
7620,0.0007931424188427627,0,0,unlabeled
7621,4.1750948298613366e-07,0,0,unlabeled
7622,4.83994381283992e-06,0,0,train
7623,1.083706501958659e-05,0,0,unlabeled
7624,9.199021587846801e-05,0,0,unlabeled
7625,1.5993281294868211e-06,0,0,unlabeled
7626,3.7843608879484236e-05,0,0,unlabeled
7627,0.995744526386261,1,1,unlabeled
7628,6.391982424247544e-06,0,0,unlabeled
7629,0.005319017451256514,0,0,unlabeled
7630,7.18002556823194e-05,0,0,unlabeled
7631,2.337318983336445e-05,0,0,unlabeled
7632,2.2573876101716905e-09,0,0,unlabeled
7633,0.01742917113006115,0,0,unlabeled
7634,0.998530387878418,1,1,unlabeled
7635,0.9990543723106384,1,1,val
7636,1.120613069360843e-05,0,0,unlabeled
7637,0.0002375084295636043,0,0,unlabeled
7638,0.9964428544044495,1,1,unlabeled
7639,2.1996286250214325e-06,0,0,unlabeled
7640,1.3166512644602335e-06,0,0,unlabeled
7641,6.810121703892946e-06,0,0,unlabeled
7642,0.993057370185852,1,1,unlabeled
7643,2.194604121541488e-06,0,0,unlabeled
7644,3.345120376252453e-06,0,0,unlabeled
7645,6.552473223564448e-06,0,0,unlabeled
7646,8.570432328269817e-06,0,0,train
7647,7.145846029743552e-05,0,0,unlabeled
7648,7.559278310509399e-05,0,0,unlabeled
7649,0.0001283276651520282,0,0,unlabeled
7650,0.9984487295150757,1,1,unlabeled
7651,0.005639180541038513,0,0,unlabeled
7652,3.314270770715666e-06,0,0,train
7653,2.1717831259593368e-05,0,0,unlabeled
7654,9.24344112718245e-06,0,0,unlabeled
7655,0.0003213859745301306,0,0,unlabeled
7656,0.0001262910373043269,0,0,train
7657,1.5439814887940884e-05,0,0,unlabeled
7658,0.00154368975199759,0,0,unlabeled
7659,1.0343105039112288e-08,0,0,unlabeled
7660,0.9967511892318726,1,1,val
7661,0.9993671774864197,1,1,train
7662,1.0129217116627842e-05,0,0,train
7663,1.2328070624789689e-05,0,0,unlabeled
7664,0.9986158609390259,1,1,unlabeled
7665,3.8375619624275714e-05,0,0,unlabeled
7666,2.209680815212778e-06,0,0,unlabeled
7667,7.18002556823194e-05,0,0,val
7668,8.418499533036083e-07,0,0,unlabeled
7669,2.6636698748916388e-06,0,0,unlabeled
7670,3.09080678562168e-05,0,0,unlabeled
7671,2.9190947316237725e-05,0,0,unlabeled
7672,5.562342266784981e-07,0,0,unlabeled
7673,0.9949682354927063,1,1,unlabeled
7674,0.00018354883650317788,0,0,unlabeled
7675,1.0021354910350055e-06,0,0,unlabeled
7676,1.5361223404397606e-07,0,0,unlabeled
7677,1.5900315020189737e-06,0,0,unlabeled
7678,0.9991443157196045,1,1,unlabeled
7679,5.71643886360107e-06,0,0,unlabeled
7680,0.9982196688652039,1,1,unlabeled
7681,0.9987668991088867,1,1,unlabeled
7682,0.9978343844413757,1,1,train
7683,1.5055925359774847e-06,0,0,unlabeled
7684,0.0002123100421158597,0,0,unlabeled
7685,0.00010698974074330181,0,0,unlabeled
7686,6.787642178096576e-06,0,0,unlabeled
7687,0.9860566854476929,1,1,unlabeled
7688,1.2092314136680216e-05,0,0,train
7689,9.704922376840841e-06,0,0,train
7690,0.9989808201789856,1,1,train
7691,0.0001338154834229499,0,0,unlabeled
7692,7.012685099283544e-09,0,0,unlabeled
7693,0.9983372688293457,1,1,unlabeled
7694,1.619458998902701e-05,0,0,unlabeled
7695,1.5723851902293973e-05,0,0,unlabeled
7696,4.637023778286675e-07,0,0,train
7697,2.3220756702357903e-05,0,0,unlabeled
7698,2.0983422928111395e-06,0,0,unlabeled
7699,0.9626392722129822,1,1,unlabeled
7700,0.9991341233253479,1,1,train
7701,5.2396271712495945e-06,0,0,unlabeled
7702,0.9982814788818359,1,1,unlabeled
7703,1.6697140381438658e-06,0,0,train
7704,1.0312453468941385e-06,0,0,unlabeled
7705,1.9429313397267833e-05,0,0,train
7706,9.322799087385647e-06,0,0,unlabeled
7707,6.072199539630674e-06,0,0,unlabeled
7708,0.9607000350952148,1,1,unlabeled
7709,1.9429313397267833e-05,0,0,unlabeled
7710,2.104031182170729e-06,0,0,unlabeled
7711,7.658742106286809e-05,0,0,unlabeled
7712,0.9994044303894043,1,1,unlabeled
7713,1.378379329253221e-05,0,0,unlabeled
7714,3.197216074113385e-06,0,0,unlabeled
7715,1.6597105059190653e-05,0,0,unlabeled
7716,7.559278310509399e-05,0,0,unlabeled
7717,0.023883171379566193,0,0,unlabeled
7718,4.5827036387890985e-07,0,0,unlabeled
7719,0.9989151954650879,1,1,unlabeled
7720,2.967618968341412e-07,0,0,unlabeled
7721,3.373655999894254e-06,0,0,unlabeled
7722,0.9985962510108948,1,1,unlabeled
7723,0.9975244402885437,1,1,unlabeled
7724,1.6553921113882097e-06,0,0,unlabeled
7725,2.4294999789731264e-08,0,0,unlabeled
7726,0.0015184199437499046,0,0,val
7727,1.25789802041254e-06,0,0,unlabeled
7728,0.9991586208343506,1,1,unlabeled
7729,7.631433049937186e-07,0,0,unlabeled
7730,0.0005473047494888306,0,0,unlabeled
7731,0.000157087022671476,0,0,train
7732,1.6795755072962493e-05,0,0,unlabeled
7733,0.0001349742233287543,0,0,unlabeled
7734,4.467108738026582e-06,0,0,unlabeled
7735,0.8908638954162598,1,1,unlabeled
7736,0.9984142780303955,1,1,unlabeled
7737,8.248074664152227e-06,0,0,unlabeled
7738,9.044369164712407e-08,0,0,unlabeled
7739,0.0022278246469795704,0,0,unlabeled
7740,9.761324326973408e-05,0,0,val
7741,1.0153328730666544e-05,0,0,unlabeled
7742,1.604383760422934e-05,0,0,val
7743,6.8733525040443055e-06,0,0,unlabeled
7744,2.019243038375862e-05,0,0,unlabeled
7745,1.614873667676875e-06,0,0,unlabeled
7746,7.3775581768131815e-06,0,0,unlabeled
7747,0.0001338154834229499,0,0,unlabeled
7748,3.389017001609318e-05,0,0,unlabeled
7749,0.9890885353088379,1,1,unlabeled
7750,0.999091386795044,1,1,train
7751,0.0007665181183256209,0,0,unlabeled
7752,1.6360548897864646e-06,0,0,unlabeled
7753,0.9964720010757446,1,1,unlabeled
7754,2.783336276479531e-05,0,0,unlabeled
7755,0.00016869214596226811,0,0,unlabeled
7756,5.824716708957567e-07,0,0,unlabeled
7757,8.47815062599011e-09,0,0,train
7758,5.89034789300058e-06,0,0,unlabeled
7759,0.0012455888791009784,0,0,unlabeled
7760,2.888583310323156e-07,0,0,unlabeled
7761,4.057270780322142e-05,0,0,train
7762,2.2133195276552442e-10,0,0,train
7763,9.428248631593306e-06,0,0,unlabeled
7764,0.9972364902496338,1,1,unlabeled
7765,2.757218862825539e-05,0,0,unlabeled
7766,0.9977620840072632,1,1,unlabeled
7767,0.9872637391090393,1,1,unlabeled
7768,9.981797289768113e-13,0,0,unlabeled
7769,4.0191825974034145e-06,0,0,unlabeled
7770,0.00010698974074330181,0,0,unlabeled
7771,0.0005534534575417638,0,0,unlabeled
7772,0.000433644512668252,0,0,unlabeled
7773,1.0777212082757615e-06,0,0,train
7774,0.0035830559208989143,0,0,unlabeled
7775,9.964279570340295e-07,0,0,unlabeled
7776,2.6523618998908205e-06,0,0,train
7777,0.0001349742233287543,0,0,unlabeled
7778,1.2121387044317089e-05,0,0,train
7779,0.00020937659428454936,0,0,unlabeled
7780,0.998302698135376,1,1,train
7781,0.9997163414955139,1,1,unlabeled
7782,2.7433844707047683e-07,0,0,val
7783,0.0001770245871739462,0,0,unlabeled
7784,0.001261187600903213,0,0,train
7785,0.0003996310115326196,0,0,unlabeled
7786,1.0365467460360378e-05,0,0,unlabeled
7787,1.288285460532279e-07,0,0,unlabeled
7788,0.9983648657798767,1,1,unlabeled
7789,0.00021865780581720173,0,0,train
7790,9.945244983100565e-07,0,0,unlabeled
7791,8.803718628769275e-06,0,0,unlabeled
7792,0.00027167267398908734,0,0,unlabeled
7793,0.9971827268600464,1,1,unlabeled
7794,3.399958222871646e-05,0,0,val
7795,5.4247874459179e-07,0,0,unlabeled
7796,1.4453170512620725e-14,0,0,unlabeled
7797,0.0002863756089936942,0,0,unlabeled
7798,0.9988417029380798,1,1,unlabeled
7799,1.5515552149736322e-06,0,0,unlabeled
7800,1.4515904695144854e-05,0,0,train
7801,7.497238402720541e-05,0,0,unlabeled
7802,2.0290763131924905e-05,0,0,unlabeled
7803,8.692209667060524e-05,0,0,unlabeled
7804,3.3317132874799427e-06,0,0,unlabeled
7805,6.414850162173025e-08,0,0,unlabeled
7806,3.7010486266808584e-05,0,0,unlabeled
7807,0.9989946484565735,1,1,unlabeled
7808,0.9986080527305603,1,1,unlabeled
7809,0.0004654689982999116,0,0,unlabeled
7810,7.657397509319708e-05,0,0,unlabeled
7811,7.379605904134223e-06,0,0,train
7812,0.9991451501846313,1,1,unlabeled
7813,1.4758067663933616e-05,0,0,unlabeled
7814,1.940509355335962e-05,0,0,unlabeled
7815,2.1941227714705747e-06,0,0,unlabeled
7816,0.9980168342590332,1,1,unlabeled
7817,1.923308218465536e-06,0,0,unlabeled
7818,4.2114912503166124e-05,0,0,train
7819,0.9993046522140503,1,1,unlabeled
7820,1.7350379494018853e-05,0,0,unlabeled
7821,1.9387664451642195e-06,0,0,unlabeled
7822,5.245041393209249e-06,0,0,unlabeled
7823,7.33375345589593e-05,0,0,unlabeled
7824,2.0467535222223887e-08,0,0,unlabeled
7825,1.0790575288410764e-05,0,0,unlabeled
7826,1.8614912278280826e-07,0,0,unlabeled
7827,3.6325087648947374e-07,0,0,unlabeled
7828,1.5395337413792731e-06,0,0,unlabeled
7829,0.0001770245871739462,0,0,unlabeled
7830,0.00018091421225108206,0,0,train
7831,0.00038202249561436474,0,0,unlabeled
7832,0.9974111914634705,1,1,unlabeled
7833,0.9780093431472778,1,1,val
7834,0.9988424181938171,1,1,unlabeled
7835,9.831697752815671e-06,0,0,train
7836,0.9972176551818848,1,1,train
7837,0.00020785952801816165,0,0,unlabeled
7838,0.9993979930877686,1,1,unlabeled
7839,0.9872906804084778,1,1,unlabeled
7840,7.657397509319708e-05,0,0,unlabeled
7841,4.98339140904136e-05,0,0,unlabeled
7842,6.644035238423385e-06,0,0,unlabeled
7843,0.9995914101600647,1,1,unlabeled
7844,8.108345355140045e-06,0,0,unlabeled
7845,0.0001262910373043269,0,0,unlabeled
7846,1.2905189805678674e-06,0,0,unlabeled
7847,0.9967824220657349,1,1,unlabeled
7848,1.0628655218170024e-05,0,0,unlabeled
7849,9.686899829830509e-06,0,0,train
7850,0.9978553652763367,1,1,unlabeled
7851,4.2840024434553925e-06,0,0,unlabeled
7852,0.9968255758285522,1,1,unlabeled
7853,6.448167550843209e-05,0,0,unlabeled
7854,0.003442994086071849,0,0,unlabeled
7855,0.9991594552993774,1,1,unlabeled
7856,8.895980840861739e-07,0,0,unlabeled
7857,2.727621904341504e-05,0,0,unlabeled
7858,7.392530733341118e-06,0,0,unlabeled
7859,3.3741482639015885e-06,0,0,unlabeled
7860,5.083746600575978e-06,0,0,unlabeled
7861,0.012286809273064137,0,0,unlabeled
7862,3.76942080038134e-06,0,0,unlabeled
7863,5.294467428029748e-06,0,0,unlabeled
7864,7.669518140573928e-07,0,0,unlabeled
7865,0.0002169522049371153,0,0,unlabeled
7866,3.319363713671919e-06,0,0,unlabeled
7867,1.2824001714761835e-05,0,0,unlabeled
7868,0.0001338154834229499,0,0,unlabeled
7869,9.785686415852979e-05,0,0,unlabeled
7870,0.0001770245871739462,0,0,unlabeled
7871,2.5923329260990613e-08,0,0,val
7872,0.0005111536011099815,0,0,unlabeled
7873,0.0005348100676201284,0,0,unlabeled
7874,2.277038468889714e-08,0,0,unlabeled
7875,3.922493306163233e-06,0,0,unlabeled
7876,1.4071970326767769e-06,0,0,unlabeled
7877,5.957809321444074e-07,0,0,unlabeled
7878,8.045486765695387e-08,0,0,unlabeled
7879,0.0198834128677845,0,0,unlabeled
7880,0.9985861778259277,1,1,train
7881,1.797728828023537e-07,0,0,unlabeled
7882,3.3646863073499844e-08,0,0,unlabeled
7883,0.00010698974074330181,0,0,unlabeled
7884,4.467572125577135e-07,0,0,train
7885,1.5756304492242634e-05,0,0,unlabeled
7886,1.1954350611631526e-06,0,0,unlabeled
7887,0.00020937659428454936,0,0,unlabeled
7888,3.5217442928114906e-05,0,0,unlabeled
7889,5.380796574172564e-05,0,0,unlabeled
7890,1.0261381930831703e-06,0,0,train
7891,2.4165143258869648e-05,0,0,unlabeled
7892,5.591445528807526e-07,0,0,train
7893,2.702357051020954e-06,0,0,unlabeled
7894,1.984195660043042e-05,0,0,train
7895,1.423393428012787e-06,0,0,unlabeled
7896,4.347132926341146e-05,0,0,unlabeled
7897,0.9744730591773987,1,1,unlabeled
7898,2.0525221771094948e-05,0,0,unlabeled
7899,6.983442517594085e-07,0,0,unlabeled
7900,1.5800549135747133e-06,0,0,train
7901,0.9981176853179932,1,1,unlabeled
7902,3.582065983209759e-05,0,0,unlabeled
7903,0.9979677796363831,1,1,unlabeled
7904,4.025301905130618e-07,0,0,unlabeled
7905,3.930484581360361e-06,0,0,unlabeled
7906,0.009521153755486012,0,0,unlabeled
7907,1.1816183587143314e-06,0,0,unlabeled
7908,0.010488547384738922,0,0,unlabeled
7909,0.9826323986053467,1,1,unlabeled
7910,0.00027902756119146943,0,0,unlabeled
7911,0.9992758631706238,1,1,unlabeled
7912,0.9976268410682678,1,1,unlabeled
7913,6.540386675624177e-05,0,0,unlabeled
7914,6.743707672285382e-07,0,0,unlabeled
7915,5.996045047140797e-07,0,0,unlabeled
7916,7.602145046803344e-07,0,0,unlabeled
7917,5.89034789300058e-06,0,0,unlabeled
7918,0.002310657873749733,0,0,unlabeled
7919,0.996777355670929,1,1,train
7920,2.050893999694381e-05,0,0,train
7921,0.0005463769193738699,0,0,val
7922,3.0149988106131786e-07,0,0,unlabeled
7923,0.0001069896316039376,0,0,unlabeled
7924,0.00046547743841074407,0,0,unlabeled
7925,2.6973029889632016e-05,0,0,unlabeled
7926,0.00018091421225108206,0,0,unlabeled
7927,1.6795833289506845e-05,0,0,train
7928,2.623273576318752e-05,0,0,unlabeled
7929,8.321887889906066e-07,0,0,train
7930,3.864045993395848e-06,0,0,train
7931,6.99606698617572e-06,0,0,unlabeled
7932,1.1727142009476665e-05,0,0,unlabeled
7933,1.493049808232172e-06,0,0,unlabeled
7934,7.254254086319634e-08,0,0,unlabeled
7935,2.554116872488521e-05,0,0,unlabeled
7936,0.9982101917266846,1,1,unlabeled
7937,1.920283102663234e-05,0,0,unlabeled
7938,0.0007525445544160903,0,0,unlabeled
7939,5.878305273654405e-06,0,0,unlabeled
7940,3.627475962275639e-06,0,0,unlabeled
7941,0.005521152634173632,0,0,unlabeled
7942,0.9994082450866699,1,1,unlabeled
7943,0.9910768270492554,1,0,unlabeled
7944,0.00010698974074330181,0,0,unlabeled
7945,1.1676983149300213e-06,0,0,unlabeled
7946,1.2046377378283069e-05,0,0,unlabeled
7947,8.291001722682267e-05,0,0,unlabeled
7948,2.0563975340337493e-05,0,0,unlabeled
7949,7.559278310509399e-05,0,0,unlabeled
7950,0.9979780316352844,1,1,train
7951,4.935421884511015e-07,0,0,unlabeled
7952,1.5477806982744369e-06,0,0,unlabeled
7953,4.850543859902245e-07,0,0,unlabeled
7954,2.1996286250214325e-06,0,0,val
7955,0.0001262910373043269,0,0,unlabeled
7956,1.2429869684638106e-06,0,0,unlabeled
7957,1.0771140068754903e-06,0,0,unlabeled
7958,0.9707427024841309,1,1,train
7959,6.708493401674787e-06,0,0,unlabeled
7960,0.004671217408031225,0,0,val
7961,0.0002169522049371153,0,0,unlabeled
7962,3.4250610951858107e-06,0,0,unlabeled
7963,0.0028204459231346846,0,0,val
7964,7.35347248337348e-06,0,0,unlabeled
7965,5.725162282033125e-06,0,0,unlabeled
7966,9.146667252935003e-06,0,0,unlabeled
7967,1.5109049854800105e-05,0,0,unlabeled
7968,2.012266548945263e-07,0,0,unlabeled
7969,1.3126507838023826e-05,0,0,unlabeled
7970,1.0022674512702894e-17,0,0,unlabeled
7971,0.9969256520271301,1,1,unlabeled
7972,0.00015225876995828003,0,0,unlabeled
7973,7.695558451814577e-05,0,0,unlabeled
7974,0.9969504475593567,1,1,unlabeled
7975,0.0001262910373043269,0,0,unlabeled
7976,5.108729601488449e-05,0,0,unlabeled
7977,0.013878578320145607,0,0,unlabeled
7978,0.9950863718986511,1,1,unlabeled
7979,1.1816600817837752e-06,0,0,unlabeled
7980,1.3098246199660935e-05,0,0,unlabeled
7981,0.0007483834051527083,0,0,unlabeled
7982,0.9959515333175659,1,1,unlabeled
7983,2.28627905016765e-05,0,0,unlabeled
7984,7.145832205424085e-05,0,0,unlabeled
7985,1.2074934829797712e-06,0,0,unlabeled
7986,1.2592547866049218e-19,0,0,unlabeled
7987,0.00010134096373803914,0,0,unlabeled
7988,7.973721949383616e-07,0,0,unlabeled
7989,1.4787625332246535e-05,0,0,unlabeled
7990,0.9985827207565308,1,1,unlabeled
7991,4.4115087803220376e-05,0,0,train
7992,7.452210376568402e-11,0,0,unlabeled
7993,6.499523806269281e-06,0,0,unlabeled
7994,7.907226972747594e-05,0,0,train
7995,5.764862180512864e-06,0,0,train
7996,1.3044578963672393e-06,0,0,unlabeled
7997,5.581191089731874e-06,0,0,unlabeled
7998,5.046460955782095e-06,0,0,unlabeled
7999,0.9952502250671387,1,1,unlabeled
8000,0.00018091421225108206,0,0,unlabeled
8001,4.347137291915715e-05,0,0,unlabeled
8002,5.348505055735586e-06,0,0,unlabeled
8003,9.523634424211513e-15,0,0,unlabeled
8004,1.6293283522372803e-07,0,0,unlabeled
8005,0.00013623195991385728,0,0,unlabeled
8006,9.855465350483428e-07,0,0,unlabeled
8007,0.0004629796603694558,0,0,unlabeled
8008,0.99868243932724,1,1,unlabeled
8009,3.8028485960239777e-07,0,0,unlabeled
8010,1.44514831390552e-06,0,0,unlabeled
8011,1.224576681124745e-05,0,0,unlabeled
8012,4.506458317621309e-09,0,0,train
8013,0.00014349624689202756,0,0,unlabeled
8014,4.974026523996145e-07,0,0,unlabeled
8015,0.0001349742233287543,0,0,unlabeled
8016,0.9988086223602295,1,1,train
8017,9.16082797175477e-07,0,0,unlabeled
8018,3.891308097081492e-06,0,0,unlabeled
8019,0.9979584217071533,1,1,train
8020,0.0009822231950238347,0,0,train
8021,1.3193663335187011e-06,0,0,train
8022,9.829523861526468e-08,0,0,train
8023,0.0005165243055671453,0,0,unlabeled
8024,0.9995723366737366,1,1,train
8025,0.9946570992469788,1,1,unlabeled
8026,0.9990069270133972,1,1,unlabeled
8027,4.46867261416628e-06,0,0,unlabeled
8028,2.430896017813211e-07,0,0,unlabeled
8029,8.76826834428357e-06,0,0,train
8030,1.4225914810594986e-06,0,0,train
8031,0.9988884329795837,1,1,train
8032,3.3397236620658077e-06,0,0,unlabeled
8033,3.0938001145841554e-05,0,0,unlabeled
8034,1.372236084762335e-07,0,0,unlabeled
8035,0.9986741542816162,1,1,unlabeled
8036,0.9994614720344543,1,1,unlabeled
8037,0.9978183507919312,1,1,train
8038,2.102668622683268e-05,0,0,unlabeled
8039,2.6312309273635037e-05,0,0,unlabeled
8040,1.2833262189815287e-05,0,0,unlabeled
8041,2.4937105536082527e-06,0,0,unlabeled
8042,1.0061112404628151e-14,0,0,train
8043,3.144305810565129e-05,0,0,unlabeled
8044,1.885403833057353e-07,0,0,train
8045,4.851455628340773e-07,0,0,unlabeled
8046,1.0365467460360378e-05,0,0,train
8047,9.464488220922718e-12,0,0,unlabeled
8048,0.9743450284004211,1,1,unlabeled
8049,0.00012375267397146672,0,0,unlabeled
8050,8.578102097089868e-06,0,0,unlabeled
8051,6.42622253508307e-05,0,0,unlabeled
8052,0.9987947940826416,1,1,unlabeled
8053,6.837747605459299e-06,0,0,unlabeled
8054,1.0357862265664153e-06,0,0,unlabeled
8055,3.031274564690989e-09,0,0,unlabeled
8056,1.3229418982518837e-06,0,0,unlabeled
8057,4.7032949623826426e-07,0,0,unlabeled
8058,1.5997924492694438e-05,0,0,unlabeled
8059,2.8863439638371347e-06,0,0,unlabeled
8060,1.8850058722819085e-06,0,0,unlabeled
8061,0.02426476776599884,0,0,val
8062,1.1965006706304848e-05,0,0,unlabeled
8063,0.02788737416267395,0,0,val
8064,7.806793291820213e-06,0,0,unlabeled
8065,1.3228851685198606e-06,0,0,unlabeled
8066,0.0002607658097986132,0,0,unlabeled
8067,0.1538952738046646,0,0,unlabeled
8068,0.999488115310669,1,1,unlabeled
8069,9.958405280485749e-05,0,0,unlabeled
8070,1.5837132423257572e-06,0,0,unlabeled
8071,4.188337243249407e-06,0,0,unlabeled
8072,3.733928508609097e-07,0,0,train
8073,5.7295670558232814e-05,0,0,unlabeled
8074,1.1214245205337647e-05,0,0,unlabeled
8075,0.9989437460899353,1,1,unlabeled
8076,0.999168872833252,1,1,unlabeled
8077,0.9993929862976074,1,1,unlabeled
8078,4.347137291915715e-05,0,0,unlabeled
8079,0.9989755153656006,1,1,train
8080,1.0181841503253963e-07,0,0,train
8081,2.981464376716758e-06,0,0,unlabeled
8082,0.9981807470321655,1,1,unlabeled
8083,1.8596530537706712e-07,0,0,unlabeled
8084,4.444281785254134e-06,0,0,unlabeled
8085,2.276974919368513e-05,0,0,unlabeled
8086,0.001768108457326889,0,0,unlabeled
8087,4.4982809299654036e-07,0,0,unlabeled
8088,0.0001262910373043269,0,0,unlabeled
8089,8.441001000392134e-07,0,0,unlabeled
8090,0.9931938648223877,1,1,unlabeled
8091,0.9967153072357178,1,1,unlabeled
8092,2.783336276479531e-05,0,0,unlabeled
8093,1.582709955982864e-05,0,0,train
8094,6.0141806898172945e-05,0,0,unlabeled
8095,8.570432328269817e-06,0,0,unlabeled
8096,7.961874644024647e-07,0,0,unlabeled
8097,0.0035740139428526163,0,0,unlabeled
8098,6.32157252766774e-07,0,0,unlabeled
8099,6.887581548653543e-05,0,0,train
8100,1.3341192470761598e-06,0,0,unlabeled
8101,1.5515552149736322e-06,0,0,unlabeled
8102,1.7689440407267498e-12,0,0,unlabeled
8103,0.0002169522049371153,0,0,unlabeled
8104,0.00010698974074330181,0,0,unlabeled
8105,0.9973727464675903,1,1,unlabeled
8106,0.0001338154834229499,0,0,unlabeled
8107,7.028522759355837e-07,0,0,val
8108,3.842762453132309e-05,0,0,train
8109,3.652688747024513e-06,0,0,val
8110,0.10539612174034119,0,0,train
8111,9.288368119086954e-07,0,0,unlabeled
8112,7.145832205424085e-05,0,0,unlabeled
8113,1.7675733943178784e-06,0,0,train
8114,0.02290257252752781,0,0,unlabeled
8115,0.9988412261009216,1,1,unlabeled
8116,7.658742106286809e-05,0,0,unlabeled
8117,1.940509355335962e-05,0,0,unlabeled
8118,3.919446044164943e-06,0,0,unlabeled
8119,9.742911970533896e-07,0,0,unlabeled
8120,0.9945976734161377,1,1,unlabeled
8121,0.0008455341449007392,0,0,unlabeled
8122,1.1952499789913418e-07,0,0,unlabeled
8123,3.0808045266894624e-05,0,0,train
8124,3.867655323119834e-06,0,0,unlabeled
8125,0.008269907906651497,0,0,unlabeled
8126,0.9935944676399231,1,1,unlabeled
8127,1.0379551440564683e-07,0,0,train
8128,4.2114912503166124e-05,0,0,unlabeled
8129,0.9862750768661499,1,1,unlabeled
8130,5.233390402281657e-05,0,0,unlabeled
8131,0.936491847038269,1,0,train
8132,6.5313747654727194e-06,0,0,unlabeled
8133,1.7264270013583882e-07,0,0,unlabeled
8134,0.9968575239181519,1,1,unlabeled
8135,7.657397509319708e-05,0,0,unlabeled
8136,0.9964663982391357,1,1,unlabeled
8137,0.9985839128494263,1,1,unlabeled
8138,0.9961161613464355,1,1,unlabeled
8139,0.00015259596693795174,0,0,unlabeled
8140,5.9499902818060946e-06,0,0,train
8141,0.18858854472637177,0,0,train
8142,0.0004079079662915319,0,0,unlabeled
8143,1.4877708736094064e-06,0,0,unlabeled
8144,0.9969589710235596,1,1,train
8145,1.4198670896803378e-06,0,0,unlabeled
8146,4.718844866147265e-05,0,0,val
8147,7.026746402516437e-07,0,0,unlabeled
8148,1.9672102098411415e-06,0,0,unlabeled
8149,1.8617289470057585e-06,0,0,unlabeled
8150,1.6100605080282548e-06,0,0,val
8151,5.7295670558232814e-05,0,0,unlabeled
8152,0.0003319504321552813,0,0,unlabeled
8153,1.5997924492694438e-05,0,0,unlabeled
8154,5.7295670558232814e-05,0,0,unlabeled
8155,1.3098444924253272e-06,0,0,val
8156,6.15090584688005e-07,0,0,unlabeled
8157,2.6752659323392436e-06,0,0,unlabeled
8158,0.9975469708442688,1,1,unlabeled
8159,1.839856622609659e-06,0,0,val
8160,3.885274054482579e-05,0,0,unlabeled
8161,0.9994255304336548,1,1,train
8162,0.021552184596657753,0,0,unlabeled
8163,1.1504405392770423e-06,0,0,unlabeled
8164,1.0312716767657548e-05,0,0,unlabeled
8165,0.0005065943696536124,0,0,unlabeled
8166,5.518415491678752e-06,0,0,unlabeled
8167,7.405959422612796e-06,0,0,train
8168,0.00104193773586303,0,0,train
8169,1.6405874703195877e-06,0,0,unlabeled
8170,0.997533917427063,1,1,unlabeled
8171,0.9978411197662354,1,1,unlabeled
8172,0.00044968456495553255,0,0,val
8173,0.9986945986747742,1,1,unlabeled
8174,1.0720856153056957e-05,0,0,train
8175,1.888021188278799e-06,0,0,unlabeled
8176,1.2905189805678674e-06,0,0,unlabeled
8177,7.658742106286809e-05,0,0,unlabeled
8178,0.9968728423118591,1,1,unlabeled
8179,0.00013949819549452513,0,0,unlabeled
8180,3.510596116029774e-07,0,0,unlabeled
8181,0.0015157590387389064,0,0,unlabeled
8182,4.010055363323772e-06,0,0,unlabeled
8183,1.0402740002746214e-07,0,0,unlabeled
8184,0.9976736903190613,1,1,unlabeled
8185,0.00012911406520288438,0,0,unlabeled
8186,0.00027167267398908734,0,0,unlabeled
8187,8.075879122770857e-06,0,0,train
8188,6.466243576142006e-06,0,0,unlabeled
8189,5.9870511904591694e-05,0,0,unlabeled
8190,2.3362820229522185e-06,0,0,train
8191,0.9987994432449341,1,1,unlabeled
8192,3.331163952680072e-06,0,0,unlabeled
8193,0.0014925437280908227,0,0,unlabeled
8194,1.489460487391625e-06,0,0,unlabeled
8195,5.8020864344143774e-06,0,0,unlabeled
8196,0.00025111783179454505,0,0,unlabeled
8197,0.02290257252752781,0,0,unlabeled
8198,0.0001262910373043269,0,0,unlabeled
8199,2.6917163609141426e-07,0,0,unlabeled
8200,4.18777972299722e-07,0,0,unlabeled
8201,1.2151745067967568e-06,0,0,unlabeled
8202,7.455909667442029e-07,0,0,unlabeled
8203,0.0047228229232132435,0,0,train
8204,1.7867419046524446e-06,0,0,unlabeled
8205,1.998705010919366e-05,0,0,unlabeled
8206,6.454789399867877e-06,0,0,unlabeled
8207,2.2911844865802777e-08,0,0,unlabeled
8208,5.3188253801295104e-09,0,0,unlabeled
8209,1.7829102034738753e-06,0,0,unlabeled
8210,0.0001770245871739462,0,0,unlabeled
8211,7.322840247070417e-06,0,0,unlabeled
8212,0.99839848279953,1,1,val
8213,5.567842435993953e-06,0,0,unlabeled
8214,1.5256953247444471e-06,0,0,unlabeled
8215,1.7895506232434855e-07,0,0,train
8216,0.9818356037139893,1,1,unlabeled
8217,0.0031791573856025934,0,0,unlabeled
8218,0.9985117316246033,1,1,unlabeled
8219,3.4850218071369454e-06,0,0,unlabeled
8220,0.00010023400682257488,0,0,train
8221,3.389017001609318e-05,0,0,train
8222,2.527488504711073e-06,0,0,unlabeled
8223,0.99708491563797,1,1,unlabeled
8224,4.2166541902588506e-07,0,0,unlabeled
8225,7.658742106286809e-05,0,0,unlabeled
8226,1.892413052928532e-07,0,0,unlabeled
8227,1.0556014785834122e-05,0,0,unlabeled
8228,0.9982959628105164,1,1,unlabeled
8229,0.00010309700883226469,0,0,unlabeled
8230,0.9987688660621643,1,1,unlabeled
8231,0.009975730441510677,0,0,unlabeled
8232,1.165922412837972e-06,0,0,unlabeled
8233,1.2014411367999855e-06,0,0,unlabeled
8234,1.3289140952110756e-05,0,0,unlabeled
8235,1.8286630165675888e-06,0,0,unlabeled
8236,0.9987953901290894,1,1,unlabeled
8237,2.6665597374631034e-07,0,0,unlabeled
8238,0.00018091421225108206,0,0,unlabeled
8239,0.9989859461784363,1,1,unlabeled
8240,0.0005315248272381723,0,0,unlabeled
8241,5.7295670558232814e-05,0,0,unlabeled
8242,8.880079258233309e-05,0,0,unlabeled
8243,8.992246876005083e-07,0,0,train
8244,0.990446925163269,1,1,unlabeled
8245,4.750193056679564e-06,0,0,train
8246,6.996982051532541e-07,0,0,unlabeled
8247,0.9826033711433411,1,1,unlabeled
8248,0.0002169522049371153,0,0,unlabeled
8249,1.3666843187820632e-05,0,0,unlabeled
8250,0.9991931319236755,1,1,unlabeled
8251,1.656077444067705e-07,0,0,unlabeled
8252,3.455867272350588e-06,0,0,unlabeled
8253,8.980522920865042e-07,0,0,unlabeled
8254,0.9987531900405884,1,1,unlabeled
8255,4.8717090976424515e-05,0,0,train
8256,3.060886001549079e-06,0,0,train
8257,3.0808045266894624e-05,0,0,unlabeled
8258,4.905810783384368e-06,0,0,train
8259,0.0003996310115326196,0,0,unlabeled
8260,0.0001338154834229499,0,0,val
8261,0.9983129501342773,1,1,unlabeled
8262,0.9979580640792847,1,1,unlabeled
8263,6.531548478960758e-06,0,0,unlabeled
8264,2.1834539438714273e-05,0,0,train
8265,1.1687082945854854e-07,0,0,unlabeled
8266,7.916877393654431e-07,0,0,unlabeled
8267,3.060999915760476e-06,0,0,unlabeled
8268,1.954772051249165e-05,0,0,unlabeled
8269,6.435787504050633e-14,0,0,unlabeled
8270,2.853939122360316e-06,0,0,unlabeled
8271,7.304249152184639e-07,0,0,unlabeled
8272,7.800949788361322e-06,0,0,unlabeled
8273,0.9986942410469055,1,1,val
8274,1.773985559339053e-06,0,0,unlabeled
8275,0.00027902756119146943,0,0,unlabeled
8276,0.00018091421225108206,0,0,train
8277,0.9927923679351807,1,1,train
8278,0.9942368268966675,1,1,unlabeled
8279,0.0002169522049371153,0,0,unlabeled
8280,0.9992111921310425,1,1,unlabeled
8281,0.9981422424316406,1,1,train
8282,0.9961581826210022,1,1,unlabeled
8283,8.24505423224764e-06,0,0,unlabeled
8284,2.0341678919066908e-07,0,0,unlabeled
8285,6.423137506317289e-07,0,0,unlabeled
8286,0.9995871186256409,1,1,unlabeled
8287,2.817240329022752e-06,0,0,unlabeled
8288,0.9972519278526306,1,1,unlabeled
8289,1.3501671674021054e-06,0,0,unlabeled
8290,0.998619556427002,1,1,unlabeled
8291,5.9870511904591694e-05,0,0,unlabeled
8292,4.666498625738313e-06,0,0,val
8293,1.3456437955028377e-06,0,0,unlabeled
8294,6.3528455029882025e-06,0,0,unlabeled
8295,2.0426611513357784e-07,0,0,unlabeled
8296,1.6463959582324605e-06,0,0,unlabeled
8297,2.1423988982860465e-06,0,0,unlabeled
8298,7.571961759822443e-05,0,0,unlabeled
8299,1.7972392015508376e-05,0,0,unlabeled
8300,7.657397509319708e-05,0,0,unlabeled
8301,0.00018091421225108206,0,0,unlabeled
8302,1.1491638360894285e-05,0,0,unlabeled
8303,1.676919055171311e-06,0,0,unlabeled
8304,2.2587300918530673e-05,0,0,unlabeled
8305,0.0018530788365751505,0,0,unlabeled
8306,0.9988691210746765,1,1,unlabeled
8307,5.792648494207242e-07,0,0,unlabeled
8308,1.940509355335962e-05,0,0,train
8309,5.581191089731874e-06,0,0,unlabeled
8310,0.00047693369560875,0,0,val
8311,2.2110616555437446e-06,0,0,unlabeled
8312,1.0021354910350055e-06,0,0,unlabeled
8313,6.320726242847741e-06,0,0,unlabeled
8314,2.059036660284619e-06,0,0,unlabeled
8315,0.9980117082595825,1,1,unlabeled
8316,0.0006387785542756319,0,0,train
8317,1.30697321765183e-06,0,0,unlabeled
8318,6.777959629162381e-17,0,0,unlabeled
8319,0.0001346935605397448,0,0,train
8320,0.0004858397878706455,0,0,unlabeled
8321,0.9900469183921814,1,1,unlabeled
8322,3.983089754910907e-06,0,0,unlabeled
8323,2.325610512343701e-05,0,0,unlabeled
8324,0.9879012107849121,1,1,unlabeled
8325,3.1301485705625964e-06,0,0,unlabeled
8326,1.7151724023278803e-06,0,0,unlabeled
8327,7.696879765717313e-05,0,0,unlabeled
8328,0.0009343632846139371,0,0,train
8329,5.287728868097474e-07,0,0,val
8330,7.657397509319708e-05,0,0,unlabeled
8331,0.9940968751907349,1,1,train
8332,1.178924139821902e-05,0,0,unlabeled
8333,2.4599527023383416e-05,0,0,unlabeled
8334,2.348303723920253e-06,0,0,train
8335,0.0007286628824658692,0,0,unlabeled
8336,0.9990577101707458,1,1,unlabeled
8337,2.6770478195325964e-11,0,0,val
8338,1.9556581776214443e-07,0,0,unlabeled
8339,4.983318149243132e-07,0,0,unlabeled
8340,1.892413052928532e-07,0,0,unlabeled
8341,1.144757220572501e-06,0,0,unlabeled
8342,1.940509355335962e-05,0,0,unlabeled
8343,6.774908342777053e-06,0,0,unlabeled
8344,4.8320893256459385e-05,0,0,unlabeled
8345,5.892870467505418e-05,0,0,train
8346,1.999603682634188e-06,0,0,unlabeled
8347,3.0808045266894624e-05,0,0,val
8348,3.0808045266894624e-05,0,0,unlabeled
8349,1.978310137928929e-06,0,0,unlabeled
8350,0.998772919178009,1,1,unlabeled
8351,0.0033038898836821318,0,0,train
8352,0.9981840252876282,1,1,unlabeled
8353,6.71196812618291e-06,0,0,val
8354,0.9990187883377075,1,1,unlabeled
8355,1.1521780862722153e-07,0,0,unlabeled
8356,2.380957084824331e-05,0,0,unlabeled
8357,1.1130882739962544e-06,0,0,unlabeled
8358,3.2948078114714008e-06,0,0,unlabeled
8359,0.0001262910373043269,0,0,unlabeled
8360,0.9985754489898682,1,1,unlabeled
8361,0.9986374974250793,1,1,unlabeled
8362,9.039778774422302e-07,0,0,unlabeled
8363,7.686961822628291e-08,0,0,train
8364,9.088159913517302e-07,0,0,unlabeled
8365,0.0001262910373043269,0,0,unlabeled
8366,4.491239451454021e-06,0,0,unlabeled
8367,4.2114912503166124e-05,0,0,unlabeled
8368,0.00018091421225108206,0,0,val
8369,1.8985186898134998e-06,0,0,unlabeled
8370,5.946116630184406e-07,0,0,val
8371,1.0026362815551693e-06,0,0,unlabeled
8372,1.8384602284982066e-08,0,0,unlabeled
8373,1.5821968190721236e-05,0,0,unlabeled
8374,7.384597211057553e-06,0,0,unlabeled
8375,7.124424428184284e-06,0,0,unlabeled
8376,0.9977591037750244,1,1,unlabeled
8377,6.448167550843209e-05,0,0,unlabeled
8378,1.5675974509576918e-06,0,0,unlabeled
8379,1.0256597988700378e-06,0,0,unlabeled
8380,1.696288109087618e-06,0,0,unlabeled
8381,7.85431984695606e-05,0,0,unlabeled
8382,0.005236404482275248,0,0,unlabeled
8383,0.9997056126594543,1,1,unlabeled
8384,0.9992827773094177,1,1,unlabeled
8385,0.9968519806861877,1,1,unlabeled
8386,7.559278310509399e-05,0,0,unlabeled
8387,6.055764515622286e-06,0,0,unlabeled
8388,3.5561608910938958e-06,0,0,train
8389,0.0003901416785083711,0,0,unlabeled
8390,4.662579613068374e-06,0,0,unlabeled
8391,1.932234567902924e-07,0,0,unlabeled
8392,1.0345183909521438e-05,0,0,unlabeled
8393,0.9967404007911682,1,1,unlabeled
8394,1.2830785180995008e-06,0,0,train
8395,0.9978604912757874,1,1,train
8396,0.0003830045461654663,0,0,train
8397,5.922644596978444e-09,0,0,train
8398,0.00045135989785194397,0,0,unlabeled
8399,0.026247316971421242,0,0,unlabeled
8400,0.9972028732299805,1,1,unlabeled
8401,1.3667184930454823e-06,0,0,unlabeled
8402,4.529932084551547e-06,0,0,train
8403,4.7418151893907634e-07,0,0,unlabeled
8404,2.1564695998677053e-05,0,0,unlabeled
8405,2.500159098417498e-06,0,0,val
8406,6.25998791292659e-06,0,0,unlabeled
8407,1.2765325152486184e-07,0,0,unlabeled
8408,7.657397509319708e-05,0,0,unlabeled
8409,3.3432227155572036e-06,0,0,val
8410,3.429280695854686e-06,0,0,unlabeled
8411,6.320960528682917e-05,0,0,unlabeled
8412,9.271674571209587e-06,0,0,unlabeled
8413,6.044692213436065e-07,0,0,unlabeled
8414,1.983257789106574e-06,0,0,unlabeled
8415,0.0019112525042146444,0,0,unlabeled
8416,0.9961677193641663,1,1,unlabeled
8417,0.0008282381459139287,0,0,unlabeled
8418,7.455909667442029e-07,0,0,unlabeled
8419,6.448167550843209e-05,0,0,unlabeled
8420,2.19466951278946e-08,0,0,unlabeled
8421,0.9950063228607178,1,1,unlabeled
8422,6.055764515622286e-06,0,0,val
8423,3.8133694033604115e-06,0,0,unlabeled
8424,5.843383519277268e-07,0,0,unlabeled
8425,0.00012001590948784724,0,0,unlabeled
8426,1.1028655677591814e-07,0,0,unlabeled
8427,2.1717831259593368e-05,0,0,unlabeled
8428,4.7573641495546326e-05,0,0,unlabeled
8429,2.3758241241012e-06,0,0,train
8430,0.00011065918079111725,0,0,unlabeled
8431,5.956183940725168e-06,0,0,unlabeled
8432,0.0001349742233287543,0,0,train
8433,4.298710791772464e-06,0,0,unlabeled
8434,1.0195449249295052e-05,0,0,unlabeled
8435,4.108895154786296e-06,0,0,val
8436,6.003088401485002e-06,0,0,unlabeled
8437,3.749132474695216e-06,0,0,unlabeled
8438,2.178141471631534e-07,0,0,unlabeled
8439,3.09080678562168e-05,0,0,unlabeled
8440,0.9977532029151917,1,1,unlabeled
8441,0.9702035784721375,1,1,unlabeled
8442,1.1240704225201625e-06,0,0,unlabeled
8443,9.049888376466697e-07,0,0,unlabeled
8444,0.9974365830421448,1,1,train
8445,9.76600063040678e-07,0,0,unlabeled
8446,2.9618615826620953e-06,0,0,unlabeled
8447,0.9974965453147888,1,1,unlabeled
8448,2.001771235882188e-06,0,0,unlabeled
8449,0.9987449645996094,1,1,val
8450,0.9983072280883789,1,1,unlabeled
8451,0.9908038377761841,1,1,unlabeled
8452,5.9279013839841355e-06,0,0,val
8453,4.2521577370280284e-07,0,0,unlabeled
8454,2.1930538982029013e-12,0,0,train
8455,3.0230512493290007e-06,0,0,unlabeled
8456,0.0001338154834229499,0,0,unlabeled
8457,4.894385256193345e-06,0,0,unlabeled
8458,5.7295670558232814e-05,0,0,unlabeled
8459,1.4357232430484146e-05,0,0,unlabeled
8460,8.094655754575797e-07,0,0,unlabeled
8461,0.9984347224235535,1,1,unlabeled
8462,2.2256674583331915e-06,0,0,train
8463,2.8987797122681513e-06,0,0,unlabeled
8464,0.9928780198097229,1,1,unlabeled
8465,0.996982991695404,1,1,unlabeled
8466,0.9996999502182007,1,1,unlabeled
8467,0.9954223036766052,1,1,unlabeled
8468,0.02705533429980278,0,0,unlabeled
8469,0.9983788728713989,1,1,unlabeled
8470,1.485710754423053e-06,0,0,train
8471,1.86561942427943e-06,0,0,unlabeled
8472,1.5218415683193598e-07,0,0,unlabeled
8473,2.710660510274465e-06,0,0,unlabeled
8474,0.9982689619064331,1,1,unlabeled
8475,1.1516941640365985e-06,0,0,train
8476,0.0012607054086402059,0,0,train
8477,0.9987253546714783,1,1,unlabeled
8478,0.00010698974074330181,0,0,val
8479,4.902646105620079e-05,0,0,unlabeled
8480,0.9989789724349976,1,1,unlabeled
8481,1.3850151844962966e-05,0,0,unlabeled
8482,2.6028571937786182e-06,0,0,unlabeled
8483,6.320726242847741e-06,0,0,unlabeled
8484,1.5458273992408067e-05,0,0,unlabeled
8485,2.0726816728711128e-05,0,0,unlabeled
8486,0.00010334239050280303,0,0,unlabeled
8487,3.2948078114714008e-06,0,0,val
8488,0.998934805393219,1,1,unlabeled
8489,0.998004138469696,1,1,val
8490,0.00022938418260309845,0,0,unlabeled
8491,0.9982503056526184,1,1,unlabeled
8492,5.235775461187586e-06,0,0,unlabeled
8493,0.9945736527442932,1,1,unlabeled
8494,2.9723425996053265e-06,0,0,unlabeled
8495,5.671471626556013e-06,0,0,unlabeled
8496,1.2599018646142213e-06,0,0,train
8497,1.1944060815949342e-06,0,0,unlabeled
8498,2.4165143258869648e-05,0,0,unlabeled
8499,2.7807357128040167e-06,0,0,unlabeled
8500,3.7670920391974505e-06,0,0,val
8501,3.2091299999592593e-06,0,0,unlabeled
8502,2.2919200546311913e-06,0,0,unlabeled
8503,3.374996708771505e-07,0,0,unlabeled
8504,4.974026523996145e-07,0,0,unlabeled
8505,3.7491292914637597e-06,0,0,unlabeled
8506,1.327346126345219e-06,0,0,unlabeled
8507,0.9978957176208496,1,1,train
8508,1.5235829778248444e-05,0,0,train
8509,9.023086931847502e-06,0,0,unlabeled
8510,7.559271034551784e-05,0,0,unlabeled
8511,0.9993183612823486,1,1,train
8512,0.9700412154197693,1,1,unlabeled
8513,7.025095616342014e-09,0,0,unlabeled
8514,3.329309038235806e-06,0,0,unlabeled
8515,6.684577328996966e-06,0,0,unlabeled
8516,0.9986196756362915,1,1,unlabeled
8517,7.305162057491543e-07,0,0,unlabeled
8518,4.243875537213171e-06,0,0,unlabeled
8519,1.626391167519614e-06,0,0,unlabeled
8520,0.9869008660316467,1,1,unlabeled
8521,0.9959762692451477,1,1,unlabeled
8522,2.072940787911648e-06,0,0,unlabeled
8523,4.653640530705161e-07,0,0,unlabeled
8524,6.746925464540254e-06,0,0,train
8525,0.9693934917449951,1,1,unlabeled
8526,0.9977052807807922,1,1,unlabeled
8527,6.703610555547357e-09,0,0,unlabeled
8528,0.0005894183414056897,0,0,unlabeled
8529,0.013184066861867905,0,0,unlabeled
8530,0.0003996308078058064,0,0,unlabeled
8531,0.955934464931488,1,0,train
8532,1.30218950289418e-06,0,0,val
8533,1.267216975975316e-05,0,0,val
8534,1.991077596130708e-07,0,0,unlabeled
8535,1.2263238886589534e-06,0,0,unlabeled
8536,0.9997163414955139,1,1,unlabeled
8537,0.999127209186554,1,1,train
8538,6.314659458439564e-06,0,0,unlabeled
8539,2.295938656970975e-06,0,0,unlabeled
8540,0.9988631010055542,1,1,unlabeled
8541,3.5104358175885864e-06,0,0,unlabeled
8542,3.970270881836768e-06,0,0,unlabeled
8543,0.9982578158378601,1,1,unlabeled
8544,0.00011740891932277009,0,0,unlabeled
8545,0.00027902756119146943,0,0,unlabeled
8546,8.248074664152227e-06,0,0,unlabeled
8547,2.2100404839520138e-11,0,0,unlabeled
8548,1.1096732123405673e-05,0,0,unlabeled
8549,8.082212843874004e-06,0,0,unlabeled
8550,0.0001338154834229499,0,0,unlabeled
8551,6.413977826014161e-05,0,0,unlabeled
8552,0.9942573308944702,1,1,unlabeled
8553,6.830839265603572e-05,0,0,unlabeled
8554,2.0316843801992945e-05,0,0,unlabeled
8555,9.958396549336612e-05,0,0,unlabeled
8556,9.692093044577632e-06,0,0,unlabeled
8557,2.268685364015255e-07,0,0,val
8558,8.579712812206708e-06,0,0,unlabeled
8559,1.7181798739329679e-06,0,0,unlabeled
8560,0.9993007183074951,1,1,unlabeled
8561,7.306945235541207e-07,0,0,val
8562,0.9996387958526611,1,1,unlabeled
8563,0.9990647435188293,1,1,unlabeled
8564,0.9993913173675537,1,1,val
8565,0.9989439845085144,1,1,unlabeled
8566,4.221171678864266e-08,0,0,unlabeled
8567,1.2024029274471104e-05,0,0,unlabeled
8568,0.998408854007721,1,1,unlabeled
8569,2.736116222479268e-09,0,0,unlabeled
8570,3.0908038752386346e-05,0,0,unlabeled
8571,2.488049858584418e-06,0,0,val
8572,1.4709360129927518e-06,0,0,train
8573,2.987276047861087e-06,0,0,unlabeled
8574,0.9983870983123779,1,1,val
8575,3.446000482654199e-05,0,0,unlabeled
8576,5.348309173314192e-07,0,0,unlabeled
8577,0.9995205402374268,1,1,unlabeled
8578,2.4586881863797316e-06,0,0,train
8579,0.0007857987657189369,0,0,unlabeled
8580,0.0015392679488286376,0,0,unlabeled
8581,0.9473278522491455,1,1,unlabeled
8582,0.997510552406311,1,1,unlabeled
8583,1.0479251955075597e-07,0,0,unlabeled
8584,0.9972497820854187,1,1,unlabeled
8585,5.091909542898065e-07,0,0,unlabeled
8586,0.9985710382461548,1,1,unlabeled
8587,6.447781743190717e-06,0,0,unlabeled
8588,9.679066579337814e-07,0,0,unlabeled
8589,5.076674369774992e-07,0,0,unlabeled
8590,0.9737270474433899,1,1,unlabeled
8591,1.175351485471765e-06,0,0,unlabeled
8592,2.5315823677374283e-06,0,0,unlabeled
8593,0.00019719911506399512,0,0,unlabeled
8594,4.823134440812282e-05,0,0,train
8595,0.0003996308078058064,0,0,unlabeled
8596,2.587793687780504e-06,0,0,unlabeled
8597,3.389017001609318e-05,0,0,unlabeled
8598,3.5215404636801395e-07,0,0,unlabeled
8599,1.2733388530250522e-06,0,0,unlabeled
8600,0.0001349742233287543,0,0,unlabeled
8601,1.0113305158598873e-11,0,0,train
8602,2.9200166409282247e-06,0,0,unlabeled
8603,0.9973468780517578,1,1,unlabeled
8604,0.9962474703788757,1,1,train
8605,1.9277449609944597e-06,0,0,val
8606,6.943025709915673e-09,0,0,unlabeled
8607,0.012661080807447433,0,0,unlabeled
8608,4.8923038065140645e-08,0,0,unlabeled
8609,2.3003265141596785e-06,0,0,unlabeled
8610,6.8733525040443055e-06,0,0,unlabeled
8611,6.507481430162443e-06,0,0,unlabeled
8612,1.3907846550864633e-05,0,0,unlabeled
8613,1.97995973394427e-06,0,0,train
8614,0.9982808828353882,1,1,unlabeled
8615,2.058989593933802e-05,0,0,unlabeled
8616,0.9992160797119141,1,1,unlabeled
8617,9.254221708943078e-07,0,0,train
8618,0.9967077970504761,1,1,train
8619,8.238272926064383e-07,0,0,train
8620,4.5299006160348654e-05,0,0,unlabeled
8621,0.9973008036613464,1,1,train
8622,0.9990584254264832,1,1,unlabeled
8623,0.026247316971421242,0,0,val
8624,0.9994266033172607,1,1,unlabeled
8625,1.0261433924796393e-09,0,0,unlabeled
8626,4.6844672851875657e-07,0,0,unlabeled
8627,0.9966481328010559,1,1,val
8628,0.003646064782515168,0,0,unlabeled
8629,3.945453954656841e-06,0,0,unlabeled
8630,0.9960688352584839,1,1,unlabeled
8631,5.103152034280356e-06,0,0,unlabeled
8632,0.9978984594345093,1,1,unlabeled
8633,0.0003181111242156476,0,0,unlabeled
8634,2.09858527000506e-07,0,0,unlabeled
8635,0.9912009239196777,1,1,train
8636,0.9974095225334167,1,1,unlabeled
8637,5.581191089731874e-06,0,0,unlabeled
8638,1.2092314136680216e-05,0,0,unlabeled
8639,0.004553783219307661,0,0,unlabeled
8640,0.9983657002449036,1,1,unlabeled
8641,6.976460099394899e-06,0,0,unlabeled
8642,5.924047741245886e-07,0,0,unlabeled
8643,0.0002169522049371153,0,0,train
8644,7.530578614023398e-07,0,0,unlabeled
8645,1.085368603526149e-05,0,0,unlabeled
8646,0.00018286023987457156,0,0,unlabeled
8647,0.9495007991790771,1,1,train
8648,8.11382392384985e-07,0,0,train
8649,1.0032121053882292e-06,0,0,unlabeled
8650,3.843072590825614e-06,0,0,unlabeled
8651,3.713346075073787e-07,0,0,unlabeled
8652,1.5464498801520676e-06,0,0,train
8653,1.6911249986151233e-05,0,0,unlabeled
8654,1.2050109035044443e-06,0,0,train
8655,0.002274451544508338,0,0,unlabeled
8656,0.997688889503479,1,1,unlabeled
8657,1.7992620087170508e-06,0,0,unlabeled
8658,0.996421217918396,1,1,unlabeled
8659,5.787645136479114e-07,0,0,unlabeled
8660,8.248074664152227e-06,0,0,val
8661,0.9925561547279358,1,1,unlabeled
8662,4.5530514398706146e-06,0,0,unlabeled
8663,0.9980233907699585,1,1,unlabeled
8664,3.703244510688819e-05,0,0,unlabeled
8665,0.9794740080833435,1,1,unlabeled
8666,2.0962428948223533e-07,0,0,unlabeled
8667,2.4165143258869648e-05,0,0,unlabeled
8668,1.660291786720336e-06,0,0,unlabeled
8669,0.9990955591201782,1,1,unlabeled
8670,1.6963075495368685e-06,0,0,unlabeled
8671,0.006116615608334541,0,0,unlabeled
8672,1.0187965017394163e-05,0,0,unlabeled
8673,0.9982706308364868,1,1,unlabeled
8674,1.6350612668247777e-06,0,0,unlabeled
8675,4.203971548122354e-05,0,0,unlabeled
8676,0.00028407882200554013,0,0,unlabeled
8677,3.591249696910381e-05,0,0,unlabeled
8678,9.199021587846801e-05,0,0,unlabeled
8679,2.688163363018248e-07,0,0,unlabeled
8680,1.0663722605386283e-05,0,0,train
8681,4.169710905443935e-07,0,0,unlabeled
8682,0.9977329969406128,1,1,unlabeled
8683,1.2232071355811058e-07,0,0,unlabeled
8684,6.7040359681413975e-06,0,0,unlabeled
8685,0.9993913173675537,1,1,unlabeled
8686,0.00032586613087914884,0,0,unlabeled
8687,0.9841222763061523,1,1,unlabeled
8688,0.0007692559156566858,0,0,unlabeled
8689,1.7992620087170508e-06,0,0,unlabeled
8690,6.748642772436142e-05,0,0,train
8691,4.723203346657101e-06,0,0,unlabeled
8692,0.9986730813980103,1,1,unlabeled
8693,1.7885193301481195e-05,0,0,val
8694,0.0005065939039923251,0,0,unlabeled
8695,0.9997714161872864,1,1,unlabeled
8696,5.390212209022138e-06,0,0,val
8697,0.9986853003501892,1,1,unlabeled
8698,0.9981174468994141,1,1,unlabeled
8699,0.0003996308078058064,0,0,val
8700,3.3340532351975466e-16,0,0,unlabeled
8701,0.0002219826856162399,0,0,train
8702,0.9947827458381653,1,1,unlabeled
8703,0.0001770245871739462,0,0,unlabeled
8704,3.270040679126396e-06,0,0,unlabeled
8705,2.8379827199387364e-06,0,0,unlabeled
8706,3.29987898339823e-07,0,0,unlabeled
8707,1.2709730299320654e-06,0,0,unlabeled
8708,0.9959501028060913,1,1,val
8709,0.9993009567260742,1,1,unlabeled
8710,9.380472874909174e-06,0,0,unlabeled
8711,0.014309759251773357,0,0,train
8712,8.1562357081566e-06,0,0,train
8713,0.9983993172645569,1,1,unlabeled
8714,1.1799259027611697e-06,0,0,unlabeled
8715,0.00012580737529788166,0,0,unlabeled
8716,1.0153328730666544e-05,0,0,train
8717,7.18002556823194e-05,0,0,unlabeled
8718,0.007876467891037464,0,0,unlabeled
8719,0.0003888558130711317,0,0,unlabeled
8720,2.1278390704537742e-05,0,0,unlabeled
8721,1.7073591152438894e-05,0,0,unlabeled
8722,0.9724791646003723,1,1,unlabeled
8723,1.7688331581666716e-06,0,0,unlabeled
8724,1.4459961903412477e-06,0,0,unlabeled
8725,2.123881959192886e-09,0,0,unlabeled
8726,3.018160441570217e-07,0,0,unlabeled
8727,0.0012084322515875101,0,0,unlabeled
8728,0.9990874528884888,1,1,unlabeled
8729,2.1717831259593368e-05,0,0,unlabeled
8730,3.389017001609318e-05,0,0,unlabeled
8731,2.510815875211847e-06,0,0,unlabeled
8732,0.9966095685958862,1,1,unlabeled
8733,2.727621904341504e-05,0,0,unlabeled
8734,1.7332205004549905e-07,0,0,unlabeled
8735,4.844256409342051e-07,0,0,unlabeled
8736,0.9978260397911072,1,1,unlabeled
8737,2.5113690753642004e-06,0,0,unlabeled
8738,0.9992263317108154,1,1,unlabeled
8739,0.9975147247314453,1,1,unlabeled
8740,0.014213910326361656,0,0,unlabeled
8741,0.9641528725624084,1,1,unlabeled
8742,0.0012162842322140932,0,0,val
8743,3.042620392079698e-06,0,0,unlabeled
8744,1.077204387911479e-06,0,0,unlabeled
8745,3.0293829240690684e-06,0,0,unlabeled
8746,7.559278310509399e-05,0,0,unlabeled
8747,0.0018898866837844253,0,0,unlabeled
8748,1.4642619561300307e-08,0,0,unlabeled
8749,4.347137291915715e-05,0,0,unlabeled
8750,8.599668035458308e-06,0,0,train
8751,0.996810257434845,1,1,unlabeled
8752,4.3566280510276556e-05,0,0,unlabeled
8753,2.050893999694381e-05,0,0,unlabeled
8754,5.0686521717580035e-06,0,0,unlabeled
8755,0.00017742898489814252,0,0,unlabeled
8756,6.098344442762027e-07,0,0,train
8757,1.9792762032011524e-05,0,0,unlabeled
8758,1.676689862506464e-05,0,0,unlabeled
8759,0.004835472907871008,0,0,train
8760,1.2763174481733586e-06,0,0,unlabeled
8761,2.7503999717737315e-06,0,0,unlabeled
8762,2.765018325590063e-05,0,0,unlabeled
8763,3.434907057453529e-06,0,0,unlabeled
8764,2.404457006832672e-07,0,0,unlabeled
8765,7.378648297162727e-05,0,0,unlabeled
8766,0.9979791045188904,1,1,unlabeled
8767,0.997680127620697,1,1,unlabeled
8768,2.445911832182901e-06,0,0,unlabeled
8769,3.2656996609148337e-06,0,0,unlabeled
8770,0.999103844165802,1,1,train
8771,0.00011298178287688643,0,0,unlabeled
8772,8.913084457162768e-06,0,0,train
8773,0.00010938064224319533,0,0,unlabeled
8774,0.00010698974074330181,0,0,unlabeled
8775,2.4294999789731264e-08,0,0,unlabeled
8776,0.9982143640518188,1,1,train
8777,0.9993661046028137,1,1,unlabeled
8778,1.3723033589485567e-06,0,0,unlabeled
8779,0.9979231953620911,1,1,unlabeled
8780,6.942379400243226e-07,0,0,unlabeled
8781,2.5027020456036553e-06,0,0,unlabeled
8782,0.00011885572894243523,0,0,unlabeled
8783,7.33375345589593e-05,0,0,train
8784,0.9990406632423401,1,1,train
8785,0.9990559220314026,1,1,unlabeled
8786,4.769134989146551e-07,0,0,unlabeled
8787,1.5358193650172325e-06,0,0,unlabeled
8788,0.0003402357979211956,0,0,unlabeled
8789,1.226396307174582e-05,0,0,unlabeled
8790,4.09303339665712e-07,0,0,train
8791,1.6154966904144419e-12,0,0,unlabeled
8792,7.916885351733072e-07,0,0,unlabeled
8793,1.978310137928929e-06,0,0,unlabeled
8794,1.6709294641259476e-06,0,0,unlabeled
8795,1.1302932989565306e-06,0,0,unlabeled
8796,0.9994070529937744,1,1,unlabeled
8797,0.00027167267398908734,0,0,train
8798,0.0007692882209084928,0,0,unlabeled
8799,0.9983311295509338,1,1,train
8800,0.02303898148238659,0,0,unlabeled
8801,4.248346158419736e-06,0,0,unlabeled
8802,3.1144392664828047e-07,0,0,train
8803,3.4699917250691215e-06,0,0,train
8804,0.9996256828308105,1,1,train
8805,2.3609666186530376e-06,0,0,unlabeled
8806,0.00016389186203014106,0,0,unlabeled
8807,2.1738645727964467e-07,0,0,unlabeled
8808,1.4773403563594911e-05,0,0,unlabeled
8809,1.2824001714761835e-05,0,0,unlabeled
8810,0.9983032941818237,1,1,train
8811,2.494264663255308e-06,0,0,unlabeled
8812,3.2656996609148337e-06,0,0,unlabeled
8813,0.18631435930728912,0,0,unlabeled
8814,9.280122321797535e-05,0,0,unlabeled
8815,0.0003996310115326196,0,0,unlabeled
8816,3.2948078114714008e-06,0,0,unlabeled
8817,2.1407211647783697e-07,0,0,unlabeled
8818,0.00018091421225108206,0,0,unlabeled
8819,3.1985626947061974e-07,0,0,unlabeled
8820,5.98340920987539e-06,0,0,unlabeled
8821,4.2573435621307e-07,0,0,unlabeled
8822,0.49538594484329224,0,0,unlabeled
8823,9.119771107179986e-07,0,0,unlabeled
8824,2.325153900528676e-07,0,0,unlabeled
8825,6.702966857119463e-07,0,0,train
8826,1.649479486331984e-06,0,0,unlabeled
8827,2.1996286250214325e-06,0,0,unlabeled
8828,0.0007868737448006868,0,0,unlabeled
8829,0.00027902756119146943,0,0,unlabeled
8830,0.00029197876574471593,0,0,unlabeled
8831,0.0001262910373043269,0,0,unlabeled
8832,6.070583822292974e-06,0,0,unlabeled
8833,0.0007807758520357311,0,0,unlabeled
8834,0.0001262910373043269,0,0,val
8835,0.9963330030441284,1,1,unlabeled
8836,0.00017742898489814252,0,0,unlabeled
8837,1.011155035257616e-07,0,0,unlabeled
8838,0.9976369142532349,1,1,unlabeled
8839,2.9097366223140853e-06,0,0,unlabeled
8840,1.4577445881513995e-06,0,0,unlabeled
8841,0.00029048247961327434,0,0,unlabeled
8842,4.081186943949433e-06,0,0,unlabeled
8843,6.029746373314993e-07,0,0,unlabeled
8844,0.9833422899246216,1,1,unlabeled
8845,9.295154086430557e-06,0,0,train
8846,2.8075689897377742e-06,0,0,val
8847,0.9996203184127808,1,1,unlabeled
8848,0.0017023398540914059,0,0,unlabeled
8849,7.947887326054115e-08,0,0,unlabeled
8850,7.171448856979623e-08,0,0,train
8851,0.005175439175218344,0,0,train
8852,3.4834299640351674e-06,0,0,unlabeled
8853,0.006920069456100464,0,0,unlabeled
8854,1.6651995338179404e-06,0,0,unlabeled
8855,0.9989840388298035,1,1,val
8856,1.7115074797402485e-06,0,0,unlabeled
8857,8.52956020480633e-07,0,0,unlabeled
8858,3.0624022429037723e-07,0,0,unlabeled
8859,1.0879710327094116e-11,0,0,unlabeled
8860,2.2073702439229237e-06,0,0,unlabeled
8861,1.2478337339416612e-05,0,0,val
8862,0.9643981456756592,1,1,unlabeled
8863,7.112545858944941e-07,0,0,train
8864,2.3473478449886898e-06,0,0,unlabeled
8865,3.751489714431955e-07,0,0,unlabeled
8866,0.9983660578727722,1,1,unlabeled
8867,0.9967233538627625,1,1,unlabeled
8868,4.2495796037655964e-07,0,0,unlabeled
8869,0.00047469380660913885,0,0,unlabeled
8870,3.2074101454782067e-06,0,0,unlabeled
8871,3.712172474479303e-05,0,0,train
8872,6.573194468728616e-07,0,0,unlabeled
8873,7.7414315455826e-06,0,0,unlabeled
8874,0.0006496161804534495,0,0,unlabeled
8875,2.2246849766816013e-06,0,0,unlabeled
8876,1.2824001714761835e-05,0,0,train
8877,0.9887976050376892,1,1,unlabeled
8878,0.0008975078235380352,0,0,unlabeled
8879,7.007593580965477e-07,0,0,unlabeled
8880,0.9984558820724487,1,1,unlabeled
8881,0.998029887676239,1,1,unlabeled
8882,0.0007038640324026346,0,0,unlabeled
8883,7.475453571714752e-07,0,0,unlabeled
8884,8.507778481714467e-09,0,0,unlabeled
8885,0.003274350194260478,0,0,val
8886,0.0005567054031416774,0,0,train
8887,4.075772267242428e-06,0,0,train
8888,5.798374331789091e-07,0,0,unlabeled
8889,0.9975724816322327,1,1,unlabeled
8890,4.293241090636002e-06,0,0,unlabeled
8891,7.168150659708772e-06,0,0,unlabeled
8892,0.9994483590126038,1,1,unlabeled
8893,6.448167550843209e-05,0,0,unlabeled
8894,3.592983830458252e-07,0,0,unlabeled
8895,2.6937218535749707e-06,0,0,unlabeled
8896,0.9996832609176636,1,1,unlabeled
8897,0.006129197310656309,0,0,train
8898,2.7807357128040167e-06,0,0,unlabeled
8899,0.9986843466758728,1,1,train
8900,6.184138214848645e-07,0,0,unlabeled
8901,0.9984493255615234,1,1,train
8902,0.00019883134518750012,0,0,train
8903,1.627800338610541e-05,0,0,unlabeled
8904,3.9509333873866126e-05,0,0,unlabeled
8905,4.3856258002961113e-07,0,0,unlabeled
8906,0.0001338154834229499,0,0,train
8907,2.100216534017818e-08,0,0,unlabeled
8908,2.041644648898e-07,0,0,unlabeled
8909,4.070431259606266e-06,0,0,val
8910,1.9017434169654734e-05,0,0,unlabeled
8911,0.0001338154834229499,0,0,train
8912,0.006651278119534254,0,0,unlabeled
8913,0.9979591369628906,1,1,unlabeled
8914,8.756243005336728e-06,0,0,unlabeled
8915,0.0007483834051527083,0,0,unlabeled
8916,7.045385700621409e-06,0,0,unlabeled
8917,2.0508921807049774e-05,0,0,unlabeled
8918,0.0001069896316039376,0,0,unlabeled
8919,3.3756114703464846e-07,0,0,unlabeled
8920,0.000568157120142132,0,0,unlabeled
8921,0.0003161739441566169,0,0,unlabeled
8922,3.7010486266808584e-05,0,0,train
8923,7.210716148620122e-07,0,0,unlabeled
8924,0.00044981020619161427,0,0,unlabeled
8925,0.00032734544947743416,0,0,unlabeled
8926,3.417707557673566e-05,0,0,unlabeled
8927,6.4497226048843e-07,0,0,unlabeled
8928,0.9862526059150696,1,1,unlabeled
8929,6.383498111972585e-05,0,0,unlabeled
8930,0.9996269941329956,1,1,train
8931,3.2948078114714008e-06,0,0,unlabeled
8932,0.9969093203544617,1,1,unlabeled
8933,0.9975638389587402,1,1,unlabeled
8934,5.9870511904591694e-05,0,0,unlabeled
8935,0.03346346318721771,0,0,unlabeled
8936,9.534401215205435e-06,0,0,unlabeled
8937,1.6841279375512386e-06,0,0,unlabeled
8938,1.3801106035771227e-07,0,0,unlabeled
8939,2.3758241241012e-06,0,0,train
8940,3.922471591977228e-07,0,0,val
8941,0.0009156312444247305,0,0,unlabeled
8942,6.448167550843209e-05,0,0,unlabeled
8943,7.3427358984190505e-06,0,0,train
8944,0.997454822063446,1,1,unlabeled
8945,0.9986968636512756,1,1,unlabeled
8946,2.1747348810663425e-08,0,0,unlabeled
8947,0.007669216487556696,0,0,unlabeled
8948,3.600538522506321e-20,0,0,unlabeled
8949,6.301898793026339e-06,0,0,train
8950,0.9961263537406921,1,1,train
8951,3.487018602754688e-07,0,0,unlabeled
8952,3.2948046282399446e-06,0,0,unlabeled
8953,0.0019357583951205015,0,0,unlabeled
8954,2.259186430819682e-06,0,0,unlabeled
8955,4.8348415475629736e-06,0,0,train
8956,9.304602031079412e-07,0,0,unlabeled
8957,0.0023540209513157606,0,0,train
8958,0.013441300019621849,0,0,train
8959,0.0008716799202375114,0,0,val
8960,2.3739735297567677e-06,0,0,unlabeled
8961,5.314107625054021e-07,0,0,unlabeled
8962,0.00032053622999228537,0,0,unlabeled
8963,9.345902753921109e-07,0,0,unlabeled
8964,0.9980377554893494,1,1,unlabeled
8965,3.7010486266808584e-05,0,0,unlabeled
8966,5.607321327261161e-07,0,0,unlabeled
8967,2.3739735297567677e-06,0,0,train
8968,0.0001349742233287543,0,0,unlabeled
8969,1.3007549569010735e-05,0,0,unlabeled
8970,5.294500806485303e-05,0,0,unlabeled
8971,6.448167550843209e-05,0,0,train
8972,5.124300059833331e-07,0,0,unlabeled
8973,0.9950690269470215,1,0,unlabeled
8974,2.1717831259593368e-05,0,0,unlabeled
8975,0.9890896677970886,1,1,unlabeled
8976,0.9988586902618408,1,1,unlabeled
8977,0.9707427024841309,1,1,unlabeled
8978,5.6333183238166384e-06,0,0,unlabeled
8979,0.9968525767326355,1,1,train
8980,7.658742106286809e-05,0,0,train
8981,0.9990687966346741,1,1,val
8982,0.9992812275886536,1,1,unlabeled
8983,2.783336276479531e-05,0,0,unlabeled
8984,4.3201703192607965e-07,0,0,unlabeled
8985,0.006489794235676527,0,0,val
8986,0.9991493225097656,1,1,unlabeled
8987,0.9989204406738281,1,1,unlabeled
8988,1.2535246014522272e-06,0,0,unlabeled
8989,4.282445843273308e-06,0,0,unlabeled
8990,8.700071774114804e-09,0,0,unlabeled
8991,0.9988977909088135,1,1,unlabeled
8992,9.295154086430557e-06,0,0,unlabeled
8993,7.830801678210264e-07,0,0,unlabeled
8994,3.229058336273738e-07,0,0,unlabeled
8995,1.2430057722667698e-05,0,0,unlabeled
8996,0.9867814183235168,1,0,unlabeled
8997,4.2114912503166124e-05,0,0,unlabeled
8998,1.6235120710916817e-05,0,0,unlabeled
8999,7.019873009994626e-06,0,0,unlabeled
9000,7.559278310509399e-05,0,0,unlabeled
9001,7.657397509319708e-05,0,0,unlabeled
9002,0.9978860020637512,1,1,unlabeled
9003,1.7512743397674058e-06,0,0,unlabeled
9004,0.9990641474723816,1,1,unlabeled
9005,2.366735861869529e-05,0,0,unlabeled
9006,6.132450494078512e-07,0,0,unlabeled
9007,0.00044738341239281,0,0,unlabeled
9008,0.0005122144357301295,0,0,unlabeled
9009,0.0042344373650848866,0,0,unlabeled
9010,9.966580364562105e-06,0,0,train
9011,7.292400368896779e-06,0,0,unlabeled
9012,0.0001499184436397627,0,0,unlabeled
9013,2.268685364015255e-07,0,0,unlabeled
9014,1.4196096742580266e-07,0,0,unlabeled
9015,0.9990795850753784,1,1,train
9016,0.99888676404953,1,1,unlabeled
9017,0.9956806898117065,1,1,unlabeled
9018,6.320726242847741e-06,0,0,train
9019,0.9995637536048889,1,1,unlabeled
9020,0.9986334443092346,1,1,train
9021,4.187457491866553e-09,0,0,unlabeled
9022,0.00024575297720730305,0,0,unlabeled
9023,7.025095616342014e-09,0,0,unlabeled
9024,0.9990028738975525,1,1,unlabeled
9025,2.2902399905433413e-06,0,0,unlabeled
9026,0.0001770245871739462,0,0,unlabeled
9027,4.282817826606333e-06,0,0,unlabeled
9028,9.437536050427298e-07,0,0,unlabeled
9029,0.9994483590126038,1,1,unlabeled
9030,1.343201074632816e-05,0,0,unlabeled
9031,9.855465350483428e-07,0,0,unlabeled
9032,0.0005005245329812169,0,0,unlabeled
9033,7.657397509319708e-05,0,0,unlabeled
9034,0.45909741520881653,0,0,unlabeled
9035,0.9993942975997925,1,1,unlabeled
9036,0.9981234669685364,1,1,unlabeled
9037,7.657397509319708e-05,0,0,unlabeled
9038,1.3131451851222664e-05,0,0,unlabeled
9039,4.245510808686959e-06,0,0,unlabeled
9040,1.1189888482476817e-06,0,0,unlabeled
9041,1.8781209973894875e-06,0,0,unlabeled
9042,0.9991126656532288,1,1,unlabeled
9043,3.1987607940209273e-07,0,0,train
9044,0.00027902756119146943,0,0,unlabeled
9045,6.702966857119463e-07,0,0,unlabeled
9046,8.781382376810143e-08,0,0,unlabeled
9047,7.145832205424085e-05,0,0,train
9048,5.294472884997958e-06,0,0,unlabeled
9049,5.440674613055307e-06,0,0,unlabeled
9050,0.00036042628926225007,0,0,unlabeled
9051,0.9734348654747009,1,1,unlabeled
9052,0.0025331934448331594,0,0,unlabeled
9053,2.211634521354089e-11,0,0,unlabeled
9054,4.347132926341146e-05,0,0,unlabeled
9055,0.9991351962089539,1,1,train
9056,0.996131420135498,1,1,unlabeled
9057,2.627818730616127e-06,0,0,unlabeled
9058,6.54279428999871e-05,0,0,unlabeled
9059,1.1044048733310774e-06,0,0,unlabeled
9060,0.9983994364738464,1,1,unlabeled
9061,8.624526230960328e-07,0,0,unlabeled
9062,3.2340465168090304e-06,0,0,unlabeled
9063,2.0633873987208062e-07,0,0,unlabeled
9064,4.057270780322142e-05,0,0,unlabeled
9065,0.9983376264572144,1,1,unlabeled
9066,0.00019460669136606157,0,0,unlabeled
9067,0.9952728152275085,1,1,unlabeled
9068,1.2621410405699862e-06,0,0,unlabeled
9069,2.707658749989683e-11,0,0,unlabeled
9070,0.9840424060821533,1,1,unlabeled
9071,0.00011376199108781293,0,0,unlabeled
9072,6.320960528682917e-05,0,0,unlabeled
9073,0.038229819387197495,0,0,unlabeled
9074,0.0008604496251791716,0,0,unlabeled
9075,2.739417686825618e-05,0,0,unlabeled
9076,3.0808045266894624e-05,0,0,unlabeled
9077,0.9991428852081299,1,1,unlabeled
9078,4.348858055891469e-07,0,0,unlabeled
9079,4.1224639062420465e-06,0,0,unlabeled
9080,0.9980806112289429,1,1,unlabeled
9081,1.1631891538854688e-06,0,0,unlabeled
9082,0.9983779191970825,1,1,unlabeled
9083,9.661627018431318e-07,0,0,unlabeled
9084,1.6209992281801533e-07,0,0,unlabeled
9085,0.0008213595720008016,0,0,unlabeled
9086,1.5711515516159125e-05,0,0,unlabeled
9087,1.2364901522232685e-05,0,0,train
9088,0.99905925989151,1,1,unlabeled
9089,6.448167550843209e-05,0,0,unlabeled
9090,0.00019099500786978751,0,0,unlabeled
9091,7.657397509319708e-05,0,0,unlabeled
9092,1.8845512386178598e-06,0,0,unlabeled
9093,2.405636450930615e-06,0,0,unlabeled
9094,9.295154086430557e-06,0,0,unlabeled
9095,0.9928840398788452,1,1,val
9096,1.2478337339416612e-05,0,0,unlabeled
9097,1.0312716767657548e-05,0,0,unlabeled
9098,9.211148039867112e-07,0,0,unlabeled
9099,5.829223937325878e-06,0,0,unlabeled
9100,2.1996265786583535e-06,0,0,unlabeled
9101,2.6306344125259784e-07,0,0,train
9102,6.236232366063632e-07,0,0,train
9103,1.2824001714761835e-05,0,0,val
9104,1.4902233260727371e-06,0,0,unlabeled
9105,9.90116586763179e-06,0,0,train
9106,0.0001770245871739462,0,0,unlabeled
9107,0.00015468178025912493,0,0,unlabeled
9108,4.2573435621307e-07,0,0,unlabeled
9109,3.801644155032591e-08,0,0,train
9110,0.9995403289794922,1,1,unlabeled
9111,4.836031166632893e-07,0,0,unlabeled
9112,6.251766080822563e-06,0,0,unlabeled
9113,0.9978001713752747,1,1,unlabeled
9114,0.00015171703125815839,0,0,unlabeled
9115,0.0002890941686928272,0,0,unlabeled
9116,0.9970027804374695,1,1,unlabeled
9117,0.0002719172916840762,0,0,unlabeled
9118,0.9991379976272583,1,1,unlabeled
9119,1.7814825241657672e-06,0,0,train
9120,7.475453571714752e-07,0,0,unlabeled
9121,3.7010486266808584e-05,0,0,unlabeled
9122,2.6075804271386005e-06,0,0,unlabeled
9123,2.6059992705995683e-06,0,0,unlabeled
9124,0.9946387410163879,1,1,unlabeled
9125,0.0001338154834229499,0,0,unlabeled
9126,0.9949072003364563,1,1,train
9127,3.197125408860302e-08,0,0,unlabeled
9128,0.9755531549453735,1,1,unlabeled
9129,3.4234748454764485e-05,0,0,unlabeled
9130,0.998814582824707,1,1,unlabeled
9131,0.9989307522773743,1,1,val
9132,1.4085114798945142e-06,0,0,unlabeled
9133,0.00016196377691812813,0,0,unlabeled
9134,1.8151764606955112e-06,0,0,unlabeled
9135,0.9991338849067688,1,1,unlabeled
9136,0.000491656013764441,0,0,train
9137,2.9200166409282247e-06,0,0,unlabeled
9138,2.2110616555437446e-06,0,0,unlabeled
9139,0.0001868562976596877,0,0,unlabeled
9140,2.677885049706674e-06,0,0,unlabeled
9141,5.069871917839919e-07,0,0,unlabeled
9142,1.3194062375987414e-07,0,0,unlabeled
9143,0.9994543194770813,1,1,unlabeled
9144,4.4084922024012485e-07,0,0,unlabeled
9145,1.2824001714761835e-05,0,0,unlabeled
9146,2.6526274155003193e-07,0,0,unlabeled
9147,1.2099072819182766e-06,0,0,unlabeled
9148,2.790666460937563e-13,0,0,unlabeled
9149,0.9972094893455505,1,1,unlabeled
9150,1.267499101231806e-06,0,0,unlabeled
9151,3.1430529361387016e-06,0,0,unlabeled
9152,1.737548132041411e-06,0,0,unlabeled
9153,3.7848775491511333e-07,0,0,unlabeled
9154,1.8754451502900338e-06,0,0,unlabeled
9155,9.686908924777526e-06,0,0,unlabeled
9156,0.00027902756119146943,0,0,unlabeled
9157,7.916877393654431e-07,0,0,train
9158,1.916881046781782e-06,0,0,unlabeled
9159,1.0061112404628151e-14,0,0,unlabeled
9160,7.325886599574005e-06,0,0,train
9161,4.236396478063398e-07,0,0,unlabeled
9162,2.5151555746560916e-05,0,0,unlabeled
9163,4.057270780322142e-05,0,0,unlabeled
9164,5.042486736783758e-05,0,0,unlabeled
9165,3.389017001609318e-05,0,0,unlabeled
9166,2.0825984847760992e-06,0,0,unlabeled
9167,0.9982178807258606,1,1,unlabeled
9168,3.1958472845872166e-06,0,0,unlabeled
9169,0.9979022741317749,1,1,unlabeled
9170,1.7637174778428744e-06,0,0,unlabeled
9171,0.0016207959270104766,0,0,unlabeled
9172,0.012506796047091484,0,0,unlabeled
9173,0.999272882938385,1,1,val
9174,0.9966477751731873,1,1,unlabeled
9175,6.777959629162381e-17,0,0,unlabeled
9176,0.011220527812838554,0,0,train
9177,0.998263418674469,1,1,unlabeled
9178,0.04040348529815674,0,0,unlabeled
9179,7.33375345589593e-05,0,0,unlabeled
9180,0.9968680739402771,1,1,unlabeled
9181,1.179484243607476e-07,0,0,unlabeled
9182,1.8807390006259084e-05,0,0,train
9183,1.7672666672297055e-06,0,0,train
9184,7.658742106286809e-05,0,0,unlabeled
9185,6.320953980321065e-05,0,0,unlabeled
9186,0.9973788261413574,1,1,unlabeled
9187,3.457462753431173e-06,0,0,unlabeled
9188,4.46867261416628e-06,0,0,unlabeled
9189,7.354239528467588e-07,0,0,unlabeled
9190,1.4549668776453473e-06,0,0,unlabeled
9191,4.586779141391162e-06,0,0,unlabeled
9192,1.82234387580138e-07,0,0,train
9193,0.002260109642520547,0,0,unlabeled
9194,0.01909007877111435,0,0,unlabeled
9195,3.51685253008327e-06,0,0,unlabeled
9196,1.8583125438453862e-06,0,0,unlabeled
9197,0.9984147548675537,1,1,unlabeled
9198,9.295154086430557e-06,0,0,unlabeled
9199,1.4199440556694753e-07,0,0,train
9200,1.0556014785834122e-05,0,0,unlabeled
9201,0.9992468357086182,1,1,train
9202,1.2993515156267677e-05,0,0,unlabeled
9203,8.92085226951167e-05,0,0,unlabeled
9204,5.168094503460452e-06,0,0,unlabeled
9205,7.184337960097764e-07,0,0,unlabeled
9206,6.7040359681413975e-06,0,0,unlabeled
9207,1.0758070823069232e-10,0,0,unlabeled
9208,7.145846029743552e-05,0,0,unlabeled
9209,7.953878957778215e-05,0,0,unlabeled
9210,2.9200166409282247e-06,0,0,unlabeled
9211,0.0003996308078058064,0,0,train
9212,0.9965421557426453,1,1,unlabeled
9213,8.827915735309944e-06,0,0,unlabeled
9214,1.3115268302499317e-06,0,0,unlabeled
9215,2.2675874333799584e-06,0,0,unlabeled
9216,0.9986345171928406,1,1,unlabeled
9217,9.40902168622415e-07,0,0,unlabeled
9218,7.657397509319708e-05,0,0,unlabeled
9219,1.2815039553970564e-05,0,0,unlabeled
9220,0.9526780843734741,1,0,train
9221,0.00014413666212931275,0,0,unlabeled
9222,9.54983988776803e-07,0,0,unlabeled
9223,4.057270780322142e-05,0,0,unlabeled
9224,1.226888798555592e-05,0,0,unlabeled
9225,6.0141806898172945e-05,0,0,unlabeled
9226,0.00020502839470282197,0,0,unlabeled
9227,0.0033628931269049644,0,0,unlabeled
9228,1.984195660043042e-05,0,0,train
9229,7.559278310509399e-05,0,0,unlabeled
9230,0.9977815747261047,1,1,unlabeled
9231,0.997502863407135,1,1,unlabeled
9232,0.9988129138946533,1,1,unlabeled
9233,2.4654627850395627e-05,0,0,unlabeled
9234,1.9487042663968168e-05,0,0,train
9235,3.6167946291243425e-06,0,0,unlabeled
9236,0.0010943542001768947,0,0,val
9237,3.389017001609318e-05,0,0,train
9238,9.199021587846801e-05,0,0,unlabeled
9239,5.1699826144613326e-06,0,0,unlabeled
9240,2.606896361105615e-15,0,0,unlabeled
9241,4.3031734094256535e-05,0,0,unlabeled
9242,1.2820106576327817e-06,0,0,unlabeled
9243,2.4312814730365062e-06,0,0,unlabeled
9244,2.4165143258869648e-05,0,0,val
9245,0.00018091421225108206,0,0,unlabeled
9246,0.00023245843476615846,0,0,unlabeled
9247,0.9975680708885193,1,1,unlabeled
9248,0.008781067095696926,0,0,unlabeled
9249,7.658742106286809e-05,0,0,unlabeled
9250,2.19466951278946e-08,0,0,train
9251,1.776179124135524e-05,0,0,unlabeled
9252,2.0563975340337493e-05,0,0,unlabeled
9253,5.775521003670292e-06,0,0,unlabeled
9254,2.033298414971796e-06,0,0,unlabeled
9255,5.986446467431961e-07,0,0,unlabeled
9256,0.960019052028656,1,1,unlabeled
9257,1.978310137928929e-06,0,0,unlabeled
9258,0.9979066848754883,1,1,unlabeled
9259,4.8171223170356825e-06,0,0,val
9260,1.0067309119676793e-07,0,0,val
9261,0.9931268692016602,1,1,val
9262,1.0049348020402249e-05,0,0,unlabeled
9263,3.280435521446634e-06,0,0,unlabeled
9264,6.54279428999871e-05,0,0,unlabeled
9265,0.00027167267398908734,0,0,unlabeled
9266,0.9979477524757385,1,1,train
9267,1.1807975170086138e-05,0,0,unlabeled
9268,0.00023245843476615846,0,0,train
9269,0.013347196392714977,0,0,unlabeled
9270,0.9829310774803162,1,1,train
9271,3.3617353692450003e-12,0,0,unlabeled
9272,1.3331830814422574e-05,0,0,unlabeled
9273,1.834100089581625e-06,0,0,train
9274,6.732997007929953e-06,0,0,train
9275,2.2220358175673027e-07,0,0,unlabeled
9276,2.727621904341504e-05,0,0,unlabeled
9277,0.00020145949383731931,0,0,train
9278,8.248074664152227e-06,0,0,unlabeled
9279,9.400960720995499e-08,0,0,unlabeled
9280,2.577535269665532e-07,0,0,train
9281,1.4515904695144854e-05,0,0,unlabeled
9282,1.9390326997381635e-06,0,0,unlabeled
9283,6.070583822292974e-06,0,0,unlabeled
9284,0.9862781167030334,1,1,unlabeled
9285,0.9983803033828735,1,1,train
9286,2.0726816728711128e-05,0,0,unlabeled
9287,1.3034397852607071e-05,0,0,unlabeled
9288,5.9870511904591694e-05,0,0,unlabeled
9289,2.0258328277122928e-06,0,0,unlabeled
9290,0.9969315528869629,1,1,unlabeled
9291,7.765648124546942e-10,0,0,val
9292,2.3691747628618032e-05,0,0,train
9293,1.7221091184183024e-05,0,0,train
9294,0.9984270334243774,1,1,unlabeled
9295,1.8263519905303838e-06,0,0,unlabeled
9296,8.229523700720165e-06,0,0,val
9297,0.9991872906684875,1,1,train
9298,1.2430057722667698e-05,0,0,unlabeled
9299,7.457555057044374e-06,0,0,unlabeled
9300,7.079783441740323e-18,0,0,unlabeled
9301,2.1507210476556793e-05,0,0,unlabeled
9302,0.9977238774299622,1,1,unlabeled
9303,0.0001349742233287543,0,0,unlabeled
9304,0.998201847076416,1,1,train
9305,2.4588785890955478e-05,0,0,unlabeled
9306,0.9991177916526794,1,1,unlabeled
9307,1.722360320854932e-05,0,0,unlabeled
9308,0.00023853761376813054,0,0,unlabeled
9309,9.380530627822736e-07,0,0,unlabeled
9310,0.9613046646118164,1,1,unlabeled
9311,6.993654011466788e-08,0,0,unlabeled
9312,7.005755833233707e-07,0,0,unlabeled
9313,2.2055488903777026e-17,0,0,unlabeled
9314,2.1588139986761234e-07,0,0,unlabeled
9315,6.070583822292974e-06,0,0,unlabeled
9316,4.347137291915715e-05,0,0,unlabeled
9317,0.9921099543571472,1,1,unlabeled
9318,1.2092314136680216e-05,0,0,unlabeled
9319,3.2132072647073073e-07,0,0,train
9320,1.3535890275306883e-06,0,0,unlabeled
9321,5.7295670558232814e-05,0,0,unlabeled
9322,0.997752845287323,1,1,unlabeled
9323,3.7617969610437285e-06,0,0,train
9324,0.9947697520256042,1,1,unlabeled
9325,0.00969797931611538,0,0,unlabeled
9326,9.855465350483428e-07,0,0,unlabeled
9327,0.998150646686554,1,1,unlabeled
9328,0.9988136291503906,1,1,unlabeled
9329,6.262970418902114e-05,0,0,unlabeled
9330,5.9870511904591694e-05,0,0,unlabeled
9331,0.001364109804853797,0,0,unlabeled
9332,9.42387487157248e-07,0,0,train
9333,1.0982105777657125e-05,0,0,unlabeled
9334,2.2952206563786604e-05,0,0,unlabeled
9335,2.849862312359619e-06,0,0,unlabeled
9336,2.5098008791246684e-06,0,0,unlabeled
9337,0.9785568118095398,1,1,unlabeled
9338,6.366316029016161e-06,0,0,unlabeled
9339,0.00038664796738885343,0,0,unlabeled
9340,7.33375345589593e-05,0,0,unlabeled
9341,0.9974984526634216,1,1,unlabeled
9342,0.997346043586731,1,1,unlabeled
9343,2.4564662908233004e-06,0,0,unlabeled
9344,1.959077508217888e-06,0,0,unlabeled
9345,0.9756864905357361,1,1,unlabeled
9346,4.662579613068374e-06,0,0,unlabeled
9347,2.23514166464156e-06,0,0,unlabeled
9348,0.998319685459137,1,1,unlabeled
9349,0.9991105198860168,1,1,unlabeled
9350,0.003433255245909095,0,0,train
9351,9.462572165830352e-07,0,0,train
9352,6.448167550843209e-05,0,0,unlabeled
9353,4.656082523979421e-07,0,0,unlabeled
9354,0.9990381002426147,1,1,unlabeled
9355,1.214860390064132e-06,0,0,train
9356,4.353990779026873e-10,0,0,unlabeled
9357,7.029359039734118e-06,0,0,unlabeled
9358,8.93316780548048e-07,0,0,unlabeled
9359,0.9980858564376831,1,1,unlabeled
9360,0.00033819954842329025,0,0,unlabeled
9361,0.00027902756119146943,0,0,unlabeled
9362,0.9992214441299438,1,1,unlabeled
9363,1.3402531067185919e-06,0,0,unlabeled
9364,8.053845590438868e-07,0,0,train
9365,0.9986385703086853,1,1,unlabeled
9366,4.2196570575470105e-06,0,0,train
9367,0.9986461997032166,1,1,unlabeled
9368,9.865142601483967e-06,0,0,train
9369,1.8841499695554376e-05,0,0,val
9370,0.999567449092865,1,1,unlabeled
9371,1.2365978463435567e-08,0,0,unlabeled
9372,1.4347147043736186e-06,0,0,unlabeled
9373,0.9981951117515564,1,1,train
9374,3.1863692129263654e-05,0,0,unlabeled
9375,0.0001262910373043269,0,0,unlabeled
9376,3.4106285511370515e-06,0,0,unlabeled
9377,7.300028528334224e-07,0,0,unlabeled
9378,9.902800957206637e-05,0,0,unlabeled
9379,6.285500603553373e-06,0,0,unlabeled
9380,0.00027167267398908734,0,0,unlabeled
9381,7.160924297977544e-08,0,0,train
9382,1.8824581275111996e-05,0,0,unlabeled
9383,6.358367500070017e-06,0,0,unlabeled
9384,0.9977510571479797,1,1,unlabeled
9385,2.848783424269641e-06,0,0,train
9386,6.906337546297436e-08,0,0,unlabeled
9387,0.00986990612000227,0,0,unlabeled
9388,1.8381855682036985e-07,0,0,val
9389,2.459171128066373e-06,0,0,unlabeled
9390,0.9995928406715393,1,1,train
9391,0.9987339377403259,1,1,unlabeled
9392,1.2884619536635e-05,0,0,unlabeled
9393,1.3657565432367846e-05,0,0,unlabeled
9394,0.9983717799186707,1,1,train
9395,0.007903652265667915,0,0,unlabeled
9396,0.00014853379980195314,0,0,unlabeled
9397,4.592464847519295e-06,0,0,train
9398,2.5815108983806567e-06,0,0,unlabeled
9399,2.9363856810959987e-05,0,0,unlabeled
9400,1.719952251733048e-07,0,0,unlabeled
9401,0.9992214441299438,1,1,unlabeled
9402,7.18002556823194e-05,0,0,unlabeled
9403,4.9171596572250564e-08,0,0,unlabeled
9404,0.9966464638710022,1,1,train
9405,0.98405522108078,1,1,unlabeled
9406,0.9951593279838562,1,1,unlabeled
9407,0.003274350194260478,0,0,unlabeled
9408,5.936908110015793e-06,0,0,train
9409,3.331163952680072e-06,0,0,train
9410,0.9978868365287781,1,1,unlabeled
9411,6.768152047698095e-07,0,0,unlabeled
9412,2.1960213416605256e-05,0,0,unlabeled
9413,4.032962852562605e-10,0,0,unlabeled
9414,1.1947048733418342e-05,0,0,unlabeled
9415,0.0002022347180172801,0,0,val
9416,7.918350206637115e-07,0,0,unlabeled
9417,4.330206024860672e-07,0,0,unlabeled
9418,0.9990015625953674,1,1,unlabeled
9419,2.3091901368843537e-07,0,0,unlabeled
9420,1.5650593923055567e-06,0,0,unlabeled
9421,0.000291200092760846,0,0,train
9422,0.00016581302043050528,0,0,val
9423,5.9870511904591694e-05,0,0,unlabeled
9424,1.0153328730666544e-05,0,0,unlabeled
9425,2.368925038354064e-07,0,0,val
9426,3.942102921428159e-06,0,0,train
9427,2.759581184363924e-05,0,0,unlabeled
9428,4.465510130557959e-07,0,0,val
9429,0.9992213249206543,1,1,unlabeled
9430,0.9987736344337463,1,1,unlabeled
9431,4.959153443451214e-07,0,0,unlabeled
9432,1.3697746226171148e-06,0,0,unlabeled
9433,3.7010486266808584e-05,0,0,unlabeled
9434,0.9712698459625244,1,1,train
9435,0.019256800413131714,0,0,unlabeled
9436,9.155770385405049e-06,0,0,unlabeled
9437,5.380796574172564e-05,0,0,unlabeled
9438,0.0031195487827062607,0,0,unlabeled
9439,2.2952206563786604e-05,0,0,train
9440,0.9980108141899109,1,1,unlabeled
9441,2.937092631327687e-07,0,0,unlabeled
9442,1.1049760360037908e-06,0,0,unlabeled
9443,5.3060634854773525e-06,0,0,unlabeled
9444,0.9984240531921387,1,1,val
9445,0.9970163106918335,1,1,train
9446,5.988855264149606e-06,0,0,unlabeled
9447,5.824333015880256e-07,0,0,unlabeled
9448,0.0011768920812755823,0,0,unlabeled
9449,7.991070560819935e-07,0,0,unlabeled
9450,3.820884497685029e-09,0,0,unlabeled
9451,0.000926370732486248,0,0,unlabeled
9452,5.787645136479114e-07,0,0,unlabeled
9453,0.9992387294769287,1,1,val
9454,1.2092314136680216e-05,0,0,unlabeled
9455,0.00010091319563798606,0,0,unlabeled
9456,2.7833339117933065e-05,0,0,unlabeled
9457,2.5220037969120312e-06,0,0,unlabeled
9458,6.384748729715284e-08,0,0,unlabeled
9459,6.842326456535375e-06,0,0,unlabeled
9460,2.059036660284619e-06,0,0,unlabeled
9461,0.9972767233848572,1,1,val
9462,1.032013551593991e-05,0,0,unlabeled
9463,4.4081994019506965e-06,0,0,unlabeled
9464,4.373053525341675e-05,0,0,unlabeled
9465,1.737548132041411e-06,0,0,unlabeled
9466,2.3758241241012e-06,0,0,unlabeled
9467,2.1769277736893855e-05,0,0,unlabeled
9468,1.0150328307645395e-05,0,0,unlabeled
9469,5.7295670558232814e-05,0,0,unlabeled
9470,1.806996692721441e-06,0,0,unlabeled
9471,8.616229507651951e-09,0,0,train
9472,2.390639792793081e-07,0,0,unlabeled
9473,3.0908038752386346e-05,0,0,unlabeled
9474,0.9989194869995117,1,1,unlabeled
9475,3.749132474695216e-06,0,0,unlabeled
9476,0.00027902756119146943,0,0,train
9477,0.0001453473378205672,0,0,train
9478,1.0720856153056957e-05,0,0,val
9479,0.9906731247901917,1,0,unlabeled
9480,0.9985954165458679,1,1,train
9481,0.9776433110237122,1,1,unlabeled
9482,3.4219040117022814e-06,0,0,unlabeled
9483,0.00036042628926225007,0,0,unlabeled
9484,0.9492831230163574,1,1,train
9485,0.9995272159576416,1,1,unlabeled
9486,0.987047553062439,1,1,val
9487,0.9964447617530823,1,1,train
9488,1.0966990657834685e-06,0,0,unlabeled
9489,1.967208390851738e-06,0,0,unlabeled
9490,0.00032392930006608367,0,0,unlabeled
9491,0.00043424018076620996,0,0,train
9492,0.0001676506653893739,0,0,unlabeled
9493,3.0808045266894624e-05,0,0,unlabeled
9494,4.255746262060711e-06,0,0,val
9495,5.519728074432351e-05,0,0,unlabeled
9496,1.696288109087618e-06,0,0,train
9497,9.072704898471784e-08,0,0,train
9498,3.6548001389746787e-06,0,0,unlabeled
9499,2.4905088480409177e-07,0,0,unlabeled
9500,0.022353079169988632,0,0,unlabeled
9501,2.935341854026774e-06,0,0,train
9502,1.0119282706000376e-05,0,0,val
9503,1.8449665617481514e-07,0,0,unlabeled
9504,2.0142215362284333e-05,0,0,train
9505,0.9968962669372559,1,1,unlabeled
9506,0.9989168643951416,1,1,unlabeled
9507,0.9991287589073181,1,1,val
9508,2.050893999694381e-05,0,0,unlabeled
9509,0.0001338154834229499,0,0,unlabeled
9510,0.9987630844116211,1,1,unlabeled
9511,1.397978167005931e-06,0,0,unlabeled
9512,7.712877049925737e-06,0,0,unlabeled
9513,1.978310137928929e-06,0,0,unlabeled
9514,0.9992591738700867,1,1,unlabeled
9515,1.3355181636143243e-06,0,0,unlabeled
9516,0.9951193332672119,1,1,unlabeled
9517,0.9994156360626221,1,1,unlabeled
9518,1.0023084541899152e-05,0,0,unlabeled
9519,0.020693380385637283,0,0,unlabeled
9520,4.347132926341146e-05,0,0,unlabeled
9521,0.9986670017242432,1,1,unlabeled
9522,9.675452020019293e-06,0,0,train
9523,4.689913839683868e-05,0,0,unlabeled
9524,3.627475962275639e-06,0,0,unlabeled
9525,0.0001988311269087717,0,0,train
9526,3.4932597259285103e-07,0,0,unlabeled
9527,7.18002556823194e-05,0,0,unlabeled
9528,0.9996067881584167,1,1,unlabeled
9529,3.945453954656841e-06,0,0,val
9530,4.21661461587064e-05,0,0,unlabeled
9531,0.9987480640411377,1,1,unlabeled
9532,3.4988610764230543e-07,0,0,unlabeled
9533,9.199021587846801e-05,0,0,unlabeled
9534,0.000944051775150001,0,0,unlabeled
9535,1.3341192470761598e-06,0,0,unlabeled
9536,0.9991229176521301,1,1,val
9537,0.00010334239050280303,0,0,unlabeled
9538,0.9976601600646973,1,1,unlabeled
9539,0.9648547172546387,1,1,train
9540,0.9992364645004272,1,1,unlabeled
9541,7.559278310509399e-05,0,0,unlabeled
9542,2.1683001705241622e-06,0,0,unlabeled
9543,0.9990166425704956,1,1,unlabeled
9544,2.1941227714705747e-06,0,0,unlabeled
9545,8.372303273063153e-05,0,0,unlabeled
9546,0.0005567054031416774,0,0,unlabeled
9547,1.4524295693263412e-05,0,0,unlabeled
9548,5.616723501589149e-05,0,0,train
9549,0.0020413014572113752,0,0,unlabeled
9550,4.9996513553196564e-05,0,0,unlabeled
9551,0.00014189314970280975,0,0,unlabeled
9552,0.017344551160931587,0,0,unlabeled
9553,5.07163576912717e-06,0,0,unlabeled
9554,1.15840866783401e-05,0,0,train
9555,2.0809397938137408e-07,0,0,unlabeled
9556,0.0003996308078058064,0,0,unlabeled
9557,0.9989319443702698,1,1,unlabeled
9558,3.6056915178050986e-06,0,0,unlabeled
9559,2.1381035253398295e-07,0,0,train
9560,0.01771615631878376,0,0,unlabeled
9561,9.106634388444945e-05,0,0,train
9562,0.9676358103752136,1,1,train
9563,5.420282104751095e-05,0,0,train
9564,7.472548986697802e-06,0,0,unlabeled
9565,3.43105748470407e-05,0,0,unlabeled
9566,4.4607384097616887e-07,0,0,unlabeled
9567,0.9971855282783508,1,1,unlabeled
9568,3.173620279994793e-05,0,0,train
9569,1.035967670759419e-05,0,0,train
9570,0.0009949271334335208,0,0,unlabeled
9571,0.9879789352416992,1,1,train
9572,0.9992850422859192,1,1,unlabeled
9573,0.00018219384946860373,0,0,unlabeled
9574,3.779014434712735e-09,0,0,unlabeled
9575,1.1432907740527298e-06,0,0,unlabeled
9576,2.10228520813871e-07,0,0,unlabeled
9577,0.964626133441925,1,1,unlabeled
9578,1.8838072719518095e-06,0,0,unlabeled
9579,7.184337960097764e-07,0,0,unlabeled
9580,0.002078751567751169,0,0,train
9581,0.97086101770401,1,1,unlabeled
9582,1.746961864057539e-08,0,0,unlabeled
9583,1.7707321831039735e-07,0,0,unlabeled
9584,5.380796574172564e-05,0,0,unlabeled
9585,0.9987290501594543,1,1,unlabeled
9586,0.0001262910373043269,0,0,unlabeled
9587,0.00026018868084065616,0,0,unlabeled
9588,2.3289453565666918e-06,0,0,unlabeled
9589,0.9990034699440002,1,1,train
9590,0.9986751675605774,1,1,train
9591,2.919279040725087e-07,0,0,unlabeled
9592,3.982166163041256e-06,0,0,unlabeled
9593,2.550167891968158e-06,0,0,unlabeled
9594,0.28247907757759094,0,0,val
9595,3.4349236557318363e-06,0,0,unlabeled
9596,0.9992252588272095,1,1,unlabeled
9597,0.015130252577364445,0,0,unlabeled
9598,0.9983305335044861,1,1,unlabeled
9599,0.009211258962750435,0,0,unlabeled
9600,0.0021545537747442722,0,0,train
9601,1.803056193239172e-06,0,0,unlabeled
9602,1.8725426116361632e-06,0,0,unlabeled
9603,1.2824001714761835e-05,0,0,unlabeled
9604,3.767095904549933e-06,0,0,val
9605,0.9892352223396301,1,1,unlabeled
9606,6.1048604038660415e-06,0,0,unlabeled
9607,5.143666840012884e-06,0,0,unlabeled
9608,0.0029585398733615875,0,0,train
9609,1.1325665582262445e-05,0,0,train
9610,9.5964041975094e-06,0,0,unlabeled
9611,1.9420736862230115e-05,0,0,unlabeled
9612,6.348254828481004e-06,0,0,unlabeled
9613,1.7558850231580436e-06,0,0,unlabeled
9614,8.248074664152227e-06,0,0,unlabeled
9615,7.145846029743552e-05,0,0,train
9616,1.7462427877035225e-06,0,0,unlabeled
9617,5.071370878795278e-07,0,0,unlabeled
9618,5.89034789300058e-06,0,0,unlabeled
9619,0.9942566752433777,1,1,train
9620,1.676919055171311e-06,0,0,val
9621,0.001496247947216034,0,0,unlabeled
9622,1.2650556868720741e-07,0,0,unlabeled
9623,9.352115739602596e-07,0,0,val
9624,5.282103643367009e-07,0,0,unlabeled
9625,2.8684855806204723e-06,0,0,unlabeled
9626,5.294472884997958e-06,0,0,unlabeled
9627,7.654000910406467e-06,0,0,unlabeled
9628,9.418244007974863e-05,0,0,unlabeled
9629,5.071370878795278e-07,0,0,unlabeled
9630,0.9976648092269897,1,1,unlabeled
9631,2.6463737867743475e-06,0,0,unlabeled
9632,1.9914619770133868e-05,0,0,train
9633,5.889904059586115e-05,0,0,unlabeled
9634,0.0060206446796655655,0,0,unlabeled
9635,0.9957199692726135,1,1,val
9636,6.484455661848187e-05,0,0,unlabeled
9637,8.545734999643173e-06,0,0,val
9638,0.0006492182146757841,0,0,unlabeled
9639,0.9962474703788757,1,1,unlabeled
9640,1.7829102034738753e-06,0,0,unlabeled
9641,3.0908038752386346e-05,0,0,train
9642,3.5215376215091965e-07,0,0,train
9643,2.834577344401623e-06,0,0,unlabeled
9644,1.1504405392770423e-06,0,0,val
9645,0.0003717611252795905,0,0,unlabeled
9646,2.0726816728711128e-05,0,0,unlabeled
9647,0.9976724982261658,1,1,unlabeled
9648,3.8817492509224394e-07,0,0,train
9649,5.294472884997958e-06,0,0,unlabeled
9650,6.047551778465277e-06,0,0,unlabeled
9651,2.4261325961560942e-06,0,0,unlabeled
9652,2.765676470062317e-07,0,0,unlabeled
9653,6.236232366063632e-07,0,0,unlabeled
9654,3.7901838823017897e-07,0,0,unlabeled
9655,1.5739112768642372e-06,0,0,unlabeled
9656,3.465318513917737e-05,0,0,unlabeled
9657,5.9870511904591694e-05,0,0,unlabeled
9658,7.1468675741925836e-06,0,0,train
9659,0.9986536502838135,1,1,unlabeled
9660,4.438909672899172e-05,0,0,unlabeled
9661,5.568695087276865e-07,0,0,val
9662,5.642823907692218e-06,0,0,val
9663,0.9997205138206482,1,1,val
9664,2.279394522020084e-07,0,0,unlabeled
9665,5.207403592066839e-05,0,0,unlabeled
9666,4.626122063200455e-07,0,0,train
9667,0.9962474703788757,1,1,unlabeled
9668,7.81047191367179e-08,0,0,unlabeled
9669,0.9982523322105408,1,1,unlabeled
9670,2.7319076707499335e-06,0,0,unlabeled
9671,0.00027167267398908734,0,0,unlabeled
9672,1.1181375157320872e-05,0,0,unlabeled
9673,2.7203745958104264e-06,0,0,train
9674,0.998969316482544,1,1,unlabeled
9675,0.0003996310115326196,0,0,train
9676,1.5028710720343952e-07,0,0,unlabeled
9677,9.199021587846801e-05,0,0,unlabeled
9678,7.658742106286809e-05,0,0,unlabeled
9679,2.059207508864347e-05,0,0,unlabeled
9680,0.0001069896316039376,0,0,unlabeled
9681,0.00027192066772840917,0,0,train
9682,1.9225643654863234e-07,0,0,unlabeled
9683,1.7407558061677264e-06,0,0,unlabeled
9684,1.6841087244756636e-06,0,0,unlabeled
9685,6.246146767807659e-06,0,0,unlabeled
9686,6.211521395016462e-06,0,0,unlabeled
9687,4.2114912503166124e-05,0,0,train
9688,1.3625448218590464e-06,0,0,unlabeled
9689,0.993192732334137,1,1,unlabeled
9690,3.6307776554167503e-06,0,0,unlabeled
9691,2.0231385860824957e-05,0,0,unlabeled
9692,6.1684804677497596e-06,0,0,val
9693,5.814089035993675e-06,0,0,unlabeled
9694,9.028527188092994e-07,0,0,unlabeled
9695,0.0007308988715521991,0,0,unlabeled
9696,2.279394522020084e-07,0,0,unlabeled
9697,2.129412308704559e-07,0,0,unlabeled
9698,4.186679871054366e-05,0,0,unlabeled
9699,7.452210376568402e-11,0,0,unlabeled
9700,0.00027167267398908734,0,0,unlabeled
9701,6.309381888058851e-07,0,0,unlabeled
9702,0.9645928740501404,1,1,val
9703,4.479215476749232e-06,0,0,val
9704,5.883751327928621e-06,0,0,unlabeled
9705,5.7295670558232814e-05,0,0,unlabeled
9706,1.7761994968168437e-05,0,0,unlabeled
9707,0.9883147478103638,1,1,unlabeled
9708,9.902800957206637e-05,0,0,unlabeled
9709,0.0009653433226048946,0,0,unlabeled
9710,6.175067028379999e-06,0,0,train
9711,0.9952197670936584,1,1,unlabeled
9712,0.9990447163581848,1,1,unlabeled
9713,7.615728350174322e-07,0,0,unlabeled
9714,0.00018091421225108206,0,0,train
9715,8.026362047530711e-05,0,0,unlabeled
9716,7.658742106286809e-05,0,0,unlabeled
9717,6.448167550843209e-05,0,0,unlabeled
9718,9.199021587846801e-05,0,0,unlabeled
9719,3.0189199605956674e-05,0,0,unlabeled
9720,4.2114912503166124e-05,0,0,unlabeled
9721,0.0005051348125562072,0,0,train
9722,3.1227482395479456e-05,0,0,unlabeled
9723,1.44514831390552e-06,0,0,train
9724,0.9963465332984924,1,1,unlabeled
9725,4.109870587853948e-06,0,0,train
9726,1.3723033589485567e-06,0,0,unlabeled
9727,0.9633477926254272,1,1,train
9728,0.9992318153381348,1,1,unlabeled
9729,7.657397509319708e-05,0,0,unlabeled
9730,3.3647138479864225e-06,0,0,unlabeled
9731,3.5573687000578502e-06,0,0,train
9732,2.1930538982029013e-12,0,0,unlabeled
9733,1.940509355335962e-05,0,0,unlabeled
9734,1.3126507838023826e-05,0,0,unlabeled
9735,0.9882950782775879,1,1,unlabeled
9736,7.85562860983191e-06,0,0,train
9737,3.616429239627905e-06,0,0,unlabeled
9738,0.9980568289756775,1,1,unlabeled
9739,1.974448196051526e-06,0,0,unlabeled
9740,5.518415491678752e-06,0,0,unlabeled
9741,0.9962982535362244,1,1,unlabeled
9742,2.8990316423005424e-05,0,0,val
9743,7.112750211035745e-08,0,0,unlabeled
9744,2.521909300412517e-05,0,0,unlabeled
9745,9.345554303763492e-07,0,0,unlabeled
9746,9.0719930767591e-07,0,0,unlabeled
9747,0.0009105044882744551,0,0,unlabeled
9748,4.252656822245626e-07,0,0,train
9749,1.4768192158953752e-05,0,0,unlabeled
9750,1.4118491264980548e-07,0,0,unlabeled
9751,0.9940203428268433,1,1,unlabeled
9752,1.7867419046524446e-06,0,0,unlabeled
9753,0.9994780421257019,1,1,unlabeled
9754,0.996278703212738,1,1,unlabeled
9755,0.0001385123177897185,0,0,unlabeled
9756,1.113859070756007e-06,0,0,train
9757,2.3003244677965995e-06,0,0,train
9758,7.699586603848729e-07,0,0,unlabeled
9759,1.6544640857318882e-06,0,0,unlabeled
9760,7.321419275285734e-07,0,0,train
9761,1.2884619536635e-05,0,0,unlabeled
9762,1.2747848359140335e-06,0,0,val
9763,5.896401376048743e-07,0,0,unlabeled
9764,3.930484581360361e-06,0,0,unlabeled
9765,7.07474214323156e-07,0,0,unlabeled
9766,0.00020709115779027343,0,0,train
9767,9.855465350483428e-07,0,0,unlabeled
9768,0.003766142064705491,0,0,train
9769,0.9957862496376038,1,1,unlabeled
9770,3.9464061956095975e-06,0,0,unlabeled
9771,0.9965835809707642,1,1,unlabeled
9772,0.0001338154834229499,0,0,unlabeled
9773,0.9989448189735413,1,1,unlabeled
9774,5.518415491678752e-06,0,0,unlabeled
9775,1.2580660495586926e-06,0,0,unlabeled
9776,0.0007246776367537677,0,0,unlabeled
9777,4.4149544464744395e-07,0,0,unlabeled
9778,0.9991409778594971,1,1,unlabeled
9779,0.00027167267398908734,0,0,unlabeled
9780,5.89034789300058e-06,0,0,unlabeled
9781,0.00029981147963553667,0,0,unlabeled
9782,2.4588785890955478e-05,0,0,train
9783,4.3460368033265695e-06,0,0,unlabeled
9784,4.771228304889519e-06,0,0,unlabeled
9785,2.2670662929158425e-06,0,0,unlabeled
9786,1.1887185564773972e-06,0,0,unlabeled
9787,0.9984402060508728,1,1,unlabeled
9788,1.3910495226809871e-06,0,0,unlabeled
9789,3.0098642582743196e-06,0,0,unlabeled
9790,0.9936761260032654,1,1,unlabeled
9791,3.144305810565129e-05,0,0,unlabeled
9792,7.18002556823194e-05,0,0,unlabeled
9793,2.2010158318153117e-06,0,0,unlabeled
9794,2.4588785890955478e-05,0,0,unlabeled
9795,1.0308353921573143e-06,0,0,unlabeled
9796,0.00028946512611582875,0,0,unlabeled
9797,4.72601914225379e-06,0,0,unlabeled
9798,0.0009204499656334519,0,0,train
9799,1.1021428463209304e-06,0,0,unlabeled
9800,0.009330934844911098,0,0,unlabeled
9801,1.2255253523107967e-06,0,0,unlabeled
9802,4.308949428377673e-07,0,0,unlabeled
9803,1.4869169717712793e-06,0,0,train
9804,6.447781743190717e-06,0,0,train
9805,2.1240517526166514e-05,0,0,train
9806,0.9960141181945801,1,1,unlabeled
9807,8.354469116511609e-08,0,0,unlabeled
9808,0.9991282820701599,1,1,train
9809,0.011065853759646416,0,0,unlabeled
9810,0.9968171715736389,1,1,unlabeled
9811,6.929123628651723e-06,0,0,unlabeled
9812,3.417707557673566e-05,0,0,unlabeled
9813,0.0001349742233287543,0,0,val
9814,1.3295618828124134e-06,0,0,unlabeled
9815,0.32572996616363525,0,0,unlabeled
9816,0.023162493482232094,0,0,unlabeled
9817,1.31264941956033e-05,0,0,train
9818,0.9985495209693909,1,1,unlabeled
9819,1.940509355335962e-05,0,0,train
9820,2.7713089366443455e-05,0,0,unlabeled
9821,3.774978836190712e-07,0,0,unlabeled
9822,0.0006453066016547382,0,0,unlabeled
9823,9.914857400872279e-06,0,0,unlabeled
9824,4.9981385927821975e-06,0,0,unlabeled
9825,0.00010720267164288089,0,0,unlabeled
9826,0.00010698974074330181,0,0,unlabeled
9827,0.9983532428741455,1,1,unlabeled
9828,3.0808045266894624e-05,0,0,unlabeled
9829,2.1717831259593368e-05,0,0,unlabeled
9830,9.231064723280724e-06,0,0,train
9831,9.199021587846801e-05,0,0,unlabeled
9832,6.375570956151932e-05,0,0,unlabeled
9833,2.294365231136908e-06,0,0,unlabeled
9834,1.540661742183147e-06,0,0,unlabeled
9835,3.8678217606502585e-07,0,0,unlabeled
9836,0.9983579516410828,1,1,train
9837,6.54279428999871e-05,0,0,unlabeled
9838,6.668225438488662e-08,0,0,train
9839,3.1452116218133597e-06,0,0,unlabeled
9840,8.937325333135959e-07,0,0,unlabeled
9841,0.00017196232511196285,0,0,unlabeled
9842,6.9674774749728385e-06,0,0,unlabeled
9843,0.999595582485199,1,1,unlabeled
9844,0.9947944283485413,1,1,unlabeled
9845,0.0002169522049371153,0,0,unlabeled
9846,3.939337318570324e-07,0,0,unlabeled
9847,0.9992111921310425,1,1,unlabeled
9848,0.9989913105964661,1,1,train
9849,0.9986987113952637,1,1,unlabeled
9850,3.638122871052474e-05,0,0,unlabeled
9851,5.7295670558232814e-05,0,0,unlabeled
9852,0.017508171498775482,0,0,unlabeled
9853,1.2507849532994442e-05,0,0,unlabeled
9854,0.00018906660261563957,0,0,unlabeled
9855,0.00010334239050280303,0,0,train
9856,0.0001048886842909269,0,0,unlabeled
9857,0.00017742898489814252,0,0,unlabeled
9858,0.000397929223254323,0,0,unlabeled
9859,0.0001770245871739462,0,0,unlabeled
9860,0.9990901947021484,1,1,unlabeled
9861,0.9984322190284729,1,1,unlabeled
9862,0.9967615008354187,1,1,unlabeled
9863,0.9913532137870789,1,1,unlabeled
9864,0.9989773035049438,1,1,unlabeled
9865,1.1561063928411386e-07,0,0,unlabeled
9866,0.03222964331507683,0,0,val
9867,8.564655217924155e-06,0,0,unlabeled
9868,2.4350485546165146e-05,0,0,unlabeled
9869,6.0141806898172945e-05,0,0,unlabeled
9870,1.2729126410704339e-06,0,0,unlabeled
9871,9.853835945250466e-05,0,0,unlabeled
9872,0.9975645542144775,1,1,unlabeled
9873,0.9991938471794128,1,1,unlabeled
9874,8.946016896516085e-05,0,0,unlabeled
9875,8.712690032552928e-05,0,0,train
9876,0.9972533583641052,1,1,unlabeled
9877,2.7048606625612592e-06,0,0,val
9878,0.9934026598930359,1,1,unlabeled
9879,0.9987627267837524,1,1,unlabeled
9880,1.1027452728740172e-06,0,0,unlabeled
9881,6.010076504026074e-06,0,0,unlabeled
9882,6.643534078420998e-08,0,0,unlabeled
9883,2.5707130194230427e-15,0,0,unlabeled
9884,3.616429239627905e-06,0,0,unlabeled
9885,6.636670150328428e-05,0,0,unlabeled
9886,0.012643769383430481,0,0,train
9887,5.454842266772175e-06,0,0,unlabeled
9888,7.658742106286809e-05,0,0,unlabeled
9889,3.144305810565129e-05,0,0,unlabeled
9890,2.50470770879474e-06,0,0,unlabeled
9891,9.439732821192592e-05,0,0,unlabeled
9892,0.9988425374031067,1,1,unlabeled
9893,0.0001294994872296229,0,0,unlabeled
9894,0.9980117082595825,1,1,unlabeled
9895,1.6736710222176043e-06,0,0,unlabeled
9896,0.9992395639419556,1,1,unlabeled
9897,1.8725426116361632e-06,0,0,unlabeled
9898,0.002445990452542901,0,0,unlabeled
9899,0.9969262480735779,1,1,unlabeled
9900,1.639359510363647e-07,0,0,unlabeled
9901,4.347137291915715e-05,0,0,train
9902,0.9986469149589539,1,1,unlabeled
9903,1.1106080819445197e-05,0,0,unlabeled
9904,1.2092314136680216e-05,0,0,unlabeled
9905,0.9989049434661865,1,1,unlabeled
9906,2.291858891112497e-06,0,0,unlabeled
9907,5.938567824159691e-07,0,0,unlabeled
9908,3.144305810565129e-05,0,0,train
9909,5.824638833473728e-07,0,0,unlabeled
9910,2.080099648082978e-06,0,0,unlabeled
9911,0.00036042628926225007,0,0,unlabeled
9912,0.9965183734893799,1,1,unlabeled
9913,0.9990968704223633,1,1,unlabeled
9914,0.9757929444313049,1,1,unlabeled
9915,4.594984147843206e-06,0,0,unlabeled
9916,1.7334351696263184e-06,0,0,unlabeled
9917,1.8322871255804785e-06,0,0,val
9918,1.0360081432736479e-05,0,0,unlabeled
9919,1.384036659146659e-05,0,0,unlabeled
9920,5.404903276939876e-06,0,0,train
9921,1.1091738087998237e-06,0,0,unlabeled
9922,2.1049256247351877e-05,0,0,train
9923,0.00027902756119146943,0,0,val
9924,3.5962991660198895e-06,0,0,unlabeled
9925,8.545734999643173e-06,0,0,train
9926,0.998518168926239,1,1,unlabeled
9927,0.9982796907424927,1,1,unlabeled
9928,0.001091371988877654,0,0,unlabeled
9929,2.5686093876875482e-12,0,0,unlabeled
9930,4.9247814786212984e-06,0,0,unlabeled
9931,3.4234537338306836e-07,0,0,unlabeled
9932,2.7561948172660777e-06,0,0,unlabeled
9933,1.940509355335962e-05,0,0,unlabeled
9934,2.707658749989683e-11,0,0,unlabeled
9935,0.998178243637085,1,1,unlabeled
9936,1.3798647842122591e-06,0,0,unlabeled
9937,6.544436473632231e-06,0,0,unlabeled
9938,0.9268260598182678,1,1,unlabeled
9939,0.9968705773353577,1,1,unlabeled
9940,0.99968421459198,1,1,unlabeled
9941,1.598193648533197e-07,0,0,unlabeled
9942,2.850449163815938e-06,0,0,unlabeled
9943,0.00036042628926225007,0,0,val
9944,0.9995587468147278,1,1,unlabeled
9945,0.00022400676971301436,0,0,unlabeled
9946,7.429480774590047e-06,0,0,unlabeled
9947,6.034152733036535e-08,0,0,unlabeled
9948,0.9988186955451965,1,1,unlabeled
9949,7.429480774590047e-06,0,0,unlabeled
9950,5.380796574172564e-05,0,0,unlabeled
9951,0.0005567054031416774,0,0,unlabeled
9952,2.0726816728711128e-05,0,0,unlabeled
9953,1.0457739335834049e-05,0,0,unlabeled
9954,5.021449851483339e-07,0,0,unlabeled
9955,9.072017746802885e-06,0,0,unlabeled
9956,0.9929065704345703,1,1,unlabeled
9957,7.463360816473141e-06,0,0,unlabeled
9958,4.696898425748941e-10,0,0,unlabeled
9959,0.00040384690510109067,0,0,unlabeled
9960,0.0034886901266872883,0,0,unlabeled
9961,0.9980429410934448,1,1,unlabeled
9962,2.6917163609141426e-07,0,0,unlabeled
9963,0.00035899216891266406,0,0,unlabeled
9964,0.000926370732486248,0,0,val
9965,7.025095616342014e-09,0,0,unlabeled
9966,1.0428151654195972e-05,0,0,val
9967,3.9549667008031975e-07,0,0,unlabeled
9968,0.9797801375389099,1,1,unlabeled
9969,9.455867553266432e-15,0,0,unlabeled
9970,0.999007523059845,1,1,unlabeled
9971,3.0915029469724686e-07,0,0,train
9972,2.516065251256805e-06,0,0,unlabeled
9973,0.9982925057411194,1,1,unlabeled
9974,4.124504812352825e-06,0,0,unlabeled
9975,0.9967716336250305,1,1,unlabeled
9976,3.389017001609318e-05,0,0,unlabeled
9977,7.528873084083898e-06,0,0,unlabeled
9978,4.714378292192123e-07,0,0,unlabeled
9979,7.806620851624757e-05,0,0,unlabeled
9980,2.368925038354064e-07,0,0,unlabeled
9981,0.992333173751831,1,1,train
9982,0.0001262910373043269,0,0,unlabeled
9983,1.5236555555020459e-05,0,0,unlabeled
9984,0.9978790283203125,1,1,unlabeled
9985,6.453845708165318e-05,0,0,train
9986,1.834100089581625e-06,0,0,unlabeled
9987,0.9992227554321289,1,1,train
9988,0.9982328414916992,1,1,val
9989,0.00027167267398908734,0,0,unlabeled
9990,1.460370100403452e-07,0,0,unlabeled
9991,1.6817655534850928e-07,0,0,val
9992,0.9994820952415466,1,1,unlabeled
9993,1.3629256727654138e-06,0,0,train
9994,5.179730919735448e-07,0,0,unlabeled
9995,3.930484581360361e-06,0,0,unlabeled
9996,0.004006112925708294,0,0,unlabeled
9997,6.214011136762565e-07,0,0,unlabeled
9998,8.074970537563786e-06,0,0,unlabeled
9999,0.9979835748672485,1,1,unlabeled
