Original_Index,Anomaly_Score,Detection_Result,True_Label,Split
0,0.8525328040122986,0,0,unlabeled
1,0.00636791717261076,0,0,unlabeled
2,0.00017103005666285753,0,0,unlabeled
3,9.89651307463646e-05,0,0,unlabeled
4,0.3295179009437561,0,0,unlabeled
5,0.25739654898643494,0,0,unlabeled
6,0.003966860938817263,0,0,unlabeled
7,0.23274721205234528,0,0,unlabeled
8,0.013001109473407269,0,0,train
9,0.014426073059439659,0,0,unlabeled
10,0.9742170572280884,1,0,unlabeled
11,7.824298518244177e-05,0,0,unlabeled
12,0.025723256170749664,0,0,train
13,0.0005371542065404356,0,0,unlabeled
14,0.00173005904071033,0,0,train
15,0.4689115285873413,0,0,train
16,0.07694941759109497,0,0,unlabeled
17,0.7243449091911316,0,0,train
18,0.019203484058380127,0,0,unlabeled
19,0.07311545312404633,0,0,unlabeled
20,2.209323639590366e-07,0,0,unlabeled
21,0.568771481513977,0,0,unlabeled
22,0.0004818901070393622,0,0,unlabeled
23,1.4578903574147262e-05,0,0,train
24,0.0006395576638169587,0,0,unlabeled
25,0.016585709527134895,0,0,unlabeled
26,0.0018460468854755163,0,0,unlabeled
27,0.00017329660477116704,0,0,unlabeled
28,0.0018687751144170761,0,0,unlabeled
29,0.7226388454437256,0,0,train
30,0.12727610766887665,0,0,train
31,0.2196885049343109,0,0,unlabeled
32,1.9312157746753655e-05,0,0,unlabeled
33,0.0014193530660122633,0,0,train
34,1.0595803360047285e-05,0,0,unlabeled
35,0.08606430888175964,0,0,unlabeled
36,0.051795925945043564,0,0,unlabeled
37,0.002840034430846572,0,0,train
38,0.007703836541622877,0,0,unlabeled
39,0.2547776699066162,0,0,unlabeled
40,0.028146985918283463,0,0,unlabeled
41,0.00015072253881953657,0,0,unlabeled
42,0.00022064735821913928,0,0,unlabeled
43,0.03778957948088646,0,0,unlabeled
44,3.055431443499401e-05,0,0,train
45,5.686956228601048e-06,0,0,unlabeled
46,0.5447088479995728,0,0,unlabeled
47,6.327998562483117e-05,0,0,val
48,0.005479061510413885,0,0,unlabeled
49,0.02597464621067047,0,0,unlabeled
50,0.8944565653800964,1,0,unlabeled
51,0.010411890223622322,0,0,unlabeled
52,0.01810213178396225,0,0,unlabeled
53,0.3766756057739258,0,0,unlabeled
54,0.17756855487823486,0,0,unlabeled
55,0.0036541493609547615,0,0,unlabeled
56,7.569065473944647e-06,0,0,unlabeled
57,0.002468687482178211,0,0,unlabeled
58,4.581923712976277e-05,0,0,unlabeled
59,4.149135577335983e-07,0,0,unlabeled
60,0.3683739900588989,0,0,unlabeled
61,0.001733065932057798,0,0,unlabeled
62,0.8057032823562622,0,0,unlabeled
63,7.099489448592067e-05,0,0,train
64,0.060402996838092804,0,0,unlabeled
65,0.002213359111919999,0,0,train
66,0.09336274117231369,0,0,unlabeled
67,0.005610065534710884,0,0,unlabeled
68,9.730862160495235e-08,0,0,unlabeled
69,0.0002446952275931835,0,0,train
70,0.00505865877494216,0,0,unlabeled
71,0.0001542290556244552,0,0,train
72,5.057310318079544e-06,0,0,unlabeled
73,2.4180242689908482e-05,0,0,unlabeled
74,0.02357845939695835,0,0,unlabeled
75,0.5971150398254395,0,0,unlabeled
76,7.645356163266115e-06,0,0,unlabeled
77,0.3512125015258789,0,0,unlabeled
78,0.20596520602703094,0,0,unlabeled
79,0.0016434915596619248,0,0,train
80,0.9010621309280396,1,1,unlabeled
81,0.018929297104477882,0,0,val
82,0.6634755730628967,0,0,unlabeled
83,1.3117709386278875e-05,0,0,unlabeled
84,0.002329925075173378,0,0,unlabeled
85,0.5069555044174194,0,0,train
86,0.06625717878341675,0,0,unlabeled
87,0.01629997044801712,0,0,unlabeled
88,0.004796043038368225,0,0,unlabeled
89,0.45936763286590576,0,0,train
90,0.007528149988502264,0,0,unlabeled
91,6.603361725865398e-06,0,0,train
92,4.7151926992228255e-05,0,0,unlabeled
93,0.0006257840432226658,0,0,unlabeled
94,0.6282035708427429,0,0,train
95,0.0014002282405272126,0,0,unlabeled
96,0.0011201511370018125,0,0,unlabeled
97,0.00024656314053572714,0,0,unlabeled
98,0.8045480847358704,0,0,unlabeled
99,0.041790612041950226,0,0,unlabeled
100,0.005434530787169933,0,0,unlabeled
101,0.907996654510498,1,0,train
102,0.09223324060440063,0,0,train
103,9.367762686451897e-05,0,0,train
104,0.02398807369172573,0,0,unlabeled
105,0.00022882543271407485,0,0,unlabeled
106,1.8938364519272e-05,0,0,unlabeled
107,0.0003682514070533216,0,0,val
108,0.8672721982002258,1,0,train
109,1.5486709799006348e-06,0,0,unlabeled
110,0.34283876419067383,0,0,train
111,2.9254932087496854e-05,0,0,train
112,0.9514589309692383,1,0,unlabeled
113,0.07974634319543839,0,0,unlabeled
114,0.028029855340719223,0,0,unlabeled
115,3.65943560609594e-05,0,0,unlabeled
116,4.2589213080646005e-06,0,0,unlabeled
117,1.4074482351134066e-05,0,0,unlabeled
118,0.00023466214770451188,0,0,unlabeled
119,0.015754668042063713,0,0,unlabeled
120,0.43042808771133423,0,0,unlabeled
121,0.0007911918219178915,0,0,unlabeled
122,0.0931582823395729,0,0,train
123,0.006478005554527044,0,0,unlabeled
124,0.25578317046165466,0,0,unlabeled
125,2.6084182536578737e-05,0,0,train
126,7.09306323187775e-06,0,0,unlabeled
127,0.01563541404902935,0,0,unlabeled
128,0.00816344190388918,0,0,unlabeled
129,0.0009746217401698232,0,0,unlabeled
130,0.588973879814148,0,0,unlabeled
131,0.9245608448982239,1,0,unlabeled
132,0.05446898564696312,0,0,unlabeled
133,0.6918424963951111,0,0,val
134,0.4738962948322296,0,0,unlabeled
135,3.526354248606367e-06,0,0,unlabeled
136,0.03179709240794182,0,0,train
137,0.0951787605881691,0,0,unlabeled
138,0.04485316947102547,0,0,unlabeled
139,3.219955033273436e-05,0,0,unlabeled
140,0.006220490671694279,0,0,unlabeled
141,0.8253291845321655,0,0,unlabeled
142,0.0003300255921203643,0,0,unlabeled
143,0.03644142672419548,0,0,train
144,0.006234818138182163,0,0,unlabeled
145,0.030646180734038353,0,0,val
146,8.34619095257949e-06,0,0,unlabeled
147,2.699106573800236e-07,0,0,unlabeled
148,0.13295193016529083,0,0,unlabeled
149,0.11378570646047592,0,0,unlabeled
150,0.48235562443733215,0,0,val
151,0.5105255842208862,0,0,unlabeled
152,0.003931074868887663,0,0,train
153,0.0013833255507051945,0,0,unlabeled
154,0.0013525248505175114,0,0,unlabeled
155,0.9284892678260803,1,0,unlabeled
156,0.0011698667658492923,0,0,unlabeled
157,7.571863989142003e-07,0,0,train
158,6.095110438764095e-05,0,0,val
159,0.7963628768920898,0,0,unlabeled
160,0.04787403717637062,0,0,unlabeled
161,0.00030661586788482964,0,0,unlabeled
162,0.0020043947733938694,0,0,unlabeled
163,0.0032051100861281157,0,0,unlabeled
164,0.6554402112960815,0,0,unlabeled
165,0.9605789184570312,1,0,unlabeled
166,0.005371640436351299,0,0,unlabeled
167,0.6764742732048035,0,0,unlabeled
168,0.17782428860664368,0,0,train
169,5.5301573098631707e-08,0,0,val
170,0.004157868679612875,0,0,unlabeled
171,1.7827504734668764e-06,0,0,unlabeled
172,0.4153728783130646,0,0,unlabeled
173,0.9658014178276062,1,0,unlabeled
174,0.6720181703567505,0,0,unlabeled
175,0.8153437376022339,0,0,unlabeled
176,0.06984081864356995,0,0,unlabeled
177,0.853460431098938,0,0,unlabeled
178,6.292315083555877e-05,0,0,val
179,1.8729640942183323e-05,0,0,unlabeled
180,0.024898821488022804,0,0,val
181,5.8523415646050125e-05,0,0,unlabeled
182,0.5228675007820129,0,0,train
183,0.5342913269996643,0,0,unlabeled
184,0.013607311062514782,0,0,train
185,0.022123215720057487,0,0,unlabeled
186,4.116396667086519e-05,0,0,train
187,0.0016756863333284855,0,0,unlabeled
188,2.765176395769231e-05,0,0,unlabeled
189,1.4628888322931743e-07,0,0,unlabeled
190,0.02734598144888878,0,0,unlabeled
191,0.017240328714251518,0,0,unlabeled
192,0.0006731468602083623,0,0,unlabeled
193,0.015844224020838737,0,0,unlabeled
194,7.857762511775945e-07,0,0,unlabeled
195,0.00022823450854048133,0,0,unlabeled
196,0.945743978023529,1,0,unlabeled
197,0.8595625758171082,1,0,unlabeled
198,0.004111996851861477,0,0,unlabeled
199,0.006013061851263046,0,0,train
200,3.351979103172198e-05,0,0,val
201,0.00013769007637165487,0,0,unlabeled
202,0.0463140606880188,0,0,unlabeled
203,0.00010722076694946736,0,0,unlabeled
204,0.021356754004955292,0,0,unlabeled
205,1.7012082764722436e-07,0,0,unlabeled
206,0.15086767077445984,0,0,unlabeled
207,3.222372833988629e-05,0,0,unlabeled
208,0.00026462963433004916,0,0,unlabeled
209,0.09337899088859558,0,0,train
210,0.0001320180599577725,0,0,unlabeled
211,0.7174394130706787,0,0,unlabeled
212,0.0004067952395416796,0,0,unlabeled
213,0.9874889254570007,1,0,unlabeled
214,0.017201486974954605,0,0,unlabeled
215,0.2593548893928528,0,0,unlabeled
216,0.0010978804202750325,0,0,unlabeled
217,0.2571758031845093,0,0,unlabeled
218,0.10406296700239182,0,0,unlabeled
219,0.0016453687567263842,0,0,unlabeled
220,0.0003531814436428249,0,0,unlabeled
221,0.002090384950861335,0,0,unlabeled
222,0.0002812033344525844,0,0,train
223,0.00015160453040152788,0,0,unlabeled
224,0.8187939524650574,0,0,unlabeled
225,0.6859511733055115,0,0,unlabeled
226,0.4122430384159088,0,0,unlabeled
227,0.9187121391296387,1,0,unlabeled
228,0.5219403505325317,0,0,train
229,0.00639389269053936,0,0,train
230,0.05557340011000633,0,0,unlabeled
231,0.0006138088065199554,0,0,train
232,0.004486620891839266,0,0,unlabeled
233,3.2003158594307024e-06,0,0,unlabeled
234,3.9876686059869826e-05,0,0,train
235,0.012133474461734295,0,0,unlabeled
236,4.84400188724976e-05,0,0,unlabeled
237,1.1786161849158816e-05,0,0,unlabeled
238,0.8229671716690063,0,0,unlabeled
239,0.7100171446800232,0,0,unlabeled
240,0.03559889644384384,0,0,train
241,0.021583983674645424,0,0,train
242,0.1298930048942566,0,0,unlabeled
243,0.5528147220611572,0,0,unlabeled
244,0.20912142097949982,0,0,unlabeled
245,1.609416358405724e-05,0,0,unlabeled
246,0.00012151419650763273,0,0,val
247,0.0017057175282388926,0,0,unlabeled
248,0.05610661208629608,0,0,val
249,0.05765325203537941,0,0,val
250,6.169023981783539e-05,0,0,unlabeled
251,8.453532245766837e-06,0,0,unlabeled
252,0.0016792390961199999,0,0,train
253,0.0010865434305742383,0,0,unlabeled
254,0.03450523689389229,0,0,unlabeled
255,2.1564219423453324e-06,0,0,train
256,0.47816580533981323,0,0,unlabeled
257,0.05837395414710045,0,0,unlabeled
258,0.0012414962984621525,0,0,unlabeled
259,0.00020510601461865008,0,0,unlabeled
260,0.04314976558089256,0,0,train
261,0.0004640397964976728,0,0,unlabeled
262,0.00027310647419653833,0,0,unlabeled
263,8.385522960452363e-06,0,0,unlabeled
264,2.0450954252737574e-05,0,0,train
265,9.188694093609229e-06,0,0,unlabeled
266,0.10220177471637726,0,0,unlabeled
267,0.19402462244033813,0,0,unlabeled
268,0.9331538677215576,1,0,unlabeled
269,0.08236106485128403,0,0,unlabeled
270,0.07822758704423904,0,0,unlabeled
271,0.03565226495265961,0,0,unlabeled
272,0.013929272070527077,0,0,unlabeled
273,4.257041382516036e-06,0,0,train
274,0.06381247937679291,0,0,unlabeled
275,5.532490376936039e-06,0,0,unlabeled
276,0.00036491171340458095,0,0,unlabeled
277,0.2550271451473236,0,0,unlabeled
278,0.00739359762519598,0,0,unlabeled
279,0.8935829401016235,1,0,unlabeled
280,0.0067956289276480675,0,0,train
281,4.91963692184072e-05,0,0,unlabeled
282,0.0003822505532298237,0,0,unlabeled
283,0.008679726161062717,0,0,unlabeled
284,0.006114615127444267,0,0,unlabeled
285,0.5662522315979004,0,0,unlabeled
286,0.0024356015492230654,0,0,unlabeled
287,1.6656837033224292e-05,0,0,train
288,0.01892537996172905,0,0,train
289,5.813843381474726e-05,0,0,unlabeled
290,0.5149734020233154,0,0,unlabeled
291,5.418049477157183e-05,0,0,train
292,0.024214433506131172,0,0,unlabeled
293,0.520361602306366,0,0,train
294,0.0005902111879549921,0,0,train
295,0.0015481021255254745,0,0,unlabeled
296,0.7675573229789734,0,0,unlabeled
297,1.639841229916783e-06,0,0,train
298,1.73002845258452e-05,0,0,train
299,0.17759843170642853,0,0,unlabeled
300,0.00037038588197901845,0,0,unlabeled
301,1.3259771549201105e-05,0,0,unlabeled
302,0.0003612003638409078,0,0,unlabeled
303,0.12925253808498383,0,0,unlabeled
304,0.3080543279647827,0,0,unlabeled
305,0.00287004210986197,0,0,unlabeled
306,0.9279733300209045,1,0,unlabeled
307,0.33599257469177246,0,0,unlabeled
308,0.058844491839408875,0,0,train
309,0.10137967020273209,0,0,val
310,0.5231372117996216,0,0,unlabeled
311,0.7532221078872681,0,0,unlabeled
312,0.17478658258914948,0,0,unlabeled
313,0.0011399541981518269,0,0,unlabeled
314,0.044272445142269135,0,0,unlabeled
315,0.8500117659568787,0,0,unlabeled
316,0.009030535817146301,0,0,train
317,0.989825427532196,1,0,unlabeled
318,0.8255898356437683,0,0,unlabeled
319,0.920632004737854,1,0,unlabeled
320,1.303445628764166e-06,0,0,val
321,0.00024793113698251545,0,0,unlabeled
322,0.00011756127787521109,0,0,unlabeled
323,0.0014083607820793986,0,0,unlabeled
324,0.0010852752020582557,0,0,unlabeled
325,0.2144342064857483,0,0,val
326,0.3357386887073517,0,0,val
327,0.00013709031918551773,0,0,unlabeled
328,0.2906036376953125,0,0,unlabeled
329,0.9473347067832947,1,0,unlabeled
330,0.0680299624800682,0,0,unlabeled
331,0.6935819983482361,0,0,unlabeled
332,2.8621228921110742e-05,0,0,unlabeled
333,0.21403707563877106,0,0,unlabeled
334,0.003056126646697521,0,0,train
335,8.144202001858503e-05,0,0,unlabeled
336,0.21730345487594604,0,0,unlabeled
337,0.0014051810139790177,0,0,train
338,3.613507715272135e-08,0,0,unlabeled
339,0.34077686071395874,0,0,unlabeled
340,0.854438841342926,0,0,unlabeled
341,0.3245640695095062,0,0,unlabeled
342,0.9533472061157227,1,0,unlabeled
343,0.0003170441777911037,0,0,unlabeled
344,0.006586513482034206,0,0,unlabeled
345,0.0005052034393884242,0,0,unlabeled
346,0.00010804564226418734,0,0,unlabeled
347,0.000184793199878186,0,0,train
348,0.005386189091950655,0,0,unlabeled
349,0.00518246041610837,0,0,unlabeled
350,2.3111202608561143e-05,0,0,unlabeled
351,0.8677309155464172,1,0,unlabeled
352,0.059648629277944565,0,0,train
353,0.0017288322560489178,0,0,unlabeled
354,0.17765063047409058,0,0,unlabeled
355,0.00034030748065561056,0,0,train
356,0.00023617589613422751,0,0,unlabeled
357,0.007292106747627258,0,0,unlabeled
358,0.34163898229599,0,0,unlabeled
359,0.09668215364217758,0,0,unlabeled
360,0.00016729853814467788,0,0,unlabeled
361,0.06368892639875412,0,0,unlabeled
362,0.35144761204719543,0,0,unlabeled
363,1.0541428309807088e-05,0,0,unlabeled
364,0.7409427165985107,0,0,unlabeled
365,0.0010743277380242944,0,0,unlabeled
366,6.716852567478782e-07,0,0,unlabeled
367,8.266792974609416e-06,0,0,unlabeled
368,0.00022670956968795508,0,0,train
369,0.009916141629219055,0,0,unlabeled
370,0.0001327780628344044,0,0,unlabeled
371,2.0538613171083853e-05,0,0,unlabeled
372,0.11491536349058151,0,0,val
373,0.8876681923866272,1,0,unlabeled
374,0.5900735855102539,0,0,train
375,1.9879495084751397e-05,0,0,unlabeled
376,0.00027645082445815206,0,0,unlabeled
377,0.1399541050195694,0,0,unlabeled
378,0.004745792131870985,0,0,unlabeled
379,0.00020830909488722682,0,0,unlabeled
380,3.751625627046451e-05,0,0,unlabeled
381,0.0324084535241127,0,0,train
382,0.7000607848167419,0,0,train
383,1.3555042642110493e-05,0,0,unlabeled
384,0.00039656556327827275,0,0,unlabeled
385,2.1184361685300246e-05,0,0,unlabeled
386,8.82017320691375e-06,0,0,unlabeled
387,8.85222925717244e-06,0,0,unlabeled
388,0.030703356489539146,0,0,unlabeled
389,0.0004542336391750723,0,0,unlabeled
390,0.021882370114326477,0,0,unlabeled
391,0.3749144375324249,0,0,unlabeled
392,4.730623004434165e-06,0,0,unlabeled
393,0.00027909703203476965,0,0,unlabeled
394,2.5465529688517563e-05,0,0,val
395,4.239282134221867e-05,0,0,unlabeled
396,0.04868977516889572,0,0,unlabeled
397,0.003253469942137599,0,0,unlabeled
398,0.654865026473999,0,0,unlabeled
399,0.7514265179634094,0,0,unlabeled
400,0.020057879388332367,0,0,unlabeled
401,0.008669274859130383,0,0,unlabeled
402,0.00041886954568326473,0,0,train
403,0.004979240242391825,0,0,unlabeled
404,0.16756005585193634,0,0,unlabeled
405,0.5203608870506287,0,0,unlabeled
406,0.2520350217819214,0,0,unlabeled
407,0.6395003199577332,0,0,unlabeled
408,1.9704755231941817e-06,0,0,unlabeled
409,0.44320347905158997,0,0,val
410,6.014181963109877e-06,0,0,unlabeled
411,1.3004932952753734e-05,0,0,train
412,0.0683380588889122,0,0,unlabeled
413,0.8694552779197693,1,0,unlabeled
414,0.0018037037225440145,0,0,unlabeled
415,0.004846547730267048,0,0,train
416,0.012630335055291653,0,0,unlabeled
417,0.0018423988949507475,0,0,train
418,0.7202928066253662,0,0,unlabeled
419,5.1944389269920066e-05,0,0,train
420,0.11755982041358948,0,0,unlabeled
421,0.19972287118434906,0,0,unlabeled
422,2.736997885222081e-06,0,0,unlabeled
423,0.00024249717534985393,0,0,train
424,0.0011279204627498984,0,0,unlabeled
425,0.22677546739578247,0,0,unlabeled
426,0.004166194703429937,0,0,val
427,0.9425544142723083,1,0,val
428,0.0503670759499073,0,0,unlabeled
429,0.0026089262682944536,0,0,unlabeled
430,0.0020839443895965815,0,0,val
431,2.8537937396322377e-05,0,0,unlabeled
432,0.0001857179158832878,0,0,unlabeled
433,0.35072097182273865,0,0,unlabeled
434,0.00018031333456747234,0,0,unlabeled
435,0.5911325812339783,0,0,unlabeled
436,0.12908823788166046,0,0,unlabeled
437,5.4796280892333016e-05,0,0,unlabeled
438,0.8575336933135986,1,0,train
439,0.0006403419538401067,0,0,val
440,0.00033068034099414945,0,0,train
441,0.0004195054934825748,0,0,unlabeled
442,0.29494619369506836,0,0,unlabeled
443,1.3025658063270384e-06,0,0,unlabeled
444,0.4242827594280243,0,0,train
445,0.40631353855133057,0,0,unlabeled
446,5.017041621613316e-05,0,0,train
447,0.015386248007416725,0,0,unlabeled
448,0.0017542201094329357,0,0,train
449,0.008126030676066875,0,0,unlabeled
450,0.03294143080711365,0,0,unlabeled
451,0.0011594389798119664,0,0,unlabeled
452,0.8318737149238586,0,0,unlabeled
453,0.021627239882946014,0,0,train
454,0.0009193315636366606,0,0,val
455,0.9561315774917603,1,0,unlabeled
456,0.00040902377804741263,0,0,unlabeled
457,0.0003428489435464144,0,0,unlabeled
458,0.0014239256270229816,0,0,unlabeled
459,1.3009486792725511e-05,0,0,unlabeled
460,3.6333174648461863e-05,0,0,unlabeled
461,0.5481396317481995,0,0,unlabeled
462,0.0033926290925592184,0,0,unlabeled
463,0.7599760293960571,0,0,unlabeled
464,0.16624456644058228,0,0,unlabeled
465,0.35365304350852966,0,0,unlabeled
466,0.009022939018905163,0,0,val
467,8.407729910686612e-05,0,0,unlabeled
468,0.8241270780563354,0,0,unlabeled
469,0.002697375137358904,0,0,train
470,0.08845024555921555,0,0,unlabeled
471,0.3523600697517395,0,0,unlabeled
472,0.0003934654814656824,0,0,train
473,0.000653456780128181,0,0,train
474,5.008245352655649e-05,0,0,train
475,0.001010781736113131,0,0,unlabeled
476,0.0025643897242844105,0,0,unlabeled
477,0.007114183623343706,0,0,unlabeled
478,6.610280252061784e-05,0,0,unlabeled
479,0.00043209176510572433,0,0,val
480,0.06640385091304779,0,0,unlabeled
481,0.5259302258491516,0,0,unlabeled
482,0.06832373887300491,0,0,unlabeled
483,1.000474867396406e-06,0,0,unlabeled
484,0.15765200555324554,0,0,unlabeled
485,4.400949546834454e-05,0,0,unlabeled
486,0.286578893661499,0,0,train
487,0.4384040832519531,0,0,val
488,0.015939820557832718,0,0,unlabeled
489,0.6289108991622925,0,0,unlabeled
490,0.002176406094804406,0,0,unlabeled
491,0.0001035710665746592,0,0,unlabeled
492,0.34350261092185974,0,0,train
493,4.355490455054678e-05,0,0,unlabeled
494,0.7715979814529419,0,0,unlabeled
495,0.0005968140903860331,0,0,unlabeled
496,0.37835177779197693,0,0,unlabeled
497,0.5674751400947571,0,0,unlabeled
498,0.006817181594669819,0,0,train
499,1.7404702248313697e-06,0,0,unlabeled
500,0.6217062473297119,0,0,unlabeled
501,2.588795950941858e-06,0,0,unlabeled
502,6.168892468849663e-06,0,0,train
503,0.003075776156038046,0,0,unlabeled
504,0.0015633368166163564,0,0,unlabeled
505,0.4498438835144043,0,0,unlabeled
506,0.7827056050300598,0,0,train
507,0.07489879429340363,0,0,val
508,0.8016809225082397,0,0,unlabeled
509,0.0032359985634684563,0,0,unlabeled
510,0.0001201905615744181,0,0,unlabeled
511,0.0010049648117274046,0,0,unlabeled
512,0.03278803825378418,0,0,unlabeled
513,0.004698588512837887,0,0,unlabeled
514,0.025394266471266747,0,0,unlabeled
515,0.000808949233032763,0,0,unlabeled
516,0.6984999179840088,0,0,unlabeled
517,0.2524655759334564,0,0,unlabeled
518,0.19426114857196808,0,0,unlabeled
519,0.5724056959152222,0,0,unlabeled
520,0.0004478227056097239,0,0,unlabeled
521,0.004828775301575661,0,0,unlabeled
522,0.002432982437312603,0,0,unlabeled
523,0.03406871482729912,0,0,unlabeled
524,0.0017886431887745857,0,0,unlabeled
525,0.13983188569545746,0,0,unlabeled
526,0.01901443861424923,0,0,unlabeled
527,1.5194474144664127e-05,0,0,unlabeled
528,0.08434199541807175,0,0,unlabeled
529,4.657076351577416e-05,0,0,unlabeled
530,0.005865307990461588,0,0,unlabeled
531,0.5459109544754028,0,0,train
532,0.007871964946389198,0,0,unlabeled
533,0.0025106980465352535,0,0,unlabeled
534,0.08920879662036896,0,0,unlabeled
535,1.2992260280952905e-06,0,0,val
536,0.00023965715081430972,0,0,unlabeled
537,0.08874212205410004,0,0,unlabeled
538,0.0002760186616797,0,0,unlabeled
539,0.6265324354171753,0,0,train
540,0.027013560757040977,0,0,unlabeled
541,0.00014313780411612242,0,0,unlabeled
542,1.573092959006317e-05,0,0,unlabeled
543,0.02671760693192482,0,0,unlabeled
544,0.0002761608047876507,0,0,unlabeled
545,0.009155812673270702,0,0,val
546,0.009281394071877003,0,0,unlabeled
547,1.9607249157616025e-09,0,0,unlabeled
548,0.24515122175216675,0,0,unlabeled
549,0.0008428209694102407,0,0,unlabeled
550,0.8779959082603455,1,0,train
551,0.06432905048131943,0,0,unlabeled
552,0.0007954842876642942,0,0,unlabeled
553,0.0002677535230759531,0,0,unlabeled
554,0.036793868988752365,0,0,train
555,5.0954902690136805e-05,0,0,unlabeled
556,0.2792860269546509,0,0,val
557,1.5543424751740531e-06,0,0,unlabeled
558,0.002745850943028927,0,0,unlabeled
559,0.003298057010397315,0,0,unlabeled
560,1.721202897897456e-05,0,0,unlabeled
561,0.9673064351081848,1,0,unlabeled
562,0.0015273760072886944,0,0,val
563,0.00025125121464952826,0,0,unlabeled
564,0.5605946183204651,0,0,unlabeled
565,7.504741370212287e-05,0,0,train
566,0.3394884467124939,0,0,unlabeled
567,0.5677252411842346,0,0,unlabeled
568,0.00893156137317419,0,0,unlabeled
569,0.0013175311032682657,0,0,unlabeled
570,0.3585869371891022,0,0,unlabeled
571,0.2263011783361435,0,0,unlabeled
572,0.14007318019866943,0,0,unlabeled
573,0.00017653054965194315,0,0,unlabeled
574,0.02515079826116562,0,0,unlabeled
575,0.9589483737945557,1,0,unlabeled
576,3.976944208261557e-05,0,0,unlabeled
577,1.133406271947024e-06,0,0,train
578,0.5067397952079773,0,0,train
579,0.00643078051507473,0,0,unlabeled
580,0.5659363865852356,0,0,unlabeled
581,0.00010125924018211663,0,0,unlabeled
582,0.0003526373766362667,0,0,unlabeled
583,0.013815412297844887,0,0,unlabeled
584,2.9322607588255778e-05,0,0,unlabeled
585,2.6237863437472697e-08,0,0,train
586,0.001291206106543541,0,0,unlabeled
587,0.007160896435379982,0,0,val
588,0.7427868247032166,0,0,unlabeled
589,0.03311435505747795,0,0,unlabeled
590,0.05725227668881416,0,0,train
591,0.04868020489811897,0,0,unlabeled
592,0.023126529529690742,0,0,unlabeled
593,0.055948108434677124,0,0,unlabeled
594,0.08539069443941116,0,0,unlabeled
595,0.9358251094818115,1,0,unlabeled
596,0.0015893098898231983,0,0,unlabeled
597,3.1812018278287724e-05,0,0,unlabeled
598,0.019221726804971695,0,0,unlabeled
599,0.17553550004959106,0,0,val
600,0.2161853313446045,0,0,val
601,0.8706014752388,1,0,unlabeled
602,0.0023995772935450077,0,0,unlabeled
603,5.541040445677936e-05,0,0,unlabeled
604,0.20311659574508667,0,0,unlabeled
605,0.0002175228437408805,0,0,val
606,0.04779309779405594,0,0,val
607,6.544271968778048e-07,0,0,unlabeled
608,0.7750338315963745,0,0,unlabeled
609,4.4266027288131227e-08,0,0,unlabeled
610,0.5030196309089661,0,0,unlabeled
611,0.1964874416589737,0,0,unlabeled
612,8.10257188277319e-06,0,0,train
613,0.00027409300673753023,0,0,unlabeled
614,1.7873705928650452e-06,0,0,train
615,0.01624145358800888,0,0,unlabeled
616,0.004613406956195831,0,0,unlabeled
617,0.011561990715563297,0,0,unlabeled
618,1.468069513066439e-05,0,0,unlabeled
619,0.024426493793725967,0,0,unlabeled
620,0.08238556981086731,0,0,unlabeled
621,0.0029886045958846807,0,0,unlabeled
622,0.073539137840271,0,0,unlabeled
623,0.7032461166381836,0,0,val
624,0.02888588421046734,0,0,unlabeled
625,0.6930114030838013,0,0,train
626,1.2647324183490127e-05,0,0,train
627,0.9403609037399292,1,0,val
628,0.0005208185175433755,0,0,unlabeled
629,0.004161767195910215,0,0,unlabeled
630,7.664001896046102e-05,0,0,unlabeled
631,0.0006042899331077933,0,0,unlabeled
632,2.8960281269974075e-05,0,0,unlabeled
633,0.4042963683605194,0,0,unlabeled
634,0.0031444751657545567,0,0,unlabeled
635,0.0007763832691125572,0,0,unlabeled
636,0.006136643700301647,0,0,unlabeled
637,0.26878535747528076,0,0,unlabeled
638,0.00048445246648043394,0,0,unlabeled
639,0.27024954557418823,0,0,unlabeled
640,0.04063140228390694,0,0,unlabeled
641,0.9830363392829895,1,0,unlabeled
642,0.0005075103254057467,0,0,unlabeled
643,0.0002594610850792378,0,0,train
644,0.7363094091415405,0,0,unlabeled
645,0.0668436661362648,0,0,unlabeled
646,0.0014643499162048101,0,0,unlabeled
647,5.444713315228e-05,0,0,unlabeled
648,0.01593974605202675,0,0,unlabeled
649,0.04714527353644371,0,0,unlabeled
650,0.010022352449595928,0,0,unlabeled
651,0.23198147118091583,0,0,unlabeled
652,0.6096440553665161,0,0,unlabeled
653,0.01599554903805256,0,0,unlabeled
654,0.007482379674911499,0,0,val
655,1.1043261110899039e-05,0,0,train
656,0.00045448660966940224,0,0,train
657,9.662509546615183e-05,0,0,unlabeled
658,0.0007893696893006563,0,0,unlabeled
659,0.01164327748119831,0,0,unlabeled
660,9.742083784658462e-05,0,0,unlabeled
661,0.6010076999664307,0,0,unlabeled
662,6.237457341740082e-07,0,0,unlabeled
663,0.006786977872252464,0,0,unlabeled
664,0.003341782372444868,0,0,unlabeled
665,0.18221433460712433,0,0,unlabeled
666,2.3361602870863862e-05,0,0,unlabeled
667,8.959530532592908e-05,0,0,unlabeled
668,0.7421074509620667,0,0,unlabeled
669,0.00018884785822592676,0,0,unlabeled
670,0.7265530228614807,0,0,unlabeled
671,0.005187005735933781,0,0,unlabeled
672,0.26930034160614014,0,0,unlabeled
673,0.906607985496521,1,0,unlabeled
674,0.0686352550983429,0,0,unlabeled
675,0.4299250841140747,0,0,unlabeled
676,0.045457739382982254,0,0,unlabeled
677,0.00028627816936932504,0,0,train
678,0.010812418535351753,0,0,unlabeled
679,0.008140656165778637,0,0,unlabeled
680,7.831426773918793e-05,0,0,unlabeled
681,1.1898474440386053e-05,0,0,unlabeled
682,7.344381629081909e-06,0,0,train
683,0.0003218149358872324,0,0,unlabeled
684,7.159487722674385e-05,0,0,train
685,1.7147640392067842e-05,0,0,unlabeled
686,0.0018107581418007612,0,0,unlabeled
687,1.1436915769991174e-07,0,0,unlabeled
688,0.02493267133831978,0,0,unlabeled
689,0.8259646892547607,0,0,unlabeled
690,0.000590235460549593,0,0,unlabeled
691,0.9760143160820007,1,0,unlabeled
692,6.955626759008737e-07,0,0,val
693,0.00027369504095986485,0,0,unlabeled
694,0.004771427717059851,0,0,val
695,7.422445196425542e-05,0,0,unlabeled
696,0.6816293001174927,0,0,unlabeled
697,0.15420450270175934,0,0,train
698,0.0005148409982211888,0,0,unlabeled
699,0.0026763996575027704,0,0,unlabeled
700,0.927574098110199,1,0,unlabeled
701,0.14080266654491425,0,0,unlabeled
702,0.1454371213912964,0,0,unlabeled
703,0.002040295396000147,0,0,unlabeled
704,0.8566832542419434,1,0,unlabeled
705,0.009526488371193409,0,0,unlabeled
706,3.354510269559796e-08,0,0,train
707,0.31312429904937744,0,0,unlabeled
708,0.05744778364896774,0,0,unlabeled
709,0.835085391998291,0,0,unlabeled
710,0.0008873343467712402,0,0,unlabeled
711,6.022140951245092e-05,0,0,unlabeled
712,1.662966315052472e-05,0,0,train
713,0.001989388605579734,0,0,val
714,0.8678328990936279,1,0,unlabeled
715,0.0006043800967745483,0,0,unlabeled
716,0.5628482699394226,0,0,unlabeled
717,0.13081973791122437,0,0,unlabeled
718,0.004652843810617924,0,0,unlabeled
719,0.024858441203832626,0,0,unlabeled
720,0.001202403218485415,0,0,unlabeled
721,0.0707562193274498,0,0,unlabeled
722,0.11292427778244019,0,0,train
723,0.9330715537071228,1,0,unlabeled
724,0.7197796702384949,0,0,unlabeled
725,0.0026675378903746605,0,0,val
726,0.0024110854137688875,0,0,unlabeled
727,0.01554127037525177,0,0,unlabeled
728,0.00010358251893194392,0,0,unlabeled
729,1.3899904843128752e-05,0,0,unlabeled
730,0.729031503200531,0,0,unlabeled
731,0.11179932951927185,0,0,train
732,0.9839217662811279,1,0,unlabeled
733,0.007026215549558401,0,0,unlabeled
734,3.769043178181164e-05,0,0,unlabeled
735,0.767554759979248,0,0,train
736,0.00043938428279943764,0,0,unlabeled
737,7.114832988008857e-05,0,0,unlabeled
738,0.026510629802942276,0,0,train
739,1.612756386748515e-05,0,0,unlabeled
740,0.680500328540802,0,0,unlabeled
741,8.308262295031454e-06,0,0,unlabeled
742,7.319716678466648e-05,0,0,unlabeled
743,0.45960554480552673,0,0,train
744,0.0023745831567794085,0,0,unlabeled
745,0.853584885597229,0,0,unlabeled
746,0.0027711237780749798,0,0,unlabeled
747,0.16580730676651,0,0,train
748,1.4542063581757247e-05,0,0,val
749,0.5303002595901489,0,0,val
750,0.6520624756813049,0,0,unlabeled
751,1.8810819568670922e-08,0,0,unlabeled
752,0.1725739687681198,0,0,train
753,0.029675448313355446,0,0,unlabeled
754,0.0019815198611468077,0,0,unlabeled
755,0.00047366778017021716,0,0,unlabeled
756,1.3122520670094673e-07,0,0,train
757,0.0004315909754950553,0,0,unlabeled
758,7.608687883475795e-05,0,0,unlabeled
759,0.006815467495471239,0,0,unlabeled
760,0.008753634989261627,0,0,unlabeled
761,0.0087170684710145,0,0,unlabeled
762,0.36071524024009705,0,0,unlabeled
763,0.6896146535873413,0,0,unlabeled
764,0.5837405323982239,0,0,train
765,0.629774808883667,0,0,train
766,4.5748006414214615e-06,0,0,train
767,0.952187180519104,1,0,unlabeled
768,0.0007970845908857882,0,0,unlabeled
769,0.8473954200744629,0,0,unlabeled
770,0.8923817276954651,1,0,unlabeled
771,0.9274367690086365,1,0,unlabeled
772,0.9198434352874756,1,0,unlabeled
773,0.011018536984920502,0,0,unlabeled
774,0.20178329944610596,0,0,unlabeled
775,0.7176243662834167,0,0,unlabeled
776,0.0002012930199271068,0,0,unlabeled
777,0.06418423354625702,0,0,train
778,0.009724796749651432,0,0,unlabeled
779,7.37179152565659e-06,0,0,unlabeled
780,0.7434018850326538,0,0,unlabeled
781,0.005165225826203823,0,0,unlabeled
782,0.0011575768003240228,0,0,unlabeled
783,0.7637806534767151,0,0,unlabeled
784,9.44921703194268e-05,0,0,train
785,0.0005651754327118397,0,0,unlabeled
786,3.033742541447282e-05,0,0,unlabeled
787,0.0009271804592572153,0,0,unlabeled
788,5.2898376452503726e-05,0,0,train
789,0.3239779472351074,0,0,unlabeled
790,0.7981739044189453,0,0,train
791,0.018292078748345375,0,0,unlabeled
792,0.0003528798697516322,0,0,unlabeled
793,0.01517790462821722,0,0,unlabeled
794,0.12775003910064697,0,0,unlabeled
795,0.28782904148101807,0,0,train
796,0.002330161165446043,0,0,unlabeled
797,0.2939465641975403,0,0,unlabeled
798,0.001662314753048122,0,0,unlabeled
799,2.1828254830325022e-05,0,0,unlabeled
800,0.12785916030406952,0,0,unlabeled
801,6.775189831387252e-05,0,0,train
802,0.9092341661453247,1,0,unlabeled
803,0.38552919030189514,0,0,unlabeled
804,0.005720393266528845,0,0,unlabeled
805,0.4819372892379761,0,0,unlabeled
806,0.3277651369571686,0,0,train
807,0.9007802605628967,1,0,unlabeled
808,0.6548561453819275,0,0,train
809,0.0009080696036107838,0,0,train
810,3.488977745291777e-05,0,0,train
811,0.061168327927589417,0,0,train
812,0.00014564229059033096,0,0,train
813,3.585596277844161e-05,0,0,train
814,0.0018176307203248143,0,0,unlabeled
815,6.610864033973485e-07,0,0,unlabeled
816,0.9594553112983704,1,0,unlabeled
817,0.8324246406555176,0,0,unlabeled
818,1.0984424392290748e-07,0,0,unlabeled
819,0.0010984103428199887,0,0,unlabeled
820,0.9541147351264954,1,0,unlabeled
821,9.314983617514372e-05,0,0,unlabeled
822,0.6360325217247009,0,0,unlabeled
823,0.28623583912849426,0,0,unlabeled
824,0.0001272013469133526,0,0,unlabeled
825,0.00010391989053459838,0,0,unlabeled
826,0.04914577305316925,0,0,unlabeled
827,4.381296548672253e-06,0,0,unlabeled
828,3.366436794749461e-05,0,0,unlabeled
829,0.01792965829372406,0,0,unlabeled
830,2.514958907795517e-07,0,0,train
831,1.2883342606073711e-05,0,0,unlabeled
832,0.09778687357902527,0,0,unlabeled
833,0.11280258744955063,0,0,unlabeled
834,0.00010352662502555177,0,0,unlabeled
835,0.00022314813395496458,0,0,unlabeled
836,0.09798076748847961,0,0,unlabeled
837,0.6863648891448975,0,0,unlabeled
838,0.7295159697532654,0,0,unlabeled
839,0.75188148021698,0,0,val
840,0.6374215483665466,0,0,unlabeled
841,0.7960554361343384,0,0,unlabeled
842,0.12167588621377945,0,0,unlabeled
843,0.0006109471432864666,0,0,unlabeled
844,0.005738824140280485,0,0,unlabeled
845,0.1258845180273056,0,0,unlabeled
846,5.755156962550245e-05,0,0,unlabeled
847,0.009369445033371449,0,0,unlabeled
848,0.22405757009983063,0,0,unlabeled
849,6.324035348370671e-05,0,0,train
850,0.0004980101366527379,0,0,unlabeled
851,0.00020049940212629735,0,0,unlabeled
852,2.0432119072211208e-06,0,0,unlabeled
853,0.5247055292129517,0,0,unlabeled
854,0.5063915252685547,0,0,unlabeled
855,5.255350515653845e-06,0,0,unlabeled
856,0.09363208711147308,0,0,unlabeled
857,0.011568362824618816,0,0,train
858,0.8965223431587219,1,1,unlabeled
859,0.00010583338007563725,0,0,unlabeled
860,0.00041230686474591494,0,0,unlabeled
861,0.0014472957700490952,0,0,unlabeled
862,0.11583029478788376,0,0,unlabeled
863,0.00014585742610506713,0,0,val
864,0.010355932638049126,0,0,unlabeled
865,0.032837070524692535,0,0,unlabeled
866,0.014553943648934364,0,0,unlabeled
867,0.7566739320755005,0,0,val
868,0.00013616455544251949,0,0,unlabeled
869,0.007643146440386772,0,0,unlabeled
870,2.9387027097982354e-05,0,0,unlabeled
871,0.014414403587579727,0,0,unlabeled
872,0.0007556352647952735,0,0,unlabeled
873,0.23463945090770721,0,0,unlabeled
874,2.9415630251605762e-06,0,0,unlabeled
875,0.0005224887281656265,0,0,unlabeled
876,0.5613346695899963,0,0,unlabeled
877,0.01721421256661415,0,0,unlabeled
878,0.011449798941612244,0,0,unlabeled
879,0.0033246581442654133,0,0,train
880,0.0004022848152089864,0,0,unlabeled
881,0.5144809484481812,0,0,train
882,0.002583154011517763,0,0,unlabeled
883,0.0006899168947711587,0,0,val
884,0.002226250944659114,0,0,unlabeled
885,0.0006201666546985507,0,0,unlabeled
886,0.0003059398732148111,0,0,unlabeled
887,0.000651923764962703,0,0,unlabeled
888,5.346307443687692e-05,0,0,unlabeled
889,4.088155492354417e-06,0,0,unlabeled
890,0.17709311842918396,0,0,unlabeled
891,0.01947801001369953,0,0,train
892,0.0014529845211654902,0,0,unlabeled
893,0.08822139352560043,0,0,unlabeled
894,0.0003333686909172684,0,0,unlabeled
895,0.9593729972839355,1,0,train
896,0.07613421976566315,0,0,unlabeled
897,0.00024125995696522295,0,0,unlabeled
898,0.006621980108320713,0,0,train
899,0.9901233315467834,1,0,unlabeled
900,0.9537967443466187,1,0,unlabeled
901,0.9602974057197571,1,0,unlabeled
902,0.28591805696487427,0,0,unlabeled
903,1.638654651969773e-07,0,0,unlabeled
904,3.841410216409713e-05,0,0,unlabeled
905,0.0014898811932653189,0,0,train
906,0.0009411728824488819,0,0,unlabeled
907,5.933883221587166e-05,0,0,unlabeled
908,0.23397336900234222,0,0,unlabeled
909,0.00027933367528021336,0,0,train
910,1.3428437341644894e-05,0,0,unlabeled
911,0.3707244098186493,0,0,unlabeled
912,0.00020846625557169318,0,0,unlabeled
913,5.538784171221778e-05,0,0,train
914,1.9761850126087666e-05,0,0,unlabeled
915,0.0010257478570565581,0,0,unlabeled
916,0.0011731934500858188,0,0,unlabeled
917,0.14378248155117035,0,0,train
918,0.1421527862548828,0,0,unlabeled
919,0.003912200685590506,0,0,unlabeled
920,0.011761869303882122,0,0,unlabeled
921,0.008259628899395466,0,0,unlabeled
922,0.00015961227472871542,0,0,unlabeled
923,0.0006779833929613233,0,0,unlabeled
924,6.348279679713187e-09,0,0,unlabeled
925,0.005732061341404915,0,0,unlabeled
926,0.9708398580551147,1,0,unlabeled
927,4.944503598380834e-05,0,0,train
928,0.00017591138021089137,0,0,train
929,0.009565035812556744,0,0,unlabeled
930,1.4557548638549633e-05,0,0,unlabeled
931,0.48281291127204895,0,0,unlabeled
932,0.0003465093323029578,0,0,unlabeled
933,5.64477923035156e-05,0,0,unlabeled
934,0.006059316918253899,0,0,train
935,2.426628998364322e-05,0,0,unlabeled
936,0.5237641334533691,0,0,unlabeled
937,0.07678718119859695,0,0,unlabeled
938,3.2357584132114425e-05,0,0,unlabeled
939,0.019404210150241852,0,0,unlabeled
940,0.05912208929657936,0,0,unlabeled
941,3.118276197255909e-07,0,0,unlabeled
942,0.00029453812749125063,0,0,unlabeled
943,0.8971049785614014,1,0,unlabeled
944,0.0061741778627038,0,0,unlabeled
945,0.0010974464239552617,0,0,unlabeled
946,0.0006050956435501575,0,0,val
947,0.00010395557183073834,0,0,unlabeled
948,5.689685622201068e-06,0,0,unlabeled
949,8.145761967170984e-05,0,0,unlabeled
950,0.00034339982084929943,0,0,unlabeled
951,0.0004954698379151523,0,0,unlabeled
952,0.0016715250676497817,0,0,unlabeled
953,0.011999908834695816,0,0,unlabeled
954,0.07096435129642487,0,0,val
955,4.066335748120764e-07,0,0,unlabeled
956,0.00030615608557127416,0,0,unlabeled
957,0.00010800320887938142,0,0,unlabeled
958,0.007583938539028168,0,0,unlabeled
959,0.0005947825848124921,0,0,unlabeled
960,0.003566427854821086,0,0,unlabeled
961,0.19974221289157867,0,0,unlabeled
962,0.0011353197041898966,0,0,val
963,1.3461225307764835e-06,0,0,unlabeled
964,1.3882011273835815e-07,0,0,unlabeled
965,0.0010112503077834845,0,0,unlabeled
966,8.365599205717444e-05,0,0,val
967,0.013459933921694756,0,0,unlabeled
968,0.00041246594628319144,0,0,unlabeled
969,0.01017579436302185,0,0,unlabeled
970,0.01151825301349163,0,0,unlabeled
971,5.700318070012145e-05,0,0,train
972,0.40148115158081055,0,0,unlabeled
973,0.8987129330635071,1,0,unlabeled
974,0.8655312061309814,1,0,unlabeled
975,0.0008349812123924494,0,0,unlabeled
976,1.7723990822560154e-05,0,0,unlabeled
977,0.8283758759498596,0,0,unlabeled
978,0.9752050042152405,1,1,unlabeled
979,0.8585942387580872,1,1,unlabeled
980,0.012661986984312534,0,1,unlabeled
981,0.9938522577285767,1,1,unlabeled
982,0.9463042616844177,1,1,train
983,0.9177830815315247,1,1,unlabeled
984,0.06556545943021774,0,1,unlabeled
985,0.8871340155601501,1,1,unlabeled
986,0.8359479308128357,0,1,unlabeled
987,0.7017292976379395,0,1,unlabeled
988,0.00540211983025074,0,0,unlabeled
989,0.00017888785805553198,0,0,train
990,0.4163855016231537,0,0,train
991,0.01669630967080593,0,0,unlabeled
992,0.00419044541195035,0,0,unlabeled
993,0.00022950625861994922,0,0,unlabeled
994,9.67370142461732e-05,0,0,unlabeled
995,3.138449073958327e-06,0,0,unlabeled
996,0.03386668115854263,0,0,unlabeled
997,1.94778249351657e-06,0,0,unlabeled
998,0.00014811121218372136,0,0,unlabeled
999,0.02018921822309494,0,0,unlabeled
1000,0.041288577020168304,0,0,unlabeled
1001,0.9799488186836243,1,0,unlabeled
1002,0.009660503827035427,0,0,unlabeled
1003,0.005169042386114597,0,0,unlabeled
1004,0.0011946645099669695,0,0,unlabeled
1005,0.02175319939851761,0,0,unlabeled
1006,0.1853974610567093,0,0,val
1007,0.31269174814224243,0,0,unlabeled
1008,0.006541071459650993,0,0,train
1009,3.153449506498873e-05,0,0,unlabeled
1010,0.9883151054382324,1,0,unlabeled
1011,0.1852203756570816,0,0,unlabeled
1012,0.08407401293516159,0,0,unlabeled
1013,7.965291842992883e-06,0,0,unlabeled
1014,0.004784999415278435,0,0,train
1015,0.5548905730247498,0,0,unlabeled
1016,0.010492278262972832,0,0,unlabeled
1017,1.0646285772963893e-05,0,0,unlabeled
1018,0.0006958210724405944,0,0,unlabeled
1019,2.5074461973417783e-07,0,0,unlabeled
1020,0.003717644140124321,0,0,unlabeled
1021,0.01219432894140482,0,0,unlabeled
1022,7.527720299549401e-05,0,0,unlabeled
1023,0.000725991209037602,0,0,unlabeled
1024,4.27928680437617e-05,0,0,unlabeled
1025,0.0005091450875625014,0,0,unlabeled
1026,0.007176813669502735,0,0,unlabeled
1027,0.0007043865043669939,0,0,unlabeled
1028,0.38001754879951477,0,0,unlabeled
1029,0.06379906088113785,0,0,unlabeled
1030,0.11910074949264526,0,0,unlabeled
1031,6.886066898914578e-07,0,0,unlabeled
1032,0.06994841247797012,0,0,train
1033,0.5490618944168091,0,0,unlabeled
1034,0.004400829318910837,0,0,train
1035,0.000471451785415411,0,0,unlabeled
1036,0.0008203806937672198,0,0,unlabeled
1037,0.006815980654209852,0,0,val
1038,0.008587365038692951,0,0,unlabeled
1039,0.17213183641433716,0,0,unlabeled
1040,0.00013703739386983216,0,0,unlabeled
1041,0.19847097992897034,0,0,unlabeled
1042,0.7975875735282898,0,0,unlabeled
1043,0.0009890745859593153,0,0,unlabeled
1044,0.019934367388486862,0,0,train
1045,0.003287481376901269,0,0,val
1046,0.11058837920427322,0,0,unlabeled
1047,0.9767377972602844,1,0,unlabeled
1048,0.4602524936199188,0,0,unlabeled
1049,0.022044915705919266,0,0,unlabeled
1050,0.0003557488089427352,0,0,train
1051,0.5065808892250061,0,0,train
1052,4.9074496928369626e-05,0,0,unlabeled
1053,0.012402729131281376,0,0,unlabeled
1054,0.00011657634604489431,0,0,train
1055,0.30025655031204224,0,0,unlabeled
1056,0.020017603412270546,0,0,train
1057,0.8312808275222778,0,0,unlabeled
1058,0.06423335522413254,0,0,val
1059,0.4850565195083618,0,0,train
1060,0.021669980138540268,0,0,unlabeled
1061,0.003166255773976445,0,0,train
1062,0.017264826223254204,0,0,unlabeled
1063,0.020712509751319885,0,0,unlabeled
1064,0.0006751572364009917,0,0,unlabeled
1065,0.000223050476051867,0,0,unlabeled
1066,0.0028079103212803602,0,0,unlabeled
1067,0.5292466282844543,0,0,val
1068,0.00019084046653006226,0,0,unlabeled
1069,0.00011263443593634292,0,0,train
1070,3.4473841878934763e-06,0,0,unlabeled
1071,1.4645582268713042e-05,0,0,unlabeled
1072,5.390826913753699e-07,0,0,unlabeled
1073,0.057464540004730225,0,0,unlabeled
1074,0.01111690141260624,0,0,unlabeled
1075,0.0030582540202885866,0,0,unlabeled
1076,0.0003737455699592829,0,0,unlabeled
1077,0.36062899231910706,0,0,unlabeled
1078,0.0014472054317593575,0,0,unlabeled
1079,0.23050540685653687,0,0,unlabeled
1080,0.0011992170475423336,0,0,unlabeled
1081,0.00017718250455800444,0,0,unlabeled
1082,0.8940989375114441,1,0,unlabeled
1083,0.007924164645373821,0,0,unlabeled
1084,0.006498867180198431,0,0,unlabeled
1085,0.5910062789916992,0,0,train
1086,0.007949154824018478,0,0,train
1087,2.1679423298337497e-05,0,0,train
1088,0.0005659975577145815,0,0,unlabeled
1089,0.0007293997332453728,0,0,unlabeled
1090,0.0004683238221332431,0,0,unlabeled
1091,0.00047106502461247146,0,0,unlabeled
1092,0.02131158486008644,0,0,unlabeled
1093,6.6765751398634166e-06,0,0,unlabeled
1094,0.0019261663546785712,0,0,unlabeled
1095,0.17892685532569885,0,0,unlabeled
1096,0.00013507413677871227,0,0,train
1097,2.765096269286005e-06,0,0,unlabeled
1098,0.00012966235226485878,0,0,train
1099,0.9063175916671753,1,0,val
1100,0.00015475584950763732,0,0,unlabeled
1101,0.9833557605743408,1,1,unlabeled
1102,0.9394891858100891,1,0,unlabeled
1103,0.5976086854934692,0,0,train
1104,0.9421361684799194,1,1,unlabeled
1105,5.3583860903927416e-08,0,0,unlabeled
1106,0.12327855825424194,0,0,unlabeled
1107,0.02964276261627674,0,0,unlabeled
1108,0.9914489388465881,1,1,unlabeled
1109,0.15627829730510712,0,0,val
1110,1.2496216186264064e-06,0,0,train
1111,0.8302227258682251,0,1,unlabeled
1112,0.8684900999069214,1,1,train
1113,0.08751922100782394,0,0,unlabeled
1114,1.0692368050513323e-05,0,0,train
1115,0.8134122490882874,0,0,unlabeled
1116,0.6231602430343628,0,0,unlabeled
1117,3.054560147575103e-05,0,0,unlabeled
1118,0.0008593540987931192,0,0,train
1119,0.0005018361262045801,0,0,unlabeled
1120,0.013280496932566166,0,0,val
1121,3.319009920232929e-05,0,0,unlabeled
1122,2.6659495233616326e-06,0,0,unlabeled
1123,0.2462524026632309,0,0,unlabeled
1124,0.09259222447872162,0,0,unlabeled
1125,0.02568269707262516,0,0,unlabeled
1126,0.0007024013320915401,0,0,train
1127,0.0004731944063678384,0,0,unlabeled
1128,0.011259074322879314,0,0,unlabeled
1129,0.3780990540981293,0,0,unlabeled
1130,0.00011831069423351437,0,0,unlabeled
1131,0.14041581749916077,0,0,unlabeled
1132,0.4844936430454254,0,0,unlabeled
1133,2.583459354355e-05,0,0,unlabeled
1134,0.00879760179668665,0,0,train
1135,0.05520240589976311,0,0,unlabeled
1136,0.16321542859077454,0,0,unlabeled
1137,0.239517942070961,0,0,unlabeled
1138,0.02067825011909008,0,0,train
1139,0.0438949391245842,0,0,unlabeled
1140,0.5855015516281128,0,0,unlabeled
1141,0.000225401294301264,0,0,unlabeled
1142,1.7566620726938709e-06,0,0,unlabeled
1143,0.0134585527703166,0,0,unlabeled
1144,0.7208189368247986,0,0,unlabeled
1145,0.704041600227356,0,0,train
1146,0.013058016076683998,0,0,train
1147,9.429975762031972e-06,0,0,unlabeled
1148,0.008853448554873466,0,0,unlabeled
1149,0.9124780893325806,1,0,unlabeled
1150,0.0010763555765151978,0,0,unlabeled
1151,0.000626874272711575,0,0,unlabeled
1152,6.650125578744337e-05,0,0,unlabeled
1153,0.6846867799758911,0,0,unlabeled
1154,0.09664828330278397,0,0,unlabeled
1155,0.009714603424072266,0,0,unlabeled
1156,0.8056221008300781,0,0,unlabeled
1157,0.5999178290367126,0,0,unlabeled
1158,2.62190278590424e-05,0,0,unlabeled
1159,0.7895734310150146,0,0,unlabeled
1160,0.007691362407058477,0,0,unlabeled
1161,0.6361079812049866,0,0,train
1162,0.4215881824493408,0,0,unlabeled
1163,0.00010039087646873668,0,0,unlabeled
1164,0.0001393898273818195,0,0,unlabeled
1165,4.380281097837724e-06,0,0,unlabeled
1166,0.03020308166742325,0,0,unlabeled
1167,0.0008130930946208537,0,0,unlabeled
1168,0.0009140613838098943,0,0,unlabeled
1169,0.43639126420021057,0,0,unlabeled
1170,0.5442755222320557,0,0,unlabeled
1171,0.011271311901509762,0,0,unlabeled
1172,0.6619176268577576,0,0,unlabeled
1173,9.296446660300717e-05,0,0,unlabeled
1174,0.0026514828205108643,0,0,unlabeled
1175,0.0011142529547214508,0,0,train
1176,0.9136050343513489,1,0,unlabeled
1177,0.8467066287994385,0,0,unlabeled
1178,0.010080923326313496,0,0,train
1179,0.009856523014605045,0,0,unlabeled
1180,0.006486265454441309,0,0,train
1181,0.03960997611284256,0,0,unlabeled
1182,0.7043238282203674,0,0,unlabeled
1183,0.0033495095558464527,0,0,unlabeled
1184,0.00394284026697278,0,0,unlabeled
1185,0.11642831563949585,0,0,train
1186,7.02338365954347e-05,0,0,unlabeled
1187,0.006791906431317329,0,0,unlabeled
1188,0.47558242082595825,0,0,unlabeled
1189,0.005032495129853487,0,0,train
1190,0.0008889938471838832,0,0,train
1191,0.03127578645944595,0,0,unlabeled
1192,0.0003103568160440773,0,0,train
1193,0.7690460085868835,0,0,train
1194,0.0006714585470035672,0,0,unlabeled
1195,0.3604348599910736,0,0,unlabeled
1196,0.0003780490951612592,0,0,unlabeled
1197,0.7837688326835632,0,0,unlabeled
1198,0.05359118804335594,0,0,train
1199,0.07199003547430038,0,0,unlabeled
1200,0.0003187927359249443,0,0,val
1201,0.0005024856654927135,0,0,unlabeled
1202,0.03395801782608032,0,0,unlabeled
1203,0.06685077399015427,0,0,val
1204,0.004697161726653576,0,0,unlabeled
1205,0.6736654043197632,0,0,val
1206,0.0006597337778657675,0,0,unlabeled
1207,0.009994515217840672,0,0,unlabeled
1208,0.0006670805159956217,0,0,unlabeled
1209,5.109967241878621e-05,0,0,unlabeled
1210,0.00034218476503156126,0,0,train
1211,0.37281334400177,0,0,val
1212,0.0051957699470222,0,0,unlabeled
1213,0.30480268597602844,0,0,unlabeled
1214,0.16391022503376007,0,0,train
1215,0.03864699974656105,0,0,unlabeled
1216,0.8125343322753906,0,0,val
1217,0.16049432754516602,0,0,unlabeled
1218,0.027656255289912224,0,0,unlabeled
1219,0.013354688882827759,0,0,unlabeled
1220,0.00027727335691452026,0,0,unlabeled
1221,0.016702251508831978,0,0,unlabeled
1222,6.675083454865671e-07,0,0,unlabeled
1223,2.9889829420426395e-06,0,0,unlabeled
1224,0.006209246348589659,0,0,unlabeled
1225,0.157862588763237,0,0,unlabeled
1226,0.03750767186284065,0,0,train
1227,0.00017646948981564492,0,0,unlabeled
1228,0.0004148267034906894,0,0,unlabeled
1229,0.12803435325622559,0,0,train
1230,0.00010111672600032762,0,0,unlabeled
1231,0.32624033093452454,0,0,unlabeled
1232,0.9900716543197632,1,0,unlabeled
1233,1.7415462934877723e-05,0,0,unlabeled
1234,0.0001753080723574385,0,0,unlabeled
1235,0.00438373489305377,0,0,unlabeled
1236,0.024990590289235115,0,0,train
1237,0.22144514322280884,0,0,val
1238,0.22526013851165771,0,0,unlabeled
1239,0.9768878221511841,1,0,unlabeled
1240,0.15954561531543732,0,0,train
1241,0.057751573622226715,0,0,unlabeled
1242,0.0037666503340005875,0,0,unlabeled
1243,6.203756015565887e-07,0,0,unlabeled
1244,0.3439234495162964,0,0,unlabeled
1245,0.00015063087630551308,0,0,unlabeled
1246,0.0020658092107623816,0,0,unlabeled
1247,9.832350770011544e-05,0,0,unlabeled
1248,0.00504473177716136,0,0,val
1249,0.0017449496081098914,0,0,unlabeled
1250,0.5714114904403687,0,0,unlabeled
1251,0.9141288995742798,1,0,unlabeled
1252,0.0036377976648509502,0,0,train
1253,1.3931639841757715e-07,0,0,unlabeled
1254,8.903812704375014e-05,0,0,unlabeled
1255,0.08631012588739395,0,0,unlabeled
1256,0.0005273341666907072,0,0,unlabeled
1257,0.10269675403833389,0,0,unlabeled
1258,4.729242573375814e-05,0,0,unlabeled
1259,0.00040511376573704183,0,0,train
1260,0.10542727261781693,0,0,unlabeled
1261,0.6714833378791809,0,0,train
1262,0.0002661731850821525,0,0,unlabeled
1263,0.0030605054926127195,0,0,unlabeled
1264,5.027272109714431e-08,0,0,unlabeled
1265,0.0001672854705248028,0,0,unlabeled
1266,0.0008222789620049298,0,0,unlabeled
1267,0.002736180555075407,0,0,unlabeled
1268,0.06654521077871323,0,0,unlabeled
1269,0.004543009214103222,0,0,unlabeled
1270,0.09833341091871262,0,0,train
1271,0.5140584111213684,0,0,unlabeled
1272,0.09272582083940506,0,0,unlabeled
1273,0.02068350836634636,0,0,unlabeled
1274,0.007841655984520912,0,0,unlabeled
1275,0.005022366996854544,0,0,unlabeled
1276,1.4949212527426425e-05,0,0,unlabeled
1277,0.821292519569397,0,0,unlabeled
1278,4.7798771447560284e-06,0,0,train
1279,0.0002014181955019012,0,0,unlabeled
1280,0.005264978390187025,0,0,unlabeled
1281,8.526544093001576e-07,0,0,unlabeled
1282,0.06896938383579254,0,0,unlabeled
1283,2.827275524808215e-09,0,0,unlabeled
1284,6.845602911198512e-06,0,0,unlabeled
1285,0.08473145216703415,0,0,train
1286,0.02118528261780739,0,0,unlabeled
1287,0.0025808524806052446,0,0,unlabeled
1288,0.00044270369107834995,0,0,unlabeled
1289,0.49706828594207764,0,0,val
1290,1.2231703294673935e-06,0,0,unlabeled
1291,0.8059664964675903,0,0,unlabeled
1292,0.0004930520080961287,0,0,unlabeled
1293,0.025794316083192825,0,0,unlabeled
1294,0.0006236997433006763,0,0,unlabeled
1295,0.022334491834044456,0,0,unlabeled
1296,0.11268632113933563,0,0,unlabeled
1297,7.115131302271038e-05,0,0,unlabeled
1298,0.00024533041869290173,0,0,train
1299,0.006585759110748768,0,0,unlabeled
1300,0.00010933809244306758,0,0,unlabeled
1301,0.022566618397831917,0,0,unlabeled
1302,2.927941523012123e-06,0,0,unlabeled
1303,0.003851543413475156,0,0,unlabeled
1304,4.191302195977187e-06,0,0,train
1305,0.9309423565864563,1,0,unlabeled
1306,0.006995688192546368,0,0,unlabeled
1307,0.00013148802099749446,0,0,unlabeled
1308,0.0013660391559824347,0,0,unlabeled
1309,1.6355525076505728e-06,0,0,unlabeled
1310,2.711924935283605e-06,0,0,unlabeled
1311,0.07913127541542053,0,0,unlabeled
1312,0.24349352717399597,0,0,val
1313,0.3329247832298279,0,0,unlabeled
1314,0.0101337730884552,0,0,train
1315,2.2693680875818245e-05,0,0,unlabeled
1316,0.0014583638403564692,0,0,unlabeled
1317,3.5996468795929104e-05,0,0,unlabeled
1318,0.0001409436808899045,0,0,unlabeled
1319,0.0016090837307274342,0,0,val
1320,0.008982664905488491,0,0,unlabeled
1321,0.2702748775482178,0,0,unlabeled
1322,0.007462503854185343,0,0,unlabeled
1323,3.908661165041849e-05,0,0,unlabeled
1324,6.149107503006235e-05,0,0,unlabeled
1325,0.0007357930298894644,0,0,unlabeled
1326,0.00026264117332175374,0,0,unlabeled
1327,3.976993411924923e-06,0,0,unlabeled
1328,0.4564555287361145,0,0,unlabeled
1329,0.637444257736206,0,0,unlabeled
1330,0.03279029205441475,0,0,unlabeled
1331,0.35618019104003906,0,0,unlabeled
1332,0.00022645035642199218,0,0,train
1333,0.00013340613804757595,0,0,unlabeled
1334,0.002550091128796339,0,0,unlabeled
1335,0.0007968184072524309,0,0,unlabeled
1336,0.07115507870912552,0,0,train
1337,0.7337279915809631,0,0,unlabeled
1338,0.00036218584864400327,0,0,train
1339,2.545107236073818e-06,0,0,val
1340,0.0007277323165908456,0,0,train
1341,0.0005183741450309753,0,0,unlabeled
1342,0.008500251919031143,0,0,unlabeled
1343,0.15551267564296722,0,0,unlabeled
1344,0.023914339020848274,0,0,unlabeled
1345,0.0008650507079437375,0,0,val
1346,0.009498458355665207,0,0,unlabeled
1347,0.0310350488871336,0,0,train
1348,0.02189238928258419,0,0,unlabeled
1349,0.9165143370628357,1,0,unlabeled
1350,0.7877377271652222,0,0,unlabeled
1351,0.7783048748970032,0,0,unlabeled
1352,0.1876647025346756,0,0,train
1353,0.023508960381150246,0,0,unlabeled
1354,0.4995049238204956,0,0,unlabeled
1355,0.9789669513702393,1,0,unlabeled
1356,0.07236593216657639,0,0,unlabeled
1357,0.30582690238952637,0,0,unlabeled
1358,0.002491977298632264,0,0,unlabeled
1359,0.8950222730636597,1,0,unlabeled
1360,0.058203261345624924,0,0,unlabeled
1361,7.103701500454918e-05,0,0,train
1362,0.00012183975195512176,0,0,train
1363,0.00032214735983870924,0,0,unlabeled
1364,0.0002606470079626888,0,0,unlabeled
1365,2.4752223453106126e-06,0,0,unlabeled
1366,9.207310540659819e-07,0,0,unlabeled
1367,1.9188973965356126e-05,0,0,train
1368,8.550045458832756e-05,0,0,train
1369,0.09166242927312851,0,0,unlabeled
1370,0.00022851995890960097,0,0,unlabeled
1371,0.004983487538993359,0,0,unlabeled
1372,0.0002491063787601888,0,0,unlabeled
1373,0.09790531545877457,0,0,unlabeled
1374,0.1296607255935669,0,0,unlabeled
1375,0.0008214934496209025,0,0,unlabeled
1376,0.048749376088380814,0,0,unlabeled
1377,0.020686941221356392,0,0,unlabeled
1378,0.0009098401642404497,0,0,unlabeled
1379,0.006220355164259672,0,0,train
1380,0.17573532462120056,0,0,unlabeled
1381,0.0015440278220921755,0,0,unlabeled
1382,0.03679879382252693,0,0,unlabeled
1383,0.9852049350738525,1,0,unlabeled
1384,0.7466716170310974,0,0,unlabeled
1385,7.867968633945566e-06,0,0,unlabeled
1386,0.14112578332424164,0,0,unlabeled
1387,9.299656812800094e-05,0,0,train
1388,0.07370705902576447,0,0,train
1389,0.0005676621221937239,0,0,unlabeled
1390,0.4970122277736664,0,0,unlabeled
1391,0.0002743039804045111,0,0,val
1392,1.0220506737823598e-05,0,0,unlabeled
1393,0.8364042639732361,0,0,unlabeled
1394,0.29568132758140564,0,0,unlabeled
1395,0.21509727835655212,0,0,unlabeled
1396,0.3821834921836853,0,0,train
1397,0.20050598680973053,0,0,unlabeled
1398,0.00020157283870503306,0,0,unlabeled
1399,6.327443406917155e-05,0,0,unlabeled
1400,0.0008516401867382228,0,0,train
1401,0.0002546579926274717,0,0,unlabeled
1402,2.7488569685374387e-05,0,0,unlabeled
1403,0.001568481675349176,0,0,unlabeled
1404,2.3375507225864567e-05,0,0,unlabeled
1405,0.2672821581363678,0,0,unlabeled
1406,0.02849508449435234,0,0,unlabeled
1407,0.10113000869750977,0,0,unlabeled
1408,0.0038384045474231243,0,0,unlabeled
1409,0.05689585208892822,0,0,unlabeled
1410,8.307582174893469e-05,0,0,train
1411,0.01164435874670744,0,0,unlabeled
1412,6.716733332723379e-05,0,0,unlabeled
1413,0.2277606725692749,0,0,unlabeled
1414,0.008560216054320335,0,0,train
1415,0.7236596941947937,0,0,unlabeled
1416,0.0700368732213974,0,0,unlabeled
1417,2.68948156190163e-06,0,0,val
1418,0.0001965323754120618,0,0,unlabeled
1419,0.0036274800077080727,0,0,unlabeled
1420,0.011443453840911388,0,0,unlabeled
1421,0.07163967192173004,0,0,unlabeled
1422,0.002271112520247698,0,0,unlabeled
1423,0.0038324599154293537,0,0,train
1424,0.00019809712830465287,0,0,train
1425,0.43809473514556885,0,0,unlabeled
1426,0.5080106258392334,0,0,unlabeled
1427,0.0011508348397910595,0,0,unlabeled
1428,0.10073214769363403,0,0,train
1429,6.970870890654624e-05,0,0,unlabeled
1430,0.0005898963427171111,0,0,unlabeled
1431,0.0032456626649945974,0,0,unlabeled
1432,0.07939834892749786,0,0,unlabeled
1433,0.5516140460968018,0,0,unlabeled
1434,0.5523072481155396,0,0,unlabeled
1435,0.007312369532883167,0,0,unlabeled
1436,0.4781477153301239,0,0,val
1437,0.0004998844233341515,0,0,train
1438,4.2338515982009994e-07,0,0,train
1439,0.060215216130018234,0,0,unlabeled
1440,5.945869270362891e-05,0,0,unlabeled
1441,0.0003128105017822236,0,0,unlabeled
1442,0.00041032698936760426,0,0,val
1443,0.04912135750055313,0,0,unlabeled
1444,1.0372172255301848e-05,0,0,unlabeled
1445,0.837197482585907,0,0,unlabeled
1446,0.36258774995803833,0,0,unlabeled
1447,0.0005468276794999838,0,0,unlabeled
1448,0.0002366156259085983,0,0,unlabeled
1449,0.3424414396286011,0,0,unlabeled
1450,0.017164556309580803,0,0,train
1451,8.049433381529525e-05,0,0,unlabeled
1452,0.0034831813536584377,0,0,unlabeled
1453,0.00040500739123672247,0,0,train
1454,0.3731066584587097,0,0,unlabeled
1455,0.04608937352895737,0,0,val
1456,0.011338048614561558,0,0,unlabeled
1457,0.0493103489279747,0,0,unlabeled
1458,0.9344260692596436,1,0,unlabeled
1459,3.3871376672323095e-06,0,0,unlabeled
1460,0.006380577106028795,0,0,unlabeled
1461,0.00014539308904204518,0,0,unlabeled
1462,3.296782961115241e-05,0,0,unlabeled
1463,7.079454888980763e-08,0,0,unlabeled
1464,0.028749795630574226,0,0,unlabeled
1465,4.2817027861019596e-05,0,0,train
1466,0.017992300912737846,0,0,unlabeled
1467,0.5907333493232727,0,0,unlabeled
1468,0.012368869967758656,0,0,unlabeled
1469,4.34503162978217e-05,0,0,unlabeled
1470,9.75790826487355e-05,0,0,unlabeled
1471,0.008928869850933552,0,0,val
1472,0.0017929964233189821,0,0,unlabeled
1473,8.996242831926793e-05,0,0,train
1474,0.00853875745087862,0,0,unlabeled
1475,0.14896054565906525,0,0,unlabeled
1476,7.826554959677878e-10,0,0,unlabeled
1477,7.044969606795348e-06,0,0,unlabeled
1478,0.0008491375483572483,0,0,unlabeled
1479,0.0011641118908300996,0,0,unlabeled
1480,0.00016323044837918133,0,0,unlabeled
1481,0.0004667295143008232,0,0,unlabeled
1482,0.4835379123687744,0,0,unlabeled
1483,0.21160799264907837,0,0,unlabeled
1484,3.5864584788214415e-05,0,0,unlabeled
1485,0.0024674348533153534,0,0,train
1486,0.0009730453602969646,0,0,unlabeled
1487,0.006696900352835655,0,0,unlabeled
1488,0.03828415647149086,0,0,train
1489,1.4693567209178582e-05,0,0,unlabeled
1490,0.0002736506867222488,0,0,unlabeled
1491,5.623347533401102e-05,0,0,unlabeled
1492,0.4542865455150604,0,0,unlabeled
1493,0.2845275402069092,0,0,unlabeled
1494,0.008422665297985077,0,0,unlabeled
1495,0.014306437224149704,0,0,unlabeled
1496,0.005848940461874008,0,0,unlabeled
1497,0.18474607169628143,0,0,train
1498,9.199712803820148e-05,0,0,unlabeled
1499,0.0008855192572809756,0,0,unlabeled
1500,0.00029070634627714753,0,0,train
1501,2.337196383450646e-05,0,0,unlabeled
1502,0.0001732267119223252,0,0,train
1503,6.677489000139758e-05,0,0,unlabeled
1504,0.38040217757225037,0,0,unlabeled
1505,0.09080511331558228,0,0,unlabeled
1506,0.12656618654727936,0,0,unlabeled
1507,0.006438438314944506,0,0,unlabeled
1508,0.06855689734220505,0,0,unlabeled
1509,0.4679490327835083,0,0,unlabeled
1510,0.06111019477248192,0,0,unlabeled
1511,0.0001620164402993396,0,0,unlabeled
1512,0.014573515392839909,0,0,unlabeled
1513,0.4008823335170746,0,0,unlabeled
1514,0.6582753658294678,0,0,unlabeled
1515,2.5780840587685816e-05,0,0,train
1516,0.046568550169467926,0,0,val
1517,0.06966013461351395,0,0,unlabeled
1518,2.9143187930458225e-05,0,0,unlabeled
1519,7.083281616360182e-06,0,0,unlabeled
1520,0.00012018551933579147,0,0,unlabeled
1521,0.4190385639667511,0,0,train
1522,2.7138964924233733e-06,0,0,train
1523,0.038141168653964996,0,0,unlabeled
1524,0.00018596598238218576,0,0,train
1525,0.2736761271953583,0,0,unlabeled
1526,0.8385622501373291,0,0,train
1527,0.0015734027838334441,0,0,unlabeled
1528,0.0012837877729907632,0,0,unlabeled
1529,1.6039439287851565e-06,0,0,unlabeled
1530,0.0023110525216907263,0,0,train
1531,4.22165749114356e-06,0,0,train
1532,0.01293602678924799,0,0,unlabeled
1533,0.9626492261886597,1,0,unlabeled
1534,0.5777389407157898,0,0,unlabeled
1535,0.011536971665918827,0,0,unlabeled
1536,0.0011644058395177126,0,0,unlabeled
1537,0.8243116140365601,0,0,unlabeled
1538,0.0015097600407898426,0,0,unlabeled
1539,0.8844558000564575,1,0,unlabeled
1540,3.725858550751582e-05,0,0,unlabeled
1541,0.7890236377716064,0,0,unlabeled
1542,6.981921615079045e-05,0,0,unlabeled
1543,0.08356473594903946,0,0,unlabeled
1544,0.30528679490089417,0,0,unlabeled
1545,0.27437224984169006,0,0,unlabeled
1546,0.002021044958382845,0,0,unlabeled
1547,6.317103543551639e-05,0,0,unlabeled
1548,5.826370033901185e-05,0,0,unlabeled
1549,0.9347421526908875,1,0,unlabeled
1550,0.0017577818362042308,0,0,unlabeled
1551,0.00012951382086612284,0,0,unlabeled
1552,9.306063475378323e-06,0,0,train
1553,0.9378730058670044,1,0,val
1554,7.382421699730912e-06,0,0,unlabeled
1555,0.026666298508644104,0,0,unlabeled
1556,0.0048322477377951145,0,0,train
1557,0.8631982207298279,1,0,unlabeled
1558,0.7231347560882568,0,0,unlabeled
1559,0.10193820297718048,0,0,unlabeled
1560,0.020385434851050377,0,0,unlabeled
1561,0.015987934544682503,0,0,unlabeled
1562,0.00015253426681738347,0,0,train
1563,9.766621951712295e-05,0,0,unlabeled
1564,0.00721502210944891,0,0,unlabeled
1565,0.29028773307800293,0,0,unlabeled
1566,6.106415185058722e-06,0,0,unlabeled
1567,0.0003343585995025933,0,0,train
1568,0.9554343819618225,1,0,unlabeled
1569,0.25980669260025024,0,0,unlabeled
1570,0.00010021449998021126,0,0,unlabeled
1571,0.044705331325531006,0,0,unlabeled
1572,0.050092246383428574,0,0,unlabeled
1573,0.8474234938621521,0,0,unlabeled
1574,0.42932555079460144,0,0,val
1575,1.4647705938841682e-05,0,0,train
1576,0.000113657682959456,0,0,unlabeled
1577,0.0069024027325212955,0,0,unlabeled
1578,0.3285062313079834,0,0,train
1579,0.7900377511978149,0,0,val
1580,0.07285640388727188,0,0,unlabeled
1581,0.005296573508530855,0,0,train
1582,0.0005551306530833244,0,0,unlabeled
1583,0.006705841515213251,0,0,val
1584,0.5646242499351501,0,0,unlabeled
1585,0.0634630024433136,0,0,unlabeled
1586,0.3680746257305145,0,0,train
1587,0.09725356101989746,0,0,unlabeled
1588,0.9177463054656982,1,0,unlabeled
1589,2.389455221418757e-05,0,0,unlabeled
1590,0.059424083679914474,0,0,unlabeled
1591,0.0022986847907304764,0,0,unlabeled
1592,0.00905110128223896,0,0,unlabeled
1593,0.049418266862630844,0,0,unlabeled
1594,0.01457239966839552,0,0,unlabeled
1595,0.9156830310821533,1,0,unlabeled
1596,0.00022016822185833007,0,0,unlabeled
1597,0.011452795937657356,0,0,val
1598,0.02638491801917553,0,0,unlabeled
1599,0.008830778300762177,0,0,unlabeled
1600,1.2314557352510747e-05,0,0,unlabeled
1601,0.00120070471893996,0,0,unlabeled
1602,0.004729656968265772,0,0,unlabeled
1603,0.0014057002263143659,0,0,train
1604,0.0007502502994611859,0,0,unlabeled
1605,0.02078942209482193,0,0,unlabeled
1606,0.0003591566637624055,0,0,unlabeled
1607,0.035791169852018356,0,0,unlabeled
1608,0.0005486502195708454,0,0,unlabeled
1609,0.2159745991230011,0,0,unlabeled
1610,0.0006345526198856533,0,0,unlabeled
1611,0.8723044991493225,1,0,unlabeled
1612,1.5732090332676307e-06,0,0,val
1613,0.02279026061296463,0,0,unlabeled
1614,0.01202083844691515,0,0,unlabeled
1615,0.005648338235914707,0,0,unlabeled
1616,3.5565306461649016e-05,0,0,unlabeled
1617,0.3596208989620209,0,0,train
1618,0.5536862015724182,0,0,unlabeled
1619,0.9581902623176575,1,0,unlabeled
1620,0.5285353064537048,0,0,unlabeled
1621,0.32079172134399414,0,0,unlabeled
1622,2.483469870639965e-06,0,0,unlabeled
1623,0.0018343304982408881,0,0,unlabeled
1624,9.192444122163579e-05,0,0,unlabeled
1625,2.4811333787511103e-06,0,0,unlabeled
1626,0.14536909759044647,0,0,unlabeled
1627,8.880961104296148e-06,0,0,unlabeled
1628,2.6830921342479996e-06,0,0,train
1629,0.3795018792152405,0,0,train
1630,0.006208519916981459,0,0,unlabeled
1631,0.00037594680907204747,0,0,unlabeled
1632,0.44442373514175415,0,0,unlabeled
1633,0.8334169387817383,0,0,unlabeled
1634,0.00010279082925990224,0,0,val
1635,2.513057552278042e-05,0,0,train
1636,0.010117323137819767,0,0,unlabeled
1637,0.44415217638015747,0,0,train
1638,0.0034849722869694233,0,0,unlabeled
1639,0.002106505911797285,0,0,unlabeled
1640,0.03184995800256729,0,0,train
1641,0.5373125672340393,0,0,unlabeled
1642,5.656488156091655e-06,0,0,unlabeled
1643,5.558303200814407e-06,0,0,unlabeled
1644,0.010148578323423862,0,0,unlabeled
1645,0.006915135774761438,0,0,unlabeled
1646,0.09829283505678177,0,0,unlabeled
1647,0.002120811492204666,0,0,train
1648,0.039340078830718994,0,0,unlabeled
1649,0.7325140237808228,0,0,train
1650,0.0043229698203504086,0,0,unlabeled
1651,0.004289787728339434,0,0,unlabeled
1652,1.03888964986254e-06,0,0,unlabeled
1653,0.10037849843502045,0,0,unlabeled
1654,0.9565616846084595,1,0,unlabeled
1655,0.8138390183448792,0,0,unlabeled
1656,0.3866441249847412,0,0,unlabeled
1657,0.02578994445502758,0,0,unlabeled
1658,6.1470282162190415e-06,0,0,unlabeled
1659,2.7201176635571755e-06,0,0,unlabeled
1660,0.052022479474544525,0,0,train
1661,1.6214804418268614e-05,0,0,unlabeled
1662,0.00022236503718886524,0,0,unlabeled
1663,0.5058698058128357,0,0,unlabeled
1664,0.0037414724938571453,0,0,train
1665,0.9549808502197266,1,0,unlabeled
1666,3.328680759295821e-05,0,0,unlabeled
1667,0.9718503355979919,1,0,val
1668,0.02046896517276764,0,0,unlabeled
1669,0.01853238232433796,0,0,val
1670,4.1060189687414095e-05,0,0,unlabeled
1671,0.0040323627181351185,0,0,train
1672,8.41404926177347e-06,0,0,unlabeled
1673,5.583426059274643e-07,0,0,unlabeled
1674,0.007311653345823288,0,0,train
1675,0.037664271891117096,0,0,unlabeled
1676,7.93968138168566e-06,0,0,unlabeled
1677,0.02161289192736149,0,0,unlabeled
1678,0.9197183847427368,1,0,unlabeled
1679,0.8933722972869873,1,0,train
1680,1.0527719496167265e-06,0,0,unlabeled
1681,0.5292069911956787,0,0,unlabeled
1682,0.011868752539157867,0,0,unlabeled
1683,4.941666247759713e-06,0,0,unlabeled
1684,0.008991898037493229,0,0,unlabeled
1685,0.9999998807907104,1,0,unlabeled
1686,0.00047364027705043554,0,0,unlabeled
1687,4.0680803067516536e-05,0,0,train
1688,0.3993980288505554,0,0,unlabeled
1689,0.02881799265742302,0,0,unlabeled
1690,0.17264902591705322,0,0,unlabeled
1691,1.1637690988663962e-07,0,0,unlabeled
1692,0.003934747539460659,0,0,unlabeled
1693,0.431895911693573,0,0,unlabeled
1694,0.0013329903595149517,0,0,unlabeled
1695,0.0004487987607717514,0,0,unlabeled
1696,0.0006686424603685737,0,0,unlabeled
1697,0.3902294635772705,0,0,unlabeled
1698,2.608333670650609e-05,0,0,unlabeled
1699,0.0019267603056505322,0,0,unlabeled
1700,0.004422035999596119,0,0,unlabeled
1701,0.3903355598449707,0,0,unlabeled
1702,0.008667204529047012,0,0,unlabeled
1703,0.8537730574607849,0,0,unlabeled
1704,0.015683945268392563,0,0,unlabeled
1705,0.015504144132137299,0,0,unlabeled
1706,1.245059411303373e-05,0,0,unlabeled
1707,0.0013821463799104095,0,0,unlabeled
1708,0.00012753326154779643,0,0,unlabeled
1709,8.62789022448851e-07,0,0,unlabeled
1710,0.002475034212693572,0,0,unlabeled
1711,6.662585656158626e-05,0,0,train
1712,0.9742279052734375,1,0,unlabeled
1713,0.6017972230911255,0,0,unlabeled
1714,0.6834639310836792,0,0,unlabeled
1715,0.003862246172502637,0,0,unlabeled
1716,0.0002153693640138954,0,0,train
1717,0.0212309081107378,0,0,train
1718,0.5830753445625305,0,0,unlabeled
1719,0.0002566888288129121,0,0,unlabeled
1720,0.0006527393707074225,0,0,train
1721,0.0003122658235952258,0,0,unlabeled
1722,0.0008664997294545174,0,0,unlabeled
1723,0.9520612359046936,1,0,train
1724,1.8678589185583405e-05,0,0,unlabeled
1725,6.517061734712115e-08,0,0,unlabeled
1726,0.26224246621131897,0,0,unlabeled
1727,3.5681354347616434e-05,0,0,unlabeled
1728,8.95965968084056e-06,0,0,unlabeled
1729,0.6512340307235718,0,0,unlabeled
1730,0.012470787391066551,0,0,unlabeled
1731,0.0021560725290328264,0,0,unlabeled
1732,0.3622799813747406,0,0,unlabeled
1733,9.528580267215148e-05,0,0,unlabeled
1734,1.7305927030975e-05,0,0,unlabeled
1735,1.3083402336633299e-05,0,0,train
1736,0.0005304953665472567,0,0,unlabeled
1737,0.00033134809928014874,0,0,val
1738,5.028320629207883e-06,0,0,train
1739,0.0061950539238750935,0,0,unlabeled
1740,0.05380824953317642,0,0,unlabeled
1741,0.08906324952840805,0,0,unlabeled
1742,0.03606930747628212,0,0,unlabeled
1743,0.15584222972393036,0,0,train
1744,0.020783865824341774,0,0,unlabeled
1745,0.001539811142720282,0,0,train
1746,0.6933842301368713,0,0,val
1747,0.14202646911144257,0,0,train
1748,0.00032863469095900655,0,0,unlabeled
1749,0.00011709406680893153,0,0,train
1750,0.0018786186119541526,0,0,unlabeled
1751,0.0023913623299449682,0,0,unlabeled
1752,8.554026862839237e-06,0,0,unlabeled
1753,0.0019952766597270966,0,0,unlabeled
1754,4.532406805424216e-08,0,0,train
1755,0.0041029732674360275,0,0,unlabeled
1756,5.1136958063580096e-05,0,0,unlabeled
1757,0.16535232961177826,0,0,train
1758,0.02006666362285614,0,0,train
1759,4.222803545417264e-05,0,0,unlabeled
1760,0.016477568075060844,0,0,train
1761,6.176717306516366e-07,0,0,train
1762,6.388760084519163e-05,0,0,unlabeled
1763,0.026538178324699402,0,0,unlabeled
1764,0.9476580023765564,1,0,unlabeled
1765,0.1514064371585846,0,0,unlabeled
1766,0.010469382628798485,0,0,unlabeled
1767,0.0021725883707404137,0,0,unlabeled
1768,9.312231122748926e-05,0,0,unlabeled
1769,0.00019643871928565204,0,0,unlabeled
1770,0.00010152842151001096,0,0,unlabeled
1771,5.614867404801771e-06,0,0,unlabeled
1772,4.656925011659041e-05,0,0,train
1773,3.1284413125831634e-05,0,0,val
1774,8.881468716026575e-07,0,0,unlabeled
1775,0.16869419813156128,0,0,unlabeled
1776,0.0015402216231450438,0,0,unlabeled
1777,0.00017241433670278639,0,0,train
1778,3.4847857932618354e-06,0,0,unlabeled
1779,0.7512638568878174,0,0,unlabeled
1780,0.00010861379269044846,0,0,unlabeled
1781,0.0017329766415059566,0,0,unlabeled
1782,0.31724441051483154,0,0,val
1783,5.783182132290676e-06,0,0,unlabeled
1784,9.344396676169708e-05,0,0,unlabeled
1785,0.00021005625603720546,0,0,unlabeled
1786,0.0005428980803117156,0,0,unlabeled
1787,0.014967354945838451,0,0,val
1788,0.04440894350409508,0,0,unlabeled
1789,0.24995391070842743,0,0,unlabeled
1790,0.005801998544484377,0,0,train
1791,0.02675909735262394,0,0,unlabeled
1792,0.0006519793532788754,0,0,unlabeled
1793,0.003201262792572379,0,0,unlabeled
1794,0.08438058197498322,0,0,val
1795,5.72546241528471e-07,0,0,unlabeled
1796,0.08834175765514374,0,0,train
1797,0.21394452452659607,0,0,unlabeled
1798,0.005721369758248329,0,0,unlabeled
1799,0.9198794364929199,1,0,unlabeled
1800,0.0016566268168389797,0,0,unlabeled
1801,0.06577001512050629,0,0,unlabeled
1802,0.0012416435638442636,0,0,unlabeled
1803,0.2073335200548172,0,0,unlabeled
1804,0.7209761738777161,0,0,unlabeled
1805,0.03994341939687729,0,0,unlabeled
1806,6.5932485995290335e-06,0,0,val
1807,0.007004741113632917,0,0,unlabeled
1808,0.08491247147321701,0,0,unlabeled
1809,9.73072019405663e-05,0,0,unlabeled
1810,0.00014710359391756356,0,0,unlabeled
1811,0.051375776529312134,0,0,unlabeled
1812,6.970235062908614e-06,0,0,unlabeled
1813,0.00691604008898139,0,0,unlabeled
1814,0.00022093158622737974,0,0,unlabeled
1815,0.02043733559548855,0,0,unlabeled
1816,0.0002727803948801011,0,0,unlabeled
1817,0.00011234985140617937,0,0,unlabeled
1818,0.08517508208751678,0,0,unlabeled
1819,0.00010493339505046606,0,0,unlabeled
1820,0.08841599524021149,0,0,unlabeled
1821,0.002952891867607832,0,0,unlabeled
1822,0.14891566336154938,0,0,unlabeled
1823,0.001137387240305543,0,0,unlabeled
1824,0.6074164509773254,0,0,unlabeled
1825,9.83521094894968e-05,0,0,unlabeled
1826,0.005387055221945047,0,0,unlabeled
1827,0.005642625503242016,0,0,unlabeled
1828,0.9769633412361145,1,0,unlabeled
1829,0.5425779819488525,0,0,unlabeled
1830,0.5866665840148926,0,0,train
1831,0.12936779856681824,0,0,unlabeled
1832,0.00024222473439294845,0,0,unlabeled
1833,0.005251246504485607,0,0,unlabeled
1834,7.033691417746013e-06,0,0,val
1835,0.5991541743278503,0,0,train
1836,0.1370629221200943,0,0,unlabeled
1837,7.673317668377422e-06,0,0,train
1838,0.03199212998151779,0,0,unlabeled
1839,0.00017083286365959793,0,0,unlabeled
1840,0.0006610463024117053,0,0,unlabeled
1841,0.03729891777038574,0,0,unlabeled
1842,0.014907694421708584,0,0,unlabeled
1843,2.3706776119070128e-05,0,0,unlabeled
1844,0.23073053359985352,0,0,unlabeled
1845,0.0007313304813578725,0,0,unlabeled
1846,0.017178431153297424,0,0,unlabeled
1847,0.0011369241401553154,0,0,unlabeled
1848,0.0003850581415463239,0,0,unlabeled
1849,0.027784811332821846,0,0,unlabeled
1850,0.0025278630200773478,0,0,unlabeled
1851,0.0024054045788943768,0,0,unlabeled
1852,0.00010952018055832013,0,0,train
1853,0.9762815237045288,1,0,unlabeled
1854,2.797620982164517e-05,0,0,train
1855,0.10207299888134003,0,0,unlabeled
1856,0.0005791020230390131,0,0,train
1857,0.014768349938094616,0,0,unlabeled
1858,0.7629810571670532,0,0,unlabeled
1859,9.825117558648344e-06,0,0,unlabeled
1860,0.8897832632064819,1,0,unlabeled
1861,0.07286690920591354,0,0,train
1862,0.4990309178829193,0,0,unlabeled
1863,0.895344614982605,1,0,unlabeled
1864,0.007193917874246836,0,0,unlabeled
1865,0.07793203741312027,0,0,unlabeled
1866,0.00034566057729534805,0,0,unlabeled
1867,0.0099181504920125,0,0,unlabeled
1868,0.16283796727657318,0,0,unlabeled
1869,0.006651668809354305,0,0,unlabeled
1870,0.018107498064637184,0,0,unlabeled
1871,0.034888528287410736,0,0,unlabeled
1872,3.109933459199965e-05,0,0,unlabeled
1873,0.6711558103561401,0,0,unlabeled
1874,1.2272106687305495e-05,0,0,unlabeled
1875,0.05726253613829613,0,0,unlabeled
1876,2.32233745123267e-07,0,0,unlabeled
1877,0.2576051652431488,0,0,unlabeled
1878,0.7641764879226685,0,0,unlabeled
1879,0.002842123154550791,0,0,unlabeled
1880,0.02523663640022278,0,0,unlabeled
1881,8.401958621107042e-05,0,0,train
1882,4.555900886771269e-06,0,0,unlabeled
1883,3.7002191675128415e-05,0,0,unlabeled
1884,0.006948883645236492,0,0,train
1885,2.565409340604674e-05,0,0,unlabeled
1886,9.138383575191256e-06,0,0,unlabeled
1887,0.00034974270965904,0,0,unlabeled
1888,0.6055591702461243,0,0,val
1889,1.041280756908236e-05,0,0,val
1890,0.0007520316285081208,0,0,val
1891,0.13609765470027924,0,0,unlabeled
1892,1.1422039278841112e-05,0,0,unlabeled
1893,0.0004702236328739673,0,0,train
1894,0.033485714346170425,0,0,unlabeled
1895,4.372574835542764e-07,0,0,unlabeled
1896,0.5318053960800171,0,0,train
1897,0.01279533002525568,0,0,unlabeled
1898,0.8381640911102295,0,0,unlabeled
1899,0.0012139399768784642,0,0,unlabeled
1900,0.003312251064926386,0,0,unlabeled
1901,0.006741824094206095,0,0,unlabeled
1902,0.059544939547777176,0,0,unlabeled
1903,0.09092219173908234,0,0,unlabeled
1904,6.944225606275722e-05,0,0,unlabeled
1905,0.1781107485294342,0,0,val
1906,0.0036108666099607944,0,0,unlabeled
1907,5.047480954090133e-06,0,0,unlabeled
1908,0.0004918149206787348,0,0,unlabeled
1909,0.9123990535736084,1,0,train
1910,4.588240699376911e-06,0,0,unlabeled
1911,2.7620930268312804e-05,0,0,train
1912,9.535796152704279e-07,0,0,unlabeled
1913,0.5290573835372925,0,0,unlabeled
1914,0.02958916313946247,0,0,train
1915,0.0002120061981258914,0,0,unlabeled
1916,0.001642096322029829,0,0,unlabeled
1917,0.20134085416793823,0,0,unlabeled
1918,0.49229568243026733,0,0,unlabeled
1919,0.015893207862973213,0,0,val
1920,0.9592887759208679,1,0,unlabeled
1921,0.007785540074110031,0,0,unlabeled
1922,1.1002327482856344e-05,0,0,unlabeled
1923,0.03987325355410576,0,0,unlabeled
1924,0.08031383901834488,0,0,train
1925,0.0001755497942212969,0,0,unlabeled
1926,0.1034156009554863,0,0,unlabeled
1927,0.20252323150634766,0,0,unlabeled
1928,0.00012524993508122861,0,0,unlabeled
1929,0.0017307187663391232,0,0,train
1930,0.45010679960250854,0,0,unlabeled
1931,0.06967315822839737,0,0,unlabeled
1932,0.9695370197296143,1,0,unlabeled
1933,0.15873268246650696,0,0,unlabeled
1934,0.005917474627494812,0,0,unlabeled
1935,7.57046727812849e-05,0,0,train
1936,0.0833892822265625,0,0,unlabeled
1937,0.8536996245384216,0,0,unlabeled
1938,0.0006588785909116268,0,0,unlabeled
1939,0.0029678025748580694,0,0,unlabeled
1940,0.5191996693611145,0,0,unlabeled
1941,0.0001966722047654912,0,0,unlabeled
1942,0.001664134208112955,0,0,unlabeled
1943,0.00042459001997485757,0,0,train
1944,0.016387883573770523,0,0,unlabeled
1945,0.000243545655393973,0,0,unlabeled
1946,1.1272940355411265e-05,0,0,unlabeled
1947,0.00020886278070975095,0,0,unlabeled
1948,1.2539416275103576e-05,0,0,unlabeled
1949,0.0031587728299200535,0,0,unlabeled
1950,0.012819348834455013,0,0,unlabeled
1951,0.01591302827000618,0,0,train
1952,0.012931005097925663,0,0,unlabeled
1953,0.003955785185098648,0,0,unlabeled
1954,0.057327885180711746,0,0,train
1955,2.3296629478863906e-06,0,0,unlabeled
1956,0.0047089154832065105,0,0,unlabeled
1957,0.09059527516365051,0,0,unlabeled
1958,0.0001740236912155524,0,0,train
1959,0.00047291957889683545,0,0,train
1960,0.0003511420509312302,0,0,unlabeled
1961,0.6634821891784668,0,0,unlabeled
1962,7.51302536627918e-07,0,0,train
1963,0.003957951907068491,0,0,unlabeled
1964,0.01977059431374073,0,0,unlabeled
1965,5.549395427806303e-05,0,0,unlabeled
1966,0.7619173526763916,0,0,unlabeled
1967,0.4743145704269409,0,0,unlabeled
1968,0.8437115550041199,0,0,train
1969,0.0050294045358896255,0,0,unlabeled
1970,0.11363386362791061,0,0,unlabeled
1971,0.8674337267875671,1,0,unlabeled
1972,0.0016796306008473039,0,0,unlabeled
1973,0.0005448635783977807,0,0,unlabeled
1974,0.18683117628097534,0,0,unlabeled
1975,4.16996845160611e-05,0,0,unlabeled
1976,5.560143108596094e-05,0,0,unlabeled
1977,1.4637821550422814e-06,0,0,unlabeled
1978,0.0008925981819629669,0,0,train
1979,0.5122586488723755,0,0,unlabeled
1980,0.8835937976837158,1,0,unlabeled
1981,0.8808112740516663,1,0,train
1982,0.5749316215515137,0,0,train
1983,0.02860298380255699,0,0,val
1984,0.9504345059394836,1,0,unlabeled
1985,0.7882668375968933,0,0,unlabeled
1986,0.011877724900841713,0,0,unlabeled
1987,0.24058227241039276,0,0,unlabeled
1988,0.0007480140193365514,0,0,unlabeled
1989,0.09434229135513306,0,0,unlabeled
1990,0.22134731709957123,0,0,train
1991,0.008677753619849682,0,0,unlabeled
1992,0.9121264219284058,1,0,unlabeled
1993,2.292645831403206e-06,0,0,unlabeled
1994,0.020567459985613823,0,0,unlabeled
1995,6.444488054313524e-09,0,0,unlabeled
1996,0.00554421404376626,0,0,unlabeled
1997,0.0028386819176375866,0,0,unlabeled
1998,3.769298245970276e-06,0,0,unlabeled
1999,0.19156797230243683,0,0,unlabeled
2000,2.789880909404019e-06,0,0,train
2001,0.012505153194069862,0,0,unlabeled
2002,0.27215543389320374,0,0,unlabeled
2003,0.0035796884912997484,0,0,unlabeled
2004,0.010852348059415817,0,0,unlabeled
2005,0.00016583182150498033,0,0,unlabeled
2006,9.416492684977129e-05,0,0,unlabeled
2007,0.013630775734782219,0,0,unlabeled
2008,8.550168786314316e-06,0,0,unlabeled
2009,0.00016735917597543448,0,0,val
2010,0.2605898380279541,0,0,unlabeled
2011,0.054880883544683456,0,0,unlabeled
2012,0.34356534481048584,0,0,unlabeled
2013,0.4129117727279663,0,0,unlabeled
2014,0.5959795117378235,0,0,unlabeled
2015,6.898503670527134e-06,0,0,unlabeled
2016,0.16654571890830994,0,0,unlabeled
2017,0.44782376289367676,0,0,unlabeled
2018,0.12551073729991913,0,0,unlabeled
2019,0.1316576451063156,0,0,train
2020,0.0008021860267035663,0,0,unlabeled
2021,0.05098823830485344,0,0,train
2022,0.002967985812574625,0,0,unlabeled
2023,0.0002601442683953792,0,0,unlabeled
2024,0.0010777402203530073,0,0,unlabeled
2025,0.30027878284454346,0,0,unlabeled
2026,0.5741052031517029,0,0,unlabeled
2027,0.0035807888489216566,0,0,unlabeled
2028,0.00030394026543945074,0,0,unlabeled
2029,0.1114107146859169,0,0,unlabeled
2030,0.0011228652438148856,0,0,unlabeled
2031,0.0167237538844347,0,0,unlabeled
2032,0.00017244966875296086,0,0,unlabeled
2033,0.0008612436940893531,0,0,unlabeled
2034,0.7523574233055115,0,0,unlabeled
2035,0.015404332429170609,0,0,unlabeled
2036,0.523044228553772,0,0,unlabeled
2037,5.604445959761506e-06,0,0,unlabeled
2038,0.026023313403129578,0,0,unlabeled
2039,0.03976166248321533,0,0,unlabeled
2040,0.01053596381098032,0,0,unlabeled
2041,0.6093220114707947,0,0,train
2042,0.00017051957547664642,0,0,train
2043,7.307381565624382e-06,0,0,unlabeled
2044,0.35631752014160156,0,0,unlabeled
2045,0.007481696084141731,0,0,unlabeled
2046,0.0055323438718914986,0,0,train
2047,0.9766235947608948,1,0,unlabeled
2048,0.011858862824738026,0,0,train
2049,0.004775605164468288,0,0,unlabeled
2050,0.00014850532170385122,0,0,unlabeled
2051,0.7156749367713928,0,0,train
2052,4.58491604149458e-06,0,0,unlabeled
2053,0.002518913010135293,0,0,unlabeled
2054,0.007484990172088146,0,0,unlabeled
2055,0.4913910925388336,0,0,unlabeled
2056,0.014807469211518764,0,0,unlabeled
2057,0.002176303416490555,0,0,unlabeled
2058,2.1114958144607954e-05,0,0,unlabeled
2059,2.851547606042004e-06,0,0,unlabeled
2060,0.20321452617645264,0,0,unlabeled
2061,0.091959148645401,0,0,unlabeled
2062,0.7628179788589478,0,0,unlabeled
2063,0.002333703450858593,0,0,unlabeled
2064,0.6890132427215576,0,0,unlabeled
2065,0.002173907821998,0,0,unlabeled
2066,0.7879598736763,0,0,unlabeled
2067,0.9352988004684448,1,0,unlabeled
2068,0.5938156247138977,0,0,unlabeled
2069,0.0014190773945301771,0,0,unlabeled
2070,0.039020709693431854,0,0,val
2071,0.002837262349203229,0,0,unlabeled
2072,0.31467771530151367,0,0,unlabeled
2073,0.021690310910344124,0,0,unlabeled
2074,1.4036388165550306e-05,0,0,unlabeled
2075,0.005611879751086235,0,0,unlabeled
2076,0.0007287723128683865,0,0,unlabeled
2077,0.010785422287881374,0,0,unlabeled
2078,0.0017140499548986554,0,0,unlabeled
2079,0.6694914102554321,0,0,unlabeled
2080,0.11826616525650024,0,0,unlabeled
2081,0.00010477321484358981,0,0,unlabeled
2082,0.13255560398101807,0,0,unlabeled
2083,0.1615966409444809,0,0,unlabeled
2084,0.0002812245220411569,0,0,train
2085,0.0028176819905638695,0,0,unlabeled
2086,0.0827145054936409,0,0,unlabeled
2087,0.24858491122722626,0,0,unlabeled
2088,0.7000079154968262,0,0,unlabeled
2089,0.025647317990660667,0,0,train
2090,0.00104181666392833,0,0,unlabeled
2091,0.07728678733110428,0,0,unlabeled
2092,0.41360151767730713,0,0,unlabeled
2093,1.659302256484807e-06,0,0,unlabeled
2094,0.003672737628221512,0,0,train
2095,0.00018036304390989244,0,0,unlabeled
2096,0.8907405734062195,1,0,unlabeled
2097,0.021448330953717232,0,0,unlabeled
2098,1.3125568329996895e-05,0,0,unlabeled
2099,2.642763683979865e-05,0,0,unlabeled
2100,0.6547900438308716,0,0,train
2101,0.0006139433244243264,0,0,unlabeled
2102,1.7538615111334366e-06,0,0,unlabeled
2103,0.10682550817728043,0,0,train
2104,0.3893539011478424,0,0,train
2105,0.4946523904800415,0,0,unlabeled
2106,0.010048744268715382,0,0,unlabeled
2107,0.0007774730329401791,0,0,unlabeled
2108,0.050731707364320755,0,0,train
2109,4.1333034459967166e-05,0,0,unlabeled
2110,0.00016217611846514046,0,0,train
2111,0.817962110042572,0,0,train
2112,0.027382278814911842,0,0,unlabeled
2113,0.138455331325531,0,0,unlabeled
2114,2.1077003111713566e-06,0,0,unlabeled
2115,1.5225892639136873e-05,0,0,unlabeled
2116,1.559134580020327e-05,0,0,train
2117,0.1578105241060257,0,0,unlabeled
2118,0.00037270731991156936,0,0,unlabeled
2119,0.00515268137678504,0,0,unlabeled
2120,0.7604889273643494,0,0,val
2121,0.347789466381073,0,0,unlabeled
2122,0.08524899929761887,0,0,unlabeled
2123,0.032484665513038635,0,0,unlabeled
2124,9.461145236855373e-05,0,0,train
2125,0.8968804478645325,1,0,unlabeled
2126,1.926863149037672e-07,0,0,unlabeled
2127,0.33499208092689514,0,0,unlabeled
2128,0.014393649995326996,0,0,unlabeled
2129,0.4611838757991791,0,0,unlabeled
2130,0.0011034202761948109,0,0,unlabeled
2131,0.2179058939218521,0,0,unlabeled
2132,0.24277055263519287,0,0,unlabeled
2133,0.03262934461236,0,0,unlabeled
2134,0.3528050184249878,0,0,unlabeled
2135,0.7845537066459656,0,0,unlabeled
2136,0.09622644633054733,0,0,train
2137,0.03057694062590599,0,0,unlabeled
2138,4.867276402364951e-06,0,0,train
2139,0.6533922553062439,0,0,unlabeled
2140,0.04826362058520317,0,0,unlabeled
2141,9.45392093854025e-05,0,0,unlabeled
2142,0.01703355275094509,0,0,unlabeled
2143,0.0020798766054213047,0,0,unlabeled
2144,0.8052302002906799,0,0,unlabeled
2145,0.14898553490638733,0,0,unlabeled
2146,0.005715248640626669,0,0,unlabeled
2147,2.008478440984618e-05,0,0,unlabeled
2148,0.4479525089263916,0,0,val
2149,7.703621207610922e-08,0,0,unlabeled
2150,0.0007958182250149548,0,0,train
2151,0.022420737892389297,0,0,unlabeled
2152,0.0001824890641728416,0,0,unlabeled
2153,0.0031031393446028233,0,0,unlabeled
2154,0.01734286919236183,0,0,unlabeled
2155,0.025755999609827995,0,0,unlabeled
2156,0.00017535340157337487,0,0,unlabeled
2157,6.226857658475637e-05,0,0,unlabeled
2158,0.44899213314056396,0,0,unlabeled
2159,0.8866596221923828,1,0,unlabeled
2160,1.412214623996988e-05,0,0,unlabeled
2161,0.009686249308288097,0,0,unlabeled
2162,0.6076023578643799,0,0,unlabeled
2163,0.9671285152435303,1,0,unlabeled
2164,0.004750230815261602,0,0,unlabeled
2165,3.809951158473268e-05,0,0,unlabeled
2166,0.5612959861755371,0,0,unlabeled
2167,1.7444033801439218e-05,0,0,unlabeled
2168,2.130267421307508e-05,0,0,unlabeled
2169,0.001365849282592535,0,0,unlabeled
2170,6.5871086007973645e-06,0,0,val
2171,0.01147617306560278,0,0,train
2172,0.011979961767792702,0,0,unlabeled
2173,0.06491521745920181,0,0,unlabeled
2174,0.6663399934768677,0,0,train
2175,0.00039201919571496546,0,0,unlabeled
2176,0.6186939477920532,0,0,unlabeled
2177,0.00016868393868207932,0,0,unlabeled
2178,0.013194642029702663,0,0,unlabeled
2179,0.004057770594954491,0,0,unlabeled
2180,0.0002961078134831041,0,0,unlabeled
2181,0.6138266921043396,0,0,unlabeled
2182,0.8939182162284851,1,0,unlabeled
2183,0.0019403914920985699,0,0,train
2184,0.09988526254892349,0,0,val
2185,0.012410757131874561,0,0,train
2186,0.3736254870891571,0,0,unlabeled
2187,0.0022368470672518015,0,1,unlabeled
2188,0.7414892315864563,0,0,val
2189,7.680946509935893e-06,0,0,unlabeled
2190,2.2701646230416372e-05,0,0,unlabeled
2191,0.5177131295204163,0,0,train
2192,0.4612097144126892,0,0,unlabeled
2193,0.035043202340602875,0,0,unlabeled
2194,0.002630754141137004,0,1,unlabeled
2195,0.5650266408920288,0,0,unlabeled
2196,0.0032970726024359465,0,0,val
2197,0.11268770694732666,0,0,unlabeled
2198,0.00040268056909553707,0,0,unlabeled
2199,0.8728638887405396,1,1,unlabeled
2200,0.02406149171292782,0,0,unlabeled
2201,0.9818024039268494,1,1,unlabeled
2202,6.457748531829566e-05,0,0,train
2203,0.13041962683200836,0,0,unlabeled
2204,0.9888126850128174,1,1,unlabeled
2205,0.9999983310699463,1,1,unlabeled
2206,0.8162598013877869,0,0,unlabeled
2207,0.010675118304789066,0,0,unlabeled
2208,0.8269064426422119,0,0,unlabeled
2209,0.04752958193421364,0,0,unlabeled
2210,0.0005537436809390783,0,0,unlabeled
2211,0.8348289132118225,0,1,train
2212,0.11240945011377335,0,0,unlabeled
2213,0.9315838813781738,1,1,unlabeled
2214,0.031134385615587234,0,0,unlabeled
2215,0.9020453691482544,1,1,unlabeled
2216,0.9298382997512817,1,1,train
2217,0.00011778389307437465,0,0,unlabeled
2218,0.903066873550415,1,1,unlabeled
2219,0.014628896489739418,0,0,train
2220,0.9997678399085999,1,1,unlabeled
2221,0.013429866172373295,0,0,unlabeled
2222,0.023154079914093018,0,0,unlabeled
2223,0.5488932132720947,0,0,unlabeled
2224,0.5355852842330933,0,0,train
2225,0.0009947066428139806,0,0,unlabeled
2226,0.0016917765606194735,0,0,val
2227,0.9618721008300781,1,1,unlabeled
2228,0.026590581983327866,0,0,unlabeled
2229,0.8842878937721252,1,0,unlabeled
2230,0.24072326719760895,0,1,unlabeled
2231,0.030946364626288414,0,0,unlabeled
2232,0.0003279377124272287,0,0,train
2233,0.508592426776886,0,0,unlabeled
2234,4.0059869206743315e-05,0,0,unlabeled
2235,0.7333039045333862,0,1,train
2236,1.0899415201492957e-06,0,0,unlabeled
2237,0.0004534395702648908,0,0,unlabeled
2238,0.00019435117428656667,0,0,unlabeled
2239,0.8869485855102539,1,1,unlabeled
2240,0.18118976056575775,0,1,unlabeled
2241,0.4388808012008667,0,1,unlabeled
2242,0.005627609323710203,0,0,unlabeled
2243,0.02962435595691204,0,0,unlabeled
2244,0.9577986001968384,1,1,train
2245,4.587771513797634e-07,0,0,train
2246,3.616074081946863e-06,0,0,train
2247,0.8799314498901367,1,0,unlabeled
2248,0.06713618338108063,0,0,unlabeled
2249,0.00017672221292741597,0,0,val
2250,0.7679250836372375,0,0,unlabeled
2251,0.02191125974059105,0,1,unlabeled
2252,1.1865326996485237e-06,0,0,unlabeled
2253,0.08559505641460419,0,0,unlabeled
2254,0.0005375281325541437,0,0,unlabeled
2255,0.08438599854707718,0,0,val
2256,0.009589002467691898,0,0,unlabeled
2257,0.5047034025192261,0,1,unlabeled
2258,0.9054517149925232,1,0,unlabeled
2259,0.5923237204551697,0,0,unlabeled
2260,0.14773297309875488,0,0,unlabeled
2261,0.9821575880050659,1,1,unlabeled
2262,0.6991503834724426,0,1,unlabeled
2263,0.4947291612625122,0,0,val
2264,0.8888501524925232,1,0,unlabeled
2265,0.005831595044583082,0,0,unlabeled
2266,0.012049471028149128,0,0,train
2267,2.9212140361778438e-05,0,0,unlabeled
2268,0.6242980360984802,0,0,train
2269,0.5495638251304626,0,1,unlabeled
2270,1.7915168427862227e-05,0,0,unlabeled
2271,1.5948629879858345e-05,0,0,unlabeled
2272,4.784151678904891e-05,0,0,unlabeled
2273,0.11028743535280228,0,0,unlabeled
2274,0.8653872609138489,1,1,unlabeled
2275,0.14673660695552826,0,0,train
2276,2.0057802530004665e-08,0,0,unlabeled
2277,7.927497790660709e-05,0,0,unlabeled
2278,0.012463413178920746,0,0,unlabeled
2279,0.9999440908432007,1,1,unlabeled
2280,0.7199577689170837,0,1,unlabeled
2281,1.21582252177177e-06,0,0,unlabeled
2282,0.6311506628990173,0,0,unlabeled
2283,0.07652023434638977,0,0,unlabeled
2284,0.03935566172003746,0,0,unlabeled
2285,8.846887794788927e-05,0,0,unlabeled
2286,0.0050484309904277325,0,0,unlabeled
2287,0.012244198471307755,0,0,unlabeled
2288,0.994114339351654,1,1,unlabeled
2289,0.000425120786530897,0,0,unlabeled
2290,5.9682270148186944e-06,0,0,unlabeled
2291,0.016750050708651543,0,0,unlabeled
2292,0.0004720762080978602,0,0,unlabeled
2293,0.0019354369724169374,0,0,unlabeled
2294,0.0004556825733743608,0,0,unlabeled
2295,0.7865100502967834,0,0,unlabeled
2296,2.9049849104012537e-07,0,0,train
2297,0.01154570747166872,0,1,unlabeled
2298,0.38832175731658936,0,0,unlabeled
2299,0.5906757712364197,0,0,unlabeled
2300,0.30328547954559326,0,0,unlabeled
2301,0.005580746103078127,0,0,unlabeled
2302,0.30782315135002136,0,0,unlabeled
2303,6.128945824457332e-05,0,0,unlabeled
2304,0.00587064865976572,0,0,unlabeled
2305,3.0138623969833134e-06,0,0,train
2306,0.0002927079040091485,0,0,unlabeled
2307,0.8623203039169312,1,0,unlabeled
2308,0.0004921816871501505,0,0,unlabeled
2309,0.053631480783224106,0,0,unlabeled
2310,0.006012964528053999,0,0,train
2311,0.09744575619697571,0,0,unlabeled
2312,0.0003345923323649913,0,0,unlabeled
2313,2.3761209376971237e-05,0,0,unlabeled
2314,0.32898151874542236,0,0,unlabeled
2315,0.9430155754089355,1,1,train
2316,0.002431561704725027,0,0,unlabeled
2317,0.004714499227702618,0,0,unlabeled
2318,7.19906756785349e-06,0,0,train
2319,5.97533471591305e-06,0,0,unlabeled
2320,0.8654885292053223,1,0,unlabeled
2321,2.399555569354561e-06,0,0,unlabeled
2322,9.415310159965884e-06,0,0,train
2323,0.000687988824211061,0,0,val
2324,3.4954498460137984e-06,0,0,unlabeled
2325,2.151867420252529e-06,0,0,unlabeled
2326,0.1337517648935318,0,0,unlabeled
2327,0.017788061872124672,0,0,unlabeled
2328,4.5406673052639235e-06,0,0,unlabeled
2329,0.9396630525588989,1,1,unlabeled
2330,0.00023105397121980786,0,0,unlabeled
2331,0.9879322648048401,1,1,train
2332,0.015376167371869087,0,0,unlabeled
2333,0.0074705444276332855,0,0,unlabeled
2334,0.852834165096283,0,0,unlabeled
2335,0.9580318331718445,1,1,unlabeled
2336,5.953050390417047e-07,0,0,unlabeled
2337,0.7000335454940796,0,0,train
2338,0.9999998807907104,1,1,unlabeled
2339,0.8476003408432007,0,0,unlabeled
2340,0.0002244970528408885,0,0,unlabeled
2341,0.006684822961688042,0,0,unlabeled
2342,0.03658885881304741,0,0,unlabeled
2343,0.5302823781967163,0,1,unlabeled
2344,0.8000791072845459,0,0,unlabeled
2345,0.29521816968917847,0,0,unlabeled
2346,0.0005687989178113639,0,0,unlabeled
2347,0.17736603319644928,0,1,unlabeled
2348,0.0017807293916121125,0,0,unlabeled
2349,0.31195375323295593,0,0,unlabeled
2350,0.021574493497610092,0,0,unlabeled
2351,0.7770357728004456,0,0,train
2352,2.7220639822189696e-06,0,0,unlabeled
2353,0.979789137840271,1,0,unlabeled
2354,0.4576006531715393,0,0,unlabeled
2355,0.35414960980415344,0,0,unlabeled
2356,0.9743319153785706,1,1,train
2357,3.19035243592225e-05,0,0,unlabeled
2358,0.00855319295078516,0,0,train
2359,0.12322170287370682,0,0,unlabeled
2360,4.83585536130704e-05,0,0,unlabeled
2361,0.010859670117497444,0,0,unlabeled
2362,9.466534720559139e-07,0,0,unlabeled
2363,7.861219273763709e-06,0,0,unlabeled
2364,0.9821650385856628,1,1,unlabeled
2365,0.9416850805282593,1,1,unlabeled
2366,0.31558218598365784,0,1,unlabeled
2367,0.4069065749645233,0,1,unlabeled
2368,0.02230873331427574,0,0,unlabeled
2369,4.670516500482336e-05,0,0,unlabeled
2370,0.6477592587471008,0,1,train
2371,0.00028792020748369396,0,0,train
2372,0.0015475935069844127,0,0,unlabeled
2373,0.18700100481510162,0,0,train
2374,0.6599263548851013,0,1,unlabeled
2375,0.6944924592971802,0,1,train
2376,8.706020889803767e-05,0,0,unlabeled
2377,0.0033566805068403482,0,0,unlabeled
2378,0.8888054490089417,1,1,val
2379,5.690531452273717e-06,0,0,train
2380,0.9874760508537292,1,1,train
2381,0.00010273957741446793,0,0,unlabeled
2382,6.71301052079798e-07,0,0,unlabeled
2383,0.0595690980553627,0,0,unlabeled
2384,0.8937104940414429,1,1,unlabeled
2385,0.2863485515117645,0,0,train
2386,0.004622900392860174,0,0,unlabeled
2387,0.04512989521026611,0,0,train
2388,0.9748201370239258,1,1,unlabeled
2389,0.9618489742279053,1,1,unlabeled
2390,0.001214780262671411,0,0,unlabeled
2391,0.9508997201919556,1,1,unlabeled
2392,0.0008807418635115027,0,0,unlabeled
2393,0.004872244782745838,0,0,unlabeled
2394,4.2954041418852285e-05,0,0,unlabeled
2395,0.229684978723526,0,1,unlabeled
2396,0.7150877118110657,0,0,unlabeled
2397,0.019622573629021645,0,0,train
2398,0.14452926814556122,0,0,val
2399,1.442394591322227e-06,0,0,unlabeled
2400,0.008431646041572094,0,0,unlabeled
2401,0.9555936455726624,1,1,unlabeled
2402,0.985668420791626,1,0,unlabeled
2403,1.108304672925442e-06,0,0,unlabeled
2404,0.002609929069876671,0,0,unlabeled
2405,0.9483715295791626,1,0,unlabeled
2406,0.002897827886044979,0,0,unlabeled
2407,0.7956382036209106,0,0,unlabeled
2408,6.867407500976697e-05,0,0,val
2409,0.9996622800827026,1,1,unlabeled
2410,0.0018934051040560007,0,0,unlabeled
2411,0.004439782816916704,0,0,unlabeled
2412,0.0014063656562939286,0,0,unlabeled
2413,0.00018748504226095974,0,0,unlabeled
2414,0.8334535360336304,0,1,train
2415,0.0020413605961948633,0,0,val
2416,0.8258082270622253,0,1,train
2417,0.43721577525138855,0,0,unlabeled
2418,0.5935568809509277,0,1,unlabeled
2419,0.004996690899133682,0,1,unlabeled
2420,1.2621815585589502e-05,0,0,unlabeled
2421,2.9959719540784135e-06,0,0,unlabeled
2422,0.01272682286798954,0,0,train
2423,0.8176262974739075,0,0,unlabeled
2424,0.001408202457241714,0,0,unlabeled
2425,8.960353170550661e-08,0,0,unlabeled
2426,3.56535310856998e-05,0,0,unlabeled
2427,0.0030778530053794384,0,0,unlabeled
2428,0.9963272213935852,1,1,unlabeled
2429,0.0020447508431971073,0,0,unlabeled
2430,0.6815275549888611,0,1,unlabeled
2431,0.07560328394174576,0,0,unlabeled
2432,0.23680104315280914,0,0,unlabeled
2433,3.1078227038960904e-05,0,0,train
2434,0.3232225775718689,0,0,unlabeled
2435,0.725013792514801,0,0,unlabeled
2436,0.0002625483029987663,0,0,unlabeled
2437,0.8540768623352051,0,1,unlabeled
2438,0.0437181331217289,0,0,unlabeled
2439,9.606523235561326e-06,0,0,unlabeled
2440,0.7937167286872864,0,1,unlabeled
2441,0.007205433677881956,0,0,unlabeled
2442,0.00029446400003507733,0,0,unlabeled
2443,0.0007331881206482649,0,0,unlabeled
2444,0.05602046847343445,0,0,val
2445,1.7265789210796356e-05,0,0,unlabeled
2446,0.009345907717943192,0,0,unlabeled
2447,0.00014171871589496732,0,0,unlabeled
2448,0.5201296806335449,0,1,unlabeled
2449,5.471524491440505e-05,0,0,train
2450,0.00013278743426781148,0,0,unlabeled
2451,0.0018854469526559114,0,0,unlabeled
2452,0.8194947242736816,0,0,unlabeled
2453,0.8507982492446899,0,0,unlabeled
2454,1.4586025827156845e-06,0,0,unlabeled
2455,0.9897692203521729,1,1,unlabeled
2456,7.764574405655367e-08,0,0,unlabeled
2457,0.0008570598438382149,0,0,unlabeled
2458,0.004273398779332638,0,0,unlabeled
2459,0.006896891165524721,0,0,unlabeled
2460,0.004013272933661938,0,1,unlabeled
2461,0.2722005248069763,0,0,unlabeled
2462,0.0005391563172452152,0,0,unlabeled
2463,0.007134664338082075,0,0,unlabeled
2464,0.4218183159828186,0,0,unlabeled
2465,0.31307414174079895,0,0,unlabeled
2466,0.011857560835778713,0,0,unlabeled
2467,0.0032763255294412374,0,1,val
2468,1.877669546956895e-06,0,0,unlabeled
2469,2.854633066817769e-06,0,0,train
2470,0.21746046841144562,0,0,train
2471,8.705646905582398e-05,0,0,unlabeled
2472,0.03397485986351967,0,0,unlabeled
2473,6.794179353164509e-05,0,0,unlabeled
2474,0.6368399858474731,0,0,unlabeled
2475,0.8145095109939575,0,1,train
2476,0.00014096371887717396,0,0,unlabeled
2477,0.2124880850315094,0,0,unlabeled
2478,0.815483033657074,0,0,unlabeled
2479,0.9363937973976135,1,1,train
2480,1.6942794900387526e-05,0,0,unlabeled
2481,0.04170925170183182,0,0,unlabeled
2482,0.004721487406641245,0,0,unlabeled
2483,0.6026129722595215,0,1,unlabeled
2484,0.44990605115890503,0,0,train
2485,0.5755295753479004,0,0,unlabeled
2486,0.25661709904670715,0,1,unlabeled
2487,0.007569736335426569,0,0,unlabeled
2488,0.8661080598831177,1,0,train
2489,0.7676464915275574,0,0,unlabeled
2490,6.105087777541485e-06,0,0,train
2491,0.2537895739078522,0,0,unlabeled
2492,0.0009600487537682056,0,0,unlabeled
2493,0.7520661950111389,0,0,unlabeled
2494,0.060242023319005966,0,0,unlabeled
2495,0.0009285910055041313,0,0,unlabeled
2496,0.004913780372589827,0,0,train
2497,0.026656223461031914,0,1,unlabeled
2498,0.4840632975101471,0,1,unlabeled
2499,0.024154193699359894,0,0,unlabeled
2500,8.073615390458144e-06,0,0,train
2501,0.6576193571090698,0,1,unlabeled
2502,0.47200146317481995,0,0,unlabeled
2503,0.02875623293220997,0,0,unlabeled
2504,0.0018233583541586995,0,0,unlabeled
2505,8.57609757076716e-06,0,0,unlabeled
2506,0.012569800950586796,0,0,unlabeled
2507,0.24645063281059265,0,1,unlabeled
2508,0.00547525892034173,0,0,unlabeled
2509,0.010124566033482552,0,0,unlabeled
2510,0.1254315972328186,0,1,unlabeled
2511,0.6672395467758179,0,0,unlabeled
2512,0.9706432819366455,1,0,unlabeled
2513,0.5412857532501221,0,0,train
2514,0.6025646924972534,0,1,unlabeled
2515,0.3412705063819885,0,0,unlabeled
2516,0.10223597288131714,0,0,unlabeled
2517,0.0002921589184552431,0,0,unlabeled
2518,0.00493730790913105,0,0,unlabeled
2519,0.19101358950138092,0,0,unlabeled
2520,0.003992293030023575,0,0,unlabeled
2521,2.0691979443654418e-05,0,0,unlabeled
2522,0.17946133017539978,0,0,unlabeled
2523,0.6692264676094055,0,1,unlabeled
2524,0.013345826417207718,0,0,unlabeled
2525,0.2787073850631714,0,0,train
2526,0.0048454394564032555,0,0,unlabeled
2527,0.001459514838643372,0,0,unlabeled
2528,0.9556102752685547,1,1,unlabeled
2529,2.1806156382808695e-06,0,0,unlabeled
2530,7.801367246429436e-06,0,0,train
2531,0.7890869975090027,0,1,unlabeled
2532,0.9494602084159851,1,1,unlabeled
2533,0.0042191604152321815,0,0,train
2534,0.130141943693161,0,0,unlabeled
2535,0.00013678426330443472,0,0,unlabeled
2536,0.8844181299209595,1,0,unlabeled
2537,0.02195574901998043,0,0,unlabeled
2538,0.5309581160545349,0,0,unlabeled
2539,0.9999998807907104,1,1,train
2540,0.5807186961174011,0,1,unlabeled
2541,0.572559118270874,0,1,unlabeled
2542,0.9008714556694031,1,1,train
2543,0.8406318426132202,0,0,unlabeled
2544,0.9883922934532166,1,1,unlabeled
2545,1.2859701200795826e-05,0,0,unlabeled
2546,0.3990575671195984,0,0,unlabeled
2547,1.2141796013054318e-08,0,0,unlabeled
2548,0.562182605266571,0,0,val
2549,0.9999996423721313,1,1,unlabeled
2550,0.9868897199630737,1,0,unlabeled
2551,2.0701888203689123e-08,0,0,unlabeled
2552,0.03355405479669571,0,1,unlabeled
2553,8.204902405850589e-05,0,0,val
2554,0.977225124835968,1,1,unlabeled
2555,0.93965083360672,1,0,val
2556,0.8525286912918091,0,1,unlabeled
2557,0.9787707924842834,1,1,val
2558,0.38874393701553345,0,0,unlabeled
2559,8.903871639631689e-05,0,0,unlabeled
2560,0.6566392183303833,0,1,val
2561,0.44324102997779846,0,1,unlabeled
2562,7.1221829784917645e-06,0,0,unlabeled
2563,0.0003480277955532074,0,0,unlabeled
2564,0.999796450138092,1,1,unlabeled
2565,0.8028582334518433,0,1,unlabeled
2566,0.6439899802207947,0,1,unlabeled
2567,0.9413006901741028,1,1,unlabeled
2568,0.027719100937247276,0,0,unlabeled
2569,0.25260356068611145,0,0,unlabeled
2570,0.7702849507331848,0,1,unlabeled
2571,1.6937832697294652e-05,0,0,val
2572,0.005795098841190338,0,0,unlabeled
2573,0.002482333220541477,0,0,unlabeled
2574,0.7537122964859009,0,1,unlabeled
2575,0.9415441751480103,1,1,unlabeled
2576,0.004039596766233444,0,0,unlabeled
2577,0.9192501306533813,1,1,unlabeled
2578,0.07785425335168839,0,0,unlabeled
2579,0.002535772044211626,0,0,unlabeled
2580,0.537860095500946,0,0,unlabeled
2581,4.5683918870054185e-06,0,0,train
2582,0.41719043254852295,0,0,unlabeled
2583,0.4771396219730377,0,0,unlabeled
2584,0.3640385866165161,0,0,unlabeled
2585,0.07151947915554047,0,1,unlabeled
2586,0.5307281017303467,0,0,unlabeled
2587,0.0001338928414043039,0,0,unlabeled
2588,0.0032992251217365265,0,0,unlabeled
2589,2.359757672820706e-06,0,0,unlabeled
2590,0.5999219417572021,0,0,train
2591,0.9482435584068298,1,1,unlabeled
2592,0.004279208369553089,0,1,unlabeled
2593,1.0169919733016286e-05,0,0,unlabeled
2594,0.03608526289463043,0,0,unlabeled
2595,0.7757468223571777,0,1,unlabeled
2596,0.9812414646148682,1,1,unlabeled
2597,0.025230173021554947,0,0,unlabeled
2598,0.110570527613163,0,0,val
2599,0.2789269685745239,0,0,unlabeled
2600,0.08216774463653564,0,1,unlabeled
2601,0.932317316532135,1,1,unlabeled
2602,9.485499322181568e-05,0,0,unlabeled
2603,0.7399169206619263,0,1,train
2604,0.006614490412175655,0,0,val
2605,0.019763637334108353,0,0,unlabeled
2606,0.9329937100410461,1,1,unlabeled
2607,0.0006393714575096965,0,0,unlabeled
2608,0.7072693705558777,0,0,unlabeled
2609,0.9999847412109375,1,1,unlabeled
2610,0.351492315530777,0,0,unlabeled
2611,0.19560673832893372,0,1,unlabeled
2612,0.999980092048645,1,1,val
2613,4.477480217701668e-07,0,0,unlabeled
2614,0.4335196912288666,0,0,unlabeled
2615,0.12188784033060074,0,0,unlabeled
2616,1.1375990652595647e-05,0,0,unlabeled
2617,6.676350494672079e-07,0,0,unlabeled
2618,0.6244194507598877,0,0,unlabeled
2619,0.001198554178699851,0,0,unlabeled
2620,0.8073621988296509,0,0,unlabeled
2621,0.8947250843048096,1,0,unlabeled
2622,0.8674793839454651,1,1,unlabeled
2623,0.0010573172476142645,0,0,unlabeled
2624,0.0009018720011226833,0,0,unlabeled
2625,0.8515827059745789,0,1,train
2626,1.8636651475389954e-06,0,0,unlabeled
2627,0.03230258449912071,0,0,unlabeled
2628,2.6615634851623327e-05,0,0,unlabeled
2629,2.2241970327741e-06,0,0,unlabeled
2630,0.8391687870025635,0,1,train
2631,0.9374056458473206,1,1,unlabeled
2632,0.9634959101676941,1,1,val
2633,0.40597257018089294,0,1,unlabeled
2634,0.9923416376113892,1,1,unlabeled
2635,7.607635780004784e-05,0,0,unlabeled
2636,0.015585505403578281,0,0,unlabeled
2637,4.4234177039470524e-05,0,0,unlabeled
2638,1.4415334703699045e-07,0,0,train
2639,0.04229308292269707,0,0,unlabeled
2640,0.004113689996302128,0,0,unlabeled
2641,0.9459150433540344,1,0,unlabeled
2642,0.9433093667030334,1,1,unlabeled
2643,0.7718210220336914,0,0,unlabeled
2644,0.00014842578093521297,0,0,unlabeled
2645,0.003012711415067315,0,0,unlabeled
2646,6.92295579938218e-05,0,0,unlabeled
2647,0.14944621920585632,0,0,unlabeled
2648,0.0020615062676370144,0,0,unlabeled
2649,0.33515554666519165,0,0,train
2650,6.427184416679665e-05,0,0,unlabeled
2651,0.01187655609101057,0,0,train
2652,0.9192623496055603,1,1,unlabeled
2653,0.9168797731399536,1,0,val
2654,0.0021090132649987936,0,0,unlabeled
2655,0.00032858303165994585,0,0,train
2656,6.169659900479019e-05,0,0,unlabeled
2657,0.0001509568392066285,0,0,unlabeled
2658,0.9223061800003052,1,1,train
2659,6.520306783386332e-08,0,0,unlabeled
2660,0.0005780236679129303,0,0,train
2661,0.00014344412193167955,0,0,unlabeled
2662,0.8417037129402161,0,1,train
2663,0.0020279092714190483,0,0,unlabeled
2664,0.23662008345127106,0,0,unlabeled
2665,0.6706818342208862,0,1,train
2666,0.7980244755744934,0,1,unlabeled
2667,0.1331331878900528,0,1,unlabeled
2668,0.0009458943386562169,0,0,train
2669,4.786887984664645e-06,0,0,unlabeled
2670,0.0005401428788900375,0,0,unlabeled
2671,0.7678091526031494,0,1,unlabeled
2672,0.7797837853431702,0,0,unlabeled
2673,0.1956852376461029,0,0,unlabeled
2674,1.1683428056130651e-05,0,0,val
2675,0.00010073820158140734,0,0,unlabeled
2676,0.004624693654477596,0,1,unlabeled
2677,3.797325462073786e-06,0,0,unlabeled
2678,0.11587558686733246,0,0,unlabeled
2679,0.9240032434463501,1,1,unlabeled
2680,0.000148377672303468,0,0,unlabeled
2681,0.00030624892679043114,0,0,train
2682,0.8187020421028137,0,0,unlabeled
2683,1.7383752037858358e-06,0,0,unlabeled
2684,0.9330666661262512,1,1,unlabeled
2685,0.00010040082997875288,0,0,unlabeled
2686,0.0047729588113725185,0,0,unlabeled
2687,7.631526386830956e-05,0,0,unlabeled
2688,0.317028284072876,0,0,unlabeled
2689,0.9224756360054016,1,1,unlabeled
2690,0.00011996660032309592,0,0,unlabeled
2691,0.27520930767059326,0,0,unlabeled
2692,0.27155598998069763,0,0,unlabeled
2693,0.9462487697601318,1,0,unlabeled
2694,0.1838870644569397,0,0,unlabeled
2695,0.7515196800231934,0,1,unlabeled
2696,0.12205054610967636,0,0,unlabeled
2697,0.07827135920524597,0,0,unlabeled
2698,0.9996540546417236,1,1,unlabeled
2699,0.006537539418786764,0,0,train
2700,0.014684950932860374,0,0,unlabeled
2701,1.9704173155332683e-06,0,0,unlabeled
2702,0.13497962057590485,0,1,unlabeled
2703,0.0021719620563089848,0,0,unlabeled
2704,1.551302148072864e-06,0,0,train
2705,0.7048298716545105,0,0,unlabeled
2706,8.717654509382555e-07,0,0,unlabeled
2707,0.003788805566728115,0,0,unlabeled
2708,0.9850232601165771,1,1,unlabeled
2709,0.05366519093513489,0,1,unlabeled
2710,0.15516513586044312,0,0,unlabeled
2711,0.0035397473257035017,0,0,val
2712,0.0006332724005915225,0,0,unlabeled
2713,0.6162698864936829,0,0,unlabeled
2714,0.05683162435889244,0,0,unlabeled
2715,0.2847019135951996,0,0,unlabeled
2716,0.0001932682644110173,0,0,unlabeled
2717,0.007765604183077812,0,0,unlabeled
2718,0.8569475412368774,1,0,unlabeled
2719,0.6485790014266968,0,0,unlabeled
2720,4.476031244848855e-05,0,0,unlabeled
2721,0.1704747974872589,0,0,unlabeled
2722,0.11495993286371231,0,0,train
2723,0.4187014102935791,0,0,unlabeled
2724,0.6495285630226135,0,0,train
2725,0.509203314781189,0,1,unlabeled
2726,0.9584953188896179,1,1,unlabeled
2727,0.012007927522063255,0,0,unlabeled
2728,0.01598449796438217,0,0,unlabeled
2729,0.05799604952335358,0,0,unlabeled
2730,0.0020838321652263403,0,0,unlabeled
2731,0.06380555033683777,0,0,train
2732,0.6289414167404175,0,0,unlabeled
2733,0.4248530864715576,0,0,val
2734,3.890454536303878e-06,0,0,unlabeled
2735,3.9987435229704715e-06,0,0,unlabeled
2736,0.991154670715332,1,1,unlabeled
2737,0.0004773123364429921,0,0,unlabeled
2738,0.8130224347114563,0,0,unlabeled
2739,2.1431674213090446e-06,0,0,train
2740,1.316794396188925e-06,0,0,unlabeled
2741,0.9388697743415833,1,1,train
2742,5.54917351109907e-05,0,0,train
2743,0.9579796195030212,1,1,unlabeled
2744,0.9481330513954163,1,0,unlabeled
2745,0.00010429644316900522,0,0,unlabeled
2746,0.8157150745391846,0,0,train
2747,0.001360979862511158,0,0,unlabeled
2748,0.8949313759803772,1,0,unlabeled
2749,0.9008315205574036,1,1,unlabeled
2750,0.5713958740234375,0,0,unlabeled
2751,4.2149385990342125e-05,0,0,unlabeled
2752,0.9261289238929749,1,1,val
2753,0.08560177683830261,0,0,unlabeled
2754,0.6692125797271729,0,0,unlabeled
2755,0.7237933278083801,0,0,unlabeled
2756,0.7781361937522888,0,0,unlabeled
2757,0.953329861164093,1,0,unlabeled
2758,0.23129910230636597,0,1,unlabeled
2759,0.9999661445617676,1,1,unlabeled
2760,0.6525366306304932,0,1,unlabeled
2761,0.6596655249595642,0,1,train
2762,0.6798446178436279,0,1,train
2763,0.7768192887306213,0,1,train
2764,0.9262431263923645,1,1,unlabeled
2765,0.601691484451294,0,1,unlabeled
2766,0.683368980884552,0,1,unlabeled
2767,0.15547652542591095,0,1,unlabeled
2768,0.174014151096344,0,1,unlabeled
2769,0.9615980982780457,1,1,unlabeled
2770,0.9327967762947083,1,1,unlabeled
2771,0.06029215827584267,0,1,unlabeled
2772,0.4918488562107086,0,1,train
2773,0.9763131737709045,1,1,unlabeled
2774,0.998583197593689,1,1,train
2775,0.3125007450580597,0,1,unlabeled
2776,0.7969613671302795,0,1,train
2777,0.9866284132003784,1,1,unlabeled
2778,0.4987788200378418,0,1,unlabeled
2779,0.9999995231628418,1,1,train
2780,0.8277527093887329,0,1,unlabeled
2781,0.9999998807907104,1,1,unlabeled
2782,0.6991161704063416,0,1,train
2783,0.3387380838394165,0,1,unlabeled
2784,0.3396826684474945,0,1,unlabeled
2785,0.9584129452705383,1,1,unlabeled
2786,0.9991218447685242,1,1,unlabeled
2787,0.9747068881988525,1,1,train
2788,0.9891554713249207,1,1,unlabeled
2789,0.9595673680305481,1,1,val
2790,0.9999746084213257,1,1,unlabeled
2791,0.9028893113136292,1,1,unlabeled
2792,0.9059963822364807,1,1,unlabeled
2793,0.8648279309272766,1,1,unlabeled
2794,0.9999992847442627,1,1,unlabeled
2795,0.9879155158996582,1,1,unlabeled
2796,0.8915693163871765,1,1,unlabeled
2797,0.025428684428334236,0,1,unlabeled
2798,0.9909650087356567,1,1,unlabeled
2799,0.9174309372901917,1,1,unlabeled
2800,0.913385272026062,1,1,unlabeled
2801,0.9716123938560486,1,1,unlabeled
2802,0.9714378714561462,1,1,train
2803,0.9115208387374878,1,1,unlabeled
2804,0.9585709571838379,1,1,unlabeled
2805,0.29162877798080444,0,1,unlabeled
2806,0.6887059807777405,0,1,unlabeled
2807,0.8829267024993896,1,1,unlabeled
2808,0.9894975423812866,1,1,unlabeled
2809,0.07229165732860565,0,1,unlabeled
2810,0.9319504499435425,1,1,train
2811,0.5569659471511841,0,1,unlabeled
2812,0.9474800825119019,1,1,unlabeled
2813,0.8968820571899414,1,1,unlabeled
2814,0.9001144170761108,1,1,unlabeled
2815,0.7338414788246155,0,1,unlabeled
2816,0.9131090044975281,1,1,val
2817,0.0045228442177176476,0,1,val
2818,0.36253106594085693,0,1,unlabeled
2819,0.9525014758110046,1,1,unlabeled
2820,0.9201792478561401,1,1,train
2821,0.8615598678588867,1,1,unlabeled
2822,0.0330316536128521,0,1,unlabeled
2823,0.9560306668281555,1,1,unlabeled
2824,0.9792613387107849,1,1,unlabeled
2825,0.36587947607040405,0,1,unlabeled
2826,0.21609121561050415,0,1,unlabeled
2827,0.9617423415184021,1,1,unlabeled
2828,0.9861520528793335,1,1,unlabeled
2829,0.9609197974205017,1,1,unlabeled
2830,0.17268580198287964,0,1,unlabeled
2831,0.41083669662475586,0,1,unlabeled
2832,0.6524065136909485,0,1,unlabeled
2833,0.3542070984840393,0,1,unlabeled
2834,0.7373572587966919,0,1,unlabeled
2835,0.9740947484970093,1,1,unlabeled
2836,0.6571360230445862,0,1,unlabeled
2837,0.849971354007721,0,1,unlabeled
2838,0.1408056616783142,0,1,unlabeled
2839,0.8728994131088257,1,1,train
2840,0.8130971789360046,0,1,train
2841,0.04172204062342644,0,1,val
2842,0.7340168356895447,0,1,unlabeled
2843,0.00941618625074625,0,1,unlabeled
2844,0.9999775886535645,1,1,unlabeled
2845,0.25119566917419434,0,1,unlabeled
2846,0.9775206446647644,1,1,unlabeled
2847,0.7627933621406555,0,1,unlabeled
2848,0.12221917510032654,0,1,unlabeled
2849,0.9545552730560303,1,1,unlabeled
2850,0.0014323933282867074,0,0,unlabeled
2851,0.00011631630331976339,0,0,train
2852,0.04814489930868149,0,0,unlabeled
2853,0.4800972044467926,0,0,unlabeled
2854,0.8593537211418152,1,1,train
2855,3.2428049507871037e-06,0,0,unlabeled
2856,0.0002112787333317101,0,0,unlabeled
2857,0.02188442088663578,0,0,unlabeled
2858,0.00038445150130428374,0,0,unlabeled
2859,0.21648919582366943,0,0,train
2860,0.003443051129579544,0,0,unlabeled
2861,2.721249074966181e-07,0,0,unlabeled
2862,0.09790025651454926,0,0,unlabeled
2863,7.494787496398203e-06,0,0,unlabeled
2864,0.0016421182081103325,0,1,unlabeled
2865,0.43965795636177063,0,0,unlabeled
2866,0.31454139947891235,0,0,unlabeled
2867,0.0005532947252504528,0,0,unlabeled
2868,0.00018971993995364755,0,0,unlabeled
2869,0.8359344601631165,0,0,unlabeled
2870,0.0013310525100678205,0,0,unlabeled
2871,0.5942659378051758,0,0,unlabeled
2872,0.9125723838806152,1,0,train
2873,0.0009406691533513367,0,0,unlabeled
2874,0.5864071249961853,0,1,unlabeled
2875,0.00038504807162098587,0,0,unlabeled
2876,0.6618698835372925,0,1,unlabeled
2877,0.00021965766791254282,0,0,val
2878,0.18665547668933868,0,0,train
2879,0.8240789771080017,0,1,train
2880,0.24145793914794922,0,0,unlabeled
2881,0.5928662419319153,0,1,unlabeled
2882,0.39521703124046326,0,1,unlabeled
2883,0.6864716410636902,0,0,unlabeled
2884,0.1041821762919426,0,0,unlabeled
2885,0.06470907479524612,0,0,unlabeled
2886,0.00013218270032666624,0,0,unlabeled
2887,0.2225647121667862,0,0,train
2888,0.9625227451324463,1,0,unlabeled
2889,0.3857729434967041,0,0,unlabeled
2890,0.22134114801883698,0,0,unlabeled
2891,0.5302459597587585,0,0,unlabeled
2892,7.865458610467613e-05,0,0,unlabeled
2893,0.03165983408689499,0,0,unlabeled
2894,0.0001229061745107174,0,0,unlabeled
2895,1.9284056179458275e-05,0,0,unlabeled
2896,6.804489385103807e-05,0,0,unlabeled
2897,6.822791419835994e-06,0,0,unlabeled
2898,0.595479428768158,0,0,unlabeled
2899,0.00023614414385519922,0,0,unlabeled
2900,0.0367916077375412,0,0,unlabeled
2901,9.382540156366304e-05,0,0,unlabeled
2902,0.0038552244659513235,0,0,unlabeled
2903,0.9999997615814209,1,1,unlabeled
2904,0.00031371781369671226,0,0,unlabeled
2905,0.00017869778093881905,0,0,unlabeled
2906,0.0006039508152753115,0,0,unlabeled
2907,0.17561770975589752,0,0,unlabeled
2908,0.056139588356018066,0,0,unlabeled
2909,0.8106484413146973,0,0,unlabeled
2910,0.9999997615814209,1,1,val
2911,2.6038600253741606e-07,0,0,unlabeled
2912,0.0001872929569799453,0,0,unlabeled
2913,0.008530543185770512,0,0,unlabeled
2914,0.2075030356645584,0,1,unlabeled
2915,0.8553587794303894,0,0,train
2916,0.8286842107772827,0,1,unlabeled
2917,0.00012294579937588423,0,0,unlabeled
2918,0.007224745582789183,0,0,unlabeled
2919,0.15256868302822113,0,0,unlabeled
2920,0.017740728333592415,0,0,unlabeled
2921,0.0002661987964529544,0,0,unlabeled
2922,0.9582222104072571,1,1,unlabeled
2923,0.20118330419063568,0,0,unlabeled
2924,0.9546531438827515,1,1,train
2925,0.0032635601237416267,0,0,unlabeled
2926,0.025640735402703285,0,0,unlabeled
2927,0.021391430869698524,0,0,unlabeled
2928,0.0011584763415157795,0,0,unlabeled
2929,0.04276706278324127,0,0,unlabeled
2930,0.1924968808889389,0,0,unlabeled
2931,0.8289709091186523,0,1,unlabeled
2932,0.9732874631881714,1,1,unlabeled
2933,0.9354059100151062,1,1,unlabeled
2934,0.0014345167437568307,0,0,unlabeled
2935,0.03866279125213623,0,1,unlabeled
2936,1.1174628298249445e-06,0,0,unlabeled
2937,0.001582132768817246,0,0,train
2938,0.4328848123550415,0,0,train
2939,0.9359385967254639,1,1,unlabeled
2940,0.9999996423721313,1,1,unlabeled
2941,0.7629944086074829,0,0,train
2942,0.9715433120727539,1,1,unlabeled
2943,0.03772938996553421,0,0,unlabeled
2944,0.0011520165717229247,0,0,val
2945,0.021971598267555237,0,0,unlabeled
2946,0.009577076882123947,0,0,unlabeled
2947,0.0006043973844498396,0,0,unlabeled
2948,0.8647780418395996,1,1,train
2949,6.630843472521519e-06,0,0,unlabeled
2950,0.9942377805709839,1,1,unlabeled
2951,0.006014669314026833,0,0,unlabeled
2952,0.09185951203107834,0,0,unlabeled
2953,0.00025783327873796225,0,0,unlabeled
2954,0.00019341555889695883,0,0,unlabeled
2955,0.5090182423591614,0,0,unlabeled
2956,0.3731386065483093,0,1,unlabeled
2957,0.0002761402865871787,0,0,train
2958,0.0076429583132267,0,0,unlabeled
2959,0.07924578338861465,0,0,val
2960,0.9262361526489258,1,1,unlabeled
2961,0.0018476378172636032,0,0,unlabeled
2962,5.363716627471149e-05,0,0,unlabeled
2963,0.004052360542118549,0,0,unlabeled
2964,0.001916003180667758,0,0,unlabeled
2965,0.20108871161937714,0,0,unlabeled
2966,0.0001243271544808522,0,0,unlabeled
2967,0.000600299215875566,0,0,unlabeled
2968,0.2992883324623108,0,0,unlabeled
2969,0.31128159165382385,0,0,train
2970,2.014728670474142e-05,0,0,unlabeled
2971,0.00029159209225326777,0,0,unlabeled
2972,3.745188223547302e-05,0,0,unlabeled
2973,0.002033672761172056,0,0,train
2974,8.104148582788184e-05,0,0,train
2975,0.025298476219177246,0,1,unlabeled
2976,0.0033358349464833736,0,0,unlabeled
2977,0.4144861698150635,0,0,unlabeled
2978,8.175229595508426e-06,0,0,unlabeled
2979,0.020517781376838684,0,0,unlabeled
2980,4.172788976575248e-05,0,0,train
2981,0.03559909388422966,0,0,unlabeled
2982,0.00313550210557878,0,0,train
2983,0.1906253844499588,0,0,train
2984,2.3243778457526787e-07,0,0,unlabeled
2985,6.0117044995422475e-06,0,0,unlabeled
2986,0.6019824743270874,0,1,unlabeled
2987,2.0582453998940764e-06,0,0,unlabeled
2988,0.014235025271773338,0,0,unlabeled
2989,0.002163933590054512,0,0,unlabeled
2990,0.021722448989748955,0,0,unlabeled
2991,2.1515421622098074e-07,0,0,train
2992,0.4792487323284149,0,0,unlabeled
2993,0.8744925260543823,1,1,unlabeled
2994,0.027610912919044495,0,0,unlabeled
2995,0.9557336568832397,1,0,unlabeled
2996,3.595426824176684e-05,0,0,unlabeled
2997,0.8735718131065369,1,1,unlabeled
2998,0.9818063974380493,1,1,unlabeled
2999,0.08902397751808167,0,0,unlabeled
3000,2.122619591204966e-08,0,0,unlabeled
3001,4.097917553735897e-05,0,0,unlabeled
3002,0.874902606010437,1,0,val
3003,3.1653264159103855e-05,0,0,unlabeled
3004,0.8153740167617798,0,1,unlabeled
3005,0.13042302429676056,0,0,unlabeled
3006,0.6016743779182434,0,0,unlabeled
3007,0.2609977126121521,0,0,unlabeled
3008,0.8585350513458252,1,1,train
3009,5.3240484703565016e-05,0,0,unlabeled
3010,8.199583680834621e-05,0,0,unlabeled
3011,0.029277127236127853,0,0,unlabeled
3012,0.03610024228692055,0,0,unlabeled
3013,1.498099481977988e-05,0,0,unlabeled
3014,0.7966705560684204,0,0,train
3015,0.0005142914596945047,0,0,unlabeled
3016,0.019137151539325714,0,0,unlabeled
3017,0.5095388889312744,0,0,unlabeled
3018,0.0017560715787112713,0,0,unlabeled
3019,0.19411666691303253,0,0,unlabeled
3020,0.002031179377809167,0,0,unlabeled
3021,0.004485724028199911,0,0,unlabeled
3022,7.483217359549599e-06,0,0,unlabeled
3023,0.4768872559070587,0,0,unlabeled
3024,0.9264429211616516,1,1,unlabeled
3025,0.00014470223686657846,0,0,train
3026,0.8967706561088562,1,1,unlabeled
3027,0.001316303270868957,0,0,unlabeled
3028,0.0010982773965224624,0,0,unlabeled
3029,0.8940936923027039,1,0,unlabeled
3030,3.918522452295292e-06,0,0,train
3031,0.9914231896400452,1,1,unlabeled
3032,0.19760270416736603,0,0,unlabeled
3033,0.00039133813697844744,0,0,unlabeled
3034,0.9069619178771973,1,1,unlabeled
3035,0.020977109670639038,0,0,unlabeled
3036,0.0014059592504054308,0,0,unlabeled
3037,0.0009831248316913843,0,0,val
3038,0.020206648856401443,0,0,unlabeled
3039,0.0044211288914084435,0,0,train
3040,0.9999998807907104,1,1,train
3041,0.97169029712677,1,1,unlabeled
3042,4.207064648653613e-06,0,0,unlabeled
3043,5.029524982091971e-05,0,0,unlabeled
3044,8.287308446597308e-06,0,0,unlabeled
3045,0.0010122880339622498,0,0,unlabeled
3046,0.7074978351593018,0,1,unlabeled
3047,0.0006271611200645566,0,0,train
3048,0.972165584564209,1,1,unlabeled
3049,0.006106582470238209,0,0,val
3050,0.004650024231523275,0,0,unlabeled
3051,0.09206326305866241,0,0,unlabeled
3052,0.5916458964347839,0,0,unlabeled
3053,0.715704083442688,0,1,unlabeled
3054,0.0049274456687271595,0,0,unlabeled
3055,0.4961254894733429,0,0,unlabeled
3056,0.9822385311126709,1,1,unlabeled
3057,0.7945231795310974,0,0,unlabeled
3058,0.4411120116710663,0,1,unlabeled
3059,0.933120608329773,1,0,unlabeled
3060,0.0005729096010327339,0,0,train
3061,0.05659401789307594,0,0,unlabeled
3062,1.344632494237885e-07,0,0,unlabeled
3063,0.0005133393569849432,0,0,train
3064,0.27962279319763184,0,1,unlabeled
3065,0.1695433259010315,0,1,unlabeled
3066,0.0006208943668752909,0,0,train
3067,1.429670646757586e-05,0,0,unlabeled
3068,0.20959581434726715,0,0,unlabeled
3069,0.0002948114706669003,0,0,unlabeled
3070,0.0007621791446581483,0,0,unlabeled
3071,0.0028112062718719244,0,0,unlabeled
3072,0.8197089433670044,0,0,unlabeled
3073,0.36870864033699036,0,0,val
3074,0.9844441413879395,1,1,unlabeled
3075,7.143679249566048e-05,0,0,unlabeled
3076,0.7131664752960205,0,0,val
3077,0.00013568952272180468,0,0,unlabeled
3078,0.9291291236877441,1,1,unlabeled
3079,0.1986721158027649,0,0,unlabeled
3080,0.2490331530570984,0,0,unlabeled
3081,0.10545425117015839,0,0,train
3082,0.9306735992431641,1,0,unlabeled
3083,0.7059551477432251,0,1,train
3084,0.18438369035720825,0,0,unlabeled
3085,0.03626779094338417,0,0,val
3086,0.00910918042063713,0,0,train
3087,2.9076813007122837e-05,0,0,unlabeled
3088,0.4513741135597229,0,1,unlabeled
3089,0.9886777997016907,1,1,unlabeled
3090,0.09279482066631317,0,0,unlabeled
3091,2.109603656208492e-07,0,0,unlabeled
3092,0.0010664911242201924,0,0,val
3093,5.901829354115762e-05,0,0,unlabeled
3094,0.8099959492683411,0,1,unlabeled
3095,0.0010420121252536774,0,0,unlabeled
3096,0.00023090750619303435,0,0,unlabeled
3097,0.8750944137573242,1,1,unlabeled
3098,0.9884944558143616,1,1,train
3099,1.0119273611053359e-05,0,0,unlabeled
3100,0.6412836313247681,0,0,unlabeled
3101,0.000531729543581605,0,0,unlabeled
3102,4.7630746848881245e-05,0,0,train
3103,0.4827331304550171,0,0,unlabeled
3104,0.3641431927680969,0,0,train
3105,0.9093856811523438,1,1,val
3106,0.000867044844198972,0,0,unlabeled
3107,0.5033397078514099,0,0,unlabeled
3108,0.31832584738731384,0,0,unlabeled
3109,0.4110831916332245,0,0,unlabeled
3110,0.1429850459098816,0,0,unlabeled
3111,0.676862359046936,0,1,train
3112,0.6188627481460571,0,0,unlabeled
3113,2.248651753689046e-06,0,0,unlabeled
3114,0.3128098249435425,0,0,train
3115,0.0018313315231353045,0,0,unlabeled
3116,0.5694822669029236,0,0,unlabeled
3117,0.0023785061202943325,0,0,train
3118,0.011833728291094303,0,0,unlabeled
3119,0.6947520971298218,0,1,unlabeled
3120,0.00041080385562963784,0,0,unlabeled
3121,0.029206981882452965,0,0,unlabeled
3122,1.939096000569407e-05,0,0,unlabeled
3123,0.0011162927839905024,0,0,unlabeled
3124,0.0014733640709891915,0,0,unlabeled
3125,0.002558368956670165,0,0,unlabeled
3126,0.729503870010376,0,1,train
3127,0.03820892795920372,0,0,val
3128,0.0013170343590900302,0,0,unlabeled
3129,0.00011679510498652235,0,0,unlabeled
3130,0.2025095522403717,0,0,unlabeled
3131,0.8487554788589478,0,0,unlabeled
3132,0.0004491865402087569,0,0,unlabeled
3133,0.5306192636489868,0,1,unlabeled
3134,0.8737279772758484,1,0,train
3135,0.3827514052391052,0,1,unlabeled
3136,0.20707368850708008,0,0,unlabeled
3137,7.008996362856124e-06,0,0,unlabeled
3138,0.8057330846786499,0,0,unlabeled
3139,1.451698517485056e-05,0,0,unlabeled
3140,5.09484889334999e-05,0,0,unlabeled
3141,0.780910313129425,0,0,unlabeled
3142,2.6648625862435438e-05,0,0,train
3143,0.16877616941928864,0,0,unlabeled
3144,0.011496812105178833,0,0,train
3145,0.00013676991511601955,0,0,unlabeled
3146,0.9063562154769897,1,0,unlabeled
3147,0.0008206883794628084,0,0,unlabeled
3148,2.895851321227383e-05,0,0,unlabeled
3149,0.15818488597869873,0,0,unlabeled
3150,0.033120546489953995,0,0,train
3151,0.018002843484282494,0,0,val
3152,0.8185954689979553,0,1,train
3153,0.024595241993665695,0,1,unlabeled
3154,0.9843398332595825,1,1,unlabeled
3155,0.9767430424690247,1,1,unlabeled
3156,0.9118068218231201,1,1,unlabeled
3157,0.43275269865989685,0,1,unlabeled
3158,0.2524343729019165,0,1,unlabeled
3159,0.36128902435302734,0,1,unlabeled
3160,0.8657982349395752,1,1,train
3161,0.8282430768013,0,1,unlabeled
3162,0.0017699635354802012,0,1,unlabeled
3163,0.9806814789772034,1,1,train
3164,0.22768087685108185,0,1,unlabeled
3165,0.8947609663009644,1,1,unlabeled
3166,0.6418965458869934,0,1,val
3167,0.874086856842041,1,1,train
3168,0.04338998720049858,0,1,val
3169,0.15556281805038452,0,1,unlabeled
3170,0.9235119223594666,1,1,train
3171,0.9507346153259277,1,1,unlabeled
3172,0.6667519807815552,0,1,unlabeled
3173,0.8912330269813538,1,1,unlabeled
3174,0.791257381439209,0,1,unlabeled
3175,0.7624848484992981,0,1,unlabeled
3176,0.9342391490936279,1,1,unlabeled
3177,0.029806707054376602,0,1,unlabeled
3178,0.02058301866054535,0,1,unlabeled
3179,0.9365776777267456,1,1,unlabeled
3180,0.9818251729011536,1,1,unlabeled
3181,0.6533165574073792,0,1,unlabeled
3182,0.1963186115026474,0,1,unlabeled
3183,0.9657445549964905,1,1,unlabeled
3184,0.8303837180137634,0,1,unlabeled
3185,0.893086314201355,1,1,unlabeled
3186,0.7509691119194031,0,1,unlabeled
3187,0.9856703877449036,1,1,unlabeled
3188,0.16489024460315704,0,1,unlabeled
3189,0.9731360673904419,1,1,train
3190,0.5118646025657654,0,1,unlabeled
3191,0.9611945152282715,1,1,unlabeled
3192,0.9999998807907104,1,1,unlabeled
3193,0.16131174564361572,0,1,unlabeled
3194,0.7385675311088562,0,1,unlabeled
3195,0.9019885659217834,1,1,unlabeled
3196,0.4292389750480652,0,1,unlabeled
3197,0.9649552702903748,1,1,unlabeled
3198,0.5888065099716187,0,1,unlabeled
3199,0.38015761971473694,0,1,unlabeled
3200,0.7917771935462952,0,1,unlabeled
3201,0.9333060383796692,1,1,unlabeled
3202,0.9599290490150452,1,1,unlabeled
3203,0.6085901856422424,0,1,unlabeled
3204,0.8422170281410217,0,1,unlabeled
3205,0.9999998807907104,1,1,val
3206,0.9160501956939697,1,1,unlabeled
3207,0.5631670951843262,0,1,unlabeled
3208,0.7958129644393921,0,1,train
3209,0.10069379210472107,0,1,unlabeled
3210,0.8165570497512817,0,1,train
3211,0.8789538145065308,1,1,unlabeled
3212,0.8845218420028687,1,1,unlabeled
3213,0.9274663925170898,1,1,unlabeled
3214,0.9707697629928589,1,1,unlabeled
3215,0.9999998807907104,1,1,unlabeled
3216,0.9495099186897278,1,1,unlabeled
3217,0.9203433990478516,1,1,train
3218,0.9250361323356628,1,1,unlabeled
3219,0.9999998807907104,1,1,train
3220,0.20211394131183624,0,1,unlabeled
3221,0.44854721426963806,0,1,unlabeled
3222,0.9888148903846741,1,1,unlabeled
3223,0.7783048748970032,0,1,train
3224,0.9053412675857544,1,1,unlabeled
3225,0.9066929221153259,1,1,unlabeled
3226,0.9176512360572815,1,1,unlabeled
3227,0.9989476799964905,1,1,unlabeled
3228,0.2606808543205261,0,1,val
3229,0.8847315907478333,1,1,unlabeled
3230,0.8449302911758423,0,1,unlabeled
3231,0.04037238284945488,0,1,unlabeled
3232,0.38696783781051636,0,1,unlabeled
3233,0.9209038615226746,1,1,unlabeled
3234,0.01672203652560711,0,1,unlabeled
3235,0.9529757499694824,1,1,unlabeled
3236,0.9810454845428467,1,1,unlabeled
3237,0.9720371961593628,1,1,unlabeled
3238,0.7163527011871338,0,1,unlabeled
3239,0.6025234460830688,0,1,unlabeled
3240,0.9327618479728699,1,1,unlabeled
3241,0.7753350138664246,0,1,unlabeled
3242,0.19501611590385437,0,1,unlabeled
3243,0.9845096468925476,1,1,unlabeled
3244,0.8678528070449829,1,1,unlabeled
3245,0.9544194340705872,1,1,unlabeled
3246,0.15043824911117554,0,1,unlabeled
3247,0.24580156803131104,0,1,unlabeled
3248,0.9999998807907104,1,1,unlabeled
3249,0.38017600774765015,0,1,unlabeled
3250,0.3123836815357208,0,1,unlabeled
3251,0.9574317336082458,1,1,train
3252,0.03308003023266792,0,1,unlabeled
3253,0.15710005164146423,0,1,unlabeled
3254,0.6780214905738831,0,1,unlabeled
3255,0.05739865079522133,0,1,unlabeled
3256,0.0942479744553566,0,1,unlabeled
3257,0.9428831338882446,1,1,val
3258,0.999941349029541,1,1,unlabeled
3259,0.8624690175056458,1,1,unlabeled
3260,0.7856805920600891,0,1,train
3261,0.6489989161491394,0,1,train
3262,0.859552264213562,1,1,unlabeled
3263,0.16721603274345398,0,1,unlabeled
3264,0.9964601397514343,1,1,unlabeled
3265,0.944909930229187,1,1,unlabeled
3266,0.9652534127235413,1,1,unlabeled
3267,0.899177074432373,1,1,unlabeled
3268,0.838355541229248,0,1,unlabeled
3269,0.9330145716667175,1,1,train
3270,0.9769511818885803,1,1,unlabeled
3271,0.9296298623085022,1,1,unlabeled
3272,0.8213134407997131,0,1,unlabeled
3273,0.6706158518791199,0,1,unlabeled
3274,0.8340924382209778,0,1,train
3275,0.9079428315162659,1,1,train
3276,0.004537669010460377,0,1,unlabeled
3277,0.9385442137718201,1,1,unlabeled
3278,0.9315975904464722,1,1,train
3279,0.013802587054669857,0,1,unlabeled
3280,0.9106287956237793,1,1,unlabeled
3281,0.9974886178970337,1,1,unlabeled
3282,0.8679396510124207,1,1,unlabeled
3283,0.8560683727264404,0,1,unlabeled
3284,0.8765026330947876,1,1,unlabeled
3285,0.5916668176651001,0,1,unlabeled
3286,0.8629820346832275,1,1,unlabeled
3287,0.9738081097602844,1,1,unlabeled
3288,0.7631011605262756,0,1,unlabeled
3289,0.8712468147277832,1,1,train
3290,0.9796968102455139,1,1,train
3291,0.43715474009513855,0,1,unlabeled
3292,0.9536845088005066,1,1,unlabeled
3293,0.978609025478363,1,1,unlabeled
3294,0.41845154762268066,0,1,unlabeled
3295,0.5407324433326721,0,1,unlabeled
3296,0.9128332734107971,1,1,train
3297,0.9758211970329285,1,1,unlabeled
3298,0.9842648506164551,1,1,val
3299,0.9759393930435181,1,1,unlabeled
3300,0.00915614515542984,0,1,unlabeled
3301,0.9378282427787781,1,1,unlabeled
3302,0.9865908622741699,1,1,unlabeled
3303,0.9993875026702881,1,1,unlabeled
3304,0.9809131026268005,1,1,unlabeled
3305,0.5365490913391113,0,1,unlabeled
3306,0.6738464832305908,0,1,train
3307,0.9997004270553589,1,1,val
3308,0.035576965659856796,0,1,unlabeled
3309,0.6348409652709961,0,1,val
3310,0.9789134860038757,1,1,train
3311,0.5302044153213501,0,1,unlabeled
3312,0.8757143616676331,1,1,unlabeled
3313,0.5087319016456604,0,1,unlabeled
3314,0.9998989105224609,1,1,unlabeled
3315,0.0007671849452890456,0,1,unlabeled
3316,0.9816811680793762,1,1,unlabeled
3317,0.8591145277023315,1,1,unlabeled
3318,0.8771471977233887,1,1,unlabeled
3319,0.8020085096359253,0,1,val
3320,0.9527009129524231,1,1,unlabeled
3321,0.9299131631851196,1,1,train
3322,0.9999998807907104,1,1,unlabeled
3323,0.9262710809707642,1,1,unlabeled
3324,0.501007616519928,0,1,unlabeled
3325,0.83428555727005,0,1,unlabeled
3326,0.05104169249534607,0,1,val
3327,0.6355301737785339,0,1,unlabeled
3328,0.9430589079856873,1,1,train
3329,0.027073560282588005,0,1,unlabeled
3330,0.30012786388397217,0,1,unlabeled
3331,0.6561236381530762,0,1,val
3332,0.9999998807907104,1,1,unlabeled
3333,0.9699369072914124,1,1,unlabeled
3334,0.8596429228782654,1,1,train
3335,0.9667657613754272,1,1,unlabeled
3336,0.8518166542053223,0,1,unlabeled
3337,0.922674298286438,1,1,train
3338,0.410374253988266,0,1,unlabeled
3339,0.9162285327911377,1,1,unlabeled
3340,0.2997366189956665,0,1,unlabeled
3341,0.5315375924110413,0,1,unlabeled
3342,0.06867089867591858,0,1,unlabeled
3343,0.017665931954979897,0,1,unlabeled
3344,0.7794804573059082,0,1,unlabeled
3345,0.9618697166442871,1,1,val
3346,0.32196861505508423,0,1,unlabeled
3347,4.602698481903644e-06,0,0,val
3348,0.8812118172645569,1,0,unlabeled
3349,4.531430749921128e-05,0,0,train
3350,1.2299993841224932e-06,0,0,unlabeled
3351,0.8343644142150879,0,0,unlabeled
3352,1.8293314496986568e-05,0,0,unlabeled
3353,7.419447683787439e-06,0,0,unlabeled
3354,0.00012852458166889846,0,0,val
3355,5.117144974065013e-05,0,0,val
3356,0.23665720224380493,0,0,unlabeled
3357,0.37241509556770325,0,0,unlabeled
3358,0.9520108103752136,1,0,unlabeled
3359,0.00011318655742798,0,0,train
3360,3.046856181754265e-05,0,0,unlabeled
3361,0.00011464429553598166,0,0,unlabeled
3362,0.6136979460716248,0,0,unlabeled
3363,1.1680074749165215e-05,0,0,unlabeled
3364,0.017896799370646477,0,0,unlabeled
3365,0.0005579034332185984,0,0,unlabeled
3366,0.008729290217161179,0,0,unlabeled
3367,0.08245979994535446,0,0,unlabeled
3368,0.003090745536610484,0,0,train
3369,0.004402875434607267,0,0,unlabeled
3370,0.8887268900871277,1,0,unlabeled
3371,0.0039058029651641846,0,0,unlabeled
3372,0.9220814108848572,1,0,val
3373,4.5595279516419396e-05,0,0,unlabeled
3374,0.00024501344887539744,0,0,unlabeled
3375,4.506061941356165e-06,0,0,unlabeled
3376,0.00017400244541931897,0,0,unlabeled
3377,0.02067926898598671,0,0,unlabeled
3378,0.00017088776803575456,0,0,unlabeled
3379,0.7912235856056213,0,0,unlabeled
3380,0.0027430763002485037,0,0,val
3381,0.29501640796661377,0,0,train
3382,1.8563408957561478e-05,0,0,unlabeled
3383,0.010087596252560616,0,0,unlabeled
3384,0.5610289573669434,0,0,unlabeled
3385,0.00031027011573314667,0,0,unlabeled
3386,0.0018524967599660158,0,0,train
3387,0.06585713475942612,0,0,unlabeled
3388,0.007610474247485399,0,0,unlabeled
3389,2.972688662339351e-06,0,0,train
3390,0.6147030591964722,0,0,unlabeled
3391,0.2958248257637024,0,0,train
3392,0.03536757826805115,0,0,unlabeled
3393,0.7259696125984192,0,0,unlabeled
3394,0.0007666638121008873,0,0,unlabeled
3395,0.0017411336302757263,0,0,unlabeled
3396,0.49666839838027954,0,0,val
3397,0.00039981637382879853,0,0,unlabeled
3398,0.7524874210357666,0,0,unlabeled
3399,3.0377837902051397e-05,0,0,val
3400,0.0018603996140882373,0,0,unlabeled
3401,0.002984890015795827,0,0,train
3402,0.0003269312728662044,0,0,unlabeled
3403,8.314794831676409e-05,0,0,train
3404,1.369721667288104e-05,0,0,train
3405,0.26320627331733704,0,0,unlabeled
3406,0.016359146684408188,0,0,val
3407,0.36598578095436096,0,0,unlabeled
3408,0.0061352974735200405,0,0,unlabeled
3409,0.49499353766441345,0,0,val
3410,7.693122825003229e-06,0,0,unlabeled
3411,5.868016160093248e-06,0,0,unlabeled
3412,0.011008616536855698,0,0,unlabeled
3413,6.614650919800624e-05,0,0,unlabeled
3414,0.0021113648544996977,0,0,train
3415,0.0012908452190458775,0,0,unlabeled
3416,0.0004649818583857268,0,0,unlabeled
3417,0.006320588290691376,0,0,unlabeled
3418,0.00239829090423882,0,0,unlabeled
3419,0.23658843338489532,0,0,unlabeled
3420,0.7068233489990234,0,0,unlabeled
3421,0.04242095723748207,0,0,train
3422,0.17502032220363617,0,0,unlabeled
3423,1.4592118304790347e-06,0,0,unlabeled
3424,0.18312959372997284,0,0,unlabeled
3425,0.19294512271881104,0,0,train
3426,0.00230199983343482,0,0,val
3427,0.0833609476685524,0,0,unlabeled
3428,9.91944398265332e-06,0,0,unlabeled
3429,0.00708612147718668,0,0,unlabeled
3430,0.0008515351801179349,0,0,train
3431,2.735872294579167e-05,0,0,val
3432,0.0001678593980614096,0,0,unlabeled
3433,0.347998708486557,0,0,train
3434,0.045056648552417755,0,0,unlabeled
3435,0.0005276778247207403,0,0,unlabeled
3436,0.03655962273478508,0,0,unlabeled
3437,0.15435665845870972,0,0,unlabeled
3438,0.1575661599636078,0,0,unlabeled
3439,1.1481779438327067e-05,0,0,unlabeled
3440,0.0011997317196801305,0,0,unlabeled
3441,0.0008231966057792306,0,0,unlabeled
3442,0.00010388997179688886,0,0,unlabeled
3443,0.0726604089140892,0,0,unlabeled
3444,0.5906535983085632,0,0,unlabeled
3445,0.9142091870307922,1,0,train
3446,0.00245395814999938,0,0,unlabeled
3447,0.07150101661682129,0,0,train
3448,2.4902622044464806e-06,0,0,unlabeled
3449,0.009083187207579613,0,0,unlabeled
3450,0.572612464427948,0,0,unlabeled
3451,0.8803201913833618,1,0,unlabeled
3452,0.08816851675510406,0,0,unlabeled
3453,2.713611593208043e-06,0,0,unlabeled
3454,0.000422808836447075,0,0,unlabeled
3455,0.05705062672495842,0,0,unlabeled
3456,0.004496735520660877,0,0,train
3457,0.782035231590271,0,0,unlabeled
3458,0.02032831683754921,0,0,unlabeled
3459,0.0005181360174901783,0,0,unlabeled
3460,0.04620737582445145,0,0,unlabeled
3461,0.22113874554634094,0,0,train
3462,2.4951519662863575e-05,0,0,unlabeled
3463,0.18024760484695435,0,0,unlabeled
3464,0.0021809765603393316,0,0,val
3465,0.002782250288873911,0,0,unlabeled
3466,0.5396223068237305,0,0,unlabeled
3467,4.29255297973441e-09,0,0,train
3468,4.821244874619879e-05,0,0,unlabeled
3469,9.016266631078906e-06,0,0,unlabeled
3470,0.008788470178842545,0,0,unlabeled
3471,0.009672458283603191,0,0,unlabeled
3472,2.3984732251847163e-05,0,0,unlabeled
3473,0.7735748887062073,0,0,unlabeled
3474,0.0002483337593730539,0,0,train
3475,0.7229682803153992,0,0,unlabeled
3476,0.10296586155891418,0,0,train
3477,0.0017005515983328223,0,0,unlabeled
3478,0.029389187693595886,0,0,unlabeled
3479,0.505255401134491,0,0,unlabeled
3480,0.03590136766433716,0,0,unlabeled
3481,0.2704352140426636,0,0,unlabeled
3482,0.0031707289163023233,0,0,unlabeled
3483,0.014735853299498558,0,0,unlabeled
3484,5.8578079915605485e-05,0,0,unlabeled
3485,0.7581720948219299,0,0,val
3486,0.003749043447896838,0,0,unlabeled
3487,0.0019678862299770117,0,0,unlabeled
3488,0.0019138879142701626,0,0,unlabeled
3489,0.004085602704435587,0,0,train
3490,0.0012887341435998678,0,0,unlabeled
3491,0.86643385887146,1,0,unlabeled
3492,0.0008841571980156004,0,0,unlabeled
3493,6.284038590820273e-06,0,0,unlabeled
3494,0.00015724843251518905,0,0,unlabeled
3495,0.00028929655672982335,0,0,unlabeled
3496,0.553882360458374,0,0,unlabeled
3497,0.6559210419654846,0,0,unlabeled
3498,0.5418105125427246,0,0,unlabeled
3499,0.0004239831177983433,0,0,unlabeled
3500,0.0006938701844774187,0,0,unlabeled
3501,2.470471190463286e-05,0,0,unlabeled
3502,0.0002960451238323003,0,0,val
3503,0.008204375393688679,0,0,unlabeled
3504,1.0048053809441626e-05,0,0,unlabeled
3505,0.009939581155776978,0,0,unlabeled
3506,0.2506369352340698,0,0,train
3507,0.0007510092691518366,0,0,unlabeled
3508,0.001556786010041833,0,0,unlabeled
3509,6.695233605569229e-05,0,0,unlabeled
3510,0.001017289818264544,0,0,unlabeled
3511,1.5875535609666258e-05,0,0,unlabeled
3512,0.0431627556681633,0,0,unlabeled
3513,3.964244751841761e-05,0,0,unlabeled
3514,9.770795440999791e-05,0,0,unlabeled
3515,0.4736629128456116,0,0,unlabeled
3516,6.917867722222582e-05,0,0,unlabeled
3517,0.6811473965644836,0,0,unlabeled
3518,0.018745245411992073,0,0,unlabeled
3519,0.7905252575874329,0,0,unlabeled
3520,0.04859085753560066,0,0,unlabeled
3521,3.7669124139938504e-05,0,0,train
3522,0.07227018475532532,0,0,unlabeled
3523,3.0558800062863156e-05,0,0,unlabeled
3524,5.7598237617639825e-05,0,0,unlabeled
3525,0.007444481831043959,0,0,unlabeled
3526,0.9807242155075073,1,0,unlabeled
3527,0.030330728739500046,0,0,unlabeled
3528,0.21336540579795837,0,0,unlabeled
3529,0.7120160460472107,0,0,unlabeled
3530,4.656889723264612e-05,0,0,train
3531,0.0253337062895298,0,0,unlabeled
3532,1.0247990758216474e-05,0,0,unlabeled
3533,0.7843639850616455,0,0,unlabeled
3534,4.987827196600847e-05,0,0,unlabeled
3535,6.361751729855314e-06,0,0,unlabeled
3536,0.6506080031394958,0,0,unlabeled
3537,7.41690882932744e-06,0,0,val
3538,0.03441408649086952,0,0,val
3539,0.9028074741363525,1,0,unlabeled
3540,0.006441858131438494,0,0,unlabeled
3541,0.03152848035097122,0,0,unlabeled
3542,1.7525323983136332e-06,0,0,unlabeled
3543,0.0030422343406826258,0,0,unlabeled
3544,0.002058120444417,0,0,unlabeled
3545,0.00021194211149122566,0,0,unlabeled
3546,0.0052444832399487495,0,0,unlabeled
3547,0.020270980894565582,0,0,unlabeled
3548,0.009723358787596226,0,0,val
3549,0.7773301601409912,0,0,unlabeled
3550,1.5973380868672393e-05,0,0,unlabeled
3551,0.0015747712459415197,0,0,unlabeled
3552,0.8072776198387146,0,0,unlabeled
3553,0.9091803431510925,1,0,unlabeled
3554,0.00019526539836078882,0,0,unlabeled
3555,0.018040930852293968,0,0,unlabeled
3556,0.5146877765655518,0,0,unlabeled
3557,9.345777129965427e-07,0,0,train
3558,0.10506190359592438,0,0,unlabeled
3559,7.705047210038174e-06,0,0,unlabeled
3560,1.9855055143125355e-05,0,0,unlabeled
3561,0.0013510165736079216,0,0,unlabeled
3562,8.675026765558869e-05,0,0,unlabeled
3563,1.5715351764811203e-05,0,0,unlabeled
3564,0.28343239426612854,0,0,unlabeled
3565,0.33687523007392883,0,0,unlabeled
3566,0.3284498155117035,0,0,val
3567,1.2687871731031919e-06,0,0,unlabeled
3568,1.791021986718988e-06,0,0,unlabeled
3569,0.003924828954041004,0,0,train
3570,6.803468295402126e-06,0,0,unlabeled
3571,0.24745623767375946,0,0,unlabeled
3572,0.36889299750328064,0,0,unlabeled
3573,4.0130646084435284e-05,0,0,unlabeled
3574,0.7707607746124268,0,0,train
3575,0.08483704924583435,0,0,unlabeled
3576,0.007346251048147678,0,0,unlabeled
3577,0.2647567093372345,0,0,unlabeled
3578,0.0006221140502020717,0,0,unlabeled
3579,0.2170698493719101,0,0,unlabeled
3580,0.03458584100008011,0,0,unlabeled
3581,0.01378919743001461,0,0,unlabeled
3582,0.4158257842063904,0,0,unlabeled
3583,1.339223308605142e-05,0,0,unlabeled
3584,0.000742719101253897,0,0,unlabeled
3585,0.012513399124145508,0,0,unlabeled
3586,0.003497827798128128,0,0,train
3587,0.427803099155426,0,0,unlabeled
3588,6.037988714524545e-05,0,0,unlabeled
3589,0.42832106351852417,0,0,unlabeled
3590,0.0003154356963932514,0,0,unlabeled
3591,0.9547399878501892,1,0,unlabeled
3592,0.8808838129043579,1,0,unlabeled
3593,0.006097056437283754,0,0,unlabeled
3594,1.810599133023061e-05,0,0,unlabeled
3595,0.8120336532592773,0,0,unlabeled
3596,0.00036898619146086276,0,0,unlabeled
3597,0.0021969478111714125,0,0,unlabeled
3598,0.05207701399922371,0,0,train
3599,0.03353940695524216,0,0,unlabeled
3600,2.318027554792934e-06,0,0,val
3601,2.470910231977541e-08,0,0,unlabeled
3602,0.7356484532356262,0,0,train
3603,0.5341925024986267,0,0,unlabeled
3604,0.6254495978355408,0,0,train
3605,0.7941190004348755,0,0,unlabeled
3606,0.0037677485961467028,0,0,unlabeled
3607,0.012282921001315117,0,0,train
3608,4.103008905076422e-05,0,0,unlabeled
3609,0.0005076784291304648,0,0,unlabeled
3610,9.67864616541192e-05,0,0,unlabeled
3611,0.00401244405657053,0,0,unlabeled
3612,0.09002898633480072,0,0,unlabeled
3613,0.09145339578390121,0,0,unlabeled
3614,0.0003549440880306065,0,0,unlabeled
3615,0.82793128490448,0,0,unlabeled
3616,5.006310402677627e-06,0,0,train
3617,0.0002070613409159705,0,0,train
3618,0.005265415646135807,0,0,unlabeled
3619,0.017548834905028343,0,0,unlabeled
3620,0.0010375955607742071,0,0,unlabeled
3621,0.001910098479129374,0,0,unlabeled
3622,0.009745565243065357,0,0,unlabeled
3623,0.5470290184020996,0,0,train
3624,0.0033493838272988796,0,0,unlabeled
3625,0.6611900329589844,0,0,unlabeled
3626,0.005105172749608755,0,0,unlabeled
3627,0.0020283726043999195,0,0,unlabeled
3628,0.0023212148807942867,0,0,unlabeled
3629,0.5151301622390747,0,0,unlabeled
3630,8.264837561000604e-06,0,0,unlabeled
3631,0.2004416286945343,0,0,unlabeled
3632,0.2002134621143341,0,0,train
3633,0.003102752845734358,0,0,unlabeled
3634,0.00028573849704116583,0,0,train
3635,0.0014810770517215133,0,0,unlabeled
3636,0.000942661426961422,0,0,unlabeled
3637,0.0011511007323861122,0,0,val
3638,0.016950633376836777,0,0,unlabeled
3639,0.024633770808577538,0,0,unlabeled
3640,0.0029989604372531176,0,0,unlabeled
3641,1.119487365031091e-06,0,0,unlabeled
3642,0.0001538844226161018,0,0,unlabeled
3643,0.00031285613658837974,0,0,unlabeled
3644,2.019666862906888e-05,0,0,unlabeled
3645,0.9137811660766602,1,0,unlabeled
3646,0.00013188291632104665,0,0,unlabeled
3647,1.4514146641886327e-05,0,0,train
3648,0.3777182102203369,0,0,unlabeled
3649,0.00011054211063310504,0,0,unlabeled
3650,0.00017465987184550613,0,0,unlabeled
3651,0.008902392350137234,0,0,unlabeled
3652,1.3558120315337874e-07,0,0,unlabeled
3653,0.10601367801427841,0,0,train
3654,0.01048268936574459,0,0,unlabeled
3655,2.9280416129040532e-05,0,0,unlabeled
3656,0.001653640647418797,0,0,unlabeled
3657,0.05895145237445831,0,0,unlabeled
3658,0.06320259720087051,0,0,unlabeled
3659,0.0015384574653580785,0,0,unlabeled
3660,0.0023255753330886364,0,0,unlabeled
3661,0.0001124128611991182,0,0,unlabeled
3662,0.008085602894425392,0,0,unlabeled
3663,0.0012409354094415903,0,0,unlabeled
3664,0.038835544139146805,0,0,unlabeled
3665,0.1353759765625,0,0,train
3666,0.0006306586437858641,0,0,unlabeled
3667,0.0011311301495879889,0,0,unlabeled
3668,8.692449773661792e-05,0,0,train
3669,0.0017366994870826602,0,0,unlabeled
3670,0.0016542854718863964,0,0,train
3671,0.018812334164977074,0,0,train
3672,0.002107615815475583,0,0,val
3673,0.008569139987230301,0,0,train
3674,0.0370817594230175,0,0,unlabeled
3675,0.0038523029070347548,0,0,unlabeled
3676,2.436289105389733e-05,0,0,unlabeled
3677,0.0002993676462210715,0,0,unlabeled
3678,0.6453742980957031,0,0,unlabeled
3679,0.05722188949584961,0,0,unlabeled
3680,1.2998932106711436e-05,0,0,unlabeled
3681,0.4471461772918701,0,0,unlabeled
3682,0.8825619220733643,1,0,unlabeled
3683,0.9266386032104492,1,0,unlabeled
3684,0.000926934415474534,0,0,unlabeled
3685,0.1703166365623474,0,0,unlabeled
3686,5.203228852224129e-07,0,0,unlabeled
3687,3.204060661232688e-08,0,0,unlabeled
3688,2.222209695901256e-05,0,0,train
3689,0.07852590084075928,0,0,val
3690,0.07584331929683685,0,0,unlabeled
3691,6.162056524772197e-05,0,0,unlabeled
3692,3.8839192484374507e-07,0,0,unlabeled
3693,0.055191416293382645,0,0,unlabeled
3694,0.02539675682783127,0,0,unlabeled
3695,0.0019442182965576649,0,0,unlabeled
3696,0.001080877729691565,0,0,unlabeled
3697,0.020857224240899086,0,0,unlabeled
3698,0.00022563351376447827,0,0,train
3699,0.001014409470371902,0,0,unlabeled
3700,0.005186742637306452,0,0,unlabeled
3701,0.0006650317227467895,0,0,unlabeled
3702,2.622863917167706e-07,0,0,unlabeled
3703,0.0005076244124211371,0,0,unlabeled
3704,0.000271232973318547,0,0,unlabeled
3705,0.03276829421520233,0,0,unlabeled
3706,6.44106330582872e-05,0,0,unlabeled
3707,7.021857163636014e-05,0,0,unlabeled
3708,0.08328979462385178,0,0,unlabeled
3709,0.016986234113574028,0,0,unlabeled
3710,0.00018839482800103724,0,0,unlabeled
3711,0.7316953539848328,0,0,unlabeled
3712,0.3947230875492096,0,0,unlabeled
3713,0.00010075732279801741,0,0,train
3714,8.526929741492495e-05,0,0,unlabeled
3715,0.0002907725574914366,0,0,unlabeled
3716,0.01917272061109543,0,0,unlabeled
3717,6.731595476594521e-07,0,0,unlabeled
3718,0.29342663288116455,0,0,train
3719,0.667568027973175,0,0,unlabeled
3720,0.7566450238227844,0,0,unlabeled
3721,8.867774886311963e-05,0,0,unlabeled
3722,4.129481385461986e-05,0,0,unlabeled
3723,0.025309018790721893,0,0,unlabeled
3724,4.310912117944099e-06,0,0,train
3725,0.7641075253486633,0,0,val
3726,0.0004472661530598998,0,0,unlabeled
3727,0.004290551878511906,0,0,unlabeled
3728,4.771692374561098e-07,0,0,unlabeled
3729,1.0999274309142493e-05,0,0,unlabeled
3730,0.047907598316669464,0,0,train
3731,0.3838982582092285,0,0,unlabeled
3732,0.0003695700434036553,0,0,unlabeled
3733,0.696350634098053,0,0,unlabeled
3734,0.00625963369384408,0,0,unlabeled
3735,0.13795815408229828,0,0,unlabeled
3736,0.0002831041347235441,0,0,unlabeled
3737,0.1629202514886856,0,0,unlabeled
3738,6.737094736308791e-06,0,0,unlabeled
3739,6.396471871994436e-05,0,0,unlabeled
3740,5.67628194403369e-05,0,0,unlabeled
3741,0.0044591957703232765,0,0,train
3742,0.0017918171361088753,0,0,unlabeled
3743,0.8713172078132629,1,0,unlabeled
3744,1.2744959349220153e-05,0,0,train
3745,0.8902953863143921,1,0,unlabeled
3746,5.203670298215002e-05,0,0,unlabeled
3747,0.0006869615172035992,0,0,unlabeled
3748,4.147365871176589e-06,0,0,unlabeled
3749,0.2152235507965088,0,0,unlabeled
3750,0.008342060260474682,0,0,unlabeled
3751,0.7216112613677979,0,0,train
3752,0.003302538301795721,0,0,unlabeled
3753,0.0013362811878323555,0,0,unlabeled
3754,0.9320861101150513,1,0,unlabeled
3755,0.7552022337913513,0,0,unlabeled
3756,4.967676068190485e-05,0,0,train
3757,0.30211547017097473,0,0,train
3758,0.7633534073829651,0,0,train
3759,0.38816365599632263,0,0,unlabeled
3760,0.0060553946532309055,0,0,unlabeled
3761,4.664774314733222e-05,0,0,unlabeled
3762,0.6556333303451538,0,0,train
3763,0.060093674808740616,0,0,unlabeled
3764,0.025993797928094864,0,0,unlabeled
3765,0.003330664476379752,0,0,unlabeled
3766,0.004013646859675646,0,0,train
3767,0.8984608054161072,1,0,unlabeled
3768,0.31104618310928345,0,0,unlabeled
3769,0.00271421461366117,0,0,train
3770,0.00036794666084460914,0,0,unlabeled
3771,0.00020401515939738601,0,0,unlabeled
3772,0.0017031821189448237,0,0,train
3773,0.00010629864118527621,0,0,train
3774,0.0019251472549512982,0,0,unlabeled
3775,0.0002064435393549502,0,0,unlabeled
3776,0.002036725403741002,0,0,unlabeled
3777,0.004786577541381121,0,0,unlabeled
3778,0.18008095026016235,0,0,unlabeled
3779,0.0033315543550997972,0,0,train
3780,7.013348749751458e-06,0,0,unlabeled
3781,0.00022970855934545398,0,0,unlabeled
3782,0.001108153141103685,0,0,unlabeled
3783,0.0006723019178025424,0,0,train
3784,0.8455652594566345,0,0,unlabeled
3785,0.2753277122974396,0,0,unlabeled
3786,6.826501339673996e-05,0,0,unlabeled
3787,0.00013684570149052888,0,0,unlabeled
3788,3.1113925160752842e-06,0,0,unlabeled
3789,0.7549060583114624,0,0,unlabeled
3790,1.4141804172140837e-07,0,0,unlabeled
3791,0.17798011004924774,0,0,unlabeled
3792,0.00018966080097015947,0,0,unlabeled
3793,0.3330649733543396,0,0,unlabeled
3794,8.065989277383778e-06,0,0,train
3795,0.9343407154083252,1,0,unlabeled
3796,0.8758596777915955,1,0,unlabeled
3797,0.0008579688728787005,0,0,unlabeled
3798,0.011545076966285706,0,0,unlabeled
3799,3.3636864827713e-05,0,0,train
3800,0.8408246040344238,0,0,unlabeled
3801,9.83573258395154e-08,0,0,unlabeled
3802,0.0011069534812122583,0,0,unlabeled
3803,0.0013252526987344027,0,0,unlabeled
3804,2.6041458113468252e-05,0,0,unlabeled
3805,0.008770727552473545,0,0,unlabeled
3806,3.722896508406848e-05,0,0,unlabeled
3807,0.12156081199645996,0,0,train
3808,0.782788097858429,0,0,unlabeled
3809,0.4420488476753235,0,0,unlabeled
3810,0.01708618924021721,0,0,unlabeled
3811,0.12222913652658463,0,0,unlabeled
3812,0.4907397925853729,0,0,unlabeled
3813,0.6377480626106262,0,0,val
3814,0.00039734772872179747,0,0,unlabeled
3815,0.0018019283888861537,0,0,unlabeled
3816,0.00025529906270094216,0,0,unlabeled
3817,0.0035756155848503113,0,0,val
3818,8.074334618868306e-05,0,0,unlabeled
3819,7.770042429910973e-05,0,0,unlabeled
3820,0.002546543488278985,0,0,unlabeled
3821,0.0027997365687042475,0,0,unlabeled
3822,3.884484976879321e-05,0,0,unlabeled
3823,0.024176834151148796,0,0,unlabeled
3824,0.7984904050827026,0,0,val
3825,5.883795893169008e-06,0,0,unlabeled
3826,9.287515422329307e-05,0,0,unlabeled
3827,0.09670592099428177,0,0,val
3828,0.0013115559704601765,0,0,unlabeled
3829,6.796375964768231e-05,0,0,unlabeled
3830,0.3729574978351593,0,0,unlabeled
3831,0.8496890664100647,0,0,unlabeled
3832,0.00014517130330204964,0,0,unlabeled
3833,0.03811357542872429,0,0,unlabeled
3834,0.8663983345031738,1,0,unlabeled
3835,0.0008771835709922016,0,0,unlabeled
3836,1.4518505849991925e-05,0,0,unlabeled
3837,0.12125588208436966,0,0,unlabeled
3838,0.5731907486915588,0,0,unlabeled
3839,0.0004551069578155875,0,0,unlabeled
3840,0.00013056918396614492,0,0,unlabeled
3841,6.65896586724557e-05,0,0,unlabeled
3842,0.15522755682468414,0,0,unlabeled
3843,0.00039187943912111223,0,0,train
3844,8.010710007511079e-05,0,0,unlabeled
3845,2.855435377568938e-05,0,0,val
3846,0.06612398475408554,0,0,unlabeled
3847,0.005599631927907467,0,0,unlabeled
3848,0.8989642262458801,1,0,unlabeled
3849,0.03501465544104576,0,0,unlabeled
3850,0.00013378181029111147,0,0,unlabeled
3851,0.06679154187440872,0,0,train
3852,0.0005831275484524667,0,0,unlabeled
3853,0.007913772948086262,0,0,train
3854,0.029546810314059258,0,0,unlabeled
3855,2.8522510547190905e-05,0,0,unlabeled
3856,5.048068032920128e-06,0,0,unlabeled
3857,0.00021649945119861513,0,0,unlabeled
3858,4.75488013762515e-06,0,0,unlabeled
3859,0.0005634577828459442,0,0,unlabeled
3860,0.00021467925398610532,0,0,unlabeled
3861,0.004108415450900793,0,0,unlabeled
3862,0.001732003758661449,0,0,train
3863,0.00030414259526878595,0,0,unlabeled
3864,0.12842419743537903,0,0,unlabeled
3865,6.100730161051615e-07,0,0,unlabeled
3866,0.950788676738739,1,0,train
3867,0.002291847951710224,0,0,unlabeled
3868,5.617253918899223e-05,0,0,unlabeled
3869,0.34089478850364685,0,0,unlabeled
3870,0.0008119297563098371,0,0,unlabeled
3871,0.9641135931015015,1,0,unlabeled
3872,0.35268718004226685,0,0,unlabeled
3873,9.069292718777433e-05,0,0,unlabeled
3874,0.0019919180776923895,0,0,unlabeled
3875,0.016158876940608025,0,0,unlabeled
3876,0.9419873952865601,1,0,train
3877,0.00023185237660072744,0,0,unlabeled
3878,0.7431104183197021,0,0,unlabeled
3879,0.2955309748649597,0,0,train
3880,0.30135032534599304,0,0,unlabeled
3881,0.00401691347360611,0,0,train
3882,4.366534085420426e-06,0,0,val
3883,0.8409356474876404,0,0,train
3884,0.586303174495697,0,0,unlabeled
3885,0.039052147418260574,0,0,unlabeled
3886,0.00027820756076835096,0,0,unlabeled
3887,2.2299509510048665e-06,0,0,unlabeled
3888,0.698366641998291,0,0,val
3889,0.08101504296064377,0,0,unlabeled
3890,0.26604369282722473,0,0,train
3891,0.05577477812767029,0,0,unlabeled
3892,0.09798207134008408,0,0,train
3893,0.0009741713874973357,0,0,unlabeled
3894,0.6626419425010681,0,0,train
3895,8.130176354370633e-08,0,0,unlabeled
3896,0.9942057728767395,1,0,unlabeled
3897,0.04506632313132286,0,0,train
3898,0.5058435201644897,0,0,unlabeled
3899,0.01130779180675745,0,0,train
3900,5.336269737199473e-07,0,0,unlabeled
3901,0.1576423943042755,0,0,unlabeled
3902,8.135673965625756e-07,0,0,unlabeled
3903,0.7550073862075806,0,0,unlabeled
3904,5.612643144559115e-05,0,0,unlabeled
3905,1.5119990166567732e-05,0,0,unlabeled
3906,0.003266885643824935,0,0,val
3907,0.003891091328114271,0,0,train
3908,0.00011905559222213924,0,0,unlabeled
3909,0.00040311922202818096,0,0,train
3910,0.002198858419433236,0,0,unlabeled
3911,0.0002561402216088027,0,0,train
3912,0.21156275272369385,0,0,unlabeled
3913,4.4999127567280084e-05,0,0,unlabeled
3914,0.14806979894638062,0,0,train
3915,0.02293485216796398,0,0,unlabeled
3916,0.0022400834131985903,0,0,unlabeled
3917,0.00085053889779374,0,0,unlabeled
3918,0.003387085860595107,0,0,train
3919,0.0012973146513104439,0,0,unlabeled
3920,0.008033822290599346,0,0,unlabeled
3921,0.2848147451877594,0,0,unlabeled
3922,7.099489448592067e-05,0,0,train
3923,0.05263534188270569,0,0,unlabeled
3924,0.2402239292860031,0,0,unlabeled
3925,0.0011698128655552864,0,0,unlabeled
3926,0.01307204645127058,0,0,unlabeled
3927,0.00771710928529501,0,0,unlabeled
3928,0.004476781468838453,0,0,unlabeled
3929,0.0006095413700677454,0,0,unlabeled
3930,0.0664815828204155,0,0,unlabeled
3931,5.400264126365073e-05,0,0,unlabeled
3932,0.33880940079689026,0,0,unlabeled
3933,0.000708044390194118,0,0,unlabeled
3934,0.9453582167625427,1,0,unlabeled
3935,0.06563657522201538,0,0,unlabeled
3936,0.011108134873211384,0,0,unlabeled
3937,0.023100920021533966,0,0,unlabeled
3938,0.6614858508110046,0,0,unlabeled
3939,8.766695100348443e-05,0,0,train
3940,0.0023772032000124454,0,0,unlabeled
3941,0.0005654532578773797,0,0,train
3942,0.17021511495113373,0,0,train
3943,0.02512361854314804,0,0,unlabeled
3944,0.0007426717202179134,0,0,unlabeled
3945,0.8263905644416809,0,0,unlabeled
3946,0.005196371115744114,0,0,unlabeled
3947,6.621264765271917e-05,0,0,unlabeled
3948,0.6318880915641785,0,0,unlabeled
3949,0.15635839104652405,0,0,unlabeled
3950,0.09430990368127823,0,0,unlabeled
3951,2.3408158540405566e-06,0,0,unlabeled
3952,9.754198799782898e-07,0,0,unlabeled
3953,1.5130974873045488e-07,0,0,unlabeled
3954,0.00021627683599945158,0,0,val
3955,0.004990014713257551,0,0,unlabeled
3956,0.002814587438479066,0,0,unlabeled
3957,0.010416371747851372,0,0,unlabeled
3958,0.00013217070954851806,0,0,train
3959,0.0002198418223997578,0,0,train
3960,0.5311542749404907,0,0,train
3961,0.016067586839199066,0,0,unlabeled
3962,0.0038797890301793814,0,0,unlabeled
3963,0.0008470227476209402,0,0,train
3964,0.3071279227733612,0,0,unlabeled
3965,0.008532870560884476,0,0,unlabeled
3966,0.00022448804520536214,0,0,unlabeled
3967,0.0032705068588256836,0,0,unlabeled
3968,7.671760249650106e-05,0,0,unlabeled
3969,0.8905162811279297,1,0,unlabeled
3970,0.8493640422821045,0,0,unlabeled
3971,0.03696391358971596,0,0,unlabeled
3972,0.04517292603850365,0,0,train
3973,0.000274090125458315,0,0,val
3974,0.0008913899073377252,0,0,unlabeled
3975,0.19920116662979126,0,0,unlabeled
3976,0.06793336570262909,0,0,unlabeled
3977,6.178732292028144e-05,0,0,unlabeled
3978,0.014758828096091747,0,0,unlabeled
3979,0.010649893432855606,0,0,unlabeled
3980,9.222352673532441e-06,0,0,unlabeled
3981,0.05224361643195152,0,0,unlabeled
3982,2.4686971755727427e-06,0,0,unlabeled
3983,0.002359367674216628,0,0,unlabeled
3984,0.41139930486679077,0,0,unlabeled
3985,0.5623842477798462,0,0,unlabeled
3986,0.0976083055138588,0,0,unlabeled
3987,0.00014548655599355698,0,0,unlabeled
3988,4.615159468812635e-06,0,0,unlabeled
3989,8.542971954739187e-06,0,0,unlabeled
3990,0.000597018632106483,0,0,unlabeled
3991,0.0005825737025588751,0,0,train
3992,0.0008474647183902562,0,0,unlabeled
3993,0.44612064957618713,0,0,train
3994,0.08726774156093597,0,0,unlabeled
3995,0.45085999369621277,0,0,train
3996,3.058302900171839e-05,0,0,unlabeled
3997,0.0003515195567160845,0,0,train
3998,0.004633160308003426,0,0,unlabeled
3999,0.0011756131425499916,0,0,unlabeled
4000,0.1300809532403946,0,0,unlabeled
4001,0.030554840341210365,0,0,unlabeled
4002,9.956801659427583e-05,0,0,unlabeled
4003,0.00043511902913451195,0,0,unlabeled
4004,9.018943819683045e-05,0,0,unlabeled
4005,0.019906966015696526,0,0,unlabeled
4006,0.0012717338977381587,0,0,unlabeled
4007,0.03288591280579567,0,0,unlabeled
4008,0.9458426237106323,1,0,unlabeled
4009,0.006194563116878271,0,0,train
4010,0.00010844148346222937,0,0,unlabeled
4011,0.0016144211404025555,0,0,unlabeled
4012,0.7351053357124329,0,0,unlabeled
4013,1.0844001735677011e-05,0,0,val
4014,4.5889706257185026e-07,0,0,unlabeled
4015,0.6568846106529236,0,0,unlabeled
4016,0.0027937882114201784,0,0,unlabeled
4017,0.016885599121451378,0,0,train
4018,0.9843666553497314,1,0,unlabeled
4019,0.9345061182975769,1,0,unlabeled
4020,0.21394312381744385,0,0,unlabeled
4021,1.1421200724726077e-05,0,0,unlabeled
4022,0.00012066575436620042,0,0,unlabeled
4023,0.0018606979865580797,0,0,val
4024,0.00013751897495239973,0,0,train
4025,0.0006564419600181282,0,0,unlabeled
4026,0.004922281485050917,0,0,unlabeled
4027,0.00011612722300924361,0,0,unlabeled
4028,0.013193593360483646,0,0,unlabeled
4029,0.0009411940700374544,0,0,unlabeled
4030,0.00013006493099965155,0,0,unlabeled
4031,0.9103907346725464,1,0,unlabeled
4032,0.08415812253952026,0,0,train
4033,0.0002826866111718118,0,0,unlabeled
4034,1.7386670378982672e-06,0,0,unlabeled
4035,0.8853950500488281,1,0,unlabeled
4036,0.0936109647154808,0,0,train
4037,0.7911316752433777,0,0,unlabeled
4038,2.184813325811774e-07,0,0,unlabeled
4039,0.01795710250735283,0,0,train
4040,0.0008035769569687545,0,0,train
4041,4.763944161823019e-06,0,0,unlabeled
4042,0.0016308119520545006,0,0,unlabeled
4043,0.038253095000982285,0,0,unlabeled
4044,0.01952316053211689,0,0,train
4045,0.7695756554603577,0,0,unlabeled
4046,2.3774171040713554e-06,0,0,train
4047,0.4878190755844116,0,0,train
4048,0.396727055311203,0,0,unlabeled
4049,0.009283512830734253,0,0,train
4050,0.06808017939329147,0,0,unlabeled
4051,4.446749244380044e-06,0,0,unlabeled
4052,0.0009209197014570236,0,0,unlabeled
4053,6.340970230667153e-06,0,0,unlabeled
4054,0.8590468764305115,1,0,unlabeled
4055,0.793922483921051,0,0,unlabeled
4056,0.4655974507331848,0,0,train
4057,0.025645999237895012,0,0,unlabeled
4058,0.001947091775946319,0,0,unlabeled
4059,2.455882395224762e-07,0,0,train
4060,0.0035175736993551254,0,0,unlabeled
4061,0.0006382542778737843,0,0,unlabeled
4062,0.9475256204605103,1,0,unlabeled
4063,0.0003673956380225718,0,0,train
4064,1.1998738955298904e-05,0,0,unlabeled
4065,0.005919334944337606,0,0,unlabeled
4066,0.0057654837146401405,0,0,unlabeled
4067,0.16714216768741608,0,0,unlabeled
4068,0.001297825132496655,0,0,unlabeled
4069,0.028524555265903473,0,0,unlabeled
4070,0.2957616448402405,0,0,unlabeled
4071,8.314326987601817e-05,0,0,val
4072,0.0069610425271093845,0,0,unlabeled
4073,0.001400717650540173,0,0,unlabeled
4074,5.617307033389807e-05,0,0,unlabeled
4075,0.002028549090027809,0,0,train
4076,0.00014612219820264727,0,0,unlabeled
4077,0.000195526605239138,0,0,unlabeled
4078,0.0003098311717621982,0,0,val
4079,0.0022457221057265997,0,0,unlabeled
4080,1.3958724593976513e-05,0,0,train
4081,0.9195336103439331,1,0,unlabeled
4082,0.695706307888031,0,0,unlabeled
4083,3.4174368920503184e-05,0,0,unlabeled
4084,4.0769052134237427e-07,0,0,train
4085,0.0005313860601745546,0,0,unlabeled
4086,4.4425301894079894e-05,0,0,unlabeled
4087,4.169225212535821e-05,0,0,val
4088,0.6896346211433411,0,0,unlabeled
4089,6.415910320356488e-05,0,0,unlabeled
4090,0.2995070219039917,0,0,unlabeled
4091,5.3763549658469856e-05,0,0,unlabeled
4092,5.576461262535304e-05,0,0,unlabeled
4093,0.19527636468410492,0,0,train
4094,0.08720086514949799,0,0,unlabeled
4095,0.9201879501342773,1,0,unlabeled
4096,2.045151632046327e-06,0,0,unlabeled
4097,0.3183681070804596,0,0,unlabeled
4098,0.00013552259770222008,0,0,unlabeled
4099,5.522873038898979e-07,0,0,unlabeled
4100,6.110755293775583e-06,0,0,unlabeled
4101,0.5274949669837952,0,0,unlabeled
4102,0.001625706790946424,0,0,unlabeled
4103,3.876340269926004e-05,0,0,unlabeled
4104,3.0897183478373336e-06,0,0,unlabeled
4105,0.14473707973957062,0,0,train
4106,0.8932169675827026,1,0,unlabeled
4107,0.44005775451660156,0,0,unlabeled
4108,4.4096373130741995e-06,0,0,unlabeled
4109,0.7677929401397705,0,0,unlabeled
4110,0.007890666835010052,0,0,unlabeled
4111,0.01208770927041769,0,0,unlabeled
4112,8.635549420432653e-06,0,0,train
4113,4.352724863565527e-05,0,0,unlabeled
4114,0.00011596500553423539,0,0,unlabeled
4115,0.03619817644357681,0,0,val
4116,8.471388719044626e-05,0,0,unlabeled
4117,0.6473331451416016,0,0,unlabeled
4118,0.30991479754447937,0,0,unlabeled
4119,0.012709544040262699,0,0,unlabeled
4120,8.316919775097631e-06,0,0,unlabeled
4121,0.5743162631988525,0,0,train
4122,0.722549319267273,0,0,train
4123,0.038656994700431824,0,0,unlabeled
4124,0.004206919576972723,0,0,unlabeled
4125,0.8970311284065247,1,0,unlabeled
4126,1.2320808309596032e-05,0,0,train
4127,0.002176558366045356,0,0,unlabeled
4128,0.0004736420523840934,0,0,train
4129,5.2889567996317055e-06,0,0,unlabeled
4130,0.1182011142373085,0,0,unlabeled
4131,0.006522545590996742,0,0,unlabeled
4132,0.0007060014177113771,0,0,unlabeled
4133,0.0011663857148960233,0,0,unlabeled
4134,0.018134066835045815,0,0,train
4135,0.02865028753876686,0,0,unlabeled
4136,0.0014704052591696382,0,0,unlabeled
4137,1.1532676580827683e-05,0,0,unlabeled
4138,0.0003187231195624918,0,0,unlabeled
4139,0.0001839267642935738,0,0,unlabeled
4140,3.72301037714351e-05,0,0,unlabeled
4141,0.6622811555862427,0,0,unlabeled
4142,0.00014446262503042817,0,0,unlabeled
4143,0.17934958636760712,0,0,unlabeled
4144,3.2016600016504526e-05,0,0,unlabeled
4145,1.3598184523289092e-05,0,0,unlabeled
4146,2.96523176075425e-05,0,0,unlabeled
4147,0.19467617571353912,0,0,unlabeled
4148,0.002503271447494626,0,0,unlabeled
4149,0.0011409611906856298,0,0,unlabeled
4150,0.002146173967048526,0,0,train
4151,3.072008985327557e-05,0,0,unlabeled
4152,0.00025548948906362057,0,0,unlabeled
4153,0.00019605382112786174,0,0,unlabeled
4154,0.0018868050538003445,0,0,unlabeled
4155,4.196490976937639e-07,0,0,train
4156,0.00010267572361044586,0,0,val
4157,0.00010033105354523286,0,0,unlabeled
4158,0.38601765036582947,0,0,unlabeled
4159,2.80034128081752e-05,0,0,unlabeled
4160,0.8126764297485352,0,0,unlabeled
4161,0.0005944088334217668,0,0,unlabeled
4162,0.004486863501369953,0,0,train
4163,0.011258905753493309,0,0,train
4164,0.03566738963127136,0,0,unlabeled
4165,0.6161574721336365,0,0,unlabeled
4166,0.28569456934928894,0,0,unlabeled
4167,0.6091011166572571,0,0,unlabeled
4168,0.025331392884254456,0,0,unlabeled
4169,0.9033461809158325,1,0,unlabeled
4170,0.012359850108623505,0,0,val
4171,0.7302343249320984,0,0,unlabeled
4172,0.9186593294143677,1,0,unlabeled
4173,0.0010890724370256066,0,0,unlabeled
4174,0.003060021437704563,0,0,val
4175,0.0020437303464859724,0,0,unlabeled
4176,0.0009709264850243926,0,0,unlabeled
4177,0.7615200877189636,0,0,unlabeled
4178,0.0014626941410824656,0,0,unlabeled
4179,0.0003847176267299801,0,0,unlabeled
4180,0.0031164081301540136,0,0,unlabeled
4181,0.4819982051849365,0,0,unlabeled
4182,2.91320429823827e-06,0,0,unlabeled
4183,0.003082157811149955,0,0,train
4184,0.0034682934638112783,0,0,unlabeled
4185,0.2624596059322357,0,0,unlabeled
4186,0.00037228030851110816,0,0,train
4187,0.0027943169698119164,0,0,unlabeled
4188,0.7067112922668457,0,0,unlabeled
4189,0.014363590627908707,0,0,unlabeled
4190,0.750384509563446,0,0,unlabeled
4191,0.15910953283309937,0,0,unlabeled
4192,3.976481457357295e-05,0,0,unlabeled
4193,0.02149369940161705,0,0,unlabeled
4194,0.05339808762073517,0,0,unlabeled
4195,0.0030277224723249674,0,0,unlabeled
4196,0.011285035870969296,0,0,train
4197,0.002378367120400071,0,0,unlabeled
4198,0.6712427139282227,0,0,train
4199,0.7371243834495544,0,0,unlabeled
4200,0.7285537123680115,0,0,unlabeled
4201,7.241159892146243e-06,0,0,unlabeled
4202,0.003648393554612994,0,0,train
4203,6.72080204822123e-05,0,0,unlabeled
4204,0.0007209153263829648,0,0,unlabeled
4205,0.7016980648040771,0,0,unlabeled
4206,0.030383819714188576,0,0,unlabeled
4207,9.355736629856892e-09,0,0,unlabeled
4208,5.9364756452851e-05,0,0,unlabeled
4209,0.0007641696138307452,0,0,train
4210,0.01371368020772934,0,0,train
4211,8.618857827968895e-05,0,0,unlabeled
4212,0.0704292580485344,0,0,train
4213,0.2902291417121887,0,0,unlabeled
4214,2.1777764036556846e-09,0,0,unlabeled
4215,0.0008576844702474773,0,0,unlabeled
4216,0.002563558053225279,0,0,unlabeled
4217,0.015934951603412628,0,0,unlabeled
4218,0.00018058485875371844,0,0,unlabeled
4219,0.44024574756622314,0,0,train
4220,0.4814881682395935,0,0,unlabeled
4221,4.029028059449047e-05,0,0,unlabeled
4222,0.4174349904060364,0,0,unlabeled
4223,0.07780026644468307,0,0,unlabeled
4224,0.07337281107902527,0,0,unlabeled
4225,0.0020712376572191715,0,0,unlabeled
4226,0.03237578272819519,0,0,unlabeled
4227,0.3236002027988434,0,0,unlabeled
4228,0.09511750936508179,0,0,train
4229,0.5670900940895081,0,0,train
4230,0.1267099380493164,0,0,unlabeled
4231,1.316403995588189e-05,0,0,train
4232,1.1453180377429817e-05,0,0,unlabeled
4233,0.00042122905142605305,0,0,unlabeled
4234,0.6756186485290527,0,0,unlabeled
4235,0.21594218909740448,0,0,train
4236,0.3514791429042816,0,0,unlabeled
4237,0.8684771060943604,1,0,unlabeled
4238,0.5428535342216492,0,0,unlabeled
4239,0.00010789789666887373,0,0,unlabeled
4240,2.313856930413749e-05,0,0,unlabeled
4241,0.0001744787732604891,0,0,train
4242,0.6922035217285156,0,0,unlabeled
4243,9.063093602890149e-05,0,0,unlabeled
4244,8.597667147114407e-06,0,0,unlabeled
4245,0.0012956274440512061,0,0,unlabeled
4246,0.00014159701822791249,0,0,train
4247,0.41550031304359436,0,0,unlabeled
4248,0.9072644710540771,1,0,unlabeled
4249,0.3268723487854004,0,0,unlabeled
4250,1.0708582522056531e-05,0,0,unlabeled
4251,3.1946299714036286e-05,0,0,unlabeled
4252,0.012950165197253227,0,0,unlabeled
4253,2.1332456526579335e-05,0,0,train
4254,0.12929408252239227,0,0,unlabeled
4255,1.506791068095481e-05,0,0,train
4256,0.015405026264488697,0,0,unlabeled
4257,0.0006401262944564223,0,0,unlabeled
4258,0.06227542832493782,0,0,unlabeled
4259,0.3722187578678131,0,0,unlabeled
4260,0.8818471431732178,1,0,unlabeled
4261,0.00014135446690488607,0,0,unlabeled
4262,0.005918947514146566,0,0,unlabeled
4263,0.016667963936924934,0,0,val
4264,0.06486225873231888,0,0,unlabeled
4265,0.06586331129074097,0,0,val
4266,8.92355546966428e-06,0,0,unlabeled
4267,0.11297877132892609,0,0,unlabeled
4268,0.17431023716926575,0,0,train
4269,0.005440698936581612,0,0,unlabeled
4270,0.8739774823188782,1,0,unlabeled
4271,0.0027722427621483803,0,0,train
4272,0.00023795111337676644,0,0,unlabeled
4273,6.242041854420677e-05,0,0,unlabeled
4274,0.048892293125391006,0,0,val
4275,0.6298421621322632,0,0,unlabeled
4276,0.009015779010951519,0,0,unlabeled
4277,0.00012431162758730352,0,0,unlabeled
4278,4.33061864146822e-10,0,0,unlabeled
4279,0.002781747607514262,0,0,unlabeled
4280,0.02957981638610363,0,0,unlabeled
4281,0.7166399955749512,0,0,unlabeled
4282,0.1764587163925171,0,0,unlabeled
4283,0.5336222052574158,0,0,unlabeled
4284,0.016788866370916367,0,0,unlabeled
4285,0.8906717300415039,1,0,train
4286,0.0014158538542687893,0,0,train
4287,0.5809888243675232,0,0,train
4288,0.009205046109855175,0,0,unlabeled
4289,0.02081613428890705,0,0,unlabeled
4290,0.0001113295802497305,0,0,train
4291,0.5394169092178345,0,0,unlabeled
4292,0.006379613187164068,0,0,unlabeled
4293,0.004024493973702192,0,0,unlabeled
4294,0.15719084441661835,0,0,unlabeled
4295,0.0014638813445344567,0,0,unlabeled
4296,3.50238309465567e-07,0,0,val
4297,0.0003562229103408754,0,0,unlabeled
4298,0.003469135845080018,0,0,unlabeled
4299,0.47078070044517517,0,0,train
4300,0.4765351414680481,0,0,val
4301,0.008585627190768719,0,0,unlabeled
4302,0.8164073824882507,0,0,unlabeled
4303,0.11616212874650955,0,0,train
4304,0.8689808249473572,1,0,unlabeled
4305,0.0006999469478614628,0,0,unlabeled
4306,0.9706474542617798,1,0,unlabeled
4307,0.8934792876243591,1,0,unlabeled
4308,2.67851845592304e-07,0,0,unlabeled
4309,0.17720147967338562,0,0,unlabeled
4310,0.2616466283798218,0,0,unlabeled
4311,0.9306552410125732,1,0,unlabeled
4312,0.011224739253520966,0,0,unlabeled
4313,0.4301968812942505,0,0,unlabeled
4314,0.00014439197548199445,0,0,unlabeled
4315,0.48126524686813354,0,0,unlabeled
4316,0.0007405486539937556,0,0,unlabeled
4317,0.017766179516911507,0,0,unlabeled
4318,0.9088683724403381,1,0,unlabeled
4319,0.0017922342522069812,0,0,train
4320,0.009013265371322632,0,0,val
4321,0.847377359867096,0,0,unlabeled
4322,1.0438359822728671e-05,0,0,unlabeled
4323,0.06896138191223145,0,0,unlabeled
4324,0.004555670078843832,0,0,unlabeled
4325,0.04355108365416527,0,0,unlabeled
4326,0.8294390439987183,0,0,unlabeled
4327,0.0001233417569892481,0,0,unlabeled
4328,0.6379947662353516,0,0,train
4329,0.6303622722625732,0,0,unlabeled
4330,0.3167073726654053,0,0,train
4331,8.730875720175391e-07,0,0,unlabeled
4332,0.10040502995252609,0,0,unlabeled
4333,0.8189801573753357,0,0,unlabeled
4334,0.0035398586187511683,0,0,unlabeled
4335,0.000681007222738117,0,0,unlabeled
4336,0.9322680830955505,1,0,unlabeled
4337,0.0034976566676050425,0,0,unlabeled
4338,0.8037145137786865,0,0,train
4339,0.6765493154525757,0,0,val
4340,0.006245359778404236,0,0,unlabeled
4341,0.09421240538358688,0,0,unlabeled
4342,0.0013311653165146708,0,0,unlabeled
4343,0.017673803493380547,0,0,train
4344,0.05381646752357483,0,0,unlabeled
4345,0.0009747986332513392,0,0,unlabeled
4346,8.565495591028593e-06,0,0,unlabeled
4347,0.8744465708732605,1,0,unlabeled
4348,0.10832281410694122,0,0,unlabeled
4349,0.4129989445209503,0,0,unlabeled
4350,0.4719765782356262,0,0,unlabeled
4351,4.064807217218913e-05,0,0,unlabeled
4352,4.180815085419454e-05,0,0,unlabeled
4353,2.1870238924748264e-05,0,0,unlabeled
4354,0.0036916129756718874,0,0,unlabeled
4355,0.6075723767280579,0,0,unlabeled
4356,1.0811111117448036e-08,0,0,train
4357,3.2212874430115335e-06,0,0,unlabeled
4358,0.5864328742027283,0,0,unlabeled
4359,0.17969408631324768,0,0,val
4360,0.5903543829917908,0,0,train
4361,0.014560503885149956,0,0,unlabeled
4362,0.08084315061569214,0,0,unlabeled
4363,0.895060122013092,1,0,unlabeled
4364,0.00012116188008803874,0,0,unlabeled
4365,0.22640183568000793,0,0,unlabeled
4366,0.0007568784640170634,0,0,unlabeled
4367,0.734623908996582,0,0,unlabeled
4368,0.8378279209136963,0,0,unlabeled
4369,6.074643351894338e-06,0,0,unlabeled
4370,0.011932183988392353,0,0,unlabeled
4371,0.0007544800755567849,0,0,unlabeled
4372,0.0011693264823406935,0,0,unlabeled
4373,5.00922006096971e-08,0,0,unlabeled
4374,0.052001915872097015,0,0,unlabeled
4375,0.13803592324256897,0,0,train
4376,0.0012317466316744685,0,0,train
4377,0.0003659960930235684,0,0,unlabeled
4378,1.32111381390132e-06,0,0,unlabeled
4379,0.0005035930662415922,0,0,unlabeled
4380,0.8308357000350952,0,0,unlabeled
4381,0.01771104522049427,0,0,unlabeled
4382,0.013464855030179024,0,0,unlabeled
4383,0.4762020707130432,0,0,train
4384,3.3063355658669025e-05,0,0,unlabeled
4385,5.6560191296739504e-05,0,0,train
4386,0.002942650578916073,0,0,unlabeled
4387,0.016838526353240013,0,0,unlabeled
4388,0.022255850955843925,0,0,unlabeled
4389,0.00023476642672903836,0,0,unlabeled
4390,0.04918455705046654,0,0,unlabeled
4391,0.12856639921665192,0,0,unlabeled
4392,0.0181175135076046,0,0,unlabeled
4393,0.9794446229934692,1,0,unlabeled
4394,0.6654109358787537,0,0,unlabeled
4395,0.22959862649440765,0,0,unlabeled
4396,0.2771681249141693,0,0,unlabeled
4397,0.0025232776533812284,0,0,unlabeled
4398,0.9796786308288574,1,0,unlabeled
4399,0.9549921154975891,1,0,unlabeled
4400,0.05691973865032196,0,0,train
4401,0.0032592848874628544,0,0,unlabeled
4402,0.5287606120109558,0,0,train
4403,0.9831762313842773,1,0,unlabeled
4404,6.371080235112458e-05,0,0,unlabeled
4405,0.018766501918435097,0,0,val
4406,8.383063686778769e-05,0,0,unlabeled
4407,0.004011832643300295,0,0,unlabeled
4408,0.5625998377799988,0,0,unlabeled
4409,9.26097527553793e-07,0,0,train
4410,0.04639319330453873,0,0,unlabeled
4411,0.0002758973860181868,0,0,unlabeled
4412,0.846312403678894,0,0,train
4413,0.0026587864849716425,0,0,unlabeled
4414,0.00018995851860381663,0,0,train
4415,0.14783093333244324,0,0,unlabeled
4416,5.712077472708188e-05,0,0,train
4417,1.4774161449793155e-08,0,0,unlabeled
4418,0.7326699495315552,0,0,unlabeled
4419,5.045297370998014e-07,0,0,train
4420,0.8591041564941406,1,0,unlabeled
4421,0.4692826271057129,0,0,unlabeled
4422,0.7660335898399353,0,0,unlabeled
4423,9.333709749625996e-05,0,0,val
4424,0.5393247604370117,0,0,unlabeled
4425,0.02198810689151287,0,0,train
4426,0.002355801174417138,0,0,unlabeled
4427,0.0001783428742783144,0,0,unlabeled
4428,0.00015864074521232396,0,0,unlabeled
4429,1.3514670627046144e-06,0,0,unlabeled
4430,0.0025700856931507587,0,0,unlabeled
4431,1.5509959894188796e-06,0,0,unlabeled
4432,0.02943039871752262,0,0,unlabeled
4433,7.863910468586255e-06,0,0,train
4434,0.02149542048573494,0,0,unlabeled
4435,0.5250738263130188,0,0,unlabeled
4436,0.05152289196848869,0,0,val
4437,0.00012292001338209957,0,0,train
4438,6.0507958551170304e-05,0,0,train
4439,0.402733713388443,0,0,unlabeled
4440,0.0024686004035174847,0,0,train
4441,0.8850655555725098,1,0,unlabeled
4442,0.09119466692209244,0,0,unlabeled
4443,0.013097243383526802,0,0,val
4444,0.006390206981450319,0,0,unlabeled
4445,0.006208269391208887,0,0,val
4446,6.744470759656451e-09,0,0,unlabeled
4447,0.1560499668121338,0,0,unlabeled
4448,0.006793975830078125,0,0,unlabeled
4449,0.30455082654953003,0,0,unlabeled
4450,0.185642272233963,0,0,unlabeled
4451,0.00116231688298285,0,0,unlabeled
4452,7.789361552568153e-05,0,0,unlabeled
4453,0.00042254189611412585,0,0,unlabeled
4454,6.326020411506761e-06,0,0,unlabeled
4455,1.392994249727053e-06,0,0,train
4456,2.132367080776021e-05,0,0,unlabeled
4457,9.138523751062166e-07,0,0,unlabeled
4458,0.03619599714875221,0,0,train
4459,0.2024896740913391,0,0,train
4460,0.0012058893917128444,0,0,unlabeled
4461,0.1519363671541214,0,0,train
4462,0.759752631187439,0,0,train
4463,0.9669308066368103,1,0,unlabeled
4464,0.0005219971644692123,0,0,unlabeled
4465,0.004817546345293522,0,0,unlabeled
4466,0.007399307563900948,0,0,unlabeled
4467,3.42558405463933e-06,0,0,unlabeled
4468,0.7773681879043579,0,0,val
4469,0.01990356110036373,0,0,unlabeled
4470,1.5582504602207337e-06,0,0,train
4471,0.9516475796699524,1,0,train
4472,1.8247230400447734e-05,0,0,unlabeled
4473,1.5968392119702912e-07,0,0,unlabeled
4474,6.016402039676905e-06,0,0,val
4475,0.5883299112319946,0,0,unlabeled
4476,0.08172435313463211,0,0,unlabeled
4477,0.00042894628131762147,0,0,unlabeled
4478,0.6273069381713867,0,0,unlabeled
4479,5.872103065485135e-05,0,0,val
4480,0.03880072757601738,0,0,train
4481,0.00013442756608128548,0,0,unlabeled
4482,5.5148459068732336e-05,0,0,unlabeled
4483,0.0004567323485389352,0,0,unlabeled
4484,0.00022688604076392949,0,0,train
4485,0.0021562674082815647,0,0,unlabeled
4486,0.7462010979652405,0,0,train
4487,0.07260815054178238,0,0,unlabeled
4488,0.9837782382965088,1,0,unlabeled
4489,0.0011791319120675325,0,0,unlabeled
4490,0.07218901813030243,0,0,unlabeled
4491,0.13851836323738098,0,0,unlabeled
4492,1.5329133020713925e-06,0,0,unlabeled
4493,0.0002304977097082883,0,0,train
4494,0.00037114176666364074,0,0,unlabeled
4495,0.0005133092636242509,0,0,unlabeled
4496,0.560185968875885,0,0,train
4497,3.13089884684814e-07,0,0,unlabeled
4498,0.24464166164398193,0,0,train
4499,0.00012512913963291794,0,0,unlabeled
4500,2.1738334510246204e-07,0,0,unlabeled
4501,8.271977276308462e-05,0,0,val
4502,0.004538056440651417,0,0,unlabeled
4503,0.00013004025095142424,0,0,unlabeled
4504,0.8757001161575317,1,0,unlabeled
4505,0.00016467258683405817,0,0,val
4506,0.6226768493652344,0,0,unlabeled
4507,2.6916575734503567e-05,0,0,unlabeled
4508,0.00301438313908875,0,0,unlabeled
4509,4.4262156734475866e-05,0,0,unlabeled
4510,0.000191941624507308,0,0,unlabeled
4511,0.0019628757145255804,0,0,unlabeled
4512,0.003773546777665615,0,0,unlabeled
4513,0.7565636038780212,0,0,unlabeled
4514,0.014204834587872028,0,0,unlabeled
4515,0.2186218500137329,0,0,unlabeled
4516,0.0037466089706867933,0,0,unlabeled
4517,6.315604423434706e-06,0,0,unlabeled
4518,0.0003761219559237361,0,0,unlabeled
4519,6.222470256034285e-05,0,0,unlabeled
4520,0.16578039526939392,0,0,unlabeled
4521,0.00017884300905279815,0,0,train
4522,0.03896230459213257,0,0,unlabeled
4523,0.0064866929315030575,0,0,unlabeled
4524,0.023939702659845352,0,0,unlabeled
4525,0.2915444076061249,0,0,unlabeled
4526,0.08846957981586456,0,0,unlabeled
4527,0.05346830561757088,0,0,unlabeled
4528,0.0005330672720447183,0,0,unlabeled
4529,0.004456034861505032,0,0,unlabeled
4530,0.002247489057481289,0,0,unlabeled
4531,0.05023897439241409,0,0,unlabeled
4532,0.04076647758483887,0,0,val
4533,0.0007490187417715788,0,0,unlabeled
4534,7.138597993616713e-06,0,0,unlabeled
4535,0.046206895262002945,0,0,unlabeled
4536,0.10622116178274155,0,0,unlabeled
4537,2.9153974537621252e-05,0,0,unlabeled
4538,0.00046441200538538396,0,0,train
4539,0.00014002381067257375,0,0,unlabeled
4540,0.0014187349006533623,0,0,unlabeled
4541,0.040751826018095016,0,0,unlabeled
4542,0.027721645310521126,0,0,unlabeled
4543,0.002654362004250288,0,0,train
4544,6.6844495449913666e-06,0,0,unlabeled
4545,0.11383124440908432,0,0,unlabeled
4546,0.004121934063732624,0,0,unlabeled
4547,1.3678472896572202e-05,0,0,unlabeled
4548,0.9744495153427124,1,0,unlabeled
4549,0.015016038902103901,0,0,unlabeled
4550,0.0029627750627696514,0,0,unlabeled
4551,1.975789200514555e-05,0,0,unlabeled
4552,0.14054405689239502,0,0,unlabeled
4553,0.010642887093126774,0,0,unlabeled
4554,0.0002735755406320095,0,0,unlabeled
4555,5.2577817655219405e-09,0,0,unlabeled
4556,2.5245017241104506e-06,0,0,unlabeled
4557,0.0013205865398049355,0,0,unlabeled
4558,8.132436960295308e-06,0,0,unlabeled
4559,0.014230611734092236,0,0,unlabeled
4560,0.03753432631492615,0,0,unlabeled
4561,4.621703553198131e-08,0,0,unlabeled
4562,0.8577364087104797,1,0,unlabeled
4563,0.00038920665974728763,0,0,unlabeled
4564,3.225094644676574e-07,0,0,val
4565,0.012797428295016289,0,0,unlabeled
4566,0.00015650453860871494,0,0,unlabeled
4567,0.962328314781189,1,0,unlabeled
4568,0.19584831595420837,0,0,unlabeled
4569,0.8816006183624268,1,0,unlabeled
4570,0.05819069221615791,0,0,train
4571,0.1715812087059021,0,0,unlabeled
4572,0.9124107956886292,1,0,unlabeled
4573,9.818054240895435e-05,0,0,unlabeled
4574,0.029804373160004616,0,0,unlabeled
4575,0.00037553434958681464,0,0,unlabeled
4576,0.00046301164547912776,0,0,unlabeled
4577,0.002652509370818734,0,0,unlabeled
4578,0.0056520807556807995,0,0,unlabeled
4579,0.007067190948873758,0,0,unlabeled
4580,0.2275940328836441,0,0,unlabeled
4581,2.5668607122497633e-05,0,0,unlabeled
4582,0.00893749762326479,0,0,unlabeled
4583,0.0025908586103469133,0,0,unlabeled
4584,0.6282200217247009,0,0,unlabeled
4585,0.00805617030709982,0,0,train
4586,0.00266541400924325,0,0,train
4587,0.30288606882095337,0,0,unlabeled
4588,0.7671152949333191,0,0,unlabeled
4589,3.4719574614427984e-05,0,0,unlabeled
4590,0.008580952882766724,0,0,unlabeled
4591,1.6732285075704567e-05,0,0,unlabeled
4592,0.18751303851604462,0,0,unlabeled
4593,0.0002324442466488108,0,0,unlabeled
4594,0.35433802008628845,0,0,unlabeled
4595,0.0011929599568247795,0,0,unlabeled
4596,0.0012737560318782926,0,0,unlabeled
4597,9.54889110289514e-05,0,0,unlabeled
4598,0.007258952595293522,0,0,unlabeled
4599,0.00037254320341162384,0,0,train
4600,0.0003910045779775828,0,0,unlabeled
4601,0.13703379034996033,0,0,unlabeled
4602,0.00041991242324002087,0,0,unlabeled
4603,0.25172150135040283,0,0,unlabeled
4604,1.0738997843873221e-05,0,0,train
4605,0.0005208622314967215,0,0,unlabeled
4606,4.290990091249114e-06,0,0,train
4607,0.7091643810272217,0,0,train
4608,9.471977682551369e-05,0,0,unlabeled
4609,6.904915153427282e-06,0,0,train
4610,0.026553358882665634,0,0,unlabeled
4611,0.31762373447418213,0,0,unlabeled
4612,6.739959644619375e-05,0,0,unlabeled
4613,0.0019385692430660129,0,0,unlabeled
4614,0.004158989991992712,0,0,train
4615,0.5044697523117065,0,0,unlabeled
4616,2.820243253154331e-06,0,0,unlabeled
4617,1.5373623682535253e-05,0,0,unlabeled
4618,0.12434013187885284,0,0,train
4619,0.7914562225341797,0,0,unlabeled
4620,0.012559648603200912,0,0,unlabeled
4621,0.0033183188643306494,0,0,unlabeled
4622,0.015865033492445946,0,0,unlabeled
4623,0.01169494353234768,0,0,train
4624,0.000543423811905086,0,0,unlabeled
4625,0.0005285005318000913,0,0,unlabeled
4626,0.366585373878479,0,0,unlabeled
4627,0.04826545715332031,0,0,unlabeled
4628,0.0027889327611774206,0,0,unlabeled
4629,8.977371180662885e-05,0,0,unlabeled
4630,0.00014026208373252302,0,0,unlabeled
4631,0.00250217504799366,0,0,train
4632,6.446451266128861e-07,0,0,unlabeled
4633,1.3158342881069984e-05,0,0,unlabeled
4634,0.6947644352912903,0,0,unlabeled
4635,0.016133727505803108,0,0,unlabeled
4636,0.009885832667350769,0,0,unlabeled
4637,0.0003780872793868184,0,0,unlabeled
4638,3.505399217829108e-05,0,0,unlabeled
4639,0.00029067197465337813,0,0,unlabeled
4640,9.776484830581467e-07,0,0,unlabeled
4641,6.453121386584826e-06,0,0,unlabeled
4642,0.2739343047142029,0,0,unlabeled
4643,0.599753201007843,0,0,unlabeled
4644,6.425442222735e-08,0,0,val
4645,0.830221951007843,0,0,unlabeled
4646,0.0007719935965724289,0,0,unlabeled
4647,0.00021462870063260198,0,0,unlabeled
4648,0.7160730361938477,0,0,val
4649,0.9850533604621887,1,0,train
4650,0.04337015002965927,0,0,unlabeled
4651,0.022938154637813568,0,0,unlabeled
4652,0.020042629912495613,0,0,train
4653,0.8731461763381958,1,0,unlabeled
4654,1.6351423255400732e-05,0,0,unlabeled
4655,0.0008281816844828427,0,0,unlabeled
4656,0.7315433025360107,0,0,unlabeled
4657,0.7825556397438049,0,0,unlabeled
4658,0.00017105488223023713,0,0,unlabeled
4659,4.407547748996876e-05,0,0,train
4660,0.02717757038772106,0,0,unlabeled
4661,0.6559179425239563,0,0,train
4662,0.600528359413147,0,0,unlabeled
4663,0.6350564360618591,0,0,train
4664,8.241349860327318e-05,0,0,unlabeled
4665,0.042652055621147156,0,0,unlabeled
4666,1.2655926184379496e-05,0,0,unlabeled
4667,0.0001968656579265371,0,0,unlabeled
4668,0.000593915581703186,0,0,unlabeled
4669,0.025701113045215607,0,0,unlabeled
4670,0.06158461421728134,0,0,train
4671,0.24962730705738068,0,0,unlabeled
4672,0.007886206731200218,0,0,train
4673,0.005524457897990942,0,0,train
4674,0.01843574456870556,0,0,unlabeled
4675,0.2767484486103058,0,0,unlabeled
4676,0.0026517489459365606,0,0,unlabeled
4677,0.001922803116030991,0,0,unlabeled
4678,3.3594039905437967e-06,0,0,unlabeled
4679,0.8110764622688293,0,0,unlabeled
4680,0.0027970182709395885,0,0,unlabeled
4681,0.000760205730330199,0,0,unlabeled
4682,0.7122304439544678,0,0,unlabeled
4683,0.00015319472004193813,0,0,unlabeled
4684,0.0012672027805820107,0,0,unlabeled
4685,0.025535888969898224,0,0,unlabeled
4686,8.954371878644451e-06,0,0,unlabeled
4687,0.0001792683033272624,0,0,train
4688,0.008872578851878643,0,0,train
4689,0.08835911005735397,0,0,unlabeled
4690,3.2291125535266474e-05,0,0,unlabeled
4691,0.0007789461524225771,0,0,train
4692,0.08386474847793579,0,0,unlabeled
4693,0.00039526139153167605,0,0,unlabeled
4694,0.6224769949913025,0,0,unlabeled
4695,0.0010225723963230848,0,0,unlabeled
4696,0.7375860810279846,0,0,unlabeled
4697,0.535450279712677,0,0,unlabeled
4698,7.449660188285634e-05,0,0,unlabeled
4699,0.012645388953387737,0,0,unlabeled
4700,0.0002652636612765491,0,0,train
4701,0.009172651916742325,0,0,unlabeled
4702,0.6209035515785217,0,0,unlabeled
4703,6.591044802917168e-05,0,0,unlabeled
4704,1.8292496406502323e-07,0,0,unlabeled
4705,0.6597093343734741,0,0,val
4706,4.479087237996282e-06,0,0,unlabeled
4707,8.608890311734285e-08,0,0,unlabeled
4708,0.002944840816780925,0,0,unlabeled
4709,0.0004826594959013164,0,0,train
4710,0.00034273098572157323,0,0,unlabeled
4711,3.6717785405926406e-05,0,0,unlabeled
4712,4.091752089152578e-06,0,0,unlabeled
4713,0.002217096509411931,0,0,unlabeled
4714,0.9146615266799927,1,0,train
4715,0.882366955280304,1,0,train
4716,0.008471866138279438,0,0,unlabeled
4717,0.005320950411260128,0,0,unlabeled
4718,0.0017357730539515615,0,0,unlabeled
4719,0.6969586610794067,0,0,unlabeled
4720,0.9443328380584717,1,0,unlabeled
4721,0.5377881526947021,0,0,unlabeled
4722,1.2208184898554464e-06,0,0,unlabeled
4723,0.322388231754303,0,0,unlabeled
4724,0.11753662675619125,0,0,unlabeled
4725,0.41229334473609924,0,0,unlabeled
4726,4.980015546607319e-06,0,0,train
4727,0.00024772531469352543,0,0,unlabeled
4728,0.013337435200810432,0,0,unlabeled
4729,0.5181210041046143,0,0,unlabeled
4730,2.187130303354934e-05,0,0,unlabeled
4731,1.727657399896998e-05,0,0,unlabeled
4732,0.0008356219623237848,0,0,unlabeled
4733,0.004959131125360727,0,0,train
4734,0.006502624601125717,0,0,unlabeled
4735,0.0071831634268164635,0,0,unlabeled
4736,3.705703832679319e-08,0,0,unlabeled
4737,0.0030851466581225395,0,0,unlabeled
4738,0.0073566134087741375,0,0,unlabeled
4739,0.8761399388313293,1,0,unlabeled
4740,3.626867055572802e-06,0,0,unlabeled
4741,0.6927685141563416,0,0,train
4742,0.009047646075487137,0,0,unlabeled
4743,0.12535305321216583,0,0,train
4744,0.0015884534223005176,0,0,unlabeled
4745,7.122904935386032e-05,0,0,val
4746,0.0005275965668261051,0,0,unlabeled
4747,0.008486860431730747,0,0,unlabeled
4748,0.12850257754325867,0,0,unlabeled
4749,0.00041235171374864876,0,0,unlabeled
4750,0.014647693373262882,0,0,unlabeled
4751,0.1247553676366806,0,0,unlabeled
4752,0.0003329430765006691,0,0,unlabeled
4753,0.007332500070333481,0,0,unlabeled
4754,0.08642876148223877,0,0,train
4755,0.06032697856426239,0,0,unlabeled
4756,0.0003588818071875721,0,0,unlabeled
4757,0.08526775985956192,0,0,unlabeled
4758,0.8308811187744141,0,0,unlabeled
4759,0.0002444608835503459,0,0,unlabeled
4760,0.32569456100463867,0,0,train
4761,0.31094101071357727,0,0,unlabeled
4762,0.9114978909492493,1,0,unlabeled
4763,2.6671406885725446e-05,0,0,unlabeled
4764,0.02992911823093891,0,0,unlabeled
4765,0.00046666027628816664,0,0,unlabeled
4766,0.38832175731658936,0,0,unlabeled
4767,2.8104054194955097e-08,0,0,unlabeled
4768,0.0019344065804034472,0,0,unlabeled
4769,0.7666515707969666,0,0,unlabeled
4770,0.72578364610672,0,0,unlabeled
4771,0.0033365406561642885,0,0,unlabeled
4772,0.9127112627029419,1,0,unlabeled
4773,0.002694855909794569,0,0,val
4774,0.0008912672637961805,0,0,unlabeled
4775,0.0003973955172114074,0,0,unlabeled
4776,0.022853922098875046,0,0,unlabeled
4777,8.07890728538041e-07,0,0,unlabeled
4778,0.05367694050073624,0,0,train
4779,9.563371713738889e-05,0,0,unlabeled
4780,0.0471254326403141,0,0,unlabeled
4781,0.004760038573294878,0,0,unlabeled
4782,0.9818066358566284,1,0,unlabeled
4783,0.3865167200565338,0,0,unlabeled
4784,0.04749293625354767,0,0,train
4785,0.040368661284446716,0,0,unlabeled
4786,0.01189405657351017,0,0,unlabeled
4787,0.00324762100353837,0,0,unlabeled
4788,4.4009324483340606e-05,0,0,unlabeled
4789,1.0015965017373674e-05,0,0,unlabeled
4790,0.06897365301847458,0,0,unlabeled
4791,0.28973063826560974,0,0,unlabeled
4792,8.245146455010399e-05,0,0,unlabeled
4793,0.02789509855210781,0,0,unlabeled
4794,2.644476580826449e-06,0,0,unlabeled
4795,4.390067988424562e-05,0,0,train
4796,0.0001157574079115875,0,0,unlabeled
4797,0.0595625601708889,0,0,unlabeled
4798,0.43098023533821106,0,0,unlabeled
4799,0.005892140790820122,0,0,unlabeled
4800,0.05667601525783539,0,0,train
4801,0.011772189289331436,0,0,unlabeled
4802,5.3589414164889604e-05,0,0,unlabeled
4803,2.2176156562636606e-05,0,0,unlabeled
4804,0.3258121907711029,0,0,unlabeled
4805,8.017732761800289e-05,0,0,unlabeled
4806,0.5046541094779968,0,0,unlabeled
4807,0.657467782497406,0,0,unlabeled
4808,0.04655290022492409,0,0,unlabeled
4809,0.0012525347992777824,0,0,train
4810,9.535433491691947e-05,0,0,unlabeled
4811,0.9601960778236389,1,0,unlabeled
4812,0.9821443557739258,1,0,unlabeled
4813,7.3321980380569585e-06,0,0,unlabeled
4814,0.005782356485724449,0,0,unlabeled
4815,0.2542860209941864,0,0,unlabeled
4816,0.2913714647293091,0,0,unlabeled
4817,0.0012883058516308665,0,0,unlabeled
4818,0.2265549600124359,0,0,unlabeled
4819,0.8766838312149048,1,0,unlabeled
4820,0.1133679524064064,0,0,unlabeled
4821,6.575654879270587e-06,0,0,unlabeled
4822,0.044435765594244,0,0,unlabeled
4823,0.486407995223999,0,0,train
4824,0.0007458306499756873,0,0,unlabeled
4825,0.0020116674713790417,0,0,unlabeled
4826,1.0799335541378241e-05,0,0,unlabeled
4827,0.025118988007307053,0,0,train
4828,0.6785466074943542,0,0,unlabeled
4829,0.0057551260106265545,0,0,unlabeled
4830,0.0002503790892660618,0,0,unlabeled
4831,2.673156814125832e-06,0,0,unlabeled
4832,8.130536298267543e-05,0,0,train
4833,0.0004767148639075458,0,0,unlabeled
4834,2.5161969574583054e-07,0,0,unlabeled
4835,0.8321848511695862,0,0,unlabeled
4836,0.000440666131908074,0,0,unlabeled
4837,3.642014053184539e-05,0,0,unlabeled
4838,0.00023988874454516917,0,0,unlabeled
4839,3.718815787578933e-05,0,0,unlabeled
4840,3.853936505038291e-06,0,0,unlabeled
4841,0.08005867898464203,0,0,unlabeled
4842,0.0013950265711173415,0,0,unlabeled
4843,0.000133252571686171,0,0,unlabeled
4844,0.00017583929002285004,0,0,unlabeled
4845,0.00024100244627334177,0,0,unlabeled
4846,0.07518885284662247,0,0,unlabeled
4847,4.444523256097455e-06,0,0,train
4848,0.03491074964404106,0,0,unlabeled
4849,0.0009377831593155861,0,0,unlabeled
4850,1.0970654329867102e-05,0,0,unlabeled
4851,4.30881385682369e-07,0,0,unlabeled
4852,0.9791330695152283,1,0,unlabeled
4853,0.00036139172152616084,0,0,unlabeled
4854,3.757644662982784e-05,0,0,unlabeled
4855,0.3994264006614685,0,0,unlabeled
4856,4.6977915189927444e-05,0,0,unlabeled
4857,1.376611089654034e-05,0,0,unlabeled
4858,0.0001317392598139122,0,0,unlabeled
4859,0.5468990206718445,0,0,unlabeled
4860,0.8804575800895691,1,0,unlabeled
4861,0.10663545876741409,0,0,unlabeled
4862,0.6844959259033203,0,0,unlabeled
4863,0.19218434393405914,0,0,unlabeled
4864,0.00022254744544625282,0,0,unlabeled
4865,0.8994507789611816,1,0,unlabeled
4866,0.3625204861164093,0,0,unlabeled
4867,4.401415208121762e-05,0,0,unlabeled
4868,0.8520825505256653,0,0,unlabeled
4869,0.0006632907316088676,0,0,train
4870,0.01560844387859106,0,0,unlabeled
4871,0.00041505397530272603,0,0,unlabeled
4872,0.183477520942688,0,0,unlabeled
4873,0.8450666069984436,0,0,val
4874,0.00043750848271884024,0,0,unlabeled
4875,1.8343487681704573e-05,0,0,unlabeled
4876,1.828255546953983e-09,0,0,unlabeled
4877,9.241836778528523e-06,0,0,unlabeled
4878,0.1295102834701538,0,0,val
4879,0.5360432863235474,0,0,train
4880,0.43442797660827637,0,0,train
4881,0.0028498161118477583,0,0,unlabeled
4882,2.2398091459763236e-05,0,0,unlabeled
4883,0.00656288443133235,0,0,unlabeled
4884,0.03592327609658241,0,0,unlabeled
4885,0.024412522092461586,0,0,unlabeled
4886,0.026866793632507324,0,0,train
4887,0.34128594398498535,0,0,train
4888,0.02166965790092945,0,0,unlabeled
4889,0.23845680058002472,0,0,unlabeled
4890,0.0005427284049801528,0,0,train
4891,0.9701864123344421,1,0,unlabeled
4892,0.2620302140712738,0,0,unlabeled
4893,4.067866484547267e-06,0,0,unlabeled
4894,0.002404204336926341,0,0,unlabeled
4895,4.01602528654621e-06,0,0,unlabeled
4896,0.08369356393814087,0,0,unlabeled
4897,0.24713405966758728,0,0,unlabeled
4898,9.259314538212493e-05,0,0,unlabeled
4899,0.0026104876305907965,0,0,unlabeled
4900,0.00532936817035079,0,0,unlabeled
4901,1.7687674471744685e-06,0,0,unlabeled
4902,0.0003057022695429623,0,0,val
4903,5.56085942662321e-05,0,0,unlabeled
4904,0.10444466769695282,0,0,unlabeled
4905,8.834181244310457e-06,0,0,unlabeled
4906,0.00042182212928310037,0,0,unlabeled
4907,0.6945310235023499,0,0,unlabeled
4908,0.00013015586591791362,0,0,unlabeled
4909,0.02241082675755024,0,0,train
4910,0.11112210899591446,0,0,unlabeled
4911,0.007590943481773138,0,0,unlabeled
4912,0.3998081386089325,0,0,unlabeled
4913,4.214307773509063e-05,0,0,unlabeled
4914,0.02635146677494049,0,0,unlabeled
4915,0.009430082514882088,0,0,unlabeled
4916,0.43771031498908997,0,0,unlabeled
4917,0.0034194299951195717,0,0,unlabeled
4918,1.50638015838922e-05,0,0,unlabeled
4919,0.027063526213169098,0,0,unlabeled
4920,0.00023595105449203402,0,0,train
4921,9.288435830967501e-05,0,0,train
4922,0.2661862075328827,0,0,train
4923,0.579450249671936,0,0,unlabeled
4924,0.9793505072593689,1,0,unlabeled
4925,0.7274172902107239,0,0,unlabeled
4926,0.000282255990896374,0,0,unlabeled
4927,6.223640230018646e-05,0,0,unlabeled
4928,4.253272709320299e-05,0,0,unlabeled
4929,4.185814717061476e-08,0,0,unlabeled
4930,3.8995614886516705e-05,0,0,unlabeled
4931,0.01209920085966587,0,0,val
4932,0.9376834630966187,1,0,unlabeled
4933,3.130285767838359e-05,0,0,unlabeled
4934,0.4400792717933655,0,0,unlabeled
4935,3.9513892602371925e-07,0,0,val
4936,0.04841787740588188,0,0,unlabeled
4937,0.013486484065651894,0,0,unlabeled
4938,0.00030802926630713046,0,0,unlabeled
4939,0.07863277196884155,0,0,unlabeled
4940,0.0001931651058839634,0,0,unlabeled
4941,0.606920599937439,0,0,train
4942,1.4606404192818445e-06,0,0,unlabeled
4943,6.758277595508844e-05,0,0,unlabeled
4944,0.0003068857768084854,0,0,unlabeled
4945,0.48890554904937744,0,0,unlabeled
4946,0.15572354197502136,0,0,train
4947,0.4486299157142639,0,0,unlabeled
4948,0.0008958738180808723,0,0,train
4949,0.0016229114262387156,0,0,unlabeled
4950,0.7636893391609192,0,0,unlabeled
4951,0.04946201294660568,0,0,unlabeled
4952,0.000123586505651474,0,0,unlabeled
4953,0.7810134291648865,0,0,unlabeled
4954,0.020009813830256462,0,0,unlabeled
4955,0.7692603468894958,0,0,unlabeled
4956,0.025539575144648552,0,0,unlabeled
4957,0.027878332883119583,0,0,unlabeled
4958,0.9698096513748169,1,0,unlabeled
4959,0.010468291118741035,0,0,unlabeled
4960,0.7082388401031494,0,0,val
4961,8.633713878225535e-05,0,0,unlabeled
4962,0.1271355152130127,0,0,unlabeled
4963,0.0005284501821734011,0,0,unlabeled
4964,0.0007129812147468328,0,0,unlabeled
4965,0.9548123478889465,1,0,unlabeled
4966,0.34719765186309814,0,0,unlabeled
4967,0.6231077313423157,0,0,val
4968,4.5702643092226936e-07,0,0,unlabeled
4969,0.027838150039315224,0,0,unlabeled
4970,0.014081079512834549,0,0,train
4971,0.03654428943991661,0,0,unlabeled
4972,0.0007252862560562789,0,0,unlabeled
4973,0.7407675981521606,0,0,unlabeled
4974,0.010747414082288742,0,0,unlabeled
4975,0.001177403493784368,0,0,train
4976,0.00034655924537219107,0,0,unlabeled
4977,5.713042696697812e-07,0,0,unlabeled
4978,0.01449025422334671,0,0,unlabeled
4979,0.001860828953795135,0,0,unlabeled
4980,0.13604432344436646,0,0,unlabeled
4981,0.0019710201304405928,0,0,unlabeled
4982,2.4997369109769352e-05,0,0,unlabeled
4983,0.017155060544610023,0,0,train
4984,0.9534695744514465,1,0,unlabeled
4985,4.734643880510703e-05,0,0,unlabeled
4986,0.0010688855545595288,0,0,unlabeled
4987,0.0054743941873312,0,0,unlabeled
4988,0.03245847299695015,0,0,unlabeled
4989,1.6355681509594433e-05,0,0,unlabeled
4990,2.533151382522192e-05,0,0,val
4991,0.0001885903620859608,0,0,unlabeled
4992,0.0117931654676795,0,0,unlabeled
4993,0.0013400530442595482,0,0,val
4994,0.8804405927658081,1,0,unlabeled
4995,0.0010461495257914066,0,0,unlabeled
4996,1.8973198166349903e-05,0,0,unlabeled
4997,6.758882955182344e-05,0,0,unlabeled
4998,0.037856701761484146,0,0,unlabeled
4999,0.00013779661094304174,0,0,unlabeled
5000,8.91075178515166e-05,0,0,unlabeled
5001,0.00015941167657729238,0,0,unlabeled
5002,9.794984362088144e-05,0,0,unlabeled
5003,0.017802946269512177,0,0,unlabeled
5004,0.006627530790865421,0,0,val
5005,0.0034486118238419294,0,0,unlabeled
5006,0.9694855213165283,1,0,unlabeled
5007,0.0005647646030411124,0,0,unlabeled
5008,0.0004983745748177171,0,0,unlabeled
5009,0.00012190786947030574,0,0,unlabeled
5010,8.861164678819478e-05,0,0,unlabeled
5011,0.1448225975036621,0,0,unlabeled
5012,3.111345358774997e-05,0,0,train
5013,0.00025370775256305933,0,0,unlabeled
5014,0.0012064827606081963,0,0,unlabeled
5015,0.24355174601078033,0,0,unlabeled
5016,0.012575211003422737,0,0,unlabeled
5017,0.7004663348197937,0,0,train
5018,0.4342275857925415,0,0,unlabeled
5019,0.20844531059265137,0,0,unlabeled
5020,0.000734895293135196,0,0,unlabeled
5021,0.032520465552806854,0,0,unlabeled
5022,0.0007363629410974681,0,0,unlabeled
5023,0.6859403848648071,0,0,train
5024,0.12457956373691559,0,0,unlabeled
5025,0.4517360329627991,0,0,unlabeled
5026,1.3073375157546252e-05,0,0,unlabeled
5027,0.0001122236208175309,0,0,train
5028,0.009955665096640587,0,0,unlabeled
5029,1.5162019053605036e-06,0,0,unlabeled
5030,4.678406548919156e-05,0,0,unlabeled
5031,0.003009874140843749,0,0,unlabeled
5032,8.691595576237887e-05,0,0,unlabeled
5033,0.03698316961526871,0,0,unlabeled
5034,0.08813580125570297,0,0,unlabeled
5035,0.7185451984405518,0,0,train
5036,0.027134422212839127,0,0,unlabeled
5037,0.0033885107841342688,0,0,unlabeled
5038,0.00033225942752324045,0,0,train
5039,0.8599939346313477,1,0,unlabeled
5040,8.992999937618151e-05,0,0,unlabeled
5041,0.28039923310279846,0,0,val
5042,0.03331899642944336,0,0,unlabeled
5043,3.053410637221532e-06,0,0,unlabeled
5044,0.0016818781150504947,0,0,val
5045,0.0004373808915261179,0,0,train
5046,0.010121965780854225,0,0,unlabeled
5047,1.6881167539395392e-05,0,0,unlabeled
5048,7.10446693119593e-05,0,0,unlabeled
5049,0.00020505950669758022,0,0,unlabeled
5050,0.0017667411593720317,0,0,train
5051,0.028203872963786125,0,0,unlabeled
5052,9.788717761693988e-06,0,0,unlabeled
5053,1.9061611965298653e-05,0,0,unlabeled
5054,0.006486825179308653,0,0,unlabeled
5055,0.00010914890299318358,0,0,unlabeled
5056,0.675407350063324,0,0,unlabeled
5057,0.003954548854380846,0,0,unlabeled
5058,0.016406241804361343,0,0,train
5059,0.0001107155330828391,0,0,unlabeled
5060,0.0001488888665335253,0,0,unlabeled
5061,6.967096851440147e-05,0,0,train
5062,1.3853506970917806e-05,0,0,train
5063,9.887095302474336e-07,0,0,unlabeled
5064,2.4873359507182613e-05,0,0,val
5065,2.671406946319621e-05,0,0,unlabeled
5066,0.49419596791267395,0,0,unlabeled
5067,0.04754968732595444,0,0,unlabeled
5068,0.0005691566038876772,0,0,train
5069,0.002670283429324627,0,0,unlabeled
5070,0.0005730191478505731,0,0,unlabeled
5071,0.6784236431121826,0,0,unlabeled
5072,0.0014203699538484216,0,0,train
5073,0.00019776269618887454,0,0,unlabeled
5074,0.0039037938695400953,0,0,unlabeled
5075,0.0006260775262489915,0,0,unlabeled
5076,0.00028613570611923933,0,0,unlabeled
5077,0.019084544852375984,0,0,unlabeled
5078,1.5074709153850563e-05,0,0,unlabeled
5079,0.0005485900910571218,0,0,unlabeled
5080,0.0032097124494612217,0,0,unlabeled
5081,2.4907181796152145e-05,0,0,unlabeled
5082,0.03321279585361481,0,0,train
5083,0.0011473360937088728,0,0,unlabeled
5084,9.223709298566973e-07,0,0,unlabeled
5085,0.008804094046354294,0,0,train
5086,0.0014253060799092054,0,0,unlabeled
5087,0.04878776893019676,0,0,unlabeled
5088,9.444234456168488e-05,0,0,unlabeled
5089,0.00519539276137948,0,0,unlabeled
5090,0.06504315882921219,0,0,train
5091,0.09946385771036148,0,0,unlabeled
5092,0.00011808302951976657,0,0,unlabeled
5093,0.0004088814603164792,0,0,train
5094,0.1393294781446457,0,0,unlabeled
5095,1.0592908665785217e-06,0,0,unlabeled
5096,0.5029928684234619,0,0,unlabeled
5097,0.8065416812896729,0,0,unlabeled
5098,0.7100642323493958,0,0,train
5099,0.004191932268440723,0,0,unlabeled
5100,0.0009396972018294036,0,0,unlabeled
5101,0.0003132868150714785,0,0,unlabeled
5102,0.0003036584530491382,0,0,unlabeled
5103,0.9784668684005737,1,0,unlabeled
5104,0.0007005746010690928,0,0,val
5105,1.3735824495597626e-06,0,0,unlabeled
5106,0.38434985280036926,0,0,train
5107,0.0006009466596879065,0,0,unlabeled
5108,0.008129759691655636,0,0,val
5109,0.12251108139753342,0,0,unlabeled
5110,0.4614882171154022,0,0,unlabeled
5111,0.05555010959506035,0,0,unlabeled
5112,0.40523868799209595,0,0,train
5113,0.48658907413482666,0,0,unlabeled
5114,0.0016723154112696648,0,0,unlabeled
5115,0.6355510354042053,0,0,unlabeled
5116,4.1190196498064324e-05,0,0,unlabeled
5117,0.9085609912872314,1,0,unlabeled
5118,0.002230321057140827,0,0,val
5119,0.33821746706962585,0,0,unlabeled
5120,4.882148004980991e-06,0,0,unlabeled
5121,0.00011453163460828364,0,0,train
5122,0.007038745563477278,0,0,unlabeled
5123,0.1271408349275589,0,0,unlabeled
5124,0.00851587112993002,0,0,unlabeled
5125,0.005040490068495274,0,0,unlabeled
5126,0.009235342033207417,0,0,unlabeled
5127,0.010654522106051445,0,0,val
5128,1.1049719432776328e-05,0,0,train
5129,0.001144687063060701,0,0,unlabeled
5130,1.3148041944077704e-06,0,0,unlabeled
5131,7.441196794388816e-05,0,0,unlabeled
5132,0.493582546710968,0,0,train
5133,0.009497162885963917,0,0,unlabeled
5134,0.8155537247657776,0,0,unlabeled
5135,0.7254042625427246,0,0,val
5136,3.9244696381501853e-07,0,0,unlabeled
5137,1.0524070603423752e-05,0,0,val
5138,0.022791163995862007,0,0,unlabeled
5139,4.6378856495721266e-05,0,0,unlabeled
5140,0.0003024273901246488,0,0,unlabeled
5141,0.0005482838023453951,0,0,unlabeled
5142,5.182199856790248e-06,0,0,unlabeled
5143,0.0001542821410112083,0,0,unlabeled
5144,8.263847348644049e-07,0,0,unlabeled
5145,0.0037985313683748245,0,0,unlabeled
5146,0.007308815605938435,0,0,unlabeled
5147,2.0039625781009818e-07,0,0,train
5148,0.025117632001638412,0,0,unlabeled
5149,6.536053115269169e-05,0,0,val
5150,1.4065878986002645e-06,0,0,unlabeled
5151,0.001263792859390378,0,0,train
5152,5.01651520607993e-05,0,0,train
5153,0.002154003130272031,0,0,train
5154,0.0015319823287427425,0,0,unlabeled
5155,0.0012178563047200441,0,0,unlabeled
5156,0.7489301562309265,0,0,unlabeled
5157,1.9180484741809778e-05,0,0,unlabeled
5158,4.075302513228962e-06,0,0,unlabeled
5159,9.557332305121236e-06,0,0,unlabeled
5160,0.46907421946525574,0,0,unlabeled
5161,0.8372476100921631,0,0,unlabeled
5162,0.003284403122961521,0,0,unlabeled
5163,0.01391324121505022,0,0,unlabeled
5164,6.38375195194385e-06,0,0,unlabeled
5165,0.00043370507773943245,0,0,train
5166,0.06747345626354218,0,0,unlabeled
5167,5.06249868692521e-08,0,0,unlabeled
5168,0.0006970433169044554,0,0,train
5169,0.00011303026985842735,0,0,unlabeled
5170,0.5461277365684509,0,0,unlabeled
5171,0.03263812139630318,0,0,unlabeled
5172,0.002825596369802952,0,0,train
5173,0.4713262915611267,0,0,train
5174,0.3607098162174225,0,0,unlabeled
5175,0.5620476007461548,0,0,unlabeled
5176,0.00011832536256406456,0,0,unlabeled
5177,0.8269653916358948,0,0,unlabeled
5178,0.0008139407145790756,0,0,unlabeled
5179,0.003108230885118246,0,0,unlabeled
5180,0.00044451167923398316,0,0,unlabeled
5181,0.0397203229367733,0,0,unlabeled
5182,0.0018990158569067717,0,0,unlabeled
5183,0.0011990668717771769,0,0,unlabeled
5184,0.005142842885106802,0,0,unlabeled
5185,0.00010725389438448474,0,0,train
5186,0.7785510420799255,0,0,unlabeled
5187,0.00023475789930671453,0,0,val
5188,1.3684444688522035e-08,0,0,train
5189,0.10191849619150162,0,0,unlabeled
5190,0.0005216721328906715,0,0,unlabeled
5191,3.634699896792881e-05,0,0,unlabeled
5192,0.02084432914853096,0,0,unlabeled
5193,0.24011076986789703,0,0,unlabeled
5194,2.3680135200265795e-05,0,0,val
5195,0.39277106523513794,0,0,train
5196,6.678294539597118e-06,0,0,unlabeled
5197,0.032157156616449356,0,0,unlabeled
5198,0.003174650017172098,0,0,train
5199,0.5163753628730774,0,0,unlabeled
5200,0.3766951560974121,0,0,unlabeled
5201,0.0004959560465067625,0,0,unlabeled
5202,0.3806608319282532,0,0,train
5203,0.5467514395713806,0,0,unlabeled
5204,0.008441470563411713,0,0,unlabeled
5205,2.959484163511661e-06,0,0,unlabeled
5206,0.06703712791204453,0,0,train
5207,0.00020339246839284897,0,0,train
5208,0.00035026908153668046,0,0,unlabeled
5209,1.9969333152403124e-05,0,0,unlabeled
5210,0.3904275596141815,0,0,unlabeled
5211,0.0014176327968016267,0,0,unlabeled
5212,0.7720375061035156,0,0,unlabeled
5213,0.4799445867538452,0,0,unlabeled
5214,0.06011815369129181,0,0,val
5215,0.4604063928127289,0,0,unlabeled
5216,0.517852246761322,0,0,unlabeled
5217,0.00048363691894337535,0,0,unlabeled
5218,0.00019749398052226752,0,0,train
5219,0.04642413184046745,0,0,unlabeled
5220,0.3165847361087799,0,0,unlabeled
5221,0.3527352213859558,0,0,unlabeled
5222,0.0019536633044481277,0,0,unlabeled
5223,6.849206693004817e-05,0,0,unlabeled
5224,0.2879845201969147,0,0,unlabeled
5225,0.05301736295223236,0,0,unlabeled
5226,0.024239331483840942,0,0,unlabeled
5227,5.8166271628579125e-05,0,0,unlabeled
5228,0.0007920453790575266,0,0,unlabeled
5229,0.7548004388809204,0,0,unlabeled
5230,1.4676046703243628e-05,0,0,unlabeled
5231,0.0035226582549512386,0,0,unlabeled
5232,6.191383727127686e-05,0,0,unlabeled
5233,0.25105854868888855,0,0,unlabeled
5234,0.41465282440185547,0,0,train
5235,0.524455189704895,0,0,train
5236,9.37564345804276e-06,0,0,unlabeled
5237,1.928398160089273e-05,0,0,unlabeled
5238,0.4799075722694397,0,0,unlabeled
5239,0.008355666883289814,0,0,unlabeled
5240,3.1602288800058886e-05,0,0,unlabeled
5241,0.8585615158081055,1,0,unlabeled
5242,0.6126685738563538,0,0,train
5243,0.7707177400588989,0,0,unlabeled
5244,0.0006728210719302297,0,0,train
5245,8.63433160702698e-05,0,0,unlabeled
5246,0.053383346647024155,0,0,unlabeled
5247,1.1534012855918263e-08,0,0,unlabeled
5248,0.00022084121883381158,0,0,unlabeled
5249,0.9367586374282837,1,0,unlabeled
5250,0.002048586029559374,0,0,train
5251,0.2852230370044708,0,0,unlabeled
5252,0.04314602538943291,0,0,unlabeled
5253,0.565412700176239,0,0,unlabeled
5254,0.9047031998634338,1,0,unlabeled
5255,0.38853979110717773,0,0,unlabeled
5256,0.0005453699850477278,0,0,unlabeled
5257,0.0009141985792666674,0,0,unlabeled
5258,0.017452465370297432,0,0,unlabeled
5259,0.06682425737380981,0,0,unlabeled
5260,0.06246022507548332,0,0,unlabeled
5261,0.0004020222113467753,0,0,unlabeled
5262,1.7100946081427537e-07,0,0,unlabeled
5263,0.7123554944992065,0,0,unlabeled
5264,0.0007294248207472265,0,0,unlabeled
5265,0.19769376516342163,0,0,train
5266,0.05706863850355148,0,0,unlabeled
5267,6.360216957546072e-06,0,0,unlabeled
5268,0.1431204229593277,0,0,unlabeled
5269,3.6704343528981553e-06,0,0,unlabeled
5270,1.621200681256596e-05,0,0,unlabeled
5271,0.48511767387390137,0,0,unlabeled
5272,1.3028694411332253e-05,0,0,unlabeled
5273,4.9989746912615374e-05,0,0,unlabeled
5274,0.8989810347557068,1,0,unlabeled
5275,0.9581544995307922,1,0,unlabeled
5276,6.502091127913445e-05,0,0,unlabeled
5277,0.04523741826415062,0,0,unlabeled
5278,0.0008902593399398029,0,0,train
5279,0.0813884511590004,0,0,unlabeled
5280,0.01434590108692646,0,0,val
5281,0.5052942633628845,0,0,unlabeled
5282,2.2052781787351705e-05,0,0,unlabeled
5283,4.556443855108228e-06,0,0,unlabeled
5284,0.017023080959916115,0,0,unlabeled
5285,0.32624441385269165,0,0,unlabeled
5286,0.0014318096218630672,0,0,unlabeled
5287,0.08355449885129929,0,0,unlabeled
5288,7.974732397997286e-06,0,0,unlabeled
5289,7.397134322673082e-05,0,0,unlabeled
5290,0.8360635638237,0,0,unlabeled
5291,0.11838982999324799,0,0,unlabeled
5292,9.38070661504753e-05,0,0,unlabeled
5293,4.401864316605497e-06,0,0,unlabeled
5294,5.467544906423427e-05,0,0,train
5295,0.5206804871559143,0,0,unlabeled
5296,0.8206674456596375,0,0,train
5297,0.006421351805329323,0,0,unlabeled
5298,1.6662748976159492e-06,0,0,unlabeled
5299,0.18291661143302917,0,0,unlabeled
5300,0.5431748032569885,0,0,unlabeled
5301,0.0034027190413326025,0,0,unlabeled
5302,0.00036537120467983186,0,0,unlabeled
5303,0.0011135907843708992,0,0,unlabeled
5304,0.01144769974052906,0,0,unlabeled
5305,0.04271458461880684,0,0,unlabeled
5306,0.00016285982565023005,0,0,val
5307,0.8935934901237488,1,0,unlabeled
5308,0.0001701614382909611,0,0,unlabeled
5309,0.4017874598503113,0,0,train
5310,1.91666708815319e-06,0,0,unlabeled
5311,0.00046689348528161645,0,0,unlabeled
5312,1.5591897408739896e-06,0,0,train
5313,5.251412221696228e-05,0,0,unlabeled
5314,4.840322276322695e-07,0,0,unlabeled
5315,0.0007727498305030167,0,0,unlabeled
5316,5.215364944888279e-05,0,0,unlabeled
5317,5.020305252401158e-05,0,0,train
5318,0.12339010089635849,0,0,unlabeled
5319,0.11859403550624847,0,0,unlabeled
5320,3.004929021699354e-05,0,0,unlabeled
5321,5.178503124625422e-05,0,0,train
5322,0.005589538253843784,0,0,train
5323,0.7930707931518555,0,0,unlabeled
5324,0.0008037388906814158,0,0,unlabeled
5325,0.9771279096603394,1,0,unlabeled
5326,0.016959620639681816,0,0,unlabeled
5327,0.9103230834007263,1,0,unlabeled
5328,0.005955914035439491,0,0,unlabeled
5329,0.9371885657310486,1,0,train
5330,0.7987220883369446,0,0,unlabeled
5331,0.017124047502875328,0,0,unlabeled
5332,4.7277855628635734e-05,0,0,unlabeled
5333,0.17248505353927612,0,0,train
5334,3.520718223626318e-07,0,0,val
5335,0.004273273050785065,0,0,unlabeled
5336,0.00034548286930657923,0,0,unlabeled
5337,0.08637452125549316,0,0,unlabeled
5338,0.017899028956890106,0,0,unlabeled
5339,0.4637487828731537,0,0,unlabeled
5340,0.7265530228614807,0,0,unlabeled
5341,0.30348527431488037,0,0,unlabeled
5342,0.5845835208892822,0,0,train
5343,0.021292801946401596,0,0,unlabeled
5344,0.5380193591117859,0,0,unlabeled
5345,0.05668196082115173,0,0,train
5346,2.124823549820576e-05,0,0,train
5347,0.03564346209168434,0,0,unlabeled
5348,2.9876875487389043e-05,0,0,unlabeled
5349,3.661540540633723e-05,0,0,unlabeled
5350,0.0010481053031980991,0,0,unlabeled
5351,4.389995865494711e-06,0,0,unlabeled
5352,7.476804603356868e-05,0,0,val
5353,3.901778472936712e-05,0,0,unlabeled
5354,4.709260338131571e-06,0,0,unlabeled
5355,0.003791538532823324,0,0,unlabeled
5356,1.7559787011123262e-05,0,0,unlabeled
5357,2.0880614101770334e-05,0,0,unlabeled
5358,0.0009026112966239452,0,0,unlabeled
5359,0.14883415400981903,0,0,unlabeled
5360,0.0008508011233061552,0,0,val
5361,0.14572705328464508,0,0,unlabeled
5362,2.6558154786471277e-05,0,0,unlabeled
5363,0.062478698790073395,0,0,unlabeled
5364,0.10725175589323044,0,0,unlabeled
5365,0.09088829904794693,0,0,unlabeled
5366,0.015682009980082512,0,0,unlabeled
5367,0.005229454021900892,0,0,train
5368,1.9806083173534716e-07,0,0,val
5369,0.3576543629169464,0,0,train
5370,0.6091343760490417,0,0,train
5371,0.0017090492183342576,0,0,unlabeled
5372,0.11544295400381088,0,0,unlabeled
5373,0.9553220272064209,1,0,unlabeled
5374,0.9166414737701416,1,0,unlabeled
5375,1.5934294424369e-05,0,0,unlabeled
5376,4.1717150452313945e-05,0,0,unlabeled
5377,0.003004237310960889,0,0,unlabeled
5378,0.9428920745849609,1,0,unlabeled
5379,0.5508508682250977,0,0,unlabeled
5380,0.0030483927112072706,0,0,unlabeled
5381,0.0715530514717102,0,0,train
5382,0.7101490497589111,0,0,train
5383,0.00043871108209714293,0,0,val
5384,0.5555142760276794,0,0,unlabeled
5385,0.7067812085151672,0,0,unlabeled
5386,0.00016507630061823875,0,0,unlabeled
5387,0.20640593767166138,0,0,unlabeled
5388,0.005277389660477638,0,0,unlabeled
5389,0.0008368889684788883,0,0,train
5390,6.697658136545215e-06,0,0,unlabeled
5391,0.00028351848595775664,0,0,unlabeled
5392,2.7717917419067817e-06,0,0,unlabeled
5393,0.00018527342763263732,0,0,unlabeled
5394,0.001631573773920536,0,0,unlabeled
5395,0.12863463163375854,0,0,unlabeled
5396,0.8184115886688232,0,0,unlabeled
5397,0.01870967075228691,0,0,unlabeled
5398,0.0233825221657753,0,0,train
5399,0.2756396532058716,0,0,unlabeled
5400,0.04264609143137932,0,0,unlabeled
5401,0.9578372240066528,1,0,unlabeled
5402,0.0011079241521656513,0,0,unlabeled
5403,0.05605176091194153,0,0,unlabeled
5404,0.0144671481102705,0,0,unlabeled
5405,0.01614922098815441,0,0,unlabeled
5406,5.184259498491883e-05,0,0,unlabeled
5407,0.0037221964448690414,0,0,unlabeled
5408,0.37376612424850464,0,0,unlabeled
5409,0.000270047050435096,0,0,unlabeled
5410,1.879448063846212e-05,0,0,train
5411,0.13245868682861328,0,0,unlabeled
5412,1.2643826266867109e-05,0,0,unlabeled
5413,1.546980820421595e-05,0,0,val
5414,0.827741801738739,0,0,unlabeled
5415,8.357766887456819e-07,0,0,unlabeled
5416,0.7030425071716309,0,0,train
5417,7.466763690899825e-06,0,0,unlabeled
5418,0.00029002781957387924,0,0,unlabeled
5419,0.045746784657239914,0,0,unlabeled
5420,0.650452733039856,0,0,unlabeled
5421,0.0004852786078117788,0,0,unlabeled
5422,0.10374219715595245,0,0,unlabeled
5423,0.0029394258745014668,0,0,unlabeled
5424,0.00047795340651646256,0,0,train
5425,0.0008252402767539024,0,0,train
5426,0.9578034281730652,1,0,unlabeled
5427,0.47786736488342285,0,0,unlabeled
5428,0.05695720389485359,0,0,unlabeled
5429,0.7141473889350891,0,0,unlabeled
5430,0.06653793901205063,0,0,unlabeled
5431,0.006409515161067247,0,0,unlabeled
5432,9.237891936209053e-05,0,0,train
5433,0.0003715578932315111,0,0,unlabeled
5434,0.0002881601976696402,0,0,unlabeled
5435,0.006508729420602322,0,0,unlabeled
5436,0.0021418484393507242,0,0,unlabeled
5437,0.00023237090499605983,0,0,unlabeled
5438,0.009075872600078583,0,0,unlabeled
5439,0.000677234900649637,0,0,unlabeled
5440,0.006562141235917807,0,0,unlabeled
5441,0.3477857708930969,0,0,unlabeled
5442,0.0002661373873706907,0,0,unlabeled
5443,0.145254448056221,0,0,unlabeled
5444,3.1506297091254964e-05,0,0,unlabeled
5445,0.5530492067337036,0,0,train
5446,0.00025842050672508776,0,0,unlabeled
5447,2.660576137714088e-05,0,0,unlabeled
5448,0.0006007110350765288,0,0,train
5449,0.011771760880947113,0,0,unlabeled
5450,5.952285573584959e-05,0,0,unlabeled
5451,0.00012434861855581403,0,0,unlabeled
5452,0.0028116395696997643,0,0,unlabeled
5453,0.010728990659117699,0,0,train
5454,0.004326376132667065,0,0,unlabeled
5455,0.018963539972901344,0,0,unlabeled
5456,0.0002886997244786471,0,0,unlabeled
5457,0.014975449070334435,0,0,train
5458,0.0059433588758111,0,0,unlabeled
5459,0.36658698320388794,0,0,train
5460,9.098015289055184e-05,0,0,unlabeled
5461,0.25798019766807556,0,0,unlabeled
5462,0.0024011654313653708,0,0,unlabeled
5463,0.9549907445907593,1,0,unlabeled
5464,0.732537031173706,0,0,unlabeled
5465,0.004068378824740648,0,0,unlabeled
5466,0.8670341372489929,1,0,unlabeled
5467,1.6844422134454362e-05,0,0,train
5468,0.7522119879722595,0,0,unlabeled
5469,0.0024726134724915028,0,0,unlabeled
5470,0.0002787914127111435,0,0,unlabeled
5471,1.0961492989736143e-05,0,0,unlabeled
5472,0.019031764939427376,0,0,unlabeled
5473,0.3090205192565918,0,0,val
5474,5.033853085478768e-05,0,0,unlabeled
5475,0.011013233102858067,0,0,unlabeled
5476,0.0023222973104566336,0,0,unlabeled
5477,0.9597676396369934,1,0,unlabeled
5478,0.04541252180933952,0,0,unlabeled
5479,0.020969834178686142,0,0,train
5480,0.36157768964767456,0,0,unlabeled
5481,0.024900197982788086,0,0,unlabeled
5482,0.03733263537287712,0,0,unlabeled
5483,1.72502677742159e-05,0,0,unlabeled
5484,0.002705697901546955,0,0,unlabeled
5485,0.049475934356451035,0,0,val
5486,0.19506871700286865,0,0,unlabeled
5487,0.0014549854677170515,0,0,unlabeled
5488,0.10805082321166992,0,0,train
5489,0.7514601349830627,0,0,unlabeled
5490,9.803394277696498e-06,0,0,unlabeled
5491,0.3325585424900055,0,0,train
5492,0.11452991515398026,0,0,unlabeled
5493,0.0002534821687731892,0,0,unlabeled
5494,0.15526477992534637,0,0,train
5495,0.00121774198487401,0,0,unlabeled
5496,7.785059210618783e-07,0,0,unlabeled
5497,0.5898341536521912,0,0,unlabeled
5498,0.004863517824560404,0,0,unlabeled
5499,0.0015467243501916528,0,0,unlabeled
5500,0.8433462977409363,0,0,val
5501,0.6469911932945251,0,0,unlabeled
5502,0.001519964192993939,0,0,unlabeled
5503,4.3166543036932126e-05,0,0,unlabeled
5504,0.0889960452914238,0,0,train
5505,0.0029331494588404894,0,0,unlabeled
5506,0.000825899129267782,0,0,unlabeled
5507,0.01453402265906334,0,0,unlabeled
5508,3.9111662772484124e-05,0,0,unlabeled
5509,0.8911076784133911,1,0,val
5510,0.13457731902599335,0,0,unlabeled
5511,0.006188982166349888,0,0,val
5512,0.007702058646827936,0,0,unlabeled
5513,0.001051166094839573,0,0,val
5514,0.003652267623692751,0,0,unlabeled
5515,0.8698803186416626,1,0,train
5516,3.4074419090757146e-06,0,0,unlabeled
5517,7.915578862593975e-06,0,0,unlabeled
5518,0.0006284635164774954,0,0,unlabeled
5519,0.9183645248413086,1,0,unlabeled
5520,0.0031304655130952597,0,0,unlabeled
5521,0.8103264570236206,0,0,unlabeled
5522,0.00016022802446968853,0,0,unlabeled
5523,0.013822306878864765,0,0,unlabeled
5524,5.780171341029927e-05,0,0,unlabeled
5525,7.784808076394256e-06,0,0,train
5526,0.2357667088508606,0,0,unlabeled
5527,0.84770268201828,0,0,unlabeled
5528,0.0019975928589701653,0,0,unlabeled
5529,3.877449125866406e-05,0,0,unlabeled
5530,0.0005636718706227839,0,0,unlabeled
5531,0.004144493490457535,0,0,unlabeled
5532,0.0004318834107834846,0,0,unlabeled
5533,0.00010838329035323113,0,0,unlabeled
5534,0.0005701689515262842,0,0,train
5535,0.000636918586678803,0,0,train
5536,5.888309146939719e-07,0,0,unlabeled
5537,0.00014244814519770443,0,0,train
5538,1.4360628483700566e-05,0,0,unlabeled
5539,0.009169098921120167,0,0,unlabeled
5540,0.3548944592475891,0,0,train
5541,0.47164037823677063,0,0,unlabeled
5542,0.007106774020940065,0,0,unlabeled
5543,0.43957194685935974,0,0,unlabeled
5544,9.339514508610591e-05,0,0,unlabeled
5545,2.1719616327686708e-08,0,0,unlabeled
5546,2.3258258806890808e-05,0,0,train
5547,0.6017196774482727,0,0,unlabeled
5548,0.7915996313095093,0,0,unlabeled
5549,0.37606117129325867,0,0,unlabeled
5550,0.05119476094841957,0,0,unlabeled
5551,2.1305631889845245e-06,0,0,unlabeled
5552,0.24883157014846802,0,0,unlabeled
5553,9.10789385670796e-05,0,0,unlabeled
5554,0.30795326828956604,0,0,val
5555,7.410176749544917e-06,0,0,unlabeled
5556,0.17848381400108337,0,0,unlabeled
5557,1.3693506843992509e-05,0,0,unlabeled
5558,0.36870434880256653,0,0,unlabeled
5559,3.611336796893738e-05,0,0,unlabeled
5560,0.0008754931623116136,0,0,unlabeled
5561,0.012159564532339573,0,0,train
5562,0.7015249729156494,0,0,unlabeled
5563,7.477767212549224e-05,0,0,val
5564,0.015337670221924782,0,0,unlabeled
5565,0.012100660242140293,0,0,unlabeled
5566,0.663241982460022,0,0,unlabeled
5567,0.0002308218681719154,0,0,unlabeled
5568,0.00354578229598701,0,0,unlabeled
5569,1.0047881914942991e-05,0,0,train
5570,3.3354015613440424e-05,0,0,unlabeled
5571,0.37544116377830505,0,0,train
5572,0.0021449110936373472,0,0,unlabeled
5573,0.8855552673339844,1,0,train
5574,2.3856777261244133e-05,0,0,unlabeled
5575,0.00045120069989934564,0,0,unlabeled
5576,0.0035164877772331238,0,0,unlabeled
5577,0.00043449256918393075,0,0,unlabeled
5578,0.027808936312794685,0,0,unlabeled
5579,0.028115548193454742,0,0,unlabeled
5580,0.00325793563388288,0,0,unlabeled
5581,0.911942183971405,1,0,unlabeled
5582,0.006758016534149647,0,0,unlabeled
5583,0.013516917824745178,0,0,unlabeled
5584,2.9501981771318242e-05,0,0,unlabeled
5585,0.20549452304840088,0,0,unlabeled
5586,0.0019862300250679255,0,0,unlabeled
5587,0.005768966861069202,0,0,unlabeled
5588,0.0010508757550269365,0,0,train
5589,6.8056347117817495e-06,0,0,unlabeled
5590,0.0011627908097580075,0,0,unlabeled
5591,0.6523735523223877,0,0,unlabeled
5592,1.1449435078247916e-05,0,0,unlabeled
5593,0.027853097766637802,0,0,unlabeled
5594,0.0006053769029676914,0,0,unlabeled
5595,0.03633471950888634,0,0,unlabeled
5596,0.001692528952844441,0,0,unlabeled
5597,4.3688432924682274e-05,0,0,unlabeled
5598,0.47934481501579285,0,0,val
5599,0.06761717051267624,0,0,unlabeled
5600,0.011923052370548248,0,0,unlabeled
5601,0.0002358469064347446,0,0,unlabeled
5602,0.829433798789978,0,0,train
5603,9.141045302385464e-05,0,0,train
5604,0.07756975293159485,0,0,train
5605,0.612170934677124,0,0,unlabeled
5606,0.018062742426991463,0,0,unlabeled
5607,0.7505214214324951,0,0,unlabeled
5608,5.782166772405617e-05,0,0,unlabeled
5609,0.00026540408725850284,0,0,unlabeled
5610,0.9899417757987976,1,0,unlabeled
5611,0.00016079875058494508,0,0,unlabeled
5612,0.0013453273568302393,0,0,unlabeled
5613,0.9672231078147888,1,0,unlabeled
5614,0.007494748570024967,0,0,unlabeled
5615,5.9346102716517635e-06,0,0,unlabeled
5616,0.15748827159404755,0,0,train
5617,0.0881153792142868,0,0,unlabeled
5618,0.025456298142671585,0,0,unlabeled
5619,0.07323803752660751,0,0,unlabeled
5620,0.239517942070961,0,0,unlabeled
5621,0.9750267863273621,1,0,unlabeled
5622,0.0005192177486605942,0,0,unlabeled
5623,0.0010029117111116648,0,0,unlabeled
5624,0.000127363862702623,0,0,unlabeled
5625,0.6938258409500122,0,0,unlabeled
5626,0.00036770329461432993,0,0,unlabeled
5627,0.002724101534113288,0,0,unlabeled
5628,0.0020941272377967834,0,0,unlabeled
5629,8.032778714550659e-05,0,0,val
5630,1.4810304492129944e-05,0,0,unlabeled
5631,0.005689922720193863,0,0,unlabeled
5632,0.0002896655350923538,0,0,unlabeled
5633,0.0002974200469907373,0,0,train
5634,0.0004549919976852834,0,0,unlabeled
5635,0.0009106458746828139,0,0,unlabeled
5636,4.15639478887897e-05,0,0,unlabeled
5637,0.010239212773740292,0,0,unlabeled
5638,0.12164802104234695,0,0,unlabeled
5639,2.0871017113677226e-05,0,0,unlabeled
5640,0.8665109872817993,1,0,unlabeled
5641,0.881223201751709,1,0,unlabeled
5642,0.02315564453601837,0,0,unlabeled
5643,3.1575360480928794e-05,0,0,unlabeled
5644,0.669927716255188,0,0,unlabeled
5645,0.0013340965379029512,0,0,unlabeled
5646,0.0009003544109873474,0,0,unlabeled
5647,0.03113914281129837,0,0,unlabeled
5648,4.953292318532476e-06,0,0,unlabeled
5649,0.00011695413559209555,0,0,train
5650,0.00011626672494458035,0,0,val
5651,0.0003018285206053406,0,0,unlabeled
5652,0.0005789497517980635,0,0,unlabeled
5653,0.02913994900882244,0,0,unlabeled
5654,0.9113941788673401,1,0,train
5655,0.8848986029624939,1,0,train
5656,0.09961894154548645,0,0,train
5657,0.9616827964782715,1,0,unlabeled
5658,0.9628612399101257,1,0,unlabeled
5659,0.000206409691600129,0,0,unlabeled
5660,0.0003009819774888456,0,0,unlabeled
5661,0.011025824584066868,0,0,unlabeled
5662,0.025659842416644096,0,0,unlabeled
5663,0.5554429888725281,0,0,unlabeled
5664,0.00016503664664924145,0,0,val
5665,0.002227622317150235,0,0,unlabeled
5666,0.015290902927517891,0,0,unlabeled
5667,3.261297752032988e-05,0,0,unlabeled
5668,0.8732506036758423,1,0,unlabeled
5669,0.6622236371040344,0,0,train
5670,0.933128833770752,1,0,unlabeled
5671,0.7237927913665771,0,0,unlabeled
5672,0.00015249849820975214,0,0,unlabeled
5673,0.006833071354776621,0,0,val
5674,0.9257009029388428,1,0,unlabeled
5675,0.45867279171943665,0,0,unlabeled
5676,0.0011027262080460787,0,0,unlabeled
5677,0.00015048646309878677,0,0,unlabeled
5678,1.0680952982511371e-05,0,0,val
5679,0.22382000088691711,0,0,unlabeled
5680,0.5614234805107117,0,0,val
5681,1.873189103207551e-05,0,0,unlabeled
5682,0.20709945261478424,0,0,unlabeled
5683,5.665719982062001e-06,0,0,unlabeled
5684,0.002968876389786601,0,0,unlabeled
5685,0.6003684997558594,0,0,unlabeled
5686,0.0006871432415209711,0,0,train
5687,0.11791812628507614,0,0,unlabeled
5688,8.164019504874886e-07,0,0,unlabeled
5689,0.00014080868277233094,0,0,train
5690,0.04209930822253227,0,0,unlabeled
5691,0.02025921829044819,0,0,unlabeled
5692,0.005551428068429232,0,0,unlabeled
5693,0.001479415805079043,0,0,unlabeled
5694,0.005050948821008205,0,0,unlabeled
5695,0.0005201301537454128,0,0,unlabeled
5696,0.001283310353755951,0,0,unlabeled
5697,0.009596822783350945,0,0,unlabeled
5698,0.0020209874492138624,0,0,unlabeled
5699,3.774877404794097e-05,0,0,unlabeled
5700,0.00023360733757726848,0,0,unlabeled
5701,0.0003061032621189952,0,0,unlabeled
5702,0.7142384052276611,0,0,unlabeled
5703,0.0058736298233270645,0,0,unlabeled
5704,0.00033563541364856064,0,0,train
5705,0.2815631031990051,0,0,unlabeled
5706,1.2590336773143918e-08,0,0,val
5707,0.2348048985004425,0,0,unlabeled
5708,0.006979843135923147,0,0,unlabeled
5709,7.182362423918676e-06,0,0,train
5710,0.0011082259006798267,0,0,unlabeled
5711,0.00020376300381030887,0,0,unlabeled
5712,0.0008268759120255709,0,0,unlabeled
5713,0.6768926382064819,0,0,val
5714,0.5979214906692505,0,0,train
5715,0.0004052555304951966,0,0,unlabeled
5716,0.0018485051114112139,0,0,unlabeled
5717,0.11622331291437149,0,0,train
5718,2.2150263134790293e-07,0,0,unlabeled
5719,0.0003565592342056334,0,0,unlabeled
5720,0.721437931060791,0,0,train
5721,0.1913449615240097,0,0,unlabeled
5722,0.45543166995048523,0,0,unlabeled
5723,0.20182986557483673,0,0,unlabeled
5724,0.00259203789755702,0,0,unlabeled
5725,2.9976667974551674e-06,0,0,unlabeled
5726,0.0011127484031021595,0,0,unlabeled
5727,0.004929985851049423,0,0,unlabeled
5728,0.02713031880557537,0,0,unlabeled
5729,0.16615310311317444,0,0,unlabeled
5730,0.11537221074104309,0,0,unlabeled
5731,0.00019398292351979762,0,0,unlabeled
5732,0.0021316693164408207,0,0,unlabeled
5733,0.0011205053888261318,0,0,unlabeled
5734,0.022904807701706886,0,0,unlabeled
5735,0.009680564515292645,0,0,val
5736,0.0008710440015420318,0,0,unlabeled
5737,0.8250235915184021,0,0,unlabeled
5738,0.004352274350821972,0,0,unlabeled
5739,0.6315157413482666,0,0,unlabeled
5740,0.00933217816054821,0,0,train
5741,0.0004281945584807545,0,0,unlabeled
5742,0.7143977284431458,0,0,unlabeled
5743,0.0007632948108948767,0,0,unlabeled
5744,0.02478347346186638,0,0,unlabeled
5745,0.9574841856956482,1,0,unlabeled
5746,0.017565442249178886,0,0,unlabeled
5747,0.9471256136894226,1,0,unlabeled
5748,0.001332164742052555,0,0,unlabeled
5749,0.599727213382721,0,0,unlabeled
5750,0.00044762660400010645,0,0,unlabeled
5751,0.001544116879813373,0,0,unlabeled
5752,0.8888500928878784,1,0,unlabeled
5753,0.4827437996864319,0,0,unlabeled
5754,0.01970374397933483,0,0,train
5755,2.5024131900863722e-05,0,0,unlabeled
5756,0.014449665322899818,0,0,train
5757,0.0011373801389709115,0,0,unlabeled
5758,0.0292733833193779,0,0,unlabeled
5759,4.924575114273466e-05,0,0,unlabeled
5760,2.8902370104333386e-05,0,0,unlabeled
5761,0.000170521205291152,0,0,unlabeled
5762,6.994580417085672e-07,0,0,unlabeled
5763,3.361300696269609e-05,0,0,unlabeled
5764,2.4398104869760573e-06,0,0,unlabeled
5765,0.0014361501671373844,0,0,unlabeled
5766,0.0008130241185426712,0,0,unlabeled
5767,0.00014741615450475365,0,0,unlabeled
5768,6.161713372421218e-06,0,0,unlabeled
5769,0.06243816018104553,0,0,unlabeled
5770,1.3341574458536343e-06,0,0,unlabeled
5771,0.0049535976722836494,0,0,unlabeled
5772,0.00028612915775738657,0,0,train
5773,1.1866062550325296e-06,0,0,unlabeled
5774,0.00950123555958271,0,0,unlabeled
5775,0.0005423469701781869,0,0,unlabeled
5776,0.23890744149684906,0,0,unlabeled
5777,0.0006615646998398006,0,0,unlabeled
5778,0.11220476776361465,0,0,unlabeled
5779,0.6155219078063965,0,0,unlabeled
5780,0.004477665293961763,0,0,unlabeled
5781,0.10397155582904816,0,0,unlabeled
5782,0.0004315477854106575,0,0,unlabeled
5783,0.0014039897359907627,0,0,unlabeled
5784,0.01403091661632061,0,0,unlabeled
5785,0.001298634335398674,0,0,unlabeled
5786,0.260299950838089,0,0,unlabeled
5787,0.0001921593357110396,0,0,train
5788,0.005497146863490343,0,0,unlabeled
5789,9.987134399125353e-05,0,0,unlabeled
5790,0.6840398907661438,0,0,unlabeled
5791,5.833188879478257e-06,0,0,unlabeled
5792,0.10952956229448318,0,0,unlabeled
5793,0.9277967810630798,1,0,train
5794,0.07653335481882095,0,0,train
5795,0.0005191182717680931,0,0,unlabeled
5796,1.1450790225353558e-05,0,0,unlabeled
5797,0.00831194594502449,0,0,unlabeled
5798,0.004235599655658007,0,0,train
5799,0.0035097021609544754,0,0,train
5800,7.927415572339669e-05,0,0,unlabeled
5801,0.170354425907135,0,0,unlabeled
5802,0.9948417544364929,1,0,unlabeled
5803,0.027197277173399925,0,0,unlabeled
5804,0.18295545876026154,0,0,unlabeled
5805,0.057405587285757065,0,0,unlabeled
5806,0.00017861329251900315,0,0,unlabeled
5807,0.06044432148337364,0,0,unlabeled
5808,0.0008332278812304139,0,0,unlabeled
5809,0.13330316543579102,0,0,train
5810,0.04185491427779198,0,0,train
5811,0.48083868622779846,0,0,unlabeled
5812,0.00038043249514885247,0,0,unlabeled
5813,0.6977230310440063,0,0,train
5814,0.46282118558883667,0,0,unlabeled
5815,0.0011261984473094344,0,0,unlabeled
5816,0.010684807784855366,0,0,unlabeled
5817,0.01029806025326252,0,0,unlabeled
5818,0.00018202679348178208,0,0,val
5819,0.7066683173179626,0,0,unlabeled
5820,0.0007604770944453776,0,0,train
5821,0.0018633486470207572,0,0,unlabeled
5822,0.04849088937044144,0,0,unlabeled
5823,0.07313010841608047,0,0,unlabeled
5824,0.007271855603903532,0,0,unlabeled
5825,8.259284527412092e-07,0,0,unlabeled
5826,0.00761967059224844,0,0,unlabeled
5827,0.010767985135316849,0,0,unlabeled
5828,0.011720051988959312,0,0,unlabeled
5829,1.6224238379436429e-06,0,0,unlabeled
5830,0.0074863010086119175,0,0,unlabeled
5831,0.07286465167999268,0,0,train
5832,0.0018656824249774218,0,0,unlabeled
5833,0.5159257054328918,0,0,unlabeled
5834,0.5181569457054138,0,0,unlabeled
5835,0.00013457481691148132,0,0,unlabeled
5836,9.465655239182524e-06,0,0,val
5837,0.8327919244766235,0,0,val
5838,0.00047682281001470983,0,0,unlabeled
5839,0.9663868546485901,1,0,unlabeled
5840,5.496272478922037e-06,0,0,unlabeled
5841,2.6074808374687564e-06,0,0,unlabeled
5842,3.0317873097374104e-05,0,0,unlabeled
5843,3.594286113184353e-07,0,0,unlabeled
5844,0.009993038140237331,0,0,val
5845,0.7570991516113281,0,0,unlabeled
5846,2.7169805889570853e-06,0,0,unlabeled
5847,1.1799756975960918e-05,0,0,unlabeled
5848,8.902063564164564e-05,0,0,unlabeled
5849,0.016231132671236992,0,0,train
5850,0.01105269230902195,0,0,unlabeled
5851,0.9682464003562927,1,0,unlabeled
5852,0.008616676554083824,0,0,unlabeled
5853,0.10933887213468552,0,0,unlabeled
5854,0.03973120078444481,0,0,val
5855,2.8661531814577756e-06,0,0,unlabeled
5856,0.0006847695331089199,0,0,unlabeled
5857,0.823313295841217,0,0,unlabeled
5858,0.0003145543159916997,0,0,unlabeled
5859,1.874152076197788e-05,0,0,unlabeled
5860,0.24526165425777435,0,0,unlabeled
5861,0.0015465616015717387,0,0,unlabeled
5862,0.6505895256996155,0,0,unlabeled
5863,0.011529323644936085,0,0,train
5864,0.18330666422843933,0,0,unlabeled
5865,4.295882899896242e-05,0,0,unlabeled
5866,0.00010434558498673141,0,0,train
5867,0.8830398321151733,1,0,unlabeled
5868,0.006655942648649216,0,0,unlabeled
5869,0.0053426604717969894,0,0,unlabeled
5870,0.002220219699665904,0,0,unlabeled
5871,0.0008385253022424877,0,0,train
5872,2.3691217165833223e-07,0,0,train
5873,0.0012942645698785782,0,0,train
5874,0.07825438678264618,0,0,unlabeled
5875,0.21103322505950928,0,0,val
5876,0.007358400151133537,0,0,unlabeled
5877,0.00010840095637831837,0,0,unlabeled
5878,0.0006472782115451992,0,0,train
5879,2.402870791229361e-07,0,0,train
5880,0.0027016811072826385,0,0,train
5881,0.00647768285125494,0,0,unlabeled
5882,0.0004546313139144331,0,0,unlabeled
5883,0.6770773530006409,0,0,train
5884,0.061571236699819565,0,0,unlabeled
5885,0.01654139906167984,0,0,unlabeled
5886,0.4186075031757355,0,0,unlabeled
5887,0.9798607230186462,1,0,unlabeled
5888,0.0003360593691468239,0,0,unlabeled
5889,0.04315397888422012,0,0,unlabeled
5890,0.5319117307662964,0,0,train
5891,0.051775988191366196,0,0,unlabeled
5892,8.556872489862144e-05,0,0,unlabeled
5893,0.022807998582720757,0,0,unlabeled
5894,0.006471118424087763,0,0,unlabeled
5895,0.00028600316727533937,0,0,unlabeled
5896,0.18398024141788483,0,0,unlabeled
5897,1.0410089998913463e-06,0,0,unlabeled
5898,0.6305249929428101,0,0,unlabeled
5899,0.0001638081157580018,0,0,unlabeled
5900,0.010214370675384998,0,0,unlabeled
5901,0.115849569439888,0,0,unlabeled
5902,0.007534290198236704,0,0,unlabeled
5903,8.986638567876071e-05,0,0,unlabeled
5904,0.033203572034835815,0,0,unlabeled
5905,0.005325308069586754,0,0,unlabeled
5906,0.005679464899003506,0,0,unlabeled
5907,0.00026791388518176973,0,0,unlabeled
5908,0.9198654294013977,1,0,unlabeled
5909,0.005620633251965046,0,0,unlabeled
5910,0.5603487491607666,0,0,train
5911,9.777067316463217e-05,0,0,val
5912,0.005423109512776136,0,0,unlabeled
5913,4.740128497360274e-05,0,0,unlabeled
5914,0.0018726116977632046,0,0,unlabeled
5915,7.401854963973165e-05,0,0,unlabeled
5916,0.8451482057571411,0,0,unlabeled
5917,0.09277242422103882,0,0,unlabeled
5918,2.227013737865491e-06,0,0,unlabeled
5919,0.26214149594306946,0,0,unlabeled
5920,3.67604625353124e-05,0,0,unlabeled
5921,0.0001978392683668062,0,0,unlabeled
5922,6.0101789131294936e-05,0,0,unlabeled
5923,0.9669151902198792,1,0,unlabeled
5924,0.49544429779052734,0,0,train
5925,2.794019201246556e-05,0,0,unlabeled
5926,0.7200653553009033,0,0,train
5927,2.8919406759086996e-05,0,0,unlabeled
5928,0.0009700079099275172,0,0,unlabeled
5929,0.003587242914363742,0,0,unlabeled
5930,2.8601798476302065e-05,0,0,unlabeled
5931,6.618322458962211e-06,0,0,unlabeled
5932,0.932310163974762,1,0,unlabeled
5933,0.45610859990119934,0,0,unlabeled
5934,0.0009487528586760163,0,0,unlabeled
5935,0.6051485538482666,0,0,unlabeled
5936,0.0002450069005135447,0,0,unlabeled
5937,0.7239130735397339,0,0,unlabeled
5938,6.799474795116112e-05,0,0,train
5939,0.12249694019556046,0,0,unlabeled
5940,4.965978632753831e-07,0,0,unlabeled
5941,0.0013223730493336916,0,0,train
5942,0.7090567350387573,0,0,unlabeled
5943,7.4905719884554856e-06,0,0,unlabeled
5944,6.888297502882779e-05,0,0,unlabeled
5945,0.5563486218452454,0,0,train
5946,0.6562223434448242,0,0,unlabeled
5947,0.0570279061794281,0,0,train
5948,0.012607099488377571,0,0,unlabeled
5949,0.05068381875753403,0,0,val
5950,0.9858086705207825,1,0,unlabeled
5951,0.02224932238459587,0,0,unlabeled
5952,0.08837699890136719,0,0,val
5953,0.12157405912876129,0,0,unlabeled
5954,0.001116809668019414,0,0,unlabeled
5955,0.15243571996688843,0,0,unlabeled
5956,0.163962721824646,0,0,unlabeled
5957,1.423546905243711e-06,0,0,val
5958,0.04625626280903816,0,0,unlabeled
5959,2.8011691028950736e-05,0,0,unlabeled
5960,0.14335577189922333,0,0,unlabeled
5961,0.04377361759543419,0,0,unlabeled
5962,0.042587921023368835,0,0,unlabeled
5963,2.008254341490101e-05,0,0,unlabeled
5964,2.4475602913298644e-05,0,0,unlabeled
5965,0.0011949582258239388,0,0,unlabeled
5966,0.889373779296875,1,0,train
5967,0.29144173860549927,0,0,unlabeled
5968,0.28505754470825195,0,0,unlabeled
5969,0.0009707387071102858,0,0,unlabeled
5970,8.055212106228282e-07,0,0,unlabeled
5971,0.9076348543167114,1,0,unlabeled
5972,1.2935960512550082e-05,0,0,unlabeled
5973,0.9589928984642029,1,0,unlabeled
5974,0.0004929497954435647,0,0,unlabeled
5975,0.0010649251053109765,0,0,unlabeled
5976,0.14070826768875122,0,0,unlabeled
5977,0.00848902203142643,0,0,train
5978,4.036504469695501e-05,0,0,unlabeled
5979,0.10174176096916199,0,0,unlabeled
5980,0.00026240741135552526,0,0,unlabeled
5981,0.8974236249923706,1,0,unlabeled
5982,0.0002376581687713042,0,0,train
5983,0.5692179203033447,0,0,unlabeled
5984,0.010232290253043175,0,0,unlabeled
5985,5.262802369543351e-05,0,0,train
5986,0.017107127234339714,0,0,unlabeled
5987,0.9062431454658508,1,0,train
5988,0.008976927027106285,0,0,train
5989,0.24003657698631287,0,0,train
5990,0.6704676747322083,0,0,unlabeled
5991,0.9039390683174133,1,0,unlabeled
5992,0.00040226755663752556,0,0,unlabeled
5993,0.9264137744903564,1,0,unlabeled
5994,0.3400516211986542,0,0,unlabeled
5995,0.005052453838288784,0,0,unlabeled
5996,6.278271757764742e-05,0,0,unlabeled
5997,0.22874332964420319,0,0,unlabeled
5998,6.705629493808374e-05,0,0,unlabeled
5999,0.2046981304883957,0,0,unlabeled
6000,4.138184067414841e-06,0,0,unlabeled
6001,0.008439323864877224,0,0,train
6002,0.7691707611083984,0,0,unlabeled
6003,0.7436862587928772,0,0,unlabeled
6004,0.004520944319665432,0,0,unlabeled
6005,5.260773718873679e-07,0,0,unlabeled
6006,0.5475631356239319,0,0,train
6007,0.05248543620109558,0,0,unlabeled
6008,0.7840710282325745,0,0,unlabeled
6009,0.021990031003952026,0,0,val
6010,0.00010721287981141359,0,0,unlabeled
6011,0.0037683378905057907,0,0,unlabeled
6012,0.03439898416399956,0,0,unlabeled
6013,0.0005242329207248986,0,0,unlabeled
6014,0.12158499658107758,0,0,unlabeled
6015,0.3178060054779053,0,0,unlabeled
6016,0.019669879227876663,0,0,unlabeled
6017,0.0001025402161758393,0,0,unlabeled
6018,0.0004764538607560098,0,0,unlabeled
6019,0.0010830407263711095,0,0,train
6020,7.63275966164656e-06,0,0,train
6021,0.22468814253807068,0,0,unlabeled
6022,0.00013370439410209656,0,0,unlabeled
6023,0.021803444251418114,0,0,train
6024,0.5947443246841431,0,0,unlabeled
6025,0.004177080001682043,0,0,unlabeled
6026,0.0005411689053289592,0,0,unlabeled
6027,3.4199962101411074e-05,0,0,unlabeled
6028,0.02216886356472969,0,0,unlabeled
6029,0.032026808708906174,0,0,train
6030,0.9636525511741638,1,0,val
6031,0.367737352848053,0,0,unlabeled
6032,0.18409757316112518,0,0,unlabeled
6033,6.91342938807793e-05,0,0,unlabeled
6034,0.0005037615192122757,0,0,unlabeled
6035,0.00023913879704196006,0,0,unlabeled
6036,0.03910062834620476,0,0,unlabeled
6037,1.6510373370692832e-06,0,0,train
6038,0.043572284281253815,0,0,unlabeled
6039,0.005723260808736086,0,0,unlabeled
6040,0.043984852731227875,0,0,val
6041,0.0008381007355637848,0,0,val
6042,0.10831360518932343,0,0,train
6043,0.2250434011220932,0,0,unlabeled
6044,0.639763355255127,0,0,train
6045,2.0586736354744062e-05,0,0,unlabeled
6046,0.0009572423878125846,0,0,unlabeled
6047,0.005889136344194412,0,0,unlabeled
6048,0.0002259273751405999,0,0,unlabeled
6049,0.21379788219928741,0,0,train
6050,0.008396457880735397,0,0,unlabeled
6051,0.48188236355781555,0,0,train
6052,0.0027264058589935303,0,0,unlabeled
6053,0.975662112236023,1,0,unlabeled
6054,7.661824201932177e-05,0,0,unlabeled
6055,0.9259902834892273,1,0,unlabeled
6056,4.772224656335311e-06,0,0,train
6057,0.0001015598900266923,0,0,unlabeled
6058,0.0018937629647552967,0,0,unlabeled
6059,0.5005790591239929,0,0,unlabeled
6060,7.754754733468872e-06,0,0,unlabeled
6061,0.3149976134300232,0,0,unlabeled
6062,5.360326667869231e-06,0,0,unlabeled
6063,0.01867504045367241,0,0,unlabeled
6064,2.870412117772503e-06,0,0,train
6065,0.862858772277832,1,0,unlabeled
6066,0.96016925573349,1,0,val
6067,0.0005324424128048122,0,0,train
6068,0.03714229166507721,0,0,unlabeled
6069,0.6235019564628601,0,0,unlabeled
6070,1.669304907636615e-07,0,0,val
6071,0.0005624702316708863,0,0,unlabeled
6072,2.4803646738291718e-05,0,0,val
6073,0.0661841556429863,0,0,unlabeled
6074,0.792798638343811,0,0,unlabeled
6075,0.3614351749420166,0,0,unlabeled
6076,0.039750680327415466,0,0,unlabeled
6077,0.7854268550872803,0,0,unlabeled
6078,0.4410598874092102,0,0,val
6079,0.5978402495384216,0,0,unlabeled
6080,6.043855591997271e-06,0,0,unlabeled
6081,0.874334990978241,1,0,unlabeled
6082,0.08298569172620773,0,0,unlabeled
6083,0.0036376318894326687,0,0,unlabeled
6084,9.52107166085625e-06,0,0,unlabeled
6085,0.11517366021871567,0,0,unlabeled
6086,0.19668057560920715,0,0,unlabeled
6087,0.02123681828379631,0,0,unlabeled
6088,0.8818013668060303,1,0,unlabeled
6089,0.12495486438274384,0,0,unlabeled
6090,0.004042503889650106,0,0,train
6091,0.0004924716777168214,0,0,unlabeled
6092,0.6912410855293274,0,0,unlabeled
6093,0.0015830367337912321,0,0,unlabeled
6094,0.9674221277236938,1,0,unlabeled
6095,0.39945289492607117,0,0,val
6096,0.005279220174998045,0,0,unlabeled
6097,0.006804997567087412,0,0,unlabeled
6098,1.5271205484168604e-05,0,0,unlabeled
6099,0.0628897100687027,0,0,unlabeled
6100,2.4655473680468276e-05,0,0,unlabeled
6101,0.01057972852140665,0,0,val
6102,0.0002558309934101999,0,0,unlabeled
6103,0.9790745377540588,1,0,unlabeled
6104,1.4717062413183157e-06,0,0,unlabeled
6105,0.005186048336327076,0,0,unlabeled
6106,0.00220190710388124,0,0,unlabeled
6107,0.014327882789075375,0,0,unlabeled
6108,9.96700873656664e-06,0,0,unlabeled
6109,0.18635597825050354,0,0,unlabeled
6110,0.0003879730647895485,0,0,unlabeled
6111,4.382867700769566e-06,0,0,unlabeled
6112,0.00041786234942264855,0,0,unlabeled
6113,3.029102663276717e-05,0,0,unlabeled
6114,0.06287725269794464,0,0,unlabeled
6115,0.0081033855676651,0,0,unlabeled
6116,2.596431295387447e-05,0,0,val
6117,0.00022798155259806663,0,0,unlabeled
6118,0.4929106533527374,0,0,unlabeled
6119,0.000865961133968085,0,0,unlabeled
6120,0.002559756627306342,0,0,unlabeled
6121,0.05479721352458,0,0,unlabeled
6122,0.0016345824114978313,0,0,unlabeled
6123,0.0010128007270395756,0,0,unlabeled
6124,0.31852126121520996,0,0,unlabeled
6125,0.4622626304626465,0,0,val
6126,0.0007296225521713495,0,0,unlabeled
6127,0.0005051560001447797,0,0,unlabeled
6128,0.0028356534894555807,0,0,unlabeled
6129,0.8194671869277954,0,0,unlabeled
6130,0.7560411691665649,0,0,unlabeled
6131,0.8963766098022461,1,0,unlabeled
6132,0.07554038614034653,0,0,unlabeled
6133,6.108804768700793e-07,0,0,train
6134,0.10134553164243698,0,0,unlabeled
6135,0.007023890968412161,0,0,unlabeled
6136,0.00014205099432729185,0,0,unlabeled
6137,0.05100637674331665,0,0,unlabeled
6138,0.0008477304363623261,0,0,unlabeled
6139,0.0007987935678102076,0,0,unlabeled
6140,0.6748422384262085,0,0,unlabeled
6141,0.001441093161702156,0,0,unlabeled
6142,0.27348870038986206,0,0,unlabeled
6143,0.00013058289187029004,0,0,unlabeled
6144,0.03481809422373772,0,0,train
6145,0.0003247242420911789,0,0,unlabeled
6146,0.0006772704073227942,0,0,unlabeled
6147,0.005471282172948122,0,0,unlabeled
6148,0.029332779347896576,0,0,unlabeled
6149,4.354041084297933e-05,0,0,unlabeled
6150,0.02267010696232319,0,0,unlabeled
6151,0.941118597984314,1,0,unlabeled
6152,3.788744606936234e-08,0,0,unlabeled
6153,0.8821260929107666,1,0,unlabeled
6154,0.002286670496687293,0,0,unlabeled
6155,0.004633921664208174,0,0,unlabeled
6156,0.0014953149948269129,0,0,unlabeled
6157,3.455925252637826e-07,0,0,unlabeled
6158,0.00038919219514355063,0,0,unlabeled
6159,0.0004124767438042909,0,0,unlabeled
6160,0.012498471885919571,0,0,unlabeled
6161,0.0001505748659837991,0,0,unlabeled
6162,0.8987911343574524,1,0,train
6163,0.0034424117766320705,0,0,unlabeled
6164,0.00018740567611530423,0,0,train
6165,0.8676913976669312,1,0,unlabeled
6166,0.9505936503410339,1,0,train
6167,0.18869097530841827,0,0,train
6168,0.05474275350570679,0,0,unlabeled
6169,0.4143937826156616,0,0,unlabeled
6170,5.5371732742059976e-05,0,0,unlabeled
6171,0.004930179566144943,0,0,train
6172,3.9518377889180556e-05,0,0,unlabeled
6173,0.0002063195570372045,0,0,unlabeled
6174,0.030205197632312775,0,0,unlabeled
6175,0.0010699414415284991,0,0,train
6176,0.08278908580541611,0,0,unlabeled
6177,7.375996210612357e-05,0,0,unlabeled
6178,0.002828933298587799,0,0,unlabeled
6179,0.0031145212706178427,0,0,unlabeled
6180,0.032204821705818176,0,0,train
6181,0.5648630857467651,0,0,unlabeled
6182,0.00162298243958503,0,0,unlabeled
6183,0.195460706949234,0,0,unlabeled
6184,0.004733050242066383,0,0,unlabeled
6185,7.132944301702082e-05,0,0,unlabeled
6186,0.0395926870405674,0,0,unlabeled
6187,4.2683597712311894e-05,0,0,unlabeled
6188,0.9241696000099182,1,0,unlabeled
6189,0.004911062773317099,0,0,unlabeled
6190,0.005204926710575819,0,0,unlabeled
6191,0.022214114665985107,0,0,unlabeled
6192,2.254729224659968e-05,0,0,unlabeled
6193,3.4246299946971703e-06,0,0,unlabeled
6194,3.220590087948949e-06,0,0,unlabeled
6195,0.1252032071352005,0,0,unlabeled
6196,0.0025187681894749403,0,0,unlabeled
6197,0.5495638251304626,0,0,train
6198,0.3568730056285858,0,0,unlabeled
6199,0.6148597002029419,0,0,unlabeled
6200,0.06318723410367966,0,0,train
6201,0.01222116407006979,0,0,unlabeled
6202,5.844531187904067e-07,0,0,unlabeled
6203,0.19977205991744995,0,0,unlabeled
6204,0.9728216528892517,1,0,unlabeled
6205,7.307685882551596e-05,0,0,unlabeled
6206,0.573279857635498,0,0,unlabeled
6207,0.16705435514450073,0,0,unlabeled
6208,0.11077524721622467,0,0,unlabeled
6209,0.0005108404438942671,0,0,train
6210,0.014808081090450287,0,0,unlabeled
6211,0.2996271848678589,0,0,unlabeled
6212,3.1053184557094937e-06,0,0,unlabeled
6213,0.014233238063752651,0,0,unlabeled
6214,0.2295122891664505,0,0,unlabeled
6215,0.3924253284931183,0,0,unlabeled
6216,0.4369427263736725,0,0,unlabeled
6217,0.16093769669532776,0,0,unlabeled
6218,0.3022782504558563,0,0,unlabeled
6219,0.8293986320495605,0,0,val
6220,0.001114711631089449,0,0,unlabeled
6221,0.24930240213871002,0,0,unlabeled
6222,0.00042482506250962615,0,0,unlabeled
6223,3.302459663245827e-05,0,0,unlabeled
6224,0.00440863985568285,0,0,unlabeled
6225,5.313660585670732e-05,0,0,unlabeled
6226,0.006634047720581293,0,0,unlabeled
6227,0.036745719611644745,0,0,unlabeled
6228,0.003277289681136608,0,0,train
6229,1.8297968154001865e-06,0,0,unlabeled
6230,0.0013530375435948372,0,0,unlabeled
6231,0.09339047223329544,0,0,unlabeled
6232,0.01139675360172987,0,0,unlabeled
6233,0.017090164124965668,0,0,unlabeled
6234,0.41655129194259644,0,0,unlabeled
6235,0.14748015999794006,0,0,val
6236,2.957110700663179e-05,0,0,unlabeled
6237,0.004263717215508223,0,0,unlabeled
6238,0.3046360909938812,0,0,unlabeled
6239,0.9094725251197815,1,0,train
6240,2.0721659893752076e-05,0,0,unlabeled
6241,0.1094554141163826,0,0,unlabeled
6242,0.0020456695929169655,0,0,unlabeled
6243,3.302459663245827e-05,0,0,unlabeled
6244,0.01906481198966503,0,0,val
6245,0.0006984146893955767,0,0,train
6246,1.3950687389296945e-05,0,0,unlabeled
6247,0.011021727696061134,0,0,train
6248,0.016992930322885513,0,0,train
6249,0.00020478437363635749,0,0,unlabeled
6250,0.0006889743381179869,0,0,unlabeled
6251,6.3190686887537595e-06,0,0,unlabeled
6252,0.00011992438521701843,0,0,unlabeled
6253,0.01169629953801632,0,0,unlabeled
6254,0.627227246761322,0,0,unlabeled
6255,4.608452582033351e-05,0,0,unlabeled
6256,3.942418970837025e-06,0,0,unlabeled
6257,0.020666195079684258,0,0,unlabeled
6258,0.021385297179222107,0,0,unlabeled
6259,0.0031294820364564657,0,0,unlabeled
6260,0.00015508703654631972,0,0,train
6261,0.022093186154961586,0,0,unlabeled
6262,0.037011269479990005,0,0,unlabeled
6263,0.023664748296141624,0,0,unlabeled
6264,0.0006502498872578144,0,0,train
6265,0.008696276694536209,0,0,unlabeled
6266,0.9913657903671265,1,0,unlabeled
6267,0.00015272785094566643,0,0,unlabeled
6268,4.181149506621296e-06,0,0,unlabeled
6269,0.0001682175206951797,0,0,unlabeled
6270,0.5755391716957092,0,0,train
6271,0.6762319803237915,0,0,unlabeled
6272,0.00890052504837513,0,0,train
6273,0.00018786602595355362,0,0,val
6274,0.9543201923370361,1,0,unlabeled
6275,0.0011619614670053124,0,0,unlabeled
6276,0.024014301598072052,0,0,unlabeled
6277,0.00013877765741199255,0,0,unlabeled
6278,0.016811156645417213,0,0,unlabeled
6279,4.327712667873129e-05,0,0,train
6280,8.40776992845349e-05,0,0,unlabeled
6281,0.6619246006011963,0,0,unlabeled
6282,0.017531218007206917,0,0,unlabeled
6283,0.008383517153561115,0,0,unlabeled
6284,2.2517070430438935e-09,0,0,train
6285,0.358093798160553,0,0,unlabeled
6286,0.0016041502822190523,0,0,unlabeled
6287,0.0008024619892239571,0,0,unlabeled
6288,0.8505798578262329,0,0,unlabeled
6289,0.0007557648932561278,0,0,unlabeled
6290,0.0002328655100427568,0,0,unlabeled
6291,0.016330817714333534,0,0,unlabeled
6292,0.0008064051507972181,0,0,unlabeled
6293,0.0014483476988971233,0,0,unlabeled
6294,0.208684504032135,0,0,unlabeled
6295,0.001274079317227006,0,0,unlabeled
6296,0.08243494480848312,0,0,unlabeled
6297,0.005187827628105879,0,0,unlabeled
6298,0.9131996631622314,1,0,unlabeled
6299,0.09177283942699432,0,0,train
6300,0.029435081407427788,0,0,unlabeled
6301,0.9536842703819275,1,0,unlabeled
6302,0.2631624937057495,0,0,unlabeled
6303,0.0012810096377506852,0,0,train
6304,0.18839512765407562,0,0,unlabeled
6305,0.02566533349454403,0,0,unlabeled
6306,4.7237976104952395e-05,0,0,unlabeled
6307,0.055023666471242905,0,0,unlabeled
6308,0.007626812905073166,0,0,unlabeled
6309,0.8474368453025818,0,0,train
6310,1.957813083208748e-06,0,0,unlabeled
6311,0.000761633098591119,0,0,unlabeled
6312,0.3856322765350342,0,0,unlabeled
6313,0.00010223363642580807,0,0,unlabeled
6314,0.9345153570175171,1,0,train
6315,8.409133442910388e-05,0,0,unlabeled
6316,0.3962002992630005,0,0,unlabeled
6317,0.029884619638323784,0,0,unlabeled
6318,0.004263284150511026,0,0,unlabeled
6319,0.03483068570494652,0,0,unlabeled
6320,0.0006235974724404514,0,0,val
6321,0.0059439255855977535,0,0,val
6322,0.0013541552470996976,0,0,unlabeled
6323,6.217265422492346e-07,0,0,train
6324,4.178112794761546e-05,0,0,val
6325,0.7590347528457642,0,0,val
6326,1.7678412405075505e-05,0,0,unlabeled
6327,0.11392543464899063,0,0,unlabeled
6328,0.146067813038826,0,0,unlabeled
6329,0.9250060319900513,1,0,unlabeled
6330,0.2816449701786041,0,0,unlabeled
6331,3.4013788535958156e-05,0,0,train
6332,0.8540417551994324,0,0,unlabeled
6333,0.001762500498443842,0,0,train
6334,0.001680784160271287,0,0,unlabeled
6335,0.001166114117950201,0,0,unlabeled
6336,1.322604020970175e-05,0,0,unlabeled
6337,0.9035911560058594,1,0,unlabeled
6338,0.1622493714094162,0,0,val
6339,0.0025551721919327974,0,0,unlabeled
6340,0.0016618178924545646,0,0,train
6341,0.0010750505607575178,0,0,unlabeled
6342,0.164723739027977,0,0,unlabeled
6343,0.12257794290781021,0,0,unlabeled
6344,0.2577309310436249,0,0,unlabeled
6345,0.0002763441007118672,0,0,unlabeled
6346,0.004431785084307194,0,0,unlabeled
6347,0.00020512871560640633,0,0,unlabeled
6348,1.7053216652129777e-05,0,0,unlabeled
6349,0.5019609332084656,0,0,unlabeled
6350,0.0017658990109339356,0,0,unlabeled
6351,0.15883207321166992,0,0,unlabeled
6352,0.0001220517442561686,0,0,unlabeled
6353,1.6646641597617418e-05,0,0,unlabeled
6354,2.0512559785856865e-05,0,0,unlabeled
6355,0.0037898945156484842,0,0,unlabeled
6356,0.0015645199455320835,0,0,train
6357,0.0034272887278348207,0,0,unlabeled
6358,0.03449860215187073,0,0,unlabeled
6359,0.09267499297857285,0,0,unlabeled
6360,0.0032647994812577963,0,0,unlabeled
6361,0.36094361543655396,0,0,unlabeled
6362,0.8925578594207764,1,0,unlabeled
6363,0.004115974064916372,0,0,train
6364,0.21917739510536194,0,0,train
6365,0.05779271572828293,0,0,train
6366,0.8490954637527466,0,0,unlabeled
6367,0.03483787551522255,0,0,unlabeled
6368,0.00017345166997984052,0,0,unlabeled
6369,0.25086280703544617,0,0,unlabeled
6370,0.05256028100848198,0,0,val
6371,1.018616785586346e-05,0,0,unlabeled
