Original_Index,Anomaly_Score,Detection_Result,True_Label,Split
0,0.004774182103574276,0,0,unlabeled
1,0.005964514333754778,0,0,unlabeled
2,0.01847868598997593,0,0,unlabeled
3,0.016679557040333748,0,0,unlabeled
4,0.0080391401425004,0,0,unlabeled
5,0.004128916189074516,0,0,unlabeled
6,0.03650912642478943,0,0,unlabeled
7,0.009816697798669338,0,0,unlabeled
8,0.0014804932288825512,0,0,unlabeled
9,0.016973840072751045,0,0,unlabeled
10,0.026125937700271606,0,0,unlabeled
11,0.0401366725564003,1,0,unlabeled
12,0.009063654579222202,0,0,unlabeled
13,0.022314012050628662,0,0,unlabeled
14,0.009692233987152576,0,0,unlabeled
15,0.013094285503029823,0,0,val
16,0.0022758750710636377,0,0,unlabeled
17,0.011724123731255531,0,0,unlabeled
18,0.05531253665685654,1,0,unlabeled
19,0.014343486167490482,0,0,unlabeled
20,0.0339476503431797,0,0,unlabeled
21,0.016794651746749878,0,0,unlabeled
22,0.0001419100590283051,0,0,unlabeled
23,4.325344707467593e-05,0,0,val
24,0.00015423096192535013,0,0,unlabeled
25,0.0003398837288841605,0,0,unlabeled
26,0.0003240241203457117,0,0,unlabeled
27,0.00031903840135782957,0,0,unlabeled
28,0.00011063639249186963,0,0,unlabeled
29,4.0233342588180676e-05,0,0,train
30,0.00014758986071683466,0,0,train
31,0.000309952039970085,0,0,unlabeled
32,0.007874318398535252,0,0,train
33,0.0011249814415350556,0,0,unlabeled
34,0.024877158924937248,0,0,unlabeled
35,0.036932144314050674,0,0,unlabeled
36,0.1335424929857254,1,0,unlabeled
37,0.0595775842666626,1,0,unlabeled
38,0.0022164222318679094,0,0,unlabeled
39,0.11337532848119736,1,0,unlabeled
40,0.0014804932288825512,0,0,unlabeled
41,0.010235846042633057,0,0,unlabeled
42,0.0022758750710636377,0,0,unlabeled
43,0.0048652999103069305,0,0,train
44,0.06515692174434662,1,0,train
45,0.16353122889995575,1,0,unlabeled
46,0.9030775427818298,1,0,unlabeled
47,0.958820104598999,1,0,unlabeled
48,0.5285008549690247,1,0,unlabeled
49,0.11202050745487213,1,0,train
50,4.325344707467593e-05,0,0,unlabeled
51,0.41702815890312195,1,0,train
52,0.00011063639249186963,0,0,unlabeled
53,4.0233342588180676e-05,0,0,unlabeled
54,0.00018025918689090759,0,0,unlabeled
55,0.955529510974884,1,0,unlabeled
56,0.016539597883820534,0,0,train
57,0.9738506078720093,1,0,unlabeled
58,0.007013332564383745,0,0,unlabeled
59,0.0006868652417324483,0,0,train
60,0.008981672115623951,0,0,unlabeled
61,0.030631383880972862,0,0,unlabeled
62,0.0036070889327675104,0,0,unlabeled
63,0.010707978159189224,0,0,unlabeled
64,0.0014710263349115849,0,0,unlabeled
65,0.014108551666140556,0,0,val
66,0.0010146183194592595,0,0,unlabeled
67,0.022176848724484444,0,0,val
68,0.0034233920741826296,0,0,unlabeled
69,0.8810135722160339,1,0,val
70,0.001809427049010992,0,0,train
71,0.0005209289956837893,0,0,unlabeled
72,0.0007148140575736761,0,0,unlabeled
73,0.0016232876805588603,0,0,train
74,0.010405480861663818,0,0,unlabeled
75,0.0024964441545307636,0,0,unlabeled
76,0.002617883961647749,0,0,train
77,0.0007753914105705917,0,0,unlabeled
78,0.005173794459551573,0,0,train
79,0.0516476146876812,1,0,unlabeled
80,0.965402364730835,1,0,unlabeled
81,0.2201833724975586,1,0,unlabeled
82,0.996723473072052,1,0,unlabeled
83,0.00017456246132496744,0,0,unlabeled
84,2.0715000573545694e-05,0,0,unlabeled
85,0.00024199830659199506,0,0,unlabeled
86,0.00036302863736636937,0,0,unlabeled
87,8.561950380681083e-05,0,0,unlabeled
88,0.00013246470189187676,0,0,unlabeled
89,1.6317122572218068e-05,0,0,unlabeled
90,4.713178350357339e-05,0,0,unlabeled
91,0.0002493206993676722,0,0,unlabeled
92,0.0004030655836686492,0,0,unlabeled
93,0.013626955449581146,0,0,unlabeled
94,0.0004465879173949361,0,0,unlabeled
95,0.0440925695002079,1,0,unlabeled
96,0.01196444034576416,0,0,unlabeled
97,0.031990136951208115,0,0,unlabeled
98,0.0218101404607296,0,0,unlabeled
99,0.02080412209033966,0,0,train
100,0.01826903223991394,0,0,train
101,0.019861355423927307,0,0,train
102,0.04021365940570831,1,0,unlabeled
103,0.016282983124256134,0,0,unlabeled
104,0.018751246854662895,0,0,unlabeled
105,0.0007073429878801107,0,0,unlabeled
106,0.004212184343487024,0,0,unlabeled
107,0.0007568853325210512,0,0,val
108,0.00039988080970942974,0,0,unlabeled
109,0.045410774648189545,1,0,train
110,0.040066372603178024,1,0,unlabeled
111,0.007377832196652889,0,0,unlabeled
112,0.014866847544908524,0,0,unlabeled
113,0.014371983706951141,0,0,unlabeled
114,0.00032652696245349944,0,0,unlabeled
115,0.00030514609534293413,0,0,train
116,5.219524246058427e-05,0,0,unlabeled
117,0.0001180531908175908,0,0,unlabeled
118,3.990556433564052e-05,0,0,unlabeled
119,0.0015472988598048687,0,0,unlabeled
120,0.00013833268894813955,0,0,unlabeled
121,8.888025331543759e-05,0,0,unlabeled
122,0.000564719142857939,0,0,unlabeled
123,7.394221756840125e-05,0,0,train
124,0.27662193775177,1,0,train
125,0.0011382787488400936,0,0,unlabeled
126,0.0015473783714696765,0,0,unlabeled
127,0.0004813387931790203,0,0,unlabeled
128,7.072473817970604e-05,0,0,train
129,0.0003169770643580705,0,0,unlabeled
130,0.00030416203662753105,0,0,unlabeled
131,0.00036007698508910835,0,0,unlabeled
132,0.8238774538040161,1,0,unlabeled
133,0.0025924325454980135,0,0,unlabeled
134,0.00013699244300369173,0,0,unlabeled
135,3.68966611858923e-05,0,0,val
136,0.0002959359553642571,0,0,unlabeled
137,5.015385977458209e-05,0,0,unlabeled
138,0.00044830620754510164,0,0,unlabeled
139,0.0005705244839191437,0,0,unlabeled
140,0.00011101313430117443,0,0,unlabeled
141,0.0005637191352434456,0,0,train
142,0.00048672768753021955,0,0,unlabeled
143,8.87888454599306e-05,0,0,unlabeled
144,0.0015906390035524964,0,0,unlabeled
145,0.0012578818714246154,0,0,unlabeled
146,8.02232971182093e-05,0,0,unlabeled
147,0.00022962447837926447,0,0,unlabeled
148,0.0009854095987975597,0,0,unlabeled
149,0.0009072042303159833,0,0,unlabeled
150,0.0017553052166476846,0,0,unlabeled
151,0.002892626915127039,0,0,unlabeled
152,0.0005796437617391348,0,0,unlabeled
153,0.018885662779211998,0,0,unlabeled
154,0.0038814940489828587,0,0,unlabeled
155,0.02544843778014183,0,0,unlabeled
156,0.004748376086354256,0,0,unlabeled
157,0.005619964096695185,0,0,unlabeled
158,0.028280913829803467,0,0,unlabeled
159,0.0694991946220398,1,0,unlabeled
160,0.09879589825868607,1,0,unlabeled
161,0.021639084443449974,0,0,unlabeled
162,8.746736966713797e-06,0,0,train
163,2.5945721517928177e-06,0,0,train
164,2.439948912069667e-05,0,0,unlabeled
165,9.00598843145417e-06,0,0,unlabeled
166,2.8948214094270952e-05,0,0,unlabeled
167,1.7804222807171755e-05,0,0,unlabeled
168,5.718227384932106e-06,0,0,train
169,4.802916737389751e-05,0,0,unlabeled
170,8.43387624627212e-06,0,0,train
171,3.0255430829129182e-05,0,0,unlabeled
172,3.646800178103149e-05,0,0,unlabeled
173,7.732279482297599e-05,0,0,val
174,2.3994340153876692e-05,0,0,unlabeled
175,0.0004038675397168845,0,0,val
176,0.0005215199780650437,0,0,unlabeled
177,0.0001005526864901185,0,0,unlabeled
178,0.001250696019269526,0,0,unlabeled
179,0.00015114955021999776,0,0,unlabeled
180,6.080254752305336e-05,0,0,unlabeled
181,0.00013699244300369173,0,0,unlabeled
182,0.00044830620754510164,0,0,unlabeled
183,0.0014882625546306372,0,0,unlabeled
184,0.0014673055848106742,0,0,train
185,0.00022962447837926447,0,0,train
186,0.0004723881429526955,0,0,unlabeled
187,0.0004589945019688457,0,0,unlabeled
188,0.002892626915127039,0,0,train
189,0.018885662779211998,0,0,unlabeled
190,0.021639084443449974,0,0,unlabeled
191,0.0013218894600868225,0,0,unlabeled
192,8.746736966713797e-06,0,0,unlabeled
193,0.002264823066070676,0,0,unlabeled
194,2.8948214094270952e-05,0,0,unlabeled
195,0.016045017167925835,0,0,unlabeled
196,0.007660823408514261,0,0,unlabeled
197,8.43387624627212e-06,0,0,unlabeled
198,2.3310240067075938e-05,0,0,train
199,0.01519080437719822,0,0,train
200,1.2247564882272854e-05,0,0,unlabeled
201,0.0004038675397168845,0,0,unlabeled
202,0.000447045371402055,0,0,unlabeled
203,6.732450856361538e-05,0,0,train
204,0.00017139919509645551,0,0,unlabeled
205,5.9432444686535746e-05,0,0,unlabeled
206,0.003361566923558712,0,0,unlabeled
207,0.0006982939084991813,0,0,unlabeled
208,9.290624439017847e-05,0,0,unlabeled
209,0.0008139616693370044,0,0,unlabeled
210,9.413682710146531e-05,0,0,train
211,0.2601054608821869,1,0,unlabeled
212,0.0010407541412860155,0,0,train
213,0.00011875705240527168,0,0,unlabeled
214,0.0005960344569757581,0,0,unlabeled
215,0.0005302820354700089,0,0,unlabeled
216,0.0006596799939870834,0,0,unlabeled
217,0.0005302039789967239,0,0,unlabeled
218,0.7243040800094604,1,0,unlabeled
219,6.978839519433677e-05,0,0,unlabeled
220,0.00017509274766780436,0,0,train
221,9.065194171853364e-05,0,0,unlabeled
222,0.00027705534012056887,0,0,unlabeled
223,0.00017386859690304846,0,0,unlabeled
224,0.00011587083281483501,0,0,unlabeled
225,0.0001876078749774024,0,0,unlabeled
226,0.002008639043197036,0,0,val
227,0.043415945023298264,1,0,unlabeled
228,0.012530474923551083,0,0,unlabeled
229,0.7471641898155212,1,0,unlabeled
230,0.009605037979781628,0,0,unlabeled
231,0.025618473067879677,0,0,train
232,0.02769780345261097,0,0,unlabeled
233,0.9819148778915405,1,0,unlabeled
234,3.890409971063491e-06,0,0,unlabeled
235,2.324488559679594e-05,0,0,unlabeled
236,6.8571871452149935e-06,0,0,unlabeled
237,5.875777787878178e-05,0,0,val
238,3.771107003558427e-06,0,0,unlabeled
239,8.327601790369954e-06,0,0,train
240,1.563582191010937e-05,0,0,train
241,4.428154170454945e-06,0,0,unlabeled
242,0.0001864352379925549,0,0,unlabeled
243,0.0011264982167631388,0,0,unlabeled
244,0.00023894209880381823,0,0,train
245,0.0010255611268803477,0,0,unlabeled
246,0.00010470070265000686,0,0,unlabeled
247,0.0001508513669250533,0,0,val
248,0.0011954369256272912,0,0,unlabeled
249,0.00015827360039111227,0,0,unlabeled
250,0.0005471633630804718,0,0,unlabeled
251,0.0007171356119215488,0,0,train
252,0.0002495730295777321,0,0,unlabeled
253,0.0006975293508730829,0,0,unlabeled
254,0.0004995007766410708,0,0,unlabeled
255,0.006305529735982418,0,0,unlabeled
256,0.035378847271203995,0,0,unlabeled
257,2.0788718757103197e-05,0,0,unlabeled
258,3.540078614605591e-05,0,0,unlabeled
259,0.0007643218268640339,0,0,train
260,0.0011317622847855091,0,0,unlabeled
261,0.00021755832131020725,0,0,train
262,0.0002917706442531198,0,0,unlabeled
263,0.002016977174207568,0,0,unlabeled
264,0.0026297022122889757,0,0,unlabeled
265,0.0029204266611486673,0,0,unlabeled
266,0.005765850190073252,0,0,unlabeled
267,0.01099888700991869,0,0,unlabeled
268,0.013626782223582268,0,0,unlabeled
269,0.002815432148054242,0,0,unlabeled
270,0.004394205287098885,0,0,train
271,0.001860602293163538,0,0,train
272,0.003315328387543559,0,0,unlabeled
273,0.015441549941897392,0,0,unlabeled
274,0.021653352305293083,0,0,val
275,0.00621824199333787,0,0,train
276,0.005170091986656189,0,0,unlabeled
277,0.0007301059667952359,0,0,unlabeled
278,0.005020804703235626,0,0,unlabeled
279,0.009372309781610966,0,0,unlabeled
280,0.0014844057150185108,0,0,unlabeled
281,0.5465717911720276,1,0,unlabeled
282,0.14409402012825012,1,0,unlabeled
283,0.012606916017830372,0,0,unlabeled
284,0.012939497828483582,0,0,unlabeled
285,0.005373791791498661,0,0,unlabeled
286,0.0010538598289713264,0,0,unlabeled
287,0.004870335105806589,0,0,unlabeled
288,0.0007219507242552936,0,0,unlabeled
289,0.005327705759555101,0,0,val
290,0.0009840220445767045,0,0,unlabeled
291,0.8889022469520569,1,0,unlabeled
292,0.01720423623919487,0,0,unlabeled
293,0.01308044046163559,0,0,unlabeled
294,0.008401397615671158,0,0,unlabeled
295,0.0064862254075706005,0,0,unlabeled
296,0.013494276441633701,0,0,unlabeled
297,0.0073828063905239105,0,0,train
298,0.012857421301305294,0,0,val
299,0.00036591463140212,0,0,unlabeled
300,5.766292451880872e-05,0,0,train
301,0.0001111787132686004,0,0,unlabeled
302,0.0002977176627609879,0,0,unlabeled
303,4.155170245212503e-05,0,0,train
304,0.002130019711330533,0,0,unlabeled
305,0.00016673955542501062,0,0,unlabeled
306,0.0005451322067528963,0,0,unlabeled
307,9.09825976123102e-05,0,0,unlabeled
308,0.7587420344352722,1,0,unlabeled
309,0.001695089740678668,0,0,unlabeled
310,0.0002082276769215241,0,0,unlabeled
311,0.0016090814024209976,0,0,unlabeled
312,0.011357435025274754,0,0,unlabeled
313,0.002104982966557145,0,0,unlabeled
314,0.0002595850673969835,0,0,unlabeled
315,0.002017856575548649,0,0,unlabeled
316,0.00021341514366213232,0,0,train
317,0.0005183605244383216,0,0,unlabeled
318,4.0885377529775724e-05,0,0,unlabeled
319,0.0003243699611630291,0,0,unlabeled
320,0.0005346981924958527,0,0,unlabeled
321,0.0030597085133194923,0,0,unlabeled
322,0.001704714260995388,0,0,unlabeled
323,0.0005312232533469796,0,0,unlabeled
324,9.494839468970895e-05,0,0,train
325,6.194697198225185e-05,0,0,unlabeled
326,0.004870816133916378,0,0,unlabeled
327,0.0008244082564488053,0,0,unlabeled
328,0.00010186754661845043,0,0,unlabeled
329,0.5043615102767944,1,0,unlabeled
330,0.0028647263534367085,0,0,unlabeled
331,0.0028221590910106897,0,0,val
332,0.0008932566270232201,0,0,train
333,0.00012754154158756137,0,0,unlabeled
334,8.629111835034564e-05,0,0,unlabeled
335,0.0007226961897686124,0,0,unlabeled
336,0.8934966921806335,1,0,unlabeled
337,0.9371327757835388,1,0,unlabeled
338,0.0005071246414445341,0,0,unlabeled
339,0.0017481510294601321,0,0,train
340,0.00025436803116463125,0,0,unlabeled
341,0.0012078160652890801,0,0,unlabeled
342,0.0013420964824035764,0,0,train
343,0.000255136052146554,0,0,unlabeled
344,0.0031418174039572477,0,0,train
345,0.0029943629633635283,0,0,unlabeled
346,0.007905201055109501,0,0,unlabeled
347,0.00742840813472867,0,0,unlabeled
348,0.013299255631864071,0,0,unlabeled
349,0.005086748395115137,0,0,unlabeled
350,0.004872276913374662,0,0,train
351,0.0020011228043586016,0,0,train
352,0.004807014483958483,0,0,train
353,0.015671420842409134,0,0,train
354,0.02306962199509144,0,0,unlabeled
355,0.00997834000736475,0,0,unlabeled
356,0.0034185247495770454,0,0,unlabeled
357,0.0038497180212289095,0,0,unlabeled
358,0.02389250509440899,0,0,unlabeled
359,0.007539869286119938,0,0,unlabeled
360,0.010403094813227654,0,0,unlabeled
361,0.01415419764816761,0,0,train
362,0.0161576010286808,0,0,unlabeled
363,0.06754565238952637,1,0,unlabeled
364,0.004762017633765936,0,0,unlabeled
365,0.0021228822879493237,0,0,unlabeled
366,0.0040946174412965775,0,0,train
367,0.024559468030929565,0,0,val
368,0.030043939128518105,0,0,unlabeled
369,0.009353199042379856,0,0,unlabeled
370,0.0034185247495770454,0,0,unlabeled
371,0.004762017633765936,0,0,train
372,0.0021228822879493237,0,0,unlabeled
373,0.0040946174412965775,0,0,unlabeled
374,0.21447715163230896,1,0,train
375,0.6755525469779968,1,0,unlabeled
376,0.07421744614839554,1,0,unlabeled
377,0.3126475512981415,1,0,unlabeled
378,0.7942577600479126,1,0,unlabeled
379,0.01629490964114666,0,0,unlabeled
380,0.010223818942904472,0,0,unlabeled
381,0.010701560415327549,0,0,val
382,0.013669135048985481,0,0,train
383,0.02412761002779007,0,0,train
384,0.007610687054693699,0,0,unlabeled
385,0.008486711420118809,0,0,unlabeled
386,0.004889134783297777,0,0,unlabeled
387,0.008127494715154171,0,0,unlabeled
388,0.0003432250814512372,0,0,unlabeled
389,4.517894922173582e-05,0,0,unlabeled
390,0.00010292216757079586,0,0,unlabeled
391,0.00028169251163490117,0,0,unlabeled
392,3.114931678283028e-05,0,0,unlabeled
393,0.002742034150287509,0,0,unlabeled
394,0.00010838628077181056,0,0,val
395,0.0005651224055327475,0,0,unlabeled
396,0.000596908270381391,0,0,unlabeled
397,0.42355507612228394,1,0,unlabeled
398,0.7008792161941528,1,0,unlabeled
399,0.0010238541290163994,0,0,unlabeled
400,0.0011626009363681078,0,0,unlabeled
401,0.007140881847590208,0,0,unlabeled
402,0.0015325434505939484,0,0,unlabeled
403,0.0014210991794243455,0,0,unlabeled
404,0.0005193857941776514,0,0,unlabeled
405,5.368055644794367e-05,0,0,train
406,0.00022482391796074808,0,0,unlabeled
407,0.0002934192889370024,0,0,unlabeled
408,0.0005367555422708392,0,0,train
409,0.00020569415937643498,0,0,unlabeled
410,0.8924316763877869,1,0,unlabeled
411,0.002094899769872427,0,0,train
412,0.0016263508005067706,0,0,unlabeled
413,0.00021655664022546262,0,0,train
414,0.0009761987021192908,0,0,unlabeled
415,8.543745207134634e-05,0,0,train
416,0.00017090293113142252,0,0,train
417,0.0003252593451179564,0,0,unlabeled
418,0.0003027265483979136,0,0,unlabeled
419,0.0007542356615886092,0,0,unlabeled
420,0.002728802850469947,0,0,train
421,0.0006591159617528319,0,0,unlabeled
422,0.0008737692260183394,0,0,train
423,0.0008747526444494724,0,0,unlabeled
424,0.00032519607339054346,0,0,unlabeled
425,0.00035501341335475445,0,0,train
426,0.0002947420871350914,0,0,train
427,0.0014904048293828964,0,0,train
428,0.0009709732257761061,0,0,unlabeled
429,0.0009526178473606706,0,0,train
430,0.006243987008929253,0,0,unlabeled
431,0.006779209244996309,0,0,unlabeled
432,0.007125634700059891,0,0,train
433,0.03816577419638634,0,0,unlabeled
434,0.018494073301553726,0,0,unlabeled
435,0.04638488218188286,1,0,unlabeled
436,0.023092517629265785,0,0,unlabeled
437,0.029842732474207878,0,0,unlabeled
438,0.006201962474733591,0,0,val
439,0.006527936551719904,0,0,train
440,0.014146938920021057,0,0,unlabeled
441,0.020247530192136765,0,0,unlabeled
442,0.00021655664022546262,0,0,unlabeled
443,0.0003252593451179564,0,0,unlabeled
444,0.00032519607339054346,0,0,unlabeled
445,0.00035501341335475445,0,0,unlabeled
446,0.0002947420871350914,0,0,unlabeled
447,0.006243987008929253,0,0,unlabeled
448,0.006779209244996309,0,0,unlabeled
449,0.04638488218188286,1,0,unlabeled
450,0.006201962474733591,0,0,unlabeled
451,0.014146938920021057,0,0,train
452,0.005703672766685486,0,0,unlabeled
453,6.164560181787238e-05,0,0,val
454,0.0004249642079230398,0,0,unlabeled
455,0.8908329606056213,1,0,unlabeled
456,0.00034146831603720784,0,0,unlabeled
457,0.0011451293248683214,0,0,unlabeled
458,0.0015399556141346693,0,0,unlabeled
459,0.0001454209559597075,0,0,unlabeled
460,0.0008268754463642836,0,0,unlabeled
461,0.0010475526796653867,0,0,unlabeled
462,0.0014302118215709925,0,0,train
463,0.0007638217066414654,0,0,unlabeled
464,0.0003800160193350166,0,0,val
465,0.0006096226861700416,0,0,unlabeled
466,0.01328739058226347,0,0,unlabeled
467,0.041658516973257065,1,0,unlabeled
468,0.02997487038373947,0,0,unlabeled
469,0.3182402551174164,1,0,unlabeled
470,0.09512147307395935,1,0,unlabeled
471,0.007638688664883375,0,0,unlabeled
472,0.1320737898349762,1,0,unlabeled
473,0.17510966956615448,1,0,unlabeled
474,0.0004936880432069302,0,0,unlabeled
475,0.0025932379066944122,0,0,unlabeled
476,0.002035869751125574,0,0,unlabeled
477,0.0041448380798101425,0,0,unlabeled
478,0.00795644149184227,0,0,train
479,0.007443907670676708,0,0,train
480,0.002551889279857278,0,0,unlabeled
481,0.002579743042588234,0,0,unlabeled
482,0.0010863753268495202,0,0,train
483,0.002356805605813861,0,0,train
484,0.011304887011647224,0,0,unlabeled
485,0.013261658139526844,0,0,val
486,0.004629647824913263,0,0,train
487,0.0003187504771631211,0,0,unlabeled
488,0.0006657444755546749,0,0,unlabeled
489,0.0001713629171717912,0,0,unlabeled
490,0.014857295900583267,0,0,unlabeled
491,0.006564339157193899,0,0,unlabeled
492,0.0005384260439313948,0,0,unlabeled
493,6.495496927527711e-05,0,0,unlabeled
494,0.00022847815125714988,0,0,unlabeled
495,0.00040957354940474033,0,0,val
496,3.503848711261526e-05,0,0,unlabeled
497,0.004070222843438387,0,0,unlabeled
498,0.00018792317132465541,0,0,unlabeled
499,0.0008687410154379904,0,0,unlabeled
500,0.8554127216339111,1,0,unlabeled
501,0.0021819097455590963,0,0,unlabeled
502,0.001700755674391985,0,0,unlabeled
503,0.003139086998999119,0,0,unlabeled
504,0.0029243838507682085,0,0,unlabeled
505,0.0005751741700805724,0,0,unlabeled
506,6.085272616473958e-05,0,0,train
507,0.00024489665520377457,0,0,unlabeled
508,0.000411786837503314,0,0,unlabeled
509,0.0006796035449951887,0,0,unlabeled
510,0.003451156197115779,0,0,unlabeled
511,0.0019335028482601047,0,0,unlabeled
512,6.189619307406247e-05,0,0,unlabeled
513,0.9420681595802307,1,0,val
514,0.0029778059106320143,0,0,train
515,0.0002616596466396004,0,0,unlabeled
516,0.0018689449643716216,0,0,unlabeled
517,0.044500213116407394,1,0,unlabeled
518,0.3875635266304016,1,0,unlabeled
519,0.12266247719526291,1,0,unlabeled
520,0.001874445122666657,0,0,unlabeled
521,0.007518540136516094,0,0,unlabeled
522,0.0001896367612062022,0,0,unlabeled
523,0.0025613566394895315,0,0,unlabeled
524,0.004291905090212822,0,0,unlabeled
525,0.0005585661856457591,0,0,unlabeled
526,0.0007410378311760724,0,0,train
527,9.948515798896551e-05,0,0,unlabeled
528,0.006587421987205744,0,0,unlabeled
529,2.164583384001162e-05,0,0,val
530,0.0002483181597199291,0,0,train
531,0.0007578307995572686,0,0,unlabeled
532,0.00014240280142985284,0,0,train
533,0.0005104289157316089,0,0,unlabeled
534,8.026683644857258e-05,0,0,train
535,8.079648978309706e-05,0,0,unlabeled
536,0.0017852213932201266,0,0,unlabeled
537,0.00606701523065567,0,0,unlabeled
538,0.0017202775925397873,0,0,unlabeled
539,0.0008009353186935186,0,0,unlabeled
540,0.005834653507918119,0,0,unlabeled
541,0.004205277655273676,0,0,unlabeled
542,0.010731578804552555,0,0,unlabeled
543,0.00042463192949071527,0,0,train
544,0.0012832456268370152,0,0,unlabeled
545,0.0003879479190800339,0,0,unlabeled
546,0.0007685950258746743,0,0,unlabeled
547,0.0019518629414960742,0,0,unlabeled
548,0.006570097524672747,0,0,train
549,0.001779706566594541,0,0,unlabeled
550,0.00030860185506753623,0,0,unlabeled
551,0.0007517313351854682,0,0,unlabeled
552,0.00035509042209014297,0,0,train
553,0.0023335712030529976,0,0,unlabeled
554,0.007412038743495941,0,0,unlabeled
555,0.0015309660229831934,0,0,train
556,0.0005429834709502757,0,0,unlabeled
557,0.0016674449434503913,0,0,unlabeled
558,0.00046106454101391137,0,0,unlabeled
559,0.004869448021054268,0,0,unlabeled
560,0.01736040599644184,0,0,unlabeled
561,0.010657330974936485,0,0,val
562,0.007877657189965248,0,0,unlabeled
563,0.005599066149443388,0,0,unlabeled
564,0.0009215991594828665,0,0,unlabeled
565,9.815732482820749e-05,0,0,unlabeled
566,0.005610624793916941,0,0,val
567,0.4101048707962036,1,0,train
568,0.011947852559387684,0,0,unlabeled
569,0.0017061398830264807,0,0,unlabeled
570,0.0016977093182504177,0,0,unlabeled
571,0.8616741299629211,1,0,unlabeled
572,0.02215518057346344,0,0,unlabeled
573,0.011362892575562,0,0,unlabeled
574,0.00037112546851858497,0,0,unlabeled
575,6.568236858583987e-05,0,0,train
576,0.00010039843618869781,0,0,val
577,0.0008267920347861946,0,0,unlabeled
578,0.00011099863331764936,0,0,unlabeled
579,0.0008887965232133865,0,0,unlabeled
580,9.051658707903698e-05,0,0,unlabeled
581,0.22380788624286652,1,0,unlabeled
582,0.5316945314407349,1,0,unlabeled
583,0.0009491271339356899,0,0,train
584,0.00016762940504122525,0,0,unlabeled
585,5.171815791982226e-05,0,0,unlabeled
586,0.0005993358790874481,0,0,unlabeled
587,0.0004442858917172998,0,0,unlabeled
588,0.00019894966681022197,0,0,unlabeled
589,0.0001377391890855506,0,0,train
590,0.7393577098846436,1,0,unlabeled
591,0.00019569483993109316,0,0,train
592,0.001807943917810917,0,0,unlabeled
593,0.00024716358166188,0,0,unlabeled
594,0.0002940308768302202,0,0,unlabeled
595,0.0017816509352996945,0,0,unlabeled
596,0.0022877196315675974,0,0,unlabeled
597,0.007378545124083757,0,0,unlabeled
598,0.0038635381497442722,0,0,train
599,0.013633763417601585,0,0,val
600,0.002502696355804801,0,0,unlabeled
601,0.0038517997600138187,0,0,unlabeled
602,0.0018446811009198427,0,0,train
603,0.002357657765969634,0,0,unlabeled
604,0.02470705285668373,0,0,unlabeled
605,0.0024412875063717365,0,0,unlabeled
606,0.0005931126070208848,0,0,unlabeled
607,0.0025366998743265867,0,0,train
608,0.0014111995697021484,0,0,unlabeled
609,0.29581600427627563,1,0,unlabeled
610,0.0031323127914220095,0,0,train
611,0.0007038821931928396,0,0,unlabeled
612,0.7892360091209412,1,0,unlabeled
613,0.00966576486825943,0,0,unlabeled
614,0.005065863952040672,0,0,unlabeled
615,0.00038080045487731695,0,0,unlabeled
616,5.394236359279603e-05,0,0,unlabeled
617,0.00010662979912012815,0,0,unlabeled
618,0.001426221919246018,0,0,unlabeled
619,0.00011019039811799303,0,0,train
620,0.0004972201422788203,0,0,unlabeled
621,7.309671491384506e-05,0,0,unlabeled
622,0.7030338644981384,1,0,unlabeled
623,0.003040966344997287,0,0,unlabeled
624,0.00034274227800779045,0,0,unlabeled
625,0.00040144563536159694,0,0,unlabeled
626,0.00066998484544456,0,0,unlabeled
627,0.00022375893604476005,0,0,unlabeled
628,0.00035142136039212346,0,0,train
629,0.0005429935408756137,0,0,val
630,0.006132082547992468,0,0,unlabeled
631,0.0004601413675118238,0,0,train
632,9.283539111493155e-05,0,0,unlabeled
633,0.00198543444275856,0,0,unlabeled
634,0.23989099264144897,1,0,train
635,0.6339541673660278,1,0,unlabeled
636,0.46733182668685913,1,0,unlabeled
637,0.0007397414301522076,0,0,val
638,0.00013730474165640771,0,0,unlabeled
639,8.017710206331685e-05,0,0,unlabeled
640,0.8239259719848633,1,0,unlabeled
641,0.8877977132797241,1,0,unlabeled
642,0.0016063580987975001,0,0,unlabeled
643,0.00345390266738832,0,0,val
644,0.004650894086807966,0,0,unlabeled
645,0.02120768465101719,0,0,unlabeled
646,0.010295635089278221,0,0,unlabeled
647,0.007602173835039139,0,0,unlabeled
648,0.004345308523625135,0,0,unlabeled
649,0.00045262815547175705,0,0,unlabeled
650,7.223388092825189e-05,0,0,train
651,0.0008201990276575089,0,0,train
652,0.021719833835959435,0,0,unlabeled
653,0.0004945933469571173,0,0,unlabeled
654,7.375616405624896e-05,0,0,val
655,3.539987301337533e-05,0,0,unlabeled
656,0.00012812786735594273,0,0,unlabeled
657,0.0007085968973115087,0,0,unlabeled
658,0.0007596955401822925,0,0,unlabeled
659,0.0010020039044320583,0,0,unlabeled
660,0.0003000088036060333,0,0,unlabeled
661,0.0007811959949322045,0,0,unlabeled
662,0.0008612087112851441,0,0,unlabeled
663,0.00012499283184297383,0,0,unlabeled
664,0.0015374383656308055,0,0,unlabeled
665,0.002746946644037962,0,0,unlabeled
666,0.0017577266553416848,0,0,unlabeled
667,0.0016142481472343206,0,0,unlabeled
668,0.001361694885417819,0,0,train
669,0.0029465591069310904,0,0,train
670,0.01324018556624651,0,0,train
671,0.014114954508841038,0,0,unlabeled
672,0.0023473394103348255,0,0,unlabeled
673,0.0023019001819193363,0,0,unlabeled
674,0.0015260246582329273,0,0,train
675,0.001556043280288577,0,0,unlabeled
676,0.02206450141966343,0,0,unlabeled
677,0.0005250012618489563,0,0,train
678,0.0001364107010886073,0,0,train
679,0.0019556605257093906,0,0,unlabeled
680,0.0007047883700579405,0,0,unlabeled
681,0.0038405200466513634,0,0,unlabeled
682,0.0008260974427685142,0,0,train
683,0.0006276122876442969,0,0,unlabeled
684,0.008130847476422787,0,0,unlabeled
685,0.002098014112561941,0,0,unlabeled
686,0.5644441246986389,1,0,unlabeled
687,0.000837068073451519,0,0,unlabeled
688,0.0002996391849592328,0,0,unlabeled
689,0.4361751079559326,1,0,unlabeled
690,0.0001044395612552762,0,0,unlabeled
691,0.001105438219383359,0,0,unlabeled
692,0.005996722262352705,0,0,train
693,0.0008626846829429269,0,0,train
694,0.0016918571200221777,0,0,unlabeled
695,0.531271755695343,1,0,unlabeled
696,0.00030338819487951696,0,0,unlabeled
697,0.0003520161844789982,0,0,unlabeled
698,0.00036950173671357334,0,0,unlabeled
699,0.00042268531979061663,0,0,unlabeled
700,0.0011037514777854085,0,0,val
701,0.0010110451839864254,0,0,unlabeled
702,9.980533377529355e-07,0,0,unlabeled
703,0.00011850411829072982,0,0,unlabeled
704,1.3613486089525395e-06,0,0,unlabeled
705,1.0431058399262838e-06,0,0,unlabeled
706,0.0003171000862494111,0,0,unlabeled
707,1.3955684607935837e-06,0,0,unlabeled
708,4.1819251350716513e-07,0,0,unlabeled
709,2.3287778105895995e-07,0,0,unlabeled
710,2.1759957235190086e-05,0,0,unlabeled
711,4.02185236225705e-07,0,0,train
712,2.162782664072438e-07,0,0,val
713,2.577805560122215e-07,0,0,unlabeled
714,3.7851004890399054e-05,0,0,unlabeled
715,2.141664765531459e-07,0,0,unlabeled
716,3.760333493119106e-05,0,0,unlabeled
717,3.128499201920931e-07,0,0,unlabeled
718,2.260064775327919e-07,0,0,unlabeled
719,0.00011425228149164468,0,0,unlabeled
720,9.999067174248921e-08,0,0,unlabeled
721,6.294315824106889e-08,0,0,unlabeled
722,1.0037628328518622e-07,0,0,train
723,9.865285477417274e-08,0,0,train
724,1.0003526540458552e-06,0,0,train
725,0.00012142211198806763,0,0,unlabeled
726,1.1778167845477583e-06,0,0,unlabeled
727,0.00014911989273969084,0,0,unlabeled
728,9.316606224274437e-07,0,0,unlabeled
729,0.00021304268739186227,0,0,unlabeled
730,1.05090009583364e-06,0,0,train
731,0.00026048975996673107,0,0,unlabeled
732,3.761323057460686e-07,0,0,unlabeled
733,2.0041194659370376e-07,0,0,unlabeled
734,2.8364613172016107e-05,0,0,unlabeled
735,2.4398092136834748e-05,0,0,unlabeled
736,7.83703726483509e-05,0,0,unlabeled
737,3.4414739502608427e-07,0,0,unlabeled
738,1.8379998323325708e-07,0,0,unlabeled
739,3.870138607453555e-05,0,0,unlabeled
740,3.2664054742781445e-05,0,0,unlabeled
741,2.155448299845375e-07,0,0,unlabeled
742,5.719391629099846e-05,0,0,unlabeled
743,3.2358653356823197e-07,0,0,train
744,9.70969776972197e-05,0,0,train
745,2.2560743673238903e-07,0,0,unlabeled
746,0.0001273760135518387,0,0,unlabeled
747,0.0003207746776752174,0,0,unlabeled
748,9.935248357351156e-08,0,0,unlabeled
749,5.4042146757637965e-08,0,0,unlabeled
750,8.198851020324582e-08,0,0,unlabeled
751,1.2432416951924097e-05,0,0,unlabeled
752,1.0140188351215329e-05,0,0,unlabeled
753,3.206405017408542e-05,0,0,unlabeled
754,6.41464430373162e-05,0,0,train
755,8.922152971990727e-08,0,0,unlabeled
756,2.588280403870158e-05,0,0,train
757,7.712646947766189e-07,0,0,unlabeled
758,0.000110948683868628,0,0,unlabeled
759,6.873614779578929e-07,0,0,val
760,4.360528009783593e-07,0,0,unlabeled
761,0.0002673120179679245,0,0,unlabeled
762,0.0001897608453873545,0,0,unlabeled
763,1.7029354637543292e-07,0,0,unlabeled
764,3.666963675641455e-05,0,0,train
765,1.6445144979115867e-07,0,0,unlabeled
766,0.00011143152369186282,0,0,unlabeled
767,6.533259693242144e-07,0,0,unlabeled
768,0.00011678452574415132,0,0,unlabeled
769,5.417895749815216e-07,0,0,unlabeled
770,3.521037115206127e-07,0,0,unlabeled
771,0.00017802261572796851,0,0,unlabeled
772,1.8039888516341307e-07,0,0,unlabeled
773,5.343463635654189e-05,0,0,unlabeled
774,1.554698201289284e-07,0,0,train
775,1.216344998056229e-07,0,0,unlabeled
776,0.00010714176460169256,0,0,unlabeled
777,9.64589198702015e-05,0,0,unlabeled
778,7.527397656303947e-07,0,0,unlabeled
779,2.4022841671467177e-07,0,0,unlabeled
780,3.1004397897049785e-05,0,0,train
781,1.7871765578547638e-07,0,0,unlabeled
782,5.9007952302181366e-08,0,0,val
783,0.00010030647536041215,0,0,unlabeled
784,2.0184630500352796e-07,0,0,unlabeled
785,4.621840707841329e-05,0,0,train
786,5.743317288420258e-08,0,0,val
787,4.0788066257846367e-07,0,0,train
788,7.987894787220284e-05,0,0,unlabeled
789,8.676030205378993e-08,0,0,unlabeled
790,2.8926191589562222e-05,0,0,unlabeled
791,3.390025824501208e-07,0,0,unlabeled
792,8.822161180432886e-05,0,0,train
793,1.0218047208354619e-07,0,0,unlabeled
794,4.3897245632251725e-05,0,0,unlabeled
795,1.1088449127782951e-06,0,0,unlabeled
796,0.0002547935291659087,0,0,unlabeled
797,1.2220602911838796e-06,0,0,unlabeled
798,0.0005565918399952352,0,0,train
799,1.7302327250945382e-06,0,0,unlabeled
800,4.824404413739103e-07,0,0,unlabeled
801,2.717954703257419e-05,0,0,unlabeled
802,3.241960803279653e-05,0,0,unlabeled
803,4.7564535066157987e-07,0,0,unlabeled
804,4.875343438470736e-05,0,0,unlabeled
805,2.3256706072061206e-07,0,0,unlabeled
806,0.00011404100951040164,0,0,unlabeled
807,2.686612674551725e-07,0,0,unlabeled
808,0.0005580513388849795,0,0,unlabeled
809,4.354859299837699e-07,0,0,unlabeled
810,1.1803484085248783e-05,0,0,unlabeled
811,1.2824710211134516e-05,0,0,unlabeled
812,2.8799273422919214e-05,0,0,unlabeled
813,1.0680847708499641e-06,0,0,unlabeled
814,0.00010001887858379632,0,0,unlabeled
815,1.081805180547235e-06,0,0,unlabeled
816,0.00015363430429715663,0,0,unlabeled
817,4.1563754393791896e-07,0,0,val
818,2.3365907964034704e-07,0,0,unlabeled
819,3.329258834128268e-05,0,0,unlabeled
820,4.048478103868547e-07,0,0,unlabeled
821,2.275643140592365e-07,0,0,unlabeled
822,5.5211232393048704e-05,0,0,unlabeled
823,2.606727491638594e-07,0,0,unlabeled
824,0.0001248445187229663,0,0,unlabeled
825,1.214063161114609e-07,0,0,unlabeled
826,1.4991643183748238e-05,0,0,unlabeled
827,0.0004698658303823322,0,0,unlabeled
828,0.0007095185574144125,0,0,unlabeled
829,0.0009680865914560854,0,0,unlabeled
830,0.0008462080149911344,0,0,unlabeled
831,0.0016394149279221892,0,0,unlabeled
832,0.009291252121329308,0,0,unlabeled
833,0.00024961348390206695,0,0,unlabeled
834,0.000385884428396821,0,0,val
835,0.0006041931919753551,0,0,unlabeled
836,0.0012630600249394774,0,0,train
837,0.00014680414460599422,0,0,unlabeled
838,0.0005182321183383465,0,0,unlabeled
839,0.0003319893730804324,0,0,train
840,0.05078164115548134,1,0,unlabeled
841,0.0002255814615637064,0,0,unlabeled
842,0.00041803764179348946,0,0,val
843,0.0019868388772010803,0,0,unlabeled
844,0.0002509868936613202,0,0,unlabeled
845,0.0001690215867711231,0,0,unlabeled
846,0.00018540526798460633,0,0,unlabeled
847,0.00027973769465461373,0,0,unlabeled
848,0.00032864284003153443,0,0,unlabeled
849,0.00020446967391762882,0,0,unlabeled
850,0.00022753856319468468,0,0,unlabeled
851,0.005356282461434603,0,0,unlabeled
852,0.00022748562332708389,0,0,unlabeled
853,0.015234021469950676,0,0,unlabeled
854,0.012206660583615303,0,0,unlabeled
855,0.0001233027142006904,0,0,unlabeled
856,0.0001510440924903378,0,0,unlabeled
857,0.0005866683786734939,0,0,unlabeled
858,0.00021912508236709982,0,0,unlabeled
859,6.720378587488085e-05,0,0,unlabeled
860,7.120228838175535e-05,0,0,unlabeled
861,0.00022851016547065228,0,0,unlabeled
862,0.01143090333789587,0,0,unlabeled
863,0.028465351089835167,0,0,unlabeled
864,0.00011154284584335983,0,0,unlabeled
865,0.00806703045964241,0,0,unlabeled
866,0.00019469764083623886,0,0,unlabeled
867,0.00023107686138246208,0,0,train
868,0.00017073695198632777,0,0,unlabeled
869,0.0001578755327500403,0,0,unlabeled
870,0.00017399150237906724,0,0,unlabeled
871,0.0005556721589528024,0,0,unlabeled
872,0.0002126688341377303,0,0,unlabeled
873,0.000307046459056437,0,0,val
874,0.00020394065359141678,0,0,unlabeled
875,0.00015031207294669002,0,0,unlabeled
876,9.450532525079325e-05,0,0,unlabeled
877,0.0004169954627286643,0,0,unlabeled
878,0.00074383505852893,0,0,unlabeled
879,0.00028038976597599685,0,0,train
880,0.00046463735634461045,0,0,unlabeled
881,0.0001408959797117859,0,0,unlabeled
882,0.000350389804225415,0,0,unlabeled
883,0.00011385336256353185,0,0,unlabeled
884,0.00021813201601617038,0,0,unlabeled
885,0.0002935902448371053,0,0,unlabeled
886,0.0009152561542578042,0,0,unlabeled
887,0.017131110653281212,0,0,unlabeled
888,0.0002051455230684951,0,0,unlabeled
889,0.0002642746258061379,0,0,train
890,0.053069863468408585,1,0,unlabeled
891,0.00016456679441034794,0,0,unlabeled
892,5.275002331472933e-05,0,0,unlabeled
893,0.00018118799198418856,0,0,unlabeled
894,0.07964499294757843,1,0,unlabeled
895,0.16616985201835632,1,0,unlabeled
896,0.00028990424470975995,0,0,unlabeled
897,0.20461679995059967,1,0,unlabeled
898,0.00011997929686913267,0,0,val
899,0.00018707771960180253,0,0,train
900,0.01633760705590248,0,0,unlabeled
901,0.00016852190310601145,0,0,unlabeled
902,0.0003020619915332645,0,0,unlabeled
903,0.00013676064554601908,0,0,train
904,0.9655796885490417,1,1,train
905,0.9974483251571655,1,1,unlabeled
906,0.9948775768280029,1,1,train
907,0.9906869530677795,1,1,train
908,0.9264945983886719,1,1,unlabeled
909,0.9984602928161621,1,1,train
910,0.9995414018630981,1,1,unlabeled
911,0.9980825185775757,1,1,unlabeled
912,0.9993602633476257,1,1,unlabeled
913,0.98698490858078,1,1,unlabeled
914,0.9996553659439087,1,1,unlabeled
915,0.7663688659667969,1,1,unlabeled
916,0.9146761894226074,1,1,unlabeled
917,0.16353122889995575,1,1,unlabeled
918,0.4073275625705719,1,1,train
919,0.762880265712738,1,1,train
920,0.86216139793396,1,1,unlabeled
921,0.9993798732757568,1,1,train
922,0.9992608428001404,1,1,unlabeled
923,0.9970408082008362,1,1,unlabeled
924,0.997204601764679,1,1,unlabeled
925,0.9993658661842346,1,1,unlabeled
926,0.9998515844345093,1,1,unlabeled
927,0.9977138042449951,1,1,unlabeled
928,0.9496558308601379,1,1,unlabeled
929,0.9700905680656433,1,1,unlabeled
930,0.9695307612419128,1,1,train
931,0.988643229007721,1,1,unlabeled
932,0.680911123752594,1,1,unlabeled
933,0.9993234872817993,1,1,unlabeled
934,0.5285008549690247,1,1,unlabeled
935,0.9995900988578796,1,1,unlabeled
936,0.9995212554931641,1,1,train
937,0.9897934198379517,1,1,train
938,0.9920793175697327,1,1,unlabeled
939,0.9912651181221008,1,1,unlabeled
940,0.9394403100013733,1,1,train
941,0.22273661196231842,1,1,unlabeled
942,0.02628990262746811,0,1,unlabeled
943,0.41702815890312195,1,1,train
944,0.12819190323352814,1,1,val
945,0.3123948574066162,1,1,unlabeled
946,0.9988811612129211,1,1,unlabeled
947,0.9785052537918091,1,1,unlabeled
948,0.9926033616065979,1,1,val
949,0.9924151301383972,1,1,train
950,0.7885617613792419,1,1,unlabeled
951,0.9931695461273193,1,1,train
952,0.9556676745414734,1,1,unlabeled
953,0.22889444231987,1,1,unlabeled
954,0.673829972743988,1,1,unlabeled
955,0.8492173552513123,1,1,train
956,0.6259339451789856,1,1,val
957,0.902424693107605,1,1,train
958,0.7415453791618347,1,1,unlabeled
959,0.9421405792236328,1,1,unlabeled
960,0.9992296695709229,1,1,unlabeled
961,0.9972420930862427,1,1,unlabeled
962,0.998497486114502,1,1,unlabeled
963,0.9992614388465881,1,1,unlabeled
964,0.9889105558395386,1,1,unlabeled
965,0.6402477622032166,1,1,train
966,0.9025312066078186,1,1,unlabeled
967,0.2555776834487915,1,1,val
968,0.7480676770210266,1,1,unlabeled
969,0.9997765421867371,1,1,unlabeled
970,0.9572138786315918,1,1,unlabeled
971,0.9991025924682617,1,1,unlabeled
972,0.802831768989563,1,1,unlabeled
973,0.9270491003990173,1,1,unlabeled
974,0.7674773931503296,1,1,val
975,0.9997244477272034,1,1,unlabeled
976,0.9999231100082397,1,1,unlabeled
977,0.9997759461402893,1,1,unlabeled
978,0.7966336607933044,1,1,unlabeled
979,0.4858745038509369,1,1,unlabeled
980,0.9843646883964539,1,1,val
981,0.7305926084518433,1,1,unlabeled
982,0.9987080097198486,1,1,unlabeled
983,0.049855660647153854,1,1,unlabeled
984,0.9999359846115112,1,1,unlabeled
985,0.8776329755783081,1,1,unlabeled
986,0.9250467419624329,1,1,unlabeled
987,0.9883233308792114,1,1,unlabeled
988,0.9895553588867188,1,1,unlabeled
989,0.9940073490142822,1,1,unlabeled
990,0.9698928594589233,1,1,unlabeled
991,0.9706711173057556,1,1,unlabeled
992,0.994572103023529,1,1,unlabeled
993,0.9986312985420227,1,1,unlabeled
994,0.9748274087905884,1,1,val
995,0.998703122138977,1,1,unlabeled
996,0.9976656436920166,1,1,unlabeled
997,0.9972645044326782,1,1,val
998,0.9698928594589233,1,1,unlabeled
999,0.994572103023529,1,1,train
1000,0.5515609979629517,1,1,unlabeled
1001,0.9474695324897766,1,1,unlabeled
1002,0.9293842911720276,1,1,unlabeled
1003,0.8448756337165833,1,1,unlabeled
1004,0.9326671361923218,1,1,unlabeled
1005,0.9893800616264343,1,1,unlabeled
1006,0.9945040941238403,1,1,val
1007,0.9980185031890869,1,1,unlabeled
1008,0.9953396320343018,1,1,unlabeled
1009,0.9312736988067627,1,1,unlabeled
1010,0.9729083180427551,1,1,unlabeled
1011,0.9934948086738586,1,1,unlabeled
1012,0.9968216419219971,1,1,unlabeled
1013,0.9938997030258179,1,1,unlabeled
1014,0.9931857585906982,1,1,unlabeled
1015,0.997771680355072,1,1,unlabeled
1016,0.9940436482429504,1,1,unlabeled
1017,0.9986037611961365,1,1,unlabeled
1018,0.9436938762664795,1,1,train
1019,0.9987545013427734,1,1,unlabeled
1020,0.9656504988670349,1,1,unlabeled
1021,0.9990123510360718,1,1,unlabeled
1022,0.23381012678146362,1,1,unlabeled
1023,0.9996079802513123,1,1,unlabeled
1024,0.4081392288208008,1,1,val
1025,0.9866896867752075,1,1,unlabeled
1026,0.9743542075157166,1,1,train
1027,0.9982958436012268,1,1,unlabeled
1028,0.998446524143219,1,1,unlabeled
1029,0.855155348777771,1,1,unlabeled
1030,0.993160605430603,1,1,unlabeled
1031,0.9213107228279114,1,1,unlabeled
1032,0.999035120010376,1,1,unlabeled
1033,0.9996992349624634,1,1,unlabeled
1034,0.9955924153327942,1,1,unlabeled
1035,0.997643768787384,1,1,unlabeled
1036,0.9951580166816711,1,1,unlabeled
1037,0.9969800114631653,1,1,unlabeled
1038,0.9988259673118591,1,1,train
1039,0.8941529989242554,1,1,unlabeled
1040,0.9989966750144958,1,1,unlabeled
1041,0.9561681151390076,1,1,unlabeled
1042,0.9486795663833618,1,1,train
1043,0.9968206882476807,1,1,val
1044,0.9802025556564331,1,1,unlabeled
1045,0.990540623664856,1,1,unlabeled
1046,0.9982894062995911,1,1,unlabeled
1047,0.9703631401062012,1,1,unlabeled
1048,0.9936286807060242,1,1,train
1049,0.9974722266197205,1,1,unlabeled
1050,0.9928252696990967,1,1,train
1051,0.9952581524848938,1,1,unlabeled
1052,0.9986862540245056,1,1,unlabeled
1053,0.9999552965164185,1,1,val
1054,0.995051920413971,1,1,unlabeled
1055,0.9988172650337219,1,1,unlabeled
1056,0.9984928369522095,1,1,train
1057,0.9808148145675659,1,1,unlabeled
1058,0.8879145383834839,1,1,unlabeled
1059,0.9863247275352478,1,1,unlabeled
1060,0.9963592886924744,1,1,unlabeled
1061,0.993624210357666,1,1,unlabeled
1062,0.21447715163230896,1,1,unlabeled
1063,0.32145410776138306,1,1,unlabeled
1064,0.6928890347480774,1,1,unlabeled
1065,0.39238598942756653,1,1,unlabeled
1066,0.5106856226921082,1,1,unlabeled
1067,0.7177442312240601,1,1,unlabeled
1068,0.8078218102455139,1,1,unlabeled
1069,0.6755525469779968,1,1,unlabeled
1070,0.7462369203567505,1,1,unlabeled
1071,0.41605132818222046,1,1,unlabeled
1072,0.6638365983963013,1,1,unlabeled
1073,0.9365582466125488,1,1,train
1074,0.9426085352897644,1,1,train
1075,0.07421744614839554,1,1,unlabeled
1076,0.12136167287826538,1,1,unlabeled
1077,0.3126475512981415,1,1,unlabeled
1078,0.06870872527360916,1,1,val
1079,0.1719096153974533,1,1,val
1080,0.9973320960998535,1,1,unlabeled
1081,0.7942577600479126,1,1,unlabeled
1082,0.9111573100090027,1,1,train
1083,0.9410994052886963,1,1,unlabeled
1084,0.9808148145675659,1,1,val
1085,0.9988960027694702,1,1,unlabeled
1086,0.9993864297866821,1,1,unlabeled
1087,0.5026906132698059,1,1,unlabeled
1088,0.7673231363296509,1,1,val
1089,0.3294427990913391,1,1,unlabeled
1090,0.9997451901435852,1,1,train
1091,0.9109903573989868,1,1,unlabeled
1092,0.9999250173568726,1,1,train
1093,0.5469228625297546,1,1,unlabeled
1094,0.9557309150695801,1,1,train
1095,0.21825452148914337,1,1,unlabeled
1096,0.897359311580658,1,1,train
1097,0.8336665630340576,1,1,unlabeled
1098,0.9661377668380737,1,1,train
1099,0.7868808507919312,1,1,unlabeled
1100,0.9986507296562195,1,1,unlabeled
1101,0.9920958876609802,1,1,unlabeled
1102,0.9929003715515137,1,1,unlabeled
1103,0.9964646100997925,1,1,unlabeled
1104,0.9960273504257202,1,1,train
1105,0.9767509698867798,1,1,unlabeled
1106,0.9806006550788879,1,1,unlabeled
1107,0.9959379434585571,1,1,train
1108,0.9983019828796387,1,1,unlabeled
1109,0.9985826015472412,1,1,unlabeled
1110,0.9975200295448303,1,1,val
1111,0.9699457883834839,1,1,unlabeled
1112,0.9966429471969604,1,1,unlabeled
1113,0.9990831613540649,1,1,train
1114,0.9992594122886658,1,1,unlabeled
1115,0.9998831748962402,1,1,train
1116,0.982038676738739,1,1,unlabeled
1117,0.9931167364120483,1,1,unlabeled
1118,0.9970933198928833,1,1,val
1119,0.9943158030509949,1,1,unlabeled
1120,0.9958831071853638,1,1,unlabeled
1121,0.9978165626525879,1,1,unlabeled
1122,0.9999479055404663,1,1,train
1123,0.9934132695198059,1,1,unlabeled
1124,0.9982841610908508,1,1,unlabeled
1125,0.9987788796424866,1,1,unlabeled
1126,0.7825756669044495,1,1,unlabeled
1127,0.915103554725647,1,1,unlabeled
1128,0.9990133047103882,1,1,unlabeled
1129,0.28161555528640747,1,1,unlabeled
1130,0.9996843338012695,1,1,unlabeled
1131,0.8874714374542236,1,1,unlabeled
1132,0.43286290764808655,1,1,unlabeled
1133,0.988900899887085,1,1,train
1134,0.9023885726928711,1,1,unlabeled
1135,0.9991933703422546,1,1,unlabeled
1136,0.9958668947219849,1,1,unlabeled
1137,0.9969784021377563,1,1,unlabeled
1138,0.9977731108665466,1,1,unlabeled
1139,0.9983354210853577,1,1,unlabeled
1140,0.9885619878768921,1,1,unlabeled
1141,0.9932591915130615,1,1,unlabeled
1142,0.9999535083770752,1,1,unlabeled
1143,0.9983042478561401,1,1,train
1144,0.9992650151252747,1,1,train
1145,0.9983673691749573,1,1,unlabeled
1146,0.9995582699775696,1,1,unlabeled
1147,0.9810473322868347,1,1,unlabeled
1148,0.957631528377533,1,1,unlabeled
1149,0.9830612540245056,1,1,unlabeled
1150,0.9953345656394958,1,1,train
1151,0.9930523633956909,1,1,unlabeled
1152,0.9840587973594666,1,1,train
1153,0.9946686625480652,1,1,unlabeled
1154,0.9903011322021484,1,1,unlabeled
1155,0.9956310987472534,1,1,val
1156,0.9971330165863037,1,1,unlabeled
1157,0.998543381690979,1,1,unlabeled
1158,0.9841320514678955,1,1,train
1159,0.9958576560020447,1,1,unlabeled
1160,0.9969229102134705,1,1,train
1161,0.9929828643798828,1,1,train
1162,0.9964448809623718,1,1,unlabeled
1163,0.9929338693618774,1,1,unlabeled
1164,0.9979391694068909,1,1,unlabeled
1165,0.9929013848304749,1,1,unlabeled
1166,0.9927939176559448,1,1,unlabeled
1167,0.9988847374916077,1,1,unlabeled
1168,0.8420642018318176,1,1,train
1169,0.9446014761924744,1,1,unlabeled
1170,0.96408611536026,1,1,unlabeled
1171,0.9774162173271179,1,1,train
1172,0.9962144494056702,1,1,train
1173,0.9897816181182861,1,1,unlabeled
1174,0.9966163039207458,1,1,train
1175,0.9984616041183472,1,1,train
1176,0.48447349667549133,1,1,unlabeled
1177,0.7624363303184509,1,1,unlabeled
1178,0.9834387898445129,1,1,val
1179,0.906818687915802,1,1,unlabeled
1180,0.9772356152534485,1,1,unlabeled
1181,0.9958360195159912,1,1,unlabeled
1182,0.9881529211997986,1,1,unlabeled
1183,0.9887632131576538,1,1,unlabeled
1184,0.9969896078109741,1,1,unlabeled
1185,0.9798082709312439,1,1,unlabeled
1186,0.9973467588424683,1,1,unlabeled
1187,0.9979867935180664,1,1,unlabeled
1188,0.9992066025733948,1,1,val
1189,0.8621957898139954,1,1,unlabeled
1190,0.970231831073761,1,1,unlabeled
1191,0.9962605834007263,1,1,unlabeled
1192,0.18203683197498322,1,1,unlabeled
1193,0.9989792704582214,1,1,val
1194,0.9239972829818726,1,1,unlabeled
1195,0.9978885054588318,1,1,train
1196,0.9773200750350952,1,1,unlabeled
1197,0.9930368065834045,1,1,unlabeled
1198,0.9887191653251648,1,1,unlabeled
1199,0.9981605410575867,1,1,val
1200,0.7723963856697083,1,1,unlabeled
1201,0.9662681818008423,1,1,unlabeled
1202,0.9918239712715149,1,1,train
1203,0.9982247948646545,1,1,train
1204,0.996331512928009,1,1,unlabeled
1205,0.9941266775131226,1,1,unlabeled
1206,0.9940328001976013,1,1,unlabeled
1207,0.9990577101707458,1,1,unlabeled
1208,0.9982824325561523,1,1,unlabeled
1209,0.9990565180778503,1,1,train
1210,0.9657807350158691,1,1,unlabeled
1211,0.9773191809654236,1,1,unlabeled
1212,0.9913279414176941,1,1,unlabeled
1213,0.9950507283210754,1,1,train
1214,0.9963733553886414,1,1,unlabeled
1215,0.9990044236183167,1,1,unlabeled
1216,0.9385886788368225,1,1,unlabeled
1217,0.9841428399085999,1,1,unlabeled
1218,0.990691602230072,1,1,train
1219,0.9892987012863159,1,1,unlabeled
1220,0.988925039768219,1,1,unlabeled
1221,0.20982296764850616,1,1,unlabeled
1222,0.9743889570236206,1,1,unlabeled
1223,0.9883044958114624,1,1,unlabeled
1224,0.9878122210502625,1,1,unlabeled
1225,0.9961280822753906,1,1,train
1226,0.9953789710998535,1,1,train
1227,0.9960460066795349,1,1,unlabeled
1228,0.9920897483825684,1,1,unlabeled
1229,0.9936240911483765,1,1,unlabeled
1230,0.9815114140510559,1,1,unlabeled
1231,0.989590585231781,1,1,unlabeled
1232,0.0019446791848167777,0,1,unlabeled
1233,0.9828874468803406,1,1,unlabeled
1234,0.9859134554862976,1,1,train
1235,0.9729586243629456,1,1,unlabeled
1236,0.9987695813179016,1,1,val
1237,0.9880582690238953,1,1,unlabeled
1238,0.9997898936271667,1,1,unlabeled
1239,0.9999769926071167,1,1,unlabeled
1240,0.9999949932098389,1,1,unlabeled
1241,0.9990962743759155,1,1,unlabeled
1242,0.9935116171836853,1,1,val
1243,0.9999897480010986,1,1,train
1244,0.9978737831115723,1,1,unlabeled
1245,0.9998445510864258,1,1,unlabeled
1246,0.9990869760513306,1,1,unlabeled
1247,0.9999414682388306,1,1,unlabeled
1248,0.999806821346283,1,1,unlabeled
1249,0.9999629259109497,1,1,val
1250,0.9999871253967285,1,1,train
1251,0.9985297918319702,1,1,unlabeled
1252,0.9999767541885376,1,1,unlabeled
1253,0.9999310970306396,1,1,unlabeled
1254,0.9999775886535645,1,1,unlabeled
1255,0.9999990463256836,1,1,unlabeled
1256,0.9999992847442627,1,1,unlabeled
1257,0.9999996423721313,1,1,unlabeled
1258,0.9999996423721313,1,1,train
1259,0.9999841451644897,1,1,unlabeled
1260,0.9999566078186035,1,1,val
1261,0.9999903440475464,1,1,train
1262,0.9999902248382568,1,1,unlabeled
1263,0.9999969005584717,1,1,unlabeled
1264,0.9999969005584717,1,1,unlabeled
1265,0.9999946355819702,1,1,unlabeled
1266,0.9999727010726929,1,1,unlabeled
1267,0.9999861717224121,1,1,unlabeled
1268,0.9498459100723267,1,1,unlabeled
1269,0.9995883107185364,1,1,unlabeled
1270,0.9998459815979004,1,1,unlabeled
1271,0.9999725818634033,1,1,unlabeled
1272,0.9999215602874756,1,1,train
1273,0.9998354911804199,1,1,unlabeled
1274,0.9999858140945435,1,1,unlabeled
1275,0.9999464750289917,1,1,unlabeled
1276,0.9515219330787659,1,1,unlabeled
1277,0.999563992023468,1,1,unlabeled
1278,0.9999833106994629,1,1,unlabeled
1279,0.9999899864196777,1,1,unlabeled
1280,0.9999432563781738,1,1,unlabeled
1281,0.9999810457229614,1,1,unlabeled
1282,0.9999955892562866,1,1,val
1283,0.7905954718589783,1,1,unlabeled
1284,0.9998912811279297,1,1,unlabeled
1285,0.9993463158607483,1,1,unlabeled
1286,0.9997344613075256,1,1,unlabeled
1287,0.9406264424324036,1,1,unlabeled
1288,0.6911856532096863,1,1,unlabeled
1289,0.9619063138961792,1,1,unlabeled
1290,0.8070369362831116,1,1,unlabeled
1291,0.9999169111251831,1,1,train
1292,0.9982151985168457,1,1,train
1293,0.9998831748962402,1,1,unlabeled
1294,0.9995885491371155,1,1,unlabeled
1295,0.9974385499954224,1,1,unlabeled
1296,0.9999781847000122,1,1,unlabeled
1297,0.9999970197677612,1,1,unlabeled
1298,0.9999922513961792,1,1,unlabeled
1299,0.9999806880950928,1,1,train
1300,0.999993085861206,1,1,unlabeled
1301,0.9999943971633911,1,1,train
1302,0.9999333620071411,1,1,unlabeled
1303,0.9989984631538391,1,1,unlabeled
1304,0.999966025352478,1,1,unlabeled
1305,0.9995038509368896,1,1,unlabeled
1306,0.999988317489624,1,1,unlabeled
1307,0.9995469450950623,1,1,unlabeled
1308,0.9955787062644958,1,1,unlabeled
1309,0.9236200451850891,1,1,unlabeled
1310,0.99779212474823,1,1,unlabeled
1311,0.9992220401763916,1,1,unlabeled
1312,0.9999634027481079,1,1,val
1313,0.9999752044677734,1,1,unlabeled
1314,0.9999912977218628,1,1,train
1315,0.998687207698822,1,1,unlabeled
1316,0.9991856217384338,1,1,unlabeled
1317,0.9994280934333801,1,1,unlabeled
1318,0.9992469549179077,1,1,unlabeled
1319,0.9997273087501526,1,1,unlabeled
1320,0.9999858140945435,1,1,train
1321,0.9891485571861267,1,1,unlabeled
1322,0.9997192025184631,1,1,unlabeled
1323,0.9999443292617798,1,1,unlabeled
1324,0.9999802112579346,1,1,unlabeled
1325,0.9962186217308044,1,1,unlabeled
1326,0.9986574649810791,1,1,unlabeled
1327,0.9999157190322876,1,1,unlabeled
1328,0.9999703168869019,1,1,unlabeled
1329,0.9999884366989136,1,1,unlabeled
1330,0.9999103546142578,1,1,unlabeled
1331,0.9999791383743286,1,1,unlabeled
1332,0.9999784231185913,1,1,unlabeled
1333,0.999992847442627,1,1,unlabeled
1334,0.9999768733978271,1,1,train
1335,0.6901572942733765,1,1,unlabeled
1336,0.9983704686164856,1,1,val
1337,0.9680920839309692,1,1,unlabeled
1338,0.999789297580719,1,1,unlabeled
1339,0.9999213218688965,1,1,unlabeled
1340,0.8429494500160217,1,1,unlabeled
1341,0.9986059069633484,1,1,unlabeled
1342,0.9702320694923401,1,1,train
1343,0.9999098777770996,1,1,unlabeled
1344,0.9999679327011108,1,1,unlabeled
1345,0.6226743459701538,1,1,unlabeled
1346,0.9998867511749268,1,1,unlabeled
1347,0.9993337988853455,1,1,unlabeled
1348,0.8579970598220825,1,1,unlabeled
1349,0.8861438632011414,1,1,unlabeled
1350,0.4474693238735199,1,1,unlabeled
1351,0.9499166011810303,1,1,unlabeled
1352,0.9994848966598511,1,1,unlabeled
1353,0.9984415173530579,1,1,unlabeled
1354,0.9993671774864197,1,1,train
1355,0.9985439777374268,1,1,unlabeled
1356,0.9995798468589783,1,1,unlabeled
1357,0.9999829530715942,1,1,unlabeled
1358,0.999985933303833,1,1,unlabeled
1359,0.9999946355819702,1,1,unlabeled
1360,0.9970755577087402,1,1,unlabeled
1361,0.9983695149421692,1,1,train
1362,0.9985848665237427,1,1,unlabeled
1363,0.9999637603759766,1,1,unlabeled
1364,0.9999645948410034,1,1,unlabeled
1365,0.9999710321426392,1,1,unlabeled
1366,0.9995079040527344,1,1,unlabeled
1367,0.9999879598617554,1,1,train
1368,0.9999896287918091,1,1,unlabeled
1369,0.9247590899467468,1,1,unlabeled
1370,0.9993789196014404,1,1,unlabeled
1371,0.9997504353523254,1,1,unlabeled
1372,0.9998539686203003,1,1,unlabeled
1373,0.9999771118164062,1,1,unlabeled
1374,0.9998893737792969,1,1,unlabeled
1375,0.9928625226020813,1,1,train
1376,0.9969911575317383,1,1,unlabeled
1377,0.9604591727256775,1,1,unlabeled
1378,0.9985484480857849,1,1,unlabeled
1379,0.9815611243247986,1,1,unlabeled
1380,0.9776284098625183,1,1,unlabeled
1381,0.9983413219451904,1,1,unlabeled
1382,0.986409604549408,1,1,unlabeled
1383,0.9988625049591064,1,1,train
1384,0.9937992691993713,1,1,unlabeled
1385,0.9998779296875,1,1,unlabeled
1386,0.9993164539337158,1,1,unlabeled
1387,0.9994183778762817,1,1,unlabeled
1388,0.9999699592590332,1,1,unlabeled
1389,0.9977327585220337,1,1,train
1390,0.9612107276916504,1,1,unlabeled
1391,0.9988470077514648,1,1,unlabeled
1392,0.9884916543960571,1,1,unlabeled
1393,0.9993184804916382,1,1,unlabeled
1394,0.9999606609344482,1,1,unlabeled
1395,0.99906986951828,1,1,unlabeled
1396,0.9993835687637329,1,1,unlabeled
1397,0.9999804496765137,1,1,unlabeled
1398,0.9999922513961792,1,1,unlabeled
1399,0.9983831644058228,1,1,train
1400,0.9846574664115906,1,1,unlabeled
1401,0.9987388253211975,1,1,unlabeled
1402,0.9999047517776489,1,1,unlabeled
1403,0.9977176189422607,1,1,unlabeled
1404,0.9996034502983093,1,1,unlabeled
1405,0.9999716281890869,1,1,unlabeled
1406,0.9999943971633911,1,1,unlabeled
1407,0.9983879327774048,1,1,unlabeled
1408,0.9999879598617554,1,1,unlabeled
1409,0.9940073490142822,1,1,train
1410,0.9988825917243958,1,1,train
1411,0.9978241920471191,1,1,val
1412,0.9991196990013123,1,1,unlabeled
1413,0.9999254941940308,1,1,unlabeled
1414,0.9999589920043945,1,1,unlabeled
1415,0.9999841451644897,1,1,unlabeled
1416,0.9965569972991943,1,1,unlabeled
1417,0.9999634027481079,1,1,unlabeled
1418,0.9999985694885254,1,1,unlabeled
1419,0.9999740123748779,1,1,unlabeled
1420,0.9999849796295166,1,1,unlabeled
1421,0.9999949932098389,1,1,unlabeled
1422,0.9999915361404419,1,1,unlabeled
1423,0.9989131689071655,1,1,unlabeled
1424,0.9997847676277161,1,1,unlabeled
1425,0.9999561309814453,1,1,unlabeled
1426,0.9999771118164062,1,1,unlabeled
1427,0.9986729621887207,1,1,train
1428,0.9999734163284302,1,1,unlabeled
1429,0.9999836683273315,1,1,unlabeled
1430,0.9552101492881775,1,1,unlabeled
1431,0.999619722366333,1,1,train
1432,0.9961458444595337,1,1,train
1433,0.9998003840446472,1,1,unlabeled
1434,0.9991297125816345,1,1,unlabeled
1435,0.9999964237213135,1,1,unlabeled
1436,0.9996280670166016,1,1,train
1437,0.9999754428863525,1,1,unlabeled
1438,0.9999909400939941,1,1,train
1439,0.999906063079834,1,1,unlabeled
1440,0.9997560381889343,1,1,unlabeled
1441,0.9940485954284668,1,1,unlabeled
1442,0.99628084897995,1,1,train
1443,0.9981499910354614,1,1,unlabeled
1444,0.9999629259109497,1,1,unlabeled
1445,0.9999899864196777,1,1,unlabeled
1446,0.9981464147567749,1,1,unlabeled
1447,0.999221920967102,1,1,unlabeled
1448,0.9984410405158997,1,1,unlabeled
1449,0.999985933303833,1,1,unlabeled
1450,0.9812507033348083,1,1,val
1451,0.9875559210777283,1,1,unlabeled
1452,0.9945335388183594,1,1,unlabeled
1453,0.9998888969421387,1,1,unlabeled
1454,0.9999282360076904,1,1,unlabeled
1455,0.999972939491272,1,1,unlabeled
1456,0.99407958984375,1,1,unlabeled
1457,0.998375654220581,1,1,unlabeled
1458,0.9934183359146118,1,1,train
1459,0.9977856874465942,1,1,unlabeled
1460,0.9955833554267883,1,1,train
1461,0.9999598264694214,1,1,unlabeled
1462,0.9999784231185913,1,1,unlabeled
1463,0.9999648332595825,1,1,unlabeled
1464,0.9999853372573853,1,1,unlabeled
1465,0.9999548196792603,1,1,unlabeled
1466,0.9999700784683228,1,1,unlabeled
1467,0.9999902248382568,1,1,unlabeled
1468,0.999987006187439,1,1,train
1469,0.9962249994277954,1,1,unlabeled
1470,0.9975716471672058,1,1,unlabeled
1471,0.9982213377952576,1,1,unlabeled
1472,0.9990541338920593,1,1,train
1473,0.9977178573608398,1,1,unlabeled
1474,0.999243974685669,1,1,train
1475,0.9999816417694092,1,1,unlabeled
1476,0.9999934434890747,1,1,train
1477,0.9999936819076538,1,1,unlabeled
1478,0.9951956868171692,1,1,unlabeled
1479,0.9972345232963562,1,1,unlabeled
1480,0.9978898167610168,1,1,val
1481,0.9999532699584961,1,1,unlabeled
1482,0.9999598264694214,1,1,train
1483,0.9987087249755859,1,1,unlabeled
1484,0.9999825954437256,1,1,unlabeled
1485,0.9989691972732544,1,1,unlabeled
1486,0.9998030066490173,1,1,unlabeled
1487,0.9993245601654053,1,1,unlabeled
1488,0.9976885318756104,1,1,unlabeled
1489,0.9992496371269226,1,1,train
1490,0.9999608993530273,1,1,train
1491,0.9999902248382568,1,1,unlabeled
1492,0.9981594681739807,1,1,unlabeled
1493,0.9999815225601196,1,1,unlabeled
1494,0.9751782417297363,1,1,unlabeled
1495,0.9998455047607422,1,1,unlabeled
1496,0.999675989151001,1,1,unlabeled
1497,0.9998708963394165,1,1,unlabeled
1498,0.9968427419662476,1,1,unlabeled
1499,0.9976910352706909,1,1,unlabeled
1500,0.9999608993530273,1,1,val
1501,0.9999876022338867,1,1,unlabeled
1502,0.9987204074859619,1,1,train
1503,0.9995495676994324,1,1,train
1504,0.9980588555335999,1,1,train
1505,0.9999852180480957,1,1,train
1506,0.9999926090240479,1,1,val
1507,0.9989726543426514,1,1,train
1508,0.9991751313209534,1,1,unlabeled
1509,0.9999790191650391,1,1,train
1510,0.9998306035995483,1,1,unlabeled
1511,0.9982138872146606,1,1,unlabeled
1512,0.9862949252128601,1,1,unlabeled
1513,0.9999731779098511,1,1,unlabeled
1514,0.9999876022338867,1,1,train
1515,0.9947298765182495,1,1,unlabeled
1516,0.9999667406082153,1,1,train
1517,0.9999860525131226,1,1,unlabeled
1518,0.9980068802833557,1,1,unlabeled
1519,0.9870267510414124,1,1,val
1520,0.9980144500732422,1,1,unlabeled
1521,0.9981854557991028,1,1,unlabeled
1522,0.9999743700027466,1,1,unlabeled
1523,0.9999879598617554,1,1,unlabeled
1524,0.9947493672370911,1,1,unlabeled
1525,0.9999727010726929,1,1,train
1526,0.999988317489624,1,1,unlabeled
1527,0.9976297616958618,1,1,unlabeled
1528,0.9999696016311646,1,1,unlabeled
1529,0.9975983500480652,1,1,unlabeled
1530,0.9966967105865479,1,1,unlabeled
1531,0.9999728202819824,1,1,unlabeled
1532,0.9978824257850647,1,1,unlabeled
1533,0.9985478520393372,1,1,unlabeled
1534,0.9840043783187866,1,1,unlabeled
1535,0.9997268319129944,1,1,unlabeled
1536,0.9991663694381714,1,1,unlabeled
1537,0.9929170608520508,1,1,train
1538,0.9979998469352722,1,1,unlabeled
1539,0.9998389482498169,1,1,unlabeled
1540,0.9995512366294861,1,1,unlabeled
1541,0.9962571859359741,1,1,train
1542,0.9401494860649109,1,1,unlabeled
1543,0.9971796274185181,1,1,train
1544,0.9990763664245605,1,1,train
1545,0.9986035227775574,1,1,unlabeled
1546,0.9859021902084351,1,1,train
1547,0.9986408352851868,1,1,unlabeled
1548,0.9980364441871643,1,1,unlabeled
1549,0.9994142055511475,1,1,train
1550,0.9973719120025635,1,1,unlabeled
1551,0.9759343862533569,1,1,unlabeled
1552,0.9991105198860168,1,1,train
1553,0.9999847412109375,1,1,unlabeled
1554,0.9979464411735535,1,1,unlabeled
1555,0.9853919148445129,1,1,unlabeled
1556,0.9894307851791382,1,1,unlabeled
1557,0.9553967714309692,1,1,unlabeled
1558,0.9652209877967834,1,1,unlabeled
1559,0.9959482550621033,1,1,unlabeled
1560,0.9378981590270996,1,1,unlabeled
1561,0.9971144199371338,1,1,unlabeled
1562,0.9999814033508301,1,1,train
1563,0.9980958104133606,1,1,train
1564,0.9842318296432495,1,1,unlabeled
1565,0.9991599321365356,1,1,unlabeled
1566,0.9974539875984192,1,1,unlabeled
1567,0.9952946305274963,1,1,unlabeled
1568,0.9981972575187683,1,1,unlabeled
1569,0.998880922794342,1,1,unlabeled
1570,0.9999704360961914,1,1,train
1571,0.9971083998680115,1,1,unlabeled
1572,0.9994938373565674,1,1,unlabeled
1573,0.9984423518180847,1,1,unlabeled
1574,0.9952492713928223,1,1,unlabeled
1575,0.9968149065971375,1,1,unlabeled
1576,0.9984595775604248,1,1,unlabeled
1577,0.9983950257301331,1,1,unlabeled
1578,0.9982706308364868,1,1,unlabeled
1579,0.9975007176399231,1,1,val
1580,0.9999707937240601,1,1,unlabeled
1581,0.9954291582107544,1,1,unlabeled
1582,0.9982208609580994,1,1,unlabeled
1583,0.9999810457229614,1,1,unlabeled
1584,0.9963461756706238,1,1,unlabeled
1585,0.9998114705085754,1,1,unlabeled
1586,0.9954597353935242,1,1,train
1587,0.9964091181755066,1,1,unlabeled
1588,0.9977673292160034,1,1,unlabeled
1589,0.99809330701828,1,1,unlabeled
1590,0.9978773593902588,1,1,unlabeled
1591,0.9829850792884827,1,1,unlabeled
1592,0.9945276379585266,1,1,unlabeled
1593,0.9960826635360718,1,1,unlabeled
1594,0.9956681728363037,1,1,unlabeled
1595,0.9918950200080872,1,1,train
1596,0.9975351095199585,1,1,unlabeled
1597,0.9960426092147827,1,1,unlabeled
1598,0.9951397180557251,1,1,unlabeled
1599,0.9952958226203918,1,1,unlabeled
1600,0.8882722854614258,1,0,val
1601,0.9788094162940979,1,0,unlabeled
1602,0.028240321204066277,0,0,train
1603,0.4784744381904602,1,0,unlabeled
1604,0.9588313102722168,1,0,unlabeled
1605,0.39193519949913025,1,0,unlabeled
1606,0.02907721698284149,0,0,unlabeled
1607,0.002230567391961813,0,0,unlabeled
1608,0.07678541541099548,1,0,unlabeled
1609,0.8078218102455139,1,0,unlabeled
1610,0.061177801340818405,1,0,train
1611,0.015742767602205276,0,0,unlabeled
1612,0.46500787138938904,1,0,unlabeled
1613,0.1683594286441803,1,0,train
1614,0.015371943823993206,0,0,unlabeled
1615,0.009334047324955463,0,0,unlabeled
1616,0.811109185218811,1,0,unlabeled
1617,0.0052243913523852825,0,0,unlabeled
1618,0.009208186529576778,0,0,train
1619,0.10168352723121643,1,0,unlabeled
1620,0.034984853118658066,0,0,unlabeled
1621,0.002224524272605777,0,0,unlabeled
1622,0.0021637247409671545,0,0,unlabeled
1623,0.010558756068348885,0,0,unlabeled
1624,0.0049931504763662815,0,0,unlabeled
1625,0.019442543387413025,0,0,unlabeled
1626,0.01681097410619259,0,0,train
1627,0.0014421790838241577,0,0,unlabeled
1628,0.0005833560135215521,0,0,val
1629,0.020247530192136765,0,0,unlabeled
1630,0.034984853118658066,0,0,unlabeled
1631,0.02399599365890026,0,0,unlabeled
1632,0.0008747526444494724,0,0,unlabeled
1633,0.0004155011265538633,0,0,unlabeled
1634,0.030017362907528877,0,0,train
1635,0.011606662534177303,0,0,unlabeled
1636,0.00043493349221535027,0,0,unlabeled
1637,0.002427581464871764,0,0,val
1638,0.0011070199543610215,0,0,unlabeled
1639,0.007039045449346304,0,0,train
1640,0.022779133170843124,0,0,unlabeled
1641,0.07150428742170334,1,0,unlabeled
1642,0.0078116413205862045,0,0,train
1643,0.02300722897052765,0,0,unlabeled
1644,0.0028177034109830856,0,0,train
1645,0.0009050997323356569,0,0,unlabeled
1646,0.000148455350426957,0,0,unlabeled
1647,0.0007375093409791589,0,0,unlabeled
1648,0.0001437774335499853,0,0,train
1649,0.003310790518298745,0,0,unlabeled
1650,0.0128488065674901,0,0,unlabeled
1651,0.005106206983327866,0,0,unlabeled
1652,0.00528172729536891,0,0,unlabeled
1653,0.006868547759950161,0,0,unlabeled
1654,0.011563886888325214,0,0,unlabeled
1655,0.007608357351273298,0,0,unlabeled
1656,0.11809687316417694,1,0,unlabeled
1657,0.0002536855172365904,0,0,unlabeled
1658,0.013273350894451141,0,0,unlabeled
1659,0.0005295143346302211,0,0,unlabeled
1660,0.0013111900771036744,0,0,unlabeled
1661,0.001860820921137929,0,0,train
1662,0.00020909769227728248,0,0,unlabeled
1663,0.011211533099412918,0,0,unlabeled
1664,0.0043366895988583565,0,0,unlabeled
1665,0.28785860538482666,1,0,unlabeled
1666,0.0003935044805984944,0,0,unlabeled
1667,0.05396973714232445,1,0,unlabeled
1668,0.0004722641024272889,0,0,unlabeled
1669,0.0004916630568914115,0,0,unlabeled
1670,0.04792671650648117,1,0,unlabeled
1671,0.9637342691421509,1,0,unlabeled
1672,0.9960117340087891,1,0,unlabeled
1673,0.07781942933797836,1,0,unlabeled
1674,0.0022164222318679094,0,0,unlabeled
1675,0.027627741917967796,0,0,unlabeled
1676,0.7629203200340271,1,0,unlabeled
1677,0.6105037331581116,1,0,unlabeled
1678,0.008014779537916183,0,0,unlabeled
1679,0.9276155233383179,1,0,unlabeled
1680,0.4140945374965668,1,0,val
1681,0.0011499773245304823,0,0,train
1682,0.540942907333374,1,0,unlabeled
1683,0.0011249814415350556,0,0,unlabeled
1684,0.4073275625705719,1,0,train
1685,0.1300646960735321,1,0,train
1686,0.005571586545556784,0,0,train
1687,6.184745143400505e-05,0,0,unlabeled
1688,0.0012262886157259345,0,0,unlabeled
1689,2.4531613235012628e-05,0,0,train
1690,0.0007318795542232692,0,0,unlabeled
1691,0.005723005160689354,0,0,unlabeled
1692,0.1567438691854477,1,0,unlabeled
1693,0.0019908235408365726,0,0,train
1694,0.024575544521212578,0,0,unlabeled
1695,0.0022476313170045614,0,0,unlabeled
1696,0.009303378872573376,0,0,unlabeled
1697,0.9782431125640869,1,0,unlabeled
1698,0.8127323389053345,1,0,unlabeled
1699,0.0031268708407878876,0,0,unlabeled
1700,0.0015150438994169235,0,0,train
1701,0.0003475443518254906,0,0,unlabeled
1702,0.10485191643238068,1,0,unlabeled
1703,0.011405299417674541,0,0,train
1704,0.5058903694152832,1,0,unlabeled
1705,0.05990394949913025,1,0,train
1706,0.00020312984997872263,0,0,unlabeled
1707,0.0021494473330676556,0,0,unlabeled
1708,3.330792605993338e-05,0,0,unlabeled
1709,0.00023094582138583064,0,0,unlabeled
1710,0.00045906432205811143,0,0,unlabeled
1711,0.011263317428529263,0,0,unlabeled
1712,0.03100600652396679,0,0,unlabeled
1713,9.566500375512987e-05,0,0,unlabeled
1714,0.0002107660548062995,0,0,unlabeled
1715,0.000614467600826174,0,0,unlabeled
1716,0.00954889040440321,0,0,unlabeled
1717,0.010904821567237377,0,0,unlabeled
1718,0.025084400549530983,0,0,unlabeled
1719,0.09217383712530136,1,0,train
1720,0.88124018907547,1,0,unlabeled
1721,0.11255431175231934,1,0,unlabeled
1722,0.753840982913971,1,0,unlabeled
1723,0.6955519318580627,1,0,unlabeled
1724,0.08207066357135773,1,0,unlabeled
1725,0.7288435697555542,1,0,unlabeled
1726,0.9464322924613953,1,0,unlabeled
1727,0.7244502305984497,1,0,unlabeled
1728,0.15955668687820435,1,0,unlabeled
1729,0.08409157395362854,1,0,unlabeled
1730,0.029623739421367645,0,0,train
1731,0.09451849013566971,1,0,unlabeled
1732,0.00019433151464909315,0,0,train
1733,0.025371382012963295,0,0,train
1734,0.7966336607933044,1,0,unlabeled
1735,0.0002912825730163604,0,0,unlabeled
1736,0.031426407396793365,0,0,unlabeled
1737,0.028870252892374992,0,0,train
1738,0.09749830514192581,1,0,unlabeled
1739,0.02341517247259617,0,0,unlabeled
1740,0.14563967287540436,1,0,unlabeled
1741,0.00015853655349928886,0,0,unlabeled
1742,0.00293574295938015,0,0,unlabeled
1743,0.0025850797537714243,0,0,train
1744,0.001752693671733141,0,0,unlabeled
1745,0.021336723119020462,0,0,unlabeled
1746,0.33443981409072876,1,0,val
1747,0.0014797350158914924,0,0,unlabeled
1748,0.0005717114545404911,0,0,unlabeled
1749,0.24805690348148346,1,0,unlabeled
1750,0.0021214757580310106,0,0,train
1751,0.0001996592473005876,0,0,train
1752,7.463219662895426e-05,0,0,unlabeled
1753,4.029654519399628e-05,0,0,unlabeled
1754,0.024313515052199364,0,0,unlabeled
1755,0.0005282306228764355,0,0,unlabeled
1756,0.00010594748164294288,0,0,unlabeled
1757,0.03423056751489639,0,0,train
1758,0.0027607018128037453,0,0,unlabeled
1759,0.015071772038936615,0,0,val
1760,7.440991612384096e-05,0,0,unlabeled
1761,0.0025904630310833454,0,0,unlabeled
1762,4.9238566134590656e-05,0,0,unlabeled
1763,1.4441604434978217e-05,0,0,unlabeled
1764,1.1236298632866237e-05,0,0,unlabeled
1765,5.873963164049201e-05,0,0,unlabeled
1766,1.8095082850777544e-05,0,0,unlabeled
1767,0.002930099843069911,0,0,unlabeled
1768,0.0011198134161531925,0,0,unlabeled
1769,2.4147335352608934e-05,0,0,train
1770,0.0013661881675943732,0,0,unlabeled
1771,0.0011351044522598386,0,0,train
1772,0.0009305466082878411,0,0,unlabeled
1773,0.029215920716524124,0,0,unlabeled
1774,0.03798777237534523,0,0,unlabeled
1775,0.03917238116264343,1,0,unlabeled
1776,0.0007692706421948969,0,0,train
1777,0.03958449885249138,1,0,unlabeled
1778,0.05831601098179817,1,0,unlabeled
1779,0.00015114955021999776,0,0,train
1780,0.04321007803082466,1,0,unlabeled
1781,0.0005826620035804808,0,0,unlabeled
1782,7.732279482297599e-05,0,0,unlabeled
1783,0.037857796996831894,0,0,val
1784,0.10623358935117722,1,0,unlabeled
1785,0.0013211771147325635,0,0,unlabeled
1786,0.00016133490134961903,0,0,unlabeled
1787,7.010890840319917e-05,0,0,unlabeled
1788,2.71227636403637e-05,0,0,unlabeled
1789,0.9962193369865417,1,0,unlabeled
1790,7.858770550228655e-05,0,0,unlabeled
1791,0.030195318162441254,0,0,unlabeled
1792,0.00017016648780554533,0,0,unlabeled
1793,0.03408791869878769,0,0,unlabeled
1794,0.0004226013261359185,0,0,unlabeled
1795,7.457471656380221e-05,0,0,unlabeled
1796,0.0008190844091586769,0,0,unlabeled
1797,0.00022738501138519496,0,0,train
1798,0.00017489836318418384,0,0,unlabeled
1799,0.002173252170905471,0,0,unlabeled
1800,0.02891889587044716,0,0,unlabeled
1801,0.0004717599367722869,0,0,unlabeled
1802,0.9107174873352051,1,0,unlabeled
1803,4.531677041086368e-05,0,0,unlabeled
1804,0.00557582825422287,0,0,unlabeled
1805,0.00019977998454123735,0,0,unlabeled
1806,0.0609901025891304,1,0,unlabeled
1807,0.0013991538435220718,0,0,unlabeled
1808,0.00029792095301672816,0,0,unlabeled
1809,0.00017253783880732954,0,0,train
1810,6.593840225832537e-06,0,0,unlabeled
1811,0.0006662274827249348,0,0,unlabeled
1812,1.649142723181285e-05,0,0,train
1813,3.106228541582823e-05,0,0,train
1814,2.7432502974988893e-05,0,0,unlabeled
1815,5.039852112531662e-05,0,0,unlabeled
1816,1.2234456335136201e-05,0,0,train
1817,0.0004958657664246857,0,0,unlabeled
1818,2.7717320335796103e-05,0,0,unlabeled
1819,6.34205061942339e-05,0,0,unlabeled
1820,3.178481347276829e-05,0,0,unlabeled
1821,0.0001556100760353729,0,0,train
1822,4.1249477362725884e-05,0,0,unlabeled
1823,7.223188003990799e-05,0,0,unlabeled
1824,9.996796143241227e-05,0,0,unlabeled
1825,0.0008056570659391582,0,0,unlabeled
1826,0.00254653999581933,0,0,unlabeled
1827,0.0008945866138674319,0,0,unlabeled
1828,0.0008665021741762757,0,0,unlabeled
1829,0.0018960039597004652,0,0,unlabeled
1830,0.00024908120394684374,0,0,train
1831,0.0008405992994084954,0,0,unlabeled
1832,0.0006059914012439549,0,0,unlabeled
1833,0.06492666900157928,1,0,unlabeled
1834,0.0017411326989531517,0,0,train
1835,0.00034847084316425025,0,0,unlabeled
1836,8.632742537884042e-05,0,0,unlabeled
1837,5.8270310546504334e-05,0,0,unlabeled
1838,0.00010911716526607051,0,0,unlabeled
1839,0.00013918025069870055,0,0,unlabeled
1840,0.00822896882891655,0,0,unlabeled
1841,0.0012166197411715984,0,0,unlabeled
1842,0.04353826493024826,1,0,unlabeled
1843,0.030545301735401154,0,0,unlabeled
1844,0.09019099920988083,1,0,unlabeled
1845,0.014796489849686623,0,0,unlabeled
1846,0.07308541238307953,1,0,unlabeled
1847,0.0010789554798975587,0,0,train
1848,0.0023366750683635473,0,0,unlabeled
1849,4.583413465297781e-05,0,0,unlabeled
1850,0.00026242865715175867,0,0,unlabeled
1851,0.00168157322332263,0,0,unlabeled
1852,0.03115999326109886,0,0,train
1853,0.0003637258196249604,0,0,val
1854,0.002125718630850315,0,0,unlabeled
1855,1.8707860363065265e-05,0,0,unlabeled
1856,0.0012249151477590203,0,0,train
1857,7.875364826759323e-05,0,0,val
1858,9.041228622663766e-05,0,0,unlabeled
1859,0.0015763253904879093,0,0,unlabeled
1860,0.0048833987675607204,0,0,val
1861,0.029350869357585907,0,0,train
1862,0.000482277013361454,0,0,unlabeled
1863,0.00036268806434236467,0,0,unlabeled
1864,1.837794843595475e-05,0,0,val
1865,0.2565546929836273,1,0,unlabeled
1866,0.014225861988961697,0,0,val
1867,0.00016869699175003916,0,0,unlabeled
1868,0.006176026538014412,0,0,unlabeled
1869,0.0020664867479354143,0,0,unlabeled
1870,0.00013230160402599722,0,0,train
1871,0.0002112187066813931,0,0,unlabeled
1872,0.016806088387966156,0,0,val
1873,0.0007606408908031881,0,0,train
1874,0.00021440965065266937,0,0,train
1875,0.0037933995481580496,0,0,train
1876,0.005323623772710562,0,0,unlabeled
1877,0.057772375643253326,1,0,unlabeled
1878,0.25086233019828796,1,0,unlabeled
1879,0.08190712332725525,1,0,unlabeled
1880,0.44912368059158325,1,0,unlabeled
1881,0.007324428763240576,0,0,unlabeled
1882,0.01169449184089899,0,0,unlabeled
1883,0.20573543012142181,1,0,unlabeled
1884,0.13108447194099426,1,0,unlabeled
1885,0.9968156218528748,1,0,unlabeled
1886,0.008071579970419407,0,0,val
1887,1.3158656656742096e-05,0,0,unlabeled
1888,0.009822799824178219,0,0,unlabeled
1889,0.008899178355932236,0,0,unlabeled
1890,0.14839789271354675,1,0,unlabeled
1891,0.03137441352009773,0,0,unlabeled
1892,0.8276093006134033,1,0,val
1893,0.5707034468650818,1,0,val
1894,0.0011419893708080053,0,0,train
1895,0.003216363489627838,0,0,unlabeled
1896,0.015587612986564636,0,0,train
1897,0.0010630347533151507,0,0,unlabeled
1898,0.003950317390263081,0,0,unlabeled
1899,0.008412662893533707,0,0,unlabeled
1900,0.020310087129473686,0,0,unlabeled
1901,0.0010808391962200403,0,0,unlabeled
1902,0.014500784687697887,0,0,unlabeled
1903,0.0003524177591316402,0,0,unlabeled
1904,0.015910834074020386,0,0,train
1905,0.004441229160875082,0,0,unlabeled
1906,0.00040405121399089694,0,0,train
1907,0.000329998234519735,0,0,unlabeled
1908,3.6589644878404215e-05,0,0,unlabeled
1909,3.7933730254735565e-06,0,0,unlabeled
1910,5.980414243822452e-06,0,0,unlabeled
1911,5.919574505242053e-06,0,0,unlabeled
1912,9.154049621429294e-06,0,0,unlabeled
1913,0.08622007071971893,1,0,train
1914,0.5393901467323303,1,0,unlabeled
1915,0.31053081154823303,1,0,unlabeled
1916,0.13570713996887207,1,0,unlabeled
1917,0.00016134152247104794,0,0,unlabeled
1918,0.00022217938385438174,0,0,unlabeled
1919,7.330033258767799e-05,0,0,val
1920,4.9178124754689634e-05,0,0,unlabeled
1921,0.0028784398455172777,0,0,unlabeled
1922,0.0014501590048894286,0,0,unlabeled
1923,0.016926929354667664,0,0,unlabeled
1924,0.022999700158834457,0,0,unlabeled
1925,0.09808634966611862,1,0,unlabeled
1926,0.00841225404292345,0,0,train
1927,0.003994298167526722,0,0,unlabeled
1928,0.0051257614977657795,0,0,unlabeled
1929,0.028667325153946877,0,0,unlabeled
1930,0.010304792784154415,0,0,val
1931,0.006823699921369553,0,0,unlabeled
1932,0.006683429703116417,0,0,train
1933,0.206171914935112,1,0,unlabeled
1934,0.00020565981685649604,0,0,unlabeled
1935,0.0004180862451903522,0,0,unlabeled
1936,0.0001581980031915009,0,0,unlabeled
1937,0.003186611458659172,0,0,unlabeled
1938,0.00011009828449459746,0,0,unlabeled
1939,0.003179882885888219,0,0,unlabeled
1940,0.00039994201506488025,0,0,unlabeled
1941,0.0020714919082820415,0,0,unlabeled
1942,0.0012998575111851096,0,0,train
1943,0.0024047077167779207,0,0,unlabeled
1944,0.0011876379139721394,0,0,unlabeled
1945,0.0014313242863863707,0,0,unlabeled
1946,0.0016133025055751204,0,0,unlabeled
1947,0.0005055842339061201,0,0,unlabeled
1948,0.00034567672992125154,0,0,unlabeled
1949,0.0020835050381720066,0,0,unlabeled
1950,0.0008393219322897494,0,0,unlabeled
1951,0.052513882517814636,1,0,train
1952,0.003919688984751701,0,0,unlabeled
1953,0.0057393466122448444,0,0,unlabeled
1954,0.00013963035598862916,0,0,unlabeled
1955,0.00024112056416925043,0,0,unlabeled
1956,0.0002084908919641748,0,0,train
1957,0.00017217233835253865,0,0,train
1958,8.596785482950509e-05,0,0,val
1959,0.00037742702988907695,0,0,unlabeled
1960,0.0003670707519631833,0,0,unlabeled
1961,0.0004521925584413111,0,0,unlabeled
1962,0.0005046550068072975,0,0,unlabeled
1963,0.00022802069725003093,0,0,unlabeled
1964,0.0007305368199013174,0,0,unlabeled
1965,0.0007060656789690256,0,0,unlabeled
1966,0.0005638580187223852,0,0,unlabeled
1967,0.0008495321380905807,0,0,unlabeled
1968,0.00137434306088835,0,0,unlabeled
1969,0.001250139786861837,0,0,unlabeled
1970,0.00018848520994652063,0,0,unlabeled
1971,0.00093827024102211,0,0,unlabeled
1972,0.00023276382125914097,0,0,train
1973,0.001729669515043497,0,0,unlabeled
1974,0.008072572760283947,0,0,unlabeled
1975,0.007577025797218084,0,0,unlabeled
1976,0.00516051659360528,0,0,unlabeled
1977,0.0010202538687735796,0,0,unlabeled
1978,0.007494783494621515,0,0,unlabeled
1979,0.007073447573930025,0,0,unlabeled
1980,0.007896630093455315,0,0,unlabeled
1981,0.0027715216856449842,0,0,unlabeled
1982,0.0015055499970912933,0,0,val
1983,0.00033648559474386275,0,0,unlabeled
1984,0.0021967177744954824,0,0,unlabeled
1985,0.04947812110185623,1,0,train
1986,0.0005059559480287135,0,0,unlabeled
1987,0.0011671892134472728,0,0,unlabeled
1988,0.03596934676170349,0,0,unlabeled
1989,0.0006519227754324675,0,0,train
1990,0.001123401802033186,0,0,unlabeled
1991,0.03059454821050167,0,0,val
1992,0.00027465124730952084,0,0,unlabeled
1993,0.18179060518741608,1,0,unlabeled
1994,0.000498958514072001,0,0,val
1995,0.001328656217083335,0,0,unlabeled
1996,0.0006579978507943451,0,0,unlabeled
1997,0.000707953586243093,0,0,unlabeled
1998,0.00048548384802415967,0,0,unlabeled
1999,0.0011916601797565818,0,0,unlabeled
2000,0.027229901403188705,0,0,val
2001,0.005111412610858679,0,0,unlabeled
2002,0.01136001106351614,0,0,unlabeled
2003,0.0031273909844458103,0,0,unlabeled
2004,0.0016044543590396643,0,0,train
2005,0.0034311150666326284,0,0,train
2006,0.0010514119639992714,0,0,unlabeled
2007,0.9864314198493958,1,0,unlabeled
2008,0.0004484985547605902,0,0,unlabeled
2009,0.015250025317072868,0,0,unlabeled
2010,0.0008053255151025951,0,0,unlabeled
2011,0.00026845571119338274,0,0,unlabeled
2012,0.006518848240375519,0,0,unlabeled
2013,0.0006687275017611682,0,0,unlabeled
2014,0.008325607515871525,0,0,unlabeled
2015,0.001016213558614254,0,0,unlabeled
2016,0.0006392417126335204,0,0,unlabeled
2017,0.05443261191248894,1,0,unlabeled
2018,0.12363898009061813,1,0,unlabeled
2019,0.04046417027711868,1,0,unlabeled
2020,0.01933365873992443,0,0,train
2021,0.17854277789592743,1,0,unlabeled
2022,0.00017181104340124875,0,0,unlabeled
2023,7.49794562580064e-05,0,0,unlabeled
2024,0.00011787142284447327,0,0,unlabeled
2025,0.00015580309263896197,0,0,unlabeled
2026,9.655996836954728e-05,0,0,unlabeled
2027,0.0016210488975048065,0,0,unlabeled
2028,0.17298756539821625,1,0,unlabeled
2029,0.0030379060190171003,0,0,unlabeled
2030,0.32308903336524963,1,0,unlabeled
2031,0.0007815835415385664,0,0,unlabeled
2032,0.006834656931459904,0,0,train
2033,0.004744184203445911,0,0,unlabeled
2034,0.007149044424295425,0,0,train
2035,0.0012587412493303418,0,0,unlabeled
2036,0.04822608828544617,1,0,unlabeled
2037,0.0006538261659443378,0,0,unlabeled
2038,0.0013085115933790803,0,0,unlabeled
2039,0.0002679780009202659,0,0,unlabeled
2040,0.0006794830551370978,0,0,val
2041,0.007238086313009262,0,0,val
2042,0.015911715105175972,0,0,unlabeled
2043,0.0002730921551119536,0,0,unlabeled
2044,0.007449007127434015,0,0,unlabeled
2045,0.0006156235467642546,0,0,unlabeled
2046,0.008849717676639557,0,0,unlabeled
2047,0.005362731404602528,0,0,unlabeled
2048,0.0006258708308450878,0,0,train
2049,0.00015800849359948188,0,0,train
2050,0.00012484619219321758,0,0,unlabeled
2051,9.461496665608138e-05,0,0,unlabeled
2052,0.00011653344699880108,0,0,train
2053,0.0003217133635189384,0,0,unlabeled
2054,0.180582195520401,1,0,unlabeled
2055,0.006914107594639063,0,0,unlabeled
2056,0.0012706968700513244,0,0,unlabeled
2057,0.04090800881385803,1,0,unlabeled
2058,0.00047228977200575173,0,0,unlabeled
2059,0.00016532976587768644,0,0,unlabeled
2060,0.00015110474487300962,0,0,unlabeled
2061,0.0040618907660245895,0,0,train
2062,0.9965119957923889,1,0,unlabeled
2063,0.0010624146088957787,0,0,unlabeled
2064,0.18532375991344452,1,0,unlabeled
2065,0.07946854084730148,1,0,unlabeled
2066,0.00048530453932471573,0,0,train
2067,0.0006240514339879155,0,0,unlabeled
2068,0.00022834833362139761,0,0,unlabeled
2069,0.00017002537788357586,0,0,unlabeled
2070,0.00026275712298229337,0,0,unlabeled
2071,0.016953151673078537,0,0,train
2072,0.058909785002470016,1,0,unlabeled
2073,0.00022071196872275323,0,0,unlabeled
2074,6.802905409131199e-05,0,0,unlabeled
2075,0.0004738814604934305,0,0,val
2076,0.0005387468845583498,0,0,unlabeled
2077,0.23696482181549072,1,0,unlabeled
2078,0.00021953266696073115,0,0,unlabeled
2079,0.08889171481132507,1,0,unlabeled
2080,0.16888971626758575,1,0,unlabeled
2081,0.2580120861530304,1,0,unlabeled
2082,0.588026225566864,1,0,unlabeled
2083,0.34411194920539856,1,0,unlabeled
2084,0.000443579803686589,0,0,unlabeled
2085,0.0004887794493697584,0,0,unlabeled
2086,0.576366126537323,1,0,unlabeled
2087,0.6922594308853149,1,0,unlabeled
2088,0.0025467216037213802,0,0,unlabeled
2089,0.0012988081434741616,0,0,unlabeled
2090,3.9125094190239906e-05,0,0,unlabeled
2091,0.0011583726154640317,0,0,unlabeled
2092,0.0035201285500079393,0,0,unlabeled
2093,0.0006264144321903586,0,0,unlabeled
2094,0.010934975929558277,0,0,unlabeled
2095,0.0369781069457531,0,0,unlabeled
2096,0.0024457669351249933,0,0,unlabeled
2097,0.007002230267971754,0,0,train
2098,4.7268935304600745e-05,0,0,unlabeled
2099,0.0007261324790306389,0,0,val
2100,0.0001465862151235342,0,0,train
2101,0.0004537978093139827,0,0,train
2102,0.0006393056828528643,0,0,unlabeled
2103,0.05731837823987007,1,0,unlabeled
2104,0.011447678320109844,0,0,unlabeled
2105,0.04350858926773071,1,0,unlabeled
2106,0.00015679505304433405,0,0,unlabeled
2107,3.414726597839035e-05,0,0,unlabeled
2108,0.00046231457963585854,0,0,unlabeled
2109,0.021506862714886665,0,0,unlabeled
2110,0.016161028295755386,0,0,unlabeled
2111,0.0030202113557606936,0,0,unlabeled
2112,0.009372681379318237,0,0,unlabeled
2113,0.350545734167099,1,0,unlabeled
2114,2.7081281587015837e-05,0,0,unlabeled
2115,3.208267662557773e-05,0,0,train
2116,0.0029854164458811283,0,0,unlabeled
2117,0.00035313647822476923,0,0,train
2118,0.026948271319270134,0,0,unlabeled
2119,0.03350358083844185,0,0,unlabeled
2120,0.00012046765186823905,0,0,unlabeled
2121,0.15800034999847412,1,0,unlabeled
2122,0.00022046947560738772,0,0,unlabeled
2123,0.04604339972138405,1,0,unlabeled
2124,0.00015036037075333297,0,0,unlabeled
2125,0.009998205117881298,0,0,unlabeled
2126,0.0023490386083722115,0,0,unlabeled
2127,0.0063197193667292595,0,0,train
2128,0.01290113665163517,0,0,unlabeled
2129,0.002898888662457466,0,0,unlabeled
2130,0.00015883630840107799,0,0,unlabeled
2131,5.197907375986688e-05,0,0,unlabeled
2132,0.23520316183567047,1,0,unlabeled
2133,0.0001301324082305655,0,0,unlabeled
2134,0.00012495862029027194,0,0,unlabeled
2135,0.012210415676236153,0,0,unlabeled
2136,0.017237413674592972,0,0,unlabeled
2137,0.03538201004266739,0,0,unlabeled
2138,0.060849711298942566,1,0,unlabeled
2139,9.837763172981795e-07,0,0,unlabeled
2140,2.0819254586967872e-06,0,0,unlabeled
2141,5.85310999667854e-07,0,0,val
2142,1.3830149327986874e-06,0,0,val
2143,0.002117413328960538,0,0,unlabeled
2144,0.0035977556835860014,0,0,unlabeled
2145,0.006099542137235403,0,0,unlabeled
2146,0.015343230217695236,0,0,unlabeled
2147,8.180978738892009e-07,0,0,unlabeled
2148,1.6690900110916118e-06,0,0,train
2149,4.638350219465792e-07,0,0,unlabeled
2150,1.0889119721468887e-06,0,0,unlabeled
2151,6.290247256401926e-08,0,0,unlabeled
2152,1.5705107614394365e-07,0,0,unlabeled
2153,3.453852670531887e-08,0,0,val
2154,9.718768723132598e-08,0,0,unlabeled
2155,6.46152500394237e-08,0,0,unlabeled
2156,1.7502010507541854e-07,0,0,unlabeled
2157,3.823496541599525e-08,0,0,unlabeled
2158,1.0426099805727063e-07,0,0,unlabeled
2159,0.0006607855320908129,0,0,unlabeled
2160,0.0018732695607468486,0,0,unlabeled
2161,0.0013462378410622478,0,0,unlabeled
2162,2.0092021202344768e-07,0,0,unlabeled
2163,6.031649490978452e-07,0,0,unlabeled
2164,1.2213351396894723e-07,0,0,train
2165,0.007461356930434704,0,0,unlabeled
2166,0.025947697460651398,0,0,val
2167,0.0013567752903327346,0,0,unlabeled
2168,0.0328192412853241,0,0,unlabeled
2169,0.0839008316397667,1,0,unlabeled
2170,2.3411482743540546e-06,0,0,train
2171,1.6201986454689177e-06,0,0,unlabeled
2172,0.00017886518617160618,0,0,unlabeled
2173,0.0004730097425635904,0,0,unlabeled
2174,0.0003594947629608214,0,0,unlabeled
2175,0.00045853180927224457,0,0,unlabeled
2176,0.0014096152735874057,0,0,train
2177,0.0016721521969884634,0,0,val
2178,1.9230283498927747e-07,0,0,unlabeled
2179,5.096023869555211e-07,0,0,unlabeled
2180,1.1454773130026297e-07,0,0,unlabeled
2181,1.4948291493510624e-07,0,0,unlabeled
2182,3.3932633414224256e-07,0,0,unlabeled
2183,4.392465484670538e-07,0,0,unlabeled
2184,0.002070796210318804,0,0,unlabeled
2185,0.00798436813056469,0,0,unlabeled
2186,0.0001660959533182904,0,0,unlabeled
2187,0.00023072946351021528,0,0,unlabeled
2188,0.0057408735156059265,0,0,unlabeled
2189,0.01080375723540783,0,0,unlabeled
2190,2.2331919353746343e-06,0,0,unlabeled
2191,1.5070219205881585e-06,0,0,unlabeled
2192,6.957723144296324e-07,0,0,train
2193,1.3178108929423615e-05,0,0,unlabeled
2194,1.3959524039819371e-05,0,0,train
2195,8.032528739931877e-07,0,0,unlabeled
2196,9.24151208891999e-07,0,0,unlabeled
2197,6.364546152326511e-07,0,0,unlabeled
2198,8.401924787904136e-06,0,0,unlabeled
2199,7.467718660336686e-06,0,0,unlabeled
2200,9.384106306242757e-06,0,0,unlabeled
2201,1.762340140487595e-08,0,0,unlabeled
2202,5.481973985865807e-08,0,0,train
2203,9.812791468277737e-09,0,0,unlabeled
2204,2.0916694154493598e-08,0,0,unlabeled
2205,1.1509508901497156e-08,0,0,val
2206,1.7061394430584187e-07,0,0,unlabeled
2207,1.7827977316642318e-08,0,0,unlabeled
2208,5.416670845193039e-08,0,0,unlabeled
2209,1.053920151150578e-08,0,0,unlabeled
2210,1.481445632833811e-08,0,0,unlabeled
2211,3.57151179741777e-08,0,0,unlabeled
2212,5.3242274589138106e-08,0,0,unlabeled
2213,2.3933036885637193e-08,0,0,unlabeled
2214,1.3308270929712762e-08,0,0,unlabeled
2215,1.9580090437898434e-08,0,0,unlabeled
2216,2.3137246785154275e-07,0,0,unlabeled
2217,0.004596823360770941,0,0,unlabeled
2218,5.33406137037673e-07,0,0,unlabeled
2219,0.00037588461418636143,0,0,train
2220,0.0006039801519364119,0,0,unlabeled
2221,1.7556023124143394e-07,0,0,unlabeled
2222,4.063118126396148e-07,0,0,unlabeled
2223,1.7652434181059107e-08,0,0,val
2224,1.7366531324114476e-08,0,0,unlabeled
2225,4.808891773677715e-08,0,0,unlabeled
2226,0.0007697938708588481,0,0,unlabeled
2227,9.686179680556961e-08,0,0,unlabeled
2228,1.0376459691485707e-08,0,0,unlabeled
2229,0.00017120351549237967,0,0,val
2230,0.0005478532984852791,0,0,unlabeled
2231,5.197252406219377e-08,0,0,train
2232,1.6229978427872993e-07,0,0,unlabeled
2233,5.38504718861077e-05,0,0,unlabeled
2234,0.00011811084550572559,0,0,unlabeled
2235,0.0001817997545003891,0,0,unlabeled
2236,4.517604779152862e-08,0,0,unlabeled
2237,1.3471971271883376e-07,0,0,unlabeled
2238,0.0006945665809325874,0,0,unlabeled
2239,6.149523687781766e-05,0,0,unlabeled
2240,6.63098253426142e-05,0,0,unlabeled
2241,0.002243723953142762,0,0,train
2242,5.811178880321677e-07,0,0,unlabeled
2243,4.6997143954286e-09,0,0,train
2244,4.566375721992699e-09,0,0,unlabeled
2245,1.4373899404063195e-08,0,0,unlabeled
2246,1.601201660150764e-08,0,0,unlabeled
2247,7.718222505559424e-09,0,0,unlabeled
2248,9.43443989598336e-09,0,0,unlabeled
2249,8.001779150390576e-08,0,0,train
2250,1.0104301395585935e-07,0,0,unlabeled
2251,7.643380740773864e-06,0,0,unlabeled
2252,8.599939064879436e-06,0,0,train
2253,4.198287115286803e-06,0,0,unlabeled
2254,6.472298264270648e-05,0,0,val
2255,2.6715635925711467e-08,0,0,unlabeled
2256,1.3362304116526502e-06,0,0,unlabeled
2257,1.8678358628676506e-06,0,0,unlabeled
2258,1.0046405805042014e-06,0,0,unlabeled
2259,2.7354014608960142e-09,0,0,unlabeled
2260,3.270972229074687e-05,0,0,unlabeled
2261,2.1746254219578987e-07,0,0,unlabeled
2262,0.0001149093804997392,0,0,unlabeled
2263,1.146270776075653e-07,0,0,train
2264,1.1875318506326948e-07,0,0,unlabeled
2265,7.382841005210139e-08,0,0,unlabeled
2266,8.545514901925344e-06,0,0,unlabeled
2267,4.1528328438289464e-05,0,0,unlabeled
2268,1.7134252630057745e-05,0,0,unlabeled
2269,9.243974830042134e-08,0,0,train
2270,4.577383094783727e-08,0,0,unlabeled
2271,3.852293772865778e-08,0,0,unlabeled
2272,4.428714532878075e-07,0,0,unlabeled
2273,4.457268971691519e-07,0,0,unlabeled
2274,0.00012136388249928132,0,0,unlabeled
2275,6.516560824820772e-05,0,0,unlabeled
2276,0.00013281770225148648,0,0,unlabeled
2277,9.830251656239852e-05,0,0,unlabeled
2278,6.210338483469968e-07,0,0,train
2279,3.463643588474952e-05,0,0,unlabeled
2280,2.746317841229029e-05,0,0,unlabeled
2281,7.84525545896031e-05,0,0,unlabeled
2282,8.032269960267513e-08,0,0,unlabeled
2283,7.20790631021373e-05,0,0,unlabeled
2284,1.9457482380857982e-07,0,0,val
2285,2.0607400074368343e-05,0,0,unlabeled
2286,5.9736663388321176e-05,0,0,unlabeled
2287,0.00014845818805042654,0,0,unlabeled
2288,0.00019871894619427621,0,0,train
2289,6.505651253974065e-05,0,0,unlabeled
2290,0.00011744530638679862,0,0,unlabeled
2291,8.552451618015766e-05,0,0,unlabeled
2292,3.038699651369825e-05,0,0,unlabeled
2293,1.7189206857892714e-07,0,0,unlabeled
2294,1.8469505391749408e-07,0,0,train
2295,1.5000995517766569e-05,0,0,unlabeled
2296,1.3096960174152628e-05,0,0,unlabeled
2297,5.978350600344129e-05,0,0,unlabeled
2298,1.801233224796306e-07,0,0,train
2299,5.992220394546166e-05,0,0,unlabeled
2300,0.0003408726479392499,0,0,unlabeled
2301,0.00016428928938694298,0,0,unlabeled
2302,3.5427670809440315e-05,0,0,unlabeled
2303,8.002349204616621e-05,0,0,unlabeled
2304,9.108398080570623e-05,0,0,train
2305,3.830333662335761e-05,0,0,unlabeled
2306,0.00012480810983106494,0,0,val
2307,1.1199613254575524e-05,0,0,unlabeled
2308,0.00029007039847783744,0,0,unlabeled
2309,1.224183233716758e-05,0,0,unlabeled
2310,0.00020676778513006866,0,0,train
2311,1.2816819889849285e-06,0,0,train
2312,2.7087429771199822e-05,0,0,unlabeled
2313,2.6344625439378433e-05,0,0,unlabeled
2314,5.7627908972790465e-05,0,0,unlabeled
2315,3.1309005862567574e-05,0,0,train
2316,6.082464096834883e-05,0,0,unlabeled
2317,2.6262696337653324e-05,0,0,unlabeled
2318,5.916146983508952e-05,0,0,unlabeled
2319,8.284846262540668e-05,0,0,unlabeled
2320,1.0037940228357911e-05,0,0,unlabeled
2321,7.453453235939378e-06,0,0,unlabeled
2322,9.514863450021949e-06,0,0,unlabeled
2323,7.271615231729811e-06,0,0,unlabeled
2324,1.4695871186631848e-06,0,0,unlabeled
2325,0.0004622269480023533,0,0,unlabeled
2326,0.002269059419631958,0,0,unlabeled
2327,0.00010872093844227493,0,0,unlabeled
2328,2.608052636787761e-05,0,0,unlabeled
2329,3.2962958357529715e-05,0,0,unlabeled
2330,4.147743311477825e-05,0,0,unlabeled
2331,4.4908072595717385e-05,0,0,unlabeled
2332,1.642945335333934e-07,0,0,unlabeled
2333,1.9240829374211899e-07,0,0,train
2334,8.947596086272824e-08,0,0,unlabeled
2335,1.8692453522817232e-05,0,0,unlabeled
2336,1.8523374819778837e-05,0,0,unlabeled
2337,1.1401252777432092e-05,0,0,unlabeled
2338,1.5744182746857405e-05,0,0,unlabeled
2339,5.291664274409413e-05,0,0,unlabeled
2340,1.4013183317729272e-05,0,0,unlabeled
2341,1.7800826753955334e-05,0,0,unlabeled
2342,2.0767714886460453e-05,0,0,train
2343,1.7004362007355667e-07,0,0,unlabeled
2344,1.0736602717997812e-07,0,0,train
2345,8.910003816708922e-05,0,0,val
2346,7.325502338062506e-06,0,0,unlabeled
2347,8.798146154731512e-06,0,0,unlabeled
2348,0.0006259185611270368,0,0,unlabeled
2349,7.668101716262754e-06,0,0,unlabeled
2350,9.194654921884649e-06,0,0,unlabeled
2351,0.00019228451128583401,0,0,unlabeled
2352,5.826833557875943e-07,0,0,unlabeled
2353,0.00014744358486495912,0,0,train
2354,2.952539944089949e-05,0,0,unlabeled
2355,5.4004438425181434e-05,0,0,unlabeled
2356,7.878752512624487e-05,0,0,unlabeled
2357,6.128442328190431e-05,0,0,unlabeled
2358,1.1270512004557531e-05,0,0,train
2359,0.00010622243280522525,0,0,unlabeled
2360,2.9485418053809553e-05,0,0,train
2361,0.00010504171223146841,0,0,unlabeled
2362,7.964573887875304e-05,0,0,unlabeled
2363,6.75111441523768e-05,0,0,unlabeled
2364,1.0523468517931178e-05,0,0,unlabeled
2365,0.9999923706054688,1,1,train
2366,0.9999994039535522,1,1,train
2367,0.9999843835830688,1,1,unlabeled
2368,0.9999990463256836,1,1,unlabeled
2369,0.9999666213989258,1,1,unlabeled
2370,0.9998667240142822,1,1,unlabeled
2371,0.9999946355819702,1,1,unlabeled
2372,0.9997343420982361,1,1,unlabeled
2373,0.999991774559021,1,1,unlabeled
2374,0.9999973773956299,1,1,val
2375,0.9999973773956299,1,1,unlabeled
2376,0.9999971389770508,1,1,unlabeled
2377,0.9989749193191528,1,1,unlabeled
2378,0.9995823502540588,1,1,unlabeled
2379,0.9996156692504883,1,1,unlabeled
2380,0.9999885559082031,1,1,unlabeled
2381,0.999998927116394,1,1,unlabeled
2382,0.9999871253967285,1,1,unlabeled
2383,0.9932636022567749,1,1,unlabeled
2384,0.9978048205375671,1,1,unlabeled
2385,0.9993863105773926,1,1,unlabeled
2386,0.9997549653053284,1,1,unlabeled
2387,0.9994003772735596,1,1,unlabeled
2388,0.9994557499885559,1,1,unlabeled
2389,0.9999943971633911,1,1,unlabeled
2390,0.9999983310699463,1,1,val
2391,0.9999997615814209,1,1,unlabeled
2392,0.9999997615814209,1,1,unlabeled
2393,0.9988518953323364,1,1,unlabeled
2394,0.9996578693389893,1,1,unlabeled
2395,0.9994745850563049,1,1,unlabeled
2396,0.9999852180480957,1,1,train
2397,0.9999955892562866,1,1,unlabeled
2398,0.9948144555091858,1,1,unlabeled
2399,0.9986960291862488,1,1,unlabeled
2400,0.9965708255767822,1,1,unlabeled
2401,0.9986228942871094,1,1,unlabeled
2402,0.9999781847000122,1,1,unlabeled
2403,0.9991084933280945,1,1,unlabeled
2404,0.9983119964599609,1,1,unlabeled
2405,0.9999650716781616,1,1,unlabeled
2406,0.9986897110939026,1,1,unlabeled
2407,0.9994511008262634,1,1,train
2408,0.9999879598617554,1,1,unlabeled
2409,0.9994634985923767,1,1,unlabeled
2410,1.0,1,1,unlabeled
2411,0.9988608360290527,1,1,unlabeled
2412,0.999278724193573,1,1,unlabeled
2413,0.9996052384376526,1,1,unlabeled
2414,0.9986070990562439,1,1,unlabeled
2415,0.9995259046554565,1,1,unlabeled
2416,0.9999681711196899,1,1,unlabeled
2417,0.9995480179786682,1,1,unlabeled
2418,0.9999854564666748,1,1,unlabeled
2419,0.9994738698005676,1,1,unlabeled
2420,0.9999899864196777,1,1,unlabeled
2421,0.9995427131652832,1,1,unlabeled
2422,0.9998107552528381,1,1,unlabeled
2423,0.9989691972732544,1,1,unlabeled
2424,0.9901112914085388,1,1,unlabeled
2425,0.9991544485092163,1,1,unlabeled
2426,0.9999797344207764,1,1,unlabeled
2427,0.997784435749054,1,1,unlabeled
2428,0.9999959468841553,1,1,unlabeled
2429,0.9999958276748657,1,1,unlabeled
2430,0.9986132383346558,1,1,unlabeled
2431,0.9993083477020264,1,1,unlabeled
2432,0.9999940395355225,1,1,unlabeled
2433,0.9999834299087524,1,1,unlabeled
2434,0.9999806880950928,1,1,unlabeled
2435,0.9985878467559814,1,1,val
2436,0.996644914150238,1,1,unlabeled
2437,0.9957212209701538,1,1,unlabeled
2438,0.9993497729301453,1,1,unlabeled
2439,0.9991509914398193,1,1,unlabeled
2440,0.9999920129776001,1,1,unlabeled
2441,0.9999920129776001,1,1,unlabeled
2442,0.9991850256919861,1,1,unlabeled
2443,0.9999892711639404,1,1,train
2444,0.9999898672103882,1,1,unlabeled
2445,0.9999760389328003,1,1,unlabeled
2446,0.9999774694442749,1,1,unlabeled
2447,0.9999997615814209,1,1,unlabeled
2448,1.0,1,1,unlabeled
2449,0.9999994039535522,1,1,unlabeled
2450,0.9999998807907104,1,1,unlabeled
2451,0.9999996423721313,1,1,unlabeled
2452,0.9999425411224365,1,1,unlabeled
2453,0.9999852180480957,1,1,unlabeled
2454,0.9999532699584961,1,1,unlabeled
2455,0.9999991655349731,1,1,unlabeled
2456,0.9999587535858154,1,1,unlabeled
2457,0.9998433589935303,1,1,unlabeled
2458,0.9999980926513672,1,1,unlabeled
2459,0.9999831914901733,1,1,train
2460,0.9999899864196777,1,1,unlabeled
2461,0.9999996423721313,1,1,unlabeled
2462,0.9999897480010986,1,1,unlabeled
2463,0.9999986886978149,1,1,unlabeled
2464,0.9999833106994629,1,1,train
2465,0.9999971389770508,1,1,unlabeled
2466,0.9998934268951416,1,1,unlabeled
2467,0.9999926090240479,1,1,unlabeled
2468,0.9999997615814209,1,1,unlabeled
2469,0.9998077750205994,1,1,unlabeled
2470,0.9999939203262329,1,1,val
2471,0.9992296695709229,1,1,unlabeled
2472,0.9883812069892883,1,1,unlabeled
2473,0.11919545382261276,1,1,unlabeled
2474,0.9977745413780212,1,1,val
2475,0.9751908183097839,1,1,train
2476,0.09054573625326157,1,1,unlabeled
2477,0.8547729253768921,1,1,unlabeled
2478,0.999477207660675,1,1,unlabeled
2479,0.9971627593040466,1,1,unlabeled
2480,0.9351940155029297,1,1,unlabeled
2481,0.9999963045120239,1,1,train
2482,0.9998863935470581,1,1,unlabeled
2483,0.9999725818634033,1,1,unlabeled
2484,0.999995231628418,1,1,unlabeled
2485,0.9999772310256958,1,1,unlabeled
2486,0.9999982118606567,1,1,unlabeled
2487,0.9999910593032837,1,1,train
2488,0.9999912977218628,1,1,unlabeled
2489,0.9999470710754395,1,1,unlabeled
2490,0.9999774694442749,1,1,unlabeled
2491,0.9999992847442627,1,1,unlabeled
2492,0.9992169141769409,1,1,unlabeled
2493,0.9997918009757996,1,1,unlabeled
2494,0.9997166991233826,1,1,unlabeled
2495,0.9996984004974365,1,1,unlabeled
2496,0.9999003410339355,1,1,unlabeled
2497,0.9995170831680298,1,1,unlabeled
2498,0.9999995231628418,1,1,unlabeled
2499,0.9999995231628418,1,1,unlabeled
2500,0.9999998807907104,1,1,unlabeled
2501,0.9999986886978149,1,1,unlabeled
2502,0.9999988079071045,1,1,val
2503,0.9999996423721313,1,1,unlabeled
2504,0.9999945163726807,1,1,unlabeled
2505,0.9999954700469971,1,1,unlabeled
2506,0.999987006187439,1,1,unlabeled
2507,0.9996868371963501,1,1,unlabeled
2508,0.9979040622711182,1,1,unlabeled
2509,0.9989514350891113,1,1,val
2510,0.9998948574066162,1,1,unlabeled
2511,0.999437153339386,1,1,unlabeled
2512,0.9997043013572693,1,1,unlabeled
2513,0.9929394721984863,1,1,unlabeled
2514,0.9998806715011597,1,1,unlabeled
2515,0.9989251494407654,1,1,unlabeled
2516,0.9999145269393921,1,1,unlabeled
2517,0.9994385838508606,1,1,unlabeled
2518,0.9983194470405579,1,1,unlabeled
2519,0.9837571978569031,1,1,unlabeled
2520,0.9941902160644531,1,1,unlabeled
2521,0.9995704293251038,1,1,unlabeled
2522,0.9960336089134216,1,1,train
2523,0.9931300282478333,1,1,unlabeled
2524,0.9906683564186096,1,1,train
2525,0.9992735981941223,1,1,unlabeled
2526,0.9875849485397339,1,1,unlabeled
2527,0.9963647723197937,1,1,unlabeled
2528,0.9919878244400024,1,1,unlabeled
2529,0.9999862909317017,1,1,unlabeled
2530,0.9999953508377075,1,1,unlabeled
2531,0.9999954700469971,1,1,unlabeled
2532,0.9986684322357178,1,1,train
2533,0.9996117949485779,1,1,train
2534,0.9994658827781677,1,1,unlabeled
2535,0.9999889135360718,1,1,unlabeled
2536,0.9997785687446594,1,1,val
2537,0.9999918937683105,1,1,unlabeled
2538,0.99996018409729,1,1,unlabeled
2539,0.9999934434890747,1,1,unlabeled
2540,0.9999687671661377,1,1,unlabeled
2541,0.9999980926513672,1,1,unlabeled
2542,0.9999878406524658,1,1,unlabeled
2543,0.9999984502792358,1,1,unlabeled
2544,0.9999895095825195,1,1,train
2545,0.9998944997787476,1,1,unlabeled
2546,0.9999997615814209,1,1,train
2547,0.9999997615814209,1,1,unlabeled
2548,0.9999895095825195,1,1,train
2549,0.999976396560669,1,1,unlabeled
2550,0.9997941851615906,1,1,unlabeled
2551,0.9988569021224976,1,1,train
2552,0.999855637550354,1,1,unlabeled
2553,0.9994555115699768,1,1,unlabeled
2554,0.9980142116546631,1,1,unlabeled
2555,0.999982476234436,1,1,unlabeled
2556,0.9999213218688965,1,1,train
2557,0.9999383687973022,1,1,unlabeled
2558,0.9999949932098389,1,1,val
2559,0.9999778270721436,1,1,unlabeled
2560,0.9999428987503052,1,1,unlabeled
2561,0.998989999294281,1,1,train
2562,0.9863603115081787,1,1,unlabeled
2563,0.9822861552238464,1,1,unlabeled
2564,0.999968409538269,1,1,unlabeled
2565,1.0,1,1,unlabeled
2566,0.999925971031189,1,1,train
2567,0.9999550580978394,1,1,unlabeled
2568,0.9995940327644348,1,1,unlabeled
2569,0.9999754428863525,1,1,unlabeled
2570,0.9999127388000488,1,1,unlabeled
2571,0.9999105930328369,1,1,unlabeled
2572,0.9995666146278381,1,1,unlabeled
2573,0.9999933242797852,1,1,unlabeled
2574,0.9999675750732422,1,1,unlabeled
2575,0.9996665716171265,1,1,unlabeled
2576,0.9999352693557739,1,1,unlabeled
2577,0.9996059536933899,1,1,unlabeled
2578,0.8381327986717224,1,1,unlabeled
2579,0.9973868727684021,1,1,unlabeled
2580,0.02910645119845867,0,1,unlabeled
2581,0.7039270997047424,1,1,unlabeled
2582,0.9391554594039917,1,1,unlabeled
2583,0.9999368190765381,1,1,unlabeled
2584,0.9999876022338867,1,1,unlabeled
2585,0.9999451637268066,1,1,unlabeled
2586,0.999963641166687,1,1,unlabeled
2587,0.9999566078186035,1,1,unlabeled
2588,0.9999897480010986,1,1,val
2589,0.9999552965164185,1,1,unlabeled
2590,0.995934009552002,1,1,train
2591,0.999887228012085,1,1,unlabeled
2592,0.9998958110809326,1,1,unlabeled
2593,0.9853061437606812,1,1,unlabeled
2594,0.9995543360710144,1,1,unlabeled
2595,0.9993789196014404,1,1,train
2596,0.9999735355377197,1,1,unlabeled
2597,0.9999425411224365,1,1,train
2598,0.9983692765235901,1,1,train
2599,0.9459492564201355,1,1,unlabeled
2600,0.9994445443153381,1,1,unlabeled
2601,0.9895074963569641,1,1,unlabeled
2602,0.9999830722808838,1,1,unlabeled
2603,0.5479398369789124,1,1,unlabeled
2604,0.9990891218185425,1,1,unlabeled
2605,0.9999890327453613,1,1,unlabeled
2606,0.9999988079071045,1,1,val
2607,0.9999995231628418,1,1,unlabeled
2608,0.9999686479568481,1,1,unlabeled
2609,0.9999881982803345,1,1,unlabeled
2610,0.9991211295127869,1,1,unlabeled
2611,0.9999802112579346,1,1,unlabeled
2612,0.99815434217453,1,1,unlabeled
2613,0.9999762773513794,1,1,unlabeled
2614,0.9985346794128418,1,1,unlabeled
2615,0.999998927116394,1,1,unlabeled
2616,0.9999995231628418,1,1,unlabeled
2617,0.9996641874313354,1,1,train
2618,0.9999594688415527,1,1,unlabeled
2619,0.9886752367019653,1,1,unlabeled
2620,0.9999971389770508,1,1,unlabeled
2621,0.9977349042892456,1,1,train
2622,0.9999641180038452,1,1,train
2623,0.9983356595039368,1,1,unlabeled
2624,0.9999988079071045,1,1,unlabeled
2625,0.9999998807907104,1,1,unlabeled
2626,0.9999954700469971,1,1,train
2627,0.9998061060905457,1,1,unlabeled
2628,0.9998995065689087,1,1,unlabeled
2629,0.8245422840118408,1,1,unlabeled
2630,0.9999700784683228,1,1,unlabeled
2631,0.9998519420623779,1,1,train
2632,0.9960365891456604,1,1,unlabeled
2633,0.9999977350234985,1,1,unlabeled
2634,0.9999614953994751,1,1,unlabeled
2635,0.9999990463256836,1,1,unlabeled
2636,1.0,1,1,unlabeled
2637,0.9998798370361328,1,1,unlabeled
2638,0.9999963045120239,1,1,unlabeled
2639,0.9939764738082886,1,1,unlabeled
2640,0.9915754199028015,1,1,unlabeled
2641,0.9960436820983887,1,1,train
2642,0.9999250173568726,1,1,unlabeled
2643,0.9998890161514282,1,1,unlabeled
2644,0.999573290348053,1,1,unlabeled
2645,0.998013973236084,1,1,unlabeled
2646,0.9981130361557007,1,1,unlabeled
2647,0.9992177486419678,1,1,unlabeled
2648,0.9995112419128418,1,1,unlabeled
2649,0.9999805688858032,1,1,unlabeled
2650,0.9999994039535522,1,1,unlabeled
2651,0.9999798536300659,1,1,train
2652,0.9999978542327881,1,1,unlabeled
2653,0.9956967830657959,1,1,unlabeled
2654,0.9997361302375793,1,1,unlabeled
2655,0.9990670084953308,1,1,unlabeled
2656,0.9999897480010986,1,1,unlabeled
2657,0.9991377592086792,1,1,unlabeled
2658,0.9999877214431763,1,1,unlabeled
2659,0.9651080369949341,1,1,train
2660,0.9970819354057312,1,1,unlabeled
2661,0.9988790154457092,1,1,unlabeled
2662,0.9999866485595703,1,1,unlabeled
2663,0.9999696016311646,1,1,unlabeled
2664,0.9999860525131226,1,1,unlabeled
2665,0.9994038343429565,1,1,unlabeled
2666,0.9976232647895813,1,1,unlabeled
2667,0.9956259727478027,1,1,unlabeled
2668,0.9999934434890747,1,1,val
2669,0.9917230010032654,1,1,unlabeled
2670,0.9990746974945068,1,1,unlabeled
2671,0.9999945163726807,1,1,unlabeled
2672,0.9992948770523071,1,1,unlabeled
2673,0.9960105419158936,1,1,unlabeled
2674,0.9980280995368958,1,1,unlabeled
2675,0.9996752738952637,1,1,train
2676,0.9999815225601196,1,1,unlabeled
2677,0.9999916553497314,1,1,unlabeled
2678,0.9989354014396667,1,1,unlabeled
2679,0.9983437061309814,1,1,unlabeled
2680,0.9999608993530273,1,1,val
2681,0.9999864101409912,1,1,unlabeled
2682,0.9999985694885254,1,1,unlabeled
2683,0.9973809123039246,1,1,unlabeled
2684,0.996615469455719,1,1,unlabeled
2685,0.9991932511329651,1,1,unlabeled
2686,0.9993093013763428,1,1,unlabeled
2687,0.9999719858169556,1,1,unlabeled
2688,0.9999990463256836,1,1,unlabeled
2689,0.9998645782470703,1,1,unlabeled
2690,0.9999562501907349,1,1,unlabeled
2691,0.9999654293060303,1,1,unlabeled
2692,0.9998323917388916,1,1,unlabeled
2693,0.8373748064041138,1,1,unlabeled
2694,0.6898649334907532,1,1,unlabeled
2695,0.9971814155578613,1,1,unlabeled
2696,0.9984387755393982,1,1,unlabeled
2697,0.9999524354934692,1,1,unlabeled
2698,0.9999923706054688,1,1,train
2699,0.9999829530715942,1,1,unlabeled
2700,0.9999982118606567,1,1,unlabeled
2701,0.9999994039535522,1,1,train
2702,0.9999802112579346,1,1,unlabeled
2703,0.9996840953826904,1,1,unlabeled
2704,0.998943030834198,1,1,unlabeled
2705,0.9964859485626221,1,1,unlabeled
2706,0.9985313415527344,1,1,unlabeled
2707,0.9999637603759766,1,1,train
2708,0.9999668598175049,1,1,unlabeled
2709,0.9999877214431763,1,1,unlabeled
2710,0.9999896287918091,1,1,unlabeled
2711,0.9945403933525085,1,1,unlabeled
2712,0.9970759153366089,1,1,unlabeled
2713,0.9967041611671448,1,1,unlabeled
2714,0.9985472559928894,1,1,unlabeled
2715,0.9999598264694214,1,1,unlabeled
2716,0.9972991347312927,1,1,unlabeled
2717,0.9999828338623047,1,1,unlabeled
2718,0.9999401569366455,1,1,unlabeled
2719,0.9999650716781616,1,1,unlabeled
2720,0.9983135461807251,1,1,unlabeled
2721,0.9890233278274536,1,1,unlabeled
2722,0.9464905858039856,1,1,train
2723,0.9765241146087646,1,1,unlabeled
2724,0.9755538702011108,1,1,unlabeled
2725,0.7662355303764343,1,1,unlabeled
2726,0.9999818801879883,1,1,unlabeled
2727,0.9999929666519165,1,1,unlabeled
2728,0.9999935626983643,1,1,unlabeled
2729,0.9999703168869019,1,1,unlabeled
2730,0.9999891519546509,1,1,unlabeled
2731,0.9986017346382141,1,1,unlabeled
2732,0.9992246627807617,1,1,unlabeled
2733,0.9999167919158936,1,1,unlabeled
2734,0.9999654293060303,1,1,unlabeled
2735,0.9954955577850342,1,1,unlabeled
2736,0.9968346953392029,1,1,unlabeled
2737,0.8259024024009705,1,1,unlabeled
2738,0.9996533393859863,1,1,unlabeled
2739,0.9978773593902588,1,1,unlabeled
2740,0.9999998807907104,1,1,unlabeled
2741,0.9999998807907104,1,1,unlabeled
2742,0.9999996423721313,1,1,unlabeled
2743,0.9999997615814209,1,1,train
2744,0.9788094162940979,1,1,unlabeled
2745,0.9675762057304382,1,1,unlabeled
2746,0.9588313102722168,1,1,unlabeled
2747,0.985044538974762,1,1,unlabeled
2748,0.1884261667728424,1,1,unlabeled
2749,0.21354982256889343,1,1,unlabeled
2750,0.9785471558570862,1,1,unlabeled
2751,0.9907273054122925,1,1,unlabeled
2752,0.9990288019180298,1,1,unlabeled
2753,0.9952728152275085,1,1,unlabeled
2754,0.9945223331451416,1,1,train
2755,0.9989626407623291,1,1,unlabeled
2756,0.9982665181159973,1,1,unlabeled
2757,0.9973320960998535,1,1,unlabeled
2758,0.9963592886924744,1,1,unlabeled
2759,0.9907273054122925,1,1,unlabeled
2760,0.37320220470428467,1,1,unlabeled
2761,0.28643396496772766,1,1,unlabeled
2762,0.811109185218811,1,1,train
2763,0.7196754813194275,1,1,train
2764,0.8503903150558472,1,1,unlabeled
2765,0.4569687247276306,1,1,unlabeled
2766,0.9987210631370544,1,1,unlabeled
2767,0.22649724781513214,1,1,unlabeled
2768,0.9998363256454468,1,1,unlabeled
2769,0.9998875856399536,1,1,train
2770,0.9881815314292908,1,1,train
2771,0.9984973669052124,1,1,unlabeled
2772,0.8068413138389587,1,1,unlabeled
2773,0.9930295348167419,1,1,unlabeled
2774,0.9324984550476074,1,1,unlabeled
2775,0.9961523413658142,1,1,unlabeled
2776,0.25345978140830994,1,1,unlabeled
2777,0.9668647050857544,1,1,val
2778,0.9934322834014893,1,1,unlabeled
2779,0.9998582601547241,1,1,unlabeled
2780,0.9908812046051025,1,1,unlabeled
2781,0.996455729007721,1,1,unlabeled
2782,0.9962175488471985,1,1,unlabeled
2783,0.9978860020637512,1,1,unlabeled
2784,0.9923985600471497,1,1,train
2785,0.9999279975891113,1,1,unlabeled
2786,0.9987454414367676,1,1,unlabeled
2787,0.9966641068458557,1,1,val
2788,0.9997326731681824,1,1,train
2789,0.9996838569641113,1,1,unlabeled
2790,0.9995483756065369,1,1,train
2791,0.9999150037765503,1,1,unlabeled
2792,0.8950157761573792,1,1,unlabeled
2793,0.9992066025733948,1,1,unlabeled
2794,0.9985824823379517,1,1,unlabeled
2795,0.9929682612419128,1,1,unlabeled
2796,0.9912784695625305,1,1,unlabeled
2797,0.9991438388824463,1,1,unlabeled
2798,0.9998968839645386,1,1,unlabeled
2799,0.9999136924743652,1,1,unlabeled
2800,0.9990966320037842,1,1,unlabeled
2801,0.9991439580917358,1,1,train
2802,0.9880427122116089,1,1,train
2803,0.9976500868797302,1,1,unlabeled
2804,0.9889877438545227,1,1,unlabeled
2805,0.9960117340087891,1,1,unlabeled
2806,0.9979225993156433,1,1,train
2807,0.9964891672134399,1,1,val
2808,0.997208297252655,1,1,unlabeled
2809,0.9998175501823425,1,1,unlabeled
2810,0.9999192953109741,1,1,train
2811,0.999935507774353,1,1,unlabeled
2812,0.9997442364692688,1,1,unlabeled
2813,0.9998366832733154,1,1,unlabeled
2814,0.9998792409896851,1,1,unlabeled
2815,0.9995266199111938,1,1,val
2816,0.9916091561317444,1,1,unlabeled
2817,0.996235191822052,1,1,train
2818,0.9572972059249878,1,1,train
2819,0.9780007600784302,1,1,unlabeled
2820,0.9959793090820312,1,1,unlabeled
2821,0.9248665571212769,1,1,unlabeled
2822,0.9998953342437744,1,1,unlabeled
2823,0.9995688796043396,1,1,val
2824,0.9724588394165039,1,1,train
2825,0.999284565448761,1,1,unlabeled
2826,0.7922465801239014,1,1,val
2827,0.9106464385986328,1,1,unlabeled
2828,0.9998618364334106,1,1,train
2829,0.9991894364356995,1,1,unlabeled
2830,0.08495598286390305,1,1,val
2831,0.9984057545661926,1,1,unlabeled
2832,0.9302030205726624,1,1,train
2833,0.9978733062744141,1,1,unlabeled
2834,0.98698490858078,1,1,unlabeled
2835,0.15654289722442627,1,1,unlabeled
2836,0.9977050423622131,1,1,unlabeled
2837,0.396762490272522,1,1,unlabeled
2838,0.9264945983886719,1,1,unlabeled
2839,0.04532630741596222,1,1,unlabeled
2840,0.9870555400848389,1,1,unlabeled
2841,0.9994518160820007,1,1,train
2842,0.9999207258224487,1,1,unlabeled
2843,0.999937891960144,1,1,unlabeled
2844,0.9994214773178101,1,1,unlabeled
2845,0.9951725602149963,1,1,unlabeled
2846,0.010351217351853848,0,1,unlabeled
2847,0.6407877802848816,1,1,unlabeled
2848,0.3798326253890991,1,1,unlabeled
2849,0.9991647005081177,1,1,unlabeled
2850,0.7717784643173218,1,1,unlabeled
2851,0.9892716407775879,1,1,train
2852,0.9961816072463989,1,1,train
2853,0.9978321194648743,1,1,unlabeled
2854,0.9989557266235352,1,1,unlabeled
2855,0.879798173904419,1,1,unlabeled
2856,0.2635294497013092,1,1,unlabeled
2857,0.4599865972995758,1,1,unlabeled
2858,0.5789391994476318,1,1,unlabeled
2859,0.9983323216438293,1,1,unlabeled
2860,0.24808666110038757,1,1,unlabeled
2861,0.9989896416664124,1,1,unlabeled
2862,0.6730596423149109,1,1,unlabeled
2863,0.9997321963310242,1,1,val
2864,0.997582197189331,1,1,unlabeled
2865,0.9989668130874634,1,1,train
2866,0.997498095035553,1,1,unlabeled
2867,0.9990837574005127,1,1,unlabeled
2868,0.9877094030380249,1,1,unlabeled
2869,0.9956523776054382,1,1,unlabeled
2870,0.8701651692390442,1,1,unlabeled
2871,0.8961607813835144,1,1,unlabeled
2872,0.9962726831436157,1,1,train
2873,0.994515597820282,1,1,unlabeled
2874,0.9997536540031433,1,1,unlabeled
2875,0.9989456534385681,1,1,unlabeled
2876,0.9997901320457458,1,1,unlabeled
2877,0.9992245435714722,1,1,unlabeled
2878,0.8509173393249512,1,1,unlabeled
2879,0.7302343249320984,1,1,unlabeled
2880,0.9998589754104614,1,1,unlabeled
2881,0.897330105304718,1,1,train
2882,0.9960671067237854,1,1,train
2883,0.9995924830436707,1,1,unlabeled
2884,0.9994599223136902,1,1,unlabeled
2885,0.9996994733810425,1,1,unlabeled
2886,0.9990060925483704,1,1,train
2887,0.9999818801879883,1,1,train
2888,0.9999746084213257,1,1,unlabeled
2889,0.9999691247940063,1,1,unlabeled
2890,0.9999078512191772,1,1,train
2891,0.9073500037193298,1,1,unlabeled
2892,0.9956979751586914,1,1,unlabeled
2893,0.9961326122283936,1,1,val
2894,0.9448146820068359,1,1,unlabeled
2895,0.998589813709259,1,1,unlabeled
2896,0.9997169375419617,1,1,unlabeled
2897,0.9984099864959717,1,1,unlabeled
2898,0.9985367059707642,1,1,unlabeled
2899,0.999839186668396,1,1,unlabeled
2900,0.9976626634597778,1,1,unlabeled
2901,0.9936549663543701,1,1,val
2902,0.9999202489852905,1,1,train
2903,0.9988540410995483,1,1,unlabeled
2904,0.9997496008872986,1,1,unlabeled
2905,0.9909608960151672,1,1,train
2906,0.9889888167381287,1,1,train
2907,0.9998466968536377,1,1,unlabeled
2908,0.9969974756240845,1,1,unlabeled
2909,0.9024574160575867,1,1,unlabeled
2910,0.9996557235717773,1,1,unlabeled
2911,0.9639890789985657,1,1,unlabeled
2912,0.9998325109481812,1,1,train
2913,0.9934418201446533,1,1,train
2914,0.6410687565803528,1,1,unlabeled
2915,0.9997259974479675,1,1,unlabeled
2916,0.9993958473205566,1,1,unlabeled
2917,0.9999599456787109,1,1,train
2918,0.9999028444290161,1,1,unlabeled
2919,0.9996892213821411,1,1,train
2920,0.9999802112579346,1,1,unlabeled
2921,0.999771773815155,1,1,unlabeled
2922,0.9862459897994995,1,1,unlabeled
2923,0.9940880537033081,1,1,unlabeled
2924,0.9999556541442871,1,1,unlabeled
2925,0.9996845722198486,1,1,unlabeled
2926,0.9999004602432251,1,1,unlabeled
2927,0.9757762551307678,1,1,unlabeled
2928,0.9967418313026428,1,1,unlabeled
2929,0.9796903133392334,1,1,unlabeled
2930,0.9707395434379578,1,1,unlabeled
2931,0.989535927772522,1,1,unlabeled
2932,0.9965638518333435,1,1,train
2933,0.9931533336639404,1,1,val
2934,0.9986779093742371,1,1,val
2935,0.873304545879364,1,1,unlabeled
2936,0.9290215969085693,1,1,unlabeled
2937,0.969710648059845,1,1,unlabeled
2938,0.9884107112884521,1,1,unlabeled
2939,0.624350905418396,1,1,unlabeled
2940,0.9998719692230225,1,1,unlabeled
2941,0.9998886585235596,1,1,unlabeled
2942,0.9995183944702148,1,1,unlabeled
2943,0.999924898147583,1,1,unlabeled
2944,0.9984622001647949,1,1,unlabeled
2945,0.9983999133110046,1,1,unlabeled
2946,0.9879584312438965,1,1,unlabeled
2947,0.9988221526145935,1,1,unlabeled
2948,0.9977986216545105,1,1,unlabeled
2949,0.9998025298118591,1,1,unlabeled
2950,0.9994924068450928,1,1,unlabeled
2951,0.9996665716171265,1,1,unlabeled
2952,0.9999325275421143,1,1,train
2953,0.9998356103897095,1,1,unlabeled
2954,0.9999798536300659,1,1,train
2955,0.9798397421836853,1,1,unlabeled
2956,0.9977697134017944,1,1,unlabeled
2957,0.9998161196708679,1,1,train
2958,0.9923450350761414,1,1,unlabeled
2959,0.9966747760772705,1,1,unlabeled
2960,0.9996598958969116,1,1,unlabeled
2961,0.986851155757904,1,1,train
2962,0.9997225403785706,1,1,unlabeled
2963,0.9953421354293823,1,1,unlabeled
2964,0.9988947510719299,1,1,unlabeled
2965,0.9898982048034668,1,1,unlabeled
2966,0.9860270023345947,1,1,unlabeled
2967,0.9969655871391296,1,1,unlabeled
2968,0.9998602867126465,1,1,train
2969,0.9970012307167053,1,1,unlabeled
2970,0.9999222755432129,1,1,unlabeled
2971,0.968402087688446,1,1,unlabeled
2972,0.9843432903289795,1,1,train
2973,0.9995881915092468,1,1,unlabeled
2974,0.9998660087585449,1,1,unlabeled
2975,0.996335506439209,1,1,unlabeled
2976,0.988186240196228,1,1,unlabeled
2977,0.9742347002029419,1,1,unlabeled
2978,0.9796245098114014,1,1,unlabeled
2979,0.8910104036331177,1,1,unlabeled
2980,0.9942148327827454,1,1,train
2981,0.9518319368362427,1,1,unlabeled
2982,0.9687188267707825,1,1,unlabeled
2983,0.9997685551643372,1,1,val
2984,0.9996157884597778,1,1,unlabeled
2985,0.9997428059577942,1,1,unlabeled
2986,0.9966017007827759,1,1,unlabeled
2987,0.9982166886329651,1,1,unlabeled
2988,0.9997687935829163,1,1,unlabeled
2989,0.999648928642273,1,1,unlabeled
2990,0.9634524583816528,1,1,unlabeled
2991,0.9972571730613708,1,1,unlabeled
2992,0.9990842342376709,1,1,unlabeled
2993,0.7018682360649109,1,1,unlabeled
2994,0.8184425234794617,1,1,val
2995,0.9809534549713135,1,1,unlabeled
2996,0.983178973197937,1,1,unlabeled
2997,0.9711397290229797,1,1,unlabeled
2998,0.9395363330841064,1,1,train
2999,0.7809275984764099,1,1,unlabeled
3000,0.972575306892395,1,1,unlabeled
3001,0.9842645525932312,1,1,unlabeled
3002,0.9917959570884705,1,1,unlabeled
3003,0.9991662502288818,1,1,unlabeled
3004,0.9839882254600525,1,1,unlabeled
3005,0.998474657535553,1,1,val
3006,0.9999837875366211,1,1,unlabeled
3007,0.9963913559913635,1,1,unlabeled
3008,0.9912103414535522,1,1,unlabeled
3009,0.9984444975852966,1,1,unlabeled
3010,0.9991087317466736,1,1,unlabeled
3011,0.9985435009002686,1,1,unlabeled
3012,0.9418158531188965,1,1,unlabeled
3013,0.9996801614761353,1,1,train
3014,0.9913867115974426,1,1,unlabeled
3015,0.9999761581420898,1,1,unlabeled
3016,0.9994834661483765,1,1,train
3017,0.9973453879356384,1,1,unlabeled
3018,0.9898403286933899,1,1,train
3019,0.9992075562477112,1,1,val
3020,0.9999856948852539,1,1,unlabeled
3021,0.9995691180229187,1,1,unlabeled
3022,0.9713238477706909,1,1,unlabeled
3023,0.9889186024665833,1,1,unlabeled
3024,0.9969139099121094,1,1,val
3025,0.9978933930397034,1,1,unlabeled
3026,0.9992519021034241,1,1,unlabeled
3027,0.9987421631813049,1,1,unlabeled
3028,0.9979410767555237,1,1,unlabeled
3029,0.9994586110115051,1,1,unlabeled
3030,0.9989268183708191,1,1,unlabeled
3031,0.9966038465499878,1,1,unlabeled
3032,0.9989696741104126,1,1,unlabeled
3033,0.9953693747520447,1,1,unlabeled
3034,0.9961245656013489,1,1,unlabeled
3035,0.9959610104560852,1,1,unlabeled
3036,0.9957982897758484,1,1,unlabeled
3037,0.9987700581550598,1,1,unlabeled
3038,0.9994107484817505,1,1,unlabeled
3039,0.9982848763465881,1,1,unlabeled
3040,0.997300922870636,1,1,unlabeled
3041,0.9251853227615356,1,1,train
3042,0.9990431666374207,1,1,unlabeled
3043,0.9987620115280151,1,1,unlabeled
3044,0.9543107151985168,1,1,unlabeled
3045,0.9960892200469971,1,1,unlabeled
3046,0.9996380805969238,1,1,train
3047,0.9982460737228394,1,1,train
3048,0.9995896220207214,1,1,unlabeled
3049,0.9991596937179565,1,1,unlabeled
3050,0.9998878240585327,1,1,unlabeled
3051,0.9946357607841492,1,1,unlabeled
3052,0.9974372386932373,1,1,unlabeled
3053,0.9899437427520752,1,1,train
3054,0.9969990253448486,1,1,unlabeled
3055,0.9961687922477722,1,1,unlabeled
3056,0.9995821118354797,1,1,unlabeled
3057,0.998954176902771,1,1,unlabeled
3058,0.9980702996253967,1,1,unlabeled
3059,0.9993457198143005,1,1,train
3060,0.9959366321563721,1,1,train
3061,0.98269122838974,1,1,val
3062,0.9710757732391357,1,1,train
3063,0.9925093650817871,1,1,unlabeled
3064,0.9963594079017639,1,1,unlabeled
3065,0.9987786412239075,1,1,unlabeled
3066,0.989633321762085,1,1,unlabeled
3067,0.9997115731239319,1,1,unlabeled
3068,0.9868205189704895,1,1,unlabeled
3069,0.9992842078208923,1,1,unlabeled
3070,0.9999878406524658,1,1,val
3071,0.9996539354324341,1,1,unlabeled
3072,0.9965354204177856,1,1,train
3073,0.6427629590034485,1,1,unlabeled
3074,0.8606835007667542,1,1,unlabeled
3075,0.995972216129303,1,1,unlabeled
3076,0.9233599901199341,1,1,unlabeled
3077,0.9993946552276611,1,1,unlabeled
3078,0.9999675750732422,1,1,train
3079,0.9990859031677246,1,1,unlabeled
3080,0.9987189769744873,1,1,unlabeled
3081,0.9980127811431885,1,1,unlabeled
3082,0.9599606990814209,1,1,unlabeled
3083,0.9855427742004395,1,1,unlabeled
3084,0.8996078968048096,1,1,unlabeled
3085,0.5668914914131165,1,1,unlabeled
3086,0.9906609654426575,1,1,train
3087,0.9911365509033203,1,1,unlabeled
3088,0.9950233697891235,1,1,unlabeled
3089,0.9944007992744446,1,1,unlabeled
3090,0.6846410632133484,1,1,unlabeled
3091,0.9003175497055054,1,1,unlabeled
3092,0.9873124957084656,1,1,unlabeled
3093,0.9349172711372375,1,1,unlabeled
3094,0.9817646145820618,1,1,unlabeled
3095,0.9617701172828674,1,1,unlabeled
3096,0.9226439595222473,1,1,unlabeled
3097,0.9746094942092896,1,1,unlabeled
3098,0.9912382960319519,1,1,val
3099,0.9995330572128296,1,1,unlabeled
3100,0.9985143542289734,1,1,train
3101,0.9975074529647827,1,1,train
3102,0.9966264963150024,1,1,unlabeled
3103,0.9649721384048462,1,1,unlabeled
3104,0.970544695854187,1,1,unlabeled
3105,0.9982981085777283,1,1,unlabeled
3106,0.9993730187416077,1,1,train
3107,0.9950037598609924,1,1,train
3108,0.999967098236084,1,1,train
3109,0.9995977282524109,1,1,unlabeled
3110,0.9984482526779175,1,1,unlabeled
3111,0.9995402097702026,1,1,unlabeled
3112,0.9995226860046387,1,1,unlabeled
3113,0.999504804611206,1,1,unlabeled
3114,0.9946002960205078,1,1,unlabeled
3115,0.998518168926239,1,1,train
3116,0.9951339364051819,1,1,unlabeled
3117,0.999982476234436,1,1,unlabeled
3118,0.9189410209655762,1,1,unlabeled
3119,0.9640575647354126,1,1,unlabeled
3120,0.9995911717414856,1,1,unlabeled
3121,0.9911248087882996,1,1,unlabeled
3122,0.9966283440589905,1,1,unlabeled
3123,0.8209307789802551,1,1,unlabeled
3124,0.9982853531837463,1,1,unlabeled
3125,0.8889442682266235,1,1,unlabeled
3126,0.846812903881073,1,1,unlabeled
3127,0.9909640550613403,1,1,unlabeled
3128,0.9629819393157959,1,1,val
3129,0.9856707453727722,1,1,unlabeled
3130,0.9992640614509583,1,1,unlabeled
3131,0.9997788071632385,1,1,unlabeled
3132,0.9933492541313171,1,1,unlabeled
3133,0.9992194175720215,1,1,unlabeled
3134,0.9272832870483398,1,1,val
3135,0.9732213020324707,1,1,unlabeled
3136,0.9974465370178223,1,1,unlabeled
3137,0.9458067417144775,1,1,unlabeled
3138,0.001368915312923491,0,1,unlabeled
3139,0.9936003684997559,1,1,unlabeled
3140,0.9953482747077942,1,1,val
3141,0.997098445892334,1,1,train
3142,0.9873645901679993,1,1,unlabeled
3143,0.993837296962738,1,1,unlabeled
3144,0.9968972206115723,1,1,val
3145,0.9676024317741394,1,1,unlabeled
3146,0.9992327690124512,1,1,train
3147,0.9964242577552795,1,1,unlabeled
3148,0.9918417930603027,1,1,unlabeled
3149,0.9992192983627319,1,1,unlabeled
3150,0.8479465246200562,1,1,unlabeled
3151,0.9955334663391113,1,1,unlabeled
3152,0.9296319484710693,1,1,train
3153,0.9990678429603577,1,1,unlabeled
3154,0.9980042576789856,1,1,unlabeled
3155,0.9999927282333374,1,1,unlabeled
3156,0.9999865293502808,1,1,unlabeled
3157,0.9999889135360718,1,1,unlabeled
3158,0.9999927282333374,1,1,unlabeled
3159,0.9999879598617554,1,1,unlabeled
3160,0.9994219541549683,1,1,val
3161,0.9993464350700378,1,1,unlabeled
3162,0.9999760389328003,1,1,unlabeled
3163,0.998659610748291,1,1,train
3164,0.9992576241493225,1,1,val
3165,0.9885199666023254,1,1,unlabeled
3166,0.9990167617797852,1,1,train
3167,0.9988458156585693,1,1,unlabeled
3168,0.9968284964561462,1,1,unlabeled
3169,0.9996211528778076,1,1,train
3170,0.9999755620956421,1,1,unlabeled
3171,0.9973629117012024,1,1,train
3172,0.9988932013511658,1,1,train
3173,0.9961976408958435,1,1,unlabeled
3174,0.9988256096839905,1,1,unlabeled
3175,0.9999951124191284,1,1,unlabeled
3176,0.9999902248382568,1,1,unlabeled
3177,0.9999916553497314,1,1,unlabeled
3178,0.9999951124191284,1,1,train
3179,0.999976396560669,1,1,unlabeled
3180,0.9999878406524658,1,1,unlabeled
3181,0.9999860525131226,1,1,unlabeled
3182,0.999970555305481,1,1,unlabeled
3183,0.9999786615371704,1,1,unlabeled
3184,0.9999402761459351,1,1,unlabeled
3185,0.9998973608016968,1,1,unlabeled
3186,0.9999598264694214,1,1,unlabeled
3187,0.9904736876487732,1,1,unlabeled
3188,0.9989811778068542,1,1,train
3189,0.995093822479248,1,1,unlabeled
3190,0.9999810457229614,1,1,unlabeled
3191,0.9999908208847046,1,1,unlabeled
3192,0.9999895095825195,1,1,unlabeled
3193,0.9999765157699585,1,1,unlabeled
3194,0.9999991655349731,1,1,unlabeled
3195,0.9999988079071045,1,1,unlabeled
