Original_Index,Anomaly_Score,Detection_Result,True_Label
0,0.613347081688997,0,0
1,0.6637735523452,1,0
2,0.6570080178753195,1,0
3,0.6210632101317094,0,0
4,0.6967480919697209,1,0
5,0.6325035532122388,0,0
6,0.6669405149346921,1,0
7,0.7059921931071641,1,0
8,0.7190339520834724,1,0
9,0.6259267452775669,0,0
10,0.6698318180553279,1,0
11,0.6782281183214204,1,0
12,0.6247544457100709,0,0
13,0.6496419343959442,0,0
14,0.7080640385473672,1,0
15,0.654890960764082,1,0
16,0.7018988885693467,1,0
17,0.6413732607607056,0,0
18,0.7176745997394923,1,0
19,0.706693410322677,1,0
20,0.6950928688784702,1,0
21,0.6629155310391394,1,0
22,0.6433468206370769,0,0
23,0.6873325482381065,1,0
24,0.6840851777902881,1,0
25,0.6655619154171725,1,0
26,0.6756559078520815,1,0
27,0.617370916752738,0,0
28,0.7081903852861815,1,0
29,0.6466570607388517,0,0
30,0.6301457045133612,0,0
31,0.6660192749253908,1,0
32,0.6595271977305883,1,0
33,0.6729319599355519,1,0
34,0.6451250680564377,0,0
35,0.6606589313638392,1,0
36,0.6240205807331553,0,0
37,0.6842239403375179,1,0
38,0.6541148522564314,1,0
39,0.6243725227233238,0,0
40,0.6435693084055517,0,0
41,0.6549632979477686,1,0
42,0.6591646981447905,1,0
43,0.6742793246885015,1,0
44,0.6212827191408075,0,0
45,0.6527116875379155,1,0
46,0.7091083686039051,1,0
47,0.6374942667117788,0,0
48,0.6535882054001287,1,0
49,0.6461065109457365,0,0
50,0.6589293567031362,1,0
51,0.6679411637391626,1,0
52,0.6420874268767651,0,0
53,0.6302692952012208,0,0
54,0.6605768387909701,1,0
55,0.6604835087724414,1,0
56,0.6343103938092957,0,0
57,0.6584724399757531,1,0
58,0.6128865413037868,0,0
59,0.6895333685428585,1,0
60,0.6780416324244538,1,0
61,0.6338115260910862,0,0
62,0.6219897348804949,0,0
63,0.6356942952908081,0,0
64,0.624612629489641,0,0
65,0.6451835833558298,0,0
66,0.6602912532756684,1,0
67,0.6380575755840603,0,0
68,0.6631763021676161,1,0
69,0.6739857066275672,1,0
70,0.6613875659435936,1,0
71,0.6557411746803604,1,0
72,0.6567206276782231,1,0
73,0.654362740086861,1,0
74,0.7420697790657611,1,0
75,0.6149775380487845,0,0
76,0.6305833696780664,0,0
77,0.6113169773613195,0,0
78,0.663943771082397,1,0
79,0.6302525996656677,0,0
80,0.6264981860148163,0,1
81,0.7141504278156474,1,0
82,0.6340539408538325,0,0
83,0.6490754605058947,0,0
84,0.6405633374991375,0,0
85,0.6503091757969456,0,0
86,0.6842590663797394,1,0
87,0.6757301138758127,1,0
88,0.6900035989601543,1,0
89,0.6201627473229321,0,0
90,0.6690770024537751,1,0
91,0.6251912425420116,0,0
92,0.6333512336253079,0,0
93,0.662484138766502,1,0
94,0.6176069979522101,0,0
95,0.6780550644697283,1,0
96,0.6613120577804359,1,0
97,0.6278935064577363,0,0
98,0.6612982580794959,1,0
99,0.6216322204330316,0,0
100,0.6483061313003933,0,0
101,0.6749252515119784,1,0
102,0.6729941325369332,1,0
103,0.6459123211529563,0,0
104,0.6493644862540355,0,0
105,0.6374075298875771,0,0
106,0.6636947034517032,1,0
107,0.6533140494287133,1,0
108,0.6437015573688495,0,0
109,0.650619799767221,0,0
110,0.6663557549009839,1,0
111,0.6398083400642587,0,0
112,0.6721891048183979,1,0
113,0.6132840003481991,0,0
114,0.6680691625313191,1,0
115,0.6393502659600298,0,0
116,0.7040525893928264,1,0
117,0.6230679073508656,0,0
118,0.6357716874900949,0,0
119,0.6724685455382526,1,0
120,0.6886879746453771,1,0
121,0.6692265848946535,1,0
122,0.6791424722907311,1,0
123,0.6911286623206224,1,0
124,0.6460813189582431,0,0
125,0.6198014051000462,0,0
126,0.6568442884532018,1,0
127,0.6616132732028239,1,0
128,0.7085707678243847,1,0
129,0.637787319527619,0,0
130,0.6766234801400062,1,0
131,0.6813331243607862,1,0
132,0.7335265121134225,1,0
133,0.6498315559609252,0,0
134,0.6781622101223588,1,0
135,0.6522926247825579,1,0
136,0.6672702558913419,1,0
137,0.7138219646666821,1,0
138,0.6721844526002374,1,0
139,0.632053434977702,0,0
140,0.6813860690758976,1,0
141,0.6364449270812744,0,0
142,0.6262166526680415,0,0
143,0.6491945751484364,0,0
144,0.6652423096617285,1,0
145,0.71006509615062,1,0
146,0.7012732233830752,1,0
147,0.6729444363812578,1,0
148,0.6165124158371291,0,0
149,0.6712206317045901,1,0
150,0.6904105112248169,1,0
151,0.6219812532127931,0,0
152,0.6643006666079447,1,0
153,0.6725353439796768,1,0
154,0.6810618380879478,1,0
155,0.6721896911205314,1,0
156,0.6450861056556276,0,0
157,0.7250110537133714,1,0
158,0.7080208399742289,1,0
159,0.6575608800985016,1,0
160,0.6835863055501137,1,0
161,0.6380211796734634,0,0
162,0.7270942566278064,1,0
163,0.6435638998912739,0,0
164,0.6455341609408127,0,0
165,0.6660976870323317,1,0
166,0.6579827086410641,1,0
167,0.6123857248904423,0,0
168,0.6512049683099665,1,0
169,0.662087878758872,1,0
170,0.73115304853208,1,0
171,0.649755604103644,0,0
172,0.7011194715539777,1,0
173,0.6326501638158059,0,0
174,0.638973039756144,0,0
175,0.7028150720659707,1,0
176,0.6333837634542864,0,0
177,0.6218162099065503,0,0
178,0.6867856861128643,1,0
179,0.6683865063387335,1,0
180,0.6541707998682762,1,0
181,0.6838547968094049,1,0
182,0.6757117118600044,1,0
183,0.696245826427593,1,0
184,0.63150424825758,0,0
185,0.6355944624669754,0,0
186,0.7009426063307426,1,0
187,0.65157710959911,1,0
188,0.6397197694763301,0,0
189,0.676081824390396,1,0
190,0.6234532186873397,0,0
191,0.655673775560095,1,0
192,0.6544919288699699,1,0
193,0.6760082924097492,1,0
194,0.62169847395635,0,0
195,0.6232284239972221,0,0
196,0.6612919378383064,1,0
197,0.6672390968956095,1,0
198,0.6726694182223374,1,0
199,0.6703912283523046,1,0
200,0.6221104583547807,0,0
201,0.6209804496714142,0,0
202,0.6392356846068954,0,0
203,0.6233352902728085,0,0
204,0.612750797989619,0,0
205,0.6934259321379377,1,0
206,0.6332302108595032,0,0
207,0.6756538978035059,1,0
208,0.7117272141364464,1,0
209,0.6160503648442403,0,0
210,0.6483892105392093,0,0
211,0.6408543463979294,0,0
212,0.6910865768874084,1,0
213,0.6290777586067207,0,0
214,0.6843511403684921,1,0
215,0.6713161031177893,1,0
216,0.6400386210222654,0,0
217,0.6813312344038962,1,0
218,0.6760305717996304,1,0
219,0.6705994546538833,1,0
220,0.648311402570752,0,0
221,0.6539502756991091,1,0
222,0.6604340469894439,1,0
223,0.6388503745677904,0,0
224,0.6518193879525447,1,0
225,0.6088715806445435,0,0
226,0.6335055067692568,0,0
227,0.6351642698975483,0,0
228,0.6583968982188848,1,0
229,0.7015344097659328,1,0
230,0.6450829856696544,0,0
231,0.7341326039706296,1,0
232,0.6372716965441341,0,0
233,0.6645724446871085,1,0
234,0.6324363182618865,0,0
235,0.7169387098519667,1,0
236,0.6215198937376143,0,0
237,0.6488187115150225,0,0
238,0.7109031451473579,1,0
239,0.6177933359317769,0,0
240,0.6423806932509364,0,0
241,0.670365371987907,1,0
242,0.6642263661395791,1,0
243,0.6584997128610715,1,0
244,0.7044161266135042,1,0
245,0.6645761619029487,1,0
246,0.6569236248425717,1,0
247,0.6665806167053259,1,0
248,0.6559379828408323,1,0
249,0.6992159619483226,1,0
250,0.665122456429535,1,0
251,0.6138765243835219,0,0
252,0.6590370092244836,1,0
253,0.6574884941842645,1,0
254,0.713136131605447,1,0
255,0.6493853904928695,0,0
256,0.6686565613807296,1,0
257,0.6487598429432193,0,0
258,0.636694631131055,0,0
259,0.6177509533663237,0,0
260,0.6860649690670619,1,0
261,0.7614582835439825,1,0
262,0.6511032145239378,1,0
263,0.6356460787540037,0,0
264,0.6181300363291523,0,0
265,0.6323638442811684,0,0
266,0.6713853005489413,1,0
267,0.6673933730477425,1,0
268,0.6204805381889376,0,0
269,0.6317449267324863,0,0
270,0.619790014096069,0,0
271,0.6595940621607015,1,0
272,0.6367953602432507,0,0
273,0.6249509734438854,0,0
274,0.616266020750467,0,0
275,0.6970366519182967,1,0
276,0.6287074898579059,0,0
277,0.6663541193202207,1,0
278,0.6498443674169543,0,0
279,0.6410233297210384,0,0
280,0.6749867077908965,1,0
281,0.6269034891788146,0,0
282,0.6945187099896041,1,0
283,0.6706646886221328,1,0
284,0.6747347767264014,1,0
285,0.6442063952149715,0,0
286,0.634730755065753,0,0
287,0.6248628387702723,0,0
288,0.6371824076140586,0,0
289,0.6176471676600681,0,0
290,0.6368679637107887,0,0
291,0.6505205309401618,0,0
292,0.6670227526690226,1,0
293,0.6629150172345012,1,0
294,0.6461631162966335,0,0
295,0.6370597394968394,0,0
296,0.6373136664451222,0,0
297,0.6221089349704109,0,0
298,0.6417948072933364,0,0
299,0.6448918662680905,0,0
300,0.6286449529107632,0,0
301,0.6485689095686267,0,0
302,0.6538433549963305,1,0
303,0.6813268404394499,1,0
304,0.6731603321538628,1,0
305,0.6813123959443643,1,0
306,0.6464400612202497,0,0
307,0.6769094937050596,1,0
308,0.6880446586993069,1,0
309,0.639194260637699,0,0
310,0.6282411731692613,0,0
311,0.6163464469561356,0,0
312,0.6553788996351115,1,0
313,0.7236300766268128,1,0
314,0.6100410304874528,0,0
315,0.619165727479989,0,0
316,0.6625315485098058,1,0
317,0.630145442922889,0,0
318,0.6427933944910628,0,0
319,0.6807696718891117,1,0
320,0.6467953084941008,0,0
321,0.709328006228716,1,0
322,0.6543342693722044,1,0
323,0.7109514725070618,1,0
324,0.6294564526820055,0,0
325,0.7373655725280065,1,0
326,0.7053843645488209,1,0
327,0.6728012912276127,1,0
328,0.6301392240255996,0,0
329,0.6634549182350562,1,0
330,0.6228358424483084,0,0
331,0.622315260016665,0,0
332,0.6556941155612496,1,0
333,0.6344420746802567,0,0
334,0.6095263974124032,0,0
335,0.6332167531676096,0,0
336,0.6471960559805631,0,0
337,0.6863939825795087,1,0
338,0.6674566666141505,1,0
339,0.6930232736733501,1,0
340,0.6140024587869456,0,0
341,0.6857968096370683,1,0
342,0.7067623883106076,1,0
343,0.6596864290883399,1,0
344,0.6661538911335222,1,0
345,0.6271844486856033,0,0
346,0.6405860244730488,0,0
347,0.649758530859307,0,0
348,0.6375467770314076,0,0
349,0.690850635371473,1,0
350,0.64297930332093,0,0
351,0.6106022436529929,0,0
352,0.6168024138564362,0,0
353,0.6643368288517799,1,0
354,0.6628927555033998,1,0
355,0.672263942593878,1,0
356,0.6212864527566244,0,0
357,0.6855394269669306,1,0
358,0.6460264565205697,0,0
359,0.6521180794490992,1,0
360,0.6526772570952307,1,0
361,0.7219946812677357,1,0
362,0.6986608960263538,1,0
363,0.6340816256849623,0,0
364,0.6440041863993388,0,0
365,0.6750595555176324,1,0
366,0.6940624572469859,1,0
367,0.6231447230535953,0,0
368,0.689985771927823,1,0
369,0.648939151059619,0,0
370,0.6607975779791807,1,0
371,0.6481879850719282,0,0
372,0.6416446324077774,0,0
373,0.6946044321131245,1,0
374,0.6716919422145493,1,0
375,0.6601987534288976,1,0
376,0.6717671607738052,1,0
377,0.6354767769142333,0,0
378,0.7235903131258843,1,0
379,0.6565496857261468,1,0
380,0.6785266899355737,1,0
381,0.649564821602303,0,0
382,0.6253552109571703,0,0
383,0.6206166594889084,0,0
384,0.633469293057371,0,0
385,0.6420902849768718,0,0
386,0.6535021025105378,1,0
387,0.6249410698509457,0,0
388,0.6872835456817953,1,0
389,0.6722617419876837,1,0
390,0.6992566228206926,1,0
391,0.6566287997511743,1,0
392,0.6218945518939232,0,0
393,0.6590145743998697,1,0
394,0.6737761711202116,1,0
395,0.6243766984995216,0,0
396,0.6274552788123416,0,0
397,0.6720447991980133,1,0
398,0.6766444657675714,1,0
399,0.6410791421783083,0,0
400,0.6761189452924123,1,0
401,0.6975869943516833,1,0
402,0.6142907617137716,0,0
403,0.6484862012161697,0,0
404,0.707319663310199,1,0
405,0.689327950484783,1,0
406,0.6663447045895077,1,0
407,0.6729237205786354,1,0
408,0.6207484297116747,0,0
409,0.6690098903750409,1,0
410,0.6257299104782341,0,0
411,0.6419636226260232,0,0
412,0.6759287817617758,1,0
413,0.6345642498207985,0,0
414,0.6386819603389533,0,0
415,0.6286153122914997,0,0
416,0.6514210805386283,1,0
417,0.70039949241347,1,0
418,0.6158851427070394,0,0
419,0.6549610150247315,1,0
420,0.7123161036218826,1,0
421,0.6899609934864672,1,0
422,0.6281558552045446,0,0
423,0.6556104156881324,1,0
424,0.7076511962035421,1,0
425,0.6499934447645366,0,0
426,0.7173338773873112,1,0
427,0.6977289221860576,1,0
428,0.6569248907871862,1,0
429,0.7033799230298639,1,0
430,0.6805748887189093,1,0
431,0.7061798802752283,1,0
432,0.6447495882360725,0,0
433,0.6782674739023646,1,0
434,0.6826470496654727,1,0
435,0.6502938803107235,0,0
436,0.6549298538920159,1,0
437,0.6608525133303231,1,0
438,0.6158194768602718,0,0
439,0.6483113087440167,0,0
440,0.6211195562137464,0,0
441,0.6816956600516285,1,0
442,0.6788791680231179,1,0
443,0.6425246954365501,0,0
444,0.6257835517119904,0,0
445,0.6237425126855173,0,0
446,0.6293594057543773,0,0
447,0.6290643645090994,0,0
448,0.7088237859003192,1,0
449,0.6185443371882133,0,0
450,0.6356031871535209,0,0
451,0.6352608394597358,0,0
452,0.6932611262287146,1,0
453,0.6338046177843515,0,0
454,0.6801063574808938,1,0
455,0.6681050671900625,1,0
456,0.6958470762432136,1,0
457,0.6492241736011601,0,0
458,0.6713778953960725,1,0
459,0.6331635068272566,0,0
460,0.6659822543472703,1,0
461,0.6611550563315421,1,0
462,0.6825507280742972,1,0
463,0.6349332590772403,0,0
464,0.6995614515933084,1,0
465,0.6168808753518114,0,0
466,0.6570656658862285,1,0
467,0.6629197235189475,1,0
468,0.6449960331547456,0,0
469,0.6581546659188802,1,0
470,0.6596889038896967,1,0
471,0.6425513688342468,0,0
472,0.6895449356483342,1,0
473,0.712117772500025,1,0
474,0.6488489867517925,0,0
475,0.6607821501391722,1,0
476,0.6787428733916011,1,0
477,0.6740277650899384,1,0
478,0.6643560156262115,1,0
479,0.6657345877635179,1,0
480,0.6654126588675593,1,0
481,0.6598123125861171,1,0
482,0.6907464711448782,1,0
483,0.6356740136634929,0,0
484,0.6105637511420449,0,0
485,0.6305097010241076,0,0
486,0.6251394234907645,0,0
487,0.698172563084207,1,0
488,0.6426973043247479,0,0
489,0.6250970316448546,0,0
490,0.6625337991244045,1,0
491,0.680631819441389,1,0
492,0.6341143394165405,0,0
493,0.6538039724152168,1,0
494,0.665267998438667,1,0
495,0.6227094538096684,0,0
496,0.6377315033528526,0,0
497,0.6510200246976331,1,0
498,0.6715661031391569,1,0
499,0.6680735652826774,1,0
500,0.7240865816200484,1,0
501,0.6223760166630853,0,0
502,0.7068819191339717,1,0
503,0.6130630383208688,0,0
504,0.6645594841270636,1,0
505,0.646847188569002,0,0
506,0.6434117557674235,0,0
507,0.715268103766791,1,0
508,0.6478129428210349,0,0
509,0.6990571029860777,1,0
510,0.6464937581553858,0,0
511,0.6494114273680381,0,0
512,0.658843246610552,1,0
513,0.6485515607445496,0,0
514,0.6487513891631012,0,0
515,0.6746265095016848,1,0
516,0.6689354374539311,1,0
517,0.6696372622352864,1,0
518,0.6338984728209561,0,0
519,0.6554321054199096,1,0
520,0.6272628528207559,0,0
521,0.6697949516396423,1,0
522,0.6466139970549737,0,0
523,0.6288668397198903,0,0
524,0.6465333657696657,0,0
525,0.6863692990586849,1,0
526,0.7072706353222715,1,0
527,0.6434412045020366,0,0
528,0.6135641794247688,0,0
529,0.6321451819782389,0,0
530,0.6578496267120665,1,0
531,0.6128692376258027,0,0
532,0.6735330933350031,1,0
533,0.6935724650477059,1,0
534,0.6847028984654021,1,0
535,0.6199734268822596,0,0
536,0.6797651350084011,1,0
537,0.6320126922692936,0,0
538,0.6213305561509962,0,0
539,0.7009115165857165,1,0
540,0.612908620151472,0,0
541,0.6703232476424535,1,0
542,0.6717951985909568,1,0
543,0.657431260384961,1,0
544,0.6426634073058071,0,0
545,0.6614148581960776,1,0
546,0.674374367808123,1,0
547,0.6584510769757718,1,0
548,0.6969287640905725,1,0
549,0.6348472619873504,0,0
550,0.692059438385241,1,0
551,0.6539722341701395,1,0
552,0.6385240194238931,0,0
553,0.6328550262470732,0,0
554,0.6390315939860912,0,0
555,0.6531851025825217,1,0
556,0.683624539706782,1,0
557,0.6227672011997034,0,0
558,0.6633301738057458,1,0
559,0.6747785354708112,1,0
560,0.6765920523137984,1,0
561,0.63137907651165,0,0
562,0.6705308796642198,1,0
563,0.6740103877796215,1,0
564,0.6427112948458699,0,0
565,0.6363283482982717,0,0
566,0.6458485482208444,0,0
567,0.6475331909383424,0,0
568,0.6727909015044012,1,0
569,0.6412137333794998,0,0
570,0.6453437092492325,0,0
571,0.6793865472469643,1,0
572,0.6418259554142521,0,0
573,0.6172749725261948,0,0
574,0.6743704716749606,1,0
575,0.6864401373625482,1,0
576,0.6533639755862466,1,0
577,0.7070004374976755,1,0
578,0.6581137950530948,1,0
579,0.6548388078006304,1,0
580,0.6504810270757047,0,0
581,0.6378478330358679,0,0
582,0.7017867475164268,1,0
583,0.6742087001997149,1,0
584,0.6240347179646423,0,0
585,0.6762710219251297,1,0
586,0.644219338635087,0,0
587,0.6443704483297957,0,0
588,0.6248619413043379,0,0
589,0.6712360421441218,1,0
590,0.6351609947154492,0,0
591,0.7526620534827244,1,0
592,0.6456994872397889,0,0
593,0.6594797793079986,1,0
594,0.6389798836768824,0,0
595,0.6666481398862688,1,0
596,0.7277494849807333,1,0
597,0.6708949728287698,1,0
598,0.6750826284158786,1,0
599,0.6452890653768046,0,0
600,0.6550732840737528,1,0
601,0.6367929541048406,0,0
602,0.7119027085522892,1,0
603,0.6491668967289226,0,0
604,0.7277301860101603,1,0
605,0.6326159593059134,0,0
606,0.6168405047193866,0,0
607,0.6763296516694688,1,0
608,0.6240778853507467,0,0
609,0.6869579450519216,1,0
610,0.6161390566199687,0,0
611,0.6175933139659169,0,0
612,0.6282139825598297,0,0
613,0.6851824410363114,1,0
614,0.6759822884547292,1,0
615,0.6814471607268198,1,0
616,0.6928757880944656,1,0
617,0.677876890042869,1,0
618,0.6496804283173765,0,0
619,0.6708284775890918,1,0
620,0.6367746343626747,0,0
621,0.7436724784909166,1,0
622,0.7097430247070646,1,0
623,0.6910520536718409,1,0
624,0.6892155190943086,1,0
625,0.6649595091316327,1,0
626,0.6137193815376327,0,0
627,0.6821847354336474,1,0
628,0.6709962613552284,1,0
629,0.6447166614987637,0,0
630,0.6475382929671373,0,0
631,0.6763397717064024,1,0
632,0.6551332453765416,1,0
633,0.6634309224149105,1,0
634,0.6252999958825899,0,0
635,0.6644666391499156,1,0
636,0.6599981899970001,1,0
637,0.6190514794301433,0,0
638,0.643226481197521,0,0
639,0.6240136711532701,0,0
640,0.6778037844316798,1,0
641,0.6292851003303637,0,0
642,0.6822785762854565,1,0
643,0.6278829004825295,0,0
644,0.6254299925099347,0,0
645,0.691505657069903,1,0
646,0.6438536616518,0,0
647,0.6485432857008329,0,0
648,0.6378773455335701,0,0
649,0.6795720313982302,1,0
650,0.6818625757540463,1,0
651,0.6460004477171404,0,0
652,0.6828615280966748,1,0
653,0.6371537742161206,0,0
654,0.6734657650842589,1,0
655,0.6489209182834161,0,0
656,0.6914094257448661,1,0
657,0.6406426757290333,0,0
658,0.6467189163996527,0,0
659,0.7019165053187011,1,0
660,0.6429976507079278,0,0
661,0.6376239355981761,0,0
662,0.6634356594119312,1,0
663,0.6787775207457507,1,0
664,0.7359773910524187,1,0
665,0.6334961019349111,0,0
666,0.6207509398272896,0,0
667,0.7364729782105034,1,0
668,0.6196208213434199,0,0
669,0.6734542513378483,1,0
670,0.6158294791075574,0,0
671,0.6144623425940321,0,0
672,0.67823748424645,1,0
673,0.6256176382757245,0,0
674,0.6552982011806319,1,0
675,0.6506736517712992,0,0
676,0.6880042830107517,1,0
677,0.6758508150496337,1,0
678,0.6368225356215098,0,0
679,0.6299238396549397,0,0
680,0.7016490227123305,1,0
681,0.6483838724876585,0,0
682,0.6251928907417266,0,0
683,0.6579747522668415,1,0
684,0.6440635675668338,0,0
685,0.6865049900340049,1,0
686,0.6733029859965011,1,0
687,0.659760327289261,1,0
688,0.6330135786466063,0,0
689,0.6449422621157187,0,0
690,0.6438478803659625,0,0
691,0.6637847380244262,1,0
692,0.6412913203593247,0,0
693,0.6330887074978132,0,0
694,0.6870445939417533,1,0
695,0.6463551389538758,0,0
696,0.6406252096511105,0,0
697,0.6758335601312755,1,0
698,0.6226779196787717,0,0
699,0.6876939866163023,1,0
700,0.6722023777133158,1,0
701,0.6103744088441526,0,0
702,0.6320022413988661,0,0
703,0.6453107643585705,0,0
704,0.6176973920072049,0,0
705,0.6225576286289112,0,0
706,0.6532939112785958,1,0
707,0.6889393694194974,1,0
708,0.6314466903354374,0,0
709,0.6217472294527783,0,0
710,0.6973733509506428,1,0
711,0.6973420699923292,1,0
712,0.6292643919925796,0,0
713,0.6587810499508746,1,0
714,0.7503796582840838,1,0
715,0.6504219458996678,0,0
716,0.628510740650255,0,0
717,0.6911304002660771,1,0
718,0.6941584075184257,1,0
719,0.6652060831522034,1,0
720,0.7176354976239577,1,0
721,0.6756357150057295,1,0
722,0.6278353577503741,0,0
723,0.6243558760783687,0,0
724,0.6176695319152905,0,0
725,0.6317695781941121,0,0
726,0.6150059127440797,0,0
727,0.6478143985858121,0,0
728,0.6350232495526955,0,0
729,0.6199973987902151,0,0
730,0.6467176306215987,0,0
731,0.6428907975628614,0,0
732,0.6819779348523124,1,0
733,0.641445807292958,0,0
734,0.634127338750736,0,0
735,0.6396018483524964,0,0
736,0.7061492445933302,1,0
737,0.6427041471686581,0,0
738,0.6603945054485751,1,0
739,0.640528847866714,0,0
740,0.6135090901902511,0,0
741,0.659191102093117,1,0
742,0.6907742431863697,1,0
743,0.6117392801449875,0,0
744,0.6938418613974537,1,0
745,0.610189050574444,0,0
746,0.6439268607023799,0,0
747,0.6266578293704881,0,0
748,0.632286281445834,0,0
749,0.6277806265016493,0,0
750,0.6713064215094735,1,0
751,0.6666370920430382,1,0
752,0.6831984847510527,1,0
753,0.6915231888028648,1,0
754,0.6312395177379709,0,0
755,0.6602673866271331,1,0
756,0.6895018900295342,1,0
757,0.670378351043288,1,0
758,0.6455683056525603,0,0
759,0.6712386969090504,1,0
760,0.6452608526557351,0,0
761,0.7023074749316593,1,0
762,0.622074817168084,0,0
763,0.6287146841020703,0,0
764,0.6260903159001391,0,0
765,0.7105357820060894,1,0
766,0.6260395939557134,0,0
767,0.6731225557031251,1,0
768,0.6365011168516128,0,0
769,0.6641153950400039,1,0
770,0.6730252646384974,1,0
771,0.6636059450439973,1,0
772,0.7012575321731764,1,0
773,0.6645518071270748,1,0
774,0.6581953301423807,1,0
775,0.6385816819996682,0,0
776,0.6675677808853461,1,0
777,0.6347178767158815,0,0
778,0.6681513775605848,1,0
779,0.7157377521142724,1,0
780,0.6727360982804662,1,0
781,0.6438259420202507,0,0
782,0.6280817076076679,0,0
783,0.6520611984701127,1,0
784,0.6408696633243923,0,0
785,0.6127694860673284,0,0
786,0.7179531760503722,1,0
787,0.6410897424188328,0,0
788,0.6573932838485278,1,0
789,0.6647686783149328,1,0
790,0.6199222597194137,0,0
791,0.6456973181203183,0,0
792,0.6427407737860419,0,0
793,0.6818223779368752,1,0
794,0.7387131882788257,1,0
795,0.6501014805876861,0,0
796,0.7479692393846877,1,0
797,0.6590658129637194,1,0
798,0.6524899143609786,1,0
799,0.6843429136359119,1,0
800,0.6312590932742799,0,0
801,0.6851165177985548,1,0
802,0.681707854488721,1,0
803,0.6169586409066884,0,0
804,0.6780779126882744,1,0
805,0.6298126603334173,0,0
806,0.6162912204773527,0,0
807,0.662483603218549,1,0
808,0.6689107922138772,1,0
809,0.6470594029462721,0,0
810,0.6587801447601692,1,0
811,0.6374531674239335,0,0
812,0.6568338112514363,1,0
813,0.6674825707062203,1,0
814,0.6346821162878503,0,0
815,0.6227395937806118,0,0
816,0.6309352027064756,0,0
817,0.6101270466240835,0,0
818,0.6652412546321695,1,0
819,0.6295825131153236,0,0
820,0.630567589434169,0,0
821,0.6750338610430976,1,0
822,0.6825698939342827,1,0
823,0.6964457133847708,1,0
824,0.6443914781217198,0,0
825,0.6365849565884063,0,0
826,0.6397012938193319,0,0
827,0.7001704092182166,1,0
828,0.6831960641599577,1,0
829,0.7090445574581864,1,0
830,0.6453769130618354,0,0
831,0.6180024472528585,0,0
832,0.6146294857366902,0,0
833,0.6417424166034671,0,0
834,0.6753714291952095,1,0
835,0.6939093079781176,1,0
836,0.6547326553519132,1,0
837,0.6372390455064874,0,0
838,0.6156577477515721,0,0
839,0.6236551720829193,0,0
840,0.6368518325441599,0,0
841,0.7029165572603598,1,0
842,0.6331911386916821,0,0
843,0.6776266118323427,1,0
844,0.6764551676972623,1,0
845,0.6818303983800479,1,0
846,0.6183037308827602,0,0
847,0.6378639247837325,0,0
848,0.643965103549639,0,0
849,0.6796177290566887,1,0
850,0.6212837007234852,0,0
851,0.6435222747408297,0,0
852,0.6666380755320047,1,0
853,0.6429740943812595,0,0
854,0.6381272834810555,0,0
855,0.658721797468069,1,0
856,0.6379735021464118,0,0
857,0.641209219463273,0,0
858,0.675398537717281,1,1
859,0.6676022808789115,1,0
860,0.6617429732381153,1,0
861,0.66869263298844,1,0
862,0.7133417172526348,1,0
863,0.6192624549780164,0,0
864,0.6905346813014186,1,0
865,0.6641493386988024,1,0
866,0.6371224922796336,0,0
867,0.6202894121072153,0,0
868,0.6394779060565897,0,0
869,0.7105369273450111,1,0
870,0.6302825619295622,0,0
871,0.6496951168697589,0,0
872,0.6560854556912303,1,0
873,0.6778872169489283,1,0
874,0.6242665626009956,0,0
875,0.6564180466067158,1,0
876,0.6535450624382696,1,0
877,0.683647811599039,1,0
878,0.632577150203364,0,0
879,0.6634868206109102,1,0
880,0.6302312355596954,0,0
881,0.6416448311372743,0,0
882,0.6745541945594186,1,0
883,0.6242739767261513,0,0
884,0.6393111597858427,0,0
885,0.6661434007784347,1,0
886,0.6717991705590399,1,0
887,0.6721279758066837,1,0
888,0.6194410580571547,0,0
889,0.6516417953397743,1,0
890,0.64309917146689,0,0
891,0.6521924652843271,1,0
892,0.6225805725412454,0,0
893,0.6139511374230856,0,0
894,0.6394130248368818,0,0
895,0.664168986934,1,0
896,0.6586810642725004,1,0
897,0.6420834090685938,0,0
898,0.7005302542849627,1,0
899,0.6322567434961743,0,0
900,0.6666478719186056,1,0
901,0.6494203860682131,0,0
902,0.6265254265238114,0,0
903,0.6578038408829737,1,0
904,0.6446913507178361,0,0
905,0.6762079214944696,1,0
906,0.6354533723836235,0,0
907,0.6240922044536915,0,0
908,0.6235867586174504,0,0
909,0.6394103623139281,0,0
910,0.6278857050234656,0,0
911,0.6546907463789642,1,0
912,0.6469274886446013,0,0
913,0.6540192423328633,1,0
914,0.6361486373526992,0,0
915,0.6544932301924173,1,0
916,0.6275655260528166,0,0
917,0.6441184260592918,0,0
918,0.6377382815278617,0,0
919,0.6442164367816859,0,0
920,0.6611751637169938,1,0
921,0.6653660527696938,1,0
922,0.6146705092001334,0,0
923,0.6446525272488383,0,0
924,0.6776858920976031,1,0
925,0.6496902900542402,0,0
926,0.6311339984784723,0,0
927,0.6381401751846995,0,0
928,0.6890187625003199,1,0
929,0.6813628660641965,1,0
930,0.7292952563748579,1,0
931,0.6737747025750884,1,0
932,0.6518540028723517,1,0
933,0.6738068269782376,1,0
934,0.6592982442624803,1,0
935,0.6474157977774475,0,0
936,0.6873384153635328,1,0
937,0.6986266810515186,1,0
938,0.6188089147034412,0,0
939,0.6643206961177729,1,0
940,0.6493843841516577,0,0
941,0.6876753157343711,1,0
942,0.6749434660038063,1,0
943,0.6443255485453531,0,0
944,0.677198746115242,1,0
945,0.687777377168685,1,0
946,0.6334661400243938,0,0
947,0.6507994426198755,1,0
948,0.6375508250296951,0,0
949,0.6599373146046293,1,0
950,0.66034613701261,1,0
951,0.6545065955265017,1,0
952,0.6305287653778477,0,0
953,0.6307160714292884,0,0
954,0.6454402370224354,0,0
955,0.6703512723176638,1,0
956,0.663188748039942,1,0
957,0.646321216312868,0,0
958,0.6651318848338225,1,0
959,0.616684644541911,0,0
960,0.6550405334872458,1,0
961,0.6704984781410785,1,0
962,0.6663074446168555,1,0
963,0.6217272733954491,0,0
964,0.6491960680610562,0,0
965,0.6429785809392049,0,0
966,0.6523148603780755,1,0
967,0.6390846533209688,0,0
968,0.6726943606072955,1,0
969,0.6369283944936027,0,0
970,0.6420722317500398,0,0
971,0.6190018417067045,0,0
972,0.6733626568803366,1,0
973,0.6406812464344182,0,0
974,0.6754755040233592,1,0
975,0.686263391492403,1,0
976,0.621550810542685,0,0
977,0.6298080937827744,0,0
978,0.6877879802790524,1,1
979,0.6151058127544542,0,1
980,0.6418150598459931,0,1
981,0.6328215731216229,0,1
982,0.6596711453122694,1,1
983,0.6742232019013473,1,1
984,0.6459023278751891,0,1
985,0.6466307241149349,0,1
986,0.6347170782770665,0,1
987,0.6196794872660875,0,1
988,0.6711535203659411,1,0
989,0.6795046132980265,1,0
990,0.6558666878451141,1,0
991,0.6840175883530357,1,0
992,0.7095401970571951,1,0
993,0.6166372674177418,0,0
994,0.6710714429436496,1,0
995,0.6452901209317968,0,0
996,0.6390628300522302,0,0
997,0.6501049400751757,0,0
998,0.6248251143750734,0,0
999,0.6687478422106458,1,0
1000,0.6335701544531094,0,0
1001,0.6553933352671117,1,0
1002,0.6578413724649456,1,0
1003,0.6355854697519909,0,0
1004,0.6293698914801071,0,0
1005,0.6173460748115845,0,0
1006,0.629874643273505,0,0
1007,0.6314019690512565,0,0
1008,0.6633830795270628,1,0
1009,0.6144649778482405,0,0
1010,0.6321621774741097,0,0
1011,0.6304538994177392,0,0
1012,0.6131127107269048,0,0
1013,0.6473456185586061,0,0
1014,0.6752537356396624,1,0
1015,0.6543386444948783,1,0
1016,0.6697965953606078,1,0
1017,0.6285341899959503,0,0
1018,0.7130738645219632,1,0
1019,0.6792580772340651,1,0
1020,0.684157902486148,1,0
1021,0.6999808131548769,1,0
1022,0.6862839111603134,1,0
1023,0.6900931092280559,1,0
1024,0.7080605811681961,1,0
1025,0.6575787358962906,1,0
1026,0.6444841581751062,0,0
1027,0.6387024380998787,0,0
1028,0.6259682692866166,0,0
1029,0.657098123594799,1,0
1030,0.6532734628704385,1,0
1031,0.6397438646728102,0,0
1032,0.6416063415968147,0,0
1033,0.6547889392948492,1,0
1034,0.6474094564818885,0,0
1035,0.6755147518714901,1,0
1036,0.6535903291206205,1,0
1037,0.6477011949401071,0,0
1038,0.6769377910166035,1,0
1039,0.6777121582591963,1,0
1040,0.6164937516617268,0,0
1041,0.6182060967587955,0,0
1042,0.7308278113285882,1,0
1043,0.6479824014316464,0,0
1044,0.6756621780217512,1,0
1045,0.6400166903501793,0,0
1046,0.6192678604211872,0,0
1047,0.6310542842993094,0,0
1048,0.66278069757433,1,0
1049,0.6855297877729187,1,0
1050,0.6534978306395324,1,0
1051,0.6332643734560498,0,0
1052,0.6688774345499183,1,0
1053,0.6264419109180699,0,0
1054,0.6461030074413538,0,0
1055,0.6364578662684685,0,0
1056,0.6361607153052156,0,0
1057,0.6134947117048363,0,0
1058,0.6311789878146183,0,0
1059,0.6295197227595489,0,0
1060,0.7302457572354751,1,0
1061,0.6306643184156983,0,0
1062,0.6225468213914112,0,0
1063,0.7053686688166997,1,0
1064,0.622069319786907,0,0
1065,0.6593808476680636,1,0
1066,0.6534493024654238,1,0
1067,0.6650644304865653,1,0
1068,0.7128281831279051,1,0
1069,0.6849621268205793,1,0
1070,0.631776694153119,0,0
1071,0.6473790760110041,0,0
1072,0.6419536800469812,0,0
1073,0.6504303889034284,0,0
1074,0.7329937550808374,1,0
1075,0.6473525785869785,0,0
1076,0.661825974429807,1,0
1077,0.6109272597513602,0,0
1078,0.6547282089706729,1,0
1079,0.6464174902200421,0,0
1080,0.6526749743195343,1,0
1081,0.6809494334221349,1,0
1082,0.6148811626231651,0,0
1083,0.6774696617257159,1,0
1084,0.6708710159562037,1,0
1085,0.6764480321863222,1,0
1086,0.663878873093322,1,0
1087,0.6484224368209791,0,0
1088,0.6805526588574577,1,0
1089,0.6666511257758813,1,0
1090,0.6440983209543827,0,0
1091,0.6634067710203825,1,0
1092,0.6288476947411481,0,0
1093,0.7280383082315093,1,0
1094,0.6417326304718314,0,0
1095,0.6223095189184686,0,0
1096,0.6988794856384887,1,0
1097,0.643809206093292,0,0
1098,0.6834539791899512,1,0
1099,0.6831422915432321,1,0
1100,0.6702740117957058,1,0
1101,0.7277968991456991,1,1
1102,0.6607527991039428,1,0
1103,0.6171055198623296,0,0
1104,0.6608443937665038,1,1
1105,0.6697085947657921,1,0
1106,0.6097709975037224,0,0
1107,0.6372223964137287,0,0
1108,0.7030114497503528,1,1
1109,0.6981491385228722,1,0
1110,0.6423420038977415,0,0
1111,0.6181068173451127,0,1
1112,0.6529005708066242,1,1
1113,0.6834157100967183,1,0
1114,0.6382660969123641,0,0
1115,0.6131267544874314,0,0
1116,0.6170558416757002,0,0
1117,0.6368083010875676,0,0
1118,0.6412191596087138,0,0
1119,0.632086959616856,0,0
1120,0.7011073059784566,1,0
1121,0.6230244927346044,0,0
1122,0.6522373052399666,1,0
1123,0.6371745139709994,0,0
1124,0.6475924004794381,0,0
1125,0.6791873242818779,1,0
1126,0.6699007471421325,1,0
1127,0.6228503631322923,0,0
1128,0.6420922702427827,0,0
1129,0.6379184111325179,0,0
1130,0.6545497492043777,1,0
1131,0.6953506805450766,1,0
1132,0.6203306445223328,0,0
1133,0.6345299894559384,0,0
1134,0.6547254466804788,1,0
1135,0.7157433174459314,1,0
1136,0.677123596567584,1,0
1137,0.6188889508353572,0,0
1138,0.6679289226063206,1,0
1139,0.6647646674097589,1,0
1140,0.674342740638812,1,0
1141,0.6446308687262131,0,0
1142,0.6775162577348363,1,0
1143,0.6503588734024084,0,0
1144,0.6304639836545473,0,0
1145,0.6506519864987985,0,0
1146,0.680636676793485,1,0
1147,0.6457329938232724,0,0
1148,0.6761818355128004,1,0
1149,0.6290148464451988,0,0
1150,0.638043789385357,0,0
1151,0.6574399753967873,1,0
1152,0.6358597341928961,0,0
1153,0.6188561359856984,0,0
1154,0.635449638195916,0,0
1155,0.637572240378066,0,0
1156,0.6470548472033121,0,0
1157,0.6359293343859368,0,0
1158,0.6146754158694914,0,0
1159,0.6128626002989281,0,0
1160,0.6597020236874972,1,0
1161,0.7038612930240178,1,0
1162,0.6239793410179864,0,0
1163,0.6798045208322693,1,0
1164,0.6593945076813993,1,0
1165,0.7119378811146094,1,0
1166,0.6694967947004531,1,0
1167,0.6673325500722991,1,0
1168,0.6611680027133467,1,0
1169,0.6984637114937983,1,0
1170,0.6144773754939721,0,0
1171,0.6647303124958267,1,0
1172,0.6454290696279863,0,0
1173,0.639053054877791,0,0
1174,0.6955872471529689,1,0
1175,0.6796137778039826,1,0
1176,0.6420150555840296,0,0
1177,0.6346144153209504,0,0
1178,0.6517395068233591,1,0
1179,0.6862373329399782,1,0
1180,0.6487764539884286,0,0
1181,0.7121768984034561,1,0
1182,0.6420965208133582,0,0
1183,0.6753504417950335,1,0
1184,0.6392195494238561,0,0
1185,0.6573178981315245,1,0
1186,0.661613291838109,1,0
1187,0.6774190207816152,1,0
1188,0.6259340053012116,0,0
1189,0.6501462398376955,0,0
1190,0.6593345152362043,1,0
1191,0.6490327302341572,0,0
1192,0.6648444843058279,1,0
1193,0.6211673671506353,0,0
1194,0.665546147755657,1,0
1195,0.712064945389105,1,0
1196,0.6353235958951589,0,0
1197,0.6217774857633844,0,0
1198,0.6912201663298403,1,0
1199,0.6577439624853925,1,0
1200,0.6195793954878337,0,0
1201,0.6366559654768955,0,0
1202,0.6590691784186412,1,0
1203,0.6583181793219673,1,0
1204,0.7437522342808899,1,0
1205,0.6884344378409657,1,0
1206,0.6259177062316388,0,0
1207,0.679523821384347,1,0
1208,0.6495794767736905,0,0
1209,0.6593349115543402,1,0
1210,0.6717296995815631,1,0
1211,0.6506096261877906,0,0
1212,0.6375823157661263,0,0
1213,0.6269452057785585,0,0
1214,0.6997348468018647,1,0
1215,0.6386915135088603,0,0
1216,0.6131509894201645,0,0
1217,0.6276427926677115,0,0
1218,0.6414191528342643,0,0
1219,0.7007534129538541,1,0
1220,0.7096571945051525,1,0
1221,0.690242425678775,1,0
1222,0.6838554887468674,1,0
1223,0.6324110300773147,0,0
1224,0.670231760430398,1,0
1225,0.6490182703410846,0,0
1226,0.6726226958999627,1,0
1227,0.676823344753187,1,0
1228,0.6186006495400964,0,0
1229,0.6875971653145083,1,0
1230,0.6719356193143013,1,0
1231,0.6170777151294037,0,0
1232,0.6304095941550208,0,0
1233,0.6207940474948218,0,0
1234,0.624617392256985,0,0
1235,0.695673926169686,1,0
1236,0.648484118987986,0,0
1237,0.6616967765398789,1,0
1238,0.6294218671586145,0,0
1239,0.6291266021769217,0,0
1240,0.6719248598117783,1,0
1241,0.662962029965291,1,0
1242,0.638348400001256,0,0
1243,0.6397322445422534,0,0
1244,0.6711380421976003,1,0
1245,0.6191707233129888,0,0
1246,0.6107947863232289,0,0
1247,0.6248852688249751,0,0
1248,0.7103136213477123,1,0
1249,0.6682391064218307,1,0
1250,0.630150720999036,0,0
1251,0.7245727047878024,1,0
1252,0.6847677409260423,1,0
1253,0.6180576807075372,0,0
1254,0.6208670873114902,0,0
1255,0.6464883249993629,0,0
1256,0.6558320530983922,1,0
1257,0.6377505812484984,0,0
1258,0.6448933735193534,0,0
1259,0.6620365829564521,1,0
1260,0.7342690600389781,1,0
1261,0.6746906142702711,1,0
1262,0.7040211491505262,1,0
1263,0.68117869155229,1,0
1264,0.6738700298164529,1,0
1265,0.7162909746984503,1,0
1266,0.6431969184414007,0,0
1267,0.6341880189110563,0,0
1268,0.6479959793574571,0,0
1269,0.6612854210228922,1,0
1270,0.7071702437142923,1,0
1271,0.6422305181009662,0,0
1272,0.6200505597546925,0,0
1273,0.7047408607412644,1,0
1274,0.7243615332609243,1,0
1275,0.6671742521915152,1,0
1276,0.6197920637551568,0,0
1277,0.6157034042589045,0,0
1278,0.6317437432444943,0,0
1279,0.6471055103147917,0,0
1280,0.6697439111549828,1,0
1281,0.6205497332280598,0,0
1282,0.6589387175874993,1,0
1283,0.662073175727603,1,0
1284,0.6845104116200511,1,0
1285,0.6526447105726396,1,0
1286,0.6498925995259566,0,0
1287,0.7048595795940106,1,0
1288,0.6611877513810099,1,0
1289,0.639956334727191,0,0
1290,0.6304391260114419,0,0
1291,0.744967355222061,1,0
1292,0.6811564013015546,1,0
1293,0.6554686216607383,1,0
1294,0.6798489928640913,1,0
1295,0.6321847142907382,0,0
1296,0.6334010076339787,0,0
1297,0.6570958199798893,1,0
1298,0.6780577373311989,1,0
1299,0.6945594834877716,1,0
1300,0.6690566021696103,1,0
1301,0.6517017652097614,1,0
1302,0.6319694337684248,0,0
1303,0.6518757184866149,1,0
1304,0.7023274002839562,1,0
1305,0.6359478496815043,0,0
1306,0.6705235193016055,1,0
1307,0.6669867032386361,1,0
1308,0.6784249817165351,1,0
1309,0.6208704805673948,0,0
1310,0.6462434101001959,0,0
1311,0.638233812152772,0,0
1312,0.6568089129631774,1,0
1313,0.6275112830656118,0,0
1314,0.6926557132657016,1,0
1315,0.6487436325386865,0,0
1316,0.7016110646249901,1,0
1317,0.6358369294235944,0,0
1318,0.6519124196207736,1,0
1319,0.6504407792901333,0,0
1320,0.6514322548468149,1,0
1321,0.7237157961338925,1,0
1322,0.6331220256758107,0,0
1323,0.6785270205846486,1,0
1324,0.682627615503415,1,0
1325,0.6774730340942687,1,0
1326,0.660562677970717,1,0
1327,0.6603325887827977,1,0
1328,0.6136651161416508,0,0
1329,0.615917584838317,0,0
1330,0.7252938131038268,1,0
1331,0.6191114338067039,0,0
1332,0.6512010478041371,1,0
1333,0.6237463983678808,0,0
1334,0.646019462760773,0,0
1335,0.6580639815151694,1,0
1336,0.7106857693911005,1,0
1337,0.721457587524851,1,0
1338,0.6674942095740056,1,0
1339,0.6484513471893931,0,0
1340,0.72478457158213,1,0
1341,0.683600244422966,1,0
1342,0.6415883363325572,0,0
1343,0.6802992354381281,1,0
1344,0.6550386135897486,1,0
1345,0.6362749292777536,0,0
1346,0.7096550512232321,1,0
1347,0.6597326590205543,1,0
1348,0.686821366658733,1,0
1349,0.6757518803298842,1,0
1350,0.6751169789976736,1,0
1351,0.6096418662065695,0,0
1352,0.6272023161107951,0,0
1353,0.7100145907577722,1,0
1354,0.6434217597366313,0,0
1355,0.6309448788125178,0,0
1356,0.6176841662838953,0,0
1357,0.7024550877400757,1,0
1358,0.6621975224627269,1,0
1359,0.6800048607879636,1,0
1360,0.6157779712498639,0,0
1361,0.6357653718507345,0,0
1362,0.6609786298913951,1,0
1363,0.670790570947856,1,0
1364,0.7190494239254627,1,0
1365,0.6466705520623832,0,0
1366,0.6977179080676588,1,0
1367,0.6144693155961081,0,0
1368,0.653405681109989,1,0
1369,0.6581236527677286,1,0
1370,0.6733007251635401,1,0
1371,0.6375576562013915,0,0
1372,0.7083695648118609,1,0
1373,0.6561123181379953,1,0
1374,0.6486446913211633,0,0
1375,0.6420945254367693,0,0
1376,0.6128309223428041,0,0
1377,0.6565278928486404,1,0
1378,0.6614343131261681,1,0
1379,0.6985569702170787,1,0
1380,0.6687299813069821,1,0
1381,0.6513819920018118,1,0
1382,0.6264415764122024,0,0
1383,0.637484814181995,0,0
1384,0.6729512323810165,1,0
1385,0.6432754666338354,0,0
1386,0.6128849611406058,0,0
1387,0.7417697405011827,1,0
1388,0.6761859295578151,1,0
1389,0.6507705334996567,1,0
1390,0.6776990521087617,1,0
1391,0.7004867554897812,1,0
1392,0.6918131650239793,1,0
1393,0.6397426433583556,0,0
1394,0.6443442463968261,0,0
1395,0.6436990526291685,0,0
1396,0.6170081485127925,0,0
1397,0.6384308876620217,0,0
1398,0.6151806446248834,0,0
1399,0.6495513300706961,0,0
1400,0.6451681085043848,0,0
1401,0.6424348934908994,0,0
1402,0.6643919663560385,1,0
1403,0.6565499805020387,1,0
1404,0.6484468331343262,0,0
1405,0.6174003973525434,0,0
1406,0.6983100801414577,1,0
1407,0.686466513505292,1,0
1408,0.6780585817081884,1,0
1409,0.6309543738275244,0,0
1410,0.6291657391377076,0,0
1411,0.6771847633006285,1,0
1412,0.6484870323601395,0,0
1413,0.6469934069995819,0,0
1414,0.6403240150729744,0,0
1415,0.6326133896622853,0,0
1416,0.6747848277786379,1,0
1417,0.6316794806545778,0,0
1418,0.6444291149537699,0,0
1419,0.701548862333291,1,0
1420,0.6596015357570725,1,0
1421,0.6506700664637582,0,0
1422,0.6782113136869389,1,0
1423,0.6584225664728889,1,0
1424,0.6468488373962112,0,0
1425,0.6716308716978905,1,0
1426,0.6320867769811911,0,0
1427,0.6612907550553195,1,0
1428,0.6570453198936734,1,0
1429,0.6544428666499312,1,0
1430,0.6538795813639058,1,0
1431,0.6683115871532,1,0
1432,0.6500675727418265,0,0
1433,0.6608974754777283,1,0
1434,0.6649893570155372,1,0
1435,0.6733242395136189,1,0
1436,0.6352445909434774,0,0
1437,0.6485336145020748,0,0
1438,0.619006106003799,0,0
1439,0.6490243777716775,0,0
1440,0.6182023259854835,0,0
1441,0.6384385762600915,0,0
1442,0.6704078603820303,1,0
1443,0.6431288681693084,0,0
1444,0.6331467987854111,0,0
1445,0.6817773581255462,1,0
1446,0.6986953172613628,1,0
1447,0.6466279227192052,0,0
1448,0.655532675239646,1,0
1449,0.6085422350366853,0,0
1450,0.646132778785575,0,0
1451,0.6185059574248332,0,0
1452,0.7476178842801092,1,0
1453,0.635699894997105,0,0
1454,0.6422392819018221,0,0
1455,0.7267876783101487,1,0
1456,0.6934083619361079,1,0
1457,0.6206986355614031,0,0
1458,0.6227639347053604,0,0
1459,0.647568864897875,0,0
1460,0.6854283855816206,1,0
1461,0.63143529707698,0,0
1462,0.649765924701892,0,0
1463,0.6598153893753691,1,0
1464,0.6311319593342369,0,0
1465,0.6936653848939055,1,0
1466,0.6409673423229355,0,0
1467,0.641908546543492,0,0
1468,0.6365912734843628,0,0
1469,0.7109941899132012,1,0
1470,0.6684794034421526,1,0
1471,0.6385700143785351,0,0
1472,0.6641777774067169,1,0
1473,0.652148402950184,1,0
1474,0.6606421247682855,1,0
1475,0.6657057710913192,1,0
1476,0.6545739516688897,1,0
1477,0.6208572870574188,0,0
1478,0.6381616074103112,0,0
1479,0.6416095360759058,0,0
1480,0.6549498459671926,1,0
1481,0.6342652315421146,0,0
1482,0.6776823389570306,1,0
1483,0.6280467298922795,0,0
1484,0.6239516969524548,0,0
1485,0.7005154676245453,1,0
1486,0.6513716704395068,1,0
1487,0.6748546384558973,1,0
1488,0.6156679443763899,0,0
1489,0.6538362099655513,1,0
1490,0.6438725045036235,0,0
1491,0.6986891476495991,1,0
1492,0.6173518310876916,0,0
1493,0.6208190582376603,0,0
1494,0.6351188588765233,0,0
1495,0.7246744245295488,1,0
1496,0.6490271229700391,0,0
1497,0.6460232163722438,0,0
1498,0.6372846144722368,0,0
1499,0.659465301886661,1,0
1500,0.6560432980503081,1,0
1501,0.6514572048470905,1,0
1502,0.6752008120694679,1,0
1503,0.6584360636748907,1,0
1504,0.6240357686004052,0,0
1505,0.6572428110804484,1,0
1506,0.6357317178622803,0,0
1507,0.641772856833665,0,0
1508,0.627894269968998,0,0
1509,0.7154738552663684,1,0
1510,0.6728302867404603,1,0
1511,0.6843144347031339,1,0
1512,0.6395598893940928,0,0
1513,0.715145632807215,1,0
1514,0.6580050619404744,1,0
1515,0.6734983296982315,1,0
1516,0.6785468277070358,1,0
1517,0.6478665930816909,0,0
1518,0.6203729761374415,0,0
1519,0.6402186297077688,0,0
1520,0.6380771401662594,0,0
1521,0.6802094089149484,1,0
1522,0.6204954063819357,0,0
1523,0.709577512755374,1,0
1524,0.6131453923081859,0,0
1525,0.7087581953874569,1,0
1526,0.6794195863438623,1,0
1527,0.6430807756915327,0,0
1528,0.6888360756747625,1,0
1529,0.6274720605824179,0,0
1530,0.6437291575696298,0,0
1531,0.6297785575699395,0,0
1532,0.6393517988121862,0,0
1533,0.6450074465309129,0,0
1534,0.6690837882532864,1,0
1535,0.6404428992221507,0,0
1536,0.6378250915263818,0,0
1537,0.6138454445794076,0,0
1538,0.6557656701971073,1,0
1539,0.6637876022664306,1,0
1540,0.6381517080081879,0,0
1541,0.6136952310684016,0,0
1542,0.6807012126554537,1,0
1543,0.6426271901616093,0,0
1544,0.6395906477593074,0,0
1545,0.640855567565474,0,0
1546,0.6470862321707389,0,0
1547,0.6402280276594563,0,0
1548,0.6805986084231836,1,0
1549,0.6550172811999838,1,0
1550,0.6500503505351678,0,0
1551,0.6465131251792573,0,0
1552,0.6383513511509679,0,0
1553,0.6331314730740869,0,0
1554,0.62133823365912,0,0
1555,0.6362568827184908,0,0
1556,0.6583688117554223,1,0
1557,0.7492384406984646,1,0
1558,0.6477785417496373,0,0
1559,0.6341144487755326,0,0
1560,0.6956385643588029,1,0
1561,0.6278105390225082,0,0
1562,0.6529955381479725,1,0
1563,0.6476780188032116,0,0
1564,0.6727817192587527,1,0
1565,0.6762783211375288,1,0
1566,0.6275703829956517,0,0
1567,0.6373286386896996,0,0
1568,0.6450278485090031,0,0
1569,0.7392968988197998,1,0
1570,0.6739128069756922,1,0
1571,0.7093225307715779,1,0
1572,0.6612296883445139,1,0
1573,0.6347686584795393,0,0
1574,0.6930555196204639,1,0
1575,0.6899234516158607,1,0
1576,0.6932635681170072,1,0
1577,0.6833843406924214,1,0
1578,0.6347095135622183,0,0
1579,0.6289986383883371,0,0
1580,0.6483794375325935,0,0
1581,0.6961495801793725,1,0
1582,0.6284575738862298,0,0
1583,0.7268749426260674,1,0
1584,0.6373153978829227,0,0
1585,0.635623784499591,0,0
1586,0.6844455785472455,1,0
1587,0.6776119477243784,1,0
1588,0.7355481499575958,1,0
1589,0.6306309972530291,0,0
1590,0.679907641138771,1,0
1591,0.6705140944064394,1,0
1592,0.6299046732077299,0,0
1593,0.639558418454313,0,0
1594,0.6605699227042297,1,0
1595,0.6387227012593641,0,0
1596,0.6348720985170886,0,0
1597,0.6313510442650261,0,0
1598,0.6870809969700538,1,0
1599,0.6472346284980894,0,0
1600,0.6182016271646941,0,0
1601,0.6475968069008513,0,0
1602,0.6345747250466927,0,0
1603,0.6206972205768749,0,0
1604,0.6659167810043893,1,0
1605,0.6463176057685205,0,0
1606,0.6514223157183843,1,0
1607,0.633716766139151,0,0
1608,0.65430108346371,1,0
1609,0.6099298655358047,0,0
1610,0.6586270998406075,1,0
1611,0.657877116561355,1,0
1612,0.6747598692844717,1,0
1613,0.6643627074187417,1,0
1614,0.6737103030785625,1,0
1615,0.6641079498071806,1,0
1616,0.6400945063267757,0,0
1617,0.6647363369582936,1,0
1618,0.6396156136367419,0,0
1619,0.6685706984101086,1,0
1620,0.6742347814607362,1,0
1621,0.64018192196529,0,0
1622,0.6599764616146517,1,0
1623,0.6346699364423914,0,0
1624,0.6309460963654069,0,0
1625,0.6261761318269785,0,0
1626,0.6616297066754643,1,0
1627,0.654354594023548,1,0
1628,0.6974917795857409,1,0
1629,0.6571128434701674,1,0
1630,0.7025932653609039,1,0
1631,0.6609637244559174,1,0
1632,0.6616514505890405,1,0
1633,0.6812916019532558,1,0
1634,0.681881233815984,1,0
1635,0.6485665479510897,0,0
1636,0.6661892674431216,1,0
1637,0.6266897691120629,0,0
1638,0.6273731299303185,0,0
1639,0.6555728988078167,1,0
1640,0.669177733845902,1,0
1641,0.6387556015253685,0,0
1642,0.6336463779294984,0,0
1643,0.6208812576185477,0,0
1644,0.6825403391624045,1,0
1645,0.6616172296048382,1,0
1646,0.6463398686509857,0,0
1647,0.6806619183619609,1,0
1648,0.649809931850293,0,0
1649,0.6505690280030219,0,0
1650,0.665280514228601,1,0
1651,0.6604226140060128,1,0
1652,0.6278628764594405,0,0
1653,0.6861280941136375,1,0
1654,0.6766337810314895,1,0
1655,0.637571544925784,0,0
1656,0.6670634296677631,1,0
1657,0.6472291514904756,0,0
1658,0.6238823805551286,0,0
1659,0.6615837066478077,1,0
1660,0.6621620429392162,1,0
1661,0.6339307414164154,0,0
1662,0.6308729174289757,0,0
1663,0.695894694300159,1,0
1664,0.6681072953929406,1,0
1665,0.6863109614020818,1,0
1666,0.634588305144868,0,0
1667,0.642206814925873,0,0
1668,0.6297818137664377,0,0
1669,0.6452817660434577,0,0
1670,0.6294311499663926,0,0
1671,0.703240736200365,1,0
1672,0.6358679087317017,0,0
1673,0.6462331038555567,0,0
1674,0.645979329872041,0,0
1675,0.6532634681199406,1,0
1676,0.7160537666373614,1,0
1677,0.6876092174700716,1,0
1678,0.6368398204699217,0,0
1679,0.6686216399494875,1,0
1680,0.7165114403505485,1,0
1681,0.720621345773086,1,0
1682,0.6744946004246256,1,0
1683,0.62399345911716,0,0
1684,0.6630050265413502,1,0
1685,0.7188811090952348,1,0
1686,0.6309600077575939,0,0
1687,0.6264273324328165,0,0
1688,0.6535343840356256,1,0
1689,0.6832058104422511,1,0
1690,0.6456220668508057,0,0
1691,0.6582365116785455,1,0
1692,0.655886561287307,1,0
1693,0.6577123815807392,1,0
1694,0.6635063087679289,1,0
1695,0.671220557749785,1,0
1696,0.6680600597747388,1,0
1697,0.6613300212683434,1,0
1698,0.6351226023983364,0,0
1699,0.699153548821044,1,0
1700,0.6842474266109446,1,0
1701,0.6184782164612922,0,0
1702,0.6710963950742359,1,0
1703,0.613666672681016,0,0
1704,0.6873393646668788,1,0
1705,0.6367808487526518,0,0
1706,0.6455929546577326,0,0
1707,0.6829501367090403,1,0
1708,0.6561714464398377,1,0
1709,0.64560168446614,0,0
1710,0.7012794055617705,1,0
1711,0.6654587463749553,1,0
1712,0.6744734347032779,1,0
1713,0.6434836281561666,0,0
1714,0.6123799806335348,0,0
1715,0.6412655536201647,0,0
1716,0.6453167914675584,0,0
1717,0.6429446088670598,0,0
1718,0.7017612739585923,1,0
1719,0.6762697256876256,1,0
1720,0.6569328860130024,1,0
1721,0.6574856438837632,1,0
1722,0.6318439259214085,0,0
1723,0.6621203262088162,1,0
1724,0.6138581276202115,0,0
1725,0.6598937609906792,1,0
1726,0.7028734561830716,1,0
1727,0.6398438306184483,0,0
1728,0.6489076512181743,0,0
1729,0.6826221016581978,1,0
1730,0.6669575022566271,1,0
1731,0.6659154072752056,1,0
1732,0.6859744834563288,1,0
1733,0.6509963463473535,1,0
1734,0.62595495146789,0,0
1735,0.6471171566014983,0,0
1736,0.6328013509176356,0,0
1737,0.6330514047245949,0,0
1738,0.6410581771861015,0,0
1739,0.6535840264820848,1,0
1740,0.6721961817689064,1,0
1741,0.6747647493321908,1,0
1742,0.6610171084579163,1,0
1743,0.6804950689303348,1,0
1744,0.6858012691974075,1,0
1745,0.7351170400565361,1,0
1746,0.6389729625570901,0,0
1747,0.6684251100011309,1,0
1748,0.6421758651977602,0,0
1749,0.6675872774849804,1,0
1750,0.633732726511936,0,0
1751,0.6494618412955925,0,0
1752,0.6514845390929968,1,0
1753,0.6798840748821526,1,0
1754,0.6683962770246038,1,0
1755,0.6833350820277868,1,0
1756,0.6383026258803328,0,0
1757,0.6761031512055758,1,0
1758,0.6655263820176299,1,0
1759,0.6412805035391881,0,0
1760,0.6682281113876251,1,0
1761,0.6396963368154603,0,0
1762,0.6480086228735769,0,0
1763,0.664793462514282,1,0
1764,0.6667563825568913,1,0
1765,0.6923080979384951,1,0
1766,0.6272055826127825,0,0
1767,0.652782694931281,1,0
1768,0.6856182713494393,1,0
1769,0.6653321065095008,1,0
1770,0.6694327376555688,1,0
1771,0.6418662399088637,0,0
1772,0.6545422721560521,1,0
1773,0.6588207640292704,1,0
1774,0.7074782516325846,1,0
1775,0.6394831154752182,0,0
1776,0.6576557811627423,1,0
1777,0.6621108460308176,1,0
1778,0.6202525248205736,0,0
1779,0.62469200387983,0,0
1780,0.665017103988314,1,0
1781,0.6150110673887578,0,0
1782,0.6673948523952782,1,0
1783,0.6276421993946828,0,0
1784,0.6204315854140756,0,0
1785,0.6620338458005308,1,0
1786,0.6702362050190467,1,0
1787,0.6544035934550946,1,0
1788,0.6756927747606162,1,0
1789,0.662190935822756,1,0
1790,0.6879232654652785,1,0
1791,0.6749673893665238,1,0
1792,0.6208644935515079,0,0
1793,0.6540331934979637,1,0
1794,0.6634901472440011,1,0
1795,0.6459307823353604,0,0
1796,0.653124487099149,1,0
1797,0.6376629122601584,0,0
1798,0.7214567184529626,1,0
1799,0.6534780926803748,1,0
1800,0.6804418322550425,1,0
1801,0.6201263504640903,0,0
1802,0.6395000579066586,0,0
1803,0.745352485149242,1,0
1804,0.6474373159953862,0,0
1805,0.6461276432958126,0,0
1806,0.699036030011221,1,0
1807,0.664326807318629,1,0
1808,0.6428970149670152,0,0
1809,0.6463901841044463,0,0
1810,0.6939121195984402,1,0
1811,0.6550390006487951,1,0
1812,0.6301585522168232,0,0
1813,0.6425994561485977,0,0
1814,0.6391753439407768,0,0
1815,0.6927052393853002,1,0
1816,0.6594634263170903,1,0
1817,0.6786969490044641,1,0
1818,0.6485953305266856,0,0
1819,0.653956760487397,1,0
1820,0.6271607330348498,0,0
1821,0.6337641640393719,0,0
1822,0.7155427365243342,1,0
1823,0.6296129449951594,0,0
1824,0.7355266841571679,1,0
1825,0.6576669846466177,1,0
1826,0.6824818537841447,1,0
1827,0.7032825401276247,1,0
1828,0.6405247765164912,0,0
1829,0.6655407830790964,1,0
1830,0.641920366556105,0,0
1831,0.6324755139313916,0,0
1832,0.660103111060299,1,0
1833,0.613500148185985,0,0
1834,0.6700881826377872,1,0
1835,0.6161506801887604,0,0
1836,0.6240315398877326,0,0
1837,0.6325314123503701,0,0
1838,0.7126583390186231,1,0
1839,0.6508936061978104,1,0
1840,0.6686549502497716,1,0
1841,0.6649791401111677,1,0
1842,0.6604245200689137,1,0
1843,0.63841822006071,0,0
1844,0.6309078501963798,0,0
1845,0.6329940531656617,0,0
1846,0.7057247434148817,1,0
1847,0.6442455477067597,0,0
1848,0.6645579968891515,1,0
1849,0.7039292933558421,1,0
1850,0.6516494207037321,1,0
1851,0.7026297042523417,1,0
1852,0.6407474254139586,0,0
1853,0.6295845455157753,0,0
1854,0.695191754623815,1,0
1855,0.6144966566915883,0,0
1856,0.6326859453942646,0,0
1857,0.6844609483059758,1,0
1858,0.6191330156272539,0,0
1859,0.6181432667472541,0,0
1860,0.685031683925437,1,0
1861,0.6982410541311024,1,0
1862,0.6936997734565981,1,0
1863,0.6474628288908454,0,0
1864,0.7012212157195119,1,0
1865,0.7119452477466129,1,0
1866,0.654945658864604,1,0
1867,0.6645885393655998,1,0
1868,0.6780873850209372,1,0
1869,0.7110096745250929,1,0
1870,0.7125934814348847,1,0
1871,0.62215454015257,0,0
1872,0.6519132441683345,1,0
1873,0.6470540702442054,0,0
1874,0.6272936505556977,0,0
1875,0.6809132537653872,1,0
1876,0.6707479065340456,1,0
1877,0.6518489950930607,1,0
1878,0.6210943655489397,0,0
1879,0.6663249168861545,1,0
1880,0.6480351267677157,0,0
1881,0.6599549576841451,1,0
1882,0.6260032018590105,0,0
1883,0.6918050225478953,1,0
1884,0.7457394440808398,1,0
1885,0.6536704921983963,1,0
1886,0.6284103438558697,0,0
1887,0.6475135457297707,0,0
1888,0.6481334427460603,0,0
1889,0.6487405616992866,0,0
1890,0.6544980493109576,1,0
1891,0.7008118107865825,1,0
1892,0.6655363327477676,1,0
1893,0.6808785853919878,1,0
1894,0.6658156701099298,1,0
1895,0.6956244750355773,1,0
1896,0.6335371691759694,0,0
1897,0.6685299135611321,1,0
1898,0.6714021970081019,1,0
1899,0.6786572304130543,1,0
1900,0.6736137746387703,1,0
1901,0.6921555806177625,1,0
1902,0.6812170591626512,1,0
1903,0.7097057956751929,1,0
1904,0.6356808483922571,0,0
1905,0.6195530358005387,0,0
1906,0.6606200312229779,1,0
1907,0.6747101901978361,1,0
1908,0.6705500948480286,1,0
1909,0.6570952487232209,1,0
1910,0.6506681625345716,0,0
1911,0.6258517904101794,0,0
1912,0.6213914650075361,0,0
1913,0.6891382581841002,1,0
1914,0.7165184333061532,1,0
1915,0.630654669430821,0,0
1916,0.6769865360784939,1,0
1917,0.7237537761222637,1,0
1918,0.6811848049479274,1,0
1919,0.6454830806777507,0,0
1920,0.6570490638868107,1,0
1921,0.6558689054527346,1,0
1922,0.6553507809360128,1,0
1923,0.6457694793011004,0,0
1924,0.6752845215192128,1,0
1925,0.6389873472575723,0,0
1926,0.6736407720128549,1,0
1927,0.6638446329320595,1,0
1928,0.6437921191300662,0,0
1929,0.6686507834441614,1,0
1930,0.6391922095032142,0,0
1931,0.6889261548513689,1,0
1932,0.6317162421687479,0,0
1933,0.6609672719001752,1,0
1934,0.6387827163687406,0,0
1935,0.757847969522129,1,0
1936,0.7006340334103549,1,0
1937,0.647408849802791,0,0
1938,0.6468523736576517,0,0
1939,0.652609512150992,1,0
1940,0.6533634997174641,1,0
1941,0.6386921859284787,0,0
1942,0.6211561152364362,0,0
1943,0.6661534298405342,1,0
1944,0.6509536565229089,1,0
1945,0.6766974830039386,1,0
1946,0.6288051431702322,0,0
1947,0.6312527997994933,0,0
1948,0.6479980739544776,0,0
1949,0.6662141388170703,1,0
1950,0.6529193381842613,1,0
1951,0.6810473603681799,1,0
1952,0.6762668449290021,1,0
1953,0.7231016027950595,1,0
1954,0.658685961794372,1,0
1955,0.6252115653733124,0,0
1956,0.7004608487974261,1,0
1957,0.6503497633871005,0,0
1958,0.6626489042089381,1,0
1959,0.6791718231802238,1,0
1960,0.6442579418768645,0,0
1961,0.667705691922907,1,0
1962,0.6442571597668669,0,0
1963,0.6872982938448966,1,0
1964,0.7063412274508362,1,0
1965,0.6580800185667743,1,0
1966,0.6156307288470312,0,0
1967,0.634790332308149,0,0
1968,0.639323449849333,0,0
1969,0.6860066011786508,1,0
1970,0.6879878400017199,1,0
1971,0.678565819070909,1,0
1972,0.6885030061009295,1,0
1973,0.638295416208859,0,0
1974,0.6419211561343863,0,0
1975,0.6416363319319707,0,0
1976,0.6525094197058561,1,0
1977,0.6535868098263531,1,0
1978,0.6493232474714236,0,0
1979,0.6482414485334747,0,0
1980,0.614791207061263,0,0
1981,0.7248443076892791,1,0
1982,0.6528829276611858,1,0
1983,0.6607124437720958,1,0
1984,0.66160953272222,1,0
1985,0.6920695850414937,1,0
1986,0.6534525841456348,1,0
1987,0.6669899063128667,1,0
1988,0.6711165119504008,1,0
1989,0.7014043451295449,1,0
1990,0.6748296485155455,1,0
1991,0.6881725679064185,1,0
1992,0.6536018679055716,1,0
1993,0.6230800593878302,0,0
1994,0.6471944455070601,0,0
1995,0.6609672025764131,1,0
1996,0.7007384180622913,1,0
1997,0.7046603651052666,1,0
1998,0.6419338727986252,0,0
1999,0.656909089175624,1,0
2000,0.6285248855138938,0,0
2001,0.6577677875001684,1,0
2002,0.6640500200418248,1,0
2003,0.6972941566940019,1,0
2004,0.6619595494651049,1,0
2005,0.6540096469797937,1,0
2006,0.6654844888350188,1,0
2007,0.6623883804564261,1,0
2008,0.6121023217394956,0,0
2009,0.6239527500603677,0,0
2010,0.7145758290879979,1,0
2011,0.6169004037369646,0,0
2012,0.6861323353631358,1,0
2013,0.6771383067741618,1,0
2014,0.6420583100133357,0,0
2015,0.6146078015715217,0,0
2016,0.6508610835075024,1,0
2017,0.6242843693106652,0,0
2018,0.6605925852393325,1,0
2019,0.6135226420925112,0,0
2020,0.6427765308813427,0,0
2021,0.6774767562811214,1,0
2022,0.6346820692947606,0,0
2023,0.6527276620728575,1,0
2024,0.642658346641342,0,0
2025,0.6358538558907169,0,0
2026,0.6445407339070071,0,0
2027,0.683756257908755,1,0
2028,0.6546797047768778,1,0
2029,0.6365302677595738,0,0
2030,0.647670147541473,0,0
2031,0.6521874727321415,1,0
2032,0.6653721685501395,1,0
2033,0.6400063485512075,0,0
2034,0.6333473073436645,0,0
2035,0.6379170831024528,0,0
2036,0.6405553465481196,0,0
2037,0.6254388775098907,0,0
2038,0.6628838908758424,1,0
2039,0.6819636078722792,1,0
2040,0.6820275765089074,1,0
2041,0.6846750618622478,1,0
2042,0.7249592528843997,1,0
2043,0.637831813320658,0,0
2044,0.6669895722909752,1,0
2045,0.706570189873106,1,0
2046,0.6141680289680543,0,0
2047,0.6436745448447456,0,0
2048,0.6631759604087119,1,0
2049,0.6840812413203118,1,0
2050,0.646610589724285,0,0
2051,0.6386022853320606,0,0
2052,0.6566711257756492,1,0
2053,0.6802169980801336,1,0
2054,0.6553650706382845,1,0
2055,0.6154595445492534,0,0
2056,0.6716723965430943,1,0
2057,0.6801415869588708,1,0
2058,0.6439308492425999,0,0
2059,0.6283577696606124,0,0
2060,0.6220763908251032,0,0
2061,0.6805506546242455,1,0
2062,0.6325667158748661,0,0
2063,0.6361954931308712,0,0
2064,0.6162606412515068,0,0
2065,0.6526183052624182,1,0
2066,0.6267296996005436,0,0
2067,0.6297551086855028,0,0
2068,0.6251736901910785,0,0
2069,0.640424112930536,0,0
2070,0.6867185933197412,1,0
2071,0.6211442378280632,0,0
2072,0.670424945819958,1,0
2073,0.6499913871806393,0,0
2074,0.7092188277485176,1,0
2075,0.6969804923286067,1,0
2076,0.6338907487359806,0,0
2077,0.642834699303243,0,0
2078,0.6515737002558142,1,0
2079,0.6476331284882272,0,0
2080,0.6396596159292305,0,0
2081,0.6645541355098774,1,0
2082,0.6681553508715471,1,0
2083,0.7385179413038921,1,0
2084,0.6874652802868292,1,0
2085,0.6501119330631023,0,0
2086,0.6476389628258461,0,0
2087,0.6791348278607681,1,0
2088,0.6276004245268978,0,0
2089,0.6240816480557949,0,0
2090,0.6939656282871368,1,0
2091,0.6655849980760686,1,0
2092,0.6449767499185273,0,0
2093,0.6469372048861958,0,0
2094,0.6859011069168144,1,0
2095,0.625533222605694,0,0
2096,0.7094001580588826,1,0
2097,0.6573438328348075,1,0
2098,0.6584710261235932,1,0
2099,0.6710200048444183,1,0
2100,0.6416865133163131,0,0
2101,0.653009594844334,1,0
2102,0.6293320612419311,0,0
2103,0.6328205257005948,0,0
2104,0.6532168939146025,1,0
2105,0.6213810958909739,0,0
2106,0.6884494325127659,1,0
2107,0.626848530992457,0,0
2108,0.6562928114758375,1,0
2109,0.6259831745811544,0,0
2110,0.6290659459207653,0,0
2111,0.6955656687439626,1,0
2112,0.6343783240043992,0,0
2113,0.6678624922475613,1,0
2114,0.6824900542100196,1,0
2115,0.6818225859856275,1,0
2116,0.6926085690501103,1,0
2117,0.6415041901583963,0,0
2118,0.6161659085527555,0,0
2119,0.6585649918848473,1,0
2120,0.6380195957230256,0,0
2121,0.6272244773160998,0,0
2122,0.6473523675455128,0,0
2123,0.648670528893403,0,0
2124,0.6427183081826822,0,0
2125,0.6962630723784132,1,0
2126,0.6786261889217011,1,0
2127,0.6532360334387921,1,0
2128,0.63167686074057,0,0
2129,0.6184843061963035,0,0
2130,0.6446035919022631,0,0
2131,0.6394877994707664,0,0
2132,0.6837804418182819,1,0
2133,0.6585730433524704,1,0
2134,0.6777393690659635,1,0
2135,0.6361872397297085,0,0
2136,0.61011482297781,0,0
2137,0.656521292197292,1,0
2138,0.6184974825568469,0,0
2139,0.690008246701473,1,0
2140,0.6750497664733655,1,0
2141,0.6357351629186685,0,0
2142,0.7259108165999337,1,0
2143,0.6975632429556514,1,0
2144,0.621233485624841,0,0
2145,0.6475494439373852,0,0
2146,0.6318889154641867,0,0
2147,0.6333625882719257,0,0
2148,0.6384894913259634,0,0
2149,0.6717386006133528,1,0
2150,0.6315210522725462,0,0
2151,0.6635436606201921,1,0
2152,0.6262765029114906,0,0
2153,0.6541001678386731,1,0
2154,0.6849172865561632,1,0
2155,0.6591656934310464,1,0
2156,0.6755450919940492,1,0
2157,0.6353079959555726,0,0
2158,0.6236552062435662,0,0
2159,0.6380099106370506,0,0
2160,0.6222459849911286,0,0
2161,0.7119064153459377,1,0
2162,0.6439736116190039,0,0
2163,0.6758764726447488,1,0
2164,0.6923574432877642,1,0
2165,0.6296887880295258,0,0
2166,0.639942806752239,0,0
2167,0.6483818378246109,0,0
2168,0.6476579878389943,0,0
2169,0.6502223423795254,0,0
2170,0.6309435654958477,0,0
2171,0.636049587457841,0,0
2172,0.6856875426655227,1,0
2173,0.6323488576452816,0,0
2174,0.6392909421799036,0,0
2175,0.6526155820343141,1,0
2176,0.7019708641960013,1,0
2177,0.6344496491328402,0,0
2178,0.7338852340005788,1,0
2179,0.7159573066138465,1,0
2180,0.705732878572503,1,0
2181,0.6588171447034619,1,0
2182,0.6596650684606553,1,0
2183,0.6481881644179066,0,0
2184,0.6521265603951771,1,0
2185,0.6663851467537337,1,0
2186,0.6421885285575842,0,0
2187,0.6665247087417804,1,1
2188,0.6690694251940608,1,0
2189,0.6637177619922863,1,0
2190,0.6320093499017205,0,0
2191,0.6141619225866329,0,0
2192,0.6381811007644291,0,0
2193,0.6654589425594624,1,0
2194,0.6301318757983236,0,1
2195,0.6218776852564695,0,0
2196,0.6240045697879445,0,0
2197,0.6744711133494423,1,0
2198,0.6781618143889545,1,0
2199,0.6313049906207979,0,1
2200,0.6982762473129145,1,0
2201,0.6885562422008176,1,1
2202,0.6463802084004175,0,0
2203,0.6249857461091913,0,0
2204,0.7049808857011152,1,1
2205,0.6682205280597057,1,1
2206,0.6166833552245905,0,0
2207,0.663468376193249,1,0
2208,0.6187886758038734,0,0
2209,0.6577688909436313,1,0
2210,0.7307675917302385,1,0
2211,0.6370855758129641,0,1
2212,0.6569571246809516,1,0
2213,0.6345793557969407,0,1
2214,0.6374334814482184,0,0
2215,0.6554110096801194,1,1
2216,0.6512110825561641,1,1
2217,0.6175916737232083,0,0
2218,0.6503590778711843,0,1
2219,0.6989806325175437,1,0
2220,0.6548196921782301,1,1
2221,0.6843311952339461,1,0
2222,0.6868257744438534,1,0
2223,0.6705673701626509,1,0
2224,0.619780798157226,0,0
2225,0.6601076237848825,1,0
2226,0.6663066763100739,1,0
2227,0.6422127008379964,0,1
2228,0.7132050814265575,1,0
2229,0.7186316922284284,1,0
2230,0.698154136013897,1,1
2231,0.6918679672298071,1,0
2232,0.6169643395583054,0,0
2233,0.623397879797506,0,0
2234,0.6294836905306729,0,0
2235,0.6655937645218222,1,1
2236,0.6467571213485025,0,0
2237,0.6708370668106475,1,0
2238,0.6605687693422958,1,0
2239,0.6668275913817795,1,1
2240,0.6768697093733872,1,1
2241,0.6757346998298385,1,1
2242,0.6376434504812788,0,0
2243,0.6975124548099184,1,0
2244,0.6695523122852232,1,1
2245,0.642982223268073,0,0
2246,0.6261908871864009,0,0
2247,0.6300724548433152,0,0
2248,0.6335541603291356,0,0
2249,0.6652238526531629,1,0
2250,0.622411059922755,0,0
2251,0.6526982991604191,1,1
2252,0.6214773540310596,0,0
2253,0.6876992004702291,1,0
2254,0.639529302885244,0,0
2255,0.6157857216197311,0,0
2256,0.665542020345693,1,0
2257,0.6207745728993713,0,1
2258,0.6590765110884181,1,0
2259,0.6414842319158496,0,0
2260,0.7400178409113185,1,0
2261,0.6395976545778691,0,1
2262,0.6138796551125174,0,1
2263,0.618875051034058,0,0
2264,0.6207292839477296,0,0
2265,0.6453842545489655,0,0
2266,0.6783310127653169,1,0
2267,0.6172036419107019,0,0
2268,0.6185297777401593,0,0
2269,0.6150807445425912,0,1
2270,0.6234072977162665,0,0
2271,0.6488518519853619,0,0
2272,0.6467659864442641,0,0
2273,0.6432445215256934,0,0
2274,0.6213712002257813,0,1
2275,0.6582823055821915,1,0
2276,0.6845957675420803,1,0
2277,0.6153882919672339,0,0
2278,0.6395278199781234,0,0
2279,0.701478435584286,1,1
2280,0.6441087233027811,0,1
2281,0.6991437950028809,1,0
2282,0.6283969058125807,0,0
2283,0.6120858535923183,0,0
2284,0.6685622378474357,1,0
2285,0.6800125697776297,1,0
2286,0.6481469114797311,0,0
2287,0.7623681098134306,1,0
2288,0.6301740807761762,0,1
2289,0.6544340000433828,1,0
2290,0.6376553055576611,0,0
2291,0.6409640566168502,0,0
2292,0.6711234109254901,1,0
2293,0.6701680436345447,1,0
2294,0.6503395302181548,0,0
2295,0.6185688424869275,0,0
2296,0.6643808223314049,1,0
2297,0.6568035407238544,1,1
2298,0.6365898166214188,0,0
2299,0.6724332131552428,1,0
2300,0.6143952341244263,0,0
2301,0.643292856360823,0,0
2302,0.6961067740355197,1,0
2303,0.6759556085613367,1,0
2304,0.7089946025215521,1,0
2305,0.6322669571307262,0,0
2306,0.6790653523866351,1,0
2307,0.667309868663528,1,0
2308,0.6337130811165697,0,0
2309,0.6494391497074392,0,0
2310,0.6475747058751412,0,0
2311,0.6139066783521867,0,0
2312,0.6629477302931621,1,0
2313,0.631411221844532,0,0
2314,0.6705245780606199,1,0
2315,0.6739138111931068,1,1
2316,0.654512055827794,1,0
2317,0.6256392761252869,0,0
2318,0.632084831732842,0,0
2319,0.6417063648736061,0,0
2320,0.6800835982976328,1,0
2321,0.6262353071866725,0,0
2322,0.654310448493718,1,0
2323,0.647871132571981,0,0
2324,0.6417841743376324,0,0
2325,0.6194484873215789,0,0
2326,0.6612076225169969,1,0
2327,0.6552417502553404,1,0
2328,0.624504028968008,0,0
2329,0.6556955276530169,1,1
2330,0.6565033014849326,1,0
2331,0.6304365834974142,0,1
2332,0.6692121815107401,1,0
2333,0.703405725104997,1,0
2334,0.6140215969397605,0,0
2335,0.670471200658844,1,1
2336,0.6782813183812157,1,0
2337,0.6635677831218757,1,0
2338,0.6521860871707849,1,1
2339,0.6423187805197806,0,0
2340,0.6685216257533422,1,0
2341,0.6476975585562866,0,0
2342,0.6636555859336879,1,0
2343,0.6708223562167964,1,1
2344,0.6692792946646176,1,0
2345,0.6348531169449099,0,0
2346,0.6536456600016193,1,0
2347,0.6791459485479516,1,1
2348,0.6995698741380469,1,0
2349,0.6522500148244658,1,0
2350,0.6806489955550242,1,0
2351,0.619121626691558,0,0
2352,0.6678696332087197,1,0
2353,0.6620544310530467,1,0
2354,0.6145876454136403,0,0
2355,0.6841530677062478,1,0
2356,0.6528709707144641,1,1
2357,0.6287905152463875,0,0
2358,0.6514339649289608,1,0
2359,0.6567536593890961,1,0
2360,0.6513008686970708,1,0
2361,0.679177355953856,1,0
2362,0.6942066094563757,1,0
2363,0.6189498762716754,0,0
2364,0.666210597467263,1,1
2365,0.6666110869019782,1,1
2366,0.6476591274878607,0,1
2367,0.6112021915392584,0,1
2368,0.6554522372174816,1,0
2369,0.6349447493366788,0,0
2370,0.6791351259897584,1,1
2371,0.6256895193354759,0,0
2372,0.6831945490556112,1,0
2373,0.6641378118584716,1,0
2374,0.6822852917074256,1,1
2375,0.6338081286331634,0,1
2376,0.6484283718082039,0,0
2377,0.6832425193082856,1,0
2378,0.690796323610826,1,1
2379,0.6509556333557718,1,0
2380,0.6331179187344238,0,1
2381,0.6858918141074303,1,0
2382,0.6470984390839167,0,0
2383,0.6688798103205494,1,0
2384,0.6666092492159958,1,1
2385,0.6384457067965295,0,0
2386,0.6160333067563548,0,0
2387,0.6346871822611415,0,0
2388,0.6540997990827805,1,1
2389,0.6280740873705061,0,1
2390,0.6459022281144571,0,0
2391,0.6724127281108354,1,1
2392,0.6559142943579074,1,0
2393,0.6378678988988218,0,0
2394,0.6179885484088078,0,0
2395,0.6513687038976013,1,1
2396,0.6946292342671998,1,0
2397,0.656454912493362,1,0
2398,0.6493570458671758,0,0
2399,0.7537219748624804,1,0
2400,0.6699794849831375,1,0
2401,0.6356352879459086,0,1
2402,0.6299264470300905,0,0
2403,0.6233176416947491,0,0
2404,0.648976906407202,0,0
2405,0.6267881120810502,0,0
2406,0.6893375234169851,1,0
2407,0.6737711866237,1,0
2408,0.6798556083352149,1,0
2409,0.6890672188810903,1,1
2410,0.6437248576530363,0,0
2411,0.665366508109751,1,0
2412,0.6570307528561395,1,0
2413,0.658688622338799,1,0
2414,0.6667109491179597,1,1
2415,0.7064212903137804,1,0
2416,0.6612028740366758,1,1
2417,0.6758142546154924,1,0
2418,0.6552432101186874,1,1
2419,0.6925367055412435,1,1
2420,0.681760309228812,1,0
2421,0.6414238299200214,0,0
2422,0.6852761034331125,1,0
2423,0.7471456431021589,1,0
2424,0.6467930106065095,0,0
2425,0.6582269648256784,1,0
2426,0.6411341128237118,0,0
2427,0.692690413937472,1,0
2428,0.6431468145391849,0,1
2429,0.6097355217961913,0,0
2430,0.6942096236505754,1,1
2431,0.6407575705214806,0,0
2432,0.6245604532343076,0,0
2433,0.6702027233909799,1,0
2434,0.6157987906943664,0,0
2435,0.6925742007852761,1,0
2436,0.6171769142962484,0,0
2437,0.6206066994295496,0,1
2438,0.7006395028142349,1,0
2439,0.619885804500954,0,0
2440,0.6224824222665284,0,1
2441,0.6816609509645686,1,0
2442,0.6628410813818195,1,0
2443,0.669975597741634,1,0
2444,0.6952231038115783,1,0
2445,0.6457724280798516,0,0
2446,0.6813181651725388,1,0
2447,0.6831227171861926,1,0
2448,0.7102983520772335,1,1
2449,0.6437440040715504,0,0
2450,0.6427588060239062,0,0
2451,0.667165047943429,1,0
2452,0.6113225530359555,0,0
2453,0.6131103674010092,0,0
2454,0.7009286012294701,1,0
2455,0.713347712277554,1,1
2456,0.663298880883227,1,0
2457,0.6273150570879247,0,0
2458,0.6664770098850629,1,0
2459,0.7082295507955312,1,0
2460,0.6486633668709173,0,1
2461,0.6624827670376299,1,0
2462,0.6443749636629852,0,0
2463,0.6956941229730036,1,0
2464,0.6874028916355125,1,0
2465,0.6958645613085302,1,0
2466,0.6415242163777799,0,0
2467,0.6116513840385177,0,1
2468,0.7255383348443943,1,0
2469,0.6490548368846029,0,0
2470,0.6646625229107636,1,0
2471,0.6314003060311334,0,0
2472,0.6545729915613656,1,0
2473,0.6680819763107746,1,0
2474,0.6505304761871848,0,0
2475,0.6903998423179682,1,1
2476,0.6516464178851873,1,0
2477,0.698979087408202,1,0
2478,0.6157326243904705,0,0
2479,0.6965419328240159,1,1
2480,0.6167932759386396,0,0
2481,0.7142696225832622,1,0
2482,0.7121088034741612,1,0
2483,0.6447747856847854,0,1
2484,0.720408467608042,1,0
2485,0.6932141335510731,1,0
2486,0.6529506060751812,1,1
2487,0.6395899609307355,0,0
2488,0.6138222437984227,0,0
2489,0.6141959795876387,0,0
2490,0.631181059313617,0,0
2491,0.6329892884157232,0,0
2492,0.642166512214835,0,0
2493,0.7359366059292867,1,0
2494,0.66213679502155,1,0
2495,0.639227310525077,0,0
2496,0.7459164054144212,1,0
2497,0.639330750186296,0,1
2498,0.6961347996431388,1,1
2499,0.6688001369804984,1,0
2500,0.6334331126559782,0,0
2501,0.6198521708629259,0,1
2502,0.6868173451228634,1,0
2503,0.7162960074304178,1,0
2504,0.644676681438344,0,0
2505,0.6565250587992585,1,0
2506,0.6632504317539687,1,0
2507,0.6236528527119108,0,1
2508,0.649009460529909,0,0
2509,0.7167019922543165,1,0
2510,0.6337837556045669,0,1
2511,0.6101999472823555,0,0
2512,0.6731013388160102,1,0
2513,0.716001358750121,1,0
2514,0.6615117498712537,1,1
2515,0.6606502107892879,1,0
2516,0.6319379594929833,0,0
2517,0.677534261885024,1,0
2518,0.6590969742936807,1,0
2519,0.6414570407534838,0,0
2520,0.6404334259994411,0,0
2521,0.6444807765371945,0,0
2522,0.6422583729476183,0,0
2523,0.6648321172516819,1,1
2524,0.6490773831178432,0,0
2525,0.6638146176296051,1,0
2526,0.6926967676338192,1,0
2527,0.7038904017523034,1,0
2528,0.6404326155012678,0,1
2529,0.724804299783369,1,0
2530,0.7067521532877704,1,0
2531,0.6354363576563707,0,1
2532,0.6545767686453661,1,1
2533,0.6824828346525299,1,0
2534,0.6254416830116892,0,0
2535,0.6861214571922314,1,0
2536,0.6492112359290787,0,0
2537,0.6798738459304556,1,0
2538,0.612759170475709,0,0
2539,0.690978532762205,1,1
2540,0.6512697680660886,1,1
2541,0.6693812137708531,1,1
2542,0.677536418863475,1,1
2543,0.6622302017154296,1,0
2544,0.6325707780357742,0,1
2545,0.6172638701915726,0,0
2546,0.6830050912847926,1,0
2547,0.6777345661589758,1,0
2548,0.6149795806805088,0,0
2549,0.693806060629649,1,1
2550,0.6302141043721847,0,0
2551,0.6818617233240711,1,0
2552,0.6175717083108064,0,1
2553,0.6291443608913128,0,0
2554,0.654628447512589,1,1
2555,0.6191022426983963,0,0
2556,0.6922888320144708,1,1
2557,0.6443066222849937,0,1
2558,0.6313128703099588,0,0
2559,0.6538781851912369,1,0
2560,0.6215958952079211,0,1
2561,0.6370233855231616,0,1
2562,0.6478229459651913,0,0
2563,0.644897776743523,0,0
2564,0.6710630203856476,1,1
2565,0.7035009300042884,1,1
2566,0.6469468417130512,0,1
2567,0.6694583172372393,1,1
2568,0.6452419413179957,0,0
2569,0.6896856577768014,1,0
2570,0.6183000874771791,0,1
2571,0.637437030827203,0,0
2572,0.6557947060904183,1,0
2573,0.6727351796766665,1,0
2574,0.6767017047846908,1,1
2575,0.6845726642821778,1,1
2576,0.6609632733841115,1,0
2577,0.6709106888928446,1,1
2578,0.6575176926042858,1,0
2579,0.6709808726390968,1,0
2580,0.6299287990406305,0,0
2581,0.6415626971831935,0,0
2582,0.6462025195211809,0,0
2583,0.6619955549726297,1,0
2584,0.6587042741091864,1,0
2585,0.6658371410252332,1,1
2586,0.6613624953352361,1,0
2587,0.6901465105285647,1,0
2588,0.6572168037095746,1,0
2589,0.6213470441849593,0,0
2590,0.6557402606858425,1,0
2591,0.6456556391177277,0,1
2592,0.6640226870578947,1,1
2593,0.6707141976760547,1,0
2594,0.6668934018532784,1,0
2595,0.6786731026771028,1,1
2596,0.6380244448277307,0,1
2597,0.66692426627651,1,0
2598,0.6115592229924239,0,0
2599,0.6648856950303631,1,0
2600,0.6530697187479296,1,1
2601,0.6718361286267261,1,1
2602,0.6409734882159684,0,0
2603,0.6718582405036195,1,1
2604,0.6267051483122372,0,0
2605,0.648058230803216,0,0
2606,0.6680403687436205,1,1
2607,0.6451560867227316,0,0
2608,0.6178705263176419,0,0
2609,0.6651671988411548,1,1
2610,0.6590934307617584,1,0
2611,0.6933448504200403,1,1
2612,0.6568429540773593,1,1
2613,0.647873182731472,0,0
2614,0.655674830114482,1,0
2615,0.6605111766081344,1,0
2616,0.6659026335212729,1,0
2617,0.6664612113878796,1,0
2618,0.6180820965766217,0,0
2619,0.6433949148829162,0,0
2620,0.6475269792718098,0,0
2621,0.6157330934536056,0,0
2622,0.6226172379717486,0,1
2623,0.677701025690745,1,0
2624,0.7037175539029055,1,0
2625,0.6989738997066411,1,1
2626,0.6296639713720211,0,0
2627,0.6527956708930186,1,0
2628,0.6420535441896867,0,0
2629,0.650595879995256,0,0
2630,0.6763354844500227,1,1
2631,0.6612031673455424,1,1
2632,0.7288369614318466,1,1
2633,0.6322264726901433,0,1
2634,0.6961038137597623,1,1
2635,0.6623633446180361,1,0
2636,0.6511536521822981,1,0
2637,0.6573282847423921,1,0
2638,0.6657304228797369,1,0
2639,0.6418877732210597,0,0
2640,0.6640426554362502,1,0
2641,0.660481876109003,1,0
2642,0.6611493287046266,1,1
2643,0.6753235633746902,1,0
2644,0.6650735697804502,1,0
2645,0.6461406205815017,0,0
2646,0.6259855448875346,0,0
2647,0.6766930925740985,1,0
2648,0.6479131313298737,0,0
2649,0.6735027636113393,1,0
2650,0.6622318180717797,1,0
2651,0.6235850757741238,0,0
2652,0.6497234599716856,0,1
2653,0.6502716989081244,0,0
2654,0.6597474291634181,1,0
2655,0.6698314766920264,1,0
2656,0.7237028647521646,1,0
2657,0.65652506984978,1,0
2658,0.6542584244255183,1,1
2659,0.6603207785896416,1,0
2660,0.643967631561743,0,0
2661,0.6393156365726813,0,0
2662,0.651443942464968,1,1
2663,0.6462482857145617,0,0
2664,0.6246239482646814,0,0
2665,0.6160810414250256,0,1
2666,0.6588222187421087,1,1
2667,0.63476579024914,0,1
2668,0.6312444434366749,0,0
2669,0.6502718276152191,0,0
2670,0.6406180182614363,0,0
2671,0.6647405708471618,1,1
2672,0.6692278546281646,1,0
2673,0.6451895633081332,0,0
2674,0.7207411267783019,1,0
2675,0.6836296228720895,1,0
2676,0.6512591996945201,1,1
2677,0.6560750604211971,1,0
2678,0.6148823728230819,0,0
2679,0.6539432307743757,1,1
2680,0.6210302199597733,0,0
2681,0.615434438232448,0,0
2682,0.6243506303060548,0,0
2683,0.6489685679657665,0,0
2684,0.6530611355588574,1,1
2685,0.6404065088314184,0,0
2686,0.6475638309535465,0,0
2687,0.6333398769696598,0,0
2688,0.6933373259564239,1,0
2689,0.660604074462257,1,1
2690,0.6235526893756471,0,0
2691,0.6737886846444024,1,0
2692,0.65467649891264,1,0
2693,0.6615588593653505,1,0
2694,0.6566210676234827,1,0
2695,0.7060284239243879,1,1
2696,0.6546606886861184,1,0
2697,0.6328144901191646,0,0
2698,0.6629982920767926,1,1
2699,0.7462392285832014,1,0
2700,0.663502021007136,1,0
2701,0.6735460399956478,1,0
2702,0.7115585328921517,1,1
2703,0.6716257163255942,1,0
2704,0.6287227825497241,0,0
2705,0.6172229294003216,0,0
2706,0.625828504069522,0,0
2707,0.682158657123917,1,0
2708,0.7032367683161266,1,1
2709,0.6308830780253969,0,1
2710,0.6398776379064972,0,0
2711,0.6580914647484193,1,0
2712,0.6615235675858814,1,0
2713,0.6440134469233387,0,0
2714,0.6819499338217798,1,0
2715,0.6411750393315221,0,0
2716,0.6195074572224628,0,0
2717,0.6309111358352127,0,0
2718,0.6656272525183227,1,0
2719,0.619600553432918,0,0
2720,0.6271163984438604,0,0
2721,0.7463770172128714,1,0
2722,0.6853899561554203,1,0
2723,0.6971772805413291,1,0
2724,0.6898338694948415,1,0
2725,0.6480841009396153,0,1
2726,0.6411415469873925,0,1
2727,0.6505462125711224,0,0
2728,0.6570573107880733,1,0
2729,0.6366196439051783,0,0
2730,0.6385892091748069,0,0
2731,0.6782899331556269,1,0
2732,0.6342799409918913,0,0
2733,0.7342982991287773,1,0
2734,0.6119440931790442,0,0
2735,0.6497381795417928,0,0
2736,0.6628778136626764,1,1
2737,0.6572381341885397,1,0
2738,0.6683610825631164,1,0
2739,0.6718637783991969,1,0
2740,0.6499018174201496,0,0
2741,0.6719811446527061,1,1
2742,0.6224962694156149,0,0
2743,0.6465234830692248,0,1
2744,0.6841721229452769,1,0
2745,0.6480839050703557,0,0
2746,0.6292649136388487,0,0
2747,0.6914756032186249,1,0
2748,0.6714570732227758,1,0
2749,0.6790300319289762,1,1
2750,0.7005437295986265,1,0
2751,0.6301805817439297,0,0
2752,0.6869620961221183,1,1
2753,0.6818826147505883,1,0
2754,0.6092994434704945,0,0
2755,0.6328582811423066,0,0
2756,0.6229362653445426,0,0
2757,0.6257088960765934,0,0
2758,0.6724829788473019,1,1
2759,0.700778986524418,1,1
2760,0.6509138941246759,1,1
2761,0.7050174696327259,1,1
2762,0.6176689993634972,0,1
2763,0.6453212952563295,0,1
2764,0.6880081649777638,1,1
2765,0.643974272780246,0,1
2766,0.6607239477213892,1,1
2767,0.6315329213758065,0,1
2768,0.6451353089058923,0,1
2769,0.6901579978842207,1,1
2770,0.6917624298551299,1,1
2771,0.7190576764990924,1,1
2772,0.6435061954320799,0,1
2773,0.7301908011604133,1,1
2774,0.7320599682946113,1,1
2775,0.7227691102954725,1,1
2776,0.7503861994744413,1,1
2777,0.6695990467546167,1,1
2778,0.630941757954346,0,1
2779,0.6814077927105083,1,1
2780,0.6861286406281588,1,1
2781,0.6943561192673378,1,1
2782,0.6171898812995515,0,1
2783,0.6807891365960268,1,1
2784,0.6856909248114509,1,1
2785,0.6626667508619195,1,1
2786,0.6869294594211193,1,1
2787,0.6485453111289037,0,1
2788,0.6312668678073043,0,1
2789,0.6412681391642903,0,1
2790,0.7216692863205422,1,1
2791,0.6711985609508782,1,1
2792,0.6701147943387741,1,1
2793,0.6745756048982606,1,1
2794,0.690572327516084,1,1
2795,0.6487085229661433,0,1
2796,0.6555578071310193,1,1
2797,0.6379140595996984,0,1
2798,0.6552662442431761,1,1
2799,0.6376947095987344,0,1
2800,0.7070787407814279,1,1
2801,0.6853217698850701,1,1
2802,0.6771749637670238,1,1
2803,0.6661998722662439,1,1
2804,0.6733383149566624,1,1
2805,0.7096859794116936,1,1
2806,0.6416011249511185,0,1
2807,0.627780212065792,0,1
2808,0.6434462971257304,0,1
2809,0.6843868556384636,1,1
2810,0.6832029817483202,1,1
2811,0.6292959479236601,0,1
2812,0.6617710599602769,1,1
2813,0.6529123562092815,1,1
2814,0.6226998630128997,0,1
2815,0.6226471412430834,0,1
2816,0.64573157292172,0,1
2817,0.6120404177794365,0,1
2818,0.6815256472958936,1,1
2819,0.656514753485909,1,1
2820,0.6559490043221402,1,1
2821,0.6639641708959462,1,1
2822,0.6859832677852115,1,1
2823,0.7053070770204374,1,1
2824,0.6379281296129065,0,1
2825,0.7077873886743953,1,1
2826,0.6597885179307943,1,1
2827,0.6811907502365588,1,1
2828,0.6726215793364281,1,1
2829,0.6357079344810954,0,1
2830,0.6655677051479434,1,1
2831,0.7104869452442637,1,1
2832,0.6206141022599356,0,1
2833,0.6204041298771841,0,1
2834,0.6469337942868626,0,1
2835,0.6465339077911201,0,1
2836,0.6593968560934098,1,1
2837,0.6795208084539365,1,1
2838,0.6368330006922743,0,1
2839,0.6161223503507828,0,1
2840,0.6209497038955205,0,1
2841,0.627779875732835,0,1
2842,0.6393040787410406,0,1
2843,0.6412634202432064,0,1
2844,0.6796253810541462,1,1
2845,0.6850140193112157,1,1
2846,0.7094844516019557,1,1
2847,0.6245595895099376,0,1
2848,0.6278329189770733,0,1
2849,0.6554687196338651,1,1
2850,0.6433324258636741,0,0
2851,0.6499306676794951,0,0
2852,0.6431094669983946,0,0
2853,0.6659866980063592,1,0
2854,0.6475353588778692,0,1
2855,0.6313117781913128,0,0
2856,0.6220211838346168,0,0
2857,0.6523496185107391,1,0
2858,0.6336630510209457,0,0
2859,0.6139597504240987,0,0
2860,0.7124818740442399,1,0
2861,0.6591977892475226,1,0
2862,0.6583672922932312,1,0
2863,0.6445176744129717,0,0
2864,0.6730075493623507,1,1
2865,0.6103283304984359,0,0
2866,0.7320695515825753,1,0
2867,0.6372021478809186,0,0
2868,0.6552774239243832,1,0
2869,0.6409053665308342,0,0
2870,0.6545646468714538,1,0
2871,0.6774810778507424,1,0
2872,0.6780402498724084,1,0
2873,0.6685700738989733,1,0
2874,0.6223608848977248,0,1
2875,0.647347809012132,0,0
2876,0.672605682495341,1,1
2877,0.644736150430688,0,0
2878,0.6573993050948892,1,0
2879,0.6989313698338825,1,1
2880,0.6371081294985824,0,0
2881,0.6138110767859623,0,1
2882,0.6385403198320013,0,1
2883,0.6881156613847171,1,0
2884,0.6847747559437134,1,0
2885,0.7118969376228313,1,0
2886,0.6449398755217112,0,0
2887,0.6594417514465672,1,0
2888,0.6624106791261443,1,0
2889,0.6706854985660362,1,0
2890,0.6521367472257722,1,0
2891,0.6345293959743376,0,0
2892,0.6417837216769519,0,0
2893,0.6465101666909481,0,0
2894,0.6894724077115824,1,0
2895,0.6495593518441363,0,0
2896,0.6599486777314237,1,0
2897,0.6247046215030195,0,0
2898,0.6255503203984178,0,0
2899,0.7444705016945998,1,0
2900,0.6731125308055871,1,0
2901,0.6818381260882189,1,0
2902,0.6791051264350118,1,0
2903,0.7217978699277021,1,1
2904,0.6580256056653393,1,0
2905,0.6499769549087492,0,0
2906,0.6332373733809423,0,0
2907,0.6405731591065149,0,0
2908,0.6492744641627572,0,0
2909,0.6678497564680681,1,0
2910,0.7408285080019464,1,1
2911,0.6961502800228517,1,0
2912,0.6483885965902391,0,0
2913,0.6680920395226105,1,0
2914,0.6510963787150114,1,1
2915,0.6814931611061206,1,0
2916,0.6865291653485648,1,1
2917,0.6159265928668423,0,0
2918,0.6593386688839967,1,0
2919,0.6622494906922118,1,0
2920,0.6596543053110403,1,0
2921,0.6496202390304457,0,0
2922,0.6392035369658116,0,1
2923,0.6592710678225919,1,0
2924,0.7469885325432878,1,1
2925,0.6345982978278693,0,0
2926,0.6247017204039238,0,0
2927,0.6701225034798869,1,0
2928,0.6424940373299537,0,0
2929,0.6703137222481028,1,0
2930,0.6314394643214529,0,0
2931,0.6633271883085656,1,1
2932,0.6982179906633024,1,1
2933,0.6538316410720639,1,1
2934,0.6658152438679286,1,0
2935,0.631519925993461,0,1
2936,0.6588669107042551,1,0
2937,0.6350583765189037,0,0
2938,0.6523617122195542,1,0
2939,0.6625009743467849,1,1
2940,0.7430691762964313,1,1
2941,0.6452877679966106,0,0
2942,0.6281370166568833,0,1
2943,0.7185905471773566,1,0
2944,0.6411581423464796,0,0
2945,0.6252109013008654,0,0
2946,0.6133607699667368,0,0
2947,0.6687400088438287,1,0
2948,0.6109271768413886,0,1
2949,0.6662785058179423,1,0
2950,0.6607017068311049,1,1
2951,0.6650125720617327,1,0
2952,0.6718278174007799,1,0
2953,0.6621191708883956,1,0
2954,0.7041204765039941,1,0
2955,0.6571555215877236,1,0
2956,0.6260057182307671,0,1
2957,0.6423021614035711,0,0
2958,0.6546640659146145,1,0
2959,0.7430744320880623,1,0
2960,0.633933968048654,0,1
2961,0.6781816989753603,1,0
2962,0.6487674875185441,0,0
2963,0.6618741089402737,1,0
2964,0.6749153244674746,1,0
2965,0.636036989434062,0,0
2966,0.6540484454096532,1,0
2967,0.679917681284438,1,0
2968,0.6873702578186647,1,0
2969,0.7038861369379128,1,0
2970,0.6759363640651284,1,0
2971,0.6760404043954527,1,0
2972,0.6194244684704052,0,0
2973,0.6451429972799458,0,0
2974,0.6170851467304659,0,0
2975,0.6863808351746189,1,1
2976,0.6383524777909868,0,0
2977,0.6271712661268438,0,0
2978,0.6250982334650114,0,0
2979,0.6324470943555509,0,0
2980,0.6541452469086547,1,0
2981,0.6719455091695283,1,0
2982,0.6469261362113271,0,0
2983,0.6897314057599272,1,0
2984,0.671705323152948,1,0
2985,0.6385714118855442,0,0
2986,0.6410582882759902,0,1
2987,0.6263722349296962,0,0
2988,0.629037838050329,0,0
2989,0.6123640364956809,0,0
2990,0.659132506369263,1,0
2991,0.6834989997965969,1,0
2992,0.6677770341413041,1,0
2993,0.6441472843543298,0,1
2994,0.6716262371384123,1,0
2995,0.651855903644009,1,0
2996,0.6719965690968128,1,0
2997,0.7245762636726709,1,1
2998,0.6554827174899276,1,1
2999,0.7346197545739445,1,0
3000,0.6506481885094559,0,0
3001,0.6690989523388429,1,0
3002,0.6170959458262575,0,0
3003,0.6176991637682271,0,0
3004,0.6394861896643969,0,1
3005,0.6757075128284769,1,0
3006,0.6403654255266378,0,0
3007,0.7037463743407378,1,0
3008,0.6435846770018673,0,1
3009,0.6609104599582145,1,0
3010,0.6181497958064515,0,0
3011,0.627166640282127,0,0
3012,0.6522437204610507,1,0
3013,0.6429517840618617,0,0
3014,0.6573999506353166,1,0
3015,0.6405418831314085,0,0
3016,0.6417682887022065,0,0
3017,0.6698769570518823,1,0
3018,0.6572532460945698,1,0
3019,0.6845644486877424,1,0
3020,0.6584556173082147,1,0
3021,0.6165115867313093,0,0
3022,0.615686016785646,0,0
3023,0.6508604189060716,1,0
3024,0.6626495615495317,1,1
3025,0.6742060343915217,1,0
3026,0.6639063609796413,1,1
3027,0.7114417099182133,1,0
3028,0.6497255757571738,0,0
3029,0.6549490061751443,1,0
3030,0.6280806535593965,0,0
3031,0.6305378157888076,0,1
3032,0.641755139643584,0,0
3033,0.6374513225035452,0,0
3034,0.6375902049100752,0,1
3035,0.6821665510673657,1,0
3036,0.6450647999529576,0,0
3037,0.6580099623141789,1,0
3038,0.6582134876836709,1,0
3039,0.6609087995724076,1,0
3040,0.6950512794097086,1,1
3041,0.640844421579769,0,1
3042,0.6440053663705353,0,0
3043,0.7239437890723133,1,0
3044,0.6312251684343436,0,0
3045,0.6352720863724101,0,0
3046,0.6921924520262215,1,1
3047,0.6746092840362405,1,0
3048,0.7252813144058337,1,1
3049,0.6295365107063157,0,0
3050,0.6745729250590181,1,0
3051,0.6600625551011472,1,0
3052,0.6107327550338217,0,0
3053,0.631861518983633,0,1
3054,0.72831928761375,1,0
3055,0.617469293716191,0,0
3056,0.6423683393017161,0,1
3057,0.6243109090841751,0,0
3058,0.6792773782246276,1,1
3059,0.6854693951012176,1,0
3060,0.6202514919681017,0,0
3061,0.6656700100355676,1,0
3062,0.6376235185462875,0,0
3063,0.6200188652146874,0,0
3064,0.6544767839677241,1,1
3065,0.6684120650641007,1,1
3066,0.6292966286282782,0,0
3067,0.6280889158219447,0,0
3068,0.6616196249481839,1,0
3069,0.6914603927530097,1,0
3070,0.7069863868685657,1,0
3071,0.6334794674636722,0,0
3072,0.6775221346091289,1,0
3073,0.6188866265795379,0,0
3074,0.6409213214830757,0,1
3075,0.6445744173460906,0,0
3076,0.7521194156678432,1,0
3077,0.6917924626282003,1,0
3078,0.6582291588409428,1,1
3079,0.6979974766890286,1,0
3080,0.6769754429250792,1,0
3081,0.6851126574656138,1,0
3082,0.6659128959248949,1,0
3083,0.6564226190486033,1,1
3084,0.6827177219764431,1,0
3085,0.6360007457356712,0,0
3086,0.6366943356540746,0,0
3087,0.6682327952481815,1,0
3088,0.6953399604812411,1,1
3089,0.6842605468038553,1,1
3090,0.6870944984080972,1,0
3091,0.6441349247469581,0,0
3092,0.6447981062353223,0,0
3093,0.6245228463266806,0,0
3094,0.6604336788507684,1,1
3095,0.6213877702106407,0,0
3096,0.6396385678693985,0,0
3097,0.651514301253502,1,1
3098,0.6687526960408658,1,1
3099,0.6381582239564123,0,0
3100,0.6678278934958105,1,0
3101,0.6450211136176571,0,0
3102,0.637168575104013,0,0
3103,0.6845935930506662,1,0
3104,0.6636273610275134,1,0
3105,0.6405450968777165,0,1
3106,0.6506555838329696,0,0
3107,0.6537442554770593,1,0
3108,0.6690852124173478,1,0
3109,0.7043984991265024,1,0
3110,0.6515609341587723,1,0
3111,0.6671591479235989,1,1
3112,0.636204257036569,0,0
3113,0.6582105209755819,1,0
3114,0.6325289710746278,0,0
3115,0.6472525365133988,0,0
3116,0.7012098782629492,1,0
3117,0.6720301067743207,1,0
3118,0.6576287376087279,1,0
3119,0.6657425643468928,1,1
3120,0.6285933279357734,0,0
3121,0.6494813304165755,0,0
3122,0.6196597443501012,0,0
3123,0.6682941352508268,1,0
3124,0.7060101735779456,1,0
3125,0.7021335273123805,1,0
3126,0.6134027920549906,0,1
3127,0.6401780814499637,0,0
3128,0.6564617558399074,1,0
3129,0.6284142998693285,0,0
3130,0.659951023109307,1,0
3131,0.6101721337665064,0,0
3132,0.6323062800471655,0,0
3133,0.628227572471146,0,1
3134,0.6514864027894969,1,0
3135,0.6928167788743542,1,1
3136,0.6206366738664169,0,0
3137,0.6275798832942459,0,0
3138,0.6453473130532412,0,0
3139,0.6149096948708024,0,0
3140,0.6504170486185936,0,0
3141,0.6096090322546421,0,0
3142,0.6507731814554717,1,0
3143,0.6668637819750083,1,0
3144,0.6452163932536884,0,0
3145,0.6333263058795541,0,0
3146,0.6662012168183145,1,0
3147,0.6532053446076304,1,0
3148,0.6115068158068353,0,0
3149,0.6659692774853806,1,0
3150,0.6399469729318523,0,0
3151,0.668002185644731,1,0
3152,0.6457757306675385,0,1
3153,0.638528480028219,0,1
3154,0.6305970987407874,0,1
3155,0.6951954457496702,1,1
3156,0.6605493006048951,1,1
3157,0.6381299586157112,0,1
3158,0.6496584183089795,0,1
3159,0.6815199683539053,1,1
3160,0.6461642471261919,0,1
3161,0.6574268010808697,1,1
3162,0.6507560795003818,1,1
3163,0.6319737325843027,0,1
3164,0.6411236850857285,0,1
3165,0.6520940589569486,1,1
3166,0.6620904481048814,1,1
3167,0.6164993115135202,0,1
3168,0.623658249154684,0,1
3169,0.6676164931324835,1,1
3170,0.6832453687591418,1,1
3171,0.7020418092008227,1,1
3172,0.6824851917244981,1,1
3173,0.6852594871700064,1,1
3174,0.6353399823357374,0,1
3175,0.6368777293005667,0,1
3176,0.7136896706818228,1,1
3177,0.6475915971424617,0,1
3178,0.6912550040920953,1,1
3179,0.6931710612287023,1,1
3180,0.6390598706035447,0,1
3181,0.6365777194858784,0,1
3182,0.7562156496193867,1,1
3183,0.6905723185922406,1,1
3184,0.6384132639757883,0,1
3185,0.6670212261869876,1,1
3186,0.6215876521877438,0,1
3187,0.6934856766095878,1,1
3188,0.6651980676623356,1,1
3189,0.648522503120802,0,1
3190,0.6265913283103981,0,1
3191,0.6585040262533723,1,1
3192,0.6877669865952771,1,1
3193,0.6291041852623056,0,1
3194,0.6460036250135817,0,1
3195,0.6834134403175292,1,1
3196,0.6456625603412726,0,1
3197,0.6980457393255253,1,1
3198,0.6466011807328045,0,1
3199,0.6481693709735514,0,1
3200,0.690878121970816,1,1
3201,0.7221552079606933,1,1
3202,0.653711518169432,1,1
3203,0.6309739344613878,0,1
3204,0.6793460612990616,1,1
3205,0.7375657291794409,1,1
3206,0.6498518105509367,0,1
3207,0.6410302429528434,0,1
3208,0.7302838928371904,1,1
3209,0.6129285736497687,0,1
3210,0.6452256331344308,0,1
3211,0.6719823294060501,1,1
3212,0.6963656175367141,1,1
3213,0.6787062886356403,1,1
3214,0.636022772478323,0,1
3215,0.7074837321603121,1,1
3216,0.6899122622174544,1,1
3217,0.6691972144276814,1,1
3218,0.6488428036191705,0,1
3219,0.6854641089921798,1,1
3220,0.6328589618982262,0,1
3221,0.6588968207597452,1,1
3222,0.6718470774452097,1,1
3223,0.6096167191480096,0,1
3224,0.7095781464804619,1,1
3225,0.6329590791721619,0,1
3226,0.6819948830511046,1,1
3227,0.6606508500490875,1,1
3228,0.6335165535138929,0,1
3229,0.6764102379209261,1,1
3230,0.6155464838600915,0,1
3231,0.6527296515457721,1,1
3232,0.6366127212332569,0,1
3233,0.6608655224429941,1,1
3234,0.6620983668053796,1,1
3235,0.6708794988628269,1,1
3236,0.6690462073549863,1,1
3237,0.6393993641795729,0,1
3238,0.6789238663253913,1,1
3239,0.6179697651362303,0,1
3240,0.6726655644056427,1,1
3241,0.6782167209323333,1,1
3242,0.6149404704568121,0,1
3243,0.6862547498450873,1,1
3244,0.6501825080833789,0,1
3245,0.651155569460293,1,1
3246,0.645725387853972,0,1
3247,0.6800700453746702,1,1
3248,0.7296441527082568,1,1
3249,0.6617314319270189,1,1
3250,0.6112793865144137,0,1
3251,0.6574351686611336,1,1
3252,0.6855104077668828,1,1
3253,0.6184473393677775,0,1
3254,0.7008580076495577,1,1
3255,0.6607844183548363,1,1
3256,0.6319964337689924,0,1
3257,0.6357024185042104,0,1
3258,0.6940423510151239,1,1
3259,0.6112853923209066,0,1
3260,0.6640414625725551,1,1
3261,0.6364383966037761,0,1
3262,0.6211777069677937,0,1
3263,0.6304671956067021,0,1
3264,0.6894922489830784,1,1
3265,0.6715099106235406,1,1
3266,0.6537744040976293,1,1
3267,0.7096706428498059,1,1
3268,0.6541274041237201,1,1
3269,0.6574677353617889,1,1
3270,0.6414409126325031,0,1
3271,0.705549761432315,1,1
3272,0.7184344480880763,1,1
3273,0.6830952425785555,1,1
3274,0.6913882706771562,1,1
3275,0.6795976547191429,1,1
3276,0.6746510298230954,1,1
3277,0.6682176963145335,1,1
3278,0.6732611338698178,1,1
3279,0.6640859095105556,1,1
3280,0.6523451550201669,1,1
3281,0.6813309466539619,1,1
3282,0.7147149212856382,1,1
3283,0.6698821533703412,1,1
3284,0.645964311731823,0,1
3285,0.6521064352722552,1,1
3286,0.6506761475051727,0,1
3287,0.6666718426124439,1,1
3288,0.6790459238671377,1,1
3289,0.6600442038361698,1,1
3290,0.6330726099930639,0,1
3291,0.6825379857036231,1,1
3292,0.6512121911762137,1,1
3293,0.6626672547023241,1,1
3294,0.6515758117476389,1,1
3295,0.632247133666532,0,1
3296,0.6741766830172241,1,1
3297,0.680441751228692,1,1
3298,0.6903457152458039,1,1
3299,0.7316195996512372,1,1
3300,0.6307097598143688,0,1
3301,0.6485885598064547,0,1
3302,0.6441825696262531,0,1
3303,0.7202610454284253,1,1
3304,0.6401310175655857,0,1
3305,0.6370921808441905,0,1
3306,0.6543875659562183,1,1
3307,0.7251515064067557,1,1
3308,0.7158230801028838,1,1
3309,0.64160952382683,0,1
3310,0.6334692562976799,0,1
3311,0.6205334095264924,0,1
3312,0.7070996036622099,1,1
3313,0.6695827696688934,1,1
3314,0.6623891137731645,1,1
3315,0.6135968057058708,0,1
3316,0.6296339319600164,0,1
3317,0.6525956623638657,1,1
3318,0.7127867464980795,1,1
3319,0.6227925760781085,0,1
3320,0.6481080172423468,0,1
3321,0.7102424175631141,1,1
3322,0.6795528580504231,1,1
3323,0.6289140762380535,0,1
3324,0.657402166988727,1,1
3325,0.6528989499421631,1,1
3326,0.6112175878520446,0,1
3327,0.6416223541199755,0,1
3328,0.6945653099055927,1,1
3329,0.6661287318790539,1,1
3330,0.627655168781494,0,1
3331,0.6621555948443866,1,1
3332,0.6597181197964229,1,1
3333,0.632620542502275,0,1
3334,0.6733476897467638,1,1
3335,0.6285008247110587,0,1
3336,0.6876719989006442,1,1
3337,0.679188084821797,1,1
3338,0.6260238615287391,0,1
3339,0.703074681754702,1,1
3340,0.6328326584602731,0,1
3341,0.6479617806980288,0,1
3342,0.616261799977226,0,1
3343,0.7023994572712019,1,1
3344,0.6570918838063062,1,1
3345,0.7146242929115634,1,1
3346,0.6178263389043559,0,1
3347,0.6339606235864325,0,0
3348,0.6729129725169832,1,0
3349,0.672209688592247,1,0
3350,0.6320721485375446,0,0
3351,0.612769876956928,0,0
3352,0.6548659645834024,1,0
3353,0.6243209388070364,0,0
3354,0.6302096064466693,0,0
3355,0.6526947893988728,1,0
3356,0.6311361532463164,0,0
3357,0.7155491160851241,1,0
3358,0.6676770199780483,1,0
3359,0.6346702849209239,0,0
3360,0.6710648507979362,1,0
3361,0.6538056505051855,1,0
3362,0.6565332767526897,1,0
3363,0.6661166464649296,1,0
3364,0.6568016825456806,1,0
3365,0.674455824442129,1,0
3366,0.6700334421552683,1,0
3367,0.6147655807815287,0,0
3368,0.6417045935433792,0,0
3369,0.692737470170648,1,0
3370,0.6220487715996443,0,0
3371,0.6136978561650474,0,0
3372,0.6323623653474857,0,0
3373,0.6166806316407779,0,0
3374,0.627119727264464,0,0
3375,0.6895906066080175,1,0
3376,0.6571968492382922,1,0
3377,0.6642323113553239,1,0
3378,0.6739685803070034,1,0
3379,0.6744837682056328,1,0
3380,0.6603539800952671,1,0
3381,0.6542146479930238,1,0
3382,0.6774532615844625,1,0
3383,0.6741450077439556,1,0
3384,0.6967640564509936,1,0
3385,0.6383806175587134,0,0
3386,0.6924436345458005,1,0
3387,0.6552066439807646,1,0
3388,0.6531797850624406,1,0
3389,0.6900425500006786,1,0
3390,0.6497055028675005,0,0
3391,0.67912686984992,1,0
3392,0.7099365436561375,1,0
3393,0.6718258067775202,1,0
3394,0.6225104932744208,0,0
3395,0.6890288593467819,1,0
3396,0.6615771991350224,1,0
3397,0.6490842027768762,0,0
3398,0.6700311599568387,1,0
3399,0.6943485544847843,1,0
3400,0.6632227007972574,1,0
3401,0.6438001071253883,0,0
3402,0.6533285846084602,1,0
3403,0.695928475392357,1,0
3404,0.6503014430741989,0,0
3405,0.6598474681988283,1,0
3406,0.6609096052896783,1,0
3407,0.683917408598129,1,0
3408,0.6969373235355603,1,0
3409,0.6623836485301813,1,0
3410,0.6331255078039356,0,0
3411,0.6478740474439958,0,0
3412,0.6865513660906589,1,0
3413,0.6465279503669333,0,0
3414,0.6571869794948522,1,0
3415,0.6508818489289995,1,0
3416,0.6662634101630014,1,0
3417,0.6129608476932625,0,0
3418,0.6490256966315644,0,0
3419,0.684196003242864,1,0
3420,0.6626557777244158,1,0
3421,0.672361754471269,1,0
3422,0.6705462129624595,1,0
3423,0.6547314630517809,1,0
3424,0.6257618777263034,0,0
3425,0.6649418048068503,1,0
3426,0.6550008713715157,1,0
3427,0.6744006123118623,1,0
3428,0.6286593578166901,0,0
3429,0.637084509343709,0,0
3430,0.708661908398005,1,0
3431,0.7206809332505927,1,0
3432,0.6797816168272361,1,0
3433,0.6638987361617872,1,0
3434,0.6290092299440244,0,0
3435,0.6360380641434553,0,0
3436,0.7101087729305827,1,0
3437,0.6335494085284091,0,0
3438,0.6662675041528822,1,0
3439,0.7235681860165135,1,0
3440,0.6293170201523286,0,0
3441,0.6712855754262393,1,0
3442,0.6201299331498442,0,0
3443,0.6653897488803835,1,0
3444,0.6345229729646507,0,0
3445,0.6251985397594964,0,0
3446,0.6435899079428903,0,0
3447,0.6134793845414717,0,0
3448,0.6476948023165755,0,0
3449,0.6551641016813783,1,0
3450,0.6346533223290655,0,0
3451,0.6320500422810871,0,0
3452,0.6469666276405389,0,0
3453,0.6228081781471989,0,0
3454,0.6772773622894348,1,0
3455,0.6363721946301151,0,0
3456,0.6821030735639793,1,0
3457,0.6359608822644779,0,0
3458,0.7235813480414246,1,0
3459,0.6283128607633706,0,0
3460,0.6356951340965,0,0
3461,0.6424337777033517,0,0
3462,0.6369878628393086,0,0
3463,0.6195767396951245,0,0
3464,0.6618334574662927,1,0
3465,0.7101820040554354,1,0
3466,0.6523615652373554,1,0
3467,0.6720012462058326,1,0
3468,0.6564594787037228,1,0
3469,0.6167927930312428,0,0
3470,0.6395139012623341,0,0
3471,0.6785007630773389,1,0
3472,0.6424281616044705,0,0
3473,0.6477152911121868,0,0
3474,0.6728212958522652,1,0
3475,0.7197641382225675,1,0
3476,0.6441103208942333,0,0
3477,0.6580476418877306,1,0
3478,0.6391418593844207,0,0
3479,0.6135076823844754,0,0
3480,0.640280034731489,0,0
3481,0.6998619362543325,1,0
3482,0.6461589767321196,0,0
3483,0.6268869677824904,0,0
3484,0.6849131078948683,1,0
3485,0.6851267398901433,1,0
3486,0.6364611036345325,0,0
3487,0.6853648806878608,1,0
3488,0.6598245337085187,1,0
3489,0.6905477300936496,1,0
3490,0.6760729436138739,1,0
3491,0.7527511410726481,1,0
3492,0.6524449570390009,1,0
3493,0.6465591350820421,0,0
3494,0.7119339744745162,1,0
3495,0.6463279555778062,0,0
3496,0.7255081970623932,1,0
3497,0.6357123836327047,0,0
3498,0.6206580220306829,0,0
3499,0.6441013272689708,0,0
3500,0.6260874226193415,0,0
3501,0.7143056569626548,1,0
3502,0.6565605909758162,1,0
3503,0.6286428954880343,0,0
3504,0.6545219051292038,1,0
3505,0.6323470340603257,0,0
3506,0.6495011272260385,0,0
3507,0.6591644081166714,1,0
3508,0.6531469293123031,1,0
3509,0.6343796610897128,0,0
3510,0.6541395567410202,1,0
3511,0.623548345211431,0,0
3512,0.6671195680423311,1,0
3513,0.6241235109621066,0,0
3514,0.6506537193383173,0,0
3515,0.6735781090823361,1,0
3516,0.6665799388947414,1,0
3517,0.6447441338643085,0,0
3518,0.6937668832865247,1,0
3519,0.6114286456959369,0,0
3520,0.72890778659273,1,0
3521,0.6817246391848633,1,0
3522,0.6515751300347011,1,0
3523,0.6413879542795781,0,0
3524,0.6870484939002661,1,0
3525,0.7241095751295057,1,0
3526,0.6473793941514462,0,0
3527,0.6322811973351719,0,0
3528,0.6265778513644743,0,0
3529,0.6288288060880672,0,0
3530,0.6389454833761536,0,0
3531,0.6473804376814565,0,0
3532,0.6524670279649873,1,0
3533,0.634562867573537,0,0
3534,0.6570078164268407,1,0
3535,0.6649994598152097,1,0
3536,0.6094897369155916,0,0
3537,0.6208402006868317,0,0
3538,0.6491222268042249,0,0
3539,0.6539092707124693,1,0
3540,0.6327248839643662,0,0
3541,0.6358632450780506,0,0
3542,0.6496389435962057,0,0
3543,0.6372755899405198,0,0
3544,0.6474871072263733,0,0
3545,0.6708794263519833,1,0
3546,0.6564383296200095,1,0
3547,0.6626126587620323,1,0
3548,0.6398988135316255,0,0
3549,0.6106312715982749,0,0
3550,0.6383188145253051,0,0
3551,0.6749655454852705,1,0
3552,0.6125108012018873,0,0
3553,0.6622622443176716,1,0
3554,0.6727689093255774,1,0
3555,0.6796981929355966,1,0
3556,0.6858855771136219,1,0
3557,0.6756432448870936,1,0
3558,0.6900001662129839,1,0
3559,0.6898528419001426,1,0
3560,0.6499602574823459,0,0
3561,0.665370340559325,1,0
3562,0.6939403328231359,1,0
3563,0.620496938414107,0,0
3564,0.6896251531075893,1,0
3565,0.652980198014974,1,0
3566,0.6232886723509307,0,0
3567,0.6877846771045074,1,0
3568,0.6537198016765192,1,0
3569,0.6363848815812075,0,0
3570,0.6193810961429942,0,0
3571,0.6764740407795954,1,0
3572,0.6575025494224913,1,0
3573,0.6983671711430594,1,0
3574,0.6406205215687338,0,0
3575,0.6380065350797581,0,0
3576,0.6258328029294965,0,0
3577,0.6706972140728491,1,0
3578,0.6391037123729961,0,0
3579,0.6245080974277416,0,0
3580,0.6423373195003543,0,0
3581,0.6591148609701195,1,0
3582,0.6535184215660912,1,0
3583,0.6234503045418593,0,0
3584,0.6569005482568955,1,0
3585,0.7136656741402614,1,0
3586,0.7188320434631246,1,0
3587,0.621338872946387,0,0
3588,0.714140450621097,1,0
3589,0.6374128428719659,0,0
3590,0.6438960166322717,0,0
3591,0.6417185253732892,0,0
3592,0.6357457371744726,0,0
3593,0.6897155271981203,1,0
3594,0.6904498983171203,1,0
3595,0.6825745030554342,1,0
3596,0.6663695511669059,1,0
3597,0.6605123035536778,1,0
3598,0.6101174206399756,0,0
3599,0.6861765829555458,1,0
3600,0.6263665906894773,0,0
3601,0.6696815418244079,1,0
3602,0.6916004509325983,1,0
3603,0.6742222899407405,1,0
3604,0.615321067587152,0,0
3605,0.6375124727297254,0,0
3606,0.7167261675570784,1,0
3607,0.6425126135636618,0,0
3608,0.6923518993633502,1,0
3609,0.6640506970292741,1,0
3610,0.6729318455349561,1,0
3611,0.649524989351828,0,0
3612,0.656010335825281,1,0
3613,0.6650805608604655,1,0
3614,0.6496245242137005,0,0
3615,0.6218132257127553,0,0
3616,0.6310704983702765,0,0
3617,0.6417844536772384,0,0
3618,0.7313874030303937,1,0
3619,0.6659035679368389,1,0
3620,0.6953489481025472,1,0
3621,0.6482142532831665,0,0
3622,0.6496312203216565,0,0
3623,0.6669365431507203,1,0
3624,0.6424198254212697,0,0
3625,0.6917823473522162,1,0
3626,0.6730079292940953,1,0
3627,0.6439125850397127,0,0
3628,0.6562210041280974,1,0
3629,0.6577052901343712,1,0
3630,0.6339659819065988,0,0
3631,0.6991979997819731,1,0
3632,0.6736812454116694,1,0
3633,0.7053958080539549,1,0
3634,0.6675351370972474,1,0
3635,0.6539663460863523,1,0
3636,0.673038477441362,1,0
3637,0.6292510310680859,0,0
3638,0.7040410972684976,1,0
3639,0.659977761962415,1,0
3640,0.6427638803442363,0,0
3641,0.6315279055114793,0,0
3642,0.6397690989370133,0,0
3643,0.6576036303690374,1,0
3644,0.6514024919749983,1,0
3645,0.6290795723076745,0,0
3646,0.6116532348679538,0,0
3647,0.7396587593697953,1,0
3648,0.6170229964628212,0,0
3649,0.612062114904065,0,0
3650,0.6955937584461621,1,0
3651,0.6702190835400115,1,0
3652,0.6781379929483625,1,0
3653,0.688182706018231,1,0
3654,0.6908068533728889,1,0
3655,0.635183837697902,0,0
3656,0.6626477141502762,1,0
3657,0.6783271211567252,1,0
3658,0.6551715582593673,1,0
3659,0.6366927785868788,0,0
3660,0.6328033305806795,0,0
3661,0.6775150446143755,1,0
3662,0.6818784406122969,1,0
3663,0.6834143690589347,1,0
3664,0.6739423991942175,1,0
3665,0.6575051007765765,1,0
3666,0.6395420231885517,0,0
3667,0.6354294363601731,0,0
3668,0.6908583172336065,1,0
3669,0.6466779137249926,0,0
3670,0.6803550740700701,1,0
3671,0.6952073559000752,1,0
3672,0.6336479851564633,0,0
3673,0.7152133197681699,1,0
3674,0.6472170018310962,0,0
3675,0.658436872194268,1,0
3676,0.6488505847540681,0,0
3677,0.6551692741063904,1,0
3678,0.6201967101134325,0,0
3679,0.6214497968084107,0,0
3680,0.6210038784566865,0,0
3681,0.6439344563959097,0,0
3682,0.63276237819037,0,0
3683,0.6681965370581523,1,0
3684,0.6368462255209368,0,0
3685,0.6546795138798218,1,0
3686,0.6491236816662056,0,0
3687,0.670601803664317,1,0
3688,0.6162590866684788,0,0
3689,0.6257808985747101,0,0
3690,0.6173887403999404,0,0
3691,0.6406741426961463,0,0
3692,0.6421265285680894,0,0
3693,0.6101206690866565,0,0
3694,0.6865423954971386,1,0
3695,0.6629530303497106,1,0
3696,0.6164689794906208,0,0
3697,0.6403905843994497,0,0
3698,0.6464545330230452,0,0
3699,0.678451207564704,1,0
3700,0.7151127737656048,1,0
3701,0.6248631844024715,0,0
3702,0.6873985496899708,1,0
3703,0.6469900722434863,0,0
3704,0.6586325812042917,1,0
3705,0.632185724642464,0,0
3706,0.6195446546189793,0,0
3707,0.6311091213866322,0,0
3708,0.7202052752513839,1,0
3709,0.6850604684204802,1,0
3710,0.6546863170232429,1,0
3711,0.623030717626148,0,0
3712,0.7173760304533184,1,0
3713,0.6297736501564892,0,0
3714,0.6517327456854606,1,0
3715,0.6480636620915332,0,0
3716,0.641656047834047,0,0
3717,0.6265669504876077,0,0
3718,0.6219621584676466,0,0
3719,0.6819779632001787,1,0
3720,0.6188659435550438,0,0
3721,0.6184409864202847,0,0
3722,0.6650475046164059,1,0
3723,0.614169002056404,0,0
3724,0.6294663733404688,0,0
3725,0.614750476853616,0,0
3726,0.637355186157931,0,0
3727,0.6495885377966315,0,0
3728,0.6464622800170579,0,0
3729,0.6259690388156379,0,0
3730,0.6351728798144693,0,0
3731,0.6162836597878183,0,0
3732,0.6644425013221842,1,0
3733,0.6180549619815405,0,0
3734,0.6856829301130207,1,0
3735,0.6499660780038848,0,0
3736,0.6448728189607504,0,0
3737,0.6338212455253867,0,0
3738,0.6227638233073792,0,0
3739,0.6287400849319098,0,0
3740,0.6219974755620465,0,0
3741,0.6656854234523434,1,0
3742,0.6522489806367454,1,0
3743,0.6199005975695636,0,0
3744,0.7082330487648562,1,0
3745,0.6433174244722248,0,0
3746,0.6467441885890468,0,0
3747,0.6736347196787518,1,0
3748,0.6245623528407211,0,0
3749,0.636191794303693,0,0
3750,0.6257701397346145,0,0
3751,0.6455867322896407,0,0
3752,0.6917926939681145,1,0
3753,0.6396178060718585,0,0
3754,0.6420596434970461,0,0
3755,0.6729000545640195,1,0
3756,0.63733792817508,0,0
3757,0.6569223751479484,1,0
3758,0.6605577037891589,1,0
3759,0.6132191717443186,0,0
3760,0.7158772964963626,1,0
3761,0.6429529145848007,0,0
3762,0.6639819347727605,1,0
3763,0.6362625290707383,0,0
3764,0.6923025706455599,1,0
3765,0.6374932781307803,0,0
3766,0.7074786675128146,1,0
3767,0.6322796373868377,0,0
3768,0.6283600735346905,0,0
3769,0.6649630169146821,1,0
3770,0.6175105268731891,0,0
3771,0.7007610922089713,1,0
3772,0.6354518175134412,0,0
3773,0.6395068976214149,0,0
3774,0.644000282775711,0,0
3775,0.6289580567997668,0,0
3776,0.6567285416947443,1,0
3777,0.6929486654627894,1,0
3778,0.6133372927748584,0,0
3779,0.6649689466777712,1,0
3780,0.6370211505209853,0,0
3781,0.6303522916541828,0,0
3782,0.653743043068905,1,0
3783,0.6950954887501163,1,0
3784,0.6478482475227838,0,0
3785,0.6247884836926103,0,0
3786,0.6382687261839078,0,0
3787,0.670344254438741,1,0
3788,0.6797786018542574,1,0
3789,0.6382127145029931,0,0
3790,0.6833652662476839,1,0
3791,0.6878675008352066,1,0
3792,0.7232092913835259,1,0
3793,0.619802968678109,0,0
3794,0.6377823612724166,0,0
3795,0.6795971498425799,1,0
3796,0.6856074888842816,1,0
3797,0.6485974908290195,0,0
3798,0.6871514042078256,1,0
3799,0.6200624713495522,0,0
3800,0.631468833026297,0,0
3801,0.6493019526485282,0,0
3802,0.6821692095854147,1,0
3803,0.6309161974053545,0,0
3804,0.6710632669789243,1,0
3805,0.6691815668979914,1,0
3806,0.6796243084401873,1,0
3807,0.647322932573299,0,0
3808,0.6658018086131179,1,0
3809,0.6777741887494557,1,0
3810,0.7314218723783502,1,0
3811,0.6170459426016853,0,0
3812,0.6679579301699309,1,0
3813,0.6461400585734869,0,0
3814,0.6508954471683016,1,0
3815,0.6786687030357015,1,0
3816,0.6933657746689263,1,0
3817,0.6631453844305878,1,0
3818,0.6346530694425032,0,0
3819,0.6242237436816223,0,0
3820,0.6377741890679763,0,0
3821,0.6153196702031672,0,0
3822,0.6371531610987269,0,0
3823,0.6901226648222815,1,0
3824,0.6150157375501772,0,0
3825,0.6382831932714114,0,0
3826,0.6663278790681965,1,0
3827,0.6886720647994474,1,0
3828,0.6986852721568361,1,0
3829,0.6690741857896765,1,0
3830,0.6715140067973276,1,0
3831,0.6158881256019477,0,0
3832,0.630611445330441,0,0
3833,0.639900119259172,0,0
3834,0.6849246190893095,1,0
3835,0.6944919847537298,1,0
3836,0.6260877751302187,0,0
3837,0.6568817380023939,1,0
3838,0.6735970173907141,1,0
3839,0.6380132681472541,0,0
3840,0.6195832413320526,0,0
3841,0.6487164308032124,0,0
3842,0.6153784561563065,0,0
3843,0.6161604840656822,0,0
3844,0.6337860862572606,0,0
3845,0.6366643962841649,0,0
3846,0.6666370844131974,1,0
3847,0.7280517610572115,1,0
3848,0.6794032026070589,1,0
3849,0.6351712637477357,0,0
3850,0.6471384098500542,0,0
3851,0.7122048733346606,1,0
3852,0.6850790726822896,1,0
3853,0.6464125029112614,0,0
3854,0.6592275550063521,1,0
3855,0.6233586194660351,0,0
3856,0.6283370473902976,0,0
3857,0.6620207607208813,1,0
3858,0.6271111826478288,0,0
3859,0.6381322845126879,0,0
3860,0.6262736878875608,0,0
3861,0.7105165050578914,1,0
3862,0.7004574204144076,1,0
3863,0.6316628501769298,0,0
3864,0.6318133234844907,0,0
3865,0.6844502773815101,1,0
3866,0.6883245766661363,1,0
3867,0.669102998447602,1,0
3868,0.6230455240783805,0,0
3869,0.6179312101060453,0,0
3870,0.6689802054252514,1,0
3871,0.6650195138175995,1,0
3872,0.6730879095886828,1,0
3873,0.6481530519940079,0,0
3874,0.6212811915398943,0,0
3875,0.6336155884256068,0,0
3876,0.6715659216429013,1,0
3877,0.6187748438447556,0,0
3878,0.6571448138845317,1,0
3879,0.6569153905541962,1,0
3880,0.6443348557007542,0,0
3881,0.6402131546626977,0,0
3882,0.6517543742505956,1,0
3883,0.6363036874417375,0,0
3884,0.6594757756354794,1,0
3885,0.6955038103269822,1,0
3886,0.6313103288124635,0,0
3887,0.6938453766862644,1,0
3888,0.6708280587982214,1,0
3889,0.6224132155019274,0,0
3890,0.6713716512708686,1,0
3891,0.6400350478955571,0,0
3892,0.6724562856614017,1,0
3893,0.7132428455538409,1,0
3894,0.6188701007533091,0,0
3895,0.6777704680770388,1,0
3896,0.6313087030636702,0,0
3897,0.6757465292597297,1,0
3898,0.6191032626052869,0,0
3899,0.6455004574881662,0,0
3900,0.7050062091067274,1,0
3901,0.6206627830843315,0,0
3902,0.6454669754266371,0,0
3903,0.6510620230718416,1,0
3904,0.6207576530287178,0,0
3905,0.7093707781953248,1,0
3906,0.6555330947853176,1,0
3907,0.6677192212029925,1,0
3908,0.6260284059226434,0,0
3909,0.6928333881515614,1,0
3910,0.632950120097986,0,0
3911,0.6519507436791818,1,0
3912,0.6811998558976929,1,0
3913,0.657118085984358,1,0
3914,0.6663062643070977,1,0
3915,0.653836538284314,1,0
3916,0.6518550726863065,1,0
3917,0.6443342158344891,0,0
3918,0.6446175034686475,0,0
3919,0.6387590975579852,0,0
3920,0.6227171359609456,0,0
3921,0.651844282544979,1,0
3922,0.6364224888784188,0,0
3923,0.661888418584003,1,0
3924,0.6953951088147765,1,0
3925,0.6974053905616753,1,0
3926,0.6877368221921236,1,0
3927,0.6403508652392367,0,0
3928,0.6687326481171669,1,0
3929,0.6435208274137454,0,0
3930,0.6349952625813395,0,0
3931,0.6462681081905582,0,0
3932,0.6217525406803671,0,0
3933,0.6441652489066522,0,0
3934,0.667334478835641,1,0
3935,0.7016740565379666,1,0
3936,0.7046640554706457,1,0
3937,0.6594290772752363,1,0
3938,0.6379074766071202,0,0
3939,0.655740334685468,1,0
3940,0.6706872526290077,1,0
3941,0.6200339867061155,0,0
3942,0.620235094084783,0,0
3943,0.6775173269861852,1,0
3944,0.6487445957261205,0,0
3945,0.6417656272446346,0,0
3946,0.6662409622862807,1,0
3947,0.6908552772909995,1,0
3948,0.6722221405155764,1,0
3949,0.6758769531373481,1,0
3950,0.6752503218739586,1,0
3951,0.6579984026877478,1,0
3952,0.7427693463107181,1,0
3953,0.6281557370996108,0,0
3954,0.6212360788311561,0,0
3955,0.6930494389588804,1,0
3956,0.6609621705689951,1,0
3957,0.6141899508477473,0,0
3958,0.6684885915605665,1,0
3959,0.664577816842646,1,0
3960,0.6679846440733688,1,0
3961,0.6538496945886638,1,0
3962,0.6383245816265576,0,0
3963,0.673476302308283,1,0
3964,0.6982846890250526,1,0
3965,0.6344091590506328,0,0
3966,0.6134937197177951,0,0
3967,0.639447331303945,0,0
3968,0.6667707302421833,1,0
3969,0.657876700845396,1,0
3970,0.652611176035829,1,0
3971,0.6802722395815085,1,0
3972,0.6836482755041945,1,0
3973,0.6631162685209735,1,0
3974,0.6314724692029168,0,0
3975,0.662236974922481,1,0
3976,0.6874598912221773,1,0
3977,0.6464959617009072,0,0
3978,0.653955807495405,1,0
3979,0.7145555077249083,1,0
3980,0.6561696139991615,1,0
3981,0.640408549836002,0,0
3982,0.6332450821895655,0,0
3983,0.7273251216358716,1,0
3984,0.6497515500056537,0,0
3985,0.6561160888701789,1,0
3986,0.6227137843074892,0,0
3987,0.6206702229633666,0,0
3988,0.6260418439298548,0,0
3989,0.6107901444371892,0,0
3990,0.630282377548911,0,0
3991,0.6371337833766993,0,0
3992,0.6556689199267951,1,0
3993,0.6924114010795792,1,0
3994,0.6327565881190378,0,0
3995,0.6167949305782029,0,0
3996,0.6520792887831465,1,0
3997,0.6365656008434921,0,0
3998,0.665249806606625,1,0
3999,0.6772068021992881,1,0
4000,0.6430967919217307,0,0
4001,0.6561983588984887,1,0
4002,0.6289373046483169,0,0
4003,0.6630017308964473,1,0
4004,0.6260273188519326,0,0
4005,0.6315995706038617,0,0
4006,0.703856650363354,1,0
4007,0.6592695657405332,1,0
4008,0.6427427209766647,0,0
4009,0.6392804069638207,0,0
4010,0.6837490357409838,1,0
4011,0.6360894264613406,0,0
4012,0.680625944352677,1,0
4013,0.6209345598083731,0,0
4014,0.6220201216511712,0,0
4015,0.6372109044838323,0,0
4016,0.7036849695712173,1,0
4017,0.6734863579831077,1,0
4018,0.6350428848177738,0,0
4019,0.6722586966100415,1,0
4020,0.6278223403848596,0,0
4021,0.6530336839625858,1,0
4022,0.6979278732666319,1,0
4023,0.7051717635223289,1,0
4024,0.647599216506267,0,0
4025,0.6306901364130466,0,0
4026,0.6537109988305222,1,0
4027,0.7001072878428222,1,0
4028,0.6534894596660968,1,0
4029,0.6544975872318911,1,0
4030,0.6538348310318046,1,0
4031,0.6540018982717063,1,0
4032,0.7389989302146789,1,0
4033,0.6514366583430122,1,0
4034,0.6445858608650048,0,0
4035,0.6459839262629589,0,0
4036,0.6608262014748842,1,0
4037,0.6354965324069448,0,0
4038,0.687075792295394,1,0
4039,0.6814939909624594,1,0
4040,0.6336922223593183,0,0
4041,0.7163223269264959,1,0
4042,0.6309449839794543,0,0
4043,0.6674478907761465,1,0
4044,0.6328070092623563,0,0
4045,0.6656663692721831,1,0
4046,0.6892200041241183,1,0
4047,0.6837395777132641,1,0
4048,0.7017566496842328,1,0
4049,0.6477261394389742,0,0
4050,0.6537048932212414,1,0
4051,0.6739010093339226,1,0
4052,0.6614336723117629,1,0
4053,0.6424084800519527,0,0
4054,0.6163836629334842,0,0
4055,0.6423063530165116,0,0
4056,0.6348075566150951,0,0
4057,0.6612774601118132,1,0
4058,0.6887010004415781,1,0
4059,0.6588431086395604,1,0
4060,0.681584967509131,1,0
4061,0.6271342244740025,0,0
4062,0.7183237385305131,1,0
4063,0.6670672708746471,1,0
4064,0.6320657057444148,0,0
4065,0.6962273499753854,1,0
4066,0.6926579132557634,1,0
4067,0.6494749091650764,0,0
4068,0.6783721641996325,1,0
4069,0.6586969887618854,1,0
4070,0.68296146306482,1,0
4071,0.6480249068055657,0,0
4072,0.6621461006946234,1,0
4073,0.6327777924359594,0,0
4074,0.6667100097862058,1,0
4075,0.6352075010074578,0,0
4076,0.6387734142836776,0,0
4077,0.6225268916409321,0,0
4078,0.6779844212398888,1,0
4079,0.6811956641491689,1,0
4080,0.6468883712054572,0,0
4081,0.6630774391592263,1,0
4082,0.6457567306049264,0,0
4083,0.6673725236888404,1,0
4084,0.6821904361586311,1,0
4085,0.6560995701929937,1,0
4086,0.6197481407178616,0,0
4087,0.6230283578505907,0,0
4088,0.6244446580792895,0,0
4089,0.6261516322111265,0,0
4090,0.615641232210418,0,0
4091,0.65877554421563,1,0
4092,0.6792344966361543,1,0
4093,0.6503365005413909,0,0
4094,0.6640785103655574,1,0
4095,0.6156084919538738,0,0
4096,0.6284884027886887,0,0
4097,0.6335543194146488,0,0
4098,0.7190198388515072,1,0
4099,0.641114898494942,0,0
4100,0.6259539556795065,0,0
4101,0.6598073643591145,1,0
4102,0.6613913613146067,1,0
4103,0.7062018903224394,1,0
4104,0.6332465728157131,0,0
4105,0.7008519974516695,1,0
4106,0.635458140258837,0,0
4107,0.7005676097124982,1,0
4108,0.6369852471576114,0,0
4109,0.640546893077971,0,0
4110,0.6180087412784883,0,0
4111,0.6387456565531984,0,0
4112,0.6220892322995605,0,0
4113,0.6324851938068616,0,0
4114,0.652996640383894,1,0
4115,0.6214707978870212,0,0
4116,0.670411979658138,1,0
4117,0.6783962167377722,1,0
4118,0.6929521591730202,1,0
4119,0.6172946486220564,0,0
4120,0.6595352145352503,1,0
4121,0.6631436978590665,1,0
4122,0.6219941150993354,0,0
4123,0.6303209419574208,0,0
4124,0.641930508933789,0,0
4125,0.6317371185989573,0,0
4126,0.6236099892453223,0,0
4127,0.6200848476273102,0,0
4128,0.638845752190933,0,0
4129,0.626514712086098,0,0
4130,0.6387055679744865,0,0
4131,0.6350517058813302,0,0
4132,0.661883190345645,1,0
4133,0.7264340800714788,1,0
4134,0.6633859391484,1,0
4135,0.648441694691492,0,0
4136,0.6435791826478714,0,0
4137,0.6953985178587933,1,0
4138,0.634366501599406,0,0
4139,0.6442684392729847,0,0
4140,0.6499823141197895,0,0
4141,0.6217404190449597,0,0
4142,0.6631615201931758,1,0
4143,0.6749674635789209,1,0
4144,0.6468201114029271,0,0
4145,0.631630196077659,0,0
4146,0.6288046532352329,0,0
4147,0.7528035184334898,1,0
4148,0.6418926846619829,0,0
4149,0.6543324557675384,1,0
4150,0.6648149751316546,1,0
4151,0.6153218867696053,0,0
4152,0.6758762867753322,1,0
4153,0.662942042665117,1,0
4154,0.6646410300702821,1,0
4155,0.6230212026847924,0,0
4156,0.6719386092279073,1,0
4157,0.6384406565090531,0,0
4158,0.6425338674861112,0,0
4159,0.6214347064760092,0,0
4160,0.6209572108404944,0,0
4161,0.7513301588756522,1,0
4162,0.6447563278867481,0,0
4163,0.6554535898862596,1,0
4164,0.6456374380223927,0,0
4165,0.704487543642967,1,0
4166,0.6391059845571871,0,0
4167,0.662016322110683,1,0
4168,0.6447775075345096,0,0
4169,0.6275403922990234,0,0
4170,0.6488933102103531,0,0
4171,0.6688667480752003,1,0
4172,0.6777009412751466,1,0
4173,0.7204136434781931,1,0
4174,0.6492151066211779,0,0
4175,0.6803072639427374,1,0
4176,0.6639096934962962,1,0
4177,0.70519664712279,1,0
4178,0.6656575813876233,1,0
4179,0.6918539160434115,1,0
4180,0.6319019756158322,0,0
4181,0.6416273643367754,0,0
4182,0.6321325575478358,0,0
4183,0.6635778065389366,1,0
4184,0.6491943550162056,0,0
4185,0.6148905557764809,0,0
4186,0.6682431951526216,1,0
4187,0.6627574825236392,1,0
4188,0.6526470072964925,1,0
4189,0.6402002782395102,0,0
4190,0.6620038174644687,1,0
4191,0.6539668232257558,1,0
4192,0.6229568457048198,0,0
4193,0.6418672314740599,0,0
4194,0.6624961843797955,1,0
4195,0.6679742023559648,1,0
4196,0.646805110636686,0,0
4197,0.6786240398494958,1,0
4198,0.6688009676872508,1,0
4199,0.6819203697102176,1,0
4200,0.6149466301572254,0,0
4201,0.6346460076643418,0,0
4202,0.7034057672813974,1,0
4203,0.6294991734876414,0,0
4204,0.6614569094600596,1,0
4205,0.6665271287614655,1,0
4206,0.6548826126498076,1,0
4207,0.6746040537230568,1,0
4208,0.6724247057414268,1,0
4209,0.6575014996667234,1,0
4210,0.6442729986981754,0,0
4211,0.6419432504308811,0,0
4212,0.7291874622594386,1,0
4213,0.7137330386112462,1,0
4214,0.6688193535955502,1,0
4215,0.6866914315995012,1,0
4216,0.642744397799144,0,0
4217,0.6744148816588473,1,0
4218,0.6894273355773194,1,0
4219,0.6783305745544569,1,0
4220,0.6799289948261281,1,0
4221,0.6518874797011988,1,0
4222,0.6561993808828415,1,0
4223,0.6763246913533754,1,0
4224,0.6820855422675082,1,0
4225,0.6611274446711392,1,0
4226,0.7124780561236718,1,0
4227,0.6423030156393199,0,0
4228,0.6823525236883267,1,0
4229,0.6305521208602706,0,0
4230,0.6246695448272608,0,0
4231,0.6272495796314477,0,0
4232,0.6216341550068504,0,0
4233,0.6359625762102444,0,0
4234,0.632202946666687,0,0
4235,0.6216019055234123,0,0
4236,0.7013125754488008,1,0
4237,0.6571375431539608,1,0
4238,0.6356215530612406,0,0
4239,0.6740316287075002,1,0
4240,0.6840359515619637,1,0
4241,0.6475680370986405,0,0
4242,0.619276047519864,0,0
4243,0.6634750154663958,1,0
4244,0.6699791688627857,1,0
4245,0.6513179745850927,1,0
4246,0.6585783714120663,1,0
4247,0.6715845339196737,1,0
4248,0.6922957876535112,1,0
4249,0.6175584281350389,0,0
4250,0.6489201519888935,0,0
4251,0.6597706042343404,1,0
4252,0.6709403015194022,1,0
4253,0.6340682089419302,0,0
4254,0.6349116674853745,0,0
4255,0.6199279090243542,0,0
4256,0.6777540953456374,1,0
4257,0.6828896371095158,1,0
4258,0.6926536907171013,1,0
4259,0.6543505973500516,1,0
4260,0.6468012310662521,0,0
4261,0.6581726995171228,1,0
4262,0.6326792720999581,0,0
4263,0.7783728809175786,1,0
4264,0.667689756328518,1,0
4265,0.6456362757962593,0,0
4266,0.665926771917601,1,0
4267,0.7153695626089158,1,0
4268,0.6928788859014154,1,0
4269,0.7184687046361904,1,0
4270,0.6548511558851182,1,0
4271,0.6467979285552587,0,0
4272,0.6245740000714325,0,0
4273,0.6734864225500058,1,0
4274,0.6551528454247114,1,0
4275,0.6500630504425181,0,0
4276,0.64876810248633,0,0
4277,0.6234046682244846,0,0
4278,0.6638062811683212,1,0
4279,0.6124415651908071,0,0
4280,0.6555554708037336,1,0
4281,0.659571869758206,1,0
4282,0.6777807203453183,1,0
4283,0.6580087671402691,1,0
4284,0.6681455470342101,1,0
4285,0.6576498959370355,1,0
4286,0.7235727479783369,1,0
4287,0.6335944417168948,0,0
4288,0.6545306828318057,1,0
4289,0.6284350195135306,0,0
4290,0.6242155443637685,0,0
4291,0.658930450426128,1,0
4292,0.6695427826710194,1,0
4293,0.6453294937266087,0,0
4294,0.6391809130519275,0,0
4295,0.6484991666822275,0,0
4296,0.6770564999976151,1,0
4297,0.6824756299437921,1,0
4298,0.6727934832329872,1,0
4299,0.6631003512114747,1,0
4300,0.6658409519410929,1,0
4301,0.6596649034934916,1,0
4302,0.6467227363190402,0,0
4303,0.674125487223476,1,0
4304,0.6682655861268724,1,0
4305,0.6659845853786355,1,0
4306,0.6307344603825502,0,0
4307,0.6721787552726578,1,0
4308,0.665675043308058,1,0
4309,0.6254165570474617,0,0
4310,0.6783666186867816,1,0
4311,0.6392901112898576,0,0
4312,0.6998800135017771,1,0
4313,0.6210891404036177,0,0
4314,0.6462039373376782,0,0
4315,0.6159971641641163,0,0
4316,0.6356331431126653,0,0
4317,0.6452357079201781,0,0
4318,0.6554652656452228,1,0
4319,0.6405162112529713,0,0
4320,0.6602600206323475,1,0
4321,0.6622032191415477,1,0
4322,0.6479009675386167,0,0
4323,0.6133466013278979,0,0
4324,0.655160099742369,1,0
4325,0.682201816810131,1,0
4326,0.638956658680068,0,0
4327,0.6232110461669877,0,0
4328,0.6425047764832141,0,0
4329,0.6661091454244276,1,0
4330,0.7440769868456811,1,0
4331,0.6566073484596836,1,0
4332,0.6150415512657703,0,0
4333,0.6206425989525949,0,0
4334,0.7028813979540146,1,0
4335,0.6345905390537574,0,0
4336,0.6433693312053995,0,0
4337,0.6578512988078786,1,0
4338,0.632933058125266,0,0
4339,0.6157680057891726,0,0
4340,0.6448028530854725,0,0
4341,0.6370770138210285,0,0
4342,0.7178340714501995,1,0
4343,0.6776005255754576,1,0
4344,0.7150227067134289,1,0
4345,0.7226819228395323,1,0
4346,0.6239683927056381,0,0
4347,0.6735221980860693,1,0
4348,0.6906236308725415,1,0
4349,0.6579579513307185,1,0
4350,0.6430382935651386,0,0
4351,0.6353540921278691,0,0
4352,0.6179862735344689,0,0
4353,0.6298304492986929,0,0
4354,0.6271131874838748,0,0
4355,0.7003188593579369,1,0
4356,0.6721174953459064,1,0
4357,0.7099111452637403,1,0
4358,0.6463915606967733,0,0
4359,0.6803342883085695,1,0
4360,0.6222594081043017,0,0
4361,0.6520461556733746,1,0
4362,0.6202927411517333,0,0
4363,0.6143556070279492,0,0
4364,0.6536154286331538,1,0
4365,0.655379753411242,1,0
4366,0.6378189740241507,0,0
4367,0.6763354858783759,1,0
4368,0.6301763767237061,0,0
4369,0.6207853517826913,0,0
4370,0.6322796245586281,0,0
4371,0.6215784289321811,0,0
4372,0.6597120997625141,1,0
4373,0.6702714085120534,1,0
4374,0.6687379333206418,1,0
4375,0.7012340569767483,1,0
4376,0.6390730881055751,0,0
4377,0.6796462215825186,1,0
4378,0.6364395409006725,0,0
4379,0.6615466826132534,1,0
4380,0.6510694841269574,1,0
4381,0.6306371903821378,0,0
4382,0.66996375446153,1,0
4383,0.6628374136773841,1,0
4384,0.6528130508933525,1,0
4385,0.6655630020226705,1,0
4386,0.7046716743820222,1,0
4387,0.6296444590417911,0,0
4388,0.7044689721617095,1,0
4389,0.6971735545617511,1,0
4390,0.6521033513789699,1,0
4391,0.6706044067764856,1,0
4392,0.6534138252031789,1,0
4393,0.7182467727595968,1,0
4394,0.616953781200628,0,0
4395,0.6268404832373411,0,0
4396,0.6433388002120856,0,0
4397,0.6821722500598215,1,0
4398,0.7222755548125812,1,0
4399,0.661017204484892,1,0
4400,0.6405524087824654,0,0
4401,0.6556537763775957,1,0
4402,0.6158263736389442,0,0
4403,0.6353624137161217,0,0
4404,0.6315808998063283,0,0
4405,0.728343899775567,1,0
4406,0.6326075392878062,0,0
4407,0.6556866474085951,1,0
4408,0.6877403815410867,1,0
4409,0.6621905447408971,1,0
4410,0.6955995139773654,1,0
4411,0.6401229352552459,0,0
4412,0.6344438801467962,0,0
4413,0.6382744048439889,0,0
4414,0.7100714857124991,1,0
4415,0.6661687938530639,1,0
4416,0.6973867736078756,1,0
4417,0.6785051446502327,1,0
4418,0.6475166561714149,0,0
4419,0.6718056832856758,1,0
4420,0.6516552677758379,1,0
4421,0.6225263953325679,0,0
4422,0.6419459778903684,0,0
4423,0.6693099090928438,1,0
4424,0.6315618845806945,0,0
4425,0.6637907523554155,1,0
4426,0.6294611955511272,0,0
4427,0.6357156058350434,0,0
4428,0.7617420546088345,1,0
4429,0.6364827440631133,0,0
4430,0.65703079131547,1,0
4431,0.631669252053561,0,0
4432,0.6725681803325733,1,0
4433,0.6506353385246592,0,0
4434,0.7044150390902839,1,0
4435,0.6836560684037274,1,0
4436,0.6828620323178383,1,0
4437,0.6367141577389017,0,0
4438,0.709195916949939,1,0
4439,0.6659522486508787,1,0
4440,0.6383880111268128,0,0
4441,0.6590697889796574,1,0
4442,0.6257193758501639,0,0
4443,0.6712989785403523,1,0
4444,0.693608571087206,1,0
4445,0.6754788256381304,1,0
4446,0.6646706861393964,1,0
4447,0.6158686966618487,0,0
4448,0.6345003109469252,0,0
4449,0.6906066462079403,1,0
4450,0.6487076674161676,0,0
4451,0.6283274904413517,0,0
4452,0.6323075460682894,0,0
4453,0.6523125899906044,1,0
4454,0.6451025280176172,0,0
4455,0.6783498248112277,1,0
4456,0.649720721247576,0,0
4457,0.6447565470731741,0,0
4458,0.6120799560106766,0,0
4459,0.733371790707123,1,0
4460,0.6454121173187578,0,0
4461,0.6629416855779261,1,0
4462,0.6492956902371473,0,0
4463,0.6773394621560436,1,0
4464,0.6457549932195799,0,0
4465,0.6963703955567503,1,0
4466,0.6454911685270092,0,0
4467,0.6295375191245859,0,0
4468,0.6499951996054719,0,0
4469,0.6828850746464057,1,0
4470,0.6492555691462383,0,0
4471,0.6254918876728408,0,0
4472,0.6287707923880056,0,0
4473,0.672263406970028,1,0
4474,0.6586325279565967,1,0
4475,0.6199997008496879,0,0
4476,0.6482120391892081,0,0
4477,0.6700758988870824,1,0
4478,0.6415843047780841,0,0
4479,0.663378644032622,1,0
4480,0.6329491271475047,0,0
4481,0.6361189140033068,0,0
4482,0.6384909092460334,0,0
4483,0.6568330365836261,1,0
4484,0.647254201452773,0,0
4485,0.6758494013267033,1,0
4486,0.6656797313668122,1,0
4487,0.6133946528387793,0,0
4488,0.6298652556756492,0,0
4489,0.6836472835776595,1,0
4490,0.6329907507979939,0,0
4491,0.6927273668717471,1,0
4492,0.6601211139559126,1,0
4493,0.6778144472499117,1,0
4494,0.6326357041075406,0,0
4495,0.6994089971074677,1,0
4496,0.6370630873560011,0,0
4497,0.644168151008994,0,0
4498,0.6957929571401069,1,0
4499,0.6683125286438945,1,0
4500,0.6379166177536032,0,0
4501,0.6766318848091826,1,0
4502,0.6704593437858652,1,0
4503,0.6716380318066364,1,0
4504,0.6491159595541701,0,0
4505,0.6864289465767791,1,0
4506,0.7283192004678434,1,0
4507,0.6280909576862079,0,0
4508,0.6898045170961051,1,0
4509,0.6916838247361201,1,0
4510,0.6788280860003699,1,0
4511,0.6662846193517113,1,0
4512,0.6582256395293316,1,0
4513,0.6253636264110229,0,0
4514,0.6678223671597481,1,0
4515,0.6335687316790279,0,0
4516,0.6536626143561639,1,0
4517,0.6259006861182529,0,0
4518,0.6501571990759655,0,0
4519,0.6755940063656706,1,0
4520,0.7299219524186927,1,0
4521,0.6344302276822052,0,0
4522,0.6148850886558279,0,0
4523,0.7272628563390937,1,0
4524,0.6449060467766781,0,0
4525,0.6628093010685514,1,0
4526,0.621235198524092,0,0
4527,0.647983550268585,0,0
4528,0.6368066400962444,0,0
4529,0.6328871043268901,0,0
4530,0.7028273766842825,1,0
4531,0.6927826290694291,1,0
4532,0.6758812445482857,1,0
4533,0.6386336095345463,0,0
4534,0.6439260051750082,0,0
4535,0.6592703809473403,1,0
4536,0.629299865219762,0,0
4537,0.634652599634452,0,0
4538,0.7157386878326144,1,0
4539,0.6621182491720986,1,0
4540,0.6698875254301251,1,0
4541,0.6396477822335678,0,0
4542,0.6547681963347614,1,0
4543,0.6610157764115713,1,0
4544,0.6663702201382492,1,0
4545,0.6284327745660272,0,0
4546,0.6627902236731713,1,0
4547,0.6398260576441894,0,0
4548,0.6340387268613873,0,0
4549,0.6122394468641327,0,0
4550,0.6387518888960297,0,0
4551,0.641751539209372,0,0
4552,0.6280808632428088,0,0
4553,0.6566282208525995,1,0
4554,0.6962783570029795,1,0
4555,0.6611824519147413,1,0
4556,0.6187449734799733,0,0
4557,0.6413956012896573,0,0
4558,0.6397637107859501,0,0
4559,0.6842403310212385,1,0
4560,0.6108769315177326,0,0
4561,0.6769957011117222,1,0
4562,0.670983253465791,1,0
4563,0.6247864453733812,0,0
4564,0.6751957861788309,1,0
4565,0.6754484032243038,1,0
4566,0.6455458678247726,0,0
4567,0.6580580101690111,1,0
4568,0.6327971025443406,0,0
4569,0.626816963278628,0,0
4570,0.6481946935055236,0,0
4571,0.6560911646437303,1,0
4572,0.6674734830351292,1,0
4573,0.6371374392986054,0,0
4574,0.6505168514967313,0,0
4575,0.6390386517636084,0,0
4576,0.7082864283376238,1,0
4577,0.6623625721804144,1,0
4578,0.6597705793181747,1,0
4579,0.6399603479020942,0,0
4580,0.6164233209486285,0,0
4581,0.6280882082761144,0,0
4582,0.7026970502293228,1,0
4583,0.6916150927380498,1,0
4584,0.6247415682269692,0,0
4585,0.672553990679558,1,0
4586,0.6344686023531303,0,0
4587,0.610450527944576,0,0
4588,0.663275707744433,1,0
4589,0.667313077990548,1,0
4590,0.671555599159697,1,0
4591,0.6364828223808773,0,0
4592,0.672463225026571,1,0
4593,0.6655489239454124,1,0
4594,0.6221749740158878,0,0
4595,0.6603609829735755,1,0
4596,0.6753019398755239,1,0
4597,0.634235813598889,0,0
4598,0.636034200147594,0,0
4599,0.6344934645575958,0,0
4600,0.6634355820478037,1,0
4601,0.6908196286085871,1,0
4602,0.6292979164801138,0,0
4603,0.7063297067147324,1,0
4604,0.6426329543656502,0,0
4605,0.6545266752644832,1,0
4606,0.6623148290537053,1,0
4607,0.641634675405004,0,0
4608,0.6455910631394175,0,0
4609,0.6254733504214328,0,0
4610,0.7175655889944079,1,0
4611,0.6778962876683468,1,0
4612,0.6176843761285661,0,0
4613,0.6364433145071428,0,0
4614,0.6843440870730404,1,0
4615,0.6388703598563141,0,0
4616,0.7033210579475593,1,0
4617,0.7096141634838428,1,0
4618,0.6619933548053364,1,0
4619,0.6404194638400705,0,0
4620,0.664149190097123,1,0
4621,0.654803143009423,1,0
4622,0.6561125288404805,1,0
4623,0.6491476733283547,0,0
4624,0.6323875823637085,0,0
4625,0.6456265631386453,0,0
4626,0.658484001862628,1,0
4627,0.6773728916306505,1,0
4628,0.6494622505271945,0,0
4629,0.6636655481066986,1,0
4630,0.6314689209004227,0,0
4631,0.6510901334863833,1,0
4632,0.6690961427982971,1,0
4633,0.7007522137451617,1,0
4634,0.686974703800476,1,0
4635,0.640890124350215,0,0
4636,0.6790357897860491,1,0
4637,0.6873627725364078,1,0
4638,0.6424121499117544,0,0
4639,0.6483057514059635,0,0
4640,0.6432622868029343,0,0
4641,0.6930070391133867,1,0
4642,0.6439737770819695,0,0
4643,0.6346594777369292,0,0
4644,0.6691130538342437,1,0
4645,0.6187748511093156,0,0
4646,0.6745022302289074,1,0
4647,0.6347107774341741,0,0
4648,0.6171041311829071,0,0
4649,0.6416122781425725,0,0
4650,0.6839107325410418,1,0
4651,0.6348468989265159,0,0
4652,0.6417378678636895,0,0
4653,0.6576945024033292,1,0
4654,0.6483474857850632,0,0
4655,0.6179820857980663,0,0
4656,0.6461644129141858,0,0
4657,0.6137885382311422,0,0
4658,0.6167413460772889,0,0
4659,0.6469380199682271,0,0
4660,0.7035492202638652,1,0
4661,0.6153486572198248,0,0
4662,0.6322895544125529,0,0
4663,0.6746355437646991,1,0
4664,0.7372910601243617,1,0
4665,0.6844077244349925,1,0
4666,0.6484767205069659,0,0
4667,0.6592760246522749,1,0
4668,0.669331549972756,1,0
4669,0.6790363310672426,1,0
4670,0.6163424011182355,0,0
4671,0.6616275727937097,1,0
4672,0.6786630969518215,1,0
4673,0.6867995737728386,1,0
4674,0.6751399785354113,1,0
4675,0.6551146190445469,1,0
4676,0.6917975309583362,1,0
4677,0.7013743890593079,1,0
4678,0.6701414821816873,1,0
4679,0.6129958774889916,0,0
4680,0.6723773969218242,1,0
4681,0.6715243875873389,1,0
4682,0.6718304899989368,1,0
4683,0.6311500212921852,0,0
4684,0.6250612556992954,0,0
4685,0.6940453963205451,1,0
4686,0.6407936187228309,0,0
4687,0.7172133442246102,1,0
4688,0.6449338146368003,0,0
4689,0.6348440163470223,0,0
4690,0.6855268261756391,1,0
4691,0.6395979034543101,0,0
4692,0.6376131806263591,0,0
4693,0.655251427956779,1,0
4694,0.62408220366751,0,0
4695,0.6778534533392049,1,0
4696,0.6794476358161652,1,0
4697,0.6777636146033517,1,0
4698,0.6767935137923092,1,0
4699,0.6365935868496666,0,0
4700,0.6952780133194502,1,0
4701,0.6321971230918338,0,0
4702,0.6788913620991719,1,0
4703,0.6503318580746164,0,0
4704,0.6488717828992988,0,0
4705,0.7109529228348057,1,0
4706,0.6464649019828956,0,0
4707,0.6708479663629949,1,0
4708,0.6501084167323303,0,0
4709,0.6645149186938536,1,0
4710,0.6464988603785471,0,0
4711,0.6979285579756348,1,0
4712,0.7015073706628348,1,0
4713,0.6271354370918566,0,0
4714,0.7329575556228936,1,0
4715,0.6521027556929907,1,0
4716,0.6593776166527588,1,0
4717,0.621280571622373,0,0
4718,0.6432276121891556,0,0
4719,0.6673967198067664,1,0
4720,0.7120884467603548,1,0
4721,0.637757438454214,0,0
4722,0.6772393755495241,1,0
4723,0.6595038317530731,1,0
4724,0.6465164264190021,0,0
4725,0.6203983654129825,0,0
4726,0.6445340721264998,0,0
4727,0.6503447854134119,0,0
4728,0.6670581020136528,1,0
4729,0.6264432349042663,0,0
4730,0.6157609393127437,0,0
4731,0.6704596665531725,1,0
4732,0.716976103782651,1,0
4733,0.6646461369828681,1,0
4734,0.662418771490089,1,0
4735,0.6194057153571665,0,0
4736,0.6648931038783055,1,0
4737,0.6343909554259223,0,0
4738,0.7033755340277186,1,0
4739,0.6405958806039564,0,0
4740,0.6483178026946655,0,0
4741,0.6721280768272282,1,0
4742,0.704174751015808,1,0
4743,0.6265314834987153,0,0
4744,0.7033605663865494,1,0
4745,0.6399090552779857,0,0
4746,0.6316906089262553,0,0
4747,0.6245025003622174,0,0
4748,0.6440180323939187,0,0
4749,0.6549750015003112,1,0
4750,0.639666711253415,0,0
4751,0.6154466625502109,0,0
4752,0.6192712661787546,0,0
4753,0.6737584604358762,1,0
4754,0.6838191761188718,1,0
4755,0.6706889502211402,1,0
4756,0.6524738825262268,1,0
4757,0.6225040795793279,0,0
4758,0.6181089050170112,0,0
4759,0.6504639366562482,0,0
4760,0.6245491283366048,0,0
4761,0.6229252936925866,0,0
4762,0.700957141940829,1,0
4763,0.6821549067059703,1,0
4764,0.6656827139774438,1,0
4765,0.6522733411607492,1,0
4766,0.6364276981598399,0,0
4767,0.6681988698117319,1,0
4768,0.6536207708144235,1,0
4769,0.6348438358009277,0,0
4770,0.6453332490658416,0,0
4771,0.7041067342139756,1,0
4772,0.6358810313332867,0,0
4773,0.6467256519151623,0,0
4774,0.6391438795653981,0,0
4775,0.6253596887222639,0,0
4776,0.6434272065292304,0,0
4777,0.6467863585893545,0,0
4778,0.6314489429469261,0,0
4779,0.6534611960905099,1,0
4780,0.6234692429665911,0,0
4781,0.643137240868674,0,0
4782,0.6743753115307876,1,0
4783,0.6781172518187565,1,0
4784,0.6136539121153992,0,0
4785,0.6588932117841751,1,0
4786,0.6483966155473796,0,0
4787,0.6401050597548555,0,0
4788,0.66889178520707,1,0
4789,0.6409064066312982,0,0
4790,0.648053100057737,0,0
4791,0.6752549793042064,1,0
4792,0.649244978691785,0,0
4793,0.7006128667894768,1,0
4794,0.7065303637654871,1,0
4795,0.6376778414703391,0,0
4796,0.6217759579692095,0,0
4797,0.7036333615672895,1,0
4798,0.631195183738813,0,0
4799,0.7057364322356563,1,0
4800,0.6555249843641954,1,0
4801,0.6530392083596366,1,0
4802,0.6433371246542683,0,0
4803,0.6409143704939462,0,0
4804,0.6738034723723684,1,0
4805,0.6352805013631355,0,0
4806,0.6545949324516707,1,0
4807,0.6182124272121865,0,0
4808,0.6654968463152535,1,0
4809,0.663410527112095,1,0
4810,0.6182786369745513,0,0
4811,0.6414611120111513,0,0
4812,0.6305634690081448,0,0
4813,0.6601628069249064,1,0
4814,0.6762753827352888,1,0
4815,0.6098376102403629,0,0
4816,0.6100730788544949,0,0
4817,0.6834114311107351,1,0
4818,0.6548795358755811,1,0
4819,0.6111063557737306,0,0
4820,0.6763945500100893,1,0
4821,0.6480497058773108,0,0
4822,0.6448104595018261,0,0
4823,0.6411608489801527,0,0
4824,0.6210252141531393,0,0
4825,0.7024409709200297,1,0
4826,0.6986920468077427,1,0
4827,0.6413460304771033,0,0
4828,0.6262504809213856,0,0
4829,0.6847001753615021,1,0
4830,0.6167547711221095,0,0
4831,0.6302852286303656,0,0
4832,0.6482734630037942,0,0
4833,0.6402707573444468,0,0
4834,0.6237595972406804,0,0
4835,0.7257254476903934,1,0
4836,0.7391822040723933,1,0
4837,0.6832594676720102,1,0
4838,0.6374763099129571,0,0
4839,0.6259554629183792,0,0
4840,0.6733795089096168,1,0
4841,0.6240869093342164,0,0
4842,0.6254856886187607,0,0
4843,0.666304845299673,1,0
4844,0.6853154525644173,1,0
4845,0.6588429177109436,1,0
4846,0.6149960723995729,0,0
4847,0.6966294761685031,1,0
4848,0.6518184958676789,1,0
4849,0.6365356359694921,0,0
4850,0.6917045868926209,1,0
4851,0.6465857997981469,0,0
4852,0.6422339207416606,0,0
4853,0.6571251601178822,1,0
4854,0.6603199823650057,1,0
4855,0.6397507680590393,0,0
4856,0.6836217248876526,1,0
4857,0.6579942382793167,1,0
4858,0.6638506250003375,1,0
4859,0.6123337306886883,0,0
4860,0.6378580455957619,0,0
4861,0.6983971218186701,1,0
4862,0.6756636919440054,1,0
4863,0.6581173437393366,1,0
4864,0.6686509201236661,1,0
4865,0.6701725687671939,1,0
4866,0.7121792239901783,1,0
4867,0.6505438839014874,0,0
4868,0.652158014329772,1,0
4869,0.6471817563866546,0,0
4870,0.6264766642352531,0,0
4871,0.6598748003131721,1,0
4872,0.6507886472945891,1,0
4873,0.6252256687453878,0,0
4874,0.6490573651444679,0,0
4875,0.6272936798830044,0,0
4876,0.6647888925512986,1,0
4877,0.6292037163677143,0,0
4878,0.6844518166461019,1,0
4879,0.6537600126666475,1,0
4880,0.6166841662618642,0,0
4881,0.6406438788050546,0,0
4882,0.6346274804060497,0,0
4883,0.6633162179785221,1,0
4884,0.6603387914544242,1,0
4885,0.7323976266147039,1,0
4886,0.6449575202774024,0,0
4887,0.6208328152967618,0,0
4888,0.6525272217235107,1,0
4889,0.6421706329456112,0,0
4890,0.6584609823216023,1,0
4891,0.6505884897615808,0,0
4892,0.6420077099811119,0,0
4893,0.6273330113880947,0,0
4894,0.6769790346488845,1,0
4895,0.6270956323705384,0,0
4896,0.6150318506853669,0,0
4897,0.6896855511112018,1,0
4898,0.6295433371378802,0,0
4899,0.6682457026618991,1,0
4900,0.6791969173936294,1,0
4901,0.7012296068244882,1,0
4902,0.643219518861039,0,0
4903,0.6490041892300126,0,0
4904,0.6634140085444752,1,0
4905,0.6155091202411929,0,0
4906,0.7175513354673138,1,0
4907,0.7131285775823539,1,0
4908,0.6961812142382879,1,0
4909,0.6896826941566709,1,0
4910,0.6348653317298844,0,0
4911,0.6670485117043127,1,0
4912,0.6633210734335521,1,0
4913,0.6400962554278428,0,0
4914,0.6117327315077622,0,0
4915,0.676740027464731,1,0
4916,0.6753952801229137,1,0
4917,0.6355140973069917,0,0
4918,0.6297510253340141,0,0
4919,0.7166656637197818,1,0
4920,0.6754318424889068,1,0
4921,0.6549672072213906,1,0
4922,0.6120194307395447,0,0
4923,0.6829820132036537,1,0
4924,0.6438299602566446,0,0
4925,0.6129032287631584,0,0
4926,0.668521584085791,1,0
4927,0.7065647996878759,1,0
4928,0.6149686917458381,0,0
4929,0.6619606945233064,1,0
4930,0.6385364190996909,0,0
4931,0.667329521785487,1,0
4932,0.630223557392616,0,0
4933,0.6349791811932272,0,0
4934,0.6766357671318343,1,0
4935,0.6416548748634774,0,0
4936,0.7063840403787257,1,0
4937,0.6677385733152762,1,0
4938,0.6359605224391238,0,0
4939,0.6653195595639607,1,0
4940,0.622111742009075,0,0
4941,0.6473794411017383,0,0
4942,0.6443883774910655,0,0
4943,0.65641113136966,1,0
4944,0.6761924496878724,1,0
4945,0.6705790401249219,1,0
4946,0.6099823262221512,0,0
4947,0.6829417248997319,1,0
4948,0.6284290572917991,0,0
4949,0.6716881868920584,1,0
4950,0.6784474350952452,1,0
4951,0.662879084964878,1,0
4952,0.6410488070047646,0,0
4953,0.6543025558448968,1,0
4954,0.6439516195926759,0,0
4955,0.6408245391175507,0,0
4956,0.6611933525275174,1,0
4957,0.6301072787677258,0,0
4958,0.6382797270776774,0,0
4959,0.6231952086206516,0,0
4960,0.6380207771559687,0,0
4961,0.6677552187616507,1,0
4962,0.6377873383188245,0,0
4963,0.6699791396939504,1,0
4964,0.6538945825373497,1,0
4965,0.6432427954786062,0,0
4966,0.6221970196618274,0,0
4967,0.6237793159503213,0,0
4968,0.6759436738041016,1,0
4969,0.6467852487757378,0,0
4970,0.7010574612274417,1,0
4971,0.64792661138033,0,0
4972,0.6485689651528906,0,0
4973,0.6162134354397798,0,0
4974,0.6696499626812198,1,0
4975,0.6382744678384102,0,0
4976,0.6702365412399663,1,0
4977,0.6569855626097133,1,0
4978,0.6743586263761989,1,0
4979,0.6415890905247688,0,0
4980,0.613953654292482,0,0
4981,0.6850456807485731,1,0
4982,0.6472420566399358,0,0
4983,0.6904027150816793,1,0
4984,0.6841286262167269,1,0
4985,0.6295228557043837,0,0
4986,0.6232752584478397,0,0
4987,0.65261938757864,1,0
4988,0.6486897312989841,0,0
4989,0.6440064286978641,0,0
4990,0.6203326784939146,0,0
4991,0.6550269198374902,1,0
4992,0.6506261225440404,0,0
4993,0.6424323978354214,0,0
4994,0.617405999880099,0,0
4995,0.6332727593642891,0,0
4996,0.6259725459239008,0,0
4997,0.627507276405163,0,0
4998,0.6645114959182689,1,0
4999,0.6282854996280319,0,0
5000,0.6245568057350489,0,0
5001,0.6274192623727217,0,0
5002,0.6713296212811135,1,0
5003,0.6627936201871705,1,0
5004,0.6795314552373246,1,0
5005,0.6416734458203409,0,0
5006,0.6494250167062776,0,0
5007,0.6296231171125026,0,0
5008,0.6555901210325044,1,0
5009,0.6845343716957634,1,0
5010,0.650584585669028,0,0
5011,0.6435442248120702,0,0
5012,0.6660247710853109,1,0
5013,0.6852607211061826,1,0
5014,0.6378711446971342,0,0
5015,0.6316871549192926,0,0
5016,0.67844568965191,1,0
5017,0.6822448328780275,1,0
5018,0.6576114219476911,1,0
5019,0.6280711773072898,0,0
5020,0.7091952310130109,1,0
5021,0.6237259676372082,0,0
5022,0.6663656609530266,1,0
5023,0.6755026085417393,1,0
5024,0.6489632860239365,0,0
5025,0.6266113411611826,0,0
5026,0.6397295714547524,0,0
5027,0.7067372097106156,1,0
5028,0.6459283854776953,0,0
5029,0.6430154527722283,0,0
5030,0.6416799562471677,0,0
5031,0.6482750862724377,0,0
5032,0.6246482864231419,0,0
5033,0.6254541841061333,0,0
5034,0.6375417465478453,0,0
5035,0.6873624209808614,1,0
5036,0.6819519533942732,1,0
5037,0.6403164068329108,0,0
5038,0.6695329284318012,1,0
5039,0.6375984902616582,0,0
5040,0.6875695605855277,1,0
5041,0.6707775410470177,1,0
5042,0.6729369098633234,1,0
5043,0.6328308491129495,0,0
5044,0.681074968629922,1,0
5045,0.6531210432740715,1,0
5046,0.6688586688415107,1,0
5047,0.6490951556302796,0,0
5048,0.6335000005586386,0,0
5049,0.658910291436301,1,0
5050,0.6736843728128791,1,0
5051,0.7018761322404908,1,0
5052,0.6894482037558793,1,0
5053,0.6596645682248978,1,0
5054,0.6399549214433798,0,0
5055,0.6491092947354368,0,0
5056,0.7393295499257493,1,0
5057,0.7256808241370308,1,0
5058,0.727926402982473,1,0
5059,0.646277522351408,0,0
5060,0.6425104941868476,0,0
5061,0.6274837188270646,0,0
5062,0.6658984174268293,1,0
5063,0.6546424868401067,1,0
5064,0.6623222105922502,1,0
5065,0.6570728080139463,1,0
5066,0.6104896051309555,0,0
5067,0.6787340933106074,1,0
5068,0.6787240299306498,1,0
5069,0.6389564601004941,0,0
5070,0.6850795474794665,1,0
5071,0.6172961332786487,0,0
5072,0.682180676712202,1,0
5073,0.6815094227586525,1,0
5074,0.6359696998105521,0,0
5075,0.6360601333844955,0,0
5076,0.6277829149372746,0,0
5077,0.660699718787807,1,0
5078,0.6297669150975199,0,0
5079,0.6584433614993923,1,0
5080,0.6472650862909715,0,0
5081,0.6562458909710203,1,0
5082,0.6952628701903413,1,0
5083,0.6451915486184241,0,0
5084,0.6684891657403884,1,0
5085,0.6754153405354271,1,0
5086,0.6636107073042202,1,0
5087,0.6667382801477016,1,0
5088,0.6317169126821047,0,0
5089,0.6182009954658261,0,0
5090,0.6562877623513275,1,0
5091,0.699691033846935,1,0
5092,0.673965996529057,1,0
5093,0.6906106676542734,1,0
5094,0.6838228532979108,1,0
5095,0.677328298349303,1,0
5096,0.7109712876197254,1,0
5097,0.6409388306051459,0,0
5098,0.6597649008141238,1,0
5099,0.688557240600563,1,0
5100,0.6825072599987304,1,0
5101,0.6314493091273775,0,0
5102,0.6404013907129973,0,0
5103,0.6347263998828707,0,0
5104,0.6482253171133635,0,0
5105,0.6420888776300355,0,0
5106,0.6863625231652282,1,0
5107,0.6326338129317235,0,0
5108,0.6205729465497535,0,0
5109,0.6278147428735743,0,0
5110,0.6395603729679885,0,0
5111,0.6239555805841924,0,0
5112,0.6972505328399564,1,0
5113,0.6657514854931179,1,0
5114,0.6858139327399712,1,0
5115,0.6237916132516848,0,0
5116,0.6269902844100225,0,0
5117,0.6685415750765311,1,0
5118,0.6911124094151133,1,0
5119,0.6896871624015796,1,0
5120,0.6395339304738232,0,0
5121,0.6881295091730961,1,0
5122,0.6390399286909948,0,0
5123,0.7143147040446112,1,0
5124,0.6990687071732573,1,0
5125,0.6474946134881643,0,0
5126,0.64873002850937,0,0
5127,0.639757309186866,0,0
5128,0.6515273785466335,1,0
5129,0.639666075178571,0,0
5130,0.6211799558198524,0,0
5131,0.6660552388526667,1,0
5132,0.650499895745527,0,0
5133,0.6783031366929437,1,0
5134,0.6099820986773412,0,0
5135,0.6351993493046205,0,0
5136,0.6401371854764952,0,0
5137,0.6299312916746889,0,0
5138,0.7053028467239756,1,0
5139,0.6492094417731635,0,0
5140,0.6895909209641218,1,0
5141,0.6167536662085957,0,0
5142,0.6671699684105851,1,0
5143,0.692571410111376,1,0
5144,0.6771311126992711,1,0
5145,0.6610801733677788,1,0
5146,0.6400233530623736,0,0
5147,0.701323948764276,1,0
5148,0.6985605083613226,1,0
5149,0.6276824529436619,0,0
5150,0.6271545167121005,0,0
5151,0.7187214068398429,1,0
5152,0.6811907262477633,1,0
5153,0.7031442289082857,1,0
5154,0.6306758420761409,0,0
5155,0.6752478709138261,1,0
5156,0.6564988924175326,1,0
5157,0.6402262829393562,0,0
5158,0.6316697978839259,0,0
5159,0.6244896996711196,0,0
5160,0.6227616793017701,0,0
5161,0.6667178165400498,1,0
5162,0.6755996406947388,1,0
5163,0.6394239182428054,0,0
5164,0.6821464563274031,1,0
5165,0.6806096472358881,1,0
5166,0.6410141171915249,0,0
5167,0.6816711564460156,1,0
5168,0.639672856322722,0,0
5169,0.663705462925908,1,0
5170,0.662646825011738,1,0
5171,0.657908560082914,1,0
5172,0.6547826402412227,1,0
5173,0.6345166614513654,0,0
5174,0.6850664432892062,1,0
5175,0.6676583434591525,1,0
5176,0.6249616808560781,0,0
5177,0.6143781300021665,0,0
5178,0.6479086722680167,0,0
5179,0.6459973903354129,0,0
5180,0.6187687228517178,0,0
5181,0.6406850533217648,0,0
5182,0.6690509891238053,1,0
5183,0.674456910850332,1,0
5184,0.6585754572402603,1,0
5185,0.6443232078578118,0,0
5186,0.6503510796277719,0,0
5187,0.6213081632108934,0,0
5188,0.6643730615881556,1,0
5189,0.6334050116443325,0,0
5190,0.6276214885584563,0,0
5191,0.6511685249877952,1,0
5192,0.6911220120149321,1,0
5193,0.6296044604125576,0,0
5194,0.6383077805710274,0,0
5195,0.6587701525558028,1,0
5196,0.6403115823364951,0,0
5197,0.6644360379701398,1,0
5198,0.6653856909164217,1,0
5199,0.669829722762804,1,0
5200,0.6173873545977022,0,0
5201,0.6276145855394738,0,0
5202,0.7188622363018538,1,0
5203,0.6364150921662349,0,0
5204,0.6787137292084057,1,0
5205,0.6267064737335498,0,0
5206,0.677625344422023,1,0
5207,0.6527045173683573,1,0
5208,0.62186980966493,0,0
5209,0.6823874009664279,1,0
5210,0.6981947004353748,1,0
5211,0.6399857424059522,0,0
5212,0.696625075814733,1,0
5213,0.6685836527010061,1,0
5214,0.6629415949069415,1,0
5215,0.6438248623463539,0,0
5216,0.6765661008496638,1,0
5217,0.6881553462771175,1,0
5218,0.6955339124919994,1,0
5219,0.6191081540802014,0,0
5220,0.6105593876935451,0,0
5221,0.6708206074519256,1,0
5222,0.622009057023822,0,0
5223,0.6327028638589245,0,0
5224,0.6204286396910398,0,0
5225,0.6578196665298929,1,0
5226,0.665062454751574,1,0
5227,0.6640183255874017,1,0
5228,0.6552974978265489,1,0
5229,0.6236825116064085,0,0
5230,0.6569334410148322,1,0
5231,0.6429332910382574,0,0
5232,0.6417933577748265,0,0
5233,0.6627032713463757,1,0
5234,0.6232180753538843,0,0
5235,0.6441878461019662,0,0
5236,0.6250246070636739,0,0
5237,0.6171716369161325,0,0
5238,0.6477493439349832,0,0
5239,0.6517974335837556,1,0
5240,0.6479828612177192,0,0
5241,0.6749579237233585,1,0
5242,0.705096443824425,1,0
5243,0.6609998049362803,1,0
5244,0.6496532227873625,0,0
5245,0.638727142746848,0,0
5246,0.7172742962653471,1,0
5247,0.678850152989981,1,0
5248,0.6415420590347363,0,0
5249,0.6482235668048824,0,0
5250,0.6728969492393552,1,0
5251,0.689199561510635,1,0
5252,0.6509987099373107,1,0
5253,0.6870283425062021,1,0
5254,0.6917997451337828,1,0
5255,0.6490116360381583,0,0
5256,0.620971430442492,0,0
5257,0.6669690651217448,1,0
5258,0.6614570980708618,1,0
5259,0.6912431870794598,1,0
5260,0.6520134291027211,1,0
5261,0.6645904946594411,1,0
5262,0.6556920940441181,1,0
5263,0.6171958250341338,0,0
5264,0.7082652796480395,1,0
5265,0.6614914887223344,1,0
5266,0.6888944338213917,1,0
5267,0.6161331272058566,0,0
5268,0.6904811829533043,1,0
5269,0.6207023558322985,0,0
5270,0.6223590263759471,0,0
5271,0.6368597408156291,0,0
5272,0.6992806119598962,1,0
5273,0.6203736538655483,0,0
5274,0.6589397053205157,1,0
5275,0.6839067943038312,1,0
5276,0.6471588896788742,0,0
5277,0.7146685060344848,1,0
5278,0.7200158122418013,1,0
5279,0.6516531448372792,1,0
5280,0.6676965921467661,1,0
5281,0.6247796754984507,0,0
5282,0.680273405622841,1,0
5283,0.6883821490571781,1,0
5284,0.6695058838992238,1,0
5285,0.6441301876438128,0,0
5286,0.6885562651711299,1,0
5287,0.6308139491429502,0,0
5288,0.7050541738189056,1,0
5289,0.6318175640652945,0,0
5290,0.6399445254188363,0,0
5291,0.6135392805210853,0,0
5292,0.6560377870445209,1,0
5293,0.7249611489879568,1,0
5294,0.6368350173104604,0,0
5295,0.6417603019725309,0,0
5296,0.6152664337958267,0,0
5297,0.6795407416059268,1,0
5298,0.6467073963998504,0,0
5299,0.6385147199247929,0,0
5300,0.6672827531592086,1,0
5301,0.613118106669275,0,0
5302,0.6435093867940843,0,0
5303,0.6959302221706215,1,0
5304,0.6149450610492351,0,0
5305,0.6830487510873976,1,0
5306,0.6411185590845166,0,0
5307,0.6299528410242787,0,0
5308,0.615633887693047,0,0
5309,0.6512496286158358,1,0
5310,0.6940288660135228,1,0
5311,0.6955556531537291,1,0
5312,0.6327207561471425,0,0
5313,0.6532242073726526,1,0
5314,0.670448415466995,1,0
5315,0.6921625528637049,1,0
5316,0.6183080857661433,0,0
5317,0.6629387336565195,1,0
5318,0.6645844535001116,1,0
5319,0.6316625942265264,0,0
5320,0.637833195361434,0,0
5321,0.6505572631009381,0,0
5322,0.7333112843120402,1,0
5323,0.638293656319416,0,0
5324,0.6511868076823104,1,0
5325,0.6534544071941117,1,0
5326,0.6339170865054239,0,0
5327,0.7030988318807733,1,0
5328,0.6360079418055943,0,0
5329,0.7479376735338232,1,0
5330,0.6853990446330835,1,0
5331,0.6975023167366196,1,0
5332,0.6443558085997357,0,0
5333,0.6419499618778898,0,0
5334,0.6735902470296007,1,0
5335,0.6768449369459623,1,0
5336,0.653662594013313,1,0
5337,0.642923888908817,0,0
5338,0.6913806405073275,1,0
5339,0.6329118078953961,0,0
5340,0.6158725100341927,0,0
5341,0.6586253691324021,1,0
5342,0.6327769781874956,0,0
5343,0.6394973718821798,0,0
5344,0.6244415330830855,0,0
5345,0.6914985876723103,1,0
5346,0.6413581587636403,0,0
5347,0.6537401751128488,1,0
5348,0.6227944872031923,0,0
5349,0.6420451404848746,0,0
5350,0.653229755427966,1,0
5351,0.6288544735285996,0,0
5352,0.6800456620308619,1,0
5353,0.6202556495562681,0,0
5354,0.6150202362634238,0,0
5355,0.6469092844584398,0,0
5356,0.6277957123205723,0,0
5357,0.630828256223475,0,0
5358,0.617103511383682,0,0
5359,0.6083606547857856,0,0
5360,0.657624649475494,1,0
5361,0.6460988412017559,0,0
5362,0.6114877409396253,0,0
5363,0.671270738151158,1,0
5364,0.6765575370297704,1,0
5365,0.66652828874321,1,0
5366,0.7048632427357118,1,0
5367,0.6433096325943721,0,0
5368,0.6637582593510556,1,0
5369,0.6759355515392429,1,0
5370,0.6265882403209899,0,0
5371,0.6364837390727012,0,0
5372,0.6357111281661717,0,0
5373,0.6249579025473174,0,0
5374,0.7057834269839753,1,0
5375,0.6320665973978696,0,0
5376,0.677906632064679,1,0
5377,0.7081338363217529,1,0
5378,0.6241778787567565,0,0
5379,0.6163886813987837,0,0
5380,0.6135756382160047,0,0
5381,0.6964643460017451,1,0
5382,0.6184269146105079,0,0
5383,0.6653341427197448,1,0
5384,0.6611612477818963,1,0
5385,0.6777295027125018,1,0
5386,0.6541565719352356,1,0
5387,0.6091948436475898,0,0
5388,0.6822758358779983,1,0
5389,0.6519898665486502,1,0
5390,0.6735316789640113,1,0
5391,0.6691311107765521,1,0
5392,0.6323922319467156,0,0
5393,0.6707714649998753,1,0
5394,0.7035087989515062,1,0
5395,0.6365349733735781,0,0
5396,0.6783402747825296,1,0
5397,0.6855240064661863,1,0
5398,0.6671544401283978,1,0
5399,0.7100159090266648,1,0
5400,0.6685776758302384,1,0
5401,0.6264430068316279,0,0
5402,0.6855942484188409,1,0
5403,0.639250638740817,0,0
5404,0.6439084985427778,0,0
5405,0.6347262253810986,0,0
5406,0.7164219244247574,1,0
5407,0.6416897306085798,0,0
5408,0.6947049728405854,1,0
5409,0.6265855917108423,0,0
5410,0.6513462389353376,1,0
5411,0.6589655981026696,1,0
5412,0.616448432962849,0,0
5413,0.6307729109430817,0,0
5414,0.7086785068207562,1,0
5415,0.6455934822003183,0,0
5416,0.6200635170216502,0,0
5417,0.6789227074309953,1,0
5418,0.6776924936403104,1,0
5419,0.6607008979853194,1,0
5420,0.6414832866163254,0,0
5421,0.6569198540220249,1,0
5422,0.6376514396406816,0,0
5423,0.6918958559684409,1,0
5424,0.6362740594217422,0,0
5425,0.6549926149184404,1,0
5426,0.6695441195675114,1,0
5427,0.6508847503307439,1,0
5428,0.6628731849323044,1,0
5429,0.7072210424733415,1,0
5430,0.6627388784483648,1,0
5431,0.6841224502366815,1,0
5432,0.6409993962919662,0,0
5433,0.6486756304205346,0,0
5434,0.6289992686094431,0,0
5435,0.6764049616404717,1,0
5436,0.6352577228271605,0,0
5437,0.6380372686068359,0,0
5438,0.6410028718480196,0,0
5439,0.6431838884420811,0,0
5440,0.6748077472174684,1,0
5441,0.6648273304087857,1,0
5442,0.6617297243708986,1,0
5443,0.6716311940167856,1,0
5444,0.6587119707154647,1,0
5445,0.6204535234131444,0,0
5446,0.7207521209996942,1,0
5447,0.6863395635229339,1,0
5448,0.6364496176206318,0,0
5449,0.6483848223114818,0,0
5450,0.6389599092946581,0,0
5451,0.6541610038453053,1,0
5452,0.6531021077913879,1,0
5453,0.6462597301508272,0,0
5454,0.6373894002942252,0,0
5455,0.6857372894034569,1,0
5456,0.6845388617425954,1,0
5457,0.6651622192215298,1,0
5458,0.6177915262017246,0,0
5459,0.6866137278572151,1,0
5460,0.6568319464323573,1,0
5461,0.6923841780299265,1,0
5462,0.6772174564178695,1,0
5463,0.6973210452757987,1,0
5464,0.6168085248374761,0,0
5465,0.6335214099161933,0,0
5466,0.6177052228486308,0,0
5467,0.6341584391783746,0,0
5468,0.6707983489087146,1,0
5469,0.6326165255862264,0,0
5470,0.6185197839682551,0,0
5471,0.6222903599608386,0,0
5472,0.6655818824087244,1,0
5473,0.6247895480596423,0,0
5474,0.6309182869973625,0,0
5475,0.637386621594735,0,0
5476,0.625194034680401,0,0
5477,0.6602036384255903,1,0
5478,0.6116120640469582,0,0
5479,0.6858356799593331,1,0
5480,0.6757176265867327,1,0
5481,0.6957128128832771,1,0
5482,0.7110153837647653,1,0
5483,0.6215183980923086,0,0
5484,0.6888078380433119,1,0
5485,0.6636862706422818,1,0
5486,0.6882029270267306,1,0
5487,0.63685211076632,0,0
5488,0.6970817246589108,1,0
5489,0.6439197896752998,0,0
5490,0.6487825074925335,0,0
5491,0.696140248812991,1,0
5492,0.7210593104545874,1,0
5493,0.6798899924623402,1,0
5494,0.6814404231021903,1,0
5495,0.6266159631339497,0,0
5496,0.6710369379637756,1,0
5497,0.6158422945710984,0,0
5498,0.704566920539464,1,0
5499,0.625458460927055,0,0
5500,0.6681014875935741,1,0
5501,0.6093609366716516,0,0
5502,0.6531289324705516,1,0
5503,0.6279534618970484,0,0
5504,0.6371876631481167,0,0
5505,0.6348694481909627,0,0
5506,0.6494415100311952,0,0
5507,0.6436565325039101,0,0
5508,0.6774740949742974,1,0
5509,0.6466388130667651,0,0
5510,0.7229342210227013,1,0
5511,0.636056860027588,0,0
5512,0.6108145775420069,0,0
5513,0.6755761831415142,1,0
5514,0.6443603534762913,0,0
5515,0.6172126192219258,0,0
5516,0.6281275894084574,0,0
5517,0.6120190737629027,0,0
5518,0.6320986262901892,0,0
5519,0.6709898559564862,1,0
5520,0.6828991257383662,1,0
5521,0.7001915408668654,1,0
5522,0.6250055992181925,0,0
5523,0.6604154041471203,1,0
5524,0.6522098654271354,1,0
5525,0.6427238339746904,0,0
5526,0.6397668517433935,0,0
5527,0.7054181837712008,1,0
5528,0.6612168026422358,1,0
5529,0.6798322563141204,1,0
5530,0.6952935898990558,1,0
5531,0.704761895143947,1,0
5532,0.6353332753198259,0,0
5533,0.6640886564223769,1,0
5534,0.629446333694221,0,0
5535,0.6726705909812845,1,0
5536,0.6621847208729169,1,0
5537,0.671113005605717,1,0
5538,0.6418385660446684,0,0
5539,0.663382279252076,1,0
5540,0.6570692926544534,1,0
5541,0.6468202825442144,0,0
5542,0.6643624292323682,1,0
5543,0.6758762897305864,1,0
5544,0.6357685006677716,0,0
5545,0.6572348663227063,1,0
5546,0.6490479239899948,0,0
5547,0.6139321925349119,0,0
5548,0.6357282118613679,0,0
5549,0.6375672096142232,0,0
5550,0.6718541662834899,1,0
5551,0.701759503409502,1,0
5552,0.6933370258037865,1,0
5553,0.637194514434237,0,0
5554,0.642324342200555,0,0
5555,0.6286476109940528,0,0
5556,0.6340480353209015,0,0
5557,0.6974651864581622,1,0
5558,0.6371732658739708,0,0
5559,0.63111421252984,0,0
5560,0.6927144497579781,1,0
5561,0.6659787456045656,1,0
5562,0.6130607090011388,0,0
5563,0.6216971389301069,0,0
5564,0.6670116685432556,1,0
5565,0.6367516273715023,0,0
5566,0.6200969019420428,0,0
5567,0.6485292304742974,0,0
5568,0.6781430857302998,1,0
5569,0.6474498244820376,0,0
5570,0.6430792334483567,0,0
5571,0.6621062442446926,1,0
5572,0.6148781320777923,0,0
5573,0.641625284850645,0,0
5574,0.6390206910379411,0,0
5575,0.6415301846531147,0,0
5576,0.6407894316892264,0,0
5577,0.7208832831181162,1,0
5578,0.724195284038855,1,0
5579,0.6879705067984547,1,0
5580,0.6908826093781726,1,0
5581,0.7156475395951507,1,0
5582,0.6818793992937353,1,0
5583,0.6357135022910136,0,0
5584,0.710069346659843,1,0
5585,0.624792629990431,0,0
5586,0.6420750487249157,0,0
5587,0.6651305165202908,1,0
5588,0.6633100293086654,1,0
5589,0.6268267593306647,0,0
5590,0.6517441153655885,1,0
5591,0.6292408026025786,0,0
5592,0.6328077119690275,0,0
5593,0.6472611609165287,0,0
5594,0.6371231362439519,0,0
5595,0.6794750969246409,1,0
5596,0.7206373141975585,1,0
5597,0.6559396358837596,1,0
5598,0.6763780527700114,1,0
5599,0.6949191993018778,1,0
5600,0.6537110067175009,1,0
5601,0.6737959995946886,1,0
5602,0.6675127343666315,1,0
5603,0.6883859237663862,1,0
5604,0.6627311773288103,1,0
5605,0.6253919802042051,0,0
5606,0.6267722692104732,0,0
5607,0.6176987520659749,0,0
5608,0.616455008873728,0,0
5609,0.6787999088650909,1,0
5610,0.6289702554928207,0,0
5611,0.6310666724426408,0,0
5612,0.6834028182142883,1,0
5613,0.6339320837524633,0,0
5614,0.6797685666788538,1,0
5615,0.6711238102359953,1,0
5616,0.6356741726643349,0,0
5617,0.6605024531837438,1,0
5618,0.6545230793741252,1,0
5619,0.6329533681493684,0,0
5620,0.6188610747349198,0,0
5621,0.6414738223060416,0,0
5622,0.6360481450924691,0,0
5623,0.6347953437613664,0,0
5624,0.6677975338411365,1,0
5625,0.6820624089895363,1,0
5626,0.6817977166759717,1,0
5627,0.6252429635920866,0,0
5628,0.6613641536428316,1,0
5629,0.7006915727146189,1,0
5630,0.6281798573927391,0,0
5631,0.7272135864997561,1,0
5632,0.629961506560142,0,0
5633,0.6777908320227809,1,0
5634,0.6309756517537953,0,0
5635,0.6319882335466781,0,0
5636,0.6558253763426153,1,0
5637,0.6331082833504383,0,0
5638,0.6310330633111184,0,0
5639,0.6175509607939006,0,0
5640,0.6933760562409242,1,0
5641,0.6211346582867134,0,0
5642,0.6908183012723557,1,0
5643,0.6210910111968122,0,0
5644,0.7108163177910948,1,0
5645,0.6554399091511343,1,0
5646,0.6913257247510657,1,0
5647,0.6660253204663615,1,0
5648,0.6647526203073074,1,0
5649,0.6715451964116084,1,0
5650,0.621522987117902,0,0
5651,0.7312831189749806,1,0
5652,0.6206653198838386,0,0
5653,0.6362965488898285,0,0
5654,0.6163276169348695,0,0
5655,0.6588514341025904,1,0
5656,0.6275515403391863,0,0
5657,0.6737384079933278,1,0
5658,0.6662430932220442,1,0
5659,0.6826023992796092,1,0
5660,0.6325014118719914,0,0
5661,0.6334577831069322,0,0
5662,0.6880318450581464,1,0
5663,0.6626681298712217,1,0
5664,0.641274697313969,0,0
5665,0.6677042406419563,1,0
5666,0.6720874006291974,1,0
5667,0.6368186813723052,0,0
5668,0.6777165217461981,1,0
5669,0.6359967923220547,0,0
5670,0.6459740501467246,0,0
5671,0.615457056912879,0,0
5672,0.6915010513630846,1,0
5673,0.7083923821491838,1,0
5674,0.658936662752507,1,0
5675,0.6922857951284449,1,0
5676,0.6480140842296906,0,0
5677,0.6666980087258553,1,0
5678,0.7242347224384489,1,0
5679,0.6298512856594778,0,0
5680,0.6808096233195856,1,0
5681,0.6542497176853963,1,0
5682,0.654087067049683,1,0
5683,0.6206354050742566,0,0
5684,0.6442138756385343,0,0
5685,0.7021722047996019,1,0
5686,0.6384444016617775,0,0
5687,0.6920511117800434,1,0
5688,0.6877427416186318,1,0
5689,0.6521509060200934,1,0
5690,0.6205088066558316,0,0
5691,0.6866912836899549,1,0
5692,0.647663950397481,0,0
5693,0.630533741300292,0,0
5694,0.6670007371712612,1,0
5695,0.6415477106943932,0,0
5696,0.6439219646227404,0,0
5697,0.6423931812673807,0,0
5698,0.7285852391771338,1,0
5699,0.673730137064701,1,0
5700,0.6640862935035434,1,0
5701,0.6593739810213725,1,0
5702,0.6140486141306347,0,0
5703,0.7037985013666247,1,0
5704,0.6677077063219936,1,0
5705,0.6329102454075863,0,0
5706,0.665797906618372,1,0
5707,0.6374538038376871,0,0
5708,0.7002390726430975,1,0
5709,0.6246449343566984,0,0
5710,0.6575310137251847,1,0
5711,0.6501033822438598,0,0
5712,0.6555503815465693,1,0
5713,0.6236588968951621,0,0
5714,0.629814475439836,0,0
5715,0.6406579975817072,0,0
5716,0.675310793049017,1,0
5717,0.6717622630294493,1,0
5718,0.67669155531715,1,0
5719,0.6884840601003627,1,0
5720,0.6761827137094376,1,0
5721,0.6249318871086049,0,0
5722,0.6427268098474694,0,0
5723,0.6239849390467753,0,0
5724,0.6730708111572342,1,0
5725,0.6480352607358478,0,0
5726,0.671250681751943,1,0
5727,0.7020392817940327,1,0
5728,0.6483446357177958,0,0
5729,0.6552388590445134,1,0
5730,0.6459373978304406,0,0
5731,0.6463717374033802,0,0
5732,0.6539005817751156,1,0
5733,0.6316944643472375,0,0
5734,0.6653344826162577,1,0
5735,0.6552858728270508,1,0
5736,0.6341906905901586,0,0
5737,0.6338467869599163,0,0
5738,0.6677748896284134,1,0
5739,0.6805205923925108,1,0
5740,0.661608473603741,1,0
5741,0.6569410382682968,1,0
5742,0.6375888309120691,0,0
5743,0.6580129993990682,1,0
5744,0.675852894424902,1,0
5745,0.6983666312423118,1,0
5746,0.7124020538311445,1,0
5747,0.7225119154409692,1,0
5748,0.6597568886515363,1,0
5749,0.6379580801359053,0,0
5750,0.64305399495868,0,0
5751,0.6593378142482214,1,0
5752,0.6336162540517986,0,0
5753,0.6903464181380843,1,0
5754,0.6435437277567795,0,0
5755,0.6441232233711571,0,0
5756,0.730261855345448,1,0
5757,0.6765015590505368,1,0
5758,0.6985164518934597,1,0
5759,0.6124904110494671,0,0
5760,0.6260614701746365,0,0
5761,0.6814813871509849,1,0
5762,0.6998335805230876,1,0
5763,0.6241625252079936,0,0
5764,0.6195188335125204,0,0
5765,0.7162009275572129,1,0
5766,0.6553039639333901,1,0
5767,0.6410626188244687,0,0
5768,0.6430028720652672,0,0
5769,0.6518671438728856,1,0
5770,0.6443551074629842,0,0
5771,0.6883651490102102,1,0
5772,0.6262158142047811,0,0
5773,0.7053747344774778,1,0
5774,0.6831807731167174,1,0
5775,0.6582877897450741,1,0
5776,0.6437814876419684,0,0
5777,0.6411488999143902,0,0
5778,0.630983979567793,0,0
5779,0.6690598928238112,1,0
5780,0.6563413999590592,1,0
5781,0.6317114146017171,0,0
5782,0.648678208170071,0,0
5783,0.7020585820460693,1,0
5784,0.6689635134191578,1,0
5785,0.669765673041649,1,0
5786,0.6411156436675178,0,0
5787,0.6994255552598747,1,0
5788,0.6701146314452285,1,0
5789,0.6797044912962021,1,0
5790,0.6190145701911135,0,0
5791,0.6965205884042988,1,0
5792,0.6825026519070133,1,0
5793,0.6974997121004056,1,0
5794,0.6481205569567742,0,0
5795,0.690260057096304,1,0
5796,0.6505770341008005,0,0
5797,0.639698274215536,0,0
5798,0.6811019617891191,1,0
5799,0.6594917291802248,1,0
5800,0.6698058912565573,1,0
5801,0.6643122374815229,1,0
5802,0.6334910353750144,0,0
5803,0.7281073869787502,1,0
5804,0.7143735204413278,1,0
5805,0.6737976719979925,1,0
5806,0.6675076116111419,1,0
5807,0.6365300954985145,0,0
5808,0.640769786342999,0,0
5809,0.7089613857649059,1,0
5810,0.7059301102735785,1,0
5811,0.6257236687542652,0,0
5812,0.613574240930756,0,0
5813,0.6384433343223397,0,0
5814,0.673402974085261,1,0
5815,0.6452847692003001,0,0
5816,0.6376372572055803,0,0
5817,0.7052570517225605,1,0
5818,0.6570552145232658,1,0
5819,0.6656376384270741,1,0
5820,0.6548080896110925,1,0
5821,0.6257519846514605,0,0
5822,0.686266601349625,1,0
5823,0.688501368967577,1,0
5824,0.6636118468374109,1,0
5825,0.627997009288722,0,0
5826,0.6945278251327758,1,0
5827,0.6573716859594014,1,0
5828,0.6432288432720358,0,0
5829,0.6155848370783555,0,0
5830,0.64717868439068,0,0
5831,0.6818263894811027,1,0
5832,0.6695704888896801,1,0
5833,0.6338987320558588,0,0
5834,0.6126987356094382,0,0
5835,0.6223899467168432,0,0
5836,0.6323304606934004,0,0
5837,0.620272566808328,0,0
5838,0.6814493414206919,1,0
5839,0.6537163377000269,1,0
5840,0.6605144199470294,1,0
5841,0.6802922773747179,1,0
5842,0.6180276199955232,0,0
5843,0.6996133227150186,1,0
5844,0.6641759395263706,1,0
5845,0.6126250280122826,0,0
5846,0.685888562365785,1,0
5847,0.7445833749473537,1,0
5848,0.6303169151397423,0,0
5849,0.6524353977855613,1,0
5850,0.6349044770286576,0,0
5851,0.6524731012236096,1,0
5852,0.6218729224444659,0,0
5853,0.680448916409952,1,0
5854,0.6685898044411349,1,0
5855,0.6240973279570651,0,0
5856,0.6669874212151305,1,0
5857,0.6914006033970135,1,0
5858,0.6402023918961379,0,0
5859,0.625898753944723,0,0
5860,0.6364916910420652,0,0
5861,0.6344762934602526,0,0
5862,0.6348838333596475,0,0
5863,0.629784724460434,0,0
5864,0.7149326639036424,1,0
5865,0.6499534820999726,0,0
5866,0.6707423449371774,1,0
5867,0.6468097060454411,0,0
5868,0.6292582345907435,0,0
5869,0.6367997445098338,0,0
5870,0.6767286832503852,1,0
5871,0.6528160686088258,1,0
5872,0.6396052810521492,0,0
5873,0.6960676357480633,1,0
5874,0.6102649484905928,0,0
5875,0.6924705275422942,1,0
5876,0.6736385203162416,1,0
5877,0.6647022286277325,1,0
5878,0.6791841720546828,1,0
5879,0.6779130076313621,1,0
5880,0.6586914391410907,1,0
5881,0.703699515958223,1,0
5882,0.6372053389202312,0,0
5883,0.6530128941447848,1,0
5884,0.6497513190488775,0,0
5885,0.6557272468884341,1,0
5886,0.6405800619504204,0,0
5887,0.6338037504117018,0,0
5888,0.6245576876888529,0,0
5889,0.6402416682482427,0,0
5890,0.6272737971723688,0,0
5891,0.6461142654173139,0,0
5892,0.6408845256363169,0,0
5893,0.6470502208181292,0,0
5894,0.6743332506465953,1,0
5895,0.6296091052409624,0,0
5896,0.6423681299726153,0,0
5897,0.6491871488378967,0,0
5898,0.684145926793242,1,0
5899,0.6330819151808124,0,0
5900,0.6641604263342977,1,0
5901,0.7308236808382019,1,0
5902,0.664101629625216,1,0
5903,0.6727862224629494,1,0
5904,0.6894445274507316,1,0
5905,0.6686214302181617,1,0
5906,0.6468482396488475,0,0
5907,0.6758354251593295,1,0
5908,0.6596974888558772,1,0
5909,0.6543988403583161,1,0
5910,0.6329550623994139,0,0
5911,0.7089592347029288,1,0
5912,0.669179301245591,1,0
5913,0.6596419353578787,1,0
5914,0.6536684659343598,1,0
5915,0.6421783637653178,0,0
5916,0.6786427824601434,1,0
5917,0.6394485463349344,0,0
5918,0.6408587625085842,0,0
5919,0.6094780288695727,0,0
5920,0.6508852309972354,1,0
5921,0.6586343043446329,1,0
5922,0.6665154895254278,1,0
5923,0.6617395830352149,1,0
5924,0.6885479558910323,1,0
5925,0.6666742260396197,1,0
5926,0.6466762746790271,0,0
5927,0.6233925687816484,0,0
5928,0.6229109942799793,0,0
5929,0.6188585916281059,0,0
5930,0.6380752725578696,0,0
5931,0.6244320323163846,0,0
5932,0.6498182476512895,0,0
5933,0.6143041488434776,0,0
5934,0.6527995425731727,1,0
5935,0.7258396587966264,1,0
5936,0.6230620155016321,0,0
5937,0.6158340040135276,0,0
5938,0.6913435442919675,1,0
5939,0.6628354954026225,1,0
5940,0.645917093560656,0,0
5941,0.6312963282666039,0,0
5942,0.6808515062682187,1,0
5943,0.6480377791307153,0,0
5944,0.652818534211692,1,0
5945,0.6508407977939893,1,0
5946,0.6773272852959683,1,0
5947,0.6141093253290719,0,0
5948,0.669985362650012,1,0
5949,0.7416762494066637,1,0
5950,0.6538852145528552,1,0
5951,0.6190137372396289,0,0
5952,0.6174898203460064,0,0
5953,0.6681707509285522,1,0
5954,0.6421449208328185,0,0
5955,0.6429244788757519,0,0
5956,0.6621776321165911,1,0
5957,0.6789062113458578,1,0
5958,0.634323372931419,0,0
5959,0.6622988207897589,1,0
5960,0.6682844896490966,1,0
5961,0.6448166044035673,0,0
5962,0.6533972965160894,1,0
5963,0.635016021451617,0,0
5964,0.6412399809011319,0,0
5965,0.6785091453006412,1,0
5966,0.7006768542293009,1,0
5967,0.6280659317661216,0,0
5968,0.6578194555556275,1,0
5969,0.7379860886827364,1,0
5970,0.6726104423078789,1,0
5971,0.6800989141086058,1,0
5972,0.6427564586525156,0,0
5973,0.6926258292920833,1,0
5974,0.6691526589168799,1,0
5975,0.6620190778507646,1,0
5976,0.6824770650918328,1,0
5977,0.7400279369887074,1,0
5978,0.6568292286378777,1,0
5979,0.6533266307500772,1,0
5980,0.6535906264665918,1,0
5981,0.6510198090610133,1,0
5982,0.6454099224939027,0,0
5983,0.6157261909202123,0,0
5984,0.6468958864681402,0,0
5985,0.6524089108650885,1,0
5986,0.6541091860262613,1,0
5987,0.6321780453156985,0,0
5988,0.679913893636372,1,0
5989,0.6219689305188156,0,0
5990,0.6559319784245083,1,0
5991,0.67695390311292,1,0
5992,0.7174647122308973,1,0
5993,0.6582205463904108,1,0
5994,0.6400241928688999,0,0
5995,0.665401998303013,1,0
5996,0.6375386124140374,0,0
5997,0.6476715241251346,0,0
5998,0.6704337934353274,1,0
5999,0.6318194118379793,0,0
6000,0.6232791554926163,0,0
6001,0.6970402408783869,1,0
6002,0.6895157071007608,1,0
6003,0.7306089786243748,1,0
6004,0.6339964347934776,0,0
6005,0.6758601898468902,1,0
6006,0.6301307661639814,0,0
6007,0.6939542609952105,1,0
6008,0.6175094404079762,0,0
6009,0.6358107129914891,0,0
6010,0.6342726190857689,0,0
6011,0.7043420598883063,1,0
6012,0.6603274701848629,1,0
6013,0.6408175752865743,0,0
6014,0.6939866254125414,1,0
6015,0.6134706926746452,0,0
6016,0.6381469932376442,0,0
6017,0.6430825534475231,0,0
6018,0.6348672366800312,0,0
6019,0.6738871362857675,1,0
6020,0.6276020644264055,0,0
6021,0.7090394896622154,1,0
6022,0.7309892884868002,1,0
6023,0.6656029515752573,1,0
6024,0.6818417923848776,1,0
6025,0.6494261522803486,0,0
6026,0.6384328249742115,0,0
6027,0.6642120335987509,1,0
6028,0.6391289407495659,0,0
6029,0.6699659325024726,1,0
6030,0.685768280430662,1,0
6031,0.6514657031139548,1,0
6032,0.6706818183319053,1,0
6033,0.6311926765311495,0,0
6034,0.6569982203608812,1,0
6035,0.6247376818972258,0,0
6036,0.635274552398373,0,0
6037,0.6190389805868146,0,0
6038,0.6640422457934476,1,0
6039,0.6520383351834086,1,0
6040,0.6715424836489383,1,0
6041,0.6206401183719628,0,0
6042,0.6681861788201351,1,0
6043,0.6576445927728564,1,0
6044,0.6693443569308766,1,0
6045,0.6532466817200719,1,0
6046,0.6593970015486109,1,0
6047,0.6668072890611728,1,0
6048,0.620655878190675,0,0
6049,0.6635138800253079,1,0
6050,0.6317333436448334,0,0
6051,0.6504736699055618,0,0
6052,0.720235518381816,1,0
6053,0.6302688670642944,0,0
6054,0.6827900658566525,1,0
6055,0.6617291832770276,1,0
6056,0.6606825333613239,1,0
6057,0.6478712787097615,0,0
6058,0.7398049782495351,1,0
6059,0.6100906784563027,0,0
6060,0.637226627711873,0,0
6061,0.6738293870195655,1,0
6062,0.6168876735301049,0,0
6063,0.6929205202236218,1,0
6064,0.6442349226965519,0,0
6065,0.642360142215137,0,0
6066,0.6523867117284019,1,0
6067,0.6484691111110248,0,0
6068,0.6987860200136868,1,0
6069,0.6459326975995323,0,0
6070,0.627032509129265,0,0
6071,0.6974294252180567,1,0
6072,0.646659953146038,0,0
6073,0.6328219484664751,0,0
6074,0.659167028512073,1,0
6075,0.6542534488093975,1,0
6076,0.6851630923366515,1,0
6077,0.6328398879515518,0,0
6078,0.6189584298609876,0,0
6079,0.6528086955918979,1,0
6080,0.6332594223268537,0,0
6081,0.6210397557743059,0,0
6082,0.6337267373533896,0,0
6083,0.6469708139164256,0,0
6084,0.6638651703323827,1,0
6085,0.6515347432642931,1,0
6086,0.6611604208654508,1,0
6087,0.6357414839662071,0,0
6088,0.6670812817983092,1,0
6089,0.6971755931153504,1,0
6090,0.6918127694091223,1,0
6091,0.6912889018561197,1,0
6092,0.6502496734212942,0,0
6093,0.6870962350790258,1,0
6094,0.6384122159236228,0,0
6095,0.6768539191812241,1,0
6096,0.6430659081491172,0,0
6097,0.7252857878601762,1,0
6098,0.6883928375222247,1,0
6099,0.7157845149988378,1,0
6100,0.6194826982833639,0,0
6101,0.6701461345673996,1,0
6102,0.6306826742858626,0,0
6103,0.6349454540293249,0,0
6104,0.6613448650766369,1,0
6105,0.6447503895576878,0,0
6106,0.6672950817879049,1,0
6107,0.6382655990474301,0,0
6108,0.6232885465237876,0,0
6109,0.6606876091077126,1,0
6110,0.6182304894106008,0,0
6111,0.6706110184589833,1,0
6112,0.6332509093674332,0,0
6113,0.6848771187898426,1,0
6114,0.6521861769471752,1,0
6115,0.6366615350431881,0,0
6116,0.6372396598141622,0,0
6117,0.6894909009149001,1,0
6118,0.6535461935741438,1,0
6119,0.674052023883264,1,0
6120,0.6619388529700558,1,0
6121,0.6486972189809456,0,0
6122,0.6519165981630516,1,0
6123,0.6333516252367342,0,0
6124,0.6313229291844655,0,0
6125,0.6746337452337037,1,0
6126,0.7029373457377304,1,0
6127,0.6348645753230582,0,0
6128,0.6914459685637606,1,0
6129,0.6465903161594972,0,0
6130,0.6182566641134031,0,0
6131,0.6731879930935052,1,0
6132,0.6736709982096755,1,0
6133,0.6492686010513445,0,0
6134,0.6437470466440929,0,0
6135,0.6891730498378763,1,0
6136,0.6252157421747397,0,0
6137,0.6934447840203354,1,0
6138,0.6857124623216109,1,0
6139,0.6635614673626962,1,0
6140,0.6136230823279344,0,0
6141,0.6805458484952702,1,0
6142,0.6606373612309732,1,0
6143,0.6746007260060355,1,0
6144,0.6195384636075397,0,0
6145,0.6580564871829562,1,0
6146,0.6485301185950397,0,0
6147,0.6913642407445513,1,0
6148,0.6891980148651401,1,0
6149,0.6193600355160517,0,0
6150,0.6553935151938672,1,0
6151,0.6459727383252907,0,0
6152,0.6658637475227691,1,0
6153,0.6445103659504756,0,0
6154,0.651640920574443,1,0
6155,0.6776532774823362,1,0
6156,0.683228051850167,1,0
6157,0.6978377806114581,1,0
6158,0.6383867626087394,0,0
6159,0.640420577049389,0,0
6160,0.6783894192249198,1,0
6161,0.64052475753882,0,0
6162,0.643481885633435,0,0
6163,0.6416547445406138,0,0
6164,0.6397857613441089,0,0
6165,0.6693249201264788,1,0
6166,0.652565026852842,1,0
6167,0.7134024479115278,1,0
6168,0.6340420665300137,0,0
6169,0.6827642388837556,1,0
6170,0.7161183831437651,1,0
6171,0.6495151165527269,0,0
6172,0.6478449965815367,0,0
6173,0.699249254805786,1,0
6174,0.6638264835652354,1,0
6175,0.6804215774504546,1,0
6176,0.6158128031653383,0,0
6177,0.669992482062488,1,0
6178,0.6902043880699984,1,0
6179,0.645035454187511,0,0
6180,0.6725543128976904,1,0
6181,0.6415414210845265,0,0
6182,0.6668696051008559,1,0
6183,0.608656638026617,0,0
6184,0.6523819860682255,1,0
6185,0.6500444511378399,0,0
6186,0.702388126485416,1,0
6187,0.6525398028922531,1,0
6188,0.6484354191227875,0,0
6189,0.6318813553444236,0,0
6190,0.6380319832380481,0,0
6191,0.6638755699629887,1,0
6192,0.7029449188986027,1,0
6193,0.6854699588755758,1,0
6194,0.6452169604362664,0,0
6195,0.7073803139393935,1,0
6196,0.6631337727925471,1,0
6197,0.6150313491306469,0,0
6198,0.6955853910180193,1,0
6199,0.6388086371924515,0,0
6200,0.6825552147593943,1,0
6201,0.6545857125696205,1,0
6202,0.6705426422493522,1,0
6203,0.6093725289435943,0,0
6204,0.6502096417023597,0,0
6205,0.6609336946064993,1,0
6206,0.6351204512616478,0,0
6207,0.6875445801914533,1,0
6208,0.6423456117915086,0,0
6209,0.6624675981137536,1,0
6210,0.6655375303664751,1,0
6211,0.6618785715382263,1,0
6212,0.6390912936821703,0,0
6213,0.6541653183812706,1,0
6214,0.7518613461434226,1,0
6215,0.6434652298837805,0,0
6216,0.6752308581631424,1,0
6217,0.6248428527993922,0,0
6218,0.64046661456587,0,0
6219,0.649248815961501,0,0
6220,0.6309780216246895,0,0
6221,0.700067943495881,1,0
6222,0.619366217293032,0,0
6223,0.6154189651582516,0,0
6224,0.6415302768403265,0,0
6225,0.6359892237374478,0,0
6226,0.6961177557294397,1,0
6227,0.6367482737491671,0,0
6228,0.6677039122819105,1,0
6229,0.6225707819083621,0,0
6230,0.6612712513936523,1,0
6231,0.6816470298836582,1,0
6232,0.6573744116755391,1,0
6233,0.6719005843122575,1,0
6234,0.6267810555578635,0,0
6235,0.6099028693509775,0,0
6236,0.6544389931102478,1,0
6237,0.6722775549746863,1,0
6238,0.634025061419377,0,0
6239,0.6696475414943339,1,0
6240,0.6393817726690734,0,0
6241,0.6618308263292909,1,0
6242,0.640527502937642,0,0
6243,0.6154189651582516,0,0
6244,0.6624400720587443,1,0
6245,0.642167651955618,0,0
6246,0.6288466763024091,0,0
6247,0.7134370417285409,1,0
6248,0.7011479328683952,1,0
6249,0.6415810135943263,0,0
6250,0.6284526278348116,0,0
6251,0.6326459839862406,0,0
6252,0.6220118249541221,0,0
6253,0.6303372768450953,0,0
6254,0.6146013503293422,0,0
6255,0.6326141092610356,0,0
6256,0.6166607424791198,0,0
6257,0.6569041774123834,1,0
6258,0.6831040066710714,1,0
6259,0.6375736345133546,0,0
6260,0.6440003787953297,0,0
6261,0.6468393553527023,0,0
6262,0.6504295250130719,0,0
6263,0.6601229783885618,1,0
6264,0.6390289164280092,0,0
6265,0.6728332890597627,1,0
6266,0.6318680164703122,0,0
6267,0.7338772463900394,1,0
6268,0.6445674926999183,0,0
6269,0.6371003283476009,0,0
6270,0.7329553325656237,1,0
6271,0.7054379210925913,1,0
6272,0.6756167874171499,1,0
6273,0.7443566255599877,1,0
6274,0.6528454262936272,1,0
6275,0.6603736594343234,1,0
6276,0.6157525859581764,0,0
6277,0.6246143067325873,0,0
6278,0.6371224922796336,0,0
6279,0.6541083945104701,1,0
6280,0.6842699146592447,1,0
6281,0.6177876161488738,0,0
6282,0.6976293113946512,1,0
6283,0.6718757680178136,1,0
6284,0.6696455630818698,1,0
6285,0.6553731730237962,1,0
6286,0.6722109445158652,1,0
6287,0.6630403258514832,1,0
6288,0.6176828755603933,0,0
6289,0.6396214797139643,0,0
6290,0.7062077028713221,1,0
6291,0.7124075222193932,1,0
6292,0.6475247276040142,0,0
6293,0.6492365823406591,0,0
6294,0.6438065516127055,0,0
6295,0.6690091454558508,1,0
6296,0.6518596248349146,1,0
6297,0.6555390306750289,1,0
6298,0.7503767342629607,1,0
6299,0.6939884788186166,1,0
6300,0.6290773895568844,0,0
6301,0.6611044822164801,1,0
6302,0.686020187519013,1,0
6303,0.63272436191401,0,0
6304,0.6636713456346444,1,0
6305,0.699720331536414,1,0
6306,0.6383457252954006,0,0
6307,0.7239643122931794,1,0
6308,0.6677313628050299,1,0
6309,0.6135481058325529,0,0
6310,0.6367464167983252,0,0
6311,0.6408595715923141,0,0
6312,0.633628293860113,0,0
6313,0.657387842882472,1,0
6314,0.6376319085179066,0,0
6315,0.619165446207293,0,0
6316,0.658163132451282,1,0
6317,0.7100784139088021,1,0
6318,0.6601696636848893,1,0
6319,0.6789517752408594,1,0
6320,0.6725537118797958,1,0
6321,0.6994644775731126,1,0
6322,0.637073822100128,0,0
6323,0.6756863451218913,1,0
6324,0.6301518033107538,0,0
6325,0.6237943944140245,0,0
6326,0.662402587111919,1,0
6327,0.7063305035066542,1,0
6328,0.6601430520877223,1,0
6329,0.6563309611798808,1,0
6330,0.6242064698226111,0,0
6331,0.6623898465451075,1,0
6332,0.6441765765379196,0,0
6333,0.7137002306836404,1,0
6334,0.6342266616654622,0,0
6335,0.7071047596472898,1,0
6336,0.6276134559565553,0,0
6337,0.6434937825253798,0,0
6338,0.6883622971320354,1,0
6339,0.6572181283462701,1,0
6340,0.6431985533874202,0,0
6341,0.6466015046448687,0,0
6342,0.6350976325297697,0,0
6343,0.6401615877772089,0,0
6344,0.6423400369404629,0,0
6345,0.6708597895771181,1,0
6346,0.7461164156938974,1,0
6347,0.6448968962377529,0,0
6348,0.6225950777030189,0,0
6349,0.6392656899839247,0,0
6350,0.641998387948568,0,0
6351,0.7258148739978003,1,0
6352,0.6373488156828842,0,0
6353,0.6763718103154839,1,0
6354,0.6449730221280199,0,0
6355,0.6672668464394348,1,0
6356,0.6825146914290805,1,0
6357,0.6666331093742728,1,0
6358,0.6790686995311782,1,0
6359,0.6827231086946687,1,0
6360,0.6521569925941446,1,0
6361,0.6478741460422568,0,0
6362,0.695991408731232,1,0
6363,0.6714695069324852,1,0
6364,0.6485019258763771,0,0
6365,0.6833770557650166,1,0
6366,0.6288061530827929,0,0
6367,0.7224164057151266,1,0
6368,0.6359981767509202,0,0
6369,0.6595664307750778,1,0
6370,0.6507153599310429,1,0
6371,0.6345966442575635,0,0
