Original_Index,Anomaly_Score,Detection_Result,True_Label
0,0.6335426506261039,0,0
1,0.6935286515086525,0,0
2,0.6071546385470201,0,0
3,0.6238658145483088,0,0
4,0.7088513202349941,0,0
5,0.6641250148844587,0,0
6,0.6144194930832222,0,1
7,0.6103494860448566,0,0
8,0.6190831947014255,0,0
9,0.6132826093413942,0,0
10,0.6138506953006052,0,0
11,0.6426505577520049,0,0
12,0.6158345468363069,0,0
13,0.6087317172148266,0,0
14,0.6393461852362969,0,0
15,0.6098481609210844,0,0
16,0.6896689691655853,0,0
17,0.6468321728785095,0,0
18,0.6887051209732846,0,0
19,0.6518137262788949,0,0
20,0.685726070845251,0,0
21,0.6865615009937585,0,0
22,0.6170537045452154,0,0
23,0.6101761481164054,0,0
24,0.6442688595637163,0,0
25,0.6141401787013037,0,0
26,0.6333862291693135,0,0
27,0.6143110930382459,0,0
28,0.6257731250233443,0,0
29,0.6110527763495315,0,0
30,0.6248439201523005,0,0
31,0.6984212011581256,0,0
32,0.671461554846542,0,0
33,0.7344926639919789,0,0
34,0.7414260090242561,0,0
35,0.6310083642868384,0,0
36,0.6450009751803495,0,0
37,0.6329819325474382,0,0
38,0.6133303974592439,0,0
39,0.6762629741788103,0,0
40,0.6465923998789869,0,0
41,0.6118405023208049,0,0
42,0.7603024636797824,1,0
43,0.767280380336516,1,0
44,0.7693828605239253,1,1
45,0.6862940204387737,0,0
46,0.6232515016542312,0,0
47,0.6285010927893991,0,0
48,0.7210840874696186,0,0
49,0.6139726448979337,0,0
50,0.6125535975614804,0,0
51,0.6684241549063419,0,0
52,0.6190777466931172,0,0
53,0.6272684449588088,0,0
54,0.6560047951337142,0,0
55,0.612381174405509,0,0
56,0.6337591764899616,0,0
57,0.6132281686564646,0,0
58,0.7504178317600567,1,1
59,0.6132474032563442,0,0
60,0.6383520071285478,0,0
61,0.6139107721819496,0,0
62,0.6105462366593323,0,0
63,0.657657436859165,0,0
64,0.6103667094237576,0,0
65,0.6253849717409847,0,0
66,0.6172681861766424,0,0
67,0.6599858921768913,0,0
68,0.6202891471085386,0,0
69,0.723135831611792,0,0
70,0.6079028333697878,0,0
71,0.657935286888951,0,0
72,0.6474102969704891,0,1
73,0.6415749877539998,0,0
74,0.6498609545840621,0,0
75,0.6240275523374271,0,0
76,0.6166084218261856,0,0
77,0.6184388908503662,0,0
78,0.6096968922698036,0,0
79,0.6376027566718803,0,0
80,0.6193631824143562,0,0
81,0.6873849614214875,0,0
82,0.6240712143783392,0,0
83,0.6587460794252749,0,1
84,0.6205959495818822,0,0
85,0.646276479864663,0,0
86,0.6359444772061338,0,0
87,0.6102792091796012,0,0
88,0.6237570306167226,0,0
89,0.6221808402458389,0,0
90,0.6073838026695526,0,0
91,0.6059762320041049,0,0
92,0.6375041447598595,0,0
93,0.6581310019912933,0,0
94,0.7124668115305319,0,0
95,0.714200137778088,0,0
96,0.6051692331584757,0,0
97,0.6185543211695114,0,0
98,0.6188681523128341,0,0
99,0.6231402071906504,0,0
100,0.6921163332982163,0,0
101,0.6074191352471465,0,0
102,0.6132245521312221,0,0
103,0.6054039420368053,0,0
104,0.634011315940857,0,0
105,0.6113763542116254,0,0
106,0.6128177416052362,0,0
107,0.6129381817784465,0,0
108,0.6130473201361908,0,0
109,0.6433213213141263,0,0
110,0.6129718492002995,0,0
111,0.6325729247151242,0,0
112,0.6700664549661051,0,0
113,0.6489246852970392,0,0
114,0.6092538616807718,0,0
115,0.612961840977006,0,0
116,0.6172293003070417,0,0
117,0.6435873459578573,0,0
118,0.6137076756891775,0,0
119,0.6776378046771969,0,0
120,0.6372596166129901,0,0
121,0.6852402056038914,0,0
122,0.6105331924947879,0,0
123,0.6983812945627389,0,0
124,0.6989871734672131,0,0
125,0.7456291056334988,0,0
126,0.6900658908105363,0,0
127,0.6854810224783318,0,0
128,0.7041757483072206,0,0
129,0.7404987427966614,0,0
130,0.6481203008730687,0,0
131,0.6430518474425061,0,0
132,0.7048492677525477,0,0
133,0.6947956286113113,0,0
134,0.7427878744880123,0,0
135,0.647279930204263,0,0
136,0.7201729246060574,0,0
137,0.7005976488396458,0,0
138,0.6583378863301514,0,0
139,0.6813808003876355,0,0
140,0.6120238677352643,0,0
141,0.6088649083309804,0,0
142,0.6788328166180337,0,0
143,0.6084601164984974,0,0
144,0.6179572158644482,0,0
145,0.6180221464942007,0,0
146,0.6246379461809701,0,0
147,0.7274932118620117,0,0
148,0.7748803351694094,1,0
149,0.7584364522817024,1,1
150,0.6282919250565151,0,0
151,0.6472538419222225,0,0
152,0.6795321344690983,0,0
153,0.6306218041149297,0,0
154,0.6164710908328088,0,0
155,0.6079247796192413,0,0
156,0.636410968296325,0,0
157,0.7084080158625361,0,0
158,0.6200677352650048,0,0
159,0.6349970856468438,0,0
160,0.6290813889757333,0,0
161,0.6384421877753449,0,0
162,0.6508150882892682,0,0
163,0.788856593942995,1,0
164,0.7496885322270521,1,0
165,0.8140363253812475,1,0
166,0.7899722471049868,1,1
167,0.7631494310320298,1,1
168,0.7801415353582103,1,0
169,0.7209438897342846,0,0
170,0.7819963626929152,1,0
171,0.611461752502066,0,0
172,0.6219425943893746,0,0
173,0.6153026756931719,0,0
174,0.7688046898418912,1,0
175,0.7002523356300974,0,0
176,0.732231872013709,0,0
177,0.713914863013262,0,0
178,0.76818351360469,1,1
179,0.6211800180634088,0,0
180,0.6232156161391231,0,0
181,0.6800772037276966,0,1
182,0.6267962009743253,0,0
183,0.6329731682408588,0,0
184,0.7093183022705583,0,0
185,0.6579042063399535,0,0
186,0.639756726235092,0,0
187,0.6729776526374658,0,0
188,0.6521259163186839,0,0
189,0.6272218702603195,0,0
190,0.6375024231344748,0,0
191,0.6332353654645624,0,0
192,0.6161369531794261,0,0
193,0.68624416750528,0,0
194,0.6165545752162953,0,0
195,0.6105830286661849,0,0
196,0.6098622938291407,0,0
197,0.6653586890683771,0,0
198,0.6130711535817177,0,0
199,0.6230251927668209,0,0
200,0.6387161882397878,0,0
201,0.6164908021045337,0,0
202,0.612570059926776,0,0
203,0.6137658792879266,0,0
204,0.6481473411413241,0,0
205,0.6311252072613773,0,0
206,0.6654554385186513,0,0
207,0.6489786819190986,0,0
208,0.6174423481999491,0,0
209,0.6852591693461074,0,0
210,0.6187813941145249,0,0
211,0.7033436995883314,0,0
212,0.6559707703182478,0,0
213,0.6079357013004291,0,0
214,0.614547030615618,0,0
215,0.6068664005964777,0,0
216,0.6300412886872944,0,0
217,0.6610636813549352,0,0
218,0.6217728051153129,0,0
219,0.6569371068097465,0,0
220,0.6363390245459332,0,0
221,0.6242518661081675,0,0
222,0.6162065294153587,0,0
223,0.6281979759391034,0,0
224,0.6532297702776417,0,0
225,0.623738820934377,0,0
226,0.6650864265171897,0,0
227,0.6975501409567239,0,0
228,0.6281425513479528,0,0
229,0.6101553700284166,0,0
230,0.6075504039318054,0,0
231,0.6181758938217846,0,0
232,0.6857567218259326,0,1
233,0.7324260845355203,0,0
234,0.6376536717905228,0,0
235,0.7258294939106245,0,0
236,0.8105082998876748,1,1
237,0.7960629298851413,1,1
238,0.7992699944759181,1,1
239,0.787979954794088,1,0
240,0.6138171285929445,0,0
241,0.739134794002859,0,0
242,0.7553128505310718,1,0
243,0.7256729759327747,0,0
244,0.7089560172920235,0,0
245,0.7050485653009826,0,0
246,0.7165449861334867,0,0
247,0.6989074714283782,0,0
248,0.7201406781539953,0,0
249,0.6884812147818079,0,0
250,0.7024771761514639,0,0
251,0.6397714891784263,0,0
252,0.6276257586147087,0,0
253,0.6366595868089857,0,0
254,0.6418885330918834,0,0
255,0.6254279089955713,0,0
256,0.63375550521048,0,0
257,0.6153142419727577,0,0
258,0.6675300862685281,0,0
259,0.6321608951093276,0,0
260,0.6160048219915454,0,0
261,0.6131897021875321,0,0
262,0.6139561741331994,0,0
263,0.7469166398930618,0,1
264,0.7296665764610639,0,0
265,0.6186636642225158,0,0
266,0.6095175624951734,0,0
267,0.676402546935563,0,0
268,0.6178702537805583,0,0
269,0.6281499464595296,0,0
270,0.7154658134713805,0,1
271,0.653590718557636,0,0
272,0.6555190654382747,0,0
273,0.706996613340589,0,0
274,0.641684585101036,0,0
275,0.7466993624104853,0,1
276,0.6797631725787612,0,0
277,0.7372611928105514,0,0
278,0.6912046690306632,0,1
279,0.6100570126830516,0,0
280,0.6212161424604159,0,0
281,0.684064670034364,0,0
282,0.6324965738942199,0,0
283,0.6107406276693957,0,0
284,0.6215453585818951,0,0
285,0.6166805612593458,0,0
286,0.6050470547593738,0,0
287,0.6126759461787656,0,0
288,0.634099276923771,0,0
289,0.6104634337508471,0,0
290,0.6246486258371328,0,0
291,0.6674693317384204,0,0
292,0.6276757901981904,0,0
293,0.6268554180980003,0,0
294,0.6402349263522582,0,1
295,0.7236943217074538,0,0
296,0.7340879971572165,0,0
297,0.7294230894292968,0,1
298,0.6121296938140381,0,0
299,0.6815404290297639,0,0
300,0.6661337653075546,0,0
301,0.6208482852391013,0,0
302,0.6815876470078068,0,0
303,0.6878988978764364,0,0
304,0.6260818460694675,0,0
305,0.7677707711880263,1,1
306,0.7896053847019636,1,1
307,0.7282878030973496,0,0
308,0.6072682774992999,0,0
309,0.6138192310752908,0,0
310,0.662060912577453,0,1
311,0.6135662520726275,0,0
312,0.657221167305771,0,0
313,0.6624955308397915,0,1
314,0.6612136783583555,0,1
315,0.6399449476983206,0,0
316,0.669168550059403,0,0
317,0.6462923901643041,0,0
318,0.6146784129683636,0,0
319,0.7066897621751531,0,0
320,0.7426094698750381,0,0
321,0.7774462021233806,1,1
322,0.6693820691189285,0,0
323,0.7354402568502995,0,0
324,0.6886750086668496,0,0
325,0.691560693157135,0,0
326,0.7019795089905654,0,0
327,0.6087505600089085,0,0
328,0.6793206522543511,0,0
329,0.6923662279338096,0,0
330,0.6131196673056749,0,0
331,0.6620405917621133,0,0
332,0.7252358637043679,0,0
333,0.7641695529547387,1,0
334,0.7828259301766214,1,0
335,0.6630130792363507,0,0
336,0.6396256693795652,0,0
337,0.653526916934547,0,0
338,0.6631151683920405,0,0
339,0.6357973023643761,0,0
340,0.6306187953052342,0,0
341,0.6813664472923495,0,0
342,0.6558608574164826,0,0
343,0.6221777886218118,0,0
344,0.6151640732096053,0,0
345,0.6130284720948522,0,0
346,0.6119796609043229,0,0
347,0.7049366209392753,0,0
348,0.6708743254597453,0,0
349,0.6343187511775751,0,0
350,0.6494336975628776,0,0
351,0.616008563987998,0,1
352,0.6141908441118327,0,0
353,0.620471530272765,0,0
354,0.6525130771908039,0,0
355,0.786486883253167,1,1
356,0.6979690334790074,0,0
357,0.7146180814501211,0,0
358,0.827789075571479,1,0
359,0.7333181041805168,0,0
360,0.6478713135023231,0,0
361,0.6266012926776403,0,0
362,0.6839040370339338,0,1
363,0.6292424387309753,0,0
364,0.6533487169670504,0,0
365,0.6359926886036108,0,0
366,0.6128667539585829,0,0
367,0.6312694068442634,0,0
368,0.6430462929566658,0,0
369,0.7334130165372315,0,0
370,0.6950331166974489,0,0
371,0.7297269567832532,0,0
372,0.7604923315137561,1,0
373,0.6904931975322735,0,0
374,0.6620562131236292,0,0
375,0.7422022843067146,0,1
376,0.65602139344296,0,0
377,0.6320578971549545,0,0
378,0.6257092222063578,0,0
379,0.6489931753743943,0,0
380,0.6418412246833058,0,0
381,0.6073232193067585,0,0
382,0.609439723302088,0,0
383,0.6178535149520302,0,0
384,0.608605059289731,0,0
385,0.6323844209713332,0,0
386,0.6060085448567494,0,0
387,0.6195354937961332,0,0
388,0.6099338550734688,0,0
389,0.6246263814281934,0,0
390,0.6636517595268147,0,0
391,0.6156844725974882,0,0
392,0.6188737175005747,0,0
393,0.6845236493419586,0,0
394,0.6950727504740566,0,0
395,0.6697557639645566,0,0
396,0.613681248731179,0,0
397,0.6138095979938283,0,0
398,0.6054718169715363,0,0
399,0.618843731350371,0,0
400,0.6196292137354462,0,0
401,0.6073052726406772,0,0
402,0.6428164251880838,0,0
403,0.6085872837400779,0,0
404,0.6455259126367119,0,0
405,0.6116289093100692,0,0
406,0.6288958593421574,0,0
407,0.6184253705054339,0,0
408,0.6160146207277019,0,0
409,0.6211872582009283,0,0
410,0.6340830027871045,0,0
411,0.6190105733848503,0,0
412,0.6261838849236658,0,0
413,0.6097054544689172,0,0
414,0.6499947067100589,0,0
415,0.6277105708778499,0,0
416,0.6602198590952848,0,1
417,0.6722809488353823,0,1
418,0.6311402512757212,0,0
419,0.6062671377576829,0,0
420,0.6989364055327849,0,0
421,0.6190397292131473,0,0
422,0.6135679352930014,0,0
423,0.734412959242674,0,0
424,0.7416897012113854,0,0
425,0.6248738498397393,0,0
426,0.6331303811271197,0,0
427,0.624816346294217,0,0
428,0.621018032281856,0,1
429,0.6281295935840263,0,0
430,0.6202934945182865,0,0
431,0.6228312417654001,0,1
432,0.6164266020198775,0,0
433,0.6052192332989077,0,1
434,0.6531166990817778,0,0
435,0.6073587514339099,0,0
436,0.6913384752014345,0,0
437,0.680313275216079,0,0
438,0.6746369727104939,0,0
439,0.6105670871081008,0,0
440,0.683099891912397,0,0
441,0.6955014523794402,0,0
442,0.6123836321145365,0,0
443,0.6792290953475624,0,0
444,0.6570800660216911,0,0
445,0.6209728658785856,0,0
446,0.6272793723428436,0,0
447,0.6261325337103588,0,0
448,0.6406066055858012,0,0
449,0.6113456597352191,0,0
450,0.7808923033832198,1,0
451,0.6826061221087865,0,0
452,0.6971798954364141,0,0
453,0.6194569379815343,0,0
454,0.670341909482665,0,0
455,0.6090547763809782,0,0
456,0.6616550937457835,0,0
457,0.6891676470777655,0,0
458,0.6653087715239943,0,0
459,0.60905850337992,0,0
460,0.6782728645310145,0,0
461,0.6229165873406921,0,0
462,0.7484158516479953,1,0
463,0.7632074554348869,1,0
464,0.7449083508886694,0,0
465,0.779003176561645,1,0
466,0.6865134069514223,0,0
467,0.6799255995314881,0,0
468,0.7392739815202096,0,0
469,0.6967369607586764,0,1
470,0.6083666614789605,0,0
471,0.6115751499949341,0,0
472,0.6512614862152248,0,0
473,0.6114552644215447,0,0
474,0.6106396341551579,0,0
475,0.6117785578268904,0,0
476,0.638844945482921,0,0
477,0.6669337784403997,0,0
478,0.7704067673542369,1,1
479,0.6783561691482862,0,0
480,0.7350610436203521,0,1
481,0.6187349666275481,0,0
482,0.610880758107397,0,0
483,0.6189410820832395,0,0
484,0.626006065839406,0,0
485,0.616558645379748,0,0
486,0.6156541837501712,0,0
487,0.6548161112006647,0,0
488,0.6069990791040398,0,0
489,0.6238505673211507,0,0
490,0.6197191612685227,0,0
491,0.6132489430307824,0,0
492,0.662673658692335,0,0
493,0.6624164924246461,0,0
494,0.6624718530568672,0,0
495,0.626519291353357,0,0
496,0.6660504273346053,0,0
497,0.6272149731325641,0,0
498,0.637049487885053,0,0
499,0.6169739420075875,0,0
500,0.6176114287715158,0,0
501,0.6772444553006729,0,1
502,0.6603762642566406,0,0
503,0.6501593173079296,0,0
504,0.6544082962302866,0,0
505,0.6344635109831375,0,0
506,0.6466474015152757,0,0
507,0.654213569954116,0,0
508,0.6158198932543933,0,0
509,0.6125569564422821,0,0
510,0.657149303629224,0,0
511,0.6260721565076328,0,0
512,0.6155663158262351,0,0
513,0.7167166536151133,0,0
514,0.7424119266567688,0,0
515,0.7341249457164285,0,0
516,0.6698622527174716,0,0
517,0.7331913471432472,0,0
518,0.712300148597538,0,1
519,0.7021413947742601,0,0
520,0.7685606644761965,1,1
521,0.6994581668496639,0,0
522,0.68633264541409,0,0
523,0.7690324868162492,1,0
524,0.7577680650129568,1,1
525,0.7811609385905991,1,1
526,0.7858724400487316,1,1
527,0.608819947866641,0,0
528,0.6215413478109761,0,0
529,0.6795699281911032,0,0
530,0.6164311371091729,0,1
531,0.6305368998383541,0,0
532,0.6271257919790397,0,0
533,0.6498702072187739,0,0
534,0.6213228010755809,0,0
535,0.6279605889108957,0,0
536,0.610817766276343,0,0
537,0.7270094975495893,0,0
538,0.7366862368545652,0,0
539,0.6747256429326105,0,0
540,0.6141650211945167,0,0
541,0.6407200066845957,0,0
542,0.6591068271355105,0,0
543,0.6450067055929298,0,0
544,0.6803275414663233,0,0
545,0.7160439748405869,0,0
546,0.7437333305204759,0,0
547,0.7706376458578404,1,0
548,0.6108242594130153,0,0
549,0.6185399032810452,0,0
550,0.6420636489859393,0,0
551,0.6275954538132212,0,0
552,0.6115411759438972,0,0
553,0.6222056842442032,0,0
554,0.6188340322696264,0,0
555,0.6136845003834672,0,0
556,0.6120752408919561,0,0
557,0.6543697315362684,0,0
558,0.6710133537748105,0,0
559,0.610781967389804,0,0
560,0.652429119565418,0,0
561,0.6136368082296757,0,0
562,0.6342568000837654,0,0
563,0.6077456156205567,0,0
564,0.6226238408685733,0,0
565,0.7116056857087472,0,0
566,0.6186849881485836,0,0
567,0.6440596348430206,0,0
568,0.7291600792507966,0,0
569,0.6520971484913871,0,0
570,0.6297691758793134,0,0
571,0.6355557933470846,0,0
572,0.6330266865499213,0,1
573,0.6157944118248946,0,0
574,0.6249922454568995,0,0
575,0.6369873706417752,0,0
576,0.6127248839747752,0,0
577,0.6256805075765828,0,0
578,0.6130707184470178,0,0
579,0.6766733302846728,0,0
580,0.6516343652516932,0,0
581,0.6097918688483394,0,0
582,0.6989249161850193,0,0
583,0.6263818630272313,0,0
584,0.66305114644542,0,0
585,0.613766156166773,0,0
586,0.612463873059903,0,0
587,0.6107321599768626,0,0
588,0.6341973198879067,0,0
589,0.6631064116679715,0,0
590,0.6112512529855209,0,0
591,0.677274379128592,0,0
592,0.6174357810758895,0,0
593,0.680274071017349,0,0
594,0.6053157416744639,0,0
595,0.6205646121182362,0,0
596,0.6083823110988249,0,0
597,0.6194895055720213,0,0
598,0.6296643852645223,0,0
599,0.6338664566687187,0,0
600,0.6126165554359579,0,0
601,0.6698065533111809,0,0
602,0.6774488013188655,0,0
603,0.6291771059001401,0,0
604,0.6134935765947236,0,0
605,0.6406598214623818,0,0
606,0.6976233156233096,0,0
607,0.6248110594611503,0,0
608,0.6819103424329067,0,0
609,0.6989632781330581,0,0
610,0.6425426983512568,0,0
611,0.7707930454200359,1,1
612,0.7164541588483564,0,0
613,0.6274864904190685,0,0
614,0.6275123585279274,0,0
615,0.642201662120179,0,0
616,0.6305351157997261,0,0
617,0.7097756816468817,0,0
618,0.723515972762723,0,0
619,0.7589716677790157,1,0
620,0.7073252059826163,0,0
621,0.6146797992165133,0,0
622,0.6161979960831271,0,0
623,0.6268551496538111,0,0
624,0.6313224409834465,0,0
625,0.610542343650881,0,0
626,0.6638761685139158,0,0
627,0.6787869763366441,0,0
628,0.6133292932491081,0,1
629,0.7005341964618063,0,0
630,0.6260862906593994,0,0
631,0.6421618132402189,0,0
632,0.6260292014158094,0,0
633,0.6238653296782101,0,0
634,0.6854611392277972,0,0
635,0.6995963198518633,0,0
636,0.6873186775067656,0,0
637,0.6990661154714204,0,0
638,0.6321779381713024,0,0
639,0.6124361039007422,0,0
640,0.7094575168518464,0,0
641,0.65028857978942,0,0
642,0.6168622427094028,0,0
643,0.7002616735258367,0,0
644,0.6419884717953571,0,0
645,0.6510584342597312,0,0
646,0.7247038521293752,0,0
647,0.6147061767598525,0,0
648,0.6300489525504531,0,0
649,0.6326514000622345,0,0
650,0.7467599934088307,0,0
651,0.7082047609155439,0,0
652,0.6296835068396889,0,0
653,0.7212743092571292,0,0
654,0.6836722637979791,0,0
655,0.7267276051638982,0,0
656,0.6195110977875624,0,0
657,0.6484943309036132,0,0
658,0.6628478509894631,0,0
659,0.6303919241458651,0,0
660,0.7078438274649028,0,0
661,0.6151839797850915,0,0
662,0.6468820549955482,0,0
663,0.6752508708414546,0,0
664,0.6421302874806087,0,0
665,0.6841491725068698,0,0
666,0.6273036560861674,0,0
667,0.6161152621477198,0,0
668,0.6175674659862163,0,0
669,0.6273136146524567,0,0
670,0.614059649448788,0,0
671,0.6139399669316921,0,0
672,0.61257093427147,0,0
673,0.6119466006788401,0,1
674,0.6145210770512124,0,1
675,0.6235048670862082,0,1
676,0.6061938537832737,0,0
677,0.6215035201236745,0,0
678,0.6246204717465098,0,1
679,0.6916553541888291,0,0
680,0.6891283181858006,0,0
681,0.6153691673020152,0,0
682,0.6475580140117312,0,0
683,0.6193507772620153,0,0
684,0.6078276377557493,0,0
685,0.6209430471376322,0,0
686,0.6124144685074768,0,0
687,0.6178531161097249,0,0
688,0.6128388159782368,0,0
689,0.6172450879212485,0,0
690,0.6116415708163191,0,0
691,0.7424714796561598,0,0
692,0.6482497897750463,0,0
693,0.6681176791723786,0,0
694,0.7946473128605589,1,1
695,0.7174369905631697,0,0
696,0.7842952260441878,1,1
697,0.720137487152,0,0
698,0.6390508866807603,0,0
699,0.6617371440668907,0,0
700,0.6721575063973886,0,0
701,0.617897026167435,0,0
702,0.6451059265468972,0,0
703,0.6640079010145996,0,0
704,0.647681743391831,0,0
705,0.6384643550106238,0,0
706,0.7051043096766765,0,0
707,0.6998499911673896,0,0
708,0.6697391734012239,0,0
709,0.7245024072918942,0,0
710,0.7133496171762628,0,0
711,0.6797193667855135,0,0
712,0.7420785660869147,0,0
713,0.6968508885353427,0,0
714,0.7039735415914319,0,0
715,0.7410460945781856,0,0
716,0.7374187130984027,0,0
717,0.7508153652276817,1,0
718,0.7846069966124664,1,1
719,0.7960683987939943,1,1
720,0.7928868459558992,1,1
721,0.6185946488920173,0,0
722,0.6313946935596332,0,0
723,0.6194226255704129,0,0
724,0.6395011680852816,0,0
725,0.6290348515563051,0,0
726,0.6744630417633538,0,0
727,0.6269095805174976,0,0
728,0.611068956433773,0,0
729,0.6148400257604052,0,0
730,0.6117035277852052,0,0
731,0.6079726116273907,0,0
732,0.6128931265465105,0,0
733,0.6124880078018866,0,0
734,0.6125809534094233,0,0
735,0.6115087942445779,0,0
736,0.6133083746954275,0,0
737,0.6120018485081229,0,0
738,0.6109914323055154,0,0
739,0.6541467947251278,0,0
740,0.6288210846259892,0,0
741,0.6968014212355836,0,0
742,0.6087854075462864,0,0
743,0.6118237496437693,0,0
744,0.6092343168759118,0,1
745,0.6171015994140658,0,0
746,0.7329987512565876,0,0
747,0.6106116873923848,0,0
748,0.6091003228101098,0,0
749,0.6956754396285845,0,0
750,0.6225247772388208,0,0
751,0.6217269142558342,0,0
752,0.6377594178190604,0,0
753,0.6315851013924041,0,0
754,0.682502947967736,0,1
755,0.6862592593068105,0,0
756,0.63655249625696,0,1
757,0.6637109520494467,0,0
758,0.6215372951948483,0,0
759,0.6163977328015251,0,0
760,0.6253021842542251,0,0
761,0.6170656684836459,0,0
762,0.6166023755313006,0,0
763,0.7020271898485211,0,0
764,0.6362533884516903,0,0
765,0.6127889958678383,0,0
766,0.6254299297012095,0,0
767,0.6946527179990936,0,0
768,0.6115471464984283,0,0
769,0.6213009939391048,0,0
770,0.626229777597171,0,0
771,0.6183281168650314,0,0
772,0.670928899425222,0,0
773,0.6311627712680393,0,0
774,0.6119268033242664,0,0
775,0.615822952658986,0,0
776,0.6108327432762577,0,0
777,0.6113490582148675,0,0
778,0.6201606331982035,0,0
779,0.622528427057705,0,0
780,0.6179401468698562,0,0
781,0.6098586426605523,0,0
782,0.6093994120882844,0,0
783,0.6765995296278609,0,0
784,0.7623530538955905,1,0
785,0.6210645622916835,0,0
786,0.6142488157443284,0,0
787,0.6130105075748205,0,0
788,0.6155293058123654,0,0
789,0.6206879227309758,0,0
790,0.6192456110801569,0,0
791,0.618758793548048,0,0
792,0.6258082503109246,0,0
793,0.6140476665156753,0,0
794,0.6265202545664743,0,0
795,0.6086101014550453,0,0
796,0.6064450743013021,0,0
797,0.6436850620953564,0,0
798,0.6098424692536788,0,0
799,0.6526183647339845,0,0
800,0.6253520667451464,0,0
801,0.6423596132137217,0,0
802,0.6377583747910165,0,0
803,0.6897925955649861,0,0
804,0.6121669684850162,0,0
805,0.657085429474908,0,0
806,0.7365287951323517,0,0
807,0.6181556183930406,0,0
808,0.6377793432399871,0,0
809,0.614694421092443,0,0
810,0.6116064603153158,0,0
811,0.6206889261786424,0,1
812,0.7590442194051283,1,0
813,0.748552768728403,1,0
814,0.7138052257496867,0,0
815,0.7137904341528968,0,0
816,0.7105393324714098,0,0
817,0.6968364012150945,0,0
818,0.7126922627298433,0,0
819,0.6865550593355116,0,0
820,0.6785065733678783,0,0
821,0.6797148823241099,0,0
822,0.6919034441592522,0,0
823,0.6762416732884898,0,0
824,0.6750890073964562,0,0
825,0.6735616202124516,0,0
826,0.6748198303134303,0,0
827,0.670639314320037,0,0
828,0.6573947674059978,0,0
829,0.6547576425115331,0,0
830,0.66611052745381,0,0
831,0.6631817480931259,0,0
832,0.631971128798901,0,0
833,0.644841577714065,0,0
834,0.6534965219034709,0,0
835,0.6255614988379374,0,0
836,0.6199704969756885,0,0
837,0.6203007092430375,0,0
838,0.617595315831835,0,0
839,0.6312037486360857,0,0
840,0.6151226704711702,0,0
841,0.6130222340227474,0,0
842,0.6107924692154989,0,0
843,0.6089412964165017,0,0
844,0.6084305856067027,0,0
845,0.6146222043626892,0,0
846,0.6088732991666406,0,0
847,0.6134718717044827,0,0
848,0.6149515380458681,0,0
849,0.6146337122188114,0,0
850,0.6124596846316968,0,0
851,0.6136265590350195,0,0
852,0.6212472495314811,0,0
853,0.613899100604205,0,0
854,0.606951843494618,0,0
855,0.6175366471649439,0,0
856,0.6281323521667563,0,0
857,0.6244450632970422,0,0
858,0.6330191736219363,0,0
859,0.6442840421215836,0,0
860,0.6327012567273168,0,0
861,0.6316325048925215,0,0
862,0.6518824588490986,0,0
863,0.6407151276913645,0,0
864,0.6535078696318152,0,0
865,0.6576477973484514,0,0
866,0.6339332336303249,0,0
867,0.6611553440614628,0,0
868,0.6569861674091599,0,0
869,0.6534770357089352,0,0
870,0.6568978619445964,0,0
871,0.6606113383765553,0,0
872,0.6505114965504075,0,0
873,0.6409148924037499,0,0
874,0.6750671868626315,0,0
875,0.6508116979960593,0,0
876,0.6676858742258669,0,0
877,0.6697306103684999,0,0
878,0.6524062764538006,0,0
879,0.6817994547204982,0,0
880,0.6829978590798622,0,0
881,0.6698742492455143,0,0
882,0.7751006434091892,1,0
883,0.6709827466076534,0,0
884,0.6960471857050947,0,0
885,0.6835542606244556,0,0
886,0.7255551674078907,0,0
887,0.6883240959990322,0,0
888,0.7327103788874216,0,0
889,0.7261885272514108,0,0
890,0.7701923835825184,1,0
891,0.8474240123884718,1,0
892,0.7711492625126889,1,0
893,0.7576405093677245,1,0
894,0.7532731660833819,1,1
895,0.7526430643317217,1,0
896,0.7530059646487586,1,1
897,0.7453006212590313,0,0
898,0.7442810223342111,0,1
899,0.7197205460945644,0,0
900,0.7242499355495079,0,1
901,0.7164926126198492,0,0
902,0.7282596432362045,0,0
903,0.7216400647254835,0,0
904,0.7262657192747803,0,0
905,0.7143972604480133,0,0
906,0.7150382499866754,0,0
907,0.7084484975063108,0,0
908,0.713084114083728,0,0
909,0.7131985183672822,0,0
910,0.7136752629132783,0,0
911,0.7110060001300382,0,0
912,0.6910143576936228,0,0
913,0.6856721484503407,0,0
914,0.6802378615225521,0,0
915,0.6920723536892368,0,0
916,0.6953440901444367,0,0
917,0.6697587835135344,0,0
918,0.6678677643196758,0,0
919,0.6703481534660478,0,0
920,0.663692645846462,0,0
921,0.6519771363394063,0,0
922,0.6626073709794875,0,0
923,0.6539751667141476,0,0
924,0.6599992574400007,0,0
925,0.6572670318503739,0,0
926,0.6564738985448422,0,0
927,0.6490027481092951,0,0
928,0.6459682916353842,0,0
929,0.6357454896918314,0,0
930,0.6634611109160694,0,0
931,0.6410685768389781,0,0
932,0.6381518889425399,0,0
933,0.6278342122448481,0,0
934,0.6397593062816717,0,0
935,0.6395785199790771,0,0
936,0.6395115448153808,0,0
937,0.624704855265457,0,0
938,0.6271235110990687,0,0
939,0.6390288738591625,0,0
940,0.640097204757773,0,0
941,0.6325115852158311,0,0
942,0.6262980695849922,0,0
943,0.6401403754539119,0,0
944,0.6315608832823578,0,0
945,0.620157343111114,0,0
946,0.6249820227271722,0,0
947,0.6188555464922351,0,0
948,0.625408936101173,0,0
949,0.6189047983759226,0,0
950,0.6117243260225901,0,0
951,0.6364615845280444,0,0
952,0.6192439810375805,0,0
953,0.630102706258669,0,0
954,0.612936330936718,0,0
955,0.6107099453352838,0,0
956,0.6107177214971424,0,0
957,0.6101477852263839,0,0
958,0.6198145101334582,0,0
959,0.611193346812172,0,0
960,0.61064519752393,0,0
961,0.6123021782710523,0,0
962,0.6126341119716168,0,0
963,0.6093805063519441,0,0
964,0.617625723164765,0,0
965,0.6103519876221492,0,0
966,0.6235561537328056,0,0
967,0.6107983995636568,0,0
968,0.6075948604999899,0,0
969,0.609655717592598,0,0
970,0.6114668270045575,0,0
971,0.6105435128067164,0,0
972,0.6102342926501108,0,0
973,0.6077228044579509,0,0
974,0.6104002685791572,0,0
975,0.6125385205995152,0,0
976,0.6069310062824924,0,0
977,0.612663847433744,0,0
978,0.6041843240953375,0,0
979,0.6097472460501152,0,0
980,0.6204739003073347,0,0
981,0.6099985154596188,0,0
982,0.6192677755210999,0,0
983,0.6105200854584805,0,0
984,0.63272371068957,0,0
985,0.6285195925810922,0,0
986,0.6304586618697414,0,0
987,0.6200111812661652,0,0
988,0.6142811550343064,0,0
989,0.631463601705371,0,0
990,0.6278013035968251,0,0
991,0.6307821003248666,0,0
992,0.6309465838242978,0,0
993,0.620205157528458,0,0
994,0.6302216272559862,0,0
995,0.6337737162920596,0,0
996,0.6303710110122548,0,0
997,0.6300315407470045,0,0
998,0.6267171179465758,0,0
999,0.6224651083197512,0,0
1000,0.6305135767771801,0,0
1001,0.6386148543834949,0,0
1002,0.6203434484442997,0,0
1003,0.6229330970034689,0,0
1004,0.6376684920316735,0,0
1005,0.6339647578945645,0,0
1006,0.6410722765909413,0,0
1007,0.6359133724485304,0,0
1008,0.6364896632996888,0,0
1009,0.6463549800223173,0,0
1010,0.6655534481200884,0,0
1011,0.6600539702280491,0,0
1012,0.6593634666565484,0,0
1013,0.6424483219340913,0,0
1014,0.6553199220854857,0,0
1015,0.6785409752485336,0,0
1016,0.6492811282581636,0,0
1017,0.6546701305002316,0,0
1018,0.6365745431475994,0,0
1019,0.6636915912847317,0,0
1020,0.6786861176262164,0,0
1021,0.6618852271707225,0,0
1022,0.6848547394165843,0,0
1023,0.6642549780926474,0,0
1024,0.6492459506980944,0,0
1025,0.703086801541352,0,0
1026,0.6930428620022782,0,0
1027,0.6721277159605872,0,0
1028,0.6645847308862284,0,0
1029,0.6559343257643651,0,0
1030,0.6472681132890299,0,0
1031,0.6589340073926526,0,0
1032,0.7126443377248746,0,0
1033,0.7021230323305501,0,0
1034,0.6668448688484602,0,0
1035,0.706779545619231,0,0
1036,0.6944413734201931,0,0
1037,0.7057364881073211,0,0
1038,0.7061615698488901,0,0
1039,0.6686931714612507,0,0
1040,0.687411281804851,0,0
1041,0.7356212430682002,0,0
1042,0.7508145077603177,1,0
1043,0.714239067064987,0,0
1044,0.7150975944156204,0,0
1045,0.7485587972251706,1,0
1046,0.7403776944293952,0,0
1047,0.7222826487590892,0,0
1048,0.8018061099673089,1,0
1049,0.7404827878709297,0,0
1050,0.7130645553921315,0,0
1051,0.8341156419048187,1,0
1052,0.8409031802726292,1,0
1053,0.7791464350493916,1,1
1054,0.775042279204217,1,1
1055,0.7795576770960304,1,1
1056,0.7759027532273985,1,1
1057,0.7628084543739895,1,1
1058,0.7516243557162289,1,1
1059,0.7508915543248457,1,0
1060,0.7494161989564236,1,0
1061,0.7409320214385396,0,0
1062,0.7293515626275857,0,0
1063,0.73829948891431,0,0
1064,0.7263028181834699,0,0
1065,0.7318504027975853,0,0
1066,0.7189730147744506,0,0
1067,0.7047773088490821,0,0
1068,0.6903747046041522,0,0
1069,0.6949203484123792,0,0
1070,0.6879554811359888,0,0
1071,0.6904401158468872,0,0
1072,0.66790523204576,0,0
1073,0.6670414659386614,0,0
1074,0.6728837128599454,0,0
1075,0.6632713814310927,0,0
1076,0.6657734354213104,0,0
1077,0.6568913063433333,0,0
1078,0.6734385091970355,0,0
1079,0.6515394136326387,0,0
1080,0.6425040927720385,0,0
1081,0.6469154122986593,0,0
1082,0.6437578350770788,0,0
1083,0.6498128565853445,0,0
1084,0.6453326675666462,0,0
1085,0.6359184657979826,0,0
1086,0.6446819125690613,0,0
1087,0.6302121799569306,0,0
1088,0.6332062433063718,0,0
1089,0.652164657570246,0,0
1090,0.6491732997231565,0,0
1091,0.6494695575448222,0,0
1092,0.6383880125881004,0,0
1093,0.62702739524684,0,0
1094,0.6231612092891555,0,0
1095,0.6347399614080279,0,0
1096,0.6381182339245912,0,0
1097,0.6181785864144642,0,0
1098,0.6136110844403765,0,0
1099,0.6155264928748592,0,0
1100,0.6191925046743938,0,0
1101,0.6189439230447112,0,0
1102,0.6155068660099313,0,0
1103,0.616223069475917,0,0
1104,0.6111010041098235,0,0
1105,0.6153238635661356,0,0
1106,0.613513543104379,0,0
1107,0.6189976316420405,0,0
1108,0.614125812900276,0,0
1109,0.6095530892776684,0,0
1110,0.613176878882122,0,0
1111,0.6133655068433228,0,0
1112,0.622969379326509,0,0
1113,0.6105218150162779,0,0
1114,0.608830495371649,0,0
1115,0.6098040333014277,0,0
1116,0.6137504415128039,0,0
1117,0.6100139531997308,0,0
1118,0.6114345820176991,0,0
1119,0.6057137446246981,0,0
1120,0.6116352840052222,0,0
1121,0.6108439253404232,0,0
1122,0.6089781028550019,0,0
1123,0.6125193936904284,0,0
1124,0.6107550473401087,0,0
1125,0.608054835270198,0,0
1126,0.6111609572928984,0,0
1127,0.6121183517848648,0,0
1128,0.609998075003557,0,0
1129,0.6096839099581512,0,0
1130,0.6169621909604697,0,0
1131,0.619321946322064,0,0
1132,0.6265454196208927,0,0
1133,0.6211178599107712,0,0
1134,0.6138280478496869,0,0
1135,0.6080798815838563,0,0
1136,0.622048661320987,0,0
1137,0.6267969764643815,0,0
1138,0.6082931043906433,0,0
1139,0.6178833380844404,0,0
1140,0.6128381390899791,0,0
1141,0.6120101022544808,0,0
1142,0.6247577064457783,0,0
1143,0.6096397844936476,0,0
1144,0.6206659622884076,0,0
1145,0.7303932398160153,0,0
1146,0.6081072386829662,0,0
1147,0.6152540985427055,0,0
1148,0.6196373934176855,0,0
1149,0.6188145354472476,0,0
1150,0.6150092603565767,0,0
1151,0.620439686028623,0,0
1152,0.6204284737503971,0,0
1153,0.6286834734240074,0,0
1154,0.6422414746389713,0,0
1155,0.6329199838797628,0,0
1156,0.6245607601317265,0,0
1157,0.6399078137548718,0,0
1158,0.6318213894001605,0,0
1159,0.6404718685516076,0,0
1160,0.6318706507675393,0,0
1161,0.6258393514226521,0,0
1162,0.6520318077716882,0,0
1163,0.627663196515283,0,0
1164,0.6319649369365375,0,0
1165,0.6191470032000359,0,0
1166,0.6288034615855882,0,0
1167,0.6233468022196857,0,0
1168,0.6293297874005503,0,0
1169,0.6371919671713298,0,0
1170,0.667437907069846,0,0
1171,0.6522651657409879,0,0
1172,0.6332683919089714,0,0
1173,0.6571291231043741,0,0
1174,0.6890148074911325,0,0
1175,0.670738865067614,0,0
1176,0.6817346926429306,0,0
1177,0.6440785228959807,0,0
1178,0.6926332390245495,0,0
1179,0.6510453704609726,0,0
1180,0.6679425917215179,0,0
1181,0.6815757368693506,0,0
1182,0.6836787653526234,0,0
1183,0.6642520632359605,0,0
1184,0.6654277868884992,0,0
1185,0.6853672693400225,0,0
1186,0.7361325075064202,0,0
1187,0.6950408687006824,0,0
1188,0.6836989302357371,0,0
1189,0.7255515946201023,0,0
1190,0.703805294316792,0,0
1191,0.7375232845733344,0,0
1192,0.7343028288253042,0,0
1193,0.7955050466995564,1,0
1194,0.7173327140941314,0,0
1195,0.6707126687857723,0,0
1196,0.7311214810540322,0,0
1197,0.769827779853647,1,0
1198,0.7253693844577707,0,0
1199,0.7979421476662657,1,0
1200,0.7820816607215995,1,0
1201,0.6676398267180768,0,0
1202,0.7567347640089968,1,0
1203,0.7655625313556529,1,0
1204,0.7951207757104646,1,0
1205,0.7909228385240233,1,0
1206,0.8208786305009268,1,0
1207,0.8549694198549807,1,0
1208,0.7925422438338199,1,0
1209,0.8633285512332434,1,0
1210,0.6594170903923828,0,0
1211,0.7496741740944006,1,1
1212,0.7497387823352235,1,0
1213,0.7478876988277343,1,0
1214,0.7275897708085828,0,0
1215,0.7346779225315507,0,0
1216,0.7228716469913431,0,0
1217,0.7215066961732377,0,0
1218,0.7288969318759082,0,0
1219,0.7183876387692522,0,0
1220,0.7028071976342682,0,0
1221,0.7135567733130189,0,0
1222,0.7055732230382098,0,0
1223,0.7068241304112741,0,0
1224,0.7008846798516574,0,0
1225,0.7043834949669221,0,0
1226,0.7044492471758871,0,0
1227,0.704182626821749,0,0
1228,0.7000553927517663,0,1
1229,0.6996423040704851,0,0
1230,0.6998379624955005,0,0
1231,0.6975220935747509,0,0
1232,0.6869658472759974,0,0
1233,0.6955199609337004,0,0
1234,0.6896432328125678,0,0
1235,0.6904388448554561,0,0
1236,0.6932242622266381,0,0
1237,0.6889160691524416,0,0
1238,0.6977281761677012,0,0
1239,0.696441021782359,0,0
1240,0.680119029703705,0,0
1241,0.6982454594218853,0,0
1242,0.6840573225672278,0,0
1243,0.6934313013428614,0,0
1244,0.676848137100402,0,0
1245,0.6906540012829321,0,0
1246,0.6734819326963413,0,0
1247,0.672165050768565,0,0
1248,0.678162101783116,0,0
1249,0.6774687545329197,0,0
1250,0.6768503254533906,0,0
1251,0.6824215880288858,0,0
1252,0.651288544429179,0,0
1253,0.670789104945275,0,0
1254,0.6600818922601694,0,0
1255,0.6655016674833094,0,0
1256,0.6722642758600248,0,0
1257,0.6862471343578713,0,0
1258,0.6595939048849859,0,0
1259,0.6533646289741817,0,0
1260,0.6400997371377684,0,0
1261,0.6445976129565021,0,0
1262,0.6464693949486469,0,0
1263,0.6346975881012766,0,0
1264,0.6496573539019005,0,0
1265,0.6376385476441845,0,0
1266,0.6482733983816419,0,0
1267,0.6275011592186548,0,0
1268,0.6489280798007913,0,0
1269,0.6409619428088511,0,0
1270,0.632193658182661,0,0
1271,0.6377034493399132,0,0
1272,0.6342737098807578,0,0
1273,0.6288980070503583,0,0
1274,0.628341719664198,0,0
1275,0.6209655245618109,0,0
1276,0.6287850787047345,0,0
1277,0.636246025340949,0,0
1278,0.6246620284002773,0,0
1279,0.6174442563099143,0,0
1280,0.6133402049864831,0,0
1281,0.6155547650771842,0,0
1282,0.606444449110609,0,0
1283,0.6142116170865988,0,0
1284,0.6096407295012556,0,0
1285,0.6165289446763308,0,0
1286,0.6112167441198291,0,0
1287,0.6118458926895247,0,0
1288,0.6152017918322752,0,0
1289,0.621383144234485,0,0
1290,0.6152113037448268,0,0
1291,0.6085006467528498,0,0
1292,0.6104999243162089,0,0
1293,0.610880217446103,0,0
1294,0.6107478321333677,0,0
1295,0.6117245606998267,0,0
1296,0.6088788105982782,0,0
1297,0.6106614140332873,0,0
1298,0.6135263129646477,0,0
1299,0.6133586925993141,0,0
1300,0.6107760412704638,0,0
1301,0.6096895004632472,0,0
1302,0.6082668572701984,0,0
1303,0.6090045458516408,0,0
1304,0.6049298149116573,0,0
1305,0.6113009396059984,0,0
1306,0.6069935108309975,0,0
1307,0.607597349151773,0,0
1308,0.6083862596933848,0,0
1309,0.6076500152847194,0,0
1310,0.6080733756885683,0,0
1311,0.6083238415445922,0,0
1312,0.6089174530362467,0,0
1313,0.6093552191308563,0,0
1314,0.6068320895804629,0,0
1315,0.6074937300509584,0,0
1316,0.6079917603945353,0,0
1317,0.6091847349055765,0,0
1318,0.6074364109327933,0,0
1319,0.6090908696138595,0,0
1320,0.609803100100814,0,0
1321,0.6064419810709263,0,0
1322,0.6414807698368703,0,0
1323,0.6195494842084877,0,0
1324,0.6178825351034185,0,0
1325,0.611920761820784,0,0
1326,0.6071037409595272,0,0
1327,0.6096806799745852,0,0
1328,0.6108259935171606,0,0
1329,0.6094873227917998,0,0
1330,0.6208547260119686,0,0
1331,0.6134472727111311,0,0
1332,0.6095012431255117,0,0
1333,0.6114632089843763,0,0
1334,0.6127942541467506,0,0
1335,0.6301073473813221,0,0
1336,0.6125123423619414,0,0
1337,0.6492568967086945,0,0
1338,0.6083704018219911,0,0
1339,0.6117351322701625,0,0
1340,0.6146394990411148,0,0
1341,0.645003507249239,0,0
1342,0.6272859794069411,0,0
1343,0.6314312485422686,0,0
1344,0.6555504727573027,0,0
1345,0.6242226853725872,0,0
1346,0.6154249627651199,0,0
1347,0.6099297284299201,0,0
1348,0.6414439514210786,0,0
1349,0.6126291239806212,0,0
1350,0.6169316399936113,0,0
1351,0.6232198247097124,0,0
1352,0.6373894133956404,0,0
1353,0.6238232714190379,0,0
1354,0.633842882367519,0,0
1355,0.6282747700506708,0,0
1356,0.6157338769621494,0,0
1357,0.6186512992835397,0,0
1358,0.6441770491760574,0,0
1359,0.6217598979841337,0,0
1360,0.6161775833521896,0,0
1361,0.6353371118501494,0,0
1362,0.6308718242586768,0,0
1363,0.6128378117624511,0,0
1364,0.6451198395431754,0,0
1365,0.6277795029010046,0,0
1366,0.6202832254532791,0,0
1367,0.6411287549772251,0,0
1368,0.6218627828453204,0,0
1369,0.6242112061277169,0,0
1370,0.6304009979609213,0,0
1371,0.6333050279243401,0,0
1372,0.6290119034067913,0,0
1373,0.6401460978595377,0,0
1374,0.6426763436391534,0,0
1375,0.6338328991427741,0,0
1376,0.6547524075192661,0,0
1377,0.6519633409715082,0,0
1378,0.6580150687819694,0,0
1379,0.6379710456388861,0,0
1380,0.632794254325755,0,0
1381,0.6479846414457613,0,0
1382,0.6590798429354181,0,0
1383,0.6426952497580198,0,0
1384,0.6659996752099226,0,0
1385,0.6613854626017341,0,0
1386,0.6300157392005226,0,0
1387,0.6301830513724973,0,0
1388,0.6333364963635262,0,0
1389,0.6356970479360615,0,0
1390,0.6715795638946742,0,0
1391,0.662376779815185,0,0
1392,0.6464794949480841,0,0
1393,0.6292165826266312,0,0
1394,0.7269233439726535,0,0
1395,0.6656303958375203,0,0
1396,0.6460174158133662,0,0
1397,0.6839070872335409,0,0
1398,0.6803921389105111,0,0
1399,0.6495449861268696,0,0
1400,0.7518795432941413,1,0
1401,0.6934523062994644,0,0
1402,0.6976416707514834,0,0
1403,0.6931969856519933,0,0
1404,0.6822650203459433,0,0
1405,0.7243340915116799,0,0
1406,0.6945517483845254,0,0
1407,0.6665105122626171,0,0
1408,0.710488123484015,0,0
1409,0.6714666040485748,0,0
1410,0.6969517989433194,0,0
1411,0.7342226213977381,0,0
1412,0.6520384357039165,0,0
1413,0.7255048604162976,0,0
1414,0.7490882376675836,1,0
1415,0.7459071239386252,0,0
1416,0.69117368088786,0,0
1417,0.8288813766306282,1,0
1418,0.7851796789800515,1,0
1419,0.7464084060037348,0,0
1420,0.7196161972678232,0,0
1421,0.7637629825469128,1,0
1422,0.8105403744540665,1,0
1423,0.7674306149893899,1,0
1424,0.7592153734717488,1,0
1425,0.8005788575230333,1,0
1426,0.8171149638764814,1,0
1427,0.8594232040430693,1,0
1428,0.8737793210929983,1,0
1429,0.7926879396495335,1,1
1430,0.7570845727599391,1,1
1431,0.6813670240824724,0,0
1432,0.7060370604006809,0,0
1433,0.69018689874296,0,0
1434,0.685275625194447,0,0
1435,0.68558264460889,0,0
1436,0.6775297311657604,0,0
1437,0.6683322360848158,0,0
1438,0.6794644906397302,0,0
1439,0.6680995928683456,0,0
1440,0.6777594976877364,0,0
1441,0.6705551519746625,0,0
1442,0.671612463717139,0,0
1443,0.6511013993359938,0,0
1444,0.6517229063093524,0,0
1445,0.6475680108841222,0,0
1446,0.6526837945698363,0,0
1447,0.6392193944396676,0,0
1448,0.6389670636385841,0,0
1449,0.6323351663170604,0,0
1450,0.6319727618188667,0,0
1451,0.636804473011896,0,0
1452,0.6279126787824145,0,0
1453,0.6319646646239557,0,0
1454,0.6395279207765128,0,0
1455,0.6176935867912862,0,0
1456,0.6318664066641846,0,0
1457,0.6248997046891311,0,0
1458,0.6220459151368759,0,0
1459,0.6232115882990248,0,0
1460,0.627784331432717,0,0
1461,0.6176840437575897,0,0
1462,0.6184487011358089,0,0
1463,0.6193752876990763,0,0
1464,0.6142680498721953,0,0
1465,0.6150665863745717,0,0
1466,0.6148305305909816,0,0
1467,0.6125606810039841,0,0
1468,0.6102606917792601,0,0
1469,0.6075825486997796,0,0
1470,0.6077227337132969,0,0
1471,0.6104041722606673,0,0
1472,0.6094721195509294,0,0
1473,0.6111437735934437,0,0
1474,0.608475863823569,0,0
1475,0.6123056689428665,0,0
1476,0.6142167262349668,0,0
1477,0.6171525135601366,0,0
1478,0.6254564204525142,0,0
1479,0.6175426374917814,0,0
1480,0.6434968482508405,0,0
1481,0.6175023803020258,0,0
1482,0.6137877734704791,0,0
1483,0.6115709591788749,0,0
1484,0.6349180288855467,0,0
1485,0.6217198602132937,0,0
1486,0.6286275999402908,0,0
1487,0.6161044566630792,0,0
1488,0.6569042650371572,0,0
1489,0.6244248827037537,0,0
1490,0.6435732211482041,0,0
1491,0.6591271737796693,0,0
1492,0.6368282204001894,0,0
1493,0.6162616397906516,0,0
1494,0.624742804015395,0,0
1495,0.625875437847635,0,0
1496,0.6312150602562887,0,0
1497,0.674546405782692,0,0
1498,0.6458008253790828,0,0
1499,0.6319684973034105,0,0
1500,0.6457900321072453,0,0
1501,0.6333661802828463,0,0
1502,0.6461529702746862,0,0
1503,0.6872254480357967,0,0
1504,0.6425156442659025,0,0
1505,0.6670151287729706,0,0
1506,0.7014695290878046,0,0
1507,0.6971771976865981,0,0
1508,0.6855946563145252,0,0
1509,0.6586973722426803,0,0
1510,0.6992087590213663,0,0
1511,0.6800486079269779,0,0
1512,0.6689660497956755,0,0
1513,0.6310349441236607,0,0
1514,0.7157499652030281,0,0
1515,0.7431324140414919,0,0
1516,0.6700917760701876,0,0
1517,0.6808708735956054,0,0
1518,0.7296193236568259,0,0
1519,0.6968239281986193,0,0
1520,0.6981928194044092,0,0
1521,0.7161494417834413,0,0
1522,0.6992565053438397,0,0
1523,0.7381126457112759,0,0
1524,0.704602890864198,0,0
1525,0.7549616146692963,1,0
1526,0.723633083699931,0,0
1527,0.7732352333698425,1,0
1528,0.8174224327689021,1,0
1529,0.7618035436897262,1,0
1530,0.7576194339175284,1,0
1531,0.7692498427455188,1,0
1532,0.7436672968845508,0,0
1533,0.7337397729362797,0,0
1534,0.7241010916813342,0,0
1535,0.7179094666947874,0,0
1536,0.7110169316706045,0,0
1537,0.7103821628264708,0,0
1538,0.7079745334802663,0,0
1539,0.6994097952765433,0,0
1540,0.6941031091477134,0,0
1541,0.7011658929589581,0,0
1542,0.7067278833894028,0,0
1543,0.6954220102710285,0,0
1544,0.6922854121136577,0,0
1545,0.689806180284009,0,0
1546,0.6842264812836827,0,0
1547,0.6834304327769127,0,0
1548,0.6863421963204029,0,0
1549,0.6838137000801167,0,0
1550,0.6782520001133102,0,0
1551,0.6833624364126523,0,0
1552,0.6774816987188065,0,0
1553,0.6834390642796069,0,0
1554,0.6735855433098943,0,0
1555,0.6774954871643293,0,0
1556,0.6653595128989512,0,0
1557,0.6636739424054706,0,0
1558,0.6760823460379765,0,0
1559,0.6594643470393609,0,0
1560,0.6530224718858257,0,0
1561,0.6601922914328515,0,0
1562,0.6431566426083011,0,0
1563,0.6331531954988772,0,0
1564,0.6425997344901009,0,0
1565,0.6384029695899516,0,0
1566,0.6317821749658044,0,0
1567,0.6432612919455576,0,0
1568,0.6262404380741458,0,0
1569,0.6171276090643714,0,0
1570,0.637624051269837,0,0
1571,0.6260804334684218,0,0
1572,0.6249900766061002,0,0
1573,0.6213185409777906,0,0
1574,0.6213743405295573,0,0
1575,0.6166326101492,0,0
1576,0.6272319170071825,0,0
1577,0.6123194108451334,0,0
1578,0.6247053199558965,0,0
1579,0.6199526762771795,0,0
1580,0.6135317071711583,0,0
1581,0.6151791879456405,0,0
1582,0.6144300690112035,0,0
1583,0.6114344640361353,0,0
1584,0.6198530263884972,0,0
1585,0.6228209202689827,0,0
1586,0.6304139906757331,0,0
1587,0.6117063694593432,0,0
1588,0.6128392956656067,0,0
1589,0.6090619297933385,0,0
1590,0.6130471541639998,0,0
1591,0.6098217778584683,0,0
1592,0.6122305016013636,0,0
1593,0.6117614293108403,0,0
1594,0.6090765694627229,0,0
1595,0.6077734135857643,0,0
1596,0.6097120061661252,0,0
1597,0.6067422168140215,0,0
1598,0.6116295259459583,0,0
1599,0.6105339689479565,0,0
1600,0.6094826508608442,0,0
1601,0.6136206996010527,0,0
1602,0.6076092699834272,0,0
1603,0.6094559938969656,0,0
1604,0.617755294652801,0,0
1605,0.607243996128445,0,0
1606,0.608539977903469,0,0
1607,0.6073639416093577,0,0
1608,0.6093112717951137,0,0
1609,0.6152842954028104,0,0
1610,0.6099649153943707,0,0
1611,0.6058170869461699,0,0
1612,0.6063593833505105,0,0
1613,0.6093912619380268,0,0
1614,0.6083738013616559,0,0
1615,0.6086131944421728,0,0
1616,0.6111505615506575,0,0
1617,0.6076202816190853,0,0
1618,0.6120143181873055,0,0
1619,0.6097765886841039,0,0
1620,0.6083872204758115,0,0
1621,0.6102675102371309,0,0
1622,0.6094312553197968,0,0
1623,0.6133475112329545,0,0
1624,0.6084421741234889,0,0
1625,0.608558898588488,0,0
1626,0.6101172348594921,0,0
1627,0.6063896485346221,0,0
1628,0.61461518822741,0,0
1629,0.6101246149481938,0,0
1630,0.6124419819546877,0,0
1631,0.6079217244103615,0,0
1632,0.6124974012597728,0,0
1633,0.6105734064240496,0,0
1634,0.6334254685723614,0,0
1635,0.611682919247081,0,0
1636,0.6301305830268897,0,0
1637,0.6555225854732125,0,0
1638,0.6133345347412938,0,0
1639,0.6109487503613458,0,0
1640,0.6267705982381351,0,0
1641,0.6106972587143292,0,0
1642,0.6162830272048809,0,0
1643,0.6118000873062492,0,0
1644,0.6219849505259718,0,0
1645,0.6078914278890537,0,0
1646,0.6093154498207711,0,0
1647,0.6165135343757395,0,0
1648,0.6369019491362065,0,0
1649,0.6243724452966348,0,0
1650,0.6152638876463818,0,0
1651,0.6145612423947642,0,0
1652,0.6099593805018451,0,0
1653,0.6163319636496043,0,0
1654,0.6130121606786325,0,0
1655,0.6217387881120302,0,0
1656,0.6332896554499485,0,0
1657,0.6181682729967728,0,0
1658,0.6243426966298424,0,0
1659,0.6380042194139166,0,0
1660,0.627945289200174,0,0
1661,0.6396714490189406,0,0
1662,0.6207674139271602,0,0
1663,0.61396514676077,0,0
1664,0.6159299928859303,0,0
1665,0.6247658923738325,0,0
1666,0.6256745619929404,0,0
1667,0.6805897671870929,0,0
1668,0.6218490449130627,0,0
1669,0.6308215737236131,0,0
1670,0.6484032580926973,0,0
1671,0.6248487589611458,0,0
1672,0.6326114608992655,0,0
1673,0.619760302961734,0,0
1674,0.63489330900382,0,0
1675,0.6572705336875604,0,0
1676,0.6257939772838634,0,0
1677,0.6464583482411811,0,0
1678,0.6438676115051974,0,0
1679,0.6584620604750777,0,0
1680,0.6525587682401064,0,0
1681,0.6492528363363661,0,0
1682,0.6320269108828567,0,0
1683,0.6513257296930091,0,0
1684,0.6163571375029628,0,0
1685,0.6198323589225314,0,0
1686,0.643860147932295,0,0
1687,0.6337492065900976,0,0
1688,0.6386056070048485,0,0
1689,0.6315085985205936,0,0
1690,0.6376737825910344,0,0
1691,0.6416568930223431,0,0
1692,0.6642145122673744,0,0
1693,0.6335250028503616,0,0
1694,0.639226451618087,0,0
1695,0.654228415087254,0,0
1696,0.6458646830842427,0,0
1697,0.6458084559013131,0,0
1698,0.6535522473723531,0,0
1699,0.6810002450686101,0,0
1700,0.6724703027752607,0,0
1701,0.6576370809595133,0,0
1702,0.6543014248989791,0,0
1703,0.6520258348912795,0,0
1704,0.6604607030399897,0,0
1705,0.7207938033191263,0,0
1706,0.6436884702351306,0,0
1707,0.6608547156384124,0,0
1708,0.6989838506339446,0,0
1709,0.6962172515936169,0,0
1710,0.6627254521043642,0,0
1711,0.6630624665555659,0,0
1712,0.6536620449707775,0,0
1713,0.6680594591493257,0,0
1714,0.681769353810797,0,0
1715,0.6464267536373758,0,0
1716,0.6753446755535759,0,0
1717,0.6634274879850934,0,0
1718,0.6636333058054761,0,0
1719,0.6877234764061309,0,0
1720,0.6648334644567864,0,0
1721,0.6707312163209977,0,0
1722,0.637704066384048,0,0
1723,0.6785208824353319,0,0
1724,0.6983296220708384,0,0
1725,0.6612802989651018,0,0
1726,0.6947137586024226,0,0
1727,0.7093177876051535,0,0
1728,0.69686188814796,0,0
1729,0.688797349196659,0,0
1730,0.657076037412172,0,0
1731,0.6624368613465255,0,0
1732,0.6770175489817307,0,0
1733,0.6642270207466086,0,0
1734,0.6602798095989799,0,0
1735,0.6696407093632507,0,0
1736,0.6817371562500134,0,0
1737,0.7036719614376901,0,0
1738,0.7201575900045147,0,0
1739,0.6605799774013892,0,0
1740,0.688683170259943,0,0
1741,0.7015083491291534,0,0
1742,0.7190491130537829,0,0
1743,0.672512795324987,0,0
1744,0.7257220194586333,0,0
1745,0.727440018636279,0,0
1746,0.7527650402536534,1,0
1747,0.7417441766428003,0,0
1748,0.7066258487122845,0,0
1749,0.7923225519547286,1,0
1750,0.7837526858469289,1,0
1751,0.725875430967018,0,0
1752,0.7963543603910643,1,0
1753,0.762640517179165,1,0
1754,0.7904295352371594,1,0
1755,0.7006447454656983,0,0
1756,0.8010481617093362,1,0
1757,0.7822494415226378,1,0
1758,0.7769885626347589,1,0
1759,0.7990094919150099,1,0
1760,0.7973857583970264,1,0
1761,0.8178828837585548,1,0
1762,0.8501153711653776,1,0
1763,0.8875734963658253,1,0
1764,0.7155950053652851,0,0
1765,0.6719173389812549,0,0
1766,0.6426971393874696,0,0
1767,0.6425066263096162,0,0
1768,0.6337063593395131,0,0
1769,0.6405398081652849,0,0
1770,0.6455622762282387,0,0
1771,0.6275728373034566,0,0
1772,0.6401832656893651,0,0
1773,0.6238382412488817,0,0
1774,0.6242595196692081,0,0
1775,0.6273324926816792,0,0
1776,0.6247265982156006,0,0
1777,0.6271767632888131,0,0
1778,0.6252523477335132,0,0
1779,0.6289297684831983,0,0
1780,0.6212130769248725,0,0
1781,0.6225223746458364,0,0
1782,0.6256095217735258,0,0
1783,0.6108563796872983,0,0
1784,0.6068070369102774,0,0
1785,0.6099258586306769,0,0
1786,0.6350055945815873,0,0
1787,0.6161311941943062,0,0
1788,0.6720342923180951,0,0
1789,0.6322912934777578,0,0
1790,0.6465056215811462,0,0
1791,0.6503437077564989,0,0
1792,0.625297718420147,0,0
1793,0.6287167510426437,0,0
1794,0.6117118496220648,0,0
1795,0.6716248555913058,0,0
1796,0.6190345937125185,0,0
1797,0.6141043002798015,0,0
1798,0.6544628753711638,0,0
1799,0.6240144531923474,0,0
1800,0.6509241262273753,0,0
1801,0.6332603785297648,0,0
1802,0.6351926154818937,0,0
1803,0.6322466461659553,0,0
1804,0.630328059217377,0,0
1805,0.6521249286263625,0,0
1806,0.6487362367802051,0,0
1807,0.6583073530514553,0,0
1808,0.6452304082476829,0,0
1809,0.6329222473833402,0,0
1810,0.6660418726606776,0,0
1811,0.7086202416642517,0,0
1812,0.662475983724736,0,0
1813,0.7107669230552456,0,0
1814,0.6888006036958338,0,0
1815,0.6802443234184132,0,0
1816,0.6903027327015603,0,0
1817,0.711000677516821,0,0
1818,0.7295583833872337,0,0
1819,0.7359596061864417,0,0
1820,0.7133890136046369,0,0
1821,0.7815133083269392,1,0
1822,0.7219805616993513,0,0
1823,0.8007062578634352,1,0
1824,0.7808956406456324,1,0
1825,0.7580880573852633,1,1
1826,0.7277396051774433,0,0
1827,0.7053951827044656,0,0
1828,0.7036021876731524,0,0
1829,0.7002594254324319,0,0
1830,0.6960617164118499,0,0
1831,0.7011805335540522,0,0
1832,0.6744341081370334,0,0
1833,0.6760329737221755,0,0
1834,0.6747373854253371,0,0
1835,0.6610532683206146,0,0
1836,0.6747123083960189,0,0
1837,0.6706392247838653,0,0
1838,0.6690826625859234,0,0
1839,0.6594424256842567,0,0
1840,0.6575101741467653,0,0
1841,0.659391494095525,0,0
1842,0.6499894420114142,0,0
1843,0.6591995945089784,0,0
1844,0.6520906248483744,0,0
1845,0.6520313703981457,0,0
1846,0.6329513927274741,0,0
1847,0.6277885285541924,0,0
1848,0.6391286154412539,0,0
1849,0.617184763553835,0,0
1850,0.6235625935750244,0,0
1851,0.628752416692581,0,0
1852,0.617259404680342,0,0
1853,0.6179336193752246,0,0
1854,0.6206027657742865,0,0
1855,0.6216590808476564,0,0
1856,0.6121958944709647,0,0
1857,0.610538278332756,0,0
1858,0.6147967656930383,0,0
1859,0.6093528671394897,0,0
1860,0.6083641410817995,0,0
1861,0.6170068587673743,0,0
1862,0.619215260810839,0,0
1863,0.6079487170596594,0,0
1864,0.612222412341433,0,0
1865,0.6177277342080442,0,0
1866,0.6168838474907159,0,0
1867,0.6110767683281438,0,0
1868,0.6086667936119579,0,0
1869,0.6101698685095562,0,0
1870,0.6089651666879836,0,0
1871,0.6089882321264134,0,0
1872,0.6104172888598731,0,0
1873,0.6102867908339846,0,0
1874,0.6198907870779374,0,0
1875,0.6164047011526406,0,0
1876,0.6080862802397974,0,0
1877,0.6111588828179264,0,0
1878,0.6115712378732843,0,0
1879,0.6066029275054772,0,0
1880,0.607951372306168,0,0
1881,0.6087319215367247,0,0
1882,0.6046388984460329,0,0
1883,0.6070389597921798,0,0
1884,0.6074582605072782,0,0
1885,0.613886867821186,0,0
1886,0.6078646253672766,0,0
1887,0.613365112224549,0,0
1888,0.6110681787617867,0,0
1889,0.6063841115909789,0,0
1890,0.612864632288828,0,0
1891,0.6105304359227115,0,0
1892,0.6119251711345866,0,0
1893,0.6143651940138806,0,0
1894,0.6168379962386112,0,0
1895,0.6102345914074553,0,0
1896,0.6192324869441534,0,0
1897,0.6115896135171106,0,0
1898,0.6118052646588878,0,0
1899,0.6083986816760831,0,0
1900,0.6177992465657003,0,0
1901,0.614570858494357,0,0
1902,0.6199022704381191,0,0
1903,0.6090293200377426,0,0
1904,0.6336162805032421,0,0
1905,0.6130835599701684,0,0
1906,0.6116466686857549,0,0
1907,0.6108398482293392,0,0
1908,0.6110590853520217,0,0
1909,0.6262707620622332,0,0
1910,0.6225915355072171,0,0
1911,0.6216971378766132,0,0
1912,0.6092417145834428,0,0
1913,0.6097578882211678,0,0
1914,0.6127872485747372,0,0
1915,0.620750717828876,0,0
1916,0.6451010960641774,0,0
1917,0.6202958217135781,0,0
1918,0.6359211438197787,0,0
1919,0.6334757301517857,0,0
1920,0.6167029428523126,0,0
1921,0.6378101087282835,0,0
1922,0.6251972137322899,0,0
1923,0.6362555884983914,0,0
1924,0.6196664070157365,0,0
1925,0.6427759759410772,0,0
1926,0.6285711039150232,0,0
1927,0.6313658009390859,0,0
1928,0.6544943369484746,0,0
1929,0.6601074146986152,0,0
1930,0.6285963574177116,0,0
1931,0.6423774248744021,0,0
1932,0.6325374257809127,0,0
1933,0.6984467222527715,0,0
1934,0.6679453582309869,0,0
1935,0.6281739979247711,0,0
1936,0.6302157601487366,0,0
1937,0.6602889715775845,0,0
1938,0.6493759800838652,0,0
1939,0.6367533175582608,0,0
1940,0.6710470217201961,0,0
1941,0.6239368774122446,0,0
1942,0.6436409904113392,0,0
1943,0.655542945785812,0,0
1944,0.664366466450553,0,0
1945,0.6602164881128474,0,0
1946,0.6467433675612213,0,0
1947,0.6521753018377537,0,0
1948,0.6517898582561126,0,0
1949,0.6527880933292622,0,0
1950,0.6389222695641755,0,0
1951,0.6576701851855893,0,0
1952,0.6356909714801068,0,0
1953,0.6396816321673465,0,0
1954,0.6795698299801021,0,0
1955,0.7069839863463117,0,0
1956,0.6561126741669128,0,0
1957,0.7165997838354425,0,0
1958,0.6561074040002268,0,0
1959,0.6510663820995619,0,0
1960,0.685424414006089,0,0
1961,0.6856153866543488,0,0
1962,0.6693642313349628,0,0
1963,0.648320415132478,0,0
1964,0.7034073857112895,0,0
1965,0.6593191006999249,0,0
1966,0.6531600060343421,0,0
1967,0.6770063884908574,0,0
1968,0.6820736965665225,0,0
1969,0.69280245491222,0,0
1970,0.6643767171485984,0,0
1971,0.689485966793197,0,0
1972,0.7185245361370336,0,0
1973,0.6938504012342834,0,0
1974,0.6708395007115852,0,0
1975,0.7273706110095688,0,0
1976,0.7156759597818899,0,0
1977,0.7598841261526599,1,0
1978,0.6881061392600487,0,0
1979,0.7307240811536477,0,0
1980,0.7655386769484,1,0
1981,0.7409558274080071,0,0
1982,0.779997922074618,1,0
1983,0.7431765618363886,0,0
1984,0.7540411669715739,1,0
1985,0.8228098532844336,1,0
1986,0.785397316229701,1,1
1987,0.7925498211879249,1,1
1988,0.767610139941669,1,0
1989,0.7331815931655854,0,0
1990,0.7421446010848813,0,0
1991,0.7409280571464336,0,0
1992,0.7357766948151645,0,0
1993,0.7382673656890597,0,0
1994,0.7389059912315078,0,0
1995,0.7247233364504552,0,0
1996,0.7180514756306651,0,0
1997,0.7117588200137149,0,0
1998,0.7108771638294638,0,0
1999,0.7156312705833695,0,0
2000,0.6836402017592991,0,0
2001,0.6979152209188797,0,0
2002,0.7010997616572979,0,0
2003,0.695746378015169,0,0
2004,0.6940322885473883,0,0
2005,0.6749801796115853,0,0
2006,0.684978078883347,0,0
2007,0.6595023668488789,0,0
2008,0.6624607853224115,0,0
2009,0.6508254830180566,0,0
2010,0.6514013829799348,0,0
2011,0.6391523793602156,0,0
2012,0.6343275229308114,0,0
2013,0.6182244057122364,0,0
2014,0.6366714170865405,0,0
2015,0.6238260679012813,0,0
2016,0.6116586340255101,0,0
2017,0.6083659868566563,0,0
2018,0.6194174156848311,0,0
2019,0.6087239304650391,0,0
2020,0.6070419165811349,0,0
2021,0.607218416980854,0,0
2022,0.6088369570982155,0,0
2023,0.6094636985575441,0,0
2024,0.606985553595583,0,0
2025,0.6179631222298256,0,0
2026,0.6124599043828122,0,0
2027,0.6125080781158243,0,0
2028,0.6102360938313692,0,0
2029,0.6279951803599153,0,0
2030,0.6325850189799884,0,0
2031,0.6125201566268087,0,0
2032,0.6175011702736426,0,0
2033,0.6320525799214669,0,0
2034,0.6611526690177316,0,0
2035,0.7028450148688725,0,0
2036,0.7482064335516134,1,0
2037,0.741405520960916,0,0
2038,0.7285058837987337,0,0
2039,0.7353659470127634,0,0
2040,0.7101206792531511,0,0
2041,0.7216968448242179,0,0
2042,0.6796720663533418,0,0
2043,0.6738041270831416,0,0
2044,0.6558024454495472,0,0
2045,0.6739690713966155,0,0
2046,0.6582711891055079,0,0
2047,0.6566785253858451,0,0
2048,0.650589268468165,0,0
2049,0.6478402836969742,0,0
2050,0.6288719653647342,0,0
2051,0.6765403700607118,0,0
2052,0.6261095370267253,0,0
2053,0.6351575699828224,0,0
2054,0.6310044476188731,0,0
2055,0.646783735174536,0,0
2056,0.6152980240807826,0,0
2057,0.6220419911251096,0,0
2058,0.6114084715924011,0,0
2059,0.6251608079069209,0,0
2060,0.6113155329684979,0,0
2061,0.6125991478508306,0,0
2062,0.6111975480360214,0,0
2063,0.6224619998310108,0,0
2064,0.6083261086572342,0,0
2065,0.6081598472499845,0,0
2066,0.6107760827540092,0,0
2067,0.6095471357444099,0,0
2068,0.6119325895905007,0,0
2069,0.6127872139132703,0,0
2070,0.6095530494771472,0,0
2071,0.6108021455864958,0,0
2072,0.612947397555087,0,0
2073,0.6111375486813062,0,0
2074,0.6282143215728466,0,0
2075,0.6144270702250882,0,0
2076,0.64679611420529,0,0
2077,0.6158478180008907,0,0
2078,0.6460837826835206,0,0
2079,0.6321899173754177,0,0
2080,0.6444558470899902,0,0
2081,0.6469722546282547,0,0
2082,0.7282524061150295,0,0
2083,0.7465915438947163,0,0
2084,0.7207232750366628,0,0
2085,0.7425645215912635,0,0
2086,0.6683504492683832,0,0
2087,0.7914352476317372,1,0
2088,0.8053849314785284,1,0
2089,0.7121136393914118,0,0
2090,0.811679704986595,1,0
2091,0.6161406290325859,0,0
2092,0.6061441905604119,0,0
2093,0.6178395759201107,0,0
2094,0.6768803999138592,0,0
2095,0.664399973318186,0,0
2096,0.6091998177645301,0,0
2097,0.6630201693701607,0,0
2098,0.6356061489065523,0,0
2099,0.6591484109824235,0,0
2100,0.6829162667481318,0,0
2101,0.6107819659121299,0,0
2102,0.6623812492708858,0,0
2103,0.6775148947421502,0,0
2104,0.6174219099036511,0,0
2105,0.6342986687491134,0,0
2106,0.6242043124610206,0,0
2107,0.7265631042386758,0,0
2108,0.7857281915493688,1,1
2109,0.6429890764915109,0,0
2110,0.7228525923010138,0,0
2111,0.6480027188835374,0,0
2112,0.6094087446714991,0,0
2113,0.6873015476637101,0,0
2114,0.794295697281989,1,1
2115,0.7790537418151109,1,1
2116,0.7330885824058135,0,0
2117,0.6853181558216317,0,0
2118,0.6175385990806459,0,0
2119,0.6271168165648107,0,0
2120,0.6589002408510345,0,0
2121,0.6334483860567754,0,0
2122,0.6373046805366622,0,0
2123,0.7171063640281516,0,0
2124,0.6681009589052528,0,0
2125,0.631765728594224,0,0
2126,0.6139015736688698,0,0
2127,0.6766832276893335,0,0
2128,0.6449794764429425,0,0
2129,0.6127152476802153,0,0
2130,0.6173750940956666,0,0
2131,0.7114700644009013,0,0
2132,0.610864299185109,0,0
2133,0.6379357739114659,0,0
2134,0.6445924559927424,0,0
2135,0.6150470737544325,0,0
2136,0.6200882467660325,0,0
2137,0.6283094953869689,0,0
2138,0.6333738254864599,0,0
2139,0.7085983679667611,0,0
2140,0.6266469485289925,0,0
2141,0.7174419844513477,0,0
2142,0.6421403521033963,0,0
2143,0.6297790811702904,0,0
2144,0.6427654966204384,0,0
2145,0.6556519391710827,0,0
2146,0.6240286824287244,0,0
2147,0.6239502313219858,0,0
2148,0.6652889865882328,0,0
2149,0.7364900731538132,0,0
2150,0.6340436025001029,0,0
2151,0.7898997696749309,1,0
2152,0.6691572012052444,0,0
2153,0.7360012020026323,0,0
2154,0.609808238622167,0,0
2155,0.6393839603241525,0,0
2156,0.6537953894559103,0,0
2157,0.7166397453610656,0,0
2158,0.6226436143638536,0,0
2159,0.6908338074877052,0,0
2160,0.7629113944825064,1,0
2161,0.8183379922792897,1,0
2162,0.7665984982872165,1,0
2163,0.6150724727771215,0,0
2164,0.6754428645854506,0,0
2165,0.6366363371607549,0,0
2166,0.6863243078085008,0,0
2167,0.6933196184758981,0,0
2168,0.7115029280817096,0,0
2169,0.7952134243876005,1,1
2170,0.7284847688722538,0,0
2171,0.7830848878331491,1,0
2172,0.7799698223916762,1,0
2173,0.611753554667249,0,0
2174,0.6510370423361636,0,0
2175,0.625559468677537,0,0
2176,0.6334878144277567,0,1
2177,0.6627029027443333,0,0
2178,0.6401866008350675,0,0
2179,0.6902227987209273,0,0
2180,0.6364125358971617,0,1
2181,0.6116021984447557,0,0
2182,0.6153356834671072,0,0
2183,0.618473553552038,0,0
2184,0.7190497288536961,0,0
2185,0.6343095390689466,0,0
2186,0.6121794437272166,0,0
2187,0.6141954528633902,0,0
2188,0.6164499609200439,0,0
2189,0.6161873204702072,0,0
2190,0.6170888964122417,0,0
2191,0.6753176761838235,0,0
2192,0.6304482873045224,0,0
2193,0.7623120251343651,1,0
2194,0.6513886569737405,0,0
2195,0.7323224223007436,0,0
2196,0.6907645086687106,0,0
2197,0.6603826318437176,0,0
2198,0.7391077968276598,0,0
2199,0.7356922591560374,0,1
2200,0.6931214575818851,0,0
2201,0.6873122915817722,0,1
2202,0.6154435399595177,0,0
2203,0.6658540856305919,0,0
2204,0.6441527617047806,0,0
2205,0.7274281266891169,0,0
2206,0.7297677089569401,0,0
2207,0.6410393858736602,0,0
2208,0.7164995815981693,0,0
2209,0.6526075031123949,0,1
2210,0.7079079165554523,0,0
2211,0.6417181744850546,0,0
2212,0.697601626515681,0,0
2213,0.7171313057887685,0,0
2214,0.6404928324872149,0,0
2215,0.6246187985935243,0,0
2216,0.7082366794477656,0,0
2217,0.6121891455373236,0,0
2218,0.6141693234658083,0,0
2219,0.616683697831435,0,0
2220,0.6108143224161684,0,0
2221,0.6289688967819325,0,0
2222,0.6822999869738222,0,0
2223,0.6294751117641344,0,0
2224,0.6090255219187802,0,0
2225,0.6131755202280171,0,0
2226,0.6844046688001846,0,0
2227,0.7393248514002082,0,0
2228,0.6173857997218777,0,0
2229,0.6874239539253969,0,0
2230,0.6085876698471935,0,0
2231,0.6147740128170762,0,0
2232,0.6215119791664707,0,0
2233,0.6309159700137462,0,0
2234,0.6165017890190604,0,0
2235,0.6470463572529662,0,0
2236,0.6351528815386237,0,0
2237,0.6424869812261266,0,0
2238,0.6423702276704398,0,0
2239,0.6292551472847043,0,0
2240,0.6518208205765865,0,0
2241,0.6475116840588772,0,0
2242,0.6269516214818873,0,0
2243,0.6201330543108957,0,0
2244,0.6879334474612839,0,0
2245,0.6198849908015965,0,0
2246,0.6650169060538302,0,0
2247,0.6231828603148473,0,0
2248,0.691550678605936,0,0
2249,0.6255115052552118,0,0
2250,0.722381354876396,0,0
2251,0.6492386836779417,0,0
2252,0.6330166099354391,0,0
2253,0.6840463817926661,0,0
2254,0.7198670020495963,0,0
2255,0.6096195180856039,0,0
2256,0.6100443687760941,0,0
2257,0.612941605762994,0,0
2258,0.6411250412432776,0,0
2259,0.6322876456825448,0,0
2260,0.6179698222641489,0,0
2261,0.6119940565933406,0,0
2262,0.6162865403652155,0,0
2263,0.6574435856229086,0,0
2264,0.6204968198511049,0,0
2265,0.802887934626642,1,0
2266,0.657208238530874,0,0
2267,0.6411587131215939,0,0
2268,0.6185055184104414,0,0
2269,0.6121773759130318,0,0
2270,0.6446489555752462,0,0
2271,0.6190080474718057,0,0
2272,0.7155062371734279,0,0
2273,0.6718236432889191,0,0
2274,0.7790577495037144,1,0
2275,0.6650258614126628,0,1
2276,0.6666936020866567,0,0
2277,0.6494672707042682,0,0
2278,0.6096380164673084,0,0
2279,0.6094530021547195,0,0
2280,0.6240943265601616,0,0
2281,0.6111133243614024,0,0
2282,0.6156567939118734,0,0
2283,0.6347095007673906,0,0
2284,0.6611141373024004,0,0
2285,0.657484478562278,0,0
2286,0.6134842890576178,0,0
2287,0.6676655572528993,0,0
2288,0.7047877343102775,0,0
2289,0.622924657968567,0,0
2290,0.6983694010949831,0,0
2291,0.6171185343574945,0,0
2292,0.6750379559073876,0,0
2293,0.7018088182735713,0,0
2294,0.6082901600575061,0,0
2295,0.6128010148414726,0,0
2296,0.610674291665893,0,0
2297,0.618589184169092,0,0
2298,0.6556948836920002,0,0
2299,0.6149595923650913,0,0
2300,0.6129062632277719,0,0
2301,0.6123704474727274,0,0
2302,0.6165491987890672,0,0
2303,0.62346386229348,0,0
2304,0.6212134947461558,0,0
2305,0.6103320114704106,0,1
2306,0.6447342171009856,0,0
2307,0.6187833897254127,0,0
2308,0.6222352051275739,0,0
2309,0.6166729061837479,0,0
2310,0.6459263940489051,0,0
2311,0.67706001183815,0,0
2312,0.7249973490721197,0,0
2313,0.6192099421292774,0,0
2314,0.6153247993074027,0,0
2315,0.6070018447247141,0,0
2316,0.6085120897805364,0,0
2317,0.6088288251030934,0,0
2318,0.6127976490111586,0,0
2319,0.6110625340429152,0,0
2320,0.6715823207379608,0,0
2321,0.61478875515686,0,0
2322,0.604726270943897,0,0
2323,0.6671042135940095,0,0
2324,0.6949406208769641,0,0
2325,0.6634788239358915,0,0
2326,0.6547010629633605,0,0
2327,0.6119710896480206,0,0
2328,0.6116366566695088,0,0
2329,0.6156532340500147,0,0
2330,0.6504712299153437,0,0
2331,0.6150273498348666,0,0
2332,0.6083972945565767,0,0
2333,0.7287378682418013,0,0
2334,0.8514824880674023,1,1
2335,0.6286517908758469,0,1
2336,0.6237974477933543,0,0
2337,0.6115021239696283,0,0
2338,0.7062978190912799,0,0
2339,0.6887196080822171,0,0
2340,0.6182352815970317,0,0
2341,0.7156839279377356,0,0
2342,0.7461565066760016,0,0
2343,0.7773072451872737,1,0
2344,0.6618961474768315,0,1
2345,0.7413141369386724,0,0
2346,0.610902880958625,0,0
2347,0.6105067736665797,0,0
2348,0.6112674187456897,0,0
2349,0.6369931677504008,0,0
2350,0.6126327577653501,0,0
2351,0.6150366515730352,0,0
2352,0.6770344491599256,0,0
2353,0.7296258508348767,0,0
2354,0.6329943859665896,0,0
2355,0.6111129876020773,0,0
2356,0.6304853213203236,0,0
2357,0.6161254230243747,0,0
2358,0.6843017640539404,0,1
2359,0.697481219052688,0,0
2360,0.6154129643316187,0,0
2361,0.6073422929884232,0,0
2362,0.6855842550429077,0,0
2363,0.6341801230442813,0,0
2364,0.6376842552215127,0,0
2365,0.6356466983306293,0,0
2366,0.7854797103668574,1,0
2367,0.6719521065683527,0,0
2368,0.8085589772510057,1,0
2369,0.619874835431412,0,0
2370,0.6553483618470761,0,0
2371,0.7757448917117348,1,1
2372,0.6585494738126707,0,0
2373,0.6115412840483639,0,0
2374,0.649650421611123,0,0
2375,0.6970965137968577,0,0
2376,0.6492464155479039,0,0
2377,0.6074620671008724,0,0
2378,0.6596000709790752,0,0
2379,0.6968202692471801,0,0
2380,0.7785843674631431,1,0
2381,0.7897159344052004,1,0
2382,0.6081684116834767,0,0
2383,0.6111407277708985,0,0
2384,0.6467278298189225,0,0
2385,0.6333174339776468,0,0
2386,0.6163531059339478,0,0
2387,0.6217813684206044,0,0
2388,0.6116777472828923,0,0
2389,0.6349942173593562,0,0
2390,0.6353416004125672,0,0
2391,0.6870555873600188,0,0
2392,0.7027739009782157,0,0
2393,0.7195357344709473,0,0
2394,0.6485588855488856,0,0
2395,0.6331156241652626,0,0
2396,0.6258211494715471,0,0
2397,0.6727945811185134,0,0
2398,0.6146932299851837,0,0
2399,0.612720072039912,0,0
2400,0.6476054234375939,0,0
2401,0.6091181290811842,0,0
2402,0.6355350823630512,0,0
2403,0.723831840105077,0,0
2404,0.6168964007266863,0,0
2405,0.6518163001181698,0,0
2406,0.6291481929235426,0,0
2407,0.6623954146733788,0,0
2408,0.6482574028411401,0,0
2409,0.6394504807317453,0,0
2410,0.6183882104837972,0,0
2411,0.6170010907636322,0,0
2412,0.710108094706086,0,0
2413,0.6144045419061702,0,0
2414,0.6656402054976993,0,0
2415,0.6687011761857837,0,0
2416,0.6529751496283209,0,0
2417,0.7290440818531911,0,0
2418,0.6281620850296942,0,0
2419,0.6274853460216385,0,0
2420,0.6986810264703097,0,0
2421,0.612362246668858,0,0
2422,0.624598767203134,0,0
2423,0.664111362703415,0,0
2424,0.7395680420807385,0,0
2425,0.6184243729551914,0,0
2426,0.610660179568988,0,0
2427,0.7378418468466166,0,0
2428,0.6117511166299424,0,0
2429,0.6984501812347991,0,0
2430,0.6157754135212081,0,0
2431,0.6708119818323814,0,0
2432,0.6369599141721627,0,0
2433,0.7024694203675969,0,0
2434,0.6773348532575043,0,0
2435,0.6197667207060191,0,0
2436,0.613048559529022,0,1
2437,0.7073175250129755,0,0
2438,0.618105349517371,0,0
2439,0.6981246083293735,0,0
2440,0.6227444806871743,0,0
2441,0.613472160466284,0,0
2442,0.6256622612955745,0,0
2443,0.6329902406757695,0,0
2444,0.6175963644680973,0,0
2445,0.6115425130465313,0,0
2446,0.6142211224785474,0,0
2447,0.7354342264211216,0,0
2448,0.7012019325700307,0,0
2449,0.6801853336436352,0,0
2450,0.6379161926302253,0,0
2451,0.6967332364563894,0,0
2452,0.6695990193197416,0,0
2453,0.7294246412692665,0,0
2454,0.7417585020808708,0,0
2455,0.7552275721296658,1,0
2456,0.7521161385288673,1,0
2457,0.7492454907032424,1,0
2458,0.7724243704625582,1,1
2459,0.632455451409591,0,1
2460,0.622779145857277,0,0
2461,0.6182276998991229,0,0
2462,0.6565227265794767,0,0
2463,0.6115912617165626,0,0
2464,0.6083989918781803,0,0
2465,0.6108894659462557,0,0
2466,0.6465428087857442,0,0
2467,0.6099199706308098,0,0
2468,0.6953969552376132,0,0
2469,0.6101817766606055,0,0
2470,0.6364474891459421,0,0
2471,0.6279084126062293,0,1
2472,0.6936623920616618,0,0
2473,0.6565820524512116,0,0
2474,0.6471142747505142,0,0
2475,0.6266797173659617,0,0
2476,0.6647258802745051,0,0
2477,0.6174951803664701,0,0
2478,0.6369626684786656,0,0
2479,0.6144345365506849,0,0
2480,0.6122186672192185,0,0
2481,0.6791474979975787,0,0
2482,0.6118198519236225,0,0
2483,0.6208451906560939,0,0
2484,0.620872863151134,0,0
2485,0.7002897917280835,0,0
2486,0.6143798106376545,0,0
2487,0.664903022040144,0,0
2488,0.6117989237295078,0,0
2489,0.613285339196338,0,0
2490,0.6450583268806059,0,0
2491,0.6215846442051215,0,0
2492,0.6202897546962831,0,0
2493,0.6688662585021803,0,0
2494,0.660323058608415,0,0
2495,0.6235983176398896,0,0
2496,0.6147719553351506,0,0
2497,0.6130355479783649,0,0
2498,0.6135495413648322,0,0
2499,0.6178960330896182,0,0
2500,0.6165753223215515,0,0
2501,0.7073462655694333,0,0
2502,0.7350635322596335,0,0
2503,0.7275390269743436,0,0
2504,0.6924336771675901,0,0
2505,0.7115622550726696,0,0
2506,0.7059987398389143,0,0
2507,0.6476496537526965,0,0
2508,0.663546544728131,0,0
2509,0.6646645862869456,0,0
2510,0.6648540057042125,0,0
2511,0.6582282824356394,0,0
2512,0.6247573103178969,0,0
2513,0.6211130045921964,0,0
2514,0.6242692312621964,0,0
2515,0.6220124009954104,0,0
2516,0.6235285599886798,0,0
2517,0.6166653484143843,0,0
2518,0.6108110180315522,0,0
2519,0.6206495855832916,0,0
2520,0.6222542297054997,0,0
2521,0.6089230622282868,0,0
2522,0.608545631702758,0,0
2523,0.619199428076753,0,0
2524,0.6392852526406375,0,0
2525,0.6250021635375987,0,0
2526,0.6429223366324798,0,0
2527,0.6409817027237315,0,0
2528,0.6423632126099554,0,0
2529,0.6562733959065975,0,0
2530,0.6377261134226385,0,0
2531,0.6425907213517617,0,0
2532,0.6553704810141301,0,0
2533,0.6689585892426526,0,0
2534,0.7254478744741714,0,0
2535,0.6820628533615338,0,0
2536,0.7026674335383516,0,0
2537,0.7242504520219435,0,0
2538,0.7302927040797033,0,0
2539,0.7400562023604131,0,0
2540,0.7201970952013536,0,0
2541,0.7173301597222378,0,0
2542,0.7671021872055452,1,0
2543,0.716855058668085,0,0
2544,0.7654585888107311,1,0
2545,0.7638282399239431,1,1
2546,0.7552216214302738,1,1
2547,0.7608873559040205,1,0
2548,0.7412304056959331,0,1
2549,0.7424323741203744,0,0
2550,0.7288122448716648,0,0
2551,0.731572484896033,0,0
2552,0.7237042037083151,0,0
2553,0.7235874080582063,0,0
2554,0.7111170989552604,0,0
2555,0.6916303946636,0,0
2556,0.6909811421754555,0,0
2557,0.6774815024667726,0,0
2558,0.6819616323578697,0,0
2559,0.6635641662744071,0,0
2560,0.6479787600836733,0,0
2561,0.6321575853079564,0,0
2562,0.6518115777886774,0,0
2563,0.6312755950322777,0,0
2564,0.6342624981432585,0,0
2565,0.6333291376014171,0,0
2566,0.6332206796167833,0,0
2567,0.6347639521826367,0,0
2568,0.6388151542743576,0,0
2569,0.6382313807885349,0,0
2570,0.6336466462075325,0,0
2571,0.6347498302130283,0,0
2572,0.6245236765819467,0,0
2573,0.6353822867703963,0,0
2574,0.62903844296854,0,0
2575,0.6130566088027323,0,0
2576,0.6272815482409867,0,0
2577,0.6148389747356617,0,0
2578,0.6097708465642943,0,0
2579,0.6084998188211479,0,0
2580,0.6099004312484326,0,0
2581,0.6176983696041651,0,0
2582,0.6044553901623211,0,0
2583,0.6156183183564422,0,0
2584,0.6043175682305799,0,0
2585,0.6203111808234065,0,0
2586,0.6169095683029078,0,0
2587,0.6195088113588597,0,0
2588,0.6111480420260993,0,0
2589,0.6143210683002949,0,0
2590,0.6128415254614827,0,0
2591,0.6166936115107041,0,0
2592,0.6239100545814706,0,0
2593,0.6389230572655964,0,0
2594,0.6264307968103111,0,0
2595,0.6275389801809357,0,0
2596,0.6180743091264511,0,0
2597,0.6424916577745542,0,0
2598,0.6354063702116617,0,0
2599,0.6359317313245797,0,0
2600,0.6377720272498811,0,0
2601,0.6596924137738743,0,0
2602,0.6409572994166332,0,0
2603,0.6596201100161664,0,0
2604,0.6484422241915794,0,0
2605,0.6518206846516277,0,0
2606,0.6571119193830183,0,0
2607,0.6373966952215316,0,0
2608,0.6401944564071952,0,0
2609,0.6891420945928732,0,0
2610,0.6411426917567147,0,0
2611,0.6511003585665,0,0
2612,0.6781628433390674,0,0
2613,0.6694765294701338,0,0
2614,0.6534185336623628,0,0
2615,0.6863214882601711,0,0
2616,0.6823123669796305,0,0
2617,0.713189449516255,0,0
2618,0.7612253383119741,1,0
2619,0.7249040651373357,0,0
2620,0.7323209352520146,0,0
2621,0.724265695200029,0,0
2622,0.760066856202855,1,0
2623,0.8102565699005189,1,0
2624,0.8118021852809659,1,0
2625,0.8309879571009333,1,0
2626,0.766791435237147,1,1
2627,0.7314179925189104,0,0
2628,0.7394731192848305,0,0
2629,0.7172542779843909,0,0
2630,0.6899635463908894,0,0
2631,0.6868795581218172,0,0
2632,0.6607823404774477,0,0
2633,0.6553803433987506,0,0
2634,0.6576313323092475,0,0
2635,0.6600620901915393,0,0
2636,0.6511704552579765,0,0
2637,0.6460589318730805,0,0
2638,0.6482066654992581,0,0
2639,0.6252880562138561,0,0
2640,0.6382195832367317,0,0
2641,0.6482162515341567,0,0
2642,0.6234457552959899,0,0
2643,0.6176027193464633,0,0
2644,0.6200293856769734,0,0
2645,0.6207345460995408,0,0
2646,0.6200304094352096,0,0
2647,0.6143069527324796,0,0
2648,0.6148774906854453,0,0
2649,0.6095200636694698,0,0
2650,0.6132649065020533,0,0
2651,0.6119717440964296,0,0
2652,0.6121803627116211,0,0
2653,0.6097483375649903,0,0
2654,0.6107423179040774,0,0
2655,0.6056211567240729,0,0
2656,0.6109092879213921,0,0
2657,0.6125527936065256,0,0
2658,0.6074708592751741,0,0
2659,0.6125212024268838,0,0
2660,0.6070025801513971,0,0
2661,0.6073341054399762,0,0
2662,0.622307696770743,0,0
2663,0.6203875441738796,0,0
2664,0.6106460668675453,0,0
2665,0.6164414705853297,0,0
2666,0.610416990981684,0,0
2667,0.6174827970115428,0,0
2668,0.6078205694839272,0,0
2669,0.6114428927273927,0,0
2670,0.6198004110022521,0,0
2671,0.6259768905112526,0,0
2672,0.625920912258616,0,0
2673,0.6313724531694977,0,0
2674,0.6138665188578358,0,0
2675,0.7544569991225027,1,0
2676,0.6334815559910727,0,0
2677,0.6350104590120884,0,0
2678,0.6379036887076722,0,0
2679,0.6314969317187966,0,0
2680,0.6393900380882648,0,0
2681,0.6336477587379951,0,0
2682,0.6306908458573424,0,0
2683,0.6723537107069708,0,0
2684,0.6397877590879435,0,0
2685,0.6312526219957755,0,0
2686,0.6532533567979146,0,0
2687,0.6637113991556677,0,0
2688,0.6235458088439363,0,0
2689,0.6519161116390624,0,0
2690,0.6425938052655231,0,0
2691,0.6723623518018093,0,0
2692,0.649634870455671,0,0
2693,0.6616509616790068,0,0
2694,0.667425660401709,0,0
2695,0.6697046449983847,0,0
2696,0.6404834911641074,0,0
2697,0.6751474531417934,0,0
2698,0.6693107623363199,0,0
2699,0.6739237494156078,0,0
2700,0.7060618044732174,0,0
2701,0.7143470817975783,0,0
2702,0.683420984602205,0,0
2703,0.6979306062050059,0,0
2704,0.7303770017993523,0,0
2705,0.7139930856729362,0,0
2706,0.7378051897706691,0,0
2707,0.7575392950379041,1,0
2708,0.7587944546493948,1,0
2709,0.8036824741293177,1,0
2710,0.8130334672869481,1,0
2711,0.7836763041906024,1,1
2712,0.7739040554199389,1,1
2713,0.7549729881984313,1,1
2714,0.7375152824799784,0,0
2715,0.7125658987753221,0,0
2716,0.706392455119577,0,0
2717,0.7016968157378537,0,0
2718,0.7043384818877491,0,0
2719,0.7062766285199182,0,0
2720,0.6954823805240762,0,0
2721,0.6668363232331338,0,0
2722,0.6892492615962497,0,0
2723,0.6613642262035033,0,0
2724,0.6893295742320931,0,0
2725,0.6701135013822097,0,0
2726,0.6673394531959642,0,0
2727,0.673998125869928,0,0
2728,0.6503360939029639,0,0
2729,0.6746347954969463,0,0
2730,0.676871752732087,0,0
2731,0.6689255708417429,0,0
2732,0.6592480933234042,0,0
2733,0.6592643780735347,0,0
2734,0.6593385803487679,0,0
2735,0.6530354474578277,0,0
2736,0.6508545460855727,0,0
2737,0.6402048455721816,0,0
2738,0.6404221835189152,0,0
2739,0.6571185768440907,0,0
2740,0.6376866011920957,0,0
2741,0.6414648948525659,0,0
2742,0.6447600787511836,0,0
2743,0.6292902038539936,0,0
2744,0.6161673653106533,0,0
2745,0.618778086003368,0,0
2746,0.6246341486430413,0,0
2747,0.6182530220783955,0,0
2748,0.6162887027289281,0,0
2749,0.6164340020390515,0,0
2750,0.6132066904432618,0,0
2751,0.6139039993913564,0,0
2752,0.6058939176249494,0,0
2753,0.6200892980514398,0,0
2754,0.6118523259870859,0,0
2755,0.6082937727590398,0,0
2756,0.6102700477991309,0,0
2757,0.614873824056928,0,0
2758,0.6066968757385427,0,0
2759,0.6168966250382827,0,0
2760,0.6068225096330768,0,0
2761,0.6119789133727305,0,0
2762,0.6157493939495577,0,0
2763,0.607024778721334,0,0
2764,0.6166944179906224,0,0
2765,0.6072197857309017,0,0
2766,0.6351162144197057,0,0
2767,0.6091162382530201,0,0
2768,0.6095382917316972,0,0
2769,0.6112701838165879,0,0
2770,0.6228939926453967,0,0
2771,0.6160022142479653,0,0
2772,0.6404137682997795,0,0
2773,0.6207894617787866,0,0
2774,0.6127357166901892,0,0
2775,0.6137715403914945,0,0
2776,0.613990881118652,0,0
2777,0.6073619364995217,0,0
2778,0.6152309483320993,0,0
2779,0.6142968806798719,0,0
2780,0.6183601606403792,0,0
2781,0.6222289231471524,0,0
2782,0.6410260429884007,0,0
2783,0.6475190623657153,0,0
2784,0.6117610971643324,0,0
2785,0.6573634421608816,0,0
2786,0.6607946110692116,0,0
2787,0.6160061240481913,0,0
2788,0.6246343449824798,0,0
2789,0.6372107313731329,0,0
2790,0.6639672500601674,0,0
2791,0.633285784696776,0,0
2792,0.6491618400148559,0,0
2793,0.6496655369111863,0,0
2794,0.629191018221506,0,0
2795,0.6333507269874783,0,0
2796,0.6746349450336564,0,0
2797,0.6419409168876433,0,0
2798,0.633630158043097,0,0
2799,0.6447229200667561,0,0
2800,0.6598735292888863,0,0
2801,0.6471818900232067,0,0
2802,0.6636767354572792,0,0
2803,0.6790289051643716,0,0
2804,0.6853337994128617,0,0
2805,0.6974393730548885,0,0
2806,0.7230554112287411,0,0
2807,0.7443786609680766,0,0
2808,0.7550602296048684,1,0
2809,0.7257437480661288,0,0
2810,0.7845696805850244,1,0
2811,0.8051368878667537,1,0
2812,0.7618542595495967,1,0
2813,0.751847957506977,1,1
2814,0.7468047426231714,0,1
2815,0.7110059747781239,0,0
2816,0.714579140958751,0,0
2817,0.7169758226311814,0,0
2818,0.6943594243654871,0,0
2819,0.6948608696810248,0,0
2820,0.6865280826823358,0,0
2821,0.6835439021291556,0,0
2822,0.6521969670555314,0,0
2823,0.6398073308062914,0,0
2824,0.6280579247461995,0,0
2825,0.6192871109935043,0,0
2826,0.6156205585331684,0,0
2827,0.6188260929803164,0,0
2828,0.6198574568515757,0,0
2829,0.6124384687942462,0,0
2830,0.6123826400455902,0,0
2831,0.6081957369126153,0,0
2832,0.6094795038592391,0,0
2833,0.6106039920396154,0,0
2834,0.6101823502893853,0,0
2835,0.6089316420172399,0,0
2836,0.6183706357014624,0,0
2837,0.617068614131185,0,0
2838,0.6339914796842188,0,0
2839,0.6203725802251001,0,0
2840,0.6273371377883259,0,0
2841,0.6216136105058528,0,0
2842,0.6353161461190984,0,0
2843,0.6300462338636231,0,0
2844,0.6442959296414413,0,0
2845,0.6392255984657513,0,0
2846,0.6584579947497667,0,0
2847,0.6327823272718498,0,0
2848,0.6492817823543121,0,0
2849,0.6444511120539342,0,0
2850,0.6473076185530826,0,0
2851,0.6693665231146078,0,0
2852,0.6480422863073192,0,0
2853,0.6460810403279159,0,0
2854,0.7045861583265496,0,0
2855,0.6687005507818785,0,0
2856,0.6853788754212287,0,0
2857,0.709378415178198,0,0
2858,0.7320354017624511,0,0
2859,0.7396753068639306,0,0
2860,0.708865964237908,0,0
2861,0.7262499907543847,0,0
2862,0.8082839153538246,1,0
2863,0.8082922248518476,1,0
2864,0.7285737450729795,0,0
2865,0.7249124559455731,0,1
2866,0.7186272700840302,0,0
2867,0.7179791624529408,0,0
2868,0.702504942721349,0,0
2869,0.6968848490474759,0,0
2870,0.6976281093347838,0,0
2871,0.6937064065901131,0,0
2872,0.6707741630481476,0,0
2873,0.6770237378564454,0,0
2874,0.6546884505198822,0,0
2875,0.6650560657202306,0,0
2876,0.663846234731302,0,0
2877,0.6301085211058344,0,0
2878,0.6391509330261396,0,0
2879,0.6165411277720831,0,0
2880,0.6265920587637037,0,0
2881,0.61702193592449,0,0
2882,0.6173650384696681,0,0
2883,0.6202968172558683,0,0
2884,0.610480658923237,0,0
2885,0.6135238151752893,0,0
2886,0.6209060988503865,0,0
2887,0.610826817179702,0,0
2888,0.612011895453535,0,0
2889,0.6164282792240465,0,0
2890,0.6157414258171308,0,0
2891,0.6125118779982881,0,0
2892,0.6091941358508391,0,0
2893,0.6145350431866251,0,0
2894,0.6093434626847718,0,0
2895,0.612696288690562,0,0
2896,0.6081527450951256,0,0
2897,0.607360271805252,0,0
2898,0.6116984342100606,0,0
2899,0.6075592009913826,0,0
2900,0.6084286950006146,0,0
2901,0.6074712907038409,0,0
2902,0.6091245657500638,0,0
2903,0.6143857137025406,0,0
2904,0.6204414800266261,0,0
2905,0.6182040976808061,0,0
2906,0.6132288080732873,0,0
2907,0.6229106490732443,0,0
2908,0.6242471024746098,0,0
2909,0.617002973773119,0,0
2910,0.6145190445201489,0,0
2911,0.6120726990752396,0,0
2912,0.6128763729724063,0,0
2913,0.6368556049756706,0,0
2914,0.6115914409892527,0,0
2915,0.6207565563452472,0,0
2916,0.6472137378740911,0,0
2917,0.6355768478875268,0,0
2918,0.6167261006591607,0,0
2919,0.6335454548211781,0,0
2920,0.6685083867094705,0,0
2921,0.6209988632381008,0,0
2922,0.6275535503967948,0,0
2923,0.6404963711834201,0,0
2924,0.6478398000271541,0,0
2925,0.6232842223186918,0,0
2926,0.6238893206652454,0,0
2927,0.6671796705694484,0,0
2928,0.6270828915597677,0,0
2929,0.6397322881318905,0,0
2930,0.6459228917220486,0,0
2931,0.6386162445721641,0,0
2932,0.6179583637326278,0,0
2933,0.6474466975902313,0,0
2934,0.6222122980176881,0,0
2935,0.673182538059744,0,0
2936,0.64994583697277,0,0
2937,0.6484018234955354,0,0
2938,0.6454044791554684,0,0
2939,0.6228566428393432,0,0
2940,0.6211129665995119,0,0
2941,0.6537884689796355,0,0
2942,0.6591760915017384,0,0
2943,0.6519615508155256,0,0
2944,0.6517055175070308,0,0
2945,0.6759903048188913,0,0
2946,0.6604939032669562,0,0
2947,0.648112130939759,0,0
2948,0.6689959505788217,0,0
2949,0.6499272215566794,0,0
2950,0.6653804359967292,0,0
2951,0.6881568507912201,0,0
2952,0.6419099757531617,0,0
2953,0.6558497974037232,0,0
2954,0.7006388930700305,0,0
2955,0.72603408408997,0,0
2956,0.7295667692568308,0,0
2957,0.7106433800131915,0,0
2958,0.701183884508479,0,0
2959,0.6660747795468706,0,0
2960,0.7083778432230123,0,0
2961,0.6741243671553898,0,0
2962,0.6663960019874654,0,0
2963,0.7002654758754633,0,0
2964,0.6816429523858705,0,0
2965,0.6896374972387009,0,0
2966,0.6868179420067337,0,0
2967,0.6578301081318669,0,0
2968,0.6737847626628284,0,0
2969,0.7063112381887067,0,0
2970,0.7357168298235975,0,0
2971,0.7429893143653329,0,0
2972,0.7901142372880635,1,0
2973,0.8082896745971787,1,0
2974,0.7707238774114606,1,0
2975,0.6950540515686765,0,0
2976,0.6399586230842529,0,0
2977,0.6502271057209542,0,0
2978,0.62891860069414,0,0
2979,0.6251205404784181,0,0
2980,0.6210600479054703,0,0
2981,0.6164997915942372,0,0
2982,0.6672258051358407,0,0
2983,0.6125765212337257,0,0
2984,0.6416533639729236,0,0
2985,0.6118419795185153,0,0
2986,0.6501854373399734,0,0
2987,0.6704645079513512,0,0
2988,0.6108951221483665,0,0
2989,0.6146659575561969,0,0
2990,0.6217277436221904,0,0
2991,0.6280271553281958,0,0
2992,0.6209892806870223,0,0
2993,0.701740073076558,0,0
2994,0.6324180057892422,0,0
2995,0.6534062098791878,0,0
2996,0.6438786901272908,0,0
2997,0.6385141399061502,0,0
2998,0.6537992644108621,0,0
2999,0.6765275855166375,0,0
3000,0.6272609187163265,0,0
3001,0.65578748898603,0,0
3002,0.690854041119601,0,0
3003,0.6659060142359068,0,0
3004,0.6835523173876963,0,0
3005,0.7472392481410842,1,0
3006,0.7171045678158388,0,0
3007,0.8202076151476245,1,0
3008,0.821541828698554,1,0
3009,0.7487408182376065,1,1
3010,0.7003985288487213,0,0
3011,0.6897085810781398,0,0
3012,0.677233916102749,0,0
3013,0.6914128823982216,0,0
3014,0.6831276368090446,0,0
3015,0.6635006291352372,0,0
3016,0.6576543100839471,0,0
3017,0.6584862593922914,0,0
3018,0.6526375163458377,0,0
3019,0.6477927241136768,0,0
3020,0.6413298970248908,0,0
3021,0.6469040702602935,0,0
3022,0.6386692945232681,0,0
3023,0.6216532298439141,0,0
3024,0.6302059118811876,0,0
3025,0.639936075960089,0,0
3026,0.622688244169367,0,0
3027,0.6142427808311186,0,0
3028,0.6136789730208865,0,0
3029,0.6074580367102411,0,0
3030,0.6134351480950713,0,0
3031,0.6148432348004851,0,0
3032,0.6069836348427705,0,0
3033,0.6086732421611862,0,0
3034,0.6255120172692756,0,0
3035,0.6075534327997472,0,0
3036,0.6087136204593186,0,0
3037,0.6108181931032133,0,0
3038,0.607815855499719,0,0
3039,0.6151965871538252,0,0
3040,0.6133933393350757,0,0
3041,0.6165892596474215,0,0
3042,0.609878219493827,0,0
3043,0.605093841336577,0,0
3044,0.6158302058269713,0,0
3045,0.613233839618879,0,0
3046,0.6363296585841208,0,0
3047,0.619452270132421,0,0
3048,0.6232714127675236,0,0
3049,0.6157867261469128,0,0
3050,0.647129763685189,0,0
3051,0.6156934084480575,0,0
3052,0.6189215949247846,0,0
3053,0.6153331319815494,0,0
3054,0.6113631095492766,0,0
3055,0.6363463134942029,0,0
3056,0.6443190631662379,0,0
3057,0.635534362654525,0,0
3058,0.6197606008397367,0,0
3059,0.6454563350313351,0,0
3060,0.6485158289109717,0,0
3061,0.6681381187811468,0,0
3062,0.6529590865597731,0,0
3063,0.6445400747438583,0,0
3064,0.64589406231304,0,0
3065,0.6404538429269737,0,0
3066,0.6450840333844585,0,0
3067,0.6878875330321799,0,0
3068,0.6626146667048851,0,0
3069,0.6762830717165026,0,0
3070,0.6480387280143196,0,0
3071,0.6607451474044879,0,0
3072,0.6970867159976708,0,0
3073,0.6718545199502121,0,0
3074,0.671459336148644,0,0
3075,0.7020215878965782,0,0
3076,0.7342502840421261,0,0
3077,0.6955294968082931,0,0
3078,0.7203257916930635,0,0
3079,0.7510628010744125,1,0
3080,0.7284633515652734,0,0
3081,0.7526438339787958,1,0
3082,0.7983633956470614,1,0
3083,0.7642797500518187,1,1
3084,0.7625799132487916,1,0
3085,0.7479731836342092,1,0
3086,0.6946009469734875,0,0
3087,0.6673557202981406,0,0
3088,0.6757609060656367,0,0
3089,0.6332882500748047,0,0
3090,0.6207502558001401,0,0
3091,0.6205001818822377,0,0
3092,0.6097511198108465,0,0
3093,0.6089657426192929,0,0
3094,0.6074959410928908,0,0
3095,0.6110789841892909,0,0
3096,0.6140988525471569,0,0
3097,0.6134849657755929,0,0
3098,0.6065587541936117,0,0
3099,0.6212187261549007,0,0
3100,0.6175214396196504,0,0
3101,0.6149340518816839,0,0
3102,0.6466281587411074,0,0
3103,0.6712143924384713,0,0
3104,0.7042295574070911,0,0
3105,0.7384110880577318,0,0
3106,0.7331543751398855,0,0
3107,0.6830102629063769,0,0
3108,0.6954960642221211,0,0
3109,0.6908689754047378,0,0
3110,0.6656720477313884,0,0
3111,0.6598960231755504,0,0
3112,0.6607912815516861,0,0
3113,0.6523584223895871,0,0
3114,0.6532590841340093,0,0
3115,0.6353020490982506,0,0
3116,0.6173855560534913,0,0
3117,0.6397619647323816,0,0
3118,0.6081140482000924,0,0
3119,0.6094816257071956,0,0
3120,0.610238321386904,0,0
3121,0.6160499049031704,0,0
3122,0.6108014468277847,0,0
3123,0.6100608002967371,0,0
3124,0.6101408633561373,0,0
3125,0.632815197758832,0,0
3126,0.6410033595777467,0,0
3127,0.6435767721960488,0,0
3128,0.6445815428341387,0,0
3129,0.6374095785317164,0,0
3130,0.6521228439858757,0,0
3131,0.6904094867950108,0,0
3132,0.6984639898526673,0,0
3133,0.625157193168036,0,0
3134,0.6207796439340114,0,0
3135,0.6242029552186474,0,0
3136,0.6078636908615097,0,0
3137,0.6326423785685917,0,0
3138,0.6080507631661529,0,0
3139,0.7056813380779918,0,0
3140,0.6298375287596758,0,1
3141,0.763094237224072,1,0
3142,0.7630357928222863,1,0
3143,0.776403904653383,1,1
3144,0.6737130267426952,0,0
3145,0.6151629022730014,0,0
3146,0.6265075771184488,0,0
3147,0.6613145914499983,0,0
3148,0.7607636569280171,1,0
3149,0.7608217427234301,1,1
3150,0.6767384682538395,0,0
3151,0.7169890513088326,0,1
3152,0.6292143172574414,0,0
3153,0.6472422434433198,0,0
3154,0.6085257218011932,0,0
3155,0.6103531237950561,0,0
3156,0.6120770921587084,0,0
3157,0.6549615390244901,0,0
3158,0.6125661596116708,0,0
3159,0.7086320494587497,0,0
3160,0.7403794270063195,0,0
3161,0.720443929141666,0,0
3162,0.6377495153185841,0,0
3163,0.6123973220488208,0,0
3164,0.654871890216487,0,0
3165,0.6118579155352579,0,0
3166,0.6911057857995497,0,0
3167,0.63299107836624,0,0
3168,0.6342560254192269,0,0
3169,0.6231821451834207,0,0
3170,0.6181696018753297,0,0
3171,0.609927046192916,0,0
3172,0.6181782109875045,0,0
3173,0.6925820779020647,0,0
3174,0.6375759498205666,0,0
3175,0.6131551172775864,0,0
3176,0.6166393227123639,0,0
3177,0.6093941791017126,0,0
3178,0.6781589428280769,0,0
3179,0.7404226489825165,0,0
3180,0.6806240253136039,0,0
3181,0.6168076172195374,0,0
3182,0.66584256570333,0,0
3183,0.6159777802351644,0,0
3184,0.732307702441654,0,0
3185,0.6154920448476116,0,0
3186,0.6288666095851827,0,0
3187,0.6119821590442585,0,0
3188,0.8118390259054222,1,0
3189,0.6121394839959018,0,0
3190,0.7833806608978895,1,0
3191,0.6772529083358446,0,0
3192,0.6145531799711038,0,0
3193,0.6241629179621488,0,1
3194,0.6277388582619357,0,0
3195,0.6283102011538511,0,0
3196,0.7194651094704405,0,0
3197,0.722552765955332,0,0
3198,0.6272610903962607,0,0
3199,0.6156614331922524,0,0
3200,0.6112904164070039,0,0
3201,0.6788025979123938,0,0
3202,0.7010146232843154,0,0
3203,0.6677220737503384,0,0
3204,0.6891421836670095,0,0
3205,0.6974497117812157,0,0
3206,0.730462794404682,0,0
3207,0.6206493633841002,0,0
3208,0.7152091929077915,0,0
3209,0.6461387062348061,0,0
3210,0.6157509966225956,0,0
3211,0.638405161117273,0,0
3212,0.6400296921281524,0,0
3213,0.6132651293881763,0,0
3214,0.6350927643537165,0,0
3215,0.657458169716693,0,0
3216,0.6868658320050665,0,0
3217,0.6435465040583775,0,0
3218,0.6629077101401684,0,0
3219,0.6818752017913112,0,0
3220,0.6099219308798896,0,0
3221,0.6775782085535602,0,0
3222,0.6318584414257156,0,0
3223,0.6133041478067558,0,0
3224,0.6847544945503394,0,0
3225,0.6439141915419364,0,0
3226,0.644303706359477,0,0
3227,0.6252155284547602,0,0
3228,0.6457116720054974,0,0
3229,0.6718742676245089,0,0
3230,0.615890867705351,0,0
3231,0.6477187341896236,0,0
3232,0.6115201282647287,0,0
3233,0.6637069755565017,0,0
3234,0.662225543167931,0,0
3235,0.6777637272279299,0,0
3236,0.6884649599314501,0,0
3237,0.6407613080121293,0,0
3238,0.684889021465315,0,0
3239,0.7116902413453823,0,0
3240,0.6089259922856789,0,0
3241,0.698400556059398,0,0
3242,0.6755394451295424,0,0
3243,0.647696142479822,0,0
3244,0.7634698193049346,1,0
3245,0.7031873292597695,0,0
3246,0.6135310007148219,0,0
3247,0.6582155870098407,0,0
3248,0.630861657632874,0,0
3249,0.711213371629126,0,0
3250,0.6328687289596897,0,0
3251,0.6223961697327881,0,0
3252,0.6132243695810413,0,0
3253,0.6508108579175774,0,0
3254,0.6435256972261165,0,0
3255,0.7227570890730091,0,0
3256,0.6170663691150106,0,0
3257,0.6150766115909934,0,0
3258,0.6225736869738121,0,0
3259,0.6681284010481148,0,0
3260,0.6156152966988012,0,0
3261,0.6722745829702805,0,0
3262,0.6435544859059257,0,0
3263,0.6168670382159451,0,0
3264,0.6518161951816897,0,0
3265,0.6157329807365763,0,0
3266,0.6134107759411078,0,0
3267,0.643211416101805,0,0
3268,0.6499266638161814,0,0
3269,0.6267453861870178,0,0
3270,0.6170327340040387,0,0
3271,0.607360767627781,0,0
3272,0.6275168788949806,0,0
3273,0.6205725550847059,0,0
3274,0.6114722562135899,0,0
3275,0.6353607143196103,0,0
3276,0.6222434429494861,0,0
3277,0.618446783259119,0,0
3278,0.6068142169254462,0,0
3279,0.7008311554445202,0,0
3280,0.715241031771324,0,1
3281,0.6096226450054931,0,0
3282,0.6292747526157034,0,0
3283,0.6213557494166269,0,0
3284,0.6112003233704861,0,0
3285,0.7031556313686288,0,0
3286,0.642591404307028,0,0
3287,0.6059808995837235,0,0
3288,0.6252315307800225,0,0
3289,0.6062099703196908,0,0
3290,0.6133935672127915,0,0
3291,0.6068567894332901,0,0
3292,0.6148698348943706,0,0
3293,0.639188465183877,0,0
3294,0.6499697877726918,0,0
3295,0.6093081816604651,0,0
3296,0.630705968169296,0,0
3297,0.6629717836711384,0,0
3298,0.6473111802801327,0,0
3299,0.6454294352127206,0,0
3300,0.6587159875302233,0,0
3301,0.7323932514427427,0,0
3302,0.7304866011288238,0,0
3303,0.6213927965852084,0,0
3304,0.6089147032969016,0,0
3305,0.6296066189844591,0,0
3306,0.6716824779164471,0,0
3307,0.6377045964949295,0,0
3308,0.732783743785603,0,0
3309,0.6252729309031745,0,0
3310,0.6402577548924094,0,0
3311,0.6195008248447478,0,0
3312,0.6103716527429306,0,0
3313,0.6631698969809443,0,0
3314,0.6368959148083064,0,0
3315,0.6984165282485593,0,0
3316,0.6328164842724676,0,0
3317,0.7428476302763269,0,0
3318,0.781802599318771,1,1
3319,0.7157736719923399,0,0
3320,0.6094818418425139,0,0
3321,0.6160164850907508,0,0
3322,0.6185707905483127,0,0
3323,0.6671915993677391,0,0
3324,0.683030510951677,0,0
3325,0.7026244914612942,0,0
3326,0.6114354617336322,0,0
3327,0.6788943223737496,0,0
3328,0.6290041743823003,0,0
3329,0.6067595677468838,0,0
3330,0.6662086997779967,0,0
3331,0.6251652077297537,0,0
3332,0.6347249524325316,0,0
3333,0.6327335037601886,0,0
3334,0.6798589272513191,0,0
3335,0.6456449823043738,0,0
3336,0.6350377367270423,0,0
3337,0.705959028324717,0,0
3338,0.7103346806577031,0,0
3339,0.6242087557816524,0,0
3340,0.6164349010076531,0,0
3341,0.6147292769741591,0,0
3342,0.657362252997437,0,0
3343,0.6461181094751834,0,0
3344,0.6202412876010046,0,0
3345,0.6160237233392466,0,0
3346,0.6255889504351548,0,0
3347,0.6651684641641984,0,0
3348,0.6181033770175095,0,0
3349,0.6321080476174936,0,0
3350,0.6405069794028352,0,0
3351,0.6140045762017641,0,0
3352,0.6110288676050832,0,0
3353,0.6240428505797087,0,0
3354,0.6365118672989729,0,0
3355,0.6472171282661909,0,0
3356,0.6719041361521056,0,0
3357,0.6841450958480018,0,0
3358,0.7308190211675838,0,0
3359,0.627271201111979,0,1
3360,0.6301212329268263,0,0
3361,0.6674760447175198,0,0
3362,0.6682729385015025,0,0
3363,0.6102579244928088,0,0
3364,0.7087214994731987,0,0
3365,0.6523513877309681,0,0
3366,0.7380996602187115,0,0
3367,0.639552801104239,0,0
3368,0.6355379897124888,0,0
3369,0.6407925993490841,0,0
3370,0.6317719563005966,0,0
3371,0.7092077902774183,0,0
3372,0.6338539972503932,0,0
3373,0.6133308854368458,0,0
3374,0.6206589640040143,0,0
3375,0.6312416808807161,0,0
3376,0.7187013909214528,0,0
3377,0.7447871452889943,0,0
3378,0.7116488030723167,0,0
3379,0.730888080172474,0,0
3380,0.7795543287181629,1,0
3381,0.6230119651812085,0,0
3382,0.6119761851494252,0,0
3383,0.613522948247461,0,0
3384,0.7269694250262342,0,0
3385,0.6316255645671722,0,0
3386,0.6195918617208885,0,0
3387,0.611972431909203,0,0
3388,0.7275683731242487,0,0
3389,0.6381860234839698,0,0
3390,0.6278321133080758,0,0
3391,0.6137958651906651,0,0
3392,0.67959603063084,0,0
3393,0.6179828374137007,0,0
3394,0.6279461912366082,0,0
3395,0.6326176157912321,0,0
3396,0.661150790476582,0,0
3397,0.6196411086018235,0,0
3398,0.6911291970172583,0,0
3399,0.6357920914052518,0,0
3400,0.6089435651305513,0,0
3401,0.6125380008159709,0,0
3402,0.6240164531806098,0,0
3403,0.6886378868568388,0,0
3404,0.6825648405833806,0,0
3405,0.7128170212927158,0,0
3406,0.7041916232507957,0,0
3407,0.7043916457517555,0,0
3408,0.6761283903158962,0,0
3409,0.6714285241300973,0,0
3410,0.6601068087884692,0,0
3411,0.6565313354502688,0,0
3412,0.6233195811690411,0,0
3413,0.6126006666619233,0,0
3414,0.6279531108351178,0,0
3415,0.6245151281523795,0,0
3416,0.6116189723401497,0,0
3417,0.620388141873494,0,0
3418,0.6486772910047962,0,0
3419,0.6338973803597492,0,0
3420,0.6345549211215473,0,0
3421,0.6272772473116022,0,0
3422,0.6240216751050274,0,0
3423,0.6400089207591879,0,0
3424,0.6679846277489612,0,0
3425,0.7008231081911133,0,0
3426,0.7689187284270653,1,0
3427,0.8256958522003828,1,0
3428,0.7493195215882693,1,1
3429,0.7377274979638562,0,0
3430,0.7202962883443992,0,0
3431,0.6973942484801041,0,0
3432,0.6960268349775389,0,0
3433,0.6892027618976777,0,0
3434,0.6867954564194934,0,0
3435,0.6864036672566038,0,0
3436,0.6856483430223989,0,0
3437,0.6813226850852518,0,0
3438,0.6542607822938569,0,0
3439,0.6344824585904738,0,0
3440,0.6315092368816311,0,0
3441,0.6316482420311793,0,0
3442,0.6181163839629986,0,0
3443,0.6316275284935625,0,0
3444,0.6184255812362973,0,0
3445,0.6124738961595138,0,0
3446,0.6210096584358227,0,0
3447,0.6160804354456921,0,0
3448,0.6109479033804748,0,0
3449,0.6115981993447215,0,0
3450,0.609744367571146,0,0
3451,0.6093941228704322,0,0
3452,0.6127098995472766,0,0
3453,0.6190726155900501,0,0
3454,0.6264697065907994,0,0
3455,0.6297236434838045,0,0
3456,0.6430426767516128,0,0
3457,0.6566178012226443,0,0
3458,0.6304487424404839,0,0
3459,0.673148731866001,0,0
3460,0.6347742078144798,0,0
3461,0.6422752501415803,0,0
3462,0.6506375090181509,0,0
3463,0.6732725727593302,0,0
3464,0.6514264066334222,0,0
3465,0.6528878504402753,0,0
3466,0.6757220540773479,0,0
3467,0.6867691245660666,0,0
3468,0.7119351781566792,0,0
3469,0.8041753370132908,1,0
3470,0.7539494435430434,1,0
3471,0.7375354607799989,0,0
3472,0.7796784330247388,1,1
3473,0.7682924450506646,1,1
3474,0.6954140019967998,0,0
3475,0.6802007928281883,0,0
3476,0.6778784663206021,0,0
3477,0.668549732063906,0,0
3478,0.6463741521840327,0,0
3479,0.6510571964060045,0,0
3480,0.6430002651105056,0,0
3481,0.6495924930174042,0,0
3482,0.6317107547177184,0,0
3483,0.6365204713645475,0,0
3484,0.6138727293569346,0,0
3485,0.6239105119742276,0,0
3486,0.6334248328215788,0,0
3487,0.612227129632164,0,0
3488,0.6144430356887456,0,0
3489,0.6071261127382785,0,0
3490,0.606565139754877,0,0
3491,0.6162178048716298,0,0
3492,0.608148865354823,0,0
3493,0.6074766661760322,0,0
3494,0.6095441951845921,0,0
3495,0.6072221693812409,0,0
3496,0.6109384788751739,0,0
3497,0.6223692041165769,0,0
3498,0.6153721820017926,0,0
3499,0.626049109888972,0,0
3500,0.61575877651678,0,0
3501,0.6364041292713599,0,0
3502,0.6450292570731249,0,0
3503,0.6492879257749667,0,0
3504,0.6575001208713831,0,0
3505,0.6397904896189865,0,0
3506,0.6431998033163799,0,0
3507,0.6459125454950219,0,0
3508,0.6526319600585073,0,0
3509,0.6690967820067608,0,0
3510,0.6852035057311503,0,0
3511,0.6911344961777011,0,0
3512,0.706865147836617,0,0
3513,0.667770424295968,0,0
3514,0.7138631068845573,0,0
3515,0.7093078036950553,0,0
3516,0.7521749623310832,1,0
3517,0.7218174801093946,0,0
3518,0.7480367406696975,1,0
3519,0.7322466400978175,0,0
3520,0.7420361071441262,0,0
3521,0.7679763142157979,1,1
3522,0.7554140060486159,1,1
3523,0.740483663063479,0,1
3524,0.71839149177766,0,0
3525,0.7142604338712579,0,0
3526,0.7062003573659512,0,0
3527,0.7028080300715542,0,0
3528,0.7040500645761958,0,0
3529,0.70756297925277,0,0
3530,0.6980853523629807,0,0
3531,0.6922748564465839,0,0
3532,0.689512633049777,0,0
3533,0.6637464337918952,0,0
3534,0.6723513061829018,0,0
3535,0.6798938277689577,0,0
3536,0.6504151664085078,0,0
3537,0.6610252970238168,0,0
3538,0.6421619731495785,0,0
3539,0.6435015580387884,0,0
3540,0.6536478610003562,0,0
3541,0.6326594034176559,0,0
3542,0.6324765129663756,0,0
3543,0.6552278054762637,0,0
3544,0.625068333367681,0,0
3545,0.629689015118272,0,0
3546,0.6293167144419818,0,0
3547,0.6265494749237275,0,0
3548,0.6209214117217285,0,0
3549,0.6202091499908813,0,0
3550,0.6147661040853774,0,0
3551,0.6099224875409988,0,0
3552,0.6200835237531126,0,0
3553,0.6080764962868885,0,0
3554,0.6070274440840594,0,0
3555,0.6061740166679159,0,0
3556,0.6083168537924617,0,0
3557,0.60856090910158,0,0
3558,0.6124068134030811,0,0
3559,0.6384599552772006,0,0
3560,0.6343061848864389,0,0
3561,0.6092422931615906,0,0
3562,0.6142232308988591,0,0
3563,0.6152771189972523,0,0
3564,0.6139220632552871,0,0
3565,0.617910988391632,0,0
3566,0.6112820474306401,0,0
3567,0.6148799571990666,0,0
3568,0.6109173318962835,0,0
3569,0.6163999824029189,0,0
3570,0.6236991528146185,0,0
3571,0.6206873141710684,0,0
3572,0.6302043651850032,0,0
3573,0.6128481570528754,0,0
3574,0.6343549643515747,0,0
3575,0.615381540142901,0,0
3576,0.6320430333793003,0,0
3577,0.6675297400786838,0,0
3578,0.6360392084175155,0,0
3579,0.6139717093015535,0,0
3580,0.6324579782270208,0,0
3581,0.6348524631228412,0,0
3582,0.6527375570226902,0,0
3583,0.6612682080229426,0,0
3584,0.6441878573710895,0,0
3585,0.6414153071443427,0,0
3586,0.6297304250040077,0,0
3587,0.6661273338749858,0,0
3588,0.6718596272504682,0,0
3589,0.6829911168655456,0,0
3590,0.7153086719829524,0,0
3591,0.66488037585016,0,0
3592,0.6804980036737212,0,0
3593,0.658876635943122,0,0
3594,0.6650166971944669,0,0
3595,0.7214620677685324,0,0
3596,0.6601281214700576,0,0
3597,0.7065237157879131,0,0
3598,0.7120456052733921,0,0
3599,0.8098282993159079,1,0
3600,0.7823863829499712,1,1
3601,0.6871549603092152,0,0
3602,0.6784595015770818,0,0
3603,0.6589302968382966,0,0
3604,0.6290990190681489,0,0
3605,0.6209113213437119,0,0
3606,0.6205623532796022,0,0
3607,0.6125078260494214,0,0
3608,0.6070225856035711,0,0
3609,0.617449246422743,0,0
3610,0.6128148627501385,0,0
3611,0.628682745940737,0,0
3612,0.6382732910176745,0,0
3613,0.6572730900332369,0,0
3614,0.6291412669349201,0,0
3615,0.6737250724789956,0,0
3616,0.6710365519064805,0,0
3617,0.6197017453476659,0,0
3618,0.6678946563097163,0,0
3619,0.6459672893224263,0,0
3620,0.6623684577338432,0,0
3621,0.6575366173395687,0,0
3622,0.6548408364396593,0,0
3623,0.6996159562232758,0,0
3624,0.6820276163064751,0,0
3625,0.695962514997471,0,0
3626,0.711965396162317,0,0
3627,0.7588734915920385,1,0
3628,0.8113659358475722,1,0
3629,0.749469065303425,1,0
3630,0.7352481414742834,0,0
3631,0.7239867722181783,0,0
3632,0.7269304179821503,0,0
3633,0.7353169080461213,0,0
3634,0.7005461301779771,0,0
3635,0.6868796371340754,0,0
3636,0.683334323444011,0,0
3637,0.658940124074791,0,0
3638,0.6535222418384932,0,0
3639,0.6644593652420551,0,0
3640,0.6412866207239128,0,0
3641,0.6349383119452312,0,0
3642,0.6276598392828465,0,0
3643,0.6438327679315787,0,0
3644,0.6382647585463717,0,0
3645,0.642838992372939,0,0
3646,0.6345701337011511,0,0
3647,0.6288377402786174,0,0
3648,0.6193787223966074,0,0
3649,0.6114099256048495,0,0
3650,0.6074554514652379,0,0
3651,0.6099416982363741,0,0
3652,0.6123721957429966,0,0
3653,0.6116736750894108,0,0
3654,0.6077485445546091,0,0
3655,0.6087585144794971,0,0
3656,0.6116318973469438,0,0
3657,0.6058709829069876,0,0
3658,0.6105319689328659,0,0
3659,0.6055071903351337,0,0
3660,0.6088065119056295,0,0
3661,0.609461349949072,0,0
3662,0.6079861506982774,0,0
3663,0.6089185018702095,0,0
3664,0.6091571449820452,0,0
3665,0.6145923326078612,0,0
3666,0.6188494439865235,0,0
3667,0.6244350224191033,0,0
3668,0.6207997854248708,0,0
3669,0.610565871179302,0,0
3670,0.6166135443670467,0,0
3671,0.6188661272973759,0,0
3672,0.6193722140420176,0,0
3673,0.627237411007268,0,0
3674,0.630297366125208,0,0
3675,0.6216856481477564,0,0
3676,0.6385973913161203,0,0
3677,0.6349804906117285,0,0
3678,0.6355742458066768,0,0
3679,0.6394388882932603,0,0
3680,0.6381394707908317,0,0
3681,0.6473704804164973,0,0
3682,0.6683419777155932,0,0
3683,0.6344024729384277,0,0
3684,0.6214666443619681,0,0
3685,0.6333777973866783,0,0
3686,0.6527301958515667,0,0
3687,0.6417490851109041,0,0
3688,0.642310487529533,0,0
3689,0.6737609399114576,0,0
3690,0.6595529291368643,0,0
3691,0.6852654124251155,0,0
3692,0.666551194217974,0,0
3693,0.6577079751526748,0,0
3694,0.6462970529957368,0,0
3695,0.6726476187617247,0,0
3696,0.7008401123560417,0,0
3697,0.6476222010225134,0,0
3698,0.6719929213191209,0,0
3699,0.6785391289975533,0,0
3700,0.6809200963835278,0,0
3701,0.6511850476572671,0,0
3702,0.7376768720912384,0,0
3703,0.6620945287880553,0,0
3704,0.6692803026757193,0,0
3705,0.7039125021450194,0,0
3706,0.7122063773401961,0,0
3707,0.6893788268212446,0,0
3708,0.708346813134184,0,0
3709,0.7530211366322225,1,0
3710,0.6854050140511634,0,0
3711,0.7207895602763335,0,0
3712,0.7094585251632481,0,0
3713,0.7581837992453759,1,0
3714,0.7466214053242177,0,0
3715,0.8557328364198568,1,0
3716,0.7420411530370861,0,0
3717,0.6761352766473433,0,0
3718,0.6595129771277628,0,0
3719,0.6828926535773332,0,0
3720,0.6390938717939081,0,0
3721,0.6273187773646984,0,0
3722,0.6362284668687037,0,0
3723,0.6295428682611242,0,0
3724,0.6237628616448239,0,0
3725,0.6235337140178383,0,0
3726,0.6141309520106293,0,0
3727,0.6094071226162803,0,0
3728,0.6158827161668207,0,0
3729,0.610305665167602,0,0
3730,0.6168582706103035,0,0
3731,0.6436177616461766,0,0
3732,0.7135591610760037,0,0
3733,0.6324190800435983,0,0
3734,0.6461329916528201,0,0
3735,0.6248369989630507,0,0
3736,0.6536308421477878,0,0
3737,0.6317609007227142,0,0
3738,0.6597409938251089,0,0
3739,0.6577654304018044,0,0
3740,0.6739101329878836,0,0
3741,0.6882114277244549,0,0
3742,0.7477494375258668,1,0
3743,0.7517406237090951,1,0
3744,0.7400129696710236,0,0
3745,0.7357540733345095,0,0
3746,0.7022162812886801,0,0
3747,0.6790911530091511,0,0
3748,0.6668148701139733,0,0
3749,0.6627720760332729,0,0
3750,0.6404738938836485,0,0
3751,0.6458883298917742,0,0
3752,0.6264495042075668,0,0
3753,0.6338319919231692,0,0
3754,0.6215444737304916,0,0
3755,0.619867243044441,0,0
3756,0.6139038615467644,0,0
3757,0.6086050111478547,0,0
3758,0.6101882855394591,0,0
3759,0.6079128961823075,0,0
3760,0.6052347009464718,0,0
3761,0.604351288064738,0,0
3762,0.6202248119304457,0,0
3763,0.6083622576292829,0,0
3764,0.6083668485914336,0,0
3765,0.6103074374937592,0,0
3766,0.6104300064311514,0,0
3767,0.6112736724211092,0,0
3768,0.6120257407446663,0,0
3769,0.614426573363066,0,0
3770,0.6074836062591538,0,0
3771,0.6105654414660708,0,0
3772,0.6235495807222733,0,0
3773,0.6163122592822203,0,0
3774,0.6095935195320269,0,0
3775,0.6095053709284002,0,0
3776,0.6208157491349684,0,0
3777,0.6171965083427453,0,0
3778,0.6151523311290107,0,0
3779,0.6483869219566518,0,0
3780,0.6529183804258221,0,0
3781,0.6198845902756567,0,0
3782,0.6434647854503714,0,0
3783,0.6447345728700891,0,0
3784,0.6544078956295033,0,0
3785,0.6423772637143847,0,0
3786,0.6550248709690656,0,0
3787,0.6313797386822448,0,0
3788,0.6378545772965385,0,0
3789,0.6440042127620054,0,0
3790,0.6577326949294482,0,0
3791,0.6547367411769525,0,0
3792,0.6836133692827694,0,0
3793,0.6902171275192386,0,0
3794,0.6879171877214773,0,0
3795,0.7005436655812726,0,0
3796,0.7205549496489695,0,0
3797,0.7655710226001833,1,0
3798,0.6861987308927908,0,0
3799,0.7012458999566105,0,0
3800,0.792469664709858,1,0
3801,0.771494371254933,1,1
3802,0.7236568919277716,0,0
3803,0.7304446058580212,0,0
3804,0.6911560834056151,0,0
3805,0.6534043855712766,0,0
3806,0.6641040934225653,0,0
3807,0.6278558470308709,0,0
3808,0.6097220711065006,0,0
3809,0.6150078090623374,0,0
3810,0.6120744622231291,0,0
3811,0.6092190863157179,0,0
3812,0.6440887367087718,0,0
3813,0.6956515127117058,0,0
3814,0.6785217495819318,0,0
3815,0.6496933328443975,0,0
3816,0.6244654464126536,0,0
3817,0.6194729811668587,0,0
3818,0.6073599169177544,0,0
3819,0.6125158520715079,0,0
3820,0.6095668284249441,0,0
3821,0.6223096513916622,0,0
3822,0.6410826200525739,0,0
3823,0.6290188906331025,0,0
3824,0.6374265566458563,0,0
3825,0.6431844361817078,0,0
3826,0.7088924779052224,0,0
3827,0.7056613585259366,0,0
3828,0.6963902146126382,0,0
3829,0.704720758256749,0,0
3830,0.6136544024545375,0,0
3831,0.61594000613424,0,0
3832,0.6345235990807462,0,0
3833,0.6082981423936733,0,0
3834,0.7037470724933492,0,0
3835,0.6471727810767867,0,0
3836,0.659538529187196,0,0
3837,0.7875345050686355,1,1
3838,0.7027348263097183,0,0
3839,0.6101700563091453,0,0
3840,0.61254575488192,0,0
3841,0.6090197528419069,0,0
3842,0.6226542303048412,0,0
3843,0.6145847972934019,0,0
3844,0.6162871271146204,0,0
3845,0.6391931422562438,0,0
3846,0.6928698912117488,0,0
3847,0.6248298993194421,0,0
3848,0.7375344244487578,0,0
3849,0.6582215474667845,0,0
3850,0.6721498936681243,0,0
3851,0.6103005042793009,0,0
3852,0.6086172293168851,0,0
3853,0.6240071590448222,0,0
3854,0.6165594932453574,0,0
3855,0.6422339778417618,0,0
3856,0.7077085495720947,0,0
3857,0.6921379010868924,0,0
3858,0.6273592166567833,0,0
3859,0.6294549170739316,0,0
3860,0.6152311862820596,0,0
3861,0.6756733881317537,0,0
3862,0.6163929160513915,0,0
3863,0.6782780783218991,0,0
3864,0.72683733870253,0,0
3865,0.611737492445078,0,0
3866,0.6109809104197848,0,0
3867,0.6137717349775259,0,0
3868,0.6395185697499223,0,0
3869,0.6154953598199682,0,0
3870,0.6094955550803859,0,0
3871,0.6387880723204704,0,0
3872,0.6175451704558723,0,0
3873,0.7177964166900881,0,0
3874,0.609657622033368,0,0
3875,0.7154045325669194,0,0
3876,0.6151329806878907,0,0
3877,0.7211059707093512,0,0
3878,0.6291781727523371,0,0
3879,0.6424012044726698,0,0
3880,0.6762628930737258,0,0
3881,0.6273861777921973,0,0
3882,0.6896561117154898,0,0
3883,0.6074594569094018,0,0
3884,0.7213708569393377,0,0
3885,0.6589167809519305,0,0
3886,0.626815455771835,0,0
3887,0.621750961232853,0,0
3888,0.6263899741492416,0,0
3889,0.6648602711831377,0,0
3890,0.608474398898561,0,0
3891,0.6274838772315716,0,0
3892,0.6159171458406738,0,0
3893,0.6389526189347308,0,0
3894,0.6109839992327066,0,0
3895,0.6411973879370724,0,0
3896,0.76453963514376,1,0
3897,0.6422630237483502,0,0
3898,0.6137500971541046,0,0
3899,0.7924797232481136,1,1
3900,0.6318178536733443,0,0
3901,0.6103009158567715,0,0
3902,0.7933102179149867,1,1
3903,0.6664853770134507,0,0
3904,0.6177431585077942,0,0
3905,0.6880041916501902,0,0
3906,0.7502793217529382,1,1
3907,0.6132092566409701,0,0
3908,0.6291142094236118,0,0
3909,0.6298133170803051,0,0
3910,0.6259998645414161,0,0
3911,0.6928009380284703,0,0
3912,0.6079337172139648,0,0
3913,0.6099747619600353,0,0
3914,0.6117490250171359,0,0
3915,0.6248719230886213,0,0
3916,0.6105047314114307,0,0
3917,0.6389467671310335,0,0
3918,0.6701206611577818,0,0
3919,0.6108484418677318,0,0
3920,0.7206550375749824,0,0
3921,0.6872258736571009,0,0
3922,0.6103737239612463,0,0
3923,0.684550084761083,0,0
3924,0.614235351541272,0,1
3925,0.6291413762406346,0,0
3926,0.6101758972815261,0,0
3927,0.6134251434087501,0,0
3928,0.7968722978221752,1,0
3929,0.7016814078033126,0,0
3930,0.7089464402502996,0,1
3931,0.6138132779154943,0,0
3932,0.6244296251908397,0,0
3933,0.7560033010862454,1,0
3934,0.7476583103569889,1,0
3935,0.6119818806361453,0,0
3936,0.6233046261163027,0,0
3937,0.6146515086854051,0,0
3938,0.7084226804456921,0,0
3939,0.6130981640492472,0,0
3940,0.6178941320482987,0,0
3941,0.6261972525771482,0,0
3942,0.6136524939879744,0,0
3943,0.6309774851815841,0,0
3944,0.6187161341651584,0,1
3945,0.7540308637661758,1,0
3946,0.6111516915077866,0,0
3947,0.6164474084896122,0,0
3948,0.6136596750960825,0,0
3949,0.6116173122377437,0,0
3950,0.6115953121868241,0,0
3951,0.6248142876487736,0,0
3952,0.7150490124858941,0,0
3953,0.6251323062365339,0,0
3954,0.6241123535501127,0,0
3955,0.6164975417872198,0,0
3956,0.6099226173764614,0,0
3957,0.6196186373506107,0,0
3958,0.6717503994905772,0,0
3959,0.7448864640961608,0,0
3960,0.733158778384984,0,0
3961,0.7867669238596031,1,0
3962,0.7918468250491121,1,0
3963,0.7334597248401828,0,1
3964,0.7453234109743843,0,0
3965,0.7305079939879849,0,0
3966,0.7333823777307271,0,0
3967,0.7228190730766085,0,0
3968,0.6812642568735414,0,0
3969,0.678124771931128,0,0
3970,0.6857446646886916,0,0
3971,0.6808849088725093,0,0
3972,0.6473879396205026,0,0
3973,0.6561558677033337,0,0
3974,0.648026561216186,0,0
3975,0.6401167253830883,0,0
3976,0.6292260221256715,0,0
3977,0.6279822645954611,0,0
3978,0.6139674830536048,0,0
3979,0.6165986526445042,0,0
3980,0.6157144792188959,0,0
3981,0.6158419931651398,0,0
3982,0.6115106404724424,0,0
3983,0.6143958252078254,0,0
3984,0.642063676684713,0,0
3985,0.6478962193165256,0,0
3986,0.6673338402602488,0,0
3987,0.7220281743326995,0,0
3988,0.6669703032019223,0,0
3989,0.7360152747942873,0,0
3990,0.7150398657485111,0,0
3991,0.679887909984566,0,0
3992,0.7972770350973957,1,0
3993,0.8243521154445282,1,0
3994,0.7786124136128325,1,1
3995,0.7553791645557176,1,0
3996,0.7457305852935752,0,0
3997,0.6967327489258285,0,0
3998,0.6966947543773333,0,0
3999,0.6679763266721515,0,0
4000,0.628894945210444,0,0
4001,0.6300049209922369,0,0
4002,0.6181894581259817,0,0
4003,0.6135833147450216,0,0
4004,0.6095879227594521,0,0
4005,0.608410914294724,0,0
4006,0.619856408394859,0,0
4007,0.6220698545733501,0,0
4008,0.6289238598030142,0,0
4009,0.637155359897869,0,0
4010,0.6343822236226992,0,0
4011,0.6421439056316757,0,0
4012,0.6259090912831249,0,0
4013,0.6429442041441091,0,0
4014,0.6356483705186629,0,0
4015,0.639529428526181,0,0
4016,0.6762613916307176,0,0
4017,0.6703915240689952,0,0
4018,0.649256528496515,0,0
4019,0.6795750072580626,0,0
4020,0.6974278561716888,0,0
4021,0.7373385312789226,0,0
4022,0.7454499391580083,0,0
4023,0.7396313820751417,0,0
4024,0.722445631979926,0,0
4025,0.7049322291480664,0,0
4026,0.6962238021332885,0,0
4027,0.694068637290671,0,0
4028,0.6703050405880285,0,0
4029,0.6554357539229996,0,0
4030,0.6565827733702538,0,0
4031,0.6392379711562558,0,0
4032,0.6297830722883759,0,0
4033,0.617715686263959,0,0
4034,0.6091862620421836,0,0
4035,0.6082158101356208,0,0
4036,0.607146044891022,0,0
4037,0.6085305068495701,0,0
4038,0.6075614863511485,0,0
4039,0.610027557868116,0,0
4040,0.6195262499368399,0,0
4041,0.6130039428582443,0,0
4042,0.6206445542806366,0,0
4043,0.6165639214049985,0,0
4044,0.6166493276865463,0,0
4045,0.6201948003874878,0,0
4046,0.6091193585371816,0,0
4047,0.6240263985591297,0,0
4048,0.6474576790781532,0,0
4049,0.6289770255839686,0,0
4050,0.6599411800886893,0,0
4051,0.6379502961033335,0,0
4052,0.6633042818841263,0,0
4053,0.6505958766403215,0,0
4054,0.6593101410701391,0,0
4055,0.6511729848964385,0,0
4056,0.6679146624932184,0,0
4057,0.7436638647485247,0,0
4058,0.7311485853897921,0,0
4059,0.612394554240234,0,0
4060,0.6084711964326526,0,0
4061,0.6160383913499239,0,0
4062,0.6413478571012723,0,0
4063,0.6615260324986454,0,0
4064,0.6725620759034039,0,0
4065,0.6954117133865392,0,0
4066,0.6769208783897906,0,0
4067,0.6643294501642154,0,0
4068,0.6731981274785543,0,0
4069,0.6460046759897551,0,0
4070,0.6258827451823108,0,0
4071,0.6297248512840855,0,0
4072,0.6283707355764179,0,0
4073,0.6135117902290419,0,0
4074,0.6091977476148247,0,0
4075,0.6064084151587933,0,0
4076,0.6087351996490169,0,0
4077,0.608758940767344,0,0
4078,0.6156428873390417,0,0
4079,0.609119817320129,0,0
4080,0.6081814195011925,0,0
4081,0.6113019212847477,0,0
4082,0.6338953727913712,0,0
4083,0.6202738100747065,0,0
4084,0.63625766704235,0,0
4085,0.6439353170706466,0,0
4086,0.6117394927432158,0,0
4087,0.6229725205627753,0,0
4088,0.6210440241138353,0,0
4089,0.6307204517329112,0,0
4090,0.6701059432085734,0,0
4091,0.668357880165038,0,0
4092,0.7088382674400513,0,0
4093,0.6561908630047107,0,0
4094,0.6722496503434838,0,0
4095,0.6338398738873844,0,0
4096,0.6782930186012444,0,0
4097,0.6594887136234006,0,0
4098,0.6640434369781733,0,0
4099,0.6940456800576208,0,0
4100,0.6892648479410977,0,0
4101,0.6588143700336828,0,0
4102,0.7206663129013575,0,0
4103,0.7739832373845413,1,0
4104,0.7564910763270646,1,0
4105,0.7519007000361733,1,0
4106,0.7693664478541618,1,0
4107,0.6636654203686125,0,0
4108,0.633043361204161,0,0
4109,0.6179429321764753,0,0
4110,0.647452993964196,0,0
4111,0.610741727245927,0,0
4112,0.6977640277236097,0,0
4113,0.6118634756353866,0,0
4114,0.6195810329168219,0,0
4115,0.6343454923769054,0,0
4116,0.6456674587124422,0,0
4117,0.6651353306222209,0,0
4118,0.6706973957716689,0,0
4119,0.7401393752427787,0,1
4120,0.6970179883572,0,0
4121,0.6321857397737317,0,0
4122,0.6334365806661112,0,0
4123,0.619609965852942,0,0
4124,0.6187698769763315,0,0
4125,0.6083937904886122,0,0
4126,0.6055118194431859,0,0
4127,0.614735400352912,0,0
4128,0.6123058095748115,0,0
4129,0.6076006466241564,0,0
4130,0.6088573927156788,0,0
4131,0.6104694102169221,0,0
4132,0.6265376310585729,0,0
4133,0.6216722293768687,0,0
4134,0.6170974196046404,0,0
4135,0.6417546929576066,0,0
4136,0.6333033544957225,0,0
4137,0.6356798016934586,0,0
4138,0.6460815303229788,0,0
4139,0.6569353281772095,0,0
4140,0.6671385271706017,0,0
4141,0.6692980268583395,0,0
4142,0.6736873849449059,0,0
4143,0.7029520837097857,0,0
4144,0.7156155747882144,0,0
4145,0.7275448540556194,0,0
4146,0.7198653746876211,0,0
4147,0.7260007071369284,0,0
4148,0.7748962416546266,1,0
4149,0.7342780704288192,0,0
4150,0.7177383892756668,0,0
4151,0.7127885282085948,0,0
4152,0.6912191232922832,0,0
4153,0.6511191526254099,0,0
4154,0.6561768459010426,0,0
4155,0.6465700830409697,0,0
4156,0.6250193854080469,0,0
4157,0.6188430963119631,0,0
4158,0.6333241538276222,0,0
4159,0.6095673882752356,0,0
4160,0.62719292552659,0,0
4161,0.6287198686534827,0,0
4162,0.6762879443398976,0,0
4163,0.6736820332737702,0,0
4164,0.6760630699631891,0,0
4165,0.6784052864152506,0,0
4166,0.6270093612614593,0,0
4167,0.6133741177637783,0,0
4168,0.6117384699664812,0,0
4169,0.6129056629469963,0,0
4170,0.6076045910773832,0,0
4171,0.6083331374760268,0,0
4172,0.6177455187376477,0,0
4173,0.6156209812027826,0,0
4174,0.656726575809411,0,0
4175,0.6380386114815291,0,0
4176,0.7624305947547109,1,0
