B,G,R,class
0,2,181,normal
101,153,223,anomaly
131,131,131,normal
149,193,247,anomaly
232,205,209,normal
58,126,193,anomaly
237,199,164,normal
237,225,219,normal
254,132,110,normal
167,164,113,normal
206,217,255,anomaly
132,139,88,normal
188,100,154,normal
171,184,230,anomaly
84,83,32,normal
233,215,78,normal
199,197,162,normal
145,162,213,anomaly
115,154,216,anomaly
172,171,121,normal
102,103,53,normal
164,162,114,normal
201,127,73,normal
182,180,132,normal
49,51,15,normal
80,83,34,normal
101,139,193,anomaly
35,37,8,normal
132,135,90,normal
147,145,87,normal
152,193,255,anomaly
0,128,0,normal
101,105,158,anomaly
178,176,128,normal
177,96,153,normal
144,181,237,anomaly
198,198,158,normal
102,105,55,normal
178,176,128,normal
138,138,92,normal
59,62,17,normal
54,54,54,normal
56,57,23,normal
15,14,10,normal
150,187,255,anomaly
94,94,40,normal
201,200,162,normal
121,120,62,normal
153,154,104,normal
120,120,120,normal
132,135,89,normal
42,206,219,normal
139,142,93,normal
181,178,133,normal
152,172,227,anomaly
181,181,141,normal
146,145,89,normal
167,166,115,normal
158,161,129,normal
182,182,136,normal
54,55,21,normal
61,63,21,normal
33,34,32,normal
142,139,88,normal
109,112,63,normal
178,175,131,normal
25,28,12,normal
58,60,24,normal
184,182,134,normal
179,177,129,normal
199,197,162,normal
92,90,36,normal
170,161,111,normal
139,138,87,normal
190,191,147,normal
157,195,253,anomaly
41,38,24,normal
40,94,154,anomaly
196,195,157,normal
190,189,145,normal
248,250,250,normal
69,70,28,normal
100,95,156,normal
159,162,123,normal
165,162,111,normal
155,158,109,normal
80,82,40,normal
169,167,119,normal
180,177,132,normal
109,150,212,anomaly
2,0,0,normal
201,199,164,normal
198,198,158,normal
153,157,121,normal
178,176,128,normal
85,27,22,normal
2,2,2,normal
233,172,162,normal
225,212,204,normal
63,68,23,normal
149,152,126,normal
255,254,255,normal
241,235,230,normal
128,255,255,normal
178,175,131,normal
150,151,101,normal
44,48,13,normal
162,104,85,normal
145,146,96,normal
178,176,128,normal
163,164,114,normal
63,127,191,anomaly
244,175,166,normal
197,196,158,normal
148,186,234,anomaly
50,50,14,normal
186,180,185,normal
199,197,162,normal
114,116,57,normal
107,119,231,normal
92,195,220,normal
178,175,131,normal
25,28,13,normal
67,69,23,normal
180,176,135,normal
185,183,143,normal
177,174,129,normal
125,165,217,anomaly
29,28,2,normal
18,15,1,normal
171,171,123,normal
89,7,0,normal
62,118,183,anomaly
39,253,247,normal
135,136,92,normal
97,138,193,anomaly
177,174,130,normal
179,177,129,normal
74,49,207,normal
95,92,41,normal
179,178,134,normal
115,114,56,normal
169,171,129,normal
21,15,2,normal
200,209,252,anomaly
99,138,206,anomaly
55,56,22,normal
180,179,135,normal
65,62,48,normal
193,191,151,normal
139,141,89,normal
139,141,89,normal
120,151,220,anomaly
51,105,166,anomaly
184,181,137,normal
94,91,40,normal
110,109,51,normal
80,83,34,normal
34,37,35,normal
76,88,128,anomaly
182,179,135,normal
192,175,166,normal
2,186,0,normal
180,177,132,normal
167,166,122,normal
145,147,105,normal
53,57,22,normal
136,171,227,anomaly
105,147,218,anomaly
179,176,131,normal
48,2,0,normal
179,176,131,normal
68,70,24,normal
57,55,45,normal
177,176,132,normal
108,131,193,anomaly
33,154,86,normal
63,63,23,normal
47,104,149,anomaly
172,175,136,normal
152,151,100,normal
108,137,182,anomaly
196,195,161,normal
100,103,81,normal
73,82,125,anomaly
161,160,109,normal
83,85,33,normal
52,98,145,anomaly
54,55,21,normal
156,191,241,anomaly
180,177,132,normal
194,193,155,normal
3,1,0,normal
181,180,136,normal
177,170,120,normal
55,56,17,normal
137,171,217,anomaly
188,187,143,normal
200,199,161,normal
185,186,142,normal
32,221,254,normal
190,190,150,normal
114,110,75,normal
177,131,43,normal
37,37,7,normal
200,198,163,normal
125,123,175,normal
184,182,134,normal
199,197,163,normal
172,171,121,normal
137,167,232,anomaly
110,146,206,anomaly
136,139,90,normal
192,192,152,normal
64,64,18,normal
131,134,95,normal
135,138,93,normal
106,155,223,anomaly
180,182,182,normal
113,114,58,normal
121,151,200,anomaly
183,180,136,normal
142,141,85,normal
106,106,52,normal
107,144,212,anomaly
196,196,156,normal
170,169,119,normal
49,101,154,anomaly
223,244,189,normal
189,186,171,normal
26,52,28,normal
195,193,152,normal
176,174,126,normal
187,186,142,normal
33,35,6,normal
200,198,158,normal
98,101,51,normal
53,52,14,normal
150,191,254,anomaly
165,167,145,normal
60,120,186,anomaly
51,57,16,normal
164,170,135,normal
76,76,28,normal
175,172,127,normal
110,231,250,normal
103,102,46,normal
121,122,72,normal
137,140,91,normal
179,177,129,normal
149,152,103,normal
148,185,229,anomaly
24,51,25,normal
152,151,100,normal
196,194,163,normal
115,157,210,anomaly
164,163,113,normal
166,165,121,normal
187,186,142,normal
141,146,201,anomaly
57,59,23,normal
189,188,144,normal
159,159,119,normal
155,154,104,normal
154,190,254,anomaly
173,180,135,normal
113,112,54,normal
140,138,84,normal
160,163,124,normal
243,231,221,normal
162,165,120,normal
172,171,121,normal
181,178,134,normal
176,173,135,normal
178,175,130,normal
168,165,114,normal
170,169,119,normal
35,36,10,normal
140,139,88,normal
43,44,10,normal
197,195,160,normal
179,177,129,normal
148,149,99,normal
128,128,128,normal
165,163,115,normal
181,179,131,normal
102,135,191,anomaly
75,80,35,normal
154,187,232,anomaly
183,155,138,normal
110,75,89,normal
145,187,254,anomaly
100,148,220,anomaly
45,95,155,anomaly
201,200,162,normal
104,139,203,anomaly
248,212,206,normal
84,84,72,normal
161,165,124,normal
0,0,161,normal
194,191,146,normal
53,53,17,normal
172,171,121,normal
166,169,114,normal
179,176,131,normal
150,153,107,normal
56,105,161,anomaly
55,114,176,anomaly
160,161,111,normal
32,33,7,normal
162,133,118,normal
173,173,127,normal
200,197,159,normal
177,174,129,normal
180,180,132,normal
160,163,124,normal
169,185,228,anomaly
201,199,164,normal
107,139,198,anomaly
179,177,129,normal
6,7,0,normal
248,250,250,normal
55,52,8,normal
130,154,214,anomaly
98,145,219,anomaly
139,140,90,normal
2,5,3,normal
164,162,114,normal
97,146,220,anomaly
89,103,155,anomaly
190,188,148,normal
162,159,114,normal
131,161,216,anomaly
45,106,150,anomaly
204,202,168,normal
198,196,161,normal
196,197,158,normal
59,32,22,normal
121,153,219,anomaly
34,33,7,normal
201,200,162,normal
1,3,4,normal
199,197,163,normal
183,180,135,normal
177,174,129,normal
184,153,132,normal
183,180,135,normal
141,184,251,anomaly
175,172,127,normal
164,160,112,normal
20,16,5,normal
83,111,135,anomaly
195,209,255,anomaly
138,138,92,normal
42,43,41,normal
67,123,182,anomaly
136,161,225,anomaly
4,183,0,normal
4,5,1,normal
94,92,38,normal
126,93,14,normal
179,176,132,normal
139,162,230,anomaly
64,66,24,normal
210,212,222,normal
179,176,132,normal
0,1,0,normal
245,250,253,normal
103,102,46,normal
176,175,125,normal
175,173,125,normal
189,190,148,normal
201,200,162,normal
166,162,114,normal
194,101,140,normal
160,164,129,normal
135,125,255,normal
112,153,215,anomaly
175,173,125,normal
140,144,103,normal
242,233,223,normal
176,174,126,normal
72,90,151,anomaly
157,162,123,normal
30,29,3,normal
156,177,238,anomaly
73,47,207,normal
198,195,164,normal
166,185,230,anomaly
14,193,254,normal
56,57,18,normal
255,0,255,normal
168,184,237,anomaly
147,150,101,normal
172,168,119,normal
127,127,127,normal
193,192,154,normal
172,170,122,normal
173,187,239,anomaly
112,111,53,normal
152,156,115,normal
59,59,59,normal
32,33,7,normal
62,66,25,normal
171,170,119,normal
131,134,95,normal
171,172,140,normal
179,177,129,normal
2,180,0,normal
248,250,250,normal
197,197,157,normal
56,61,22,normal
90,67,249,normal
19,16,2,normal
148,147,91,normal
76,178,231,normal
129,133,92,normal
48,100,160,anomaly
222,150,80,normal
162,160,112,normal
179,177,129,normal
135,169,215,anomaly
3,2,0,normal
72,73,23,normal
233,95,76,normal
156,157,113,normal
6,4,3,normal
37,70,36,normal
138,139,89,normal
80,117,191,anomaly
62,57,26,normal
98,144,222,anomaly
144,186,251,anomaly
172,171,121,normal
105,107,55,normal
95,94,60,normal
29,28,7,normal
23,20,5,normal
127,151,217,anomaly
169,180,237,anomaly
90,68,247,normal
54,58,23,normal
179,176,131,normal
29,43,37,normal
141,145,96,normal
129,130,86,normal
15,14,0,normal
80,84,65,normal
172,171,121,normal
112,115,66,normal
165,162,111,normal
178,178,138,normal
201,201,165,normal
129,129,129,normal
162,185,231,anomaly
195,196,157,normal
69,85,122,anomaly
198,198,158,normal
190,189,145,normal
75,67,27,normal
57,118,186,anomaly
46,107,169,anomaly
186,187,145,normal
196,195,157,normal
15,13,2,normal
149,152,106,normal
148,149,107,normal
167,166,115,normal
111,219,243,normal
172,187,236,anomaly
172,186,239,anomaly
108,113,62,normal
169,173,124,normal
202,201,163,normal
184,183,139,normal
167,163,114,normal
152,155,105,normal
148,188,247,anomaly
56,114,96,normal
102,103,63,normal
53,55,19,normal
151,150,99,normal
89,86,35,normal
165,164,113,normal
181,178,134,normal
54,54,18,normal
167,163,114,normal
180,177,133,normal
64,108,167,anomaly
57,59,23,normal
79,118,193,anomaly
68,173,224,normal
69,137,130,normal
186,183,139,normal
181,178,134,normal
162,160,112,normal
72,75,25,normal
52,116,181,anomaly
170,169,119,normal
74,106,171,anomaly
181,197,244,anomaly
36,37,11,normal
145,189,250,anomaly
183,181,133,normal
166,164,110,normal
164,163,113,normal
51,119,186,anomaly
135,141,94,normal
207,215,255,anomaly
19,16,0,normal
134,161,225,anomaly
150,172,23,normal
63,91,151,anomaly
145,143,89,normal
199,198,160,normal
44,45,11,normal
2,0,0,normal
74,75,43,normal
183,179,138,normal
120,119,61,normal
131,185,218,normal
5,5,0,normal
139,139,85,normal
51,68,131,anomaly
55,57,21,normal
4,2,1,normal
20,17,2,normal
185,184,140,normal
62,63,24,normal
146,148,96,normal
179,177,129,normal
177,176,132,normal
157,159,117,normal
6,4,3,normal
50,92,137,anomaly
246,234,230,normal
176,174,126,normal
55,108,171,anomaly
138,139,89,normal
29,29,17,normal
15,14,0,normal
49,168,90,normal
157,161,125,normal
119,156,106,normal
80,81,31,normal
73,75,56,normal
48,47,9,normal
36,90,143,anomaly
165,164,114,normal
79,86,129,anomaly
127,162,226,anomaly
42,44,8,normal
96,139,220,anomaly
187,186,142,normal
177,170,127,normal
255,0,255,normal
86,110,156,anomaly
53,55,19,normal
14,5,185,normal
46,42,31,normal
182,176,131,normal
19,20,10,normal
85,84,63,normal
91,90,39,normal
53,53,17,normal
70,70,30,normal
172,171,121,normal
249,253,254,normal
153,154,110,normal
181,180,142,normal
178,175,130,normal
182,183,141,normal
161,165,130,normal
179,180,138,normal
150,95,218,normal
167,181,230,anomaly
172,188,235,anomaly
176,173,128,normal
120,154,220,anomaly
41,223,253,normal
170,183,235,anomaly
177,175,127,normal
198,196,162,normal
157,171,223,anomaly
151,154,105,normal
59,60,20,normal
144,169,225,anomaly
132,172,221,anomaly
163,162,112,normal
32,33,7,normal
116,97,70,normal
80,48,255,normal
24,22,4,normal
164,165,115,normal
96,131,197,anomaly
68,128,188,anomaly
182,186,180,normal
99,139,204,anomaly
179,180,138,normal
38,37,23,normal
189,202,210,normal
155,154,98,normal
53,57,22,normal
170,187,238,anomaly
161,161,115,normal
78,81,32,normal
201,199,164,normal
53,54,20,normal
0,2,0,normal
141,79,103,normal
169,184,233,anomaly
97,143,220,anomaly
61,62,20,normal
137,136,78,normal
173,181,134,normal
54,55,21,normal
164,162,114,normal
54,108,163,anomaly
152,153,103,normal
13,12,8,normal
70,72,26,normal
118,166,30,normal
28,36,26,normal
1,1,1,normal
164,162,114,normal
183,179,138,normal
1,180,1,normal
9,13,8,normal
96,145,219,anomaly
53,54,20,normal
50,107,152,anomaly
136,137,98,normal
132,135,85,normal
53,52,8,normal
156,160,125,normal
110,90,95,normal
22,70,42,normal
236,193,160,normal
148,185,253,anomaly
139,141,89,normal
135,138,93,normal
53,72,133,anomaly
186,185,164,normal
157,98,220,normal
53,57,22,normal
97,130,193,anomaly
12,11,7,normal
172,168,119,normal
93,96,41,normal
183,183,143,normal
201,200,162,normal
192,192,156,normal
111,149,213,anomaly
138,139,89,normal
180,174,131,normal
163,167,126,normal
143,142,86,normal
54,55,21,normal
20,17,2,normal
119,118,84,normal
172,173,129,normal
138,139,89,normal
60,121,183,anomaly
104,146,211,anomaly
107,108,58,normal
163,161,113,normal
94,141,223,anomaly
104,104,56,normal
93,93,39,normal
110,157,219,anomaly
15,123,11,normal
168,169,119,normal
162,120,43,normal
11,8,4,normal
182,179,135,normal
160,197,255,anomaly
170,169,119,normal
2,3,0,normal
179,179,131,normal
187,185,137,normal
43,163,82,normal
164,164,118,normal
167,185,244,anomaly
231,215,209,normal
69,69,23,normal
98,102,153,anomaly
158,162,127,normal
157,194,255,anomaly
255,243,200,normal
173,173,127,normal
178,175,130,normal
194,194,154,normal
86,85,89,normal
155,192,254,anomaly
34,34,22,normal
180,196,239,anomaly
22,20,2,normal
11,9,1,normal
117,117,57,normal
140,142,96,normal
136,139,90,normal
196,196,160,normal
176,173,129,normal
35,37,8,normal
5,29,19,normal
5,8,0,normal
199,199,159,normal
201,198,167,normal
172,173,133,normal
183,179,138,normal
199,197,162,normal
62,62,22,normal
62,67,22,normal
248,252,253,normal
93,139,217,anomaly
199,198,160,normal
44,60,42,normal
53,53,53,normal
201,211,251,anomaly
0,0,255,normal
58,61,22,normal
92,138,222,anomaly
175,176,132,normal
90,68,247,normal
50,52,16,normal
165,163,115,normal
99,128,189,anomaly
91,143,219,anomaly
186,185,141,normal
50,46,22,normal
12,9,5,normal
10,11,0,normal
170,166,118,normal
195,193,158,normal
51,52,18,normal
10,8,8,normal
187,185,137,normal
141,140,84,normal
38,161,81,normal
185,183,143,normal
174,172,124,normal
255,250,177,normal
162,161,111,normal
42,163,89,normal
8,68,50,normal
118,154,224,anomaly
178,175,131,normal
110,90,72,normal
138,21,136,normal
152,172,23,normal
126,129,184,anomaly
19,179,209,normal
105,154,224,anomaly
112,153,215,anomaly
178,178,132,normal
128,131,86,normal
184,183,139,normal
255,255,255,normal
34,106,93,normal
39,94,151,anomaly
0,127,255,normal
136,176,229,anomaly
139,133,96,normal
54,55,16,normal
41,114,82,normal
199,197,162,normal
180,180,134,normal
178,176,128,normal
168,171,121,normal
123,123,69,normal
168,139,118,normal
46,44,13,normal
184,182,134,normal
86,85,27,normal
180,179,135,normal
53,94,143,anomaly
182,179,135,normal
150,169,22,normal
45,44,30,normal
6,5,1,normal
201,200,162,normal
120,119,61,normal
182,179,135,normal
69,71,49,normal
72,58,213,normal
181,180,136,normal
54,55,21,normal
59,57,27,normal
173,173,125,normal
149,167,226,anomaly
55,56,22,normal
5,21,14,normal
187,186,142,normal
4,0,162,normal
141,144,95,normal
53,57,22,normal
159,162,123,normal
7,4,0,normal
61,56,217,normal
0,193,0,normal
201,200,162,normal
137,136,78,normal
200,198,163,normal
200,207,255,anomaly
238,227,229,normal
157,159,113,normal
174,171,126,normal
140,139,89,normal
165,164,114,normal
67,70,25,normal
0,0,255,normal
105,131,191,anomaly
19,16,2,normal
132,171,223,anomaly
102,154,224,anomaly
57,115,174,anomaly
154,155,111,normal
64,68,27,normal
57,114,176,anomaly
97,134,190,anomaly
163,166,117,normal
3,184,0,normal
51,111,181,anomaly
166,168,122,normal
173,172,122,normal
172,168,120,normal
166,163,112,normal
149,187,251,anomaly
14,26,8,normal
101,151,227,anomaly
77,87,127,anomaly
177,176,142,normal
183,184,140,normal
202,197,148,normal
241,169,159,normal
45,95,148,anomaly
10,250,251,normal
137,140,91,normal
119,159,218,anomaly
205,204,170,normal
57,59,13,normal
8,10,4,normal
54,54,18,normal
108,229,249,normal
169,172,133,normal
132,167,223,anomaly
155,159,124,normal
76,76,28,normal
2,171,252,normal
0,255,255,normal
110,109,81,normal
200,198,164,normal
53,57,21,normal
62,67,22,normal
130,135,90,normal
202,200,165,normal
182,181,137,normal
60,119,181,anomaly
79,82,33,normal
129,162,231,anomaly
181,178,134,normal
54,55,16,normal
255,255,255,normal
55,56,22,normal
164,162,114,normal
183,180,136,normal
167,167,119,normal
55,56,24,normal
60,126,197,anomaly
172,184,118,normal
178,175,131,normal
155,174,217,anomaly
51,51,51,normal
140,176,222,anomaly
178,178,132,normal
180,180,132,normal
185,183,143,normal
93,88,149,normal
128,162,215,anomaly
96,145,219,anomaly
128,128,128,normal
113,139,186,anomaly
182,179,135,normal
173,170,125,normal
133,177,231,anomaly
128,128,128,normal
198,198,158,normal
148,150,98,normal
2,4,0,normal
58,59,19,normal
208,195,181,normal
187,188,172,normal
53,56,24,normal
80,80,32,normal
153,154,104,normal
131,131,131,normal
174,188,240,anomaly
144,165,19,normal
14,7,188,normal
0,0,0,normal
121,150,224,anomaly
179,166,120,normal
233,243,250,normal
122,134,188,anomaly
69,71,25,normal
152,188,228,anomaly
204,203,169,normal
172,169,124,normal
172,171,121,normal
185,182,137,normal
149,148,92,normal
180,178,130,normal
133,231,243,normal
129,164,227,anomaly
203,213,253,anomaly
144,164,229,anomaly
133,132,188,anomaly
157,161,126,normal
90,124,194,anomaly
13,255,255,normal
55,91,45,normal
100,106,159,anomaly
82,114,187,anomaly
78,132,115,normal
199,194,161,normal
198,198,158,normal
101,144,211,anomaly
182,179,135,normal
13,9,0,normal
142,182,247,anomaly
146,172,232,anomaly
117,107,113,normal
17,17,5,normal
99,202,197,normal
160,159,109,normal
178,179,137,normal
199,197,162,normal
55,55,55,normal
169,165,116,normal
194,193,155,normal
201,200,162,normal
163,161,113,normal
196,195,157,normal
99,59,160,normal
140,134,89,normal
63,67,25,normal
150,152,100,normal
155,192,254,anomaly
201,200,162,normal
61,65,23,normal
250,254,255,normal
240,111,78,normal
174,172,124,normal
129,131,89,normal
201,200,162,normal
53,54,20,normal
53,102,152,anomaly
75,85,125,anomaly
12,12,0,normal
69,71,25,normal
142,145,96,normal
63,63,23,normal
96,139,220,anomaly
169,185,238,anomaly
167,163,115,normal
177,174,130,normal
188,186,146,normal
149,147,93,normal
233,243,250,normal
179,178,134,normal
125,146,173,anomaly
118,117,59,normal
95,94,60,normal
122,159,217,anomaly
6,6,6,normal
36,34,23,normal
13,12,8,normal
50,107,168,anomaly
66,68,22,normal
144,183,222,anomaly
159,66,157,normal
94,131,181,anomaly
49,51,15,normal
218,94,83,normal
48,103,154,anomaly
46,54,17,normal
128,255,0,normal
64,65,23,normal
113,115,169,anomaly
255,0,0,normal
102,107,162,anomaly
98,152,123,normal
168,165,114,normal
150,190,255,anomaly
99,138,206,anomaly
199,196,165,normal
67,76,119,anomaly
22,19,4,normal
182,180,132,normal
93,137,221,anomaly
55,56,24,normal
156,193,255,anomaly
18,18,6,normal
190,165,63,normal
75,77,31,normal
0,1,163,normal
136,138,92,normal
68,131,121,normal
65,53,205,normal
95,137,220,anomaly
141,140,89,normal
94,68,245,normal
187,185,137,normal
132,171,223,anomaly
76,79,34,normal
179,176,131,normal
16,16,0,normal
3,20,153,normal
63,63,23,normal
62,116,171,anomaly
43,108,255,normal
0,0,162,normal
153,155,103,normal
52,53,19,normal
15,14,0,normal
79,51,210,normal
54,58,23,normal
220,180,78,normal
204,202,168,normal
146,66,125,normal
16,14,3,normal
201,199,164,normal
91,91,45,normal
107,145,217,anomaly
53,54,20,normal
163,163,115,normal
157,160,115,normal
49,43,14,normal
165,164,113,normal
167,167,119,normal
131,141,151,normal
164,181,232,anomaly
36,0,144,normal
177,176,126,normal
181,179,131,normal
93,91,83,normal
90,30,14,normal
15,12,7,normal
136,136,136,normal
34,34,10,normal
200,209,253,anomaly
249,131,119,normal
179,176,132,normal
130,161,230,anomaly
201,200,162,normal
157,161,125,normal
168,184,231,anomaly
178,175,131,normal
97,156,226,anomaly
172,170,122,normal
100,134,193,anomaly
136,162,228,anomaly
179,177,129,normal
1,0,4,normal
161,165,129,normal
202,197,164,normal
176,172,137,normal
164,163,113,normal
41,42,10,normal
173,142,97,normal
162,162,114,normal
187,183,142,normal
62,42,201,normal
47,22,196,normal
161,162,112,normal
75,78,39,normal
37,36,10,normal
202,201,163,normal
165,161,112,normal
186,185,141,normal
198,198,174,normal
129,163,229,anomaly
116,155,217,anomaly
186,185,141,normal
140,141,91,normal
165,164,114,normal
163,159,110,normal
85,95,143,anomaly
170,170,122,normal
200,198,163,normal
63,68,23,normal
164,163,113,normal
0,147,184,normal
3,1,1,normal
110,213,208,normal
60,57,13,normal
199,198,164,normal
182,179,135,normal
197,198,159,normal
157,160,121,normal
33,32,6,normal
185,184,140,normal
101,76,240,normal
91,192,190,normal
136,139,90,normal
142,145,100,normal
176,144,101,normal
150,163,231,anomaly
0,0,1,normal
178,174,126,normal
153,158,119,normal
112,150,215,anomaly
196,196,160,normal
133,137,96,normal
184,183,139,normal
178,179,137,normal
177,172,127,normal
165,134,43,normal
215,203,191,normal
165,163,115,normal
196,196,160,normal
39,114,255,normal
0,0,255,normal
172,186,235,anomaly
179,177,129,normal
182,181,137,normal
168,169,119,normal
179,177,137,normal
182,181,137,normal
253,255,255,normal
199,197,163,normal
162,164,164,normal
163,162,112,normal
156,158,112,normal
59,60,20,normal
166,202,240,anomaly
52,79,213,normal
178,173,128,normal
183,182,138,normal
170,185,231,anomaly
21,22,2,normal
54,55,21,normal
165,165,117,normal
13,5,182,normal
26,17,7,normal
143,165,223,anomaly
155,161,126,normal
117,150,219,anomaly
255,254,255,normal
92,139,221,anomaly
6,4,3,normal
170,171,121,normal
199,197,162,normal
31,28,7,normal
34,51,38,normal
170,159,115,normal
27,31,19,normal
255,0,255,normal
179,178,134,normal
178,175,131,normal
136,139,90,normal
166,200,255,anomaly
97,95,41,normal
178,175,131,normal
80,32,14,normal
199,197,163,normal
186,187,161,normal
192,192,152,normal
180,177,133,normal
201,200,162,normal
182,179,135,normal
255,0,255,normal
182,179,135,normal
135,133,79,normal
64,57,18,normal
81,80,29,normal
158,174,227,anomaly
117,152,220,anomaly
201,200,162,normal
157,160,115,normal
96,144,216,anomaly
129,158,225,anomaly
179,176,131,normal
177,174,129,normal
145,185,250,anomaly
54,58,23,normal
5,4,6,normal
169,170,136,normal
253,252,254,normal
177,175,127,normal
158,159,109,normal
182,180,126,normal
102,20,8,normal
61,60,32,normal
89,131,220,anomaly
134,138,191,anomaly
6,7,3,normal
48,49,15,normal
133,136,97,normal
26,26,14,normal
75,77,31,normal
172,169,124,normal
180,179,135,normal
95,133,187,anomaly
8,7,3,normal
97,139,206,anomaly
199,197,163,normal
179,176,131,normal
52,53,44,normal
198,196,161,normal
166,164,116,normal
135,134,76,normal
54,55,16,normal
196,195,157,normal
32,33,7,normal
153,191,255,anomaly
53,57,22,normal
147,186,254,anomaly
36,37,33,normal
180,178,130,normal
74,122,98,normal
51,90,145,anomaly
13,12,2,normal
206,204,174,normal
57,104,160,anomaly
180,176,127,normal
140,143,94,normal
170,168,127,normal
46,48,12,normal
76,82,125,anomaly
176,175,125,normal
15,14,0,normal
93,90,146,normal
100,147,221,anomaly
173,94,151,normal
52,120,195,anomaly
164,77,163,normal
83,84,34,normal
165,180,229,anomaly
97,200,195,normal
44,93,139,anomaly
38,80,49,normal
140,164,230,anomaly
110,153,210,anomaly
193,196,201,normal
53,53,17,normal
73,73,27,normal
0,0,3,normal
201,200,162,normal
175,173,132,normal
139,179,227,anomaly
125,137,203,anomaly
170,166,117,normal
136,139,90,normal
45,46,12,normal
196,195,157,normal
95,141,218,anomaly
150,150,102,normal
0,0,194,normal
56,61,22,normal
35,32,17,normal
163,164,130,normal
202,160,207,normal
235,191,154,normal
181,179,138,normal
17,13,2,normal
198,198,158,normal
186,185,141,normal
100,203,198,normal
107,210,205,normal
137,167,232,anomaly
194,187,154,normal
13,13,7,normal
122,121,123,normal
70,73,24,normal
162,160,112,normal
172,169,124,normal
143,141,87,normal
111,109,61,normal
110,114,167,anomaly
78,81,32,normal
57,55,45,normal
110,109,53,normal
255,255,255,normal
177,177,131,normal
156,160,125,normal
194,209,211,normal
35,34,8,normal
124,124,64,normal
202,159,210,normal
174,170,122,normal
171,170,120,normal
118,156,210,anomaly
129,166,218,anomaly
179,176,132,normal
32,25,116,normal
166,167,123,normal
23,23,0,normal
60,105,156,anomaly
226,211,79,normal
140,139,88,normal
90,143,223,anomaly
200,198,164,normal
137,144,83,normal
120,123,178,anomaly
102,139,191,anomaly
124,162,226,anomaly
26,23,18,normal
84,90,131,anomaly
153,156,111,normal
53,54,20,normal
15,14,0,normal
184,183,139,normal
180,179,135,normal
194,196,197,normal
148,151,102,normal
62,122,181,anomaly
139,156,122,normal
176,182,135,normal
164,167,128,normal
44,74,45,normal
97,146,220,anomaly
178,177,133,normal
183,183,137,normal
180,179,135,normal
169,168,118,normal
172,170,122,normal
170,191,243,anomaly
142,141,85,normal
179,177,129,normal
0,0,0,normal
123,122,64,normal
111,95,102,normal
231,214,205,normal
109,226,253,normal
121,153,219,anomaly
147,188,250,anomaly
180,179,135,normal
175,173,125,normal
61,65,24,normal
164,160,112,normal
195,193,152,normal
138,137,86,normal
61,63,27,normal
152,193,255,anomaly
133,136,87,normal
177,174,129,normal
162,166,131,normal
123,77,89,normal
200,196,161,normal
51,97,144,anomaly
156,155,99,normal
131,168,220,anomaly
145,143,89,normal
124,127,182,anomaly
172,171,121,normal
96,80,68,normal
62,19,240,normal
54,55,21,normal
111,213,208,normal
115,117,71,normal
176,174,126,normal
30,27,6,normal
172,171,121,normal
184,183,139,normal
143,142,86,normal
59,42,240,normal
55,56,22,normal
129,130,90,normal
168,164,116,normal
51,118,187,anomaly
1,1,1,normal
6,4,0,normal
172,186,234,anomaly
125,126,70,normal
159,162,123,normal
176,175,125,normal
17,16,2,normal
45,94,138,anomaly
167,166,115,normal
196,195,157,normal
129,133,92,normal
186,184,143,normal
120,117,126,normal
59,24,235,normal
62,119,175,anomaly
29,26,5,normal
118,142,170,anomaly
172,171,121,normal
132,135,86,normal
151,149,95,normal
173,189,235,anomaly
10,11,15,normal
17,17,11,normal
2,5,3,normal
175,175,127,normal
53,126,200,anomaly
0,0,3,normal
132,133,99,normal
164,163,113,normal
166,161,136,normal
154,157,125,normal
168,164,116,normal
148,186,251,anomaly
222,217,216,normal
53,53,17,normal
195,193,152,normal
199,195,160,normal
190,152,44,normal
174,170,122,normal
172,171,121,normal
29,84,69,normal
78,113,187,anomaly
4,0,5,normal
150,76,70,normal
169,172,116,normal
132,164,229,anomaly
176,174,126,normal
140,139,83,normal
91,92,42,normal
207,205,175,normal
97,101,152,anomaly
104,154,220,anomaly
176,170,133,normal
175,173,132,normal
163,161,113,normal
167,163,114,normal
201,200,162,normal
137,171,225,anomaly
49,50,41,normal
51,44,235,normal
30,37,22,normal
6,250,255,normal
141,181,246,anomaly
173,172,122,normal
23,22,1,normal
157,156,100,normal
145,136,98,normal
166,180,232,anomaly
153,193,252,anomaly
172,172,126,normal
28,30,8,normal
110,234,252,normal
82,90,130,anomaly
128,170,217,anomaly
19,16,2,normal
118,148,205,anomaly
173,171,123,normal
182,181,137,normal
28,55,29,normal
139,138,87,normal
61,63,21,normal
199,197,163,normal
172,171,127,normal
36,60,42,normal
130,133,94,normal
118,153,219,anomaly
61,33,217,normal
197,195,160,normal
149,147,93,normal
80,86,129,anomaly
51,76,210,normal
152,155,110,normal
1,2,0,normal
244,236,236,normal
200,199,165,normal
199,197,162,normal
43,43,13,normal
138,145,108,normal
182,179,135,normal
198,195,167,normal
63,64,32,normal
84,116,191,anomaly
47,48,14,normal
67,69,27,normal
173,172,122,normal
99,138,193,anomaly
199,196,165,normal
202,212,252,anomaly
180,178,137,normal
116,115,57,normal
141,144,95,normal
169,167,136,normal
54,58,22,normal
146,171,235,anomaly
171,175,123,normal
21,17,0,normal
167,167,121,normal
144,159,222,anomaly
181,178,133,normal
54,55,21,normal
197,195,160,normal
180,179,135,normal
76,95,146,anomaly
166,163,112,normal
53,53,17,normal
200,198,163,normal
122,143,165,anomaly
20,127,188,normal
55,105,158,anomaly
191,189,149,normal
73,74,34,normal
196,194,154,normal
201,200,162,normal
61,170,92,normal
181,178,134,normal
135,171,225,anomaly
110,112,66,normal
80,94,130,anomaly
17,15,15,normal
12,9,0,normal
53,54,20,normal
56,103,154,anomaly
156,156,110,normal
89,91,39,normal
178,176,128,normal
156,165,229,anomaly
132,174,221,anomaly
169,169,123,normal
148,157,221,anomaly
198,197,159,normal
128,133,88,normal
196,195,157,normal
0,134,104,normal
151,186,229,anomaly
197,193,158,normal
46,113,255,normal
2,0,1,normal
67,35,246,normal
180,179,135,normal
69,170,168,normal
166,165,114,normal
56,97,142,anomaly
163,160,109,normal
60,60,60,normal
175,173,125,normal
15,9,2,normal
25,195,249,normal
162,168,255,normal
166,165,121,normal
198,196,161,normal
67,68,28,normal
159,158,108,normal
62,62,22,normal
255,253,255,normal
60,61,52,normal
177,174,129,normal
31,32,6,normal
174,172,124,normal
177,174,129,normal
43,42,8,normal
58,60,24,normal
169,184,233,anomaly
179,176,131,normal
100,100,46,normal
134,132,78,normal
201,199,164,normal
53,54,20,normal
54,55,21,normal
142,141,83,normal
136,145,102,normal
54,55,21,normal
174,190,233,anomaly
56,83,217,normal
3,1,1,normal
143,140,89,normal
132,144,150,normal
60,64,23,normal
163,177,230,anomaly
5,0,4,normal
16,14,3,normal
200,198,163,normal
52,103,255,normal
181,178,134,normal
67,82,138,anomaly
33,34,0,normal
193,195,149,normal
197,196,158,normal
110,106,81,normal
166,163,118,normal
111,151,210,anomaly
196,197,155,normal
91,140,220,anomaly
37,83,70,normal
153,154,104,normal
36,83,144,anomaly
181,147,58,normal
190,189,151,normal
255,0,255,normal
138,139,89,normal
151,153,218,normal
194,205,255,anomaly
141,161,226,anomaly
182,179,135,normal
174,174,128,normal
149,151,99,normal
23,39,16,normal
2,1,0,normal
97,148,218,anomaly
151,151,103,normal
47,51,26,normal
42,45,19,normal
154,192,255,anomaly
3,0,182,normal
139,179,244,anomaly
116,155,217,anomaly
179,175,134,normal
179,166,120,normal
99,105,58,normal
138,141,92,normal
183,179,138,normal
156,156,120,normal
136,139,90,normal
172,171,121,normal
45,101,148,anomaly
85,86,36,normal
54,55,21,normal
195,192,154,normal
19,14,0,normal
179,177,129,normal
139,142,93,normal
157,175,234,anomaly
0,10,145,normal
198,198,158,normal
205,204,170,normal
204,202,168,normal
129,132,87,normal
199,197,163,normal
53,58,19,normal
186,181,136,normal
184,181,136,normal
105,108,58,normal
54,56,20,normal
23,24,4,normal
31,38,25,normal
129,149,180,anomaly
149,147,89,normal
182,179,135,normal
116,154,34,normal
43,89,136,anomaly
179,177,129,normal
155,159,118,normal
161,163,127,normal
57,54,46,normal
178,178,132,normal
49,32,19,normal
173,172,122,normal
68,70,24,normal
197,200,168,normal
136,138,92,normal
72,130,195,anomaly
255,139,255,normal
108,156,222,anomaly
12,44,33,normal
28,15,221,normal
127,166,218,anomaly
180,180,134,normal
68,69,25,normal
11,9,8,normal
54,58,22,normal
133,137,102,normal
52,114,185,anomaly
179,177,129,normal
29,29,5,normal
182,179,135,normal
91,29,13,normal
130,129,71,normal
182,184,148,normal
147,161,227,anomaly
144,115,101,normal
197,197,157,normal
36,35,7,normal
32,33,7,normal
1,0,162,normal
160,180,235,anomaly
98,145,219,anomaly
195,193,152,normal
157,194,255,anomaly
0,1,183,normal
65,66,22,normal
117,157,210,anomaly
53,54,20,normal
47,120,188,anomaly
151,192,254,anomaly
11,11,0,normal
203,201,167,normal
18,19,139,normal
111,146,220,anomaly
133,131,90,normal
196,195,157,normal
165,164,113,normal
58,58,18,normal
80,81,37,normal
110,86,50,normal
193,192,154,normal
199,197,162,normal
31,33,181,normal
46,121,219,normal
19,9,193,normal
198,197,159,normal
54,126,196,anomaly
143,167,227,anomaly
44,93,149,anomaly
81,84,58,normal
225,220,221,normal
156,193,255,anomaly
178,175,131,normal
73,75,29,normal
101,101,47,normal
178,175,131,normal
138,139,99,normal
86,84,30,normal
187,123,189,normal
75,79,38,normal
150,149,91,normal
241,206,173,normal
100,151,224,anomaly
52,54,18,normal
164,89,163,normal
131,134,89,normal
199,198,160,normal
182,147,61,normal
182,179,134,normal
200,198,163,normal
69,71,25,normal
181,180,136,normal
199,197,163,normal
29,97,74,normal
180,179,135,normal
129,172,215,anomaly
50,50,14,normal
173,170,125,normal
149,92,214,normal
163,163,115,normal
164,163,113,normal
76,115,190,anomaly
88,63,243,normal
172,187,236,anomaly
19,10,1,normal
167,163,114,normal
59,113,166,anomaly
170,170,124,normal
2,1,0,normal
183,174,130,normal
174,172,124,normal
178,176,128,normal
170,169,119,normal
69,70,26,normal
146,144,90,normal
113,154,216,anomaly
98,99,49,normal
52,58,17,normal
170,170,124,normal
155,158,108,normal
28,65,39,normal
157,161,125,normal
58,58,22,normal
150,153,108,normal
169,165,117,normal
138,139,89,normal
59,59,59,normal
139,142,93,normal
163,160,109,normal
203,212,255,anomaly
140,125,106,normal
113,154,216,anomaly
197,197,157,normal
140,143,94,normal
162,165,119,normal
146,182,252,anomaly
126,165,217,anomaly
179,177,136,normal
6,4,0,normal
163,162,112,normal
180,176,127,normal
15,14,0,normal
61,61,21,normal
173,173,127,normal
1,2,0,normal
119,119,73,normal
246,123,91,normal
113,164,36,normal
192,192,152,normal
163,164,114,normal
164,162,114,normal
199,198,160,normal
208,212,217,normal
169,160,116,normal
79,79,33,normal
167,179,227,anomaly
164,163,113,normal
150,155,110,normal
172,168,119,normal
200,198,163,normal
121,153,212,anomaly
205,214,255,anomaly
142,144,92,normal
95,93,45,normal
21,21,15,normal
7,10,1,normal
37,88,74,normal
5,5,0,normal
201,200,162,normal
134,167,230,anomaly
195,193,152,normal
65,67,25,normal
147,92,215,normal
162,160,112,normal
119,122,72,normal
16,14,3,normal
176,179,123,normal
155,164,114,normal
59,86,220,normal
136,139,90,normal
57,59,23,normal
46,73,57,normal
133,136,87,normal
57,59,23,normal
181,179,131,normal
136,138,102,normal
180,178,137,normal
68,69,25,normal
152,157,112,normal
54,60,25,normal
159,157,103,normal
77,110,183,anomaly
201,211,251,anomaly
56,81,145,anomaly
75,113,195,anomaly
71,73,43,normal
76,74,34,normal
80,44,252,normal
149,188,243,anomaly
53,105,165,anomaly
119,121,175,anomaly
66,67,25,normal
182,181,130,normal
199,197,162,normal
118,151,220,anomaly
199,197,162,normal
43,44,12,normal
122,154,220,anomaly
123,82,87,normal
171,184,236,anomaly
42,129,101,normal
82,85,30,normal
113,112,54,normal
124,150,180,anomaly
152,190,254,anomaly
189,187,147,normal
149,189,254,anomaly
199,197,162,normal
204,203,169,normal
176,175,124,normal
196,206,253,anomaly
153,154,110,normal
165,165,117,normal
178,175,131,normal
89,87,33,normal
180,179,135,normal
101,160,230,anomaly
15,17,5,normal
171,170,120,normal
157,160,115,normal
180,178,130,normal
6,8,9,normal
47,47,33,normal
179,177,129,normal
128,167,219,anomaly
178,176,128,normal
17,50,36,normal
179,176,131,normal
141,179,221,anomaly
173,172,121,normal
60,59,25,normal
164,162,114,normal
163,161,113,normal
142,141,90,normal
196,195,157,normal
179,176,131,normal
164,166,130,normal
80,86,129,anomaly
130,165,229,anomaly
178,175,131,normal
83,80,29,normal
106,104,80,normal
35,34,8,normal
130,145,177,anomaly
142,181,255,anomaly
56,58,22,normal
151,175,241,normal
103,102,46,normal
47,104,149,anomaly
142,170,235,anomaly
202,200,165,normal
148,150,98,normal
78,21,30,normal
60,112,172,anomaly
125,164,216,anomaly
133,134,92,normal
183,180,135,normal
61,62,20,normal
98,138,213,anomaly
141,139,85,normal
124,158,218,anomaly
182,179,135,normal
240,154,142,normal
114,117,67,normal
152,155,110,normal
11,7,0,normal
163,196,235,anomaly
168,183,232,anomaly
169,98,165,normal
55,55,15,normal
59,86,143,anomaly
161,161,113,normal
46,106,152,anomaly
87,90,35,normal
63,68,23,normal
201,200,162,normal
44,106,255,normal
179,176,131,normal
52,53,19,normal
91,97,150,anomaly
179,178,134,normal
16,16,10,normal
110,163,230,anomaly
177,177,131,normal
182,179,135,normal
163,167,132,normal
198,196,161,normal
160,169,119,normal
109,120,234,normal
146,149,94,normal
161,165,129,normal
93,99,152,anomaly
144,182,246,anomaly
113,75,57,normal
175,170,131,normal
53,95,137,anomaly
168,167,117,normal
170,170,124,normal
1,0,2,normal
78,81,32,normal
111,213,208,normal
1,122,255,normal
82,83,33,normal
2,0,0,normal
45,44,16,normal
14,14,0,normal
150,188,252,anomaly
65,68,19,normal
181,177,136,normal
183,183,143,normal
31,32,6,normal
235,193,156,normal
128,168,220,anomaly
197,196,158,normal
2,0,0,normal
48,90,137,anomaly
172,174,138,normal
194,192,152,normal
62,66,24,normal
101,107,160,anomaly
202,200,170,normal
190,190,150,normal
115,117,65,normal
104,102,48,normal
92,92,38,normal
102,99,78,normal
143,144,94,normal
159,162,123,normal
22,23,3,normal
74,126,192,anomaly
69,71,25,normal
86,94,134,anomaly
111,110,52,normal
143,144,104,normal
201,200,162,normal
66,68,26,normal
163,166,127,normal
175,173,125,normal
199,197,162,normal
253,255,254,normal
255,241,255,normal
163,163,115,normal
200,198,163,normal
48,68,126,anomaly
197,195,160,normal
53,53,17,normal
166,163,112,normal
142,172,231,anomaly
16,179,20,normal
149,185,231,anomaly
70,111,190,anomaly
124,83,180,normal
181,178,133,normal
55,56,24,normal
191,190,156,normal
64,64,24,normal
51,53,17,normal
107,90,103,normal
84,114,179,anomaly
164,160,112,normal
173,174,132,normal
165,161,113,normal
178,175,131,normal
200,199,161,normal
138,162,228,anomaly
141,177,225,anomaly
183,179,138,normal
78,78,32,normal
184,186,144,normal
166,168,116,normal
46,98,151,anomaly
181,197,240,anomaly
137,135,81,normal
24,46,22,normal
105,139,193,anomaly
171,170,119,normal
199,207,254,anomaly
98,95,40,normal
114,136,194,anomaly
53,53,53,normal
19,14,15,normal
3,4,0,normal
164,163,112,normal
152,190,254,anomaly
166,165,114,normal
149,189,254,anomaly
157,161,120,normal
181,178,134,normal
55,59,18,normal
135,135,87,normal
201,200,162,normal
57,57,17,normal
115,152,212,anomaly
181,178,133,normal
180,180,134,normal
152,193,255,anomaly
29,30,4,normal
165,180,229,anomaly
163,162,112,normal
93,149,226,anomaly
2,2,0,normal
155,159,124,normal
138,155,204,anomaly
181,179,131,normal
177,175,127,normal
68,70,34,normal
201,200,162,normal
151,156,125,normal
4,8,3,normal
33,34,8,normal
83,86,37,normal
112,118,171,anomaly
180,177,132,normal
52,54,18,normal
224,224,224,normal
152,190,254,anomaly
76,92,134,anomaly
3,126,0,normal
177,175,127,normal
60,106,170,anomaly
171,169,121,normal
39,89,141,anomaly
78,132,193,anomaly
169,168,118,normal
153,168,230,anomaly
201,199,164,normal
225,223,223,normal
255,0,128,normal
178,178,132,normal
87,83,32,normal
71,73,44,normal
2,0,4,normal
166,165,115,normal
147,156,146,normal
150,190,255,anomaly
122,123,61,normal
53,57,22,normal
127,166,218,anomaly
181,178,133,normal
156,175,220,anomaly
174,178,143,normal
195,196,154,normal
50,90,72,normal
199,197,163,normal
171,170,120,normal
185,183,143,normal
95,94,36,normal
162,178,225,anomaly
141,179,233,anomaly
157,164,227,anomaly
145,161,227,anomaly
196,195,157,normal
181,178,134,normal
126,128,182,anomaly
73,76,27,normal
70,70,30,normal
178,175,131,normal
18,16,0,normal
157,155,101,normal
65,124,186,anomaly
202,200,165,normal
234,221,219,normal
86,28,23,normal
92,137,218,anomaly
65,95,154,anomaly
176,174,126,normal
101,143,210,anomaly
199,198,164,normal
199,197,162,normal
116,115,57,normal
179,177,136,normal
53,22,227,normal
111,150,219,anomaly
55,97,144,anomaly
146,143,98,normal
155,152,121,normal
175,172,127,normal
173,172,122,normal
135,138,89,normal
180,177,133,normal
196,195,157,normal
38,41,39,normal
23,20,5,normal
58,104,158,anomaly
170,169,119,normal
23,79,58,normal
156,157,107,normal
62,50,204,normal
174,171,120,normal
140,141,85,normal
124,160,220,anomaly
197,195,160,normal
95,147,224,anomaly
75,114,192,anomaly
167,166,115,normal
168,169,119,normal
112,151,220,anomaly
63,67,25,normal
190,185,140,normal
177,174,129,normal
55,62,19,normal
203,213,253,anomaly
175,171,123,normal
102,101,45,normal
184,186,144,normal
128,255,255,normal
176,170,129,normal
182,184,142,normal
117,153,213,anomaly
16,4,170,normal
172,172,126,normal
55,56,22,normal
139,140,90,normal
40,85,128,anomaly
36,35,14,normal
121,156,222,anomaly
74,114,189,anomaly
184,183,139,normal
79,80,30,normal
54,55,16,normal
60,64,28,normal
175,173,125,normal
195,186,136,normal
83,81,27,normal
205,204,170,normal
162,170,123,normal
183,180,136,normal
98,146,218,anomaly
99,77,249,normal
163,162,112,normal
150,190,255,anomaly
176,174,126,normal
141,140,84,normal
23,17,4,normal
60,64,23,normal
124,158,212,anomaly
144,137,98,normal
150,183,239,anomaly
178,175,131,normal
178,178,132,normal
255,255,255,normal
170,167,116,normal
172,170,122,normal
78,84,129,anomaly
213,225,231,normal
50,49,15,normal
103,91,103,normal
152,152,98,normal
96,143,199,anomaly
115,114,56,normal
163,162,112,normal
83,131,209,anomaly
158,162,126,normal
6,4,3,normal
60,61,21,normal
175,173,125,normal
56,61,22,normal
147,165,230,anomaly
52,48,244,normal
100,139,201,anomaly
167,168,124,normal
181,181,135,normal
166,165,114,normal
75,83,123,anomaly
200,195,162,normal
113,116,71,normal
162,163,123,normal
179,173,126,normal
121,159,213,anomaly
2,0,0,normal
178,190,238,anomaly
64,65,25,normal
222,206,193,normal
186,184,144,normal
59,120,188,anomaly
172,171,121,normal
178,176,128,normal
78,80,28,normal
138,33,144,normal
185,182,137,normal
187,189,143,normal
155,159,124,normal
120,116,67,normal
32,33,7,normal
178,176,158,normal
72,70,52,normal
68,70,24,normal
84,93,130,anomaly
201,200,162,normal
183,173,133,normal
183,182,138,normal
30,51,36,normal
155,158,126,normal
164,164,118,normal
54,55,21,normal
0,2,0,normal
97,150,223,anomaly
95,87,94,normal
196,195,157,normal
172,170,122,normal
54,31,223,normal
85,132,214,anomaly
197,195,160,normal
118,157,209,anomaly
172,172,126,normal
108,70,12,normal
167,164,113,normal
72,73,29,normal
138,132,85,normal
184,183,139,normal
73,138,117,normal
38,105,255,normal
201,200,162,normal
29,29,5,normal
105,143,201,anomaly
124,123,157,normal
108,154,225,anomaly
157,161,126,normal
15,14,0,normal
98,97,46,normal
172,172,126,normal
205,204,170,normal
128,130,184,anomaly
95,33,17,normal
165,164,114,normal
172,168,120,normal
151,190,255,anomaly
132,164,223,anomaly
204,202,168,normal
167,163,115,normal
135,142,91,normal
14,57,30,normal
100,134,193,anomaly
153,171,230,anomaly
188,187,143,normal
85,121,191,anomaly
192,191,153,normal
132,135,243,normal
70,138,131,normal
227,155,85,normal
140,177,221,anomaly
131,172,221,anomaly
51,53,17,normal
90,97,146,anomaly
16,14,0,normal
119,118,60,normal
182,181,137,normal
3,4,0,normal
121,154,223,anomaly
201,200,162,normal
138,180,245,anomaly
89,67,246,normal
171,170,120,normal
15,6,187,normal
64,103,155,anomaly
197,196,158,normal
57,62,23,normal
100,151,221,anomaly
151,150,99,normal
108,150,219,anomaly
18,15,0,normal
116,158,223,anomaly
73,77,88,normal
156,155,105,normal
178,191,243,anomaly
48,54,13,normal
180,177,132,normal
138,162,228,anomaly
30,34,5,normal
125,162,220,anomaly
118,148,213,anomaly
163,191,255,anomaly
141,142,92,normal
201,199,164,normal
82,100,161,anomaly
94,146,223,anomaly
119,171,33,normal
0,20,155,normal
198,197,159,normal
133,137,102,normal
162,160,119,normal
2,3,0,normal
131,134,85,normal
54,57,25,normal
156,155,99,normal
1,133,103,normal
156,160,125,normal
100,138,196,anomaly
53,57,22,normal
117,155,227,anomaly
55,107,255,normal
88,116,147,anomaly
183,180,136,normal
139,179,244,anomaly
118,116,81,normal
151,152,102,normal
164,160,171,normal
198,198,158,normal
185,185,145,normal
0,0,0,normal
62,21,237,normal
0,0,179,normal
129,138,95,normal
82,82,34,normal
54,114,180,anomaly
89,117,188,anomaly
168,171,126,normal
1,22,144,normal
180,179,135,normal
169,180,224,anomaly
182,178,130,normal
70,74,33,normal
61,123,193,anomaly
132,133,99,normal
184,182,141,normal
58,122,187,anomaly
79,78,57,normal
49,93,140,anomaly
78,78,64,normal
131,170,222,anomaly
61,65,24,normal
165,161,112,normal
160,158,104,normal
226,211,85,normal
115,145,216,anomaly
90,89,98,normal
174,172,124,normal
93,142,216,anomaly
95,142,223,anomaly
176,174,126,normal
187,181,138,normal
141,145,104,normal
167,163,115,normal
81,128,210,anomaly
128,168,220,anomaly
173,173,125,normal
36,37,5,normal
5,3,2,normal
128,128,128,normal
192,192,152,normal
158,195,255,anomaly
67,67,21,normal
47,49,13,normal
194,195,163,normal
75,80,125,anomaly
171,138,52,normal
175,173,125,normal
138,134,140,normal
134,132,78,normal
123,155,221,anomaly
159,165,110,normal
59,163,92,normal
181,181,133,normal
101,150,226,anomaly
89,142,222,anomaly
66,68,22,normal
179,177,129,normal
198,198,158,normal
171,170,119,normal
165,164,114,normal
52,94,141,anomaly
181,181,135,normal
144,146,104,normal
200,198,163,normal
198,196,161,normal
95,71,243,normal
151,189,253,anomaly
67,82,121,anomaly
88,28,12,normal
26,26,10,normal
107,228,248,normal
199,197,163,normal
177,176,126,normal
196,195,157,normal
69,68,30,normal
72,74,28,normal
51,52,8,normal
32,26,0,normal
8,8,2,normal
199,197,162,normal
164,163,112,normal
144,188,251,anomaly
166,164,110,normal
111,105,86,normal
168,166,125,normal
135,132,134,normal
40,38,20,normal
111,149,213,anomaly
102,106,159,anomaly
175,173,125,normal
30,30,6,normal
175,174,123,normal
178,178,132,normal
178,177,127,normal
164,163,113,normal
105,188,220,normal
255,128,0,normal
201,200,162,normal
154,157,118,normal
197,193,158,normal
69,70,28,normal
7,10,8,normal
56,61,22,normal
197,197,157,normal
58,80,215,normal
48,109,171,anomaly
54,58,23,normal
183,179,138,normal
73,74,34,normal
20,15,6,normal
189,86,113,normal
200,198,163,normal
170,166,118,normal
11,13,7,normal
118,151,224,anomaly
121,125,76,normal
132,174,227,anomaly
100,95,156,normal
54,55,21,normal
176,174,126,normal
75,79,38,normal
180,177,132,normal
205,204,170,normal
136,139,90,normal
203,213,253,anomaly
30,26,2,normal
183,182,138,normal
179,179,133,normal
176,173,128,normal
204,203,169,normal
83,92,130,anomaly
37,67,42,normal
180,180,132,normal
151,186,226,anomaly
255,0,128,normal
162,161,110,normal
29,29,5,normal
99,134,202,anomaly
176,175,131,normal
107,147,219,anomaly
169,142,98,normal
75,78,29,normal
81,89,129,anomaly
50,50,14,normal
217,114,135,normal
142,141,85,normal
132,125,255,normal
62,76,135,anomaly
107,107,71,normal
138,137,87,normal
16,7,188,normal
178,175,131,normal
69,70,26,normal
134,143,87,normal
175,177,188,normal
164,160,112,normal
45,110,255,normal
193,193,153,normal
62,84,219,normal
19,15,4,normal
179,177,129,normal
199,208,252,anomaly
75,70,49,normal
183,183,137,normal
186,184,143,normal
151,189,253,anomaly
62,59,15,normal
148,190,255,anomaly
179,177,129,normal
140,143,97,normal
31,76,50,normal
178,175,131,normal
153,152,102,normal
33,114,255,normal
155,152,101,normal
199,197,162,normal
110,110,86,normal
135,137,95,normal
139,179,244,anomaly
88,132,215,anomaly
72,74,38,normal
232,218,88,normal
255,255,255,normal
39,160,80,normal
162,159,114,normal
86,88,36,normal
132,135,86,normal
54,55,15,normal
103,149,226,anomaly
57,122,183,anomaly
157,161,126,normal
191,190,146,normal
112,115,65,normal
197,195,160,normal
165,181,227,anomaly
66,134,193,anomaly
204,203,169,normal
105,109,162,anomaly
193,191,151,normal
181,162,129,normal
8,3,5,normal
143,145,93,normal
38,94,65,normal
14,14,0,normal
172,182,236,anomaly
62,63,21,normal
71,73,27,normal
198,124,68,normal
164,162,114,normal
163,160,109,normal
82,46,252,normal
63,62,24,normal
47,43,42,normal
158,160,118,normal
175,186,236,anomaly
120,123,178,anomaly
189,187,157,normal
173,175,129,normal
145,183,247,anomaly
199,199,159,normal
0,0,165,normal
128,128,88,normal
128,128,128,normal
129,132,86,normal
178,175,131,normal
196,195,157,normal
179,195,237,anomaly
118,69,91,normal
155,161,126,normal
83,30,17,normal
94,143,223,anomaly
103,147,206,anomaly
11,11,5,normal
194,192,152,normal
66,66,26,normal
70,111,190,anomaly
33,17,125,normal
63,66,27,normal
157,161,126,normal
144,156,220,anomaly
117,144,171,anomaly
179,176,131,normal
165,181,228,anomaly
204,203,169,normal
97,200,195,normal
170,169,118,normal
153,171,236,anomaly
205,213,213,normal
165,181,234,anomaly
202,200,165,normal
253,252,255,normal
185,184,140,normal
181,179,138,normal
128,154,221,anomaly
150,186,255,anomaly
188,162,146,normal
196,182,140,normal
175,172,127,normal
65,66,22,normal
119,139,164,anomaly
8,3,2,normal
198,197,163,normal
54,104,157,anomaly
181,179,139,normal
201,200,162,normal
101,94,155,normal
175,144,99,normal
49,49,25,normal
13,14,5,normal
84,93,131,anomaly
184,184,138,normal
171,185,238,anomaly
142,140,86,normal
51,50,29,normal
180,177,132,normal
128,128,128,normal
170,169,119,normal
101,104,78,normal
163,177,230,anomaly
106,143,201,anomaly
208,217,255,anomaly
167,167,119,normal
96,145,225,anomaly
143,139,91,normal
179,176,131,normal
75,76,36,normal
80,76,27,normal
165,161,112,normal
92,10,0,normal
38,37,9,normal
183,180,136,normal
109,153,207,anomaly
198,197,159,normal
165,163,115,normal
104,109,48,normal
179,177,129,normal
172,188,231,anomaly
188,186,146,normal
182,180,132,normal
53,57,22,normal
174,172,124,normal
157,161,125,normal
81,116,190,anomaly
149,151,105,normal
165,163,115,normal
200,198,163,normal
7,7,1,normal
184,181,136,normal
62,63,19,normal
163,162,112,normal
26,8,0,normal
180,180,134,normal
182,179,135,normal
140,138,84,normal
53,53,53,normal
168,184,230,anomaly
91,69,248,normal
195,195,155,normal
165,164,113,normal
57,103,255,normal
177,177,129,normal
169,183,236,anomaly
121,120,62,normal
0,0,0,normal
163,167,132,normal
227,238,242,normal
146,189,252,anomaly
182,179,135,normal
53,54,12,normal
55,56,24,normal
90,122,188,anomaly
144,183,251,anomaly
197,195,161,normal
178,178,132,normal
177,175,127,normal
161,178,221,anomaly
173,170,125,normal
52,56,21,normal
57,60,15,normal
180,180,134,normal
161,159,105,normal
111,93,86,normal
199,198,160,normal
247,249,249,normal
174,169,124,normal
45,46,12,normal
15,16,14,normal
165,164,114,normal
106,155,225,anomaly
2,2,0,normal
181,178,134,normal
30,31,22,normal
42,43,41,normal
108,153,214,anomaly
126,126,126,normal
19,23,4,normal
171,170,119,normal
171,170,120,normal
177,175,127,normal
85,88,39,normal
179,178,134,normal
174,172,124,normal
183,178,133,normal
78,84,129,anomaly
3,3,0,normal
177,175,127,normal
139,142,93,normal
126,125,67,normal
111,58,72,normal
157,161,125,normal
186,185,141,normal
178,175,131,normal
4,2,1,normal
162,183,245,anomaly
179,176,131,normal
61,47,203,normal
127,167,219,anomaly
155,157,111,normal
147,148,98,normal
107,142,208,anomaly
84,92,132,anomaly
185,100,144,normal
181,178,134,normal
183,180,135,normal
192,188,169,normal
123,161,215,anomaly
158,162,121,normal
53,53,53,normal
25,29,17,normal
193,195,159,normal
35,34,6,normal
127,135,194,anomaly
109,108,58,normal
52,111,173,anomaly
63,68,23,normal
144,181,225,anomaly
55,59,24,normal
181,178,134,normal
73,75,33,normal
0,4,0,normal
91,91,45,normal
60,62,42,normal
232,208,226,normal
76,130,185,anomaly
19,17,9,normal
14,14,2,normal
171,181,228,anomaly
80,86,131,anomaly
51,52,18,normal
93,142,218,anomaly
16,15,1,normal
179,178,128,normal
141,140,82,normal
195,194,166,normal
112,215,210,normal
138,140,88,normal
107,106,48,normal
241,194,180,normal
184,183,139,normal
166,162,113,normal
120,157,219,anomaly
103,143,202,anomaly
180,177,132,normal
126,158,224,anomaly
141,142,103,normal
199,197,162,normal
138,89,109,normal
52,104,150,anomaly
173,172,122,normal
99,134,200,anomaly
166,166,118,normal
51,68,131,anomaly
172,188,231,anomaly
86,89,34,normal
142,144,92,normal
95,135,207,anomaly
174,189,235,anomaly
100,152,223,anomaly
200,198,163,normal
78,81,32,normal
216,200,193,normal
144,76,101,normal
90,96,149,anomaly
180,178,137,normal
132,135,89,normal
116,118,72,normal
142,148,213,normal
244,176,169,normal
126,126,126,normal
0,2,184,normal
177,168,130,normal
75,78,32,normal
51,52,18,normal
147,148,98,normal
100,142,217,anomaly
61,63,21,normal
154,169,225,anomaly
65,67,25,normal
140,139,101,normal
183,180,135,normal
158,161,115,normal
65,125,185,anomaly
178,179,135,normal
199,197,162,normal
122,155,224,anomaly
163,165,129,normal
174,171,127,normal
91,89,35,normal
201,200,162,normal
201,199,164,normal
201,200,162,normal
94,140,218,anomaly
175,176,137,normal
94,197,192,normal
81,89,129,anomaly
89,67,246,normal
44,93,139,anomaly
214,197,188,normal
199,197,162,normal
106,143,201,anomaly
112,220,244,normal
20,17,2,normal
148,160,224,anomaly
167,163,114,normal
37,33,4,normal
162,164,118,normal
182,177,138,normal
128,130,184,anomaly
53,57,22,normal
121,158,226,anomaly
39,91,144,anomaly
149,151,105,normal
168,169,119,normal
75,78,29,normal
180,179,135,normal
120,158,212,anomaly
64,60,41,normal
128,130,84,normal
178,175,130,normal
38,39,5,normal
204,202,168,normal
6,158,33,normal
131,137,190,anomaly
177,174,129,normal
53,94,139,anomaly
181,181,133,normal
121,201,202,normal
180,180,134,normal
68,70,24,normal
197,196,158,normal
98,133,201,anomaly
172,171,121,normal
178,176,128,normal
169,167,119,normal
31,28,7,normal
201,200,162,normal
14,13,0,normal
91,138,219,anomaly
135,137,95,normal
179,176,131,normal
85,84,28,normal
179,174,135,normal
117,114,59,normal
85,46,255,normal
133,162,213,anomaly
184,181,137,normal
34,33,7,normal
157,156,105,normal
182,178,129,normal
91,136,217,anomaly
97,141,195,anomaly
129,171,218,anomaly
137,113,95,normal
119,159,212,anomaly
139,140,90,normal
162,175,227,anomaly
0,23,147,normal
160,177,233,anomaly
157,161,125,normal
49,46,239,normal
188,164,122,normal
114,117,62,normal
90,68,247,normal
202,200,165,normal
47,104,156,anomaly
97,137,202,anomaly
31,29,28,normal
17,8,189,normal
180,179,135,normal
54,121,182,anomaly
53,73,128,anomaly
68,70,24,normal
50,105,150,anomaly
175,166,116,normal
187,185,144,normal
134,134,86,normal
166,166,118,normal
70,67,22,normal
69,71,25,normal
116,153,211,anomaly
120,123,73,normal
139,75,94,normal
198,198,158,normal
179,179,133,normal
142,140,86,normal
84,122,200,anomaly
13,12,8,normal
0,0,0,normal
133,136,90,normal
145,185,250,anomaly
163,164,114,normal
36,80,57,normal
197,195,160,normal
197,195,164,normal
177,175,121,normal
56,107,170,anomaly
225,210,87,normal
164,164,116,normal
15,14,0,normal
153,156,111,normal
180,180,134,normal
150,151,101,normal
53,57,22,normal
255,255,255,normal
59,63,22,normal
52,104,164,anomaly
64,111,167,anomaly
182,179,135,normal
179,179,133,normal
7,7,0,normal
196,194,159,normal
6,7,0,normal
168,165,114,normal
143,146,97,normal
139,139,85,normal
188,186,146,normal
140,177,233,anomaly
198,198,158,normal
54,55,21,normal
119,156,224,anomaly
3,0,172,normal
45,67,119,anomaly
165,163,115,normal
201,213,255,anomaly
33,32,4,normal
146,144,90,normal
54,55,21,normal
81,90,128,anomaly
163,180,237,anomaly
143,189,116,normal
98,148,220,anomaly
183,182,138,normal
192,192,152,normal
163,161,113,normal
214,227,229,normal
22,16,3,normal
79,121,198,anomaly
198,197,159,normal
23,32,22,normal
149,185,255,anomaly
59,59,13,normal
208,219,255,anomaly
40,36,8,normal
204,202,168,normal
161,196,229,anomaly
140,143,94,normal
176,143,97,normal
164,168,116,normal
41,42,8,normal
18,12,0,normal
203,214,255,anomaly
67,69,23,normal
45,46,7,normal
173,172,122,normal
127,166,218,anomaly
132,164,229,anomaly
141,139,91,normal
188,144,150,normal
176,169,130,normal
119,161,214,anomaly
128,140,90,normal
201,200,162,normal
150,190,255,anomaly
80,50,209,normal
0,255,0,normal
200,198,163,normal
62,67,36,normal
111,112,56,normal
116,115,57,normal
61,117,172,anomaly
165,176,174,normal
177,215,173,normal
145,187,252,anomaly
182,178,137,normal
158,195,255,anomaly
180,178,130,normal
179,176,131,normal
248,250,250,normal
13,17,11,normal
57,58,14,normal
179,178,134,normal
168,184,230,anomaly
178,175,131,normal
71,74,28,normal
188,179,136,normal
48,255,255,normal
202,200,165,normal
42,65,110,anomaly
24,201,246,normal
54,60,19,normal
63,68,23,normal
53,54,20,normal
143,186,243,anomaly
171,169,121,normal
96,133,201,anomaly
182,179,135,normal
159,160,116,normal
68,70,28,normal
189,190,146,normal
70,122,188,anomaly
65,66,32,normal
181,178,133,normal
81,91,131,anomaly
165,165,117,normal
142,183,252,anomaly
69,71,25,normal
135,145,85,normal
150,166,232,anomaly
131,182,48,normal
11,255,252,normal
133,130,75,normal
142,140,86,normal
48,102,155,anomaly
205,216,254,anomaly
180,183,134,normal
55,57,15,normal
10,9,5,normal
255,128,0,normal
171,170,120,normal
140,139,89,normal
55,59,24,normal
55,56,16,normal
105,148,215,anomaly
171,185,238,anomaly
53,57,22,normal
164,163,113,normal
24,50,27,normal
146,164,229,anomaly
9,9,0,normal
92,93,37,normal
61,65,24,normal
91,136,217,anomaly
168,184,227,anomaly
226,210,197,normal
9,13,8,normal
138,139,89,normal
4,3,0,normal
154,168,234,anomaly
53,56,17,normal
188,185,147,normal
39,99,153,anomaly
15,14,10,normal
164,163,113,normal
67,67,19,normal
213,221,220,normal
109,137,172,anomaly
32,33,7,normal
179,179,131,normal
137,135,81,normal
50,70,128,anomaly
64,69,24,normal
112,142,207,anomaly
171,170,120,normal
86,187,185,normal
123,126,181,anomaly
131,133,87,normal
164,162,114,normal
75,77,35,normal
53,92,137,anomaly
99,200,198,normal
177,174,129,normal
95,142,216,anomaly
184,185,143,normal
167,182,231,anomaly
26,52,28,normal
177,194,237,anomaly
174,174,128,normal
53,57,21,normal
156,157,113,normal
170,168,120,normal
51,104,167,anomaly
140,180,245,anomaly
165,163,115,normal
40,92,145,anomaly
152,190,254,anomaly
177,177,129,normal
63,81,144,anomaly
16,14,3,normal
138,140,88,normal
127,130,85,normal
200,195,162,normal
234,214,233,normal
32,33,7,normal
120,116,63,normal
57,60,21,normal
35,38,6,normal
15,14,0,normal
161,158,107,normal
205,216,255,anomaly
100,148,220,anomaly
124,75,5,normal
211,219,255,anomaly
9,7,7,normal
181,180,142,normal
154,160,119,normal
178,175,130,normal
196,195,157,normal
16,14,3,normal
201,200,162,normal
178,176,128,normal
50,108,160,anomaly
171,170,120,normal
35,101,255,normal
255,255,255,normal
165,164,114,normal
39,39,9,normal
31,26,118,normal
35,34,8,normal
32,33,7,normal
90,64,241,normal
175,137,43,normal
53,46,237,normal
174,177,128,normal
179,177,129,normal
120,147,221,anomaly
62,63,21,normal
248,250,250,normal
182,179,135,normal
45,51,16,normal
62,63,21,normal
200,198,163,normal
177,177,129,normal
101,135,194,anomaly
108,210,205,normal
58,59,19,normal
15,14,0,normal
78,48,197,normal
109,113,166,anomaly
45,103,155,anomaly
164,162,114,normal
201,200,162,normal
120,124,72,normal
3,2,4,normal
139,140,90,normal
62,108,172,anomaly
159,167,226,anomaly
163,164,114,normal
191,189,149,normal
56,61,22,normal
34,33,19,normal
164,163,113,normal
62,67,22,normal
158,166,225,anomaly
195,194,156,normal
175,173,125,normal
86,31,22,normal
10,46,32,normal
194,193,165,normal
179,177,129,normal
136,139,90,normal
203,213,253,anomaly
148,191,248,anomaly
35,37,8,normal
164,178,231,anomaly
137,142,197,anomaly
138,178,227,anomaly
50,100,152,anomaly
112,230,249,normal
13,7,186,normal
205,204,170,normal
138,174,220,anomaly
151,162,230,anomaly
167,163,115,normal
144,143,87,normal
101,147,224,anomaly
92,10,0,normal
138,141,92,normal
183,181,133,normal
32,34,5,normal
177,195,236,anomaly
197,195,160,normal
210,169,214,normal
149,191,250,anomaly
193,194,150,normal
182,181,137,normal
157,161,125,normal
168,182,234,anomaly
160,158,110,normal
170,169,119,normal
140,138,97,normal
99,144,218,anomaly
19,15,4,normal
127,165,219,anomaly
16,14,3,normal
195,194,156,normal
151,186,242,anomaly
199,198,160,normal
55,56,24,normal
175,173,125,normal
80,87,130,anomaly
11,11,5,normal
99,100,44,normal
61,65,24,normal
65,128,189,anomaly
255,255,255,normal
178,175,131,normal
190,188,148,normal
74,128,199,anomaly
154,159,120,normal
32,33,7,normal
70,72,26,normal
0,0,0,normal
161,164,125,normal
201,200,162,normal
53,56,11,normal
172,171,121,normal
181,178,133,normal
178,176,128,normal
78,74,26,normal
173,171,123,normal
153,194,255,anomaly
60,127,196,anomaly
180,178,137,normal
129,82,90,normal
68,69,25,normal
128,130,88,normal
199,197,162,normal
193,192,154,normal
182,182,136,normal
161,162,112,normal
104,102,44,normal
143,145,93,normal
131,131,71,normal
183,182,138,normal
97,124,181,anomaly
62,107,158,anomaly
173,171,123,normal
68,69,25,normal
181,178,133,normal
148,184,224,anomaly
134,134,98,normal
255,254,253,normal
175,173,125,normal
53,54,14,normal
171,169,121,normal
69,71,25,normal
4,5,0,normal
171,171,159,normal
173,192,237,anomaly
81,91,75,normal
136,176,225,anomaly
173,173,127,normal
112,223,245,normal
119,121,175,anomaly
200,198,163,normal
203,201,166,normal
156,176,224,anomaly
3,158,245,normal
161,160,109,normal
76,79,29,normal
44,45,11,normal
52,53,13,normal
167,169,117,normal
171,170,119,normal
136,139,90,normal
35,33,9,normal
243,242,238,normal
34,33,7,normal
63,63,23,normal
131,162,231,anomaly
140,140,86,normal
174,176,130,normal
178,177,127,normal
60,56,211,normal
165,160,135,normal
195,194,156,normal
151,154,105,normal
181,179,131,normal
53,56,24,normal
71,162,129,normal
198,196,161,normal
138,140,118,normal
70,89,127,anomaly
164,162,114,normal
77,80,31,normal
147,168,220,anomaly
116,156,209,anomaly
132,135,90,normal
182,179,135,normal
109,107,107,normal
132,164,230,anomaly
52,56,21,normal
138,136,95,normal
20,17,2,normal
22,52,47,normal
104,146,213,anomaly
53,56,24,normal
236,131,118,normal
171,170,119,normal
142,177,221,anomaly
184,183,139,normal
47,99,146,anomaly
156,155,99,normal
182,197,243,anomaly
136,139,83,normal
165,164,114,normal
202,200,165,normal
151,171,22,normal
150,171,232,anomaly
157,194,255,anomaly
177,174,129,normal
136,139,90,normal
68,23,9,normal
180,177,132,normal
136,173,223,anomaly
150,188,253,anomaly
169,169,123,normal
137,139,93,normal
132,134,135,normal
108,98,80,normal
196,195,157,normal
144,184,249,anomaly
82,90,130,anomaly
56,58,22,normal
159,194,227,anomaly
137,137,137,normal
43,162,87,normal
138,140,88,normal
83,83,29,normal
65,66,24,normal
161,166,134,normal
107,108,76,normal
30,74,61,normal
135,137,101,normal
172,171,121,normal
60,122,254,normal
205,216,254,anomaly
71,72,28,normal
70,81,43,normal
109,10,110,normal
129,129,129,normal
191,190,152,normal
174,174,128,normal
181,111,171,normal
202,210,255,anomaly
66,52,24,normal
177,176,132,normal
199,197,162,normal
48,90,135,anomaly
3,4,0,normal
178,175,131,normal
118,144,220,anomaly
83,55,214,normal
19,12,0,normal
31,32,6,normal
107,117,225,normal
0,139,106,normal
131,134,89,normal
137,136,78,normal
136,139,90,normal
160,175,224,anomaly
57,57,57,normal
167,178,228,anomaly
181,184,135,normal
15,15,1,normal
39,40,1,normal
121,169,235,anomaly
71,131,197,anomaly
13,11,10,normal
229,213,206,normal
180,179,135,normal
68,69,27,normal
168,166,112,normal
102,147,220,anomaly
193,192,154,normal
61,65,24,normal
16,7,188,normal
32,76,117,anomaly
77,81,40,normal
148,188,253,anomaly
128,130,88,normal
112,111,53,normal
180,177,133,normal
41,94,151,anomaly
198,212,210,normal
164,190,236,anomaly
111,110,54,normal
38,86,144,anomaly
52,97,148,anomaly
101,136,199,anomaly
252,254,254,normal
11,4,185,normal
3,2,0,normal
98,129,198,anomaly
178,176,128,normal
91,89,35,normal
57,59,23,normal
162,165,126,normal
193,191,156,normal
120,128,187,anomaly
95,153,225,anomaly
115,156,211,anomaly
183,179,138,normal
117,146,123,normal
199,195,160,normal
185,183,149,normal
76,73,28,normal
207,191,179,normal
164,162,114,normal
206,215,253,anomaly
132,174,233,anomaly
47,50,24,normal
93,89,148,normal
130,129,73,normal
134,174,226,anomaly
77,33,16,normal
172,173,129,normal
50,107,163,anomaly
204,202,168,normal
163,164,125,normal
109,108,50,normal
6,3,0,normal
51,122,255,normal
187,182,137,normal
83,39,252,normal
167,163,114,normal
195,121,179,normal
3,3,0,normal
9,10,8,normal
49,52,30,normal
105,102,57,normal
79,53,207,normal
73,83,123,anomaly
164,164,116,normal
169,107,185,normal
138,139,89,normal
54,100,148,anomaly
51,46,239,normal
33,34,8,normal
10,8,7,normal
118,120,90,normal
179,179,133,normal
101,149,227,anomaly
49,93,140,anomaly
201,200,162,normal
63,130,199,anomaly
108,62,68,normal
172,173,129,normal
15,15,1,normal
81,120,195,anomaly
5,3,2,normal
175,179,138,normal
129,169,221,anomaly
192,191,153,normal
186,187,145,normal
203,211,251,anomaly
143,145,93,normal
175,174,124,normal
65,65,25,normal
154,192,255,anomaly
159,122,38,normal
191,189,148,normal
198,198,158,normal
3,2,6,normal
167,163,114,normal
59,104,155,anomaly
135,136,92,normal
4,0,72,normal
255,247,191,normal
3,185,1,normal
64,65,15,normal
180,179,135,normal
146,179,224,anomaly
16,50,40,normal
175,173,125,normal
51,50,12,normal
111,152,214,anomaly
179,176,131,normal
4,3,0,normal
170,168,127,normal
171,184,236,anomaly
50,52,16,normal
52,45,236,normal
167,163,114,normal
141,140,89,normal
33,35,6,normal
174,190,237,anomaly
195,194,156,normal
67,110,167,anomaly
153,193,255,anomaly
174,176,140,normal
145,147,95,normal
128,149,176,anomaly
181,180,136,normal
182,179,135,normal
179,178,134,normal
47,46,8,normal
77,80,35,normal
177,174,129,normal
165,166,116,normal
200,198,163,normal
124,155,224,anomaly
158,162,127,normal
63,68,36,normal
55,101,149,anomaly
143,145,93,normal
96,81,65,normal
255,254,254,normal
154,152,104,normal
180,179,135,normal
58,115,176,anomaly
49,107,159,anomaly
180,177,133,normal
135,138,83,normal
131,131,131,normal
135,163,228,anomaly
52,53,19,normal
122,122,122,normal
147,149,129,normal
98,144,222,anomaly
85,85,37,normal
19,191,243,normal
152,190,255,anomaly
165,167,115,normal
201,199,164,normal
174,170,121,normal
145,147,105,normal
66,69,24,normal
173,172,122,normal
35,35,5,normal
54,55,21,normal
172,172,126,normal
16,14,3,normal
155,158,108,normal
200,195,164,normal
141,140,82,normal
197,195,160,normal
138,141,96,normal
48,108,162,anomaly
62,98,144,anomaly
158,156,102,normal
164,163,113,normal
79,82,33,normal
112,110,62,normal
132,131,97,normal
178,175,131,normal
94,90,149,normal
192,191,153,normal
140,142,90,normal
54,54,40,normal
179,178,134,normal
178,175,130,normal
99,102,47,normal
170,166,125,normal
30,59,36,normal
171,170,120,normal
180,179,135,normal
179,176,131,normal
168,113,98,normal
153,193,255,anomaly
63,103,255,normal
162,178,224,anomaly
196,195,157,normal
54,55,23,normal
255,0,0,normal
7,255,254,normal
115,148,217,anomaly
172,171,121,normal
148,146,92,normal
180,179,135,normal
142,141,85,normal
20,17,3,normal
123,152,106,normal
53,111,170,anomaly
136,141,90,normal
120,118,84,normal
172,168,120,normal
158,195,255,anomaly
175,191,233,anomaly
119,125,178,anomaly
152,190,254,anomaly
125,143,172,anomaly
171,171,125,normal
0,134,104,normal
179,176,131,normal
129,132,187,anomaly
164,162,114,normal
128,128,128,normal
100,98,44,normal
38,41,25,normal
233,189,152,normal
116,114,83,normal
53,22,227,normal
141,140,112,normal
22,44,20,normal
136,139,90,normal
180,177,132,normal
17,15,7,normal
165,164,114,normal
193,193,147,normal
180,177,132,normal
13,9,8,normal
173,193,248,anomaly
132,133,191,anomaly
108,229,249,normal
49,86,60,normal
178,175,130,normal
0,128,0,normal
54,54,18,normal
33,34,8,normal
4,8,3,normal
74,77,31,normal
168,167,116,normal
7,7,1,normal
65,82,49,normal
164,163,113,normal
94,87,148,normal
106,87,106,normal
55,95,148,anomaly
131,131,95,normal
242,229,221,normal
179,176,132,normal
179,176,132,normal
185,184,140,normal
206,205,171,normal
68,72,31,normal
44,97,147,anomaly
178,175,131,normal
197,98,124,normal
157,161,126,normal
178,178,138,normal
173,172,121,normal
178,179,135,normal
73,112,187,anomaly
188,189,150,normal
64,68,56,normal
117,146,43,normal
177,177,131,normal
129,132,100,normal
140,139,88,normal
173,172,122,normal
149,149,101,normal
147,186,248,anomaly
164,164,118,normal
127,164,220,anomaly
98,35,14,normal
167,167,131,normal
42,41,3,normal
120,167,229,anomaly
170,167,123,normal
101,100,44,normal
203,211,255,anomaly
94,87,54,normal
63,66,16,normal
200,198,163,normal
183,181,133,normal
60,63,47,normal
22,22,6,normal
183,181,133,normal
53,57,22,normal
194,193,155,normal
144,143,85,normal
39,83,137,anomaly
147,137,97,normal
159,161,125,normal
222,220,210,normal
61,70,27,normal
41,112,79,normal
116,119,70,normal
5,4,0,normal
0,21,150,normal
190,188,148,normal
178,173,128,normal
196,122,68,normal
198,156,113,normal
172,174,138,normal
119,123,176,anomaly
175,171,130,normal
2,2,0,normal
99,75,47,normal
240,228,224,normal
163,163,115,normal
171,170,119,normal
98,141,220,anomaly
168,170,124,normal
163,161,107,normal
193,192,154,normal
179,175,134,normal
180,180,132,normal
181,177,129,normal
39,102,246,normal
148,149,105,normal
63,111,175,anomaly
170,168,120,normal
98,177,144,normal
45,92,146,anomaly
201,200,162,normal
140,184,248,anomaly
35,37,7,normal
1,4,2,normal
196,195,157,normal
141,182,245,anomaly
177,174,129,normal
150,153,108,normal
130,132,186,anomaly
175,171,130,normal
191,190,146,normal
167,167,119,normal
4,0,185,normal
85,132,213,anomaly
180,179,135,normal
164,162,114,normal
172,168,120,normal
48,96,148,anomaly
146,145,89,normal
210,217,250,anomaly
0,255,255,normal
52,72,129,anomaly
170,171,129,normal
175,172,127,normal
23,18,3,normal
182,172,124,normal
201,200,162,normal
137,139,87,normal
4,1,0,normal
8,7,3,normal
68,69,25,normal
33,33,9,normal
44,45,11,normal
253,255,255,normal
155,175,232,anomaly
200,198,163,normal
110,114,167,anomaly
87,183,237,normal
103,107,160,anomaly
61,62,22,normal
159,172,234,anomaly
179,177,129,normal
171,172,138,normal
33,41,41,normal
14,10,236,normal
134,135,101,normal
91,136,217,anomaly
157,194,255,anomaly
160,165,126,normal
1,4,2,normal
0,0,189,normal
201,200,162,normal
96,146,222,anomaly
20,19,5,normal
98,147,221,anomaly
181,178,134,normal
77,75,51,normal
180,177,132,normal
165,164,114,normal
76,76,28,normal
47,93,140,anomaly
93,92,41,normal
200,199,161,normal
227,222,223,normal
35,36,34,normal
136,139,90,normal
148,167,21,normal
57,118,184,anomaly
155,156,124,normal
158,158,104,normal
148,152,111,normal
172,171,121,normal
172,168,119,normal
14,16,10,normal
201,200,162,normal
152,156,115,normal
72,68,44,normal
138,138,90,normal
176,174,126,normal
132,136,100,normal
120,123,178,anomaly
178,175,130,normal
172,141,96,normal
181,181,133,normal
117,116,58,normal
52,53,19,normal
108,142,202,anomaly
133,128,113,normal
173,172,122,normal
25,110,255,normal
67,69,23,normal
110,113,64,normal
178,178,132,normal
180,178,130,normal
59,63,22,normal
178,175,130,normal
0,0,0,normal
186,182,134,normal
178,175,130,normal
165,164,114,normal
53,24,217,normal
57,57,17,normal
78,115,189,anomaly
181,181,141,normal
166,163,112,normal
130,8,132,normal
197,196,158,normal
145,146,90,normal
207,216,254,anomaly
157,66,159,normal
201,200,162,normal
31,31,7,normal
160,163,124,normal
159,194,255,anomaly
174,193,238,anomaly
163,162,112,normal
64,63,29,normal
171,180,124,normal
167,163,115,normal
40,98,150,anomaly
97,90,151,normal
34,36,7,normal
165,163,115,normal
150,147,96,normal
80,52,212,normal
185,184,140,normal
135,138,89,normal
164,164,116,normal
167,166,115,normal
182,180,132,normal
194,194,154,normal
186,189,163,normal
108,144,208,anomaly
180,177,132,normal
138,139,89,normal
76,85,129,anomaly
67,68,24,normal
114,146,205,anomaly
116,115,57,normal
121,153,218,anomaly
69,66,21,normal
146,179,242,anomaly
140,141,99,normal
166,182,99,normal
180,178,130,normal
144,141,97,normal
0,191,1,normal
198,207,251,anomaly
137,164,228,anomaly
108,94,106,normal
149,193,254,anomaly
179,177,129,normal
188,186,146,normal
39,39,9,normal
11,9,1,normal
143,146,97,normal
172,172,126,normal
51,53,17,normal
194,195,153,normal
156,160,125,normal
18,17,13,normal
67,67,21,normal
142,147,96,normal
197,196,158,normal
198,195,164,normal
171,172,128,normal
162,162,114,normal
54,54,14,normal
0,20,146,normal
135,198,136,normal
75,91,128,anomaly
179,193,245,anomaly
149,168,213,anomaly
91,90,39,normal
54,55,21,normal
84,82,28,normal
126,126,126,normal
139,138,80,normal
179,180,138,normal
141,120,99,normal
0,0,4,normal
170,168,120,normal
177,175,134,normal
128,131,86,normal
142,144,102,normal
97,94,43,normal
198,196,162,normal
173,172,121,normal
165,169,134,normal
239,120,88,normal
37,33,9,normal
159,163,128,normal
71,74,25,normal
147,150,100,normal
181,181,133,normal
142,141,97,normal
112,151,213,anomaly
204,202,168,normal
143,177,255,normal
155,158,103,normal
140,139,88,normal
180,180,134,normal
198,198,158,normal
193,192,154,normal
160,168,115,normal
127,130,81,normal
167,167,119,normal
179,177,129,normal
59,63,22,normal
208,219,255,anomaly
98,95,40,normal
96,89,150,normal
88,121,190,anomaly
170,171,127,normal
55,60,21,normal
199,197,162,normal
145,146,96,normal
172,167,128,normal
99,136,188,anomaly
183,180,135,normal
205,204,170,normal
130,159,226,anomaly
49,52,13,normal
168,166,112,normal
31,14,147,normal
134,164,229,anomaly
55,56,22,normal
97,134,184,anomaly
0,0,255,normal
176,172,124,normal
172,168,120,normal
120,159,211,anomaly
28,27,7,normal
127,131,249,normal
185,184,140,normal
15,6,186,normal
44,111,180,anomaly
36,0,144,normal
57,60,44,normal
176,174,126,normal
233,188,154,normal
203,201,166,normal
177,177,129,normal
101,102,46,normal
176,174,126,normal
172,171,127,normal
157,161,126,normal
255,253,255,normal
56,56,40,normal
62,67,22,normal
209,217,254,anomaly
164,179,228,anomaly
163,163,109,normal
47,91,138,anomaly
53,23,230,normal
22,19,4,normal
160,163,124,normal
255,255,255,normal
36,35,9,normal
224,68,45,normal
176,175,125,normal
138,138,92,normal
183,181,140,normal
54,98,145,anomaly
176,192,235,anomaly
198,195,157,normal
170,171,127,normal
94,138,215,anomaly
98,97,113,normal
242,175,166,normal
139,137,83,normal
127,174,230,anomaly
16,14,13,normal
120,1,123,normal
184,182,134,normal
128,129,89,normal
169,167,119,normal
57,115,181,anomaly
166,182,235,anomaly
232,188,151,normal
64,65,21,normal
98,16,4,normal
55,23,231,normal
170,182,130,normal
95,101,60,normal
140,140,86,normal
35,34,8,normal
83,92,130,anomaly
55,56,22,normal
85,88,33,normal
59,130,194,anomaly
174,176,130,normal
196,195,157,normal
49,47,47,normal
150,188,252,anomaly
202,200,165,normal
97,133,203,anomaly
190,128,212,normal
95,141,218,anomaly
178,174,126,normal
58,62,27,normal
82,48,208,normal
49,50,24,normal
96,139,202,anomaly
183,182,138,normal
131,131,101,normal
80,91,129,anomaly
124,131,88,normal
120,176,111,normal
182,178,137,normal
200,199,165,normal
190,188,147,normal
181,178,134,normal
198,209,253,anomaly
170,168,120,normal
86,89,40,normal
109,230,250,normal
174,169,124,normal
0,1,1,normal
171,170,119,normal
127,129,87,normal
227,138,181,normal
161,130,109,normal
194,192,158,normal
162,164,144,normal
97,150,223,anomaly
156,160,124,normal
175,175,135,normal
180,178,130,normal
62,27,238,normal
55,56,22,normal
181,178,134,normal
200,198,163,normal
114,156,223,anomaly
93,93,45,normal
56,118,182,anomaly
13,11,0,normal
160,164,129,normal
18,14,3,normal
155,157,111,normal
196,196,156,normal
184,178,133,normal
196,194,159,normal
63,67,26,normal
131,135,94,normal
55,59,18,normal
107,138,193,anomaly
150,188,252,anomaly
110,148,206,anomaly
90,65,247,normal
182,183,141,normal
82,32,12,normal
199,197,162,normal
180,178,137,normal
183,184,140,normal
165,165,117,normal
52,56,21,normal
82,84,32,normal
153,156,107,normal
16,14,3,normal
162,160,112,normal
148,191,254,anomaly
183,183,137,normal
149,170,231,anomaly
195,194,156,normal
197,196,158,normal
114,112,64,normal
55,56,24,normal
179,178,134,normal
198,197,159,normal
125,130,85,normal
175,172,127,normal
129,132,86,normal
181,179,131,normal
198,198,158,normal
163,164,114,normal
59,63,22,normal
0,128,0,normal
162,161,111,normal
196,195,157,normal
183,181,133,normal
20,17,2,normal
143,146,97,normal
18,17,13,normal
157,161,125,normal
144,186,251,anomaly
172,171,121,normal
16,16,0,normal
185,184,140,normal
132,132,132,normal
154,155,105,normal
239,215,225,normal
57,55,44,normal
85,86,36,normal
44,94,146,anomaly
51,97,145,anomaly
63,62,41,normal
135,137,147,normal
183,181,133,normal
172,173,129,normal
181,178,134,normal
63,65,36,normal
180,180,132,normal
179,178,127,normal
0,2,2,normal
180,181,139,normal
186,185,141,normal
134,169,219,anomaly
149,152,106,normal
57,61,26,normal
186,185,141,normal
191,157,37,normal
180,178,137,normal
43,44,34,normal
109,147,205,anomaly
115,73,80,normal
168,181,237,anomaly
155,154,98,normal
125,163,217,anomaly
172,172,124,normal
0,20,151,normal
165,163,115,normal
255,255,237,normal
180,179,135,normal
114,82,46,normal
198,198,158,normal
155,157,111,normal
172,170,122,normal
133,134,90,normal
16,17,15,normal
134,131,80,normal
195,194,156,normal
118,159,208,anomaly
96,97,41,normal
106,146,204,anomaly
162,176,228,anomaly
119,157,221,anomaly
34,33,7,normal
74,77,28,normal
165,177,231,anomaly
180,178,137,normal
204,203,169,normal
167,163,114,normal
162,161,111,normal
37,37,7,normal
11,11,5,normal
76,73,22,normal
104,103,52,normal
148,147,97,normal
198,195,164,normal
114,115,113,normal
192,76,45,normal
182,179,135,normal
126,172,226,anomaly
180,177,132,normal
231,241,248,normal
175,173,125,normal
77,83,128,anomaly
133,134,244,normal
150,190,255,anomaly
179,177,129,normal
88,86,32,normal
52,103,165,anomaly
97,148,228,anomaly
161,163,127,normal
202,201,163,normal
15,14,10,normal
238,227,223,normal
109,153,216,anomaly
20,21,0,normal
162,96,168,normal
63,93,152,anomaly
199,197,163,normal
151,192,255,anomaly
64,65,21,normal
181,179,131,normal
199,197,162,normal
180,179,135,normal
180,178,130,normal
180,177,132,normal
20,21,12,normal
149,186,255,anomaly
179,176,131,normal
38,39,5,normal
181,181,133,normal
171,171,131,normal
118,157,212,anomaly
167,163,114,normal
178,178,132,normal
197,196,158,normal
177,175,127,normal
174,170,122,normal
186,186,146,normal
77,80,31,normal
57,59,23,normal
132,171,223,anomaly
183,180,136,normal
136,173,223,anomaly
32,33,7,normal
157,177,232,anomaly
180,178,130,normal
141,177,231,anomaly
142,139,194,anomaly
65,119,114,normal
157,158,118,normal
199,197,162,normal
163,165,129,normal
171,170,119,normal
127,137,244,normal
104,149,223,anomaly
175,174,124,normal
181,178,134,normal
55,56,22,normal
177,174,129,normal
156,161,122,normal
200,200,164,normal
51,76,210,normal
93,138,219,anomaly
141,140,89,normal
157,156,100,normal
76,79,47,normal
172,171,121,normal
173,189,236,anomaly
91,84,45,normal
150,153,157,normal
164,163,113,normal
10,2,187,normal
7,6,8,normal
2,1,3,normal
47,63,122,anomaly
131,135,94,normal
178,178,132,normal
179,176,132,normal
195,194,156,normal
65,61,42,normal
178,178,130,normal
72,73,31,normal
154,98,79,normal
161,159,105,normal
74,84,124,anomaly
63,63,23,normal
113,116,66,normal
166,166,118,normal
53,57,22,normal
108,139,200,anomaly
124,171,227,anomaly
179,176,131,normal
162,161,111,normal
187,183,148,normal
132,163,216,anomaly
217,99,50,normal
179,177,129,normal
1,1,1,normal
136,163,230,anomaly
171,170,119,normal
157,157,103,normal
151,94,217,normal
111,111,105,normal
148,149,99,normal
73,74,24,normal
141,141,101,normal
165,164,114,normal
89,67,249,normal
128,168,217,anomaly
4,4,4,normal
7,5,5,normal
83,84,34,normal
144,142,88,normal
94,143,217,anomaly
167,164,113,normal
178,179,135,normal
53,57,21,normal
97,151,222,anomaly
136,139,90,normal
182,180,139,normal
170,170,124,normal
20,17,3,normal
179,177,129,normal
160,164,128,normal
46,42,24,normal
142,181,233,anomaly
163,163,115,normal
196,194,154,normal
26,24,6,normal
109,150,213,anomaly
2,0,0,normal
143,142,91,normal
148,151,102,normal
132,137,92,normal
163,163,115,normal
176,174,126,normal
135,173,221,anomaly
171,169,121,normal
29,172,149,normal
67,67,21,normal
153,156,107,normal
248,250,250,normal
171,170,120,normal
235,214,229,normal
159,162,123,normal
159,162,123,normal
41,36,111,normal
72,73,33,normal
46,106,166,anomaly
119,154,218,anomaly
52,65,121,anomaly
157,161,125,normal
155,159,118,normal
69,69,29,normal
200,198,163,normal
186,185,141,normal
88,86,32,normal
179,177,129,normal
154,157,108,normal
103,141,206,anomaly
8,7,0,normal
163,162,112,normal
97,97,43,normal
201,200,162,normal
15,14,0,normal
198,198,158,normal
220,207,205,normal
50,52,16,normal
59,57,22,normal
162,160,112,normal
39,36,8,normal
2,0,173,normal
96,137,200,anomaly
172,169,124,normal
167,165,111,normal
123,155,220,anomaly
196,196,156,normal
55,56,22,normal
132,131,73,normal
173,175,139,normal
85,135,201,anomaly
157,161,125,normal
141,140,90,normal
181,180,136,normal
78,117,192,anomaly
199,197,163,normal
140,179,224,anomaly
40,103,161,anomaly
165,163,115,normal
95,146,216,anomaly
146,184,226,anomaly
36,91,66,normal
159,161,125,normal
23,24,14,normal
188,189,147,normal
0,0,172,normal
138,139,89,normal
50,106,165,anomaly
154,156,104,normal
29,29,5,normal
156,163,120,normal
50,50,14,normal
156,163,126,normal
140,141,99,normal
253,223,222,normal
67,100,86,normal
3,2,0,normal
171,171,125,normal
55,56,22,normal
187,170,137,normal
201,200,162,normal
128,130,88,normal
4,0,0,normal
167,163,114,normal
184,181,136,normal
82,181,239,normal
42,43,3,normal
137,140,91,normal
181,178,134,normal
196,195,157,normal
173,173,125,normal
167,163,114,normal
201,199,164,normal
58,58,58,normal
139,140,90,normal
41,40,12,normal
177,174,129,normal
169,166,121,normal
57,58,16,normal
155,175,232,anomaly
76,79,30,normal
180,178,137,normal
170,170,122,normal
174,169,124,normal
177,174,129,normal
138,140,88,normal
77,42,252,normal
165,165,117,normal
198,198,158,normal
167,163,114,normal
180,180,132,normal
225,190,217,normal
53,54,20,normal
33,49,31,normal
65,169,76,normal
94,98,149,anomaly
153,191,255,anomaly
71,73,31,normal
200,198,163,normal
58,57,36,normal
93,91,37,normal
180,177,132,normal
141,76,98,normal
180,180,134,normal
192,191,153,normal
44,88,135,anomaly
65,125,185,anomaly
158,161,116,normal
201,200,162,normal
62,89,223,normal
46,99,156,anomaly
172,173,131,normal
148,160,224,anomaly
175,172,127,normal
66,84,145,anomaly
140,164,230,anomaly
54,55,21,normal
147,182,232,anomaly
200,195,164,normal
61,62,22,normal
131,135,94,normal
96,96,42,normal
196,123,65,normal
101,102,46,normal
176,176,128,normal
128,155,211,anomaly
44,43,5,normal
195,193,153,normal
133,169,223,anomaly
138,141,92,normal
117,116,78,normal
106,110,81,normal
47,119,255,normal
42,95,145,anomaly
162,161,111,normal
37,89,65,normal
172,171,121,normal
143,186,249,anomaly
20,18,0,normal
177,176,126,normal
91,136,217,anomaly
155,162,219,anomaly
163,177,229,anomaly
90,146,217,anomaly
143,145,93,normal
138,139,89,normal
168,185,236,anomaly
45,48,3,normal
144,142,88,normal
6,5,9,normal
107,156,218,anomaly
122,73,89,normal
172,143,128,normal
114,113,55,normal
158,160,118,normal
121,132,140,normal
63,64,24,normal
72,69,48,normal
0,0,255,normal
15,14,0,normal
80,24,5,normal
127,127,67,normal
164,163,113,normal
253,252,254,normal
20,17,3,normal
205,216,254,anomaly
199,197,163,normal
176,174,126,normal
190,188,148,normal
179,177,129,normal
118,113,98,normal
98,152,223,anomaly
53,57,22,normal
152,151,95,normal
12,15,13,normal
127,167,216,anomaly
182,182,134,normal
51,51,15,normal
156,175,220,anomaly
142,143,93,normal
64,65,23,normal
174,173,122,normal
172,171,121,normal
136,137,93,normal
83,89,32,normal
201,199,164,normal
63,68,23,normal
186,188,142,normal
108,111,102,normal
245,249,250,normal
0,1,0,normal
173,172,122,normal
171,187,240,anomaly
53,55,19,normal
181,196,245,anomaly
34,33,5,normal
179,176,131,normal
149,189,254,anomaly
96,138,221,anomaly
198,195,157,normal
141,142,92,normal
34,38,19,normal
170,168,120,normal
144,178,224,anomaly
167,166,116,normal
203,201,166,normal
25,86,180,normal
127,140,232,normal
168,169,119,normal
170,162,109,normal
75,77,31,normal
90,93,37,normal
164,163,113,normal
180,177,133,normal
9,11,5,normal
200,199,161,normal
153,180,236,anomaly
124,130,95,normal
150,183,232,anomaly
57,97,146,anomaly
26,45,20,normal
199,198,160,normal
65,68,29,normal
28,69,54,normal
34,33,7,normal
47,91,138,anomaly
162,160,112,normal
148,150,98,normal
198,196,162,normal
40,40,16,normal
241,205,169,normal
135,175,227,anomaly
98,99,43,normal
183,179,138,normal
39,91,74,normal
73,82,125,anomaly
149,149,101,normal
47,102,147,anomaly
178,175,131,normal
176,173,122,normal
204,202,168,normal
58,63,24,normal
170,187,238,anomaly
171,167,143,normal
130,133,88,normal
155,157,105,normal
55,102,156,anomaly
169,185,228,anomaly
165,163,115,normal
42,102,161,anomaly
178,178,132,normal
179,175,134,normal
183,184,142,normal
175,172,127,normal
106,105,47,normal
159,162,117,normal
0,255,255,normal
83,83,35,normal
120,122,180,anomaly
197,196,158,normal
163,163,115,normal
122,121,63,normal
151,189,254,anomaly
165,164,114,normal
53,53,17,normal
73,76,27,normal
130,170,222,anomaly
179,178,134,normal
197,195,160,normal
178,176,128,normal
55,102,156,anomaly
195,196,157,normal
52,53,19,normal
145,183,241,anomaly
45,99,152,anomaly
178,175,131,normal
42,43,9,normal
184,181,136,normal
67,117,93,normal
159,173,225,anomaly
37,39,9,normal
4,1,0,normal
132,133,93,normal
58,56,45,normal
200,198,163,normal
59,61,25,normal
154,158,117,normal
155,157,165,normal
101,96,157,normal
223,207,201,normal
110,122,234,normal
184,182,134,normal
181,182,143,normal
127,149,174,anomaly
192,190,172,normal
53,78,212,normal
76,77,35,normal
54,55,21,normal
0,0,181,normal
137,172,222,anomaly
255,209,255,normal
89,126,194,anomaly
180,178,154,normal
139,179,228,anomaly
54,56,20,normal
72,81,124,anomaly
178,178,132,normal
132,135,90,normal
163,163,115,normal
131,179,245,anomaly
14,12,1,normal
219,207,201,normal
226,237,245,normal
176,174,126,normal
156,162,127,normal
20,17,2,normal
87,54,212,normal
149,160,220,anomaly
101,100,44,normal
178,175,131,normal
17,14,0,normal
53,73,130,anomaly
182,179,135,normal
76,75,54,normal
48,48,12,normal
198,197,159,normal
204,203,169,normal
102,149,223,anomaly
48,24,196,normal
152,155,110,normal
69,72,22,normal
204,203,169,normal
54,55,21,normal
124,158,212,anomaly
251,227,215,normal
119,221,216,normal
100,139,194,anomaly
71,73,27,normal
160,163,124,normal
128,173,230,anomaly
182,183,144,normal
98,74,240,normal
197,193,158,normal
173,188,237,anomaly
126,131,100,normal
88,96,149,anomaly
104,128,164,anomaly
117,119,73,normal
146,188,247,anomaly
163,162,112,normal
111,151,216,anomaly
182,179,135,normal
163,161,113,normal
176,172,124,normal
139,139,85,normal
199,195,160,normal
22,53,38,normal
140,143,97,normal
50,51,19,normal
46,46,10,normal
69,71,25,normal
154,155,111,normal
170,169,125,normal
22,16,3,normal
21,15,0,normal
144,143,87,normal
55,56,22,normal
143,145,93,normal
51,117,255,normal
200,199,161,normal
163,178,234,anomaly
105,148,215,anomaly
143,163,228,anomaly
0,139,106,normal
178,176,128,normal
174,188,236,anomaly
4,0,72,normal
5,3,2,normal
15,14,0,normal
198,197,159,normal
197,194,149,normal
162,171,235,anomaly
60,62,26,normal
130,169,221,anomaly
163,163,115,normal
158,157,101,normal
89,186,244,normal
137,138,88,normal
163,168,113,normal
195,196,157,normal
128,171,220,anomaly
124,158,224,anomaly
135,138,89,normal
138,138,92,normal
170,188,235,anomaly
186,185,141,normal
60,64,23,normal
106,107,51,normal
77,80,31,normal
108,161,20,normal
84,113,182,anomaly
90,92,40,normal
160,164,123,normal
193,193,153,normal
187,186,190,normal
54,54,18,normal
168,165,120,normal
16,7,187,normal
180,180,134,normal
68,69,25,normal
145,143,89,normal
182,179,135,normal
62,121,183,anomaly
60,100,152,anomaly
171,187,229,anomaly
46,97,160,anomaly
244,241,227,normal
84,84,36,normal
150,190,255,anomaly
16,13,0,normal
181,178,134,normal
177,174,129,normal
181,175,138,normal
2,4,5,normal
199,197,162,normal
171,168,123,normal
54,58,17,normal
62,62,22,normal
141,167,213,anomaly
165,163,115,normal
174,172,124,normal
147,144,93,normal
171,187,234,anomaly
105,109,162,anomaly
20,21,12,normal
164,178,231,anomaly
149,189,254,anomaly
76,79,30,normal
130,99,76,normal
138,139,89,normal
24,1,0,normal
64,62,27,normal
130,168,226,anomaly
179,176,131,normal
136,139,100,normal
32,22,128,normal
34,33,7,normal
201,197,162,normal
180,177,132,normal
2,1,0,normal
54,47,238,normal
157,161,126,normal
127,131,90,normal
60,63,24,normal
118,158,217,anomaly
19,18,4,normal
185,183,135,normal
143,146,97,normal
50,91,130,anomaly
178,176,128,normal
229,234,237,normal
133,135,93,normal
61,63,21,normal
10,13,4,normal
180,178,130,normal
93,28,14,normal
158,155,104,normal
137,78,93,normal
172,170,122,normal
198,196,161,normal
165,165,117,normal
201,200,162,normal
127,169,228,anomaly
112,111,55,normal
158,156,102,normal
74,74,26,normal
107,159,229,anomaly
199,197,162,normal
183,179,138,normal
199,197,162,normal
196,123,65,normal
170,207,241,anomaly
16,13,0,normal
33,34,8,normal
251,253,254,normal
168,182,231,anomaly
157,156,112,normal
103,222,247,normal
174,174,128,normal
174,172,124,normal
1,2,0,normal
154,153,97,normal
58,122,186,anomaly
178,175,131,normal
163,162,112,normal
54,55,16,normal
123,164,213,anomaly
133,164,233,anomaly
173,172,122,normal
104,205,203,normal
141,181,246,anomaly
67,114,170,anomaly
54,105,168,anomaly
117,154,222,anomaly
48,67,128,anomaly
86,52,206,normal
140,139,81,normal
99,98,47,normal
122,117,102,normal
140,143,98,normal
205,204,170,normal
180,175,130,normal
184,186,144,normal
192,192,152,normal
135,160,224,anomaly
51,47,236,normal
44,70,52,normal
169,184,230,anomaly
136,139,90,normal
145,169,229,anomaly
153,157,121,normal
72,59,197,normal
171,169,121,normal
172,174,128,normal
135,139,90,normal
143,142,86,normal
180,177,132,normal
174,172,132,normal
192,189,144,normal
210,205,174,normal
186,184,144,normal
92,69,245,normal
2,2,2,normal
34,33,7,normal
58,112,172,anomaly
171,185,238,anomaly
161,164,125,normal
179,177,129,normal
149,149,101,normal
121,156,220,anomaly
181,182,140,normal
186,183,138,normal
205,204,170,normal
136,159,227,anomaly
70,76,51,normal
153,156,141,normal
252,254,254,normal
104,150,227,anomaly
144,183,245,anomaly
53,94,143,anomaly
34,85,58,normal
179,177,129,normal
107,109,63,normal
134,175,224,anomaly
114,113,55,normal
61,131,114,normal
181,177,136,normal
173,169,121,normal
63,119,174,anomaly
141,145,96,normal
155,157,111,normal
119,156,218,anomaly
164,162,114,normal
180,180,134,normal
170,171,121,normal
136,139,90,normal
145,143,89,normal
55,56,16,normal
170,169,119,normal
247,249,249,normal
123,41,29,normal
52,57,18,normal
107,111,164,anomaly
101,90,100,normal
179,174,129,normal
85,60,234,normal
201,200,162,normal
158,162,126,normal
96,149,222,anomaly
173,185,239,anomaly
206,205,171,normal
178,176,128,normal
22,25,0,normal
127,133,86,normal
168,180,234,anomaly
81,79,49,normal
199,197,162,normal
141,140,82,normal
45,47,25,normal
146,149,94,normal
171,171,131,normal
205,204,170,normal
182,179,135,normal
180,180,134,normal
197,196,158,normal
53,58,19,normal
199,199,159,normal
0,255,0,normal
190,191,149,normal
164,163,113,normal
126,161,225,anomaly
160,176,223,anomaly
7,7,1,normal
167,181,234,anomaly
60,25,235,normal
128,131,86,normal
203,199,198,normal
115,117,111,normal
141,140,82,normal
121,120,62,normal
54,54,18,normal
126,125,67,normal
102,103,47,normal
199,198,160,normal
0,2,175,normal
155,159,118,normal
186,183,139,normal
198,198,158,normal
181,178,133,normal
180,177,133,normal
44,104,163,anomaly
0,0,0,normal
56,103,154,anomaly
171,172,128,normal
18,14,3,normal
165,165,117,normal
143,140,89,normal
123,161,215,anomaly
69,72,23,normal
58,56,46,normal
183,179,138,normal
148,93,216,normal
199,197,163,normal
65,67,25,normal
149,153,188,normal
177,175,127,normal
2,0,0,normal
165,165,119,normal
202,201,163,normal
134,169,219,anomaly
147,144,89,normal
55,60,21,normal
53,55,19,normal
84,53,208,normal
168,166,112,normal
138,139,89,normal
175,176,126,normal
122,144,169,anomaly
102,142,201,anomaly
178,176,128,normal
62,124,188,anomaly
47,108,255,normal
88,92,141,anomaly
179,178,134,normal
108,147,221,anomaly
179,177,129,normal
178,178,132,normal
149,160,150,normal
64,125,191,anomaly
11,11,5,normal
143,148,117,normal
188,186,145,normal
154,153,97,normal
193,193,153,normal
164,186,244,anomaly
15,15,1,normal
164,162,114,normal
182,181,123,normal
120,152,218,anomaly
73,87,136,anomaly
128,137,235,normal
148,150,98,normal
55,54,40,normal
182,179,135,normal
166,182,228,anomaly
177,176,132,normal
199,198,160,normal
182,179,135,normal
92,69,238,normal
185,184,140,normal
171,170,120,normal
23,17,0,normal
15,13,3,normal
241,230,226,normal
158,162,127,normal
5,5,5,normal
165,160,121,normal
199,197,162,normal
78,76,41,normal
177,174,129,normal
52,55,16,normal
152,151,95,normal
2,0,8,normal
89,87,33,normal
199,197,162,normal
50,51,12,normal
1,0,165,normal
38,24,160,normal
77,83,130,anomaly
125,173,37,normal
182,180,132,normal
180,180,140,normal
64,62,21,normal
121,159,213,anomaly
141,181,246,anomaly
20,17,2,normal
167,168,118,normal
162,161,110,normal
173,169,121,normal
91,196,235,normal
153,150,99,normal
72,71,27,normal
64,64,28,normal
204,202,167,normal
53,53,17,normal
80,83,34,normal
142,181,225,anomaly
230,230,224,normal
121,156,222,anomaly
52,56,21,normal
53,57,22,normal
52,53,19,normal
55,23,234,normal
143,142,86,normal
54,54,54,normal
180,177,132,normal
182,177,138,normal
160,163,124,normal
140,138,84,normal
186,185,141,normal
200,198,163,normal
137,113,95,normal
199,197,163,normal
153,156,111,normal
50,50,14,normal
157,161,125,normal
171,172,133,normal
165,163,115,normal
95,202,199,normal
178,176,128,normal
179,177,129,normal
199,197,163,normal
200,200,160,normal
191,189,148,normal
37,35,5,normal
129,169,221,anomaly
144,170,237,anomaly
169,185,228,anomaly
182,179,135,normal
164,162,114,normal
175,176,132,normal
131,163,229,anomaly
52,56,21,normal
167,166,115,normal
4,9,166,normal
200,198,164,normal
80,89,127,anomaly
172,169,131,normal
182,178,137,normal
106,108,62,normal
113,144,213,anomaly
175,173,125,normal
201,200,162,normal
175,191,233,anomaly
183,180,135,normal
89,87,33,normal
230,126,161,normal
85,138,219,anomaly
53,57,22,normal
52,54,24,normal
162,162,114,normal
166,166,160,normal
162,160,112,normal
199,197,162,normal
90,68,247,normal
121,161,219,anomaly
115,116,66,normal
168,184,230,anomaly
194,195,156,normal
163,162,112,normal
139,139,85,normal
165,163,115,normal
61,62,20,normal
52,56,20,normal
94,128,194,anomaly
66,68,26,normal
53,57,22,normal
156,160,125,normal
105,104,46,normal
58,57,43,normal
177,196,233,anomaly
73,83,123,anomaly
20,17,2,normal
178,175,131,normal
0,0,182,normal
122,154,219,anomaly
34,34,20,normal
62,63,21,normal
197,207,254,anomaly
54,55,21,normal
155,162,125,normal
244,239,240,normal
183,181,133,normal
196,194,160,normal
91,133,210,anomaly
49,169,91,normal
202,201,163,normal
129,132,87,normal
112,111,53,normal
189,186,148,normal
168,163,114,normal
166,163,118,normal
181,175,128,normal
52,112,255,normal
54,58,22,normal
99,146,227,anomaly
45,95,148,anomaly
156,157,107,normal
152,190,225,anomaly
0,0,255,normal
75,77,31,normal
68,69,25,normal
123,125,179,anomaly
164,163,113,normal
201,200,162,normal
149,187,251,anomaly
232,193,85,normal
202,200,165,normal
71,84,122,anomaly
60,74,133,anomaly
248,250,250,normal
51,93,140,anomaly
136,139,90,normal
156,167,229,anomaly
36,32,8,normal
54,105,168,anomaly
180,168,120,normal
44,152,46,normal
119,120,70,normal
186,186,146,normal
152,174,232,anomaly
138,138,92,normal
180,176,187,normal
170,169,119,normal
165,164,114,normal
135,135,87,normal
130,136,243,normal
186,167,134,normal
175,172,127,normal
64,65,23,normal
38,12,150,normal
147,150,101,normal
117,157,205,anomaly
75,111,175,anomaly
132,168,216,anomaly
207,218,255,anomaly
204,203,169,normal
43,40,32,normal
99,136,188,anomaly
129,130,90,normal
170,168,120,normal
68,54,26,normal
183,181,133,normal
178,175,131,normal
178,175,130,normal
105,104,106,normal
85,120,188,anomaly
13,11,11,normal
153,157,121,normal
199,197,162,normal
179,176,132,normal
65,111,175,anomaly
167,166,116,normal
49,96,152,anomaly
177,174,129,normal
51,97,144,anomaly
164,162,114,normal
182,179,135,normal
126,126,126,normal
72,78,123,anomaly
167,166,116,normal
92,139,221,anomaly
176,175,131,normal
231,218,210,normal
81,87,128,anomaly
181,181,135,normal
94,95,63,normal
199,197,162,normal
108,107,49,normal
56,60,24,normal
178,178,132,normal
174,173,123,normal
165,163,115,normal
177,173,124,normal
172,172,126,normal
197,196,158,normal
202,198,157,normal
10,186,251,normal
20,15,6,normal
199,197,162,normal
16,7,188,normal
174,172,124,normal
125,122,71,normal
177,174,129,normal
167,163,115,normal
152,187,251,anomaly
104,105,49,normal
185,182,137,normal
114,114,66,normal
199,197,163,normal
178,175,131,normal
179,177,129,normal
128,130,84,normal
70,72,26,normal
201,199,164,normal
139,142,93,normal
20,17,2,normal
182,179,135,normal
115,118,173,anomaly
160,196,255,anomaly
188,188,142,normal
104,146,205,anomaly
14,15,19,normal
52,53,19,normal
194,193,155,normal
40,0,144,normal
196,194,160,normal
0,128,0,normal
179,176,132,normal
58,85,219,normal
181,179,138,normal
172,171,121,normal
131,129,75,normal
163,162,112,normal
87,90,35,normal
201,200,162,normal
75,76,32,normal
85,85,37,normal
76,81,36,normal
202,201,163,normal
181,181,133,normal
157,194,254,anomaly
187,186,142,normal
67,71,30,normal
57,167,143,normal
53,57,22,normal
172,171,121,normal
255,255,249,normal
0,0,0,normal
112,220,244,normal
160,179,236,anomaly
251,253,254,normal
203,211,255,anomaly
54,53,15,normal
126,128,182,anomaly
105,208,203,normal
52,53,13,normal
196,196,156,normal
199,198,160,normal
195,193,163,normal
33,34,8,normal
138,139,95,normal
35,161,85,normal
179,180,138,normal
82,82,28,normal
57,55,15,normal
165,179,231,anomaly
117,156,225,anomaly
73,74,32,normal
139,139,85,normal
96,147,220,anomaly
187,179,180,normal
144,147,98,normal
156,194,255,anomaly
2,1,5,normal
180,179,135,normal
179,178,134,normal
172,168,119,normal
122,147,197,anomaly
27,203,250,normal
135,137,95,normal
203,203,167,normal
3,1,1,normal
187,185,144,normal
236,221,218,normal
18,24,19,normal
5,4,6,normal
6,7,0,normal
159,163,127,normal
165,164,114,normal
45,15,218,normal
35,34,8,normal
231,241,248,normal
193,191,156,normal
156,160,125,normal
179,176,131,normal
134,135,101,normal
88,85,34,normal
160,168,121,normal
47,47,33,normal
132,131,73,normal
253,253,183,normal
176,172,123,normal
130,146,175,anomaly
174,173,123,normal
198,196,161,normal
182,179,135,normal
202,200,165,normal
132,174,221,anomaly
74,77,28,normal
45,75,130,anomaly
117,118,122,normal
173,172,122,normal
175,173,125,normal
59,62,23,normal
129,133,186,anomaly
60,55,57,normal
191,192,150,normal
181,178,134,normal
95,176,97,normal
144,153,217,anomaly
184,181,136,normal
115,111,63,normal
136,139,90,normal
56,97,146,anomaly
180,180,132,normal
149,172,228,anomaly
163,164,120,normal
193,191,156,normal
170,168,120,normal
88,136,202,anomaly
172,171,121,normal
193,191,150,normal
78,77,51,normal
0,130,105,normal
197,196,158,normal
29,69,51,normal
187,183,135,normal
157,158,118,normal
174,172,124,normal
2,1,0,normal
179,176,132,normal
161,184,230,anomaly
186,185,141,normal
138,140,88,normal
140,143,97,normal
184,182,134,normal
205,204,170,normal
207,218,255,anomaly
36,35,9,normal
49,51,22,normal
153,152,94,normal
40,61,46,normal
139,142,93,normal
62,66,24,normal
181,178,134,normal
138,140,104,normal
109,227,252,normal
4,0,72,normal
186,184,143,normal
153,171,218,anomaly
146,149,94,normal
54,55,21,normal
121,140,197,anomaly
193,192,154,normal
145,194,118,normal
197,195,160,normal
104,141,203,anomaly
137,160,222,anomaly
166,163,112,normal
154,160,119,normal
179,177,129,normal
194,193,155,normal
201,199,159,normal
146,190,249,anomaly
90,125,193,anomaly
199,197,162,normal
186,174,132,normal
186,183,138,normal
66,117,180,anomaly
0,3,181,normal
183,184,142,normal
69,71,25,normal
191,190,152,normal
178,178,132,normal
140,137,86,normal
172,171,121,normal
179,178,134,normal
49,56,19,normal
122,125,180,anomaly
210,194,182,normal
223,223,223,normal
178,176,128,normal
173,172,122,normal
161,162,123,normal
7,7,7,normal
20,51,20,normal
137,137,97,normal
94,68,245,normal
172,140,99,normal
163,162,112,normal
183,86,106,normal
159,158,102,normal
160,162,126,normal
201,199,164,normal
4,3,0,normal
214,227,229,normal
173,173,127,normal
196,195,157,normal
161,165,130,normal
205,215,255,anomaly
79,87,127,anomaly
119,118,62,normal
1,0,2,normal
148,182,235,anomaly
132,133,99,normal
69,134,202,anomaly
103,144,223,anomaly
193,193,153,normal
178,176,128,normal
137,140,85,normal
158,155,104,normal
0,1,181,normal
34,36,6,normal
191,189,148,normal
120,171,234,anomaly
0,128,0,normal
53,57,22,normal
180,177,133,normal
62,127,196,anomaly
119,121,175,anomaly
163,162,112,normal
158,173,116,normal
50,57,20,normal
181,178,134,normal
56,54,19,normal
182,179,135,normal
255,255,252,normal
62,124,194,anomaly
99,143,197,anomaly
3,2,0,normal
90,90,42,normal
198,197,159,normal
69,71,52,normal
110,60,38,normal
119,152,215,anomaly
134,136,94,normal
50,44,233,normal
128,255,0,normal
44,46,34,normal
41,113,255,normal
82,33,11,normal
251,220,217,normal
52,56,21,normal
4,5,0,normal
157,161,120,normal
157,160,114,normal
155,176,24,normal
95,139,216,anomaly
169,174,183,normal
37,36,10,normal
158,160,118,normal
115,159,218,anomaly
164,168,133,normal
130,168,222,anomaly
199,198,160,normal
158,162,127,normal
54,104,157,anomaly
152,155,106,normal
147,160,228,anomaly
143,146,121,normal
136,162,228,anomaly
163,162,112,normal
179,177,129,normal
17,29,11,normal
2,0,0,normal
178,175,131,normal
107,149,216,anomaly
167,163,114,normal
10,17,12,normal
52,94,141,anomaly
149,147,89,normal
69,69,33,normal
98,110,158,anomaly
176,174,126,normal
25,12,150,normal
42,43,4,normal
6,5,1,normal
159,65,160,normal
172,188,235,anomaly
173,180,123,normal
55,102,158,anomaly
52,103,166,anomaly
164,178,230,anomaly
49,110,255,normal
81,89,129,anomaly
155,152,108,normal
182,196,249,anomaly
96,145,215,anomaly
138,140,88,normal
57,59,23,normal
136,142,89,normal
89,92,46,normal
223,223,223,normal
141,138,87,normal
178,175,131,normal
171,170,120,normal
51,52,18,normal
118,117,59,normal
178,176,128,normal
171,170,120,normal
172,171,121,normal
157,186,230,anomaly
57,59,23,normal
55,104,172,anomaly
183,178,133,normal
123,124,92,normal
179,176,131,normal
137,136,86,normal
202,201,163,normal
134,77,98,normal
192,192,152,normal
42,47,234,normal
159,171,119,normal
224,219,220,normal
190,188,147,normal
106,106,58,normal
157,161,126,normal
197,196,158,normal
57,59,23,normal
130,128,98,normal
132,136,101,normal
89,88,30,normal
130,130,130,normal
128,161,230,anomaly
153,155,109,normal
174,172,124,normal
72,119,171,anomaly
166,181,230,anomaly
48,15,236,normal
197,196,162,normal
104,123,168,anomaly
111,151,209,anomaly
182,178,137,normal
161,164,125,normal
64,68,19,normal
89,124,188,anomaly
45,47,5,normal
109,150,213,anomaly
198,196,162,normal
138,171,220,anomaly
118,220,215,normal
172,133,27,normal
79,87,127,anomaly
90,85,146,normal
124,157,206,anomaly
77,48,197,normal
90,65,247,normal
53,53,17,normal
172,169,124,normal
94,96,44,normal
169,185,238,anomaly
181,181,135,normal
0,0,255,normal
139,141,82,normal
139,138,82,normal
143,176,239,anomaly
182,179,135,normal
94,28,17,normal
106,105,47,normal
193,192,154,normal
158,89,162,normal
140,139,81,normal
136,139,90,normal
4,0,72,normal
26,23,8,normal
157,162,123,normal
67,69,27,normal
58,100,75,normal
177,174,129,normal
177,175,127,normal
120,158,212,anomaly
146,146,92,normal
239,224,228,normal
32,33,7,normal
225,212,82,normal
162,176,225,anomaly
193,192,154,normal
76,123,175,anomaly
166,167,128,normal
0,2,177,normal
45,21,205,normal
205,188,179,normal
2,3,1,normal
153,189,253,anomaly
86,130,194,anomaly
159,162,123,normal
150,188,252,anomaly
136,134,93,normal
92,142,224,anomaly
173,172,122,normal
70,83,121,anomaly
199,197,162,normal
151,225,237,normal
170,169,119,normal
108,109,59,normal
196,194,159,normal
0,1,2,normal
152,133,106,normal
149,149,101,normal
34,36,6,normal
195,195,155,normal
176,176,122,normal
56,55,17,normal
129,133,91,normal
153,159,124,normal
89,67,246,normal
145,144,88,normal
176,176,130,normal
154,158,117,normal
57,60,34,normal
3,1,1,normal
188,186,146,normal
34,36,7,normal
199,197,163,normal
181,181,133,normal
179,180,138,normal
186,184,144,normal
163,162,111,normal
150,194,248,anomaly
13,84,64,normal
4,2,1,normal
55,59,23,normal
61,64,19,normal
53,57,32,normal
101,98,43,normal
61,66,27,normal
97,149,220,anomaly
188,187,136,normal
116,151,217,anomaly
139,142,93,normal
128,162,221,anomaly
4,2,2,normal
81,53,213,normal
157,195,253,anomaly
176,175,125,normal
139,89,91,normal
179,176,131,normal
101,101,47,normal
224,222,222,normal
161,158,113,normal
97,107,161,anomaly
56,59,20,normal
130,133,77,normal
68,54,212,normal
136,142,93,normal
114,117,55,normal
53,53,17,normal
174,174,128,normal
3,4,0,normal
134,137,91,normal
179,176,132,normal
45,97,150,anomaly
179,178,134,normal
164,162,114,normal
136,163,219,anomaly
93,137,201,anomaly
106,209,204,normal
172,170,122,normal
66,67,23,normal
169,170,126,normal
126,169,220,anomaly
128,131,86,normal
149,146,91,normal
21,20,0,normal
185,183,135,normal
85,87,41,normal
149,166,217,anomaly
47,23,195,normal
194,77,46,normal
12,9,5,normal
84,84,36,normal
157,155,101,normal
51,53,17,normal
4,1,3,normal
22,22,0,normal
76,52,208,normal
93,68,232,normal
255,215,221,normal
26,47,32,normal
0,255,255,normal
59,61,19,normal
139,174,217,anomaly
163,163,109,normal
237,224,216,normal
71,30,242,normal
42,91,141,anomaly
178,177,127,normal
92,189,185,normal
54,55,16,normal
201,200,162,normal
143,146,97,normal
62,63,47,normal
33,34,8,normal
136,139,90,normal
181,178,134,normal
39,42,10,normal
57,118,174,anomaly
108,101,104,normal
158,161,122,normal
168,201,255,anomaly
141,140,89,normal
83,201,182,normal
186,186,140,normal
93,68,248,normal
192,192,152,normal
62,64,22,normal
177,174,130,normal
79,118,193,anomaly
139,162,230,anomaly
164,162,114,normal
191,190,146,normal
56,103,155,anomaly
153,151,103,normal
55,59,18,normal
180,177,132,normal
180,178,130,normal
173,173,119,normal
31,32,6,normal
165,165,117,normal
165,160,121,normal
15,13,3,normal
187,187,141,normal
35,81,59,normal
163,163,115,normal
114,159,210,anomaly
184,181,136,normal
12,13,9,normal
23,19,18,normal
131,170,222,anomaly
51,68,131,anomaly
150,150,102,normal
177,176,132,normal
159,162,123,normal
62,126,191,anomaly
61,122,184,anomaly
6,6,0,normal
54,55,21,normal
168,166,112,normal
50,50,36,normal
185,185,145,normal
15,14,0,normal
142,145,96,normal
172,188,241,anomaly
147,183,231,anomaly
0,0,4,normal
172,168,120,normal
144,156,220,anomaly
119,118,60,normal
164,163,112,normal
186,184,144,normal
150,186,255,anomaly
68,64,23,normal
206,205,171,normal
140,143,97,normal
180,179,135,normal
160,159,109,normal
160,164,129,normal
31,32,6,normal
254,249,188,normal
164,162,114,normal
132,168,222,anomaly
104,107,62,normal
84,126,179,anomaly
166,164,110,normal
20,19,5,normal
178,175,130,normal
107,156,226,anomaly
198,198,158,normal
156,198,145,normal
52,53,19,normal
60,59,38,normal
176,171,126,normal
105,108,59,normal
118,155,213,anomaly
193,193,153,normal
244,248,249,normal
130,131,92,normal
68,69,25,normal
180,180,120,normal
168,155,141,normal
30,30,6,normal
42,93,149,anomaly
98,97,46,normal
96,97,41,normal
135,140,89,normal
175,173,125,normal
168,167,116,normal
176,175,131,normal
147,145,87,normal
156,173,216,anomaly
72,75,29,normal
0,3,0,normal
186,186,146,normal
141,110,87,normal
204,80,62,normal
44,57,35,normal
147,153,212,normal
57,35,17,normal
183,182,138,normal
97,143,220,anomaly
157,162,123,normal
50,48,17,normal
4,2,1,normal
90,88,34,normal
199,139,200,normal
103,96,157,normal
163,161,107,normal
180,177,133,normal
68,120,173,anomaly
128,159,228,anomaly
84,60,40,normal
199,197,162,normal
198,194,159,normal
197,195,160,normal
54,55,21,normal
130,170,223,anomaly
61,65,24,normal
10,9,11,normal
155,157,111,normal
182,179,135,normal
202,201,163,normal
190,188,148,normal
128,159,228,anomaly
178,175,131,normal
178,176,128,normal
154,194,255,anomaly
157,161,126,normal
141,145,96,normal
136,167,218,anomaly
183,179,138,normal
179,176,131,normal
199,197,162,normal
166,165,114,normal
75,82,125,anomaly
59,94,144,anomaly
99,137,195,anomaly
2,0,178,normal
168,166,118,normal
148,150,98,normal
156,159,109,normal
182,183,141,normal
109,212,207,normal
132,174,221,anomaly
83,100,151,anomaly
200,201,169,normal
233,243,250,normal
148,152,116,normal
178,194,237,anomaly
142,141,85,normal
176,192,238,anomaly
47,91,138,anomaly
138,141,96,normal
175,173,125,normal
199,197,163,normal
50,50,10,normal
138,139,89,normal
157,161,125,normal
166,162,114,normal
170,166,118,normal
184,172,124,normal
29,60,29,normal
166,165,115,normal
167,163,114,normal
130,133,84,normal
202,201,163,normal
166,182,99,normal
139,179,244,anomaly
176,146,99,normal
125,160,224,anomaly
112,213,211,normal
65,66,50,normal
157,161,125,normal
101,100,42,normal
77,116,185,anomaly
151,154,105,normal
179,176,131,normal
143,140,89,normal
52,90,138,anomaly
143,142,86,normal
138,140,88,normal
176,174,126,normal
171,170,120,normal
128,154,224,anomaly
133,20,134,normal
48,50,31,normal
145,143,89,normal
63,67,25,normal
55,112,173,anomaly
53,54,20,normal
137,135,81,normal
224,69,48,normal
128,129,95,normal
90,28,18,normal
158,161,116,normal
122,159,217,anomaly
130,128,74,normal
186,93,122,normal
5,151,187,normal
185,107,171,normal
192,193,149,normal
176,174,126,normal
198,124,68,normal
122,121,63,normal
28,24,6,normal
47,101,154,anomaly
52,53,13,normal
167,164,113,normal
79,82,33,normal
48,49,17,normal
126,131,92,normal
142,141,85,normal
188,186,146,normal
129,153,219,anomaly
92,139,223,anomaly
154,156,110,normal
35,0,140,normal
5,3,2,normal
180,177,132,normal
108,109,53,normal
58,123,192,anomaly
0,119,252,normal
182,179,134,normal
187,181,138,normal
68,69,25,normal
53,56,24,normal
69,73,32,normal
255,0,128,normal
55,56,22,normal
179,177,129,normal
34,33,5,normal
121,120,62,normal
52,164,86,normal
106,209,204,normal
249,124,104,normal
13,23,7,normal
53,54,20,normal
144,146,94,normal
183,181,133,normal
57,49,234,normal
121,120,62,normal
152,153,97,normal
76,77,33,normal
146,172,238,anomaly
180,177,133,normal
160,163,124,normal
155,193,255,anomaly
146,144,86,normal
241,228,214,normal
177,176,126,normal
153,188,251,anomaly
164,160,112,normal
201,200,162,normal
181,178,133,normal
177,174,129,normal
69,71,25,normal
137,135,81,normal
37,38,4,normal
185,182,137,normal
181,178,134,normal
72,73,29,normal
159,161,125,normal
175,173,125,normal
64,63,19,normal
178,176,128,normal
141,144,99,normal
181,179,131,normal
193,191,151,normal
34,87,144,anomaly
157,161,126,normal
76,79,30,normal
59,117,176,anomaly
173,171,123,normal
49,104,155,anomaly
145,145,97,normal
103,150,224,anomaly
26,20,9,normal
134,134,188,anomaly
185,183,143,normal
4,3,0,normal
198,196,161,normal
180,177,132,normal
103,197,210,normal
178,175,130,normal
153,157,116,normal
59,123,188,anomaly
162,165,126,normal
117,119,173,anomaly
53,60,17,normal
92,27,18,normal
145,150,121,normal
139,138,80,normal
141,139,85,normal
199,197,162,normal
179,173,130,normal
155,158,119,normal
74,83,126,anomaly
60,54,13,normal
180,180,134,normal
89,97,150,anomaly
12,8,187,normal
182,179,134,normal
122,81,179,normal
19,16,1,normal
59,109,162,anomaly
97,30,15,normal
53,54,20,normal
69,71,25,normal
180,178,130,normal
178,175,131,normal
54,58,23,normal
132,135,86,normal
70,116,180,anomaly
173,172,122,normal
143,155,219,anomaly
153,169,216,anomaly
180,177,132,normal
95,141,219,anomaly
169,185,228,anomaly
157,194,254,anomaly
70,68,27,normal
176,176,128,normal
103,109,56,normal
201,199,164,normal
16,7,188,normal
202,201,163,normal
125,169,222,anomaly
71,78,35,normal
144,188,252,anomaly
150,153,104,normal
105,206,204,normal
84,84,30,normal
121,157,227,anomaly
230,129,155,normal
170,170,158,normal
98,145,219,anomaly
107,143,213,anomaly
5,3,3,normal
136,139,89,normal
172,186,239,anomaly
159,162,123,normal
178,172,127,normal
195,193,152,normal
135,138,93,normal
130,136,95,normal
121,122,88,normal
140,140,86,normal
38,40,10,normal
173,172,122,normal
188,185,147,normal
127,130,80,normal
134,179,236,normal
146,187,250,anomaly
157,161,126,normal
205,204,170,normal
169,165,116,normal
165,161,113,normal
167,163,115,normal
129,164,220,anomaly
49,48,10,normal
122,121,63,normal
161,177,224,anomaly
130,168,216,anomaly
162,161,111,normal
131,167,221,anomaly
151,150,106,normal
177,174,130,normal
133,133,97,normal
200,209,253,anomaly
3,0,164,normal
180,180,134,normal
32,33,7,normal
80,83,34,normal
161,159,119,normal
138,141,92,normal
185,184,140,normal
153,190,255,anomaly
153,194,255,anomaly
19,18,0,normal
69,71,25,normal
41,42,10,normal
74,74,44,normal
23,14,158,normal
159,162,123,normal
25,26,6,normal
23,202,247,normal
175,173,125,normal
20,17,2,normal
145,165,230,anomaly
155,195,254,anomaly
4,0,72,normal
137,139,87,normal
139,179,227,anomaly
118,118,64,normal
0,0,255,normal
97,139,206,anomaly
59,121,191,anomaly
143,143,89,normal
178,176,128,normal
178,176,128,normal
7,6,169,normal
205,204,170,normal
108,107,51,normal
153,190,246,anomaly
198,210,252,anomaly
55,97,144,anomaly
154,158,106,normal
99,142,199,anomaly
110,154,207,anomaly
182,182,134,normal
137,140,91,normal
184,181,136,normal
171,187,240,anomaly
59,60,20,normal
97,99,77,normal
120,123,73,normal
54,98,145,anomaly
200,198,163,normal
59,104,161,anomaly
185,182,137,normal
34,35,33,normal
64,65,21,normal
187,184,139,normal
131,134,88,normal
186,187,143,normal
83,134,196,anomaly
28,52,142,normal
136,139,90,normal
246,251,250,normal
175,178,128,normal
199,197,163,normal
110,212,207,normal
53,53,17,normal
97,90,151,normal
193,192,154,normal
78,114,252,normal
182,179,135,normal
204,204,168,normal
32,33,7,normal
208,217,255,anomaly
62,80,127,anomaly
65,65,19,normal
143,140,89,normal
121,158,108,normal
199,211,251,anomaly
162,160,112,normal
201,200,162,normal
157,157,171,normal
168,182,235,anomaly
196,194,159,normal
122,155,211,anomaly
111,153,220,anomaly
157,161,126,normal
21,15,2,normal
173,173,127,normal
179,177,129,normal
169,184,230,anomaly
178,176,128,normal
62,66,25,normal
45,89,136,anomaly
176,174,126,normal
181,180,130,normal
173,172,122,normal
23,23,7,normal
173,169,121,normal
99,94,155,normal
56,91,135,anomaly
149,186,254,anomaly
149,153,112,normal
255,128,0,normal
192,191,153,normal
255,140,105,normal
50,47,240,normal
173,171,123,normal
202,201,163,normal
5,5,0,normal
182,180,132,normal
0,0,0,normal
53,53,17,normal
82,124,177,anomaly
140,139,88,normal
177,194,233,anomaly
61,108,159,anomaly
0,255,255,normal
61,65,24,normal
0,180,1,normal
168,182,235,anomaly
54,58,23,normal
43,94,156,anomaly
107,130,192,anomaly
54,102,150,anomaly
178,177,133,normal
236,112,94,normal
104,107,58,normal
216,220,225,normal
97,98,48,normal
199,197,162,normal
165,161,112,normal
158,178,233,anomaly
161,165,130,normal
136,128,252,normal
198,198,158,normal
165,165,117,normal
119,171,231,anomaly
199,197,162,normal
2,0,0,normal
144,145,95,normal
144,142,88,normal
151,154,105,normal
41,44,12,normal
74,76,34,normal
176,174,126,normal
158,162,120,normal
67,129,199,anomaly
45,110,255,normal
78,95,255,normal
112,116,169,anomaly
73,47,207,normal
53,112,104,normal
176,174,126,normal
4,4,0,normal
152,155,105,normal
179,177,129,normal
156,193,255,anomaly
91,122,191,anomaly
92,90,50,normal
198,198,204,normal
179,173,128,normal
38,85,146,anomaly
163,162,112,normal
215,217,218,normal
174,197,245,anomaly
191,189,149,normal
102,118,231,normal
53,57,22,normal
53,53,17,normal
206,205,171,normal
255,255,128,normal
66,67,23,normal
177,175,127,normal
139,158,19,normal
199,197,163,normal
73,76,27,normal
62,59,14,normal
170,169,119,normal
197,196,162,normal
53,54,20,normal
50,52,16,normal
101,153,224,anomaly
58,59,19,normal
159,161,172,normal
131,135,99,normal
0,0,0,normal
76,79,30,normal
189,192,196,normal
92,130,194,anomaly
140,172,221,anomaly
35,34,8,normal
163,164,114,normal
65,108,159,anomaly
201,199,164,normal
1,1,1,normal
201,196,163,normal
97,103,156,anomaly
5,3,3,normal
199,197,162,normal
118,150,209,anomaly
178,176,128,normal
201,200,162,normal
75,78,29,normal
204,202,168,normal
150,190,255,anomaly
0,255,255,normal
98,147,223,anomaly
44,44,8,normal
120,126,133,normal
151,171,226,anomaly
178,178,132,normal
179,176,132,normal
181,178,133,normal
19,16,1,normal
140,97,76,normal
165,164,114,normal
178,176,128,normal
172,186,239,anomaly
168,165,114,normal
114,130,197,anomaly
144,143,87,normal
196,194,154,normal
53,56,24,normal
200,198,163,normal
123,148,220,anomaly
130,171,220,anomaly
0,46,99,normal
35,37,7,normal
50,49,15,normal
0,255,255,normal
100,95,156,normal
43,44,10,normal
128,130,84,normal
82,84,32,normal
54,55,21,normal
101,94,155,normal
163,160,109,normal
195,193,152,normal
160,159,155,normal
145,144,93,normal
102,130,190,anomaly
58,112,173,anomaly
7,5,0,normal
162,160,112,normal
181,181,133,normal
38,97,147,anomaly
200,198,163,normal
165,78,128,normal
32,33,7,normal
165,177,231,anomaly
101,149,221,anomaly
122,159,221,anomaly
249,251,252,normal
164,163,113,normal
209,157,205,normal
146,188,255,anomaly
182,176,131,normal
78,81,32,normal
44,43,237,normal
182,178,137,normal
116,158,225,anomaly
164,162,108,normal
160,166,131,normal
28,25,10,normal
226,210,204,normal
165,92,165,normal
95,137,214,anomaly
239,228,224,normal
237,200,162,normal
194,195,153,normal
45,106,150,anomaly
81,92,130,anomaly
62,62,22,normal
111,155,219,anomaly
151,189,253,anomaly
117,118,62,normal
17,16,2,normal
193,191,160,normal
123,161,215,anomaly
85,181,241,normal
79,99,146,anomaly
144,142,88,normal
150,149,98,normal
172,172,126,normal
143,145,93,normal
182,179,135,normal
121,158,214,anomaly
108,108,90,normal
67,122,179,anomaly
61,62,22,normal
170,167,136,normal
117,116,58,normal
179,176,132,normal
203,202,168,normal
52,57,18,normal
54,58,23,normal
141,163,21,normal
50,54,13,normal
51,53,17,normal
130,79,93,normal
181,178,134,normal
51,112,178,anomaly
132,133,83,normal
85,94,132,anomaly
214,226,232,normal
171,169,121,normal
123,149,216,anomaly
116,152,216,anomaly
149,149,95,normal
1,129,0,normal
175,173,125,normal
50,49,15,normal
178,175,131,normal
178,179,137,normal
201,200,162,normal
199,197,163,normal
55,59,24,normal
16,12,1,normal
183,180,136,normal
109,114,59,normal
82,63,132,normal
170,168,120,normal
195,193,152,normal
194,193,155,normal
180,177,132,normal
5,4,0,normal
167,164,113,normal
169,172,123,normal
172,164,117,normal
25,19,20,normal
255,255,255,normal
199,197,162,normal
89,137,215,anomaly
108,114,167,anomaly
143,78,103,normal
29,28,18,normal
199,197,163,normal
163,162,112,normal
36,90,145,anomaly
110,113,64,normal
182,177,138,normal
146,148,96,normal
34,33,7,normal
173,172,121,normal
121,124,179,anomaly
177,174,129,normal
81,49,208,normal
136,139,90,normal
155,167,233,anomaly
78,95,146,anomaly
106,90,107,normal
247,127,92,normal
129,167,221,anomaly
174,169,124,normal
173,172,122,normal
179,176,131,normal
115,117,171,anomaly
93,97,148,anomaly
119,118,60,normal
175,173,125,normal
176,177,143,normal
127,131,189,anomaly
156,157,113,normal
8,10,10,normal
161,165,130,normal
138,139,89,normal
174,174,128,normal
0,255,255,normal
207,216,253,anomaly
148,190,255,anomaly
124,156,221,anomaly
86,88,36,normal
55,57,15,normal
104,206,201,normal
175,175,129,normal
59,63,27,normal
158,157,106,normal
182,179,135,normal
119,118,60,normal
45,97,143,anomaly
179,176,131,normal
186,87,125,normal
162,165,120,normal
163,135,34,normal
183,180,136,normal
157,160,115,normal
63,68,23,normal
58,79,47,normal
183,179,138,normal
178,175,131,normal
45,110,255,normal
83,16,137,normal
48,44,239,normal
208,219,255,anomaly
151,152,102,normal
161,161,121,normal
110,141,186,anomaly
111,145,205,anomaly
74,80,33,normal
170,185,231,anomaly
71,76,31,normal
3,2,0,normal
154,160,119,normal
103,102,46,normal
132,133,99,normal
36,35,9,normal
145,143,89,normal
6,4,4,normal
140,143,94,normal
184,185,143,normal
141,168,218,anomaly
180,178,137,normal
118,155,217,anomaly
80,112,177,anomaly
133,159,226,anomaly
181,180,130,normal
182,178,137,normal
59,58,24,normal
58,45,207,normal
193,192,154,normal
56,62,27,normal
15,14,0,normal
44,47,45,normal
95,90,75,normal
158,159,119,normal
177,174,129,normal
141,183,230,anomaly
61,118,180,anomaly
225,210,84,normal
52,57,18,normal
106,93,117,normal
60,57,13,normal
0,0,255,normal
175,172,127,normal
191,191,145,normal
119,121,175,anomaly
178,175,131,normal
182,178,137,normal
1,86,242,normal
49,93,140,anomaly
187,175,133,normal
0,180,2,normal
70,77,40,normal
60,121,185,anomaly
140,177,221,anomaly
179,177,129,normal
120,155,211,anomaly
166,166,118,normal
131,131,131,normal
151,189,253,anomaly
142,141,85,normal
161,197,255,anomaly
56,58,22,normal
35,36,10,normal
180,196,239,anomaly
128,128,128,normal
180,177,133,normal
178,175,131,normal
6,1,10,normal
179,176,131,normal
118,149,224,anomaly
179,176,132,normal
35,36,26,normal
143,142,91,normal
178,176,128,normal
171,170,120,normal
168,169,127,normal
39,39,187,normal
53,54,20,normal
53,58,19,normal
46,51,30,normal
178,175,130,normal
133,133,85,normal
179,176,131,normal
182,183,141,normal
56,99,148,anomaly
133,154,229,anomaly
178,175,131,normal
199,197,162,normal
172,171,121,normal
178,175,131,normal
186,186,140,normal
167,163,114,normal
157,163,122,normal
124,128,92,normal
132,141,98,normal
153,156,111,normal
178,178,132,normal
165,161,112,normal
36,109,83,normal
187,187,147,normal
43,47,12,normal
90,87,43,normal
86,54,213,normal
12,16,11,normal
126,129,80,normal
163,178,227,anomaly
176,174,126,normal
16,7,188,normal
183,181,133,normal
113,116,171,anomaly
62,67,22,normal
180,180,132,normal
84,93,131,anomaly
129,131,89,normal
122,122,62,normal
131,87,182,normal
237,197,162,normal
125,172,39,normal
171,170,119,normal
0,0,255,normal
167,163,114,normal
50,71,133,anomaly
62,108,166,anomaly
164,162,108,normal
55,60,21,normal
151,150,94,normal
144,96,216,normal
188,189,147,normal
201,199,164,normal
111,219,243,normal
2,2,2,normal
162,176,225,anomaly
109,211,206,normal
139,168,235,anomaly
175,173,125,normal
81,87,130,anomaly
52,46,241,normal
34,34,4,normal
158,162,126,normal
35,34,8,normal
108,84,232,normal
32,33,7,normal
9,8,4,normal
91,69,248,normal
202,201,163,normal
148,157,225,anomaly
65,51,22,normal
142,168,234,anomaly
176,174,126,normal
148,164,217,anomaly
139,181,240,anomaly
246,237,233,normal
201,198,160,normal
183,181,133,normal
106,134,211,anomaly
177,174,129,normal
1,1,1,normal
49,53,17,normal
171,170,120,normal
91,30,16,normal
165,164,114,normal
5,5,171,normal
69,71,25,normal
255,128,0,normal
165,181,228,anomaly
69,70,30,normal
174,173,122,normal
255,255,255,normal
132,151,232,anomaly
140,140,86,normal
167,181,233,anomaly
185,183,135,normal
198,198,158,normal
179,176,132,normal
189,192,197,normal
46,99,156,anomaly
35,33,25,normal
51,96,153,anomaly
175,175,129,normal
180,179,128,normal
177,175,127,normal
184,183,139,normal
131,131,131,normal
16,13,0,normal
204,205,166,normal
138,140,88,normal
218,209,200,normal
178,176,128,normal
130,131,91,normal
115,119,67,normal
29,26,11,normal
81,79,45,normal
140,139,88,normal
150,189,251,anomaly
32,176,27,normal
179,179,131,normal
167,165,117,normal
150,137,81,normal
181,178,134,normal
197,197,157,normal
201,199,164,normal
178,175,131,normal
186,187,143,normal
25,21,0,normal
95,68,12,normal
93,122,191,anomaly
99,103,156,anomaly
178,175,131,normal
178,179,135,normal
55,156,58,normal
79,83,31,normal
140,140,94,normal
55,103,151,anomaly
197,197,157,normal
171,167,119,normal
164,163,113,normal
194,192,151,normal
170,187,243,anomaly
196,195,157,normal
140,138,84,normal
107,219,237,normal
2,1,0,normal
56,57,18,normal
165,161,112,normal
169,182,234,anomaly
3,0,2,normal
253,234,231,normal
18,14,3,normal
68,69,25,normal
55,55,25,normal
136,138,92,normal
163,165,119,normal
171,141,100,normal
14,8,187,normal
44,44,32,normal
142,164,229,anomaly
65,64,26,normal
54,54,14,normal
180,177,132,normal
225,210,87,normal
26,26,2,normal
0,0,164,normal
172,171,121,normal
72,116,129,normal
199,197,162,normal
182,179,135,normal
115,114,56,normal
196,178,167,normal
178,176,128,normal
179,177,129,normal
200,200,170,normal
151,150,94,normal
180,180,134,normal
81,53,212,normal
177,174,129,normal
205,204,170,normal
181,182,140,normal
112,214,209,normal
179,177,129,normal
144,140,91,normal
159,162,123,normal
198,142,195,normal
146,185,247,anomaly
130,131,187,anomaly
113,151,205,anomaly
81,128,210,anomaly
201,211,251,anomaly
121,158,214,anomaly
0,139,106,normal
52,56,21,normal
16,7,188,normal
187,187,141,normal
154,153,97,normal
15,15,0,normal
134,137,92,normal
158,193,255,anomaly
2,2,0,normal
35,95,147,anomaly
157,194,255,anomaly
170,186,232,anomaly
255,251,182,normal
255,0,255,normal
177,174,129,normal
136,161,225,anomaly
190,189,145,normal
151,189,253,anomaly
191,189,148,normal
101,109,72,normal
45,46,12,normal
2,1,0,normal
1,186,0,normal
74,84,124,anomaly
38,0,144,normal
183,182,138,normal
18,15,0,normal
233,243,250,normal
14,11,6,normal
152,142,95,normal
199,199,159,normal
183,181,133,normal
180,179,135,normal
181,178,134,normal
58,60,24,normal
119,151,217,anomaly
178,173,128,normal
44,164,83,normal
180,178,130,normal
230,160,93,normal
165,163,115,normal
140,139,88,normal
140,143,94,normal
43,47,12,normal
178,175,131,normal
183,182,144,normal
1,155,184,normal
117,149,215,anomaly
162,160,112,normal
199,197,162,normal
164,160,112,normal
201,200,162,normal
148,186,250,anomaly
239,201,166,normal
60,114,174,anomaly
125,126,87,normal
144,171,235,anomaly
79,83,34,normal
136,133,78,normal
167,163,114,normal
80,32,252,normal
119,122,72,normal
64,66,24,normal
199,197,162,normal
150,153,107,normal
126,128,92,normal
115,111,93,normal
177,175,127,normal
66,68,22,normal
76,79,30,normal
205,214,255,anomaly
198,198,158,normal
11,11,5,normal
152,190,254,anomaly
52,53,19,normal
119,135,188,anomaly
62,61,23,normal
70,72,26,normal
205,203,169,normal
53,56,24,normal
80,78,24,normal
136,75,95,normal
200,198,163,normal
180,177,132,normal
6,2,1,normal
135,132,248,normal
232,214,215,normal
145,143,89,normal
204,212,252,anomaly
165,164,114,normal
138,139,89,normal
66,69,24,normal
173,174,130,normal
52,69,126,anomaly
195,194,156,normal
201,200,162,normal
105,147,214,anomaly
128,128,128,normal
107,105,51,normal
157,161,125,normal
181,178,133,normal
164,164,116,normal
162,176,228,anomaly
119,147,201,anomaly
95,143,225,anomaly
201,199,164,normal
161,163,121,normal
231,162,99,normal
100,95,156,normal
129,129,81,normal
138,139,89,normal
58,58,18,normal
171,170,119,normal
180,178,137,normal
26,118,17,normal
144,186,253,anomaly
181,181,133,normal
175,175,129,normal
65,69,28,normal
129,160,229,anomaly
248,250,250,normal
172,173,131,normal
195,192,154,normal
5,0,2,normal
144,147,102,normal
198,195,164,normal
147,170,226,anomaly
192,191,147,normal
81,117,187,anomaly
93,92,71,normal
171,170,120,normal
170,184,237,anomaly
45,43,42,normal
169,184,230,anomaly
76,48,208,normal
47,107,161,anomaly
15,16,7,normal
171,170,120,normal
34,33,7,normal
140,134,97,normal
157,192,248,anomaly
122,161,213,anomaly
128,131,85,normal
168,169,135,normal
179,180,138,normal
180,178,130,normal
35,34,8,normal
0,1,160,normal
67,68,24,normal
144,167,229,anomaly
65,123,188,anomaly
121,159,213,anomaly
171,171,159,normal
179,176,131,normal
55,56,24,normal
54,55,21,normal
178,175,131,normal
187,186,142,normal
232,215,88,normal
55,54,26,normal
7,6,0,normal
19,48,23,normal
178,175,131,normal
50,16,56,normal
118,158,210,anomaly
149,147,93,normal
49,56,19,normal
68,119,175,anomaly
147,187,252,anomaly
59,118,174,anomaly
151,152,102,normal
119,161,214,anomaly
10,8,0,normal
129,89,190,normal
138,140,88,normal
126,125,67,normal
132,173,222,anomaly
41,41,11,normal
255,255,251,normal
167,164,120,normal
180,175,130,normal
117,116,58,normal
150,152,100,normal
70,127,196,anomaly
32,33,7,normal
178,178,132,normal
60,64,23,normal
241,232,228,normal
255,0,128,normal
182,179,135,normal
92,90,36,normal
165,161,112,normal
97,217,216,normal
155,157,111,normal
157,166,115,normal
198,196,162,normal
179,174,129,normal
148,151,102,normal
133,169,223,anomaly
178,175,130,normal
188,186,146,normal
132,134,75,normal
201,200,162,normal
167,166,115,normal
141,144,95,normal
20,18,7,normal
179,176,132,normal
55,56,24,normal
41,115,89,normal
170,184,233,anomaly
221,205,193,normal
136,139,90,normal
19,20,10,normal
181,181,133,normal
119,118,60,normal
202,201,163,normal
126,159,228,anomaly
54,54,18,normal
51,55,19,normal
78,74,25,normal
201,211,251,anomaly
136,139,90,normal
21,21,5,normal
186,185,141,normal
68,124,179,anomaly
129,161,227,anomaly
106,105,54,normal
25,74,60,normal
198,198,158,normal
101,100,66,normal
53,57,22,normal
124,126,180,anomaly
177,174,129,normal
173,170,125,normal
42,39,11,normal
55,58,19,normal
160,163,124,normal
68,70,24,normal
172,171,121,normal
5,5,0,normal
64,21,242,normal
157,160,115,normal
53,56,24,normal
69,71,25,normal
132,173,222,anomaly
158,82,146,normal
123,122,64,normal
176,174,126,normal
176,191,240,anomaly
66,126,185,anomaly
170,186,228,anomaly
62,63,21,normal
170,169,119,normal
55,102,153,anomaly
147,146,90,normal
168,166,112,normal
149,153,117,normal
61,121,191,anomaly
179,177,129,normal
146,187,250,anomaly
255,128,0,normal
179,178,134,normal
91,45,28,normal
68,69,27,normal
77,78,38,normal
57,62,23,normal
160,160,114,normal
96,147,220,anomaly
34,33,7,normal
37,0,146,normal
17,17,11,normal
69,69,33,normal
177,176,126,normal
151,185,221,anomaly
118,117,59,normal
124,158,217,anomaly
180,177,132,normal
197,197,157,normal
78,81,32,normal
23,52,29,normal
178,178,130,normal
6,7,0,normal
164,162,114,normal
25,46,24,normal
171,171,159,normal
63,67,25,normal
197,195,161,normal
14,5,185,normal
174,171,120,normal
199,199,159,normal
165,164,114,normal
40,105,255,normal
156,160,119,normal
180,181,139,normal
65,68,46,normal
48,46,35,normal
128,158,223,anomaly
164,164,116,normal
139,140,90,normal
180,180,132,normal
133,164,233,anomaly
48,128,127,normal
136,139,90,normal
178,175,131,normal
255,128,0,normal
155,172,223,anomaly
159,158,108,normal
236,193,160,normal
172,172,126,normal
99,152,225,anomaly
98,99,55,normal
184,180,122,normal
109,108,64,normal
111,168,229,anomaly
98,29,19,normal
66,120,175,anomaly
107,153,224,anomaly
181,175,138,normal
148,93,216,normal
135,134,78,normal
169,185,238,anomaly
155,157,111,normal
0,3,182,normal
79,82,32,normal
194,193,155,normal
1,2,0,normal
157,194,255,anomaly
182,180,132,normal
145,141,92,normal
66,67,23,normal
121,153,212,anomaly
121,168,220,anomaly
112,89,74,normal
63,68,23,normal
169,183,236,anomaly
53,55,19,normal
199,198,160,normal
144,184,249,anomaly
132,166,219,anomaly
56,57,23,normal
86,103,154,anomaly
144,164,229,anomaly
97,148,221,anomaly
7,8,0,normal
52,54,18,normal
107,105,57,normal
15,14,0,normal
65,60,199,normal
248,250,250,normal
56,58,22,normal
54,109,170,anomaly
199,197,163,normal
163,166,120,normal
178,175,130,normal
178,175,130,normal
182,181,137,normal
56,73,136,anomaly
173,172,122,normal
175,162,116,normal
181,178,133,normal
164,160,112,normal
196,195,161,normal
87,135,213,anomaly
90,139,219,anomaly
21,22,2,normal
162,160,112,normal
53,54,20,normal
179,178,134,normal
55,117,181,anomaly
56,117,181,anomaly
171,169,121,normal
61,65,24,normal
125,167,220,anomaly
154,177,233,anomaly
48,50,30,normal
180,178,137,normal
144,144,84,normal
100,101,45,normal
51,55,19,normal
165,164,114,normal
127,167,220,anomaly
83,89,126,anomaly
201,200,162,normal
73,92,129,anomaly
182,179,134,normal
34,69,42,normal
72,71,27,normal
102,53,139,normal
103,152,222,anomaly
107,109,63,normal
139,141,89,normal
135,165,230,anomaly
54,53,25,normal
143,143,89,normal
55,56,22,normal
124,157,226,anomaly
16,48,24,normal
50,121,105,normal
159,162,123,normal
121,156,222,anomaly
64,65,26,normal
133,135,93,normal
51,53,17,normal
125,120,75,normal
157,160,128,normal
200,209,252,anomaly
146,148,96,normal
196,194,159,normal
74,86,122,anomaly
173,172,122,normal
183,180,136,normal
81,84,34,normal
82,51,204,normal
154,185,124,normal
53,108,165,anomaly
125,165,218,anomaly
166,165,121,normal
178,192,244,anomaly
24,23,13,normal
165,165,117,normal
131,132,188,anomaly
0,180,5,normal
155,158,119,normal
112,150,214,anomaly
105,142,210,anomaly
180,177,132,normal
67,68,24,normal
59,119,179,anomaly
57,58,18,normal
167,163,114,normal
139,138,87,normal
76,135,205,anomaly
136,139,90,normal
89,56,160,normal
156,95,217,normal
135,133,98,normal
137,139,93,normal
4,0,72,normal
123,160,228,anomaly
2,2,0,normal
200,198,163,normal
163,165,129,normal
65,67,25,normal
138,166,231,anomaly
201,200,162,normal
175,172,127,normal
2,0,0,normal
132,130,89,normal
78,33,250,normal
143,144,94,normal
110,159,221,anomaly
199,197,162,normal
151,189,253,anomaly
180,179,135,normal
162,166,131,normal
51,44,235,normal
108,142,201,anomaly
84,90,131,anomaly
50,51,11,normal
201,199,164,normal
178,176,128,normal
196,112,166,normal
24,18,0,normal
136,139,90,normal
176,173,128,normal
6,0,1,normal
83,84,28,normal
181,181,133,normal
157,160,115,normal
121,223,218,normal
178,175,131,normal
118,117,59,normal
103,126,182,anomaly
27,117,252,normal
79,91,131,anomaly
212,194,187,normal
55,56,22,normal
132,135,96,normal
184,183,139,normal
140,139,88,normal
170,169,119,normal
177,177,131,normal
164,163,113,normal
130,131,187,anomaly
134,176,241,anomaly
6,4,0,normal
54,72,125,anomaly
56,60,24,normal
130,157,224,anomaly
83,82,68,normal
85,129,123,normal
181,176,131,normal
195,193,152,normal
199,197,162,normal
2,0,0,normal
202,200,165,normal
141,177,225,anomaly
174,175,149,normal
172,168,119,normal
17,16,2,normal
128,128,128,normal
6,2,1,normal
180,177,132,normal
248,250,250,normal
179,180,138,normal
53,110,172,anomaly
32,33,7,normal
197,195,160,normal
64,65,23,normal
157,161,125,normal
130,138,91,normal
3,1,0,normal
178,175,131,normal
127,127,127,normal
77,85,125,anomaly
56,90,79,normal
159,161,125,normal
90,88,34,normal
17,46,107,normal
121,155,91,normal
154,175,23,normal
135,163,228,anomaly
178,178,132,normal
15,15,1,normal
11,8,4,normal
178,174,133,normal
198,198,158,normal
185,185,139,normal
78,117,191,anomaly
116,115,57,normal
142,175,224,anomaly
144,171,238,anomaly
134,137,88,normal
195,193,152,normal
204,202,168,normal
156,157,107,normal
123,126,181,anomaly
79,85,128,anomaly
39,37,37,normal
140,139,81,normal
175,180,135,normal
6,2,7,normal
166,165,115,normal
201,200,162,normal
173,188,234,anomaly
66,98,151,anomaly
164,178,107,normal
199,197,162,normal
180,180,134,normal
126,128,182,anomaly
198,198,158,normal
31,32,6,normal
9,8,0,normal
131,135,94,normal
106,104,50,normal
178,175,130,normal
169,165,116,normal
56,61,22,normal
200,198,163,normal
137,140,84,normal
176,174,126,normal
32,33,7,normal
134,138,86,normal
39,166,91,normal
172,185,237,anomaly
89,90,51,normal
111,150,212,anomaly
49,117,184,anomaly
145,146,96,normal
110,159,227,anomaly
49,50,10,normal
113,134,189,anomaly
163,162,112,normal
148,146,92,normal
121,123,177,anomaly
100,131,192,anomaly
156,159,114,normal
85,52,213,normal
169,172,126,normal
1,20,155,normal
123,125,179,anomaly
34,33,7,normal
61,63,27,normal
91,144,224,anomaly
131,79,96,normal
167,168,229,anomaly
37,28,18,normal
200,142,90,normal
51,57,16,normal
72,113,192,anomaly
117,134,107,normal
84,93,131,anomaly
176,191,237,anomaly
59,113,176,anomaly
177,173,132,normal
56,56,56,normal
59,57,16,normal
104,152,224,anomaly
177,177,131,normal
48,102,157,anomaly
70,70,24,normal
169,167,119,normal
60,60,44,normal
136,139,90,normal
96,93,149,normal
100,202,197,normal
84,111,178,anomaly
160,158,128,normal
162,165,126,normal
163,162,112,normal
117,159,212,anomaly
121,124,179,anomaly
169,172,157,normal
53,51,11,normal
122,160,214,anomaly
163,166,127,normal
29,28,8,normal
133,137,102,normal
141,185,249,anomaly
68,24,245,normal
74,83,126,anomaly
19,22,7,normal
65,65,65,normal
117,149,220,anomaly
163,162,112,normal
178,175,124,normal
179,177,129,normal
142,145,99,normal
52,45,6,normal
172,182,242,anomaly
175,172,127,normal
54,76,212,normal
181,178,134,normal
76,78,36,normal
156,152,111,normal
78,81,35,normal
0,131,252,normal
70,29,27,normal
168,162,121,normal
91,140,216,anomaly
175,173,125,normal
97,152,225,anomaly
81,90,128,anomaly
65,69,28,normal
132,135,96,normal
51,99,157,anomaly
198,212,218,normal
46,97,160,anomaly
16,17,8,normal
180,180,120,normal
46,48,12,normal
181,177,129,normal
185,183,143,normal
150,152,100,normal
182,179,134,normal
0,141,108,normal
68,108,161,anomaly
64,125,191,anomaly
58,59,19,normal
174,145,94,normal
199,197,163,normal
154,160,119,normal
178,179,135,normal
82,82,34,normal
27,28,26,normal
15,14,0,normal
143,169,229,anomaly
143,145,93,normal
140,176,224,anomaly
79,85,132,anomaly
185,184,140,normal
65,124,186,anomaly
195,193,159,normal
168,168,122,normal
164,167,118,normal
176,174,126,normal
179,176,132,normal
15,16,0,normal
205,215,255,anomaly
51,126,200,anomaly
51,106,163,anomaly
186,185,141,normal
27,158,61,normal
178,175,130,normal
3,1,1,normal
54,55,21,normal
6,5,1,normal
178,178,132,normal
179,180,138,normal
59,60,40,normal
57,104,158,anomaly
245,191,184,normal
128,131,85,normal
180,182,136,normal
8,6,0,normal
182,180,132,normal
175,172,127,normal
101,94,155,normal
200,196,161,normal
31,32,6,normal
147,186,254,anomaly
178,178,132,normal
63,66,27,normal
0,255,255,normal
170,182,236,anomaly
178,175,131,normal
206,204,164,normal
53,55,25,normal
85,117,183,anomaly
183,179,138,normal
101,150,220,anomaly
59,120,184,anomaly
182,179,135,normal
0,126,4,normal
39,40,30,normal
112,147,213,anomaly
121,151,222,anomaly
165,162,117,normal
58,98,150,anomaly
133,136,97,normal
63,65,23,normal
190,189,145,normal
200,209,252,anomaly
197,196,158,normal
66,67,23,normal
100,102,50,normal
139,140,90,normal
183,180,136,normal
114,184,113,normal
104,153,227,anomaly
171,170,119,normal
129,131,185,anomaly
61,61,45,normal
185,183,135,normal
139,140,90,normal
198,198,158,normal
176,172,123,normal
28,0,0,normal
62,62,62,normal
179,176,131,normal
156,158,112,normal
43,44,10,normal
49,48,10,normal
1,0,175,normal
112,111,60,normal
0,135,103,normal
56,58,22,normal
138,138,90,normal
121,153,219,anomaly
1,134,102,normal
181,181,133,normal
80,115,181,anomaly
140,143,94,normal
71,82,120,anomaly
139,90,68,normal
178,175,130,normal
161,159,105,normal
73,74,35,normal
122,153,216,anomaly
112,159,221,anomaly
165,162,111,normal
184,186,157,normal
53,58,19,normal
196,195,157,normal
199,197,162,normal
161,175,228,anomaly
100,141,196,anomaly
191,191,151,normal
152,155,105,normal
180,175,130,normal
155,157,111,normal
136,138,92,normal
161,175,228,anomaly
168,165,114,normal
119,121,175,anomaly
151,189,253,anomaly
200,163,59,normal
178,176,128,normal
97,96,46,normal
157,161,125,normal
165,166,132,normal
63,68,23,normal
110,96,97,normal
224,69,46,normal
118,170,223,anomaly
0,0,172,normal
59,57,23,normal
117,116,58,normal
116,151,215,anomaly
79,176,232,normal
141,144,99,normal
183,179,126,normal
54,96,141,anomaly
60,64,23,normal
78,54,208,normal
92,88,147,normal
52,88,136,anomaly
178,175,130,normal
198,196,161,normal
116,150,216,anomaly
198,196,161,normal
55,102,153,anomaly
32,33,7,normal
182,177,138,normal
163,161,113,normal
68,71,39,normal
0,99,246,normal
47,103,158,anomaly
20,17,3,normal
233,225,212,normal
176,194,241,anomaly
144,183,227,anomaly
177,174,130,normal
163,164,114,normal
74,89,128,anomaly
198,196,162,normal
198,198,158,normal
201,197,162,normal
41,44,12,normal
141,139,85,normal
206,218,224,normal
140,139,81,normal
20,157,213,normal
247,135,89,normal
178,178,132,normal
53,52,14,normal
35,34,8,normal
153,190,252,anomaly
120,119,61,normal
182,179,135,normal
189,190,148,normal
171,168,123,normal
93,93,39,normal
127,132,93,normal
179,178,134,normal
122,153,222,anomaly
78,46,205,normal
79,111,182,anomaly
124,172,230,anomaly
60,105,172,anomaly
137,174,224,anomaly
53,98,149,anomaly
17,18,8,normal
94,148,219,anomaly
30,28,10,normal
156,159,114,normal
135,139,90,normal
90,143,223,anomaly
67,33,247,normal
97,97,67,normal
199,197,162,normal
135,138,88,normal
0,128,0,normal
2,3,0,normal
66,84,145,anomaly
166,165,115,normal
155,159,124,normal
41,104,255,normal
197,196,158,normal
202,200,165,normal
175,173,125,normal
157,164,113,normal
199,197,162,normal
57,21,235,normal
0,21,153,normal
14,15,11,normal
67,112,169,anomaly
54,55,21,normal
167,167,119,normal
113,76,180,normal
180,178,130,normal
162,160,112,normal
55,59,23,normal
197,196,158,normal
141,144,98,normal
202,197,166,normal
69,94,138,anomaly
58,64,29,normal
241,246,249,normal
179,176,131,normal
115,86,71,normal
198,122,69,normal
138,140,140,normal
94,140,218,anomaly
126,157,226,anomaly
42,41,13,normal
37,41,22,normal
148,167,234,anomaly
162,160,112,normal
49,49,13,normal
178,179,137,normal
70,85,124,anomaly
188,186,146,normal
182,183,141,normal
52,59,14,normal
56,61,22,normal
178,176,128,normal
177,174,129,normal
14,13,0,normal
112,145,218,anomaly
255,255,251,normal
62,67,22,normal
180,180,134,normal
38,39,5,normal
15,16,0,normal
178,175,131,normal
129,133,92,normal
237,231,232,normal
255,249,182,normal
57,117,177,anomaly
58,105,156,anomaly
149,148,114,normal
25,23,5,normal
126,157,226,anomaly
96,80,63,normal
175,175,121,normal
179,176,131,normal
184,181,136,normal
72,75,30,normal
163,162,112,normal
201,197,162,normal
139,142,93,normal
146,162,228,anomaly
19,36,22,normal
186,184,143,normal
100,98,44,normal
180,175,126,normal
117,156,225,anomaly
54,58,23,normal
202,211,254,anomaly
117,151,211,anomaly
138,174,220,anomaly
52,53,19,normal
82,83,67,normal
182,179,135,normal
193,194,150,normal
71,87,123,anomaly
180,177,133,normal
129,133,92,normal
54,101,152,anomaly
198,198,158,normal
51,169,88,normal
166,181,230,anomaly
199,194,163,normal
74,76,47,normal
190,189,145,normal
37,36,8,normal
106,109,63,normal
118,120,178,anomaly
148,192,253,anomaly
190,188,148,normal
135,161,227,anomaly
163,164,114,normal
183,182,138,normal
138,139,89,normal
177,172,133,normal
193,191,156,normal
115,121,174,anomaly
138,139,89,normal
135,139,90,normal
179,177,129,normal
56,101,152,anomaly
159,161,125,normal
97,77,60,normal
163,167,126,normal
177,174,129,normal
126,136,243,normal
173,173,127,normal
121,155,221,anomaly
237,194,161,normal
73,74,34,normal
96,142,213,anomaly
168,182,234,anomaly
162,163,119,normal
127,0,129,normal
17,16,18,normal
187,185,145,normal
124,160,214,anomaly
155,153,99,normal
0,1,1,normal
3,22,151,normal
200,198,163,normal
196,195,157,normal
183,183,137,normal
51,121,188,anomaly
48,102,157,anomaly
51,53,17,normal
110,110,62,normal
56,56,56,normal
76,76,60,normal
178,177,133,normal
95,93,58,normal
198,196,161,normal
127,133,84,normal
161,162,112,normal
59,63,22,normal
198,198,158,normal
164,162,114,normal
79,95,132,anomaly
59,107,155,anomaly
1,0,4,normal
176,175,131,normal
200,209,252,anomaly
197,195,160,normal
29,32,17,normal
163,160,109,normal
226,166,107,normal
171,170,120,normal
57,126,111,normal
140,139,89,normal
176,174,126,normal
240,120,98,normal
57,59,23,normal
115,152,220,anomaly
129,136,101,normal
52,105,156,anomaly
82,91,129,anomaly
150,170,21,normal
175,175,121,normal
182,179,135,normal
215,212,197,normal
45,76,55,normal
67,68,28,normal
150,163,155,normal
138,137,86,normal
174,175,131,normal
196,195,157,normal
44,41,20,normal
32,33,7,normal
135,182,244,anomaly
147,187,252,anomaly
195,193,152,normal
54,55,21,normal
55,55,55,normal
199,197,162,normal
51,52,18,normal
89,87,33,normal
97,149,226,anomaly
79,82,67,normal
1,140,107,normal
136,138,92,normal
200,198,163,normal
92,144,220,anomaly
196,187,167,normal
110,108,54,normal
231,86,65,normal
14,15,11,normal
120,151,214,anomaly
171,172,128,normal
183,179,138,normal
205,162,153,normal
79,72,183,normal
117,113,94,normal
130,133,94,normal
113,75,41,normal
178,175,130,normal
116,154,212,anomaly
116,160,224,anomaly
4,1,0,normal
180,177,132,normal
170,171,131,normal
121,165,228,anomaly
190,188,148,normal
181,178,133,normal
240,205,172,normal
137,170,226,anomaly
173,171,123,normal
175,173,125,normal
121,159,213,anomaly
156,158,116,normal
134,137,92,normal
190,191,149,normal
55,56,22,normal
255,254,176,normal
161,165,130,normal
80,79,28,normal
76,77,27,normal
177,176,132,normal
54,55,21,normal
201,199,164,normal
20,38,15,normal
100,146,223,anomaly
128,130,184,anomaly
180,197,240,anomaly
34,33,5,normal
83,118,182,anomaly
16,17,8,normal
146,186,251,anomaly
78,118,193,anomaly
180,177,132,normal
198,196,161,normal
188,173,134,normal
106,144,209,anomaly
180,181,139,normal
178,175,131,normal
1,133,103,normal
152,165,217,anomaly
183,181,133,normal
53,55,19,normal
142,186,249,anomaly
150,150,102,normal
197,206,249,anomaly
181,178,134,normal
254,255,253,normal
122,153,216,anomaly
68,69,27,normal
179,176,132,normal
186,186,146,normal
50,53,21,normal
191,187,146,normal
82,182,237,normal
184,180,132,normal
181,179,138,normal
129,132,86,normal
199,197,163,normal
69,71,25,normal
170,169,119,normal
198,198,158,normal
59,58,44,normal
54,55,21,normal
148,149,99,normal
2,3,0,normal
227,215,205,normal
45,165,94,normal
152,95,217,normal
116,118,59,normal
76,79,33,normal
175,172,127,normal
101,192,247,normal
142,186,247,anomaly
173,93,130,normal
255,167,116,normal
182,179,135,normal
155,157,111,normal
193,191,160,normal
165,165,119,normal
32,33,7,normal
154,160,125,normal
193,192,154,normal
187,186,142,normal
184,183,139,normal
146,148,96,normal
129,132,93,normal
180,178,130,normal
172,171,127,normal
172,171,121,normal
126,129,184,anomaly
49,50,24,normal
109,107,53,normal
67,68,26,normal
164,180,226,anomaly
83,83,59,normal
59,120,182,anomaly
80,81,31,normal
156,158,116,normal
157,155,167,normal
186,184,144,normal
190,195,204,normal
97,103,156,anomaly
201,200,162,normal
104,135,190,anomaly
92,145,225,anomaly
58,57,43,normal
137,136,78,normal
79,76,25,normal
167,163,115,normal
171,170,120,normal
174,139,159,normal
157,190,235,anomaly
177,175,127,normal
229,213,200,normal
99,97,43,normal
182,179,135,normal
4,0,0,normal
119,90,75,normal
201,199,164,normal
183,185,139,normal
155,157,121,normal
58,59,19,normal
155,159,118,normal
42,43,4,normal
35,34,8,normal
63,64,24,normal
72,74,28,normal
178,178,130,normal
44,86,129,anomaly
132,136,101,normal
3,1,1,normal
165,164,113,normal
55,59,24,normal
102,89,103,normal
127,166,218,anomaly
146,147,208,normal
182,179,135,normal
171,171,117,normal
92,50,67,normal
32,33,23,normal
202,201,163,normal
177,174,129,normal
64,118,173,anomaly
61,62,22,normal
192,189,144,normal
135,133,79,normal
162,160,112,normal
178,175,131,normal
185,179,136,normal
62,66,24,normal
139,138,194,anomaly
173,171,123,normal
50,97,255,normal
199,197,163,normal
133,134,84,normal
116,111,110,normal
144,145,105,normal
181,181,141,normal
171,165,128,normal
34,33,7,normal
116,72,13,normal
193,193,153,normal
7,191,1,normal
199,205,252,anomaly
21,30,17,normal
26,28,16,normal
171,187,230,anomaly
178,175,131,normal
16,16,0,normal
133,133,133,normal
207,217,255,anomaly
172,168,119,normal
187,185,144,normal
55,80,214,normal
171,185,237,anomaly
196,194,160,normal
178,176,128,normal
95,94,43,normal
255,0,128,normal
20,19,0,normal
74,77,38,normal
157,160,121,normal
125,157,223,anomaly
49,48,27,normal
0,0,255,normal
160,164,129,normal
7,8,0,normal
44,45,13,normal
182,182,142,normal
164,163,112,normal
112,232,238,normal
83,115,188,anomaly
201,199,164,normal
172,171,121,normal
50,50,14,normal
255,0,128,normal
162,161,110,normal
202,183,180,normal
164,160,112,normal
11,15,9,normal
116,148,214,anomaly
78,81,32,normal
68,70,24,normal
54,59,27,normal
51,20,225,normal
20,17,2,normal
167,166,115,normal
196,195,157,normal
135,173,221,anomaly
144,145,95,normal
150,154,118,normal
135,165,224,anomaly
2,3,0,normal
138,134,85,normal
153,154,104,normal
92,161,141,normal
47,91,138,anomaly
83,115,181,anomaly
153,191,255,anomaly
106,81,249,normal
154,153,97,normal
182,180,146,normal
71,74,25,normal
143,168,232,anomaly
174,169,124,normal
52,54,25,normal
146,147,97,normal
169,183,236,anomaly
97,128,191,anomaly
95,141,218,anomaly
51,49,15,normal
128,255,255,normal
163,163,115,normal
181,180,136,normal
146,168,20,normal
173,172,122,normal
101,102,46,normal
85,84,28,normal
51,52,18,normal
13,255,255,normal
117,121,172,anomaly
226,209,200,normal
151,154,104,normal
111,114,89,normal
124,165,228,anomaly
127,129,93,normal
138,137,79,normal
53,22,231,normal
66,65,21,normal
106,106,60,normal
175,172,127,normal
179,173,132,normal
76,82,33,normal
195,208,210,normal
205,204,170,normal
238,245,248,normal
174,178,143,normal
68,69,25,normal
221,205,192,normal
94,89,150,normal
59,111,171,anomaly
19,16,2,normal
174,177,131,normal
116,60,49,normal
92,90,36,normal
178,178,132,normal
196,194,159,normal
105,151,222,anomaly
157,194,255,anomaly
56,109,172,anomaly
172,171,121,normal
104,149,217,anomaly
158,156,102,normal
50,49,15,normal
170,186,229,anomaly
140,139,89,normal
190,189,151,normal
165,164,114,normal
249,232,241,normal
145,142,91,normal
178,175,131,normal
45,46,12,normal
206,213,255,anomaly
142,164,230,anomaly
197,195,160,normal
174,172,124,normal
57,59,23,normal
56,61,22,normal
160,158,104,normal
132,135,244,normal
41,204,237,normal
57,61,36,normal
239,201,166,normal
171,172,128,normal
248,124,83,normal
199,197,163,normal
182,179,135,normal
153,174,235,anomaly
198,198,158,normal
86,86,38,normal
24,18,0,normal
201,198,160,normal
122,202,255,normal
148,151,102,normal
178,176,128,normal
92,97,52,normal
78,179,234,normal
128,167,219,anomaly
179,177,129,normal
181,178,133,normal
139,142,93,normal
137,140,91,normal
59,118,188,anomaly
9,8,10,normal
112,111,53,normal
164,163,113,normal
173,171,131,normal
101,89,101,normal
62,127,188,anomaly
62,33,220,normal
175,173,125,normal
66,81,120,anomaly
31,31,7,normal
54,68,134,normal
54,54,18,normal
119,118,60,normal
195,208,254,anomaly
180,177,132,normal
68,122,183,anomaly
100,143,210,anomaly
166,183,234,anomaly
18,24,13,normal
68,69,25,normal
100,95,156,normal
227,229,210,normal
134,136,100,normal
146,179,224,anomaly
161,160,110,normal
158,159,127,normal
103,104,48,normal
192,192,152,normal
66,67,23,normal
50,51,12,normal
178,178,132,normal
0,31,136,normal
175,172,127,normal
178,178,132,normal
99,98,42,normal
144,143,87,normal
172,169,124,normal
140,166,232,anomaly
165,165,119,normal
25,26,6,normal
152,191,253,anomaly
236,243,246,normal
150,95,218,normal
167,163,114,normal
20,17,2,normal
56,61,22,normal
203,201,167,normal
0,5,0,normal
176,180,139,normal
152,178,225,anomaly
50,101,163,anomaly
56,51,42,normal
99,139,191,anomaly
196,194,160,normal
183,180,136,normal
1,131,101,normal
179,177,129,normal
139,162,230,anomaly
27,27,13,normal
63,64,24,normal
40,78,72,normal
181,182,140,normal
113,112,54,normal
168,182,231,anomaly
8,7,0,normal
200,198,163,normal
132,75,96,normal
195,193,152,normal
180,179,135,normal
178,178,132,normal
48,88,136,anomaly
174,172,124,normal
213,173,214,normal
156,158,112,normal
177,171,134,normal
2,3,1,normal
79,179,234,normal
178,175,131,normal
167,166,116,normal
159,157,103,normal
135,138,93,normal
138,140,88,normal
41,81,193,normal
151,94,216,normal
202,200,160,normal
66,67,25,normal
255,255,193,normal
5,12,235,normal
183,180,135,normal
54,55,21,normal
79,48,199,normal
51,97,144,anomaly
69,70,26,normal
62,62,22,normal
112,111,53,normal
126,129,184,anomaly
64,126,120,normal
61,115,170,anomaly
128,130,88,normal
26,28,16,normal
164,162,114,normal
168,167,117,normal
154,174,229,anomaly
154,153,97,normal
179,177,129,normal
139,140,90,normal
156,159,114,normal
202,211,254,anomaly
198,197,163,normal
46,91,134,anomaly
247,249,249,normal
91,94,39,normal
194,192,151,normal
179,176,145,normal
70,70,22,normal
101,149,221,anomaly
138,138,84,normal
201,199,164,normal
145,185,250,anomaly
8,10,4,normal
178,178,132,normal
155,162,125,normal
176,170,123,normal
76,87,125,anomaly
192,188,147,normal
52,56,20,normal
84,93,131,anomaly
199,197,163,normal
31,33,4,normal
128,159,214,anomaly
106,106,52,normal
163,162,111,normal
109,112,63,normal
161,197,255,anomaly
23,20,0,normal
61,64,15,normal
164,163,113,normal
179,177,137,normal
199,197,162,normal
198,198,158,normal
94,146,223,anomaly
143,180,232,anomaly
116,120,79,normal
161,165,130,normal
163,163,115,normal
168,166,112,normal
130,133,84,normal
158,162,127,normal
21,170,20,normal
110,228,245,normal
169,167,119,normal
159,162,123,normal
48,100,153,anomaly
65,68,19,normal
201,200,162,normal
201,199,164,normal
208,216,253,anomaly
203,210,253,anomaly
199,197,163,normal
141,166,230,anomaly
55,95,147,anomaly
175,187,241,anomaly
199,197,157,normal
176,175,124,normal
183,182,138,normal
109,145,205,anomaly
61,66,27,normal
135,161,228,anomaly
140,140,86,normal
158,178,233,anomaly
180,179,135,normal
171,167,119,normal
54,38,193,normal
178,179,135,normal
84,80,27,normal
63,63,23,normal
168,170,124,normal
182,181,160,normal
199,195,160,normal
180,177,132,normal
201,199,164,normal
35,34,8,normal
55,56,16,normal
16,15,1,normal
52,52,52,normal
161,176,225,anomaly
52,52,12,normal
181,178,133,normal
164,163,112,normal
8,7,3,normal
163,162,111,normal
186,184,143,normal
200,200,160,normal
182,179,134,normal
130,161,230,anomaly
13,14,5,normal
176,175,125,normal
5,191,1,normal
18,16,5,normal
9,5,0,normal
77,88,126,anomaly
67,68,26,normal
111,213,208,normal
84,135,221,anomaly
183,180,135,normal
145,143,89,normal
238,225,209,normal
33,104,78,normal
105,104,53,normal
180,177,132,normal
64,87,132,anomaly
38,40,4,normal
87,88,56,normal
150,160,107,normal
12,13,4,normal
116,157,219,anomaly
112,162,26,normal
82,52,211,normal
167,163,115,normal
139,140,90,normal
148,150,104,normal
181,178,133,normal
35,35,5,normal
211,165,164,normal
82,83,51,normal
119,124,69,normal
164,163,113,normal
164,163,113,normal
53,54,20,normal
143,185,244,anomaly
44,114,255,normal
96,149,222,anomaly
163,157,120,normal
149,191,255,anomaly
112,111,53,normal
43,47,12,normal
142,139,88,normal
178,176,128,normal
178,175,131,normal
137,162,212,anomaly
59,115,174,anomaly
166,164,116,normal
139,142,93,normal
153,152,94,normal
178,175,131,normal
165,162,117,normal
175,173,125,normal
201,199,164,normal
109,51,39,normal
138,137,86,normal
54,45,249,normal
45,32,214,normal
175,168,141,normal
140,136,95,normal
56,57,23,normal
148,168,216,anomaly
181,178,134,normal
153,156,107,normal
175,162,116,normal
151,153,101,normal
51,52,32,normal
89,197,228,normal
150,189,255,anomaly
105,147,212,anomaly
200,210,250,anomaly
177,174,129,normal
32,33,7,normal
43,44,10,normal
0,13,146,normal
51,55,19,normal
111,110,52,normal
184,182,141,normal
161,177,230,anomaly
199,198,160,normal
137,177,226,anomaly
227,208,203,normal
234,163,99,normal
0,0,1,normal
216,228,234,normal
53,111,176,anomaly
139,135,87,normal
183,184,142,normal
176,178,126,normal
35,34,8,normal
182,178,137,normal
156,160,125,normal
125,124,66,normal
180,177,132,normal
157,161,125,normal
178,105,178,normal
199,198,160,normal
200,198,164,normal
174,172,124,normal
49,50,10,normal
2,0,6,normal
53,117,181,anomaly
5,29,19,normal
138,140,88,normal
181,178,134,normal
70,160,70,normal
147,157,217,anomaly
32,33,7,normal
135,138,89,normal
91,66,248,normal
57,56,42,normal
169,170,120,normal
180,180,134,normal
197,193,158,normal
52,54,18,normal
8,7,0,normal
172,174,128,normal
196,195,157,normal
103,103,63,normal
144,113,90,normal
164,164,116,normal
182,178,137,normal
205,204,170,normal
172,169,125,normal
163,162,112,normal
132,171,223,anomaly
104,110,163,anomaly
174,172,124,normal
134,134,80,normal
164,183,228,anomaly
143,142,86,normal
56,59,27,normal
169,182,228,anomaly
136,139,89,normal
155,195,254,anomaly
136,177,226,anomaly
126,136,206,anomaly
128,133,88,normal
150,148,94,normal
226,213,83,normal
168,165,114,normal
198,198,158,normal
141,137,96,normal
178,178,132,normal
51,53,24,normal
84,34,16,normal
57,103,150,anomaly
133,138,87,normal
61,62,23,normal
49,106,151,anomaly
161,181,236,anomaly
149,191,255,anomaly
61,128,197,anomaly
103,95,158,normal
103,155,226,anomaly
174,174,128,normal
71,71,31,normal
124,122,64,normal
64,67,21,normal
164,180,233,anomaly
101,102,52,normal
2,0,0,normal
121,153,219,anomaly
182,179,135,normal
55,56,22,normal
105,154,222,anomaly
192,192,152,normal
51,59,18,normal
200,200,160,normal
70,71,39,normal
205,203,169,normal
53,57,22,normal
178,176,128,normal
158,176,223,anomaly
168,183,239,anomaly
9,11,5,normal
131,172,221,anomaly
58,60,31,normal
141,161,232,anomaly
65,65,29,normal
180,178,137,normal
70,72,26,normal
79,78,28,normal
184,183,139,normal
198,197,159,normal
176,176,130,normal
176,173,128,normal
62,66,24,normal
109,108,50,normal
167,166,115,normal
205,204,170,normal
160,163,113,normal
97,134,208,anomaly
161,165,130,normal
134,135,101,normal
177,174,129,normal
101,139,197,anomaly
115,119,172,anomaly
252,255,183,normal
193,190,145,normal
55,59,23,normal
109,148,200,anomaly
168,168,114,normal
35,35,5,normal
98,98,50,normal
109,115,168,anomaly
65,91,137,anomaly
69,69,21,normal
173,140,101,normal
200,196,161,normal
118,122,173,anomaly
45,97,157,anomaly
198,124,68,normal
179,192,178,normal
127,127,127,normal
199,197,162,normal
107,109,143,normal
2,130,101,normal
193,194,160,normal
124,124,64,normal
66,67,23,normal
147,187,252,anomaly
123,163,222,anomaly
39,39,9,normal
167,163,115,normal
130,159,228,anomaly
74,77,31,normal
57,60,15,normal
169,192,238,anomaly
27,27,15,normal
201,200,162,normal
51,53,17,normal
131,161,54,normal
60,57,213,normal
52,52,16,normal
198,198,158,normal
20,21,1,normal
70,87,130,anomaly
38,58,23,normal
3,1,0,normal
19,16,2,normal
173,172,128,normal
199,198,160,normal
194,195,153,normal
97,100,50,normal
50,92,139,anomaly
70,73,24,normal
142,183,246,anomaly
58,100,153,anomaly
148,190,255,anomaly
117,150,219,anomaly
74,155,76,normal
84,74,204,normal
97,145,223,anomaly
233,140,125,normal
163,162,112,normal
183,179,131,normal
181,181,135,normal
234,192,155,normal
124,164,217,anomaly
160,164,129,normal
6,0,190,normal
113,151,215,anomaly
177,172,127,normal
2,1,3,normal
9,11,11,normal
98,136,224,anomaly
40,99,148,anomaly
122,121,63,normal
51,102,164,anomaly
157,157,103,normal
159,197,255,anomaly
181,177,136,normal
80,82,30,normal
78,79,29,normal
113,116,171,anomaly
166,163,118,normal
196,157,113,normal
51,108,99,normal
109,109,79,normal
199,197,162,normal
147,138,95,normal
164,162,114,normal
67,69,23,normal
54,55,15,normal
196,195,157,normal
114,161,29,normal
161,163,121,normal
108,149,228,anomaly
201,211,251,anomaly
144,147,97,normal
50,25,217,normal
248,250,250,normal
0,136,105,normal
179,178,134,normal
198,196,161,normal
150,154,113,normal
177,183,142,normal
103,101,53,normal
100,146,223,anomaly
107,210,205,normal
128,168,226,anomaly
49,51,15,normal
152,176,236,anomaly
121,121,61,normal
159,164,132,normal
61,121,191,anomaly
107,144,200,anomaly
215,227,233,normal
56,101,152,anomaly
0,0,255,normal
60,61,19,normal
45,100,145,anomaly
58,105,255,normal
186,186,140,normal
98,141,222,anomaly
76,79,30,normal
47,106,162,anomaly
6,5,1,normal
147,149,97,normal
65,134,203,anomaly
97,146,226,anomaly
164,163,112,normal
180,177,133,normal
118,122,116,normal
132,162,227,anomaly
190,189,151,normal
140,143,94,normal
199,197,163,normal
134,171,115,normal
89,90,58,normal
40,58,35,normal
73,80,123,anomaly
195,195,155,normal
171,171,125,normal
149,153,117,normal
36,0,144,normal
164,162,108,normal
199,196,165,normal
171,169,121,normal
13,28,120,normal
158,177,220,anomaly
149,152,103,normal
92,137,218,anomaly
67,68,24,normal
51,53,17,normal
84,118,194,anomaly
183,184,145,normal
118,143,193,anomaly
132,82,170,normal
81,89,129,anomaly
173,173,127,normal
184,183,139,normal
148,150,91,normal
151,192,255,anomaly
178,173,128,normal
146,134,254,normal
179,179,133,normal
132,173,222,anomaly
81,85,36,normal
96,95,67,normal
20,20,120,normal
192,192,152,normal
197,196,158,normal
133,129,76,normal
134,135,93,normal
146,144,90,normal
101,156,229,anomaly
104,104,50,normal
198,194,159,normal
148,190,255,anomaly
177,181,169,normal
79,111,186,anomaly
5,3,3,normal
149,152,103,normal
12,12,6,normal
40,41,9,normal
45,99,160,anomaly
125,132,87,normal
20,17,2,normal
158,194,254,anomaly
157,155,114,normal
134,157,213,anomaly
68,126,191,anomaly
199,197,162,normal
1,181,0,normal
22,26,14,normal
200,212,255,anomaly
54,55,21,normal
128,129,79,normal
153,156,111,normal
178,179,123,normal
114,114,66,normal
63,121,187,anomaly
154,191,253,anomaly
69,70,26,normal
226,231,234,normal
52,56,21,normal
112,144,217,anomaly
149,152,106,normal
43,50,35,normal
178,177,133,normal
179,176,131,normal
235,218,231,normal
4,2,1,normal
61,57,32,normal
205,203,173,normal
82,89,128,anomaly
163,163,115,normal
139,137,83,normal
60,23,239,normal
20,10,194,normal
238,231,228,normal
127,156,225,anomaly
180,180,134,normal
164,162,114,normal
73,72,28,normal
149,166,229,anomaly
179,176,132,normal
169,166,115,normal
171,169,121,normal
114,145,214,anomaly
55,60,21,normal
146,186,245,anomaly
164,178,227,anomaly
188,190,198,normal
124,125,181,anomaly
5,4,8,normal
139,141,89,normal
142,139,88,normal
151,153,101,normal
177,174,129,normal
72,113,86,normal
198,124,68,normal
172,171,121,normal
165,163,115,normal
55,117,177,anomaly
197,197,161,normal
177,175,127,normal
161,163,117,normal
157,161,125,normal
177,145,102,normal
158,162,127,normal
115,74,72,normal
141,125,250,normal
158,161,116,normal
195,193,153,normal
38,41,9,normal
143,144,104,normal
144,143,87,normal
23,25,6,normal
141,163,229,anomaly
141,181,230,anomaly
168,167,117,normal
165,163,115,normal
136,163,227,anomaly
61,61,47,normal
132,131,93,normal
16,13,0,normal
182,179,135,normal
129,0,127,normal
150,182,231,anomaly
44,88,142,anomaly
138,141,92,normal
117,152,220,anomaly
145,143,89,normal
186,184,136,normal
213,197,184,normal
55,56,22,normal
157,195,253,anomaly
98,135,191,anomaly
61,62,20,normal
180,176,128,normal
58,56,45,normal
186,181,142,normal
163,161,113,normal
0,128,0,normal
168,166,112,normal
53,54,20,normal
60,63,24,normal
179,175,127,normal
147,189,248,anomaly
200,198,163,normal
33,103,96,normal
203,212,255,anomaly
127,136,239,normal
50,49,15,normal
111,110,52,normal
184,185,146,normal
110,153,216,anomaly
167,165,117,normal
67,68,52,normal
121,86,22,normal
129,129,93,normal
170,169,119,normal
168,183,229,anomaly
139,143,94,normal
165,163,115,normal
101,96,157,normal
72,74,55,normal
199,197,162,normal
178,176,128,normal
143,141,87,normal
201,199,164,normal
155,157,111,normal
179,179,131,normal
165,161,112,normal
105,119,232,normal
86,84,30,normal
105,106,50,normal
147,148,98,normal
172,95,153,normal
162,160,112,normal
16,17,15,normal
201,200,162,normal
22,48,34,normal
178,175,131,normal
138,140,88,normal
11,14,12,normal
178,175,131,normal
85,123,195,anomaly
157,161,125,normal
155,154,98,normal
63,120,182,anomaly
147,150,101,normal
36,38,8,normal
14,14,0,normal
131,133,91,normal
156,159,114,normal
132,151,186,anomaly
171,170,119,normal
51,55,14,normal
121,159,213,anomaly
3,6,10,normal
90,68,247,normal
68,49,236,normal
146,151,149,normal
73,76,37,normal
249,251,255,normal
188,185,147,normal
144,188,252,anomaly
137,143,90,normal
77,80,31,normal
81,50,211,normal
0,128,0,normal
66,68,32,normal
195,194,156,normal
58,73,129,anomaly
178,172,125,normal
63,68,23,normal
59,60,18,normal
133,177,241,anomaly
153,171,234,anomaly
112,110,56,normal
29,59,30,normal
92,66,250,normal
24,12,0,normal
166,167,117,normal
50,50,14,normal
4,3,0,normal
177,177,131,normal
170,169,119,normal
209,218,252,anomaly
37,38,36,normal
108,108,60,normal
137,175,223,anomaly
154,172,231,anomaly
1,2,0,normal
173,171,123,normal
168,165,114,normal
255,255,255,normal
2,1,0,normal
178,170,130,normal
145,147,95,normal
47,106,162,anomaly
148,153,108,normal
148,147,97,normal
139,179,244,anomaly
181,178,134,normal
152,152,98,normal
67,68,24,normal
144,184,249,anomaly
99,104,103,normal
198,197,159,normal
170,186,232,anomaly
36,0,144,normal
64,119,180,anomaly
255,255,255,normal
163,165,129,normal
27,24,3,normal
116,115,57,normal
198,198,158,normal
51,22,231,normal
140,139,81,normal
177,176,126,normal
111,214,209,normal
198,198,158,normal
255,254,255,normal
40,97,153,anomaly
60,62,26,normal
57,82,216,normal
61,65,24,normal
177,175,127,normal
182,179,135,normal
2,137,105,normal
15,55,30,normal
23,36,22,normal
178,175,130,normal
91,90,32,normal
249,217,212,normal
13,13,7,normal
167,163,114,normal
172,168,120,normal
108,114,167,anomaly
23,17,4,normal
46,90,137,anomaly
178,176,128,normal
166,179,225,anomaly
141,163,228,anomaly
180,179,135,normal
227,238,246,normal
104,104,74,normal
32,0,137,normal
131,133,74,normal
52,54,18,normal
89,88,32,normal
10,5,6,normal
181,178,134,normal
131,134,95,normal
199,208,251,anomaly
117,155,227,anomaly
180,178,130,normal
50,116,255,normal
255,0,128,normal
184,182,141,normal
199,212,255,anomaly
174,173,122,normal
178,176,128,normal
48,75,209,normal
132,141,90,normal
183,183,135,normal
144,146,94,normal
24,71,62,normal
217,220,228,normal
36,120,96,normal
174,173,123,normal
114,113,55,normal
20,20,14,normal
151,152,102,normal
99,145,223,anomaly
178,175,130,normal
53,54,14,normal
174,173,123,normal
196,195,157,normal
186,184,143,normal
23,25,3,normal
181,178,134,normal
64,65,21,normal
146,157,209,normal
180,180,134,normal
115,140,172,anomaly
108,143,209,anomaly
138,138,192,anomaly
155,159,118,normal
191,201,249,anomaly
179,177,129,normal
115,162,224,anomaly
146,186,251,anomaly
197,195,160,normal
90,87,36,normal
107,106,108,normal
101,138,200,anomaly
46,100,155,anomaly
69,72,23,normal
143,145,103,normal
226,157,88,normal
142,185,248,anomaly
171,170,119,normal
61,60,16,normal
74,74,26,normal
198,196,162,normal
199,187,235,normal
175,173,125,normal
23,22,2,normal
201,197,156,normal
177,174,129,normal
180,177,132,normal
133,168,218,anomaly
83,52,203,normal
120,158,222,anomaly
162,160,112,normal
142,145,96,normal
84,114,85,normal
2,3,0,normal
133,129,254,normal
8,171,255,normal
238,183,186,normal
19,19,13,normal
199,198,160,normal
91,69,248,normal
104,153,227,anomaly
99,149,221,anomaly
150,162,226,anomaly
200,200,160,normal
104,146,211,anomaly
51,94,145,anomaly
0,0,255,normal
45,43,32,normal
253,252,184,normal
152,190,254,anomaly
175,172,127,normal
54,55,21,normal
98,104,57,normal
196,194,159,normal
139,179,244,anomaly
158,162,120,normal
164,160,112,normal
6,3,0,normal
180,177,132,normal
105,119,231,normal
107,147,206,anomaly
99,130,183,anomaly
180,177,132,normal
158,162,127,normal
58,59,20,normal
171,96,170,normal
103,107,65,normal
113,150,212,anomaly
0,2,175,normal
201,200,162,normal
147,148,98,normal
150,151,101,normal
178,176,128,normal
181,179,138,normal
145,148,99,normal
32,33,7,normal
141,141,195,anomaly
24,92,69,normal
178,142,34,normal
172,171,121,normal
48,90,137,anomaly
176,189,233,anomaly
162,160,106,normal
136,139,90,normal
84,83,39,normal
120,155,219,anomaly
184,181,137,normal
59,60,20,normal
157,156,105,normal
176,174,126,normal
96,151,226,anomaly
56,55,41,normal
154,165,227,anomaly
183,179,130,normal
138,156,19,normal
84,92,132,anomaly
9,9,0,normal
199,198,160,normal
135,146,154,normal
36,32,31,normal
163,164,124,normal
164,163,113,normal
111,155,216,anomaly
171,168,124,normal
168,164,123,normal
162,176,225,anomaly
165,168,119,normal
53,107,170,anomaly
175,175,129,normal
113,112,54,normal
2,2,2,normal
137,139,103,normal
203,201,171,normal
103,150,224,anomaly
181,178,134,normal
19,19,13,normal
180,177,132,normal
176,172,123,normal
81,82,38,normal
171,170,119,normal
72,86,134,anomaly
195,194,156,normal
167,163,114,normal
145,88,167,normal
133,134,100,normal
162,160,112,normal
61,65,24,normal
204,203,169,normal
170,169,119,normal
142,143,93,normal
158,159,115,normal
54,55,21,normal
71,71,57,normal
165,161,112,normal
136,134,80,normal
107,144,202,anomaly
62,61,17,normal
50,52,16,normal
162,178,225,anomaly
23,14,118,normal
236,227,214,normal
169,184,233,anomaly
12,12,0,normal
56,103,154,anomaly
169,167,119,normal
173,171,123,normal
178,175,130,normal
132,132,86,normal
171,170,126,normal
207,215,255,anomaly
198,198,158,normal
101,127,164,anomaly
95,95,41,normal
110,114,167,anomaly
26,25,5,normal
172,186,238,anomaly
102,139,207,anomaly
68,70,28,normal
10,11,7,normal
136,133,89,normal
120,152,218,anomaly
26,66,48,normal
161,163,121,normal
163,162,111,normal
43,41,30,normal
138,138,92,normal
136,133,78,normal
138,137,81,normal
106,144,202,anomaly
187,186,142,normal
170,169,119,normal
110,108,43,normal
187,187,141,normal
133,156,18,normal
94,144,226,anomaly
110,113,64,normal
131,134,88,normal
172,173,129,normal
48,46,236,normal
180,178,137,normal
53,55,19,normal
201,200,162,normal
168,166,112,normal
185,182,138,normal
148,170,22,normal
194,193,155,normal
36,0,145,normal
168,168,132,normal
176,174,126,normal
77,76,55,normal
164,162,114,normal
59,63,22,normal
132,165,228,anomaly
80,83,37,normal
140,165,229,anomaly
143,145,93,normal
23,73,61,normal
131,131,131,normal
109,149,208,anomaly
164,177,233,anomaly
0,194,0,normal
192,190,190,normal
127,153,213,anomaly
131,143,147,normal
55,56,22,normal
126,168,215,anomaly
95,95,41,normal
69,71,25,normal
194,194,154,normal
179,177,129,normal
199,198,160,normal
167,181,230,anomaly
139,137,97,normal
111,86,250,normal
181,175,128,normal
65,66,26,normal
172,171,127,normal
163,178,110,normal
12,69,44,normal
239,242,247,normal
188,185,141,normal
95,94,38,normal
99,151,222,anomaly
171,170,119,normal
143,142,86,normal
156,159,114,normal
108,147,215,anomaly
198,195,164,normal
60,60,46,normal
154,159,120,normal
153,154,104,normal
198,194,159,normal
188,149,40,normal
178,176,128,normal
26,22,3,normal
161,163,121,normal
199,197,162,normal
200,206,253,anomaly
187,184,146,normal
56,57,17,normal
108,108,62,normal
149,192,249,anomaly
101,100,56,normal
180,177,132,normal
33,34,8,normal
126,126,162,normal
228,212,205,normal
87,89,37,normal
176,174,126,normal
185,183,152,normal
57,59,23,normal
38,54,36,normal
100,91,94,normal
180,178,130,normal
177,174,129,normal
51,103,156,anomaly
140,165,229,anomaly
98,147,223,anomaly
31,31,1,normal
164,168,132,normal
76,79,34,normal
6,8,9,normal
164,162,114,normal
197,196,158,normal
128,130,88,normal
0,180,1,normal
55,55,31,normal
154,153,95,normal
157,154,103,normal
184,183,139,normal
201,199,164,normal
3,1,0,normal
167,181,230,anomaly
129,129,129,normal
179,177,129,normal
68,161,70,normal
15,14,0,normal
202,201,163,normal
46,45,11,normal
165,164,114,normal
138,137,87,normal
96,100,153,anomaly
53,54,20,normal
103,153,219,anomaly
56,60,19,normal
72,74,28,normal
87,132,213,anomaly
183,184,150,normal
120,123,68,normal
136,139,90,normal
200,198,163,normal
130,163,226,anomaly
132,132,92,normal
3,1,0,normal
122,123,121,normal
80,92,132,anomaly
255,137,87,normal
167,164,113,normal
172,168,119,normal
170,162,122,normal
63,64,22,normal
179,176,132,normal
38,40,28,normal
51,53,17,normal
167,165,111,normal
111,111,63,normal
183,179,138,normal
185,184,140,normal
138,140,88,normal
46,113,182,anomaly
175,191,237,anomaly
205,203,169,normal
198,196,162,normal
180,179,135,normal
169,165,116,normal
124,154,225,anomaly
255,125,95,normal
53,56,24,normal
55,56,24,normal
161,176,232,anomaly
63,66,27,normal
153,156,111,normal
130,163,219,anomaly
198,196,162,normal
154,159,120,normal
217,27,228,normal
34,32,8,normal
171,187,233,anomaly
196,195,157,normal
46,95,141,anomaly
165,163,115,normal
46,96,148,anomaly
200,194,165,normal
25,39,21,normal
63,64,22,normal
94,98,151,anomaly
71,73,27,normal
173,167,120,normal
0,188,0,normal
138,137,81,normal
138,140,88,normal
172,171,121,normal
208,214,255,anomaly
180,177,133,normal
17,8,189,normal
157,154,103,normal
178,178,132,normal
53,101,165,anomaly
69,70,36,normal
82,119,187,anomaly
129,136,245,normal
164,160,112,normal
133,170,222,anomaly
125,159,225,anomaly
56,63,36,normal
180,179,135,normal
2,4,4,normal
65,65,19,normal
163,165,129,normal
35,34,8,normal
80,83,37,normal
121,155,91,normal
88,96,143,anomaly
67,68,26,normal
40,40,28,normal
55,56,22,normal
143,165,231,anomaly
140,188,254,anomaly
51,51,11,normal
134,136,90,normal
114,120,173,anomaly
51,55,19,normal
135,138,88,normal
58,109,172,anomaly
126,165,217,anomaly
225,220,221,normal
140,141,85,normal
181,178,134,normal
91,89,35,normal
120,153,216,anomaly
142,141,85,normal
44,163,88,normal
139,145,92,normal
174,170,121,normal
167,181,233,anomaly
81,79,68,normal
201,200,162,normal
153,191,255,anomaly
184,181,136,normal
66,67,23,normal
174,189,238,anomaly
169,173,121,normal
53,94,143,anomaly
44,47,8,normal
57,55,24,normal
146,187,249,anomaly
63,34,243,normal
86,92,37,normal
50,101,151,anomaly
157,161,126,normal
178,175,131,normal
160,158,118,normal
166,163,112,normal
4,4,0,normal
50,52,16,normal
200,198,163,normal
90,33,18,normal
45,47,17,normal
188,189,145,normal
125,157,228,anomaly
181,182,140,normal
180,177,126,normal
98,90,101,normal
161,161,113,normal
191,189,149,normal
154,192,255,anomaly
179,195,238,anomaly
198,197,159,normal
130,134,93,normal
131,167,231,anomaly
91,79,97,normal
240,227,219,normal
160,164,122,normal
164,166,130,normal
211,173,149,normal
124,84,9,normal
153,191,255,anomaly
179,176,131,normal
92,67,247,normal
167,183,225,anomaly
71,131,185,anomaly
161,170,233,anomaly
255,255,255,normal
173,173,127,normal
174,172,124,normal
121,152,221,anomaly
90,3,6,normal
58,61,22,normal
48,164,87,normal
165,169,134,normal
58,67,47,normal
134,139,88,normal
119,118,60,normal
108,150,219,anomaly
240,161,148,normal
129,132,87,normal
232,210,205,normal
5,2,4,normal
180,179,135,normal
178,177,133,normal
180,178,137,normal
126,132,83,normal
30,29,3,normal
145,143,89,normal
113,157,216,anomaly
50,93,142,anomaly
154,68,156,normal
162,160,112,normal
178,175,130,normal
46,68,126,anomaly
255,255,255,normal
31,33,4,normal
193,192,154,normal
12,67,58,normal
35,34,8,normal
167,181,234,anomaly
90,65,245,normal
164,161,110,normal
185,184,140,normal
101,137,201,anomaly
166,177,235,anomaly
49,47,16,normal
163,163,115,normal
0,1,0,normal
64,65,21,normal
51,18,222,normal
2,0,0,normal
67,68,24,normal
148,184,254,anomaly
180,177,133,normal
18,20,0,normal
197,195,160,normal
173,161,107,normal
86,87,37,normal
201,197,162,normal
182,179,134,normal
162,202,255,anomaly
55,56,24,normal
184,181,136,normal
23,17,4,normal
172,173,129,normal
52,54,18,normal
161,161,125,normal
195,193,159,normal
178,178,132,normal
61,62,20,normal
76,45,254,normal
165,166,116,normal
163,162,112,normal
141,181,246,anomaly
205,204,170,normal
201,200,162,normal
176,215,177,normal
196,194,160,normal
151,154,199,normal
197,208,252,anomaly
79,87,127,anomaly
57,59,23,normal
32,33,7,normal
50,67,124,anomaly
155,193,255,anomaly
67,80,136,anomaly
140,175,219,anomaly
33,0,139,normal
192,192,152,normal
2,5,0,normal
7,8,0,normal
17,19,0,normal
164,163,113,normal
36,39,7,normal
79,78,57,normal
151,153,101,normal
85,84,28,normal
54,57,18,normal
108,107,51,normal
207,213,212,normal
149,148,97,normal
47,49,13,normal
174,176,124,normal
170,174,138,normal
173,187,240,anomaly
58,114,173,anomaly
55,100,151,anomaly
177,175,127,normal
198,198,158,normal
100,149,225,anomaly
77,80,31,normal
129,130,96,normal
53,54,20,normal
135,166,217,anomaly
99,76,245,normal
150,164,230,anomaly
53,95,142,anomaly
207,200,150,normal
248,250,250,normal
172,171,121,normal
149,187,251,anomaly
159,130,115,normal
106,55,69,normal
55,59,24,normal
255,255,255,normal
113,111,57,normal
179,176,131,normal
109,150,212,anomaly
186,186,140,normal
169,168,140,normal
53,109,168,anomaly
165,164,113,normal
197,196,158,normal
246,235,231,normal
240,204,168,normal
123,160,220,anomaly
53,57,22,normal
98,147,217,anomaly
102,109,166,anomaly
124,161,221,anomaly
177,174,129,normal
118,154,102,normal
125,158,227,anomaly
241,206,173,normal
77,76,56,normal
2,1,0,normal
55,56,22,normal
64,67,41,normal
134,134,118,normal
86,91,60,normal
11,9,0,normal
128,128,128,normal
147,150,101,normal
183,182,132,normal
169,169,121,normal
199,197,162,normal
107,151,210,anomaly
135,109,79,normal
166,166,120,normal
248,248,254,normal
71,67,49,normal
115,118,173,anomaly
59,59,35,normal
159,162,123,normal
98,97,71,normal
112,111,60,normal
170,184,232,anomaly
165,164,126,normal
36,36,6,normal
19,61,44,normal
79,89,129,anomaly
121,156,220,anomaly
228,212,205,normal
44,165,91,normal
234,190,153,normal
125,124,66,normal
80,87,130,anomaly
195,193,153,normal
153,154,104,normal
59,59,59,normal
121,124,179,anomaly
148,149,99,normal
13,6,187,normal
193,192,154,normal
174,189,235,anomaly
178,175,131,normal
214,198,192,normal
188,186,145,normal
124,171,227,anomaly
145,176,237,anomaly
0,0,164,normal
61,62,22,normal
177,177,129,normal
98,91,152,normal
52,54,18,normal
116,150,209,anomaly
135,135,135,normal
119,154,218,anomaly
251,255,255,normal
188,195,190,normal
139,141,89,normal
162,162,114,normal
170,169,119,normal
176,176,130,normal
77,90,128,anomaly
134,137,91,normal
179,175,134,normal
222,222,222,normal
186,186,146,normal
157,98,220,normal
33,34,8,normal
35,37,7,normal
150,152,100,normal
51,53,17,normal
178,176,128,normal
137,138,96,normal
171,169,121,normal
171,170,120,normal
147,161,220,anomaly
55,56,16,normal
57,106,84,normal
147,145,91,normal
158,155,104,normal
67,68,24,normal
129,132,87,normal
181,179,138,normal
136,76,94,normal
16,11,2,normal
171,169,121,normal
155,169,221,anomaly
153,156,107,normal
51,53,17,normal
35,34,8,normal
241,221,233,normal
205,216,254,anomaly
49,50,34,normal
202,200,165,normal
254,254,254,normal
201,211,251,anomaly
183,180,135,normal
163,162,112,normal
67,69,23,normal
127,133,86,normal
150,95,218,normal
9,7,0,normal
205,203,169,normal
119,169,229,anomaly
156,154,100,normal
181,179,138,normal
177,177,137,normal
71,74,25,normal
78,81,32,normal
204,203,169,normal
66,68,22,normal
74,71,26,normal
205,203,169,normal
180,179,135,normal
160,164,122,normal
65,114,176,anomaly
36,37,11,normal
0,0,175,normal
160,163,117,normal
54,95,144,anomaly
146,145,89,normal
36,34,10,normal
151,150,94,normal
201,211,251,anomaly
0,137,105,normal
151,172,233,anomaly
158,161,112,normal
200,198,163,normal
134,138,97,normal
172,172,124,normal
132,172,221,anomaly
199,197,162,normal
57,58,18,normal
197,196,158,normal
179,177,129,normal
173,177,141,normal
182,179,135,normal
16,14,3,normal
146,147,97,normal
41,42,10,normal
170,168,120,normal
42,43,9,normal
161,162,122,normal
175,173,125,normal
183,157,117,normal
206,214,254,anomaly
157,158,118,normal
82,251,225,normal
108,227,248,normal
187,184,146,normal
162,161,111,normal
109,67,162,normal
146,145,89,normal
199,98,120,normal
15,15,1,normal
0,0,255,normal
200,198,163,normal
85,35,13,normal
78,85,128,anomaly
181,182,138,normal
34,36,6,normal
178,178,132,normal
178,177,133,normal
126,147,174,anomaly
4,4,0,normal
81,82,78,normal
142,144,92,normal
148,166,231,anomaly
132,172,225,anomaly
52,56,20,normal
201,199,164,normal
36,36,24,normal
179,177,129,normal
181,178,134,normal
197,196,158,normal
51,50,16,normal
175,173,125,normal
249,211,207,normal
204,202,168,normal
68,70,24,normal
193,211,255,anomaly
177,177,129,normal
138,141,92,normal
98,111,167,anomaly
105,147,214,anomaly
180,177,132,normal
182,179,134,normal
175,180,135,normal
228,212,82,normal
181,178,133,normal
193,193,153,normal
73,114,193,anomaly
54,55,16,normal
163,161,113,normal
125,164,216,anomaly
156,155,97,normal
56,61,22,normal
137,179,226,anomaly
181,177,136,normal
97,97,43,normal
199,190,170,normal
191,189,149,normal
181,182,140,normal
186,181,178,normal
61,243,232,normal
35,34,8,normal
93,93,39,normal
61,128,197,anomaly
150,96,217,normal
98,136,201,anomaly
131,156,226,anomaly
0,20,150,normal
73,76,27,normal
179,178,134,normal
142,145,100,normal
153,157,105,normal
144,142,88,normal
198,197,159,normal
136,193,114,normal
166,164,116,normal
156,158,116,normal
44,44,8,normal
59,59,47,normal
164,160,112,normal
222,222,222,normal
174,184,238,anomaly
163,160,109,normal
169,182,234,anomaly
198,198,158,normal
101,149,221,anomaly
56,61,22,normal
173,179,124,normal
0,1,1,normal
172,169,125,normal
113,155,208,anomaly
200,198,163,normal
171,170,120,normal
12,22,9,normal
165,163,115,normal
59,61,25,normal
181,105,177,normal
41,42,8,normal
65,67,21,normal
173,189,236,anomaly
181,179,131,normal
65,64,20,normal
48,105,150,anomaly
173,172,122,normal
179,176,131,normal
63,62,12,normal
165,163,115,normal
182,182,136,normal
25,22,14,normal
152,156,115,normal
31,29,129,normal
132,135,90,normal
237,221,232,normal
170,170,124,normal
159,156,105,normal
61,62,18,normal
181,177,136,normal
170,169,119,normal
61,123,193,anomaly
68,69,25,normal
100,140,198,anomaly
127,127,127,normal
177,194,233,anomaly
132,133,94,normal
167,163,114,normal
196,195,157,normal
133,139,86,normal
99,92,153,normal
96,89,150,normal
193,193,153,normal
120,152,217,anomaly
181,178,133,normal
153,156,130,normal
110,109,51,normal
15,14,10,normal
131,132,93,normal
52,56,21,normal
51,53,33,normal
182,179,135,normal
175,191,237,anomaly
164,163,113,normal
180,180,134,normal
69,70,26,normal
197,196,158,normal
60,57,36,normal
174,173,123,normal
90,66,238,normal
0,0,169,normal
103,148,222,anomaly
136,139,90,normal
118,117,59,normal
135,143,102,normal
155,152,101,normal
30,31,22,normal
172,172,132,normal
110,153,216,anomaly
151,163,229,anomaly
199,197,163,normal
157,155,101,normal
155,192,254,anomaly
113,147,213,anomaly
100,125,181,anomaly
15,15,0,normal
178,178,132,normal
2,123,255,normal
146,116,99,normal
20,16,5,normal
53,57,22,normal
17,11,4,normal
157,161,125,normal
0,1,0,normal
54,55,21,normal
54,94,143,anomaly
136,166,223,anomaly
96,138,213,anomaly
83,138,219,anomaly
130,163,219,anomaly
53,47,236,normal
213,225,229,normal
190,188,148,normal
21,19,1,normal
57,59,23,normal
184,181,137,normal
49,48,34,normal
65,101,147,anomaly
52,93,142,anomaly
54,55,21,normal
185,167,156,normal
161,182,233,anomaly
180,174,133,normal
50,106,153,anomaly
92,137,204,anomaly
179,180,138,normal
139,142,93,normal
117,116,58,normal
254,42,242,normal
163,161,113,normal
94,94,70,normal
96,195,245,normal
59,57,22,normal
179,177,129,normal
173,172,122,normal
58,56,26,normal
2,20,151,normal
96,147,220,anomaly
28,25,10,normal
130,161,230,anomaly
99,44,39,normal
102,142,207,anomaly
162,162,114,normal
52,52,52,normal
202,211,254,anomaly
236,196,161,normal
172,171,121,normal
40,90,150,anomaly
203,201,167,normal
180,177,133,normal
104,147,214,anomaly
181,179,131,normal
54,55,15,normal
173,172,122,normal
195,193,152,normal
187,187,141,normal
32,33,7,normal
144,181,225,anomaly
118,154,214,anomaly
134,136,190,anomaly
156,159,114,normal
85,88,33,normal
182,180,132,normal
46,48,12,normal
180,177,132,normal
182,179,134,normal
179,175,127,normal
176,174,126,normal
201,200,162,normal
55,56,24,normal
202,200,165,normal
133,173,225,anomaly
66,120,183,anomaly
0,0,1,normal
144,164,21,normal
172,168,119,normal
145,144,88,normal
163,164,114,normal
181,178,133,normal
135,152,17,normal
151,169,230,anomaly
171,169,121,normal
60,61,21,normal
77,83,128,anomaly
165,179,232,anomaly
158,195,255,anomaly
57,58,18,normal
51,56,17,normal
32,33,7,normal
142,180,245,anomaly
237,225,221,normal
177,175,127,normal
0,0,182,normal
39,85,143,anomaly
177,175,127,normal
193,192,154,normal
2,1,0,normal
205,203,169,normal
89,91,61,normal
146,147,97,normal
162,160,120,normal
113,139,169,anomaly
125,124,96,normal
44,161,82,normal
56,54,43,normal
4,0,72,normal
137,165,230,anomaly
167,166,116,normal
4,5,3,normal
2,0,0,normal
254,247,184,normal
55,59,23,normal
166,164,116,normal
78,87,125,anomaly
0,179,0,normal
127,166,218,anomaly
180,176,125,normal
203,202,168,normal
98,136,194,anomaly
167,167,119,normal
87,116,183,anomaly
164,162,114,normal
180,177,139,normal
153,155,109,normal
53,54,20,normal
180,178,137,normal
60,128,201,anomaly
178,175,131,normal
166,166,130,normal
168,182,234,anomaly
3,3,0,normal
172,168,119,normal
123,158,222,anomaly
129,168,220,anomaly
200,198,163,normal
71,73,27,normal
76,79,30,normal
120,154,208,anomaly
173,170,125,normal
65,66,22,normal
156,158,116,normal
222,220,220,normal
179,180,124,normal
132,136,100,normal
132,173,222,anomaly
