Original_Index,Anomaly_Score,Detection_Result,True_Label
0,0.6690370954724444,1,1
1,0.6710747240359949,1,0
2,0.6780153021117423,1,1
3,0.6682727114901537,1,1
4,0.6655781782895702,1,0
5,0.6666675001791943,1,0
6,0.6795398036662788,1,1
7,0.672536667405505,1,1
8,0.6595763381186971,0,0
9,0.6755506272400322,1,1
10,0.6676395212744384,1,0
11,0.6628024859504236,1,1
12,0.6734469216323535,1,0
13,0.6639467959631876,1,1
14,0.6736927843357591,1,0
15,0.6686480800834903,1,1
16,0.6699554109646738,1,0
17,0.6659672518634643,1,0
18,0.6679964712605075,1,1
19,0.6687608552427983,1,1
20,0.6770959692944759,1,1
21,0.6569578722500514,0,0
22,0.6754823488170093,1,1
23,0.6758224775811335,1,1
24,0.675674789437508,1,1
25,0.663580421667569,1,0
26,0.6663912599495482,1,1
27,0.6659362180938817,1,1
28,0.654959172164022,0,1
29,0.6632391348509066,1,0
30,0.6791394012391568,1,1
31,0.6710663148694876,1,1
32,0.6663912599495482,1,1
33,0.6715477244617785,1,0
34,0.6724125052080292,1,1
35,0.6632627684117407,1,0
36,0.6633303368103995,1,1
37,0.6634981871032093,1,1
38,0.6622651179997264,1,0
39,0.6773722095241221,1,1
40,0.6724125052080292,1,0
41,0.6771957370632614,1,0
42,0.6520477410440373,0,1
43,0.659300097889051,0,0
44,0.6677019166035187,1,1
45,0.666515422147024,1,0
46,0.6658723295594037,1,1
47,0.6675498385713484,1,1
48,0.6784450322371784,1,0
49,0.6792319172495771,1,0
50,0.6743471505070021,1,0
51,0.6676101122343462,1,0
52,0.6810851457207224,1,1
53,0.6600277158590315,0,1
54,0.6658366566703005,1,1
55,0.672109541384533,1,1
56,0.6642010211304613,1,0
57,0.6774360980586002,1,0
58,0.6713509642656411,1,0
59,0.6718239646914246,1,0
60,0.6630540965807534,1,1
61,0.6754823488170093,1,1
62,0.6752743870103861,1,1
63,0.6775257807616901,1,1
64,0.672536667405505,1,0
65,0.6657097334761874,1,0
66,0.6645402686253661,1,0
67,0.678955677019931,1,0
68,0.666088296126052,1,0
69,0.6445869354005311,0,1
70,0.6633549668356212,1,0
71,0.6737849287303952,1,1
72,0.6643526172476355,1,0
73,0.6733495000949877,1,0
74,0.6773722095241221,1,0
75,0.6627521292216448,1,0
76,0.6728027178818278,1,0
77,0.6726375732976733,1,0
78,0.6563786681969093,0,1
79,0.6742144277628298,1,0
80,0.6725946560907263,1,0
81,0.6676935074370115,1,0
82,0.6528476222043195,0,1
83,0.6591442650779421,0,0
84,0.6781420684136823,1,0
85,0.6606529774236682,0,0
86,0.6738473240594756,1,0
87,0.6642640283957199,1,0
88,0.6739114639393338,1,0
89,0.6587497190928496,0,1
90,0.6505232394895009,0,1
91,0.6774963717215978,1,0
92,0.6640507472753139,1,0
93,0.6679157615040846,1,1
94,0.6612738008016663,0,0
95,0.6655122897206102,1,0
96,0.6741631087012364,1,0
97,0.668281120656661,1,0
98,0.6753985492078619,1,0
99,0.6641749094727897,1,0
100,0.6688270358602122,1,0
101,0.6781673801439126,1,0
102,0.678955677019931,1,0
103,0.6771957370632614,1,0
104,0.6776499429591659,1,0
105,0.6666675001791943,1,1
106,0.676340292780473,1,0
107,0.6728129076351511,1,1
108,0.6737849287303952,1,1
109,0.6713509642656411,1,1
110,0.6677019166035187,1,0
111,0.6671027380290466,1,1
112,0.672826351442662,1,0
113,0.668281120656661,1,1
114,0.6608769523542075,0,1
115,0.6768681777720219,1,0
116,0.6640013820093537,1,1
117,0.6766165330101191,1,0
118,0.6711017012191954,1,0
119,0.6674135462045666,1,1
120,0.6658366566703005,1,0
121,0.6677636834719142,1,1
122,0.6567471068504359,0,0
123,0.666668027125465,1,0
124,0.6653881275231344,1,1
125,0.6730421196093144,1,0
126,0.6773119358611243,1,0
127,0.6655418571989987,1,0
128,0.6684052828541367,1,0
129,0.6741502878829716,1,1
130,0.6735710838298294,1,0
131,0.6719574633523627,1,1
132,0.6733133626645804,1,0
133,0.6640507472753139,1,1
134,0.6628762914191206,1,0
135,0.6602977483010652,0,1
136,0.6644767794451114,1,0
137,0.6625262457207775,1,0
138,0.6569946382623615,0,0
139,0.6773119358611243,1,0
140,0.672821615103439,1,0
141,0.6778020209913362,1,1
142,0.6618195627018297,0,1
143,0.6739114639393338,1,0
144,0.6697373437881744,1,0
145,0.6862481735037428,1,0
146,0.681495316655144,1,0
147,0.6658120558964059,1,1
148,0.6812372237528928,1,0
149,0.677926183188812,1,1
150,0.6620712038651111,1,0
151,0.6719148652332139,1,0
152,0.6638986692431434,1,0
153,0.6620958029314759,1,1
154,0.6722235138286856,1,0
155,0.6743471505070021,1,0
156,0.67934736304578,1,0
157,0.6695852657560041,1,0
158,0.6728129076351511,1,1
159,0.6755506272400322,1,0
160,0.6755506272400322,1,1
161,0.676553759666446,1,0
162,0.653593083098481,0,1
163,0.6742144277628298,1,0
164,0.6657202515272334,1,0
165,0.6774301416163678,1,0
166,0.6735710838298294,1,0
167,0.6738473240594756,1,1
168,0.672821615103439,1,0
169,0.6774963717215978,1,0
170,0.6530060346933149,0,1
171,0.6770959692944759,1,0
172,0.6732813932983284,1,0
173,0.672109541384533,1,0
174,0.6779580266079167,1,0
175,0.6760987178107796,1,1
176,0.6797477654729019,1,1
177,0.6736607665329194,1,0
178,0.6676395212744384,1,1
179,0.6791394012391568,1,0
180,0.659300097889051,0,1
181,0.6655919639204767,1,1
182,0.6475436063771952,0,1
183,0.6653881275231344,1,1
184,0.6744393489308825,1,0
185,0.6713425550991338,1,0
186,0.6753985492078619,1,1
187,0.6459530244660722,0,1
188,0.6775257807616901,1,0
189,0.6725453748737928,1,0
190,0.6720681027581343,1,0
191,0.6627840929952401,1,0
192,0.6735710838298294,1,1
193,0.6637497796336591,1,0
194,0.6710747240359949,1,1
195,0.6540958835292097,0,1
196,0.6743023659151419,1,0
197,0.6693773039493809,1,1
198,0.6626504079182532,1,1
199,0.6644531458842772,1,0
200,0.6619470416676352,0,0
201,0.6738473240594756,1,0
202,0.669653544179027,1,0
203,0.6756638064980622,1,0
204,0.674490667992476,1,0
205,0.6655604164406542,1,1
206,0.6780153021117423,1,0
207,0.6774963717215978,1,1
208,0.6764016816342757,1,0
209,0.6760987178107796,1,0
210,0.663836902374748,1,0
211,0.6777123382882463,1,1
212,0.663841972464883,1,0
213,0.6517577733684246,0,1
214,0.6795348810730732,1,0
215,0.6782915423413884,1,1
216,0.6656643677527805,1,0
217,0.6658723295594037,1,0
218,0.6620712038651111,1,0
219,0.6584073985066168,0,1
220,0.6681290426244906,1,1
221,0.6729561755766005,1,0
222,0.6784450322371784,1,0
223,0.663479129033097,1,0
224,0.6680399237015604,1,1
225,0.6728129076351511,1,0
226,0.6693773039493809,1,0
227,0.6653881275231344,1,0
228,0.655657258014541,0,1
229,0.6778911399142665,1,0
230,0.6520340135980708,0,1
231,0.6713425550991338,1,1
232,0.6769194968336153,1,0
233,0.6493651886612851,0,1
234,0.6810851457207224,1,0
235,0.6633869306092165,1,0
236,0.6623474440947572,1,0
237,0.6724125052080292,1,0
238,0.6787212724668246,1,0
239,0.6782342668375628,1,0
240,0.6777063818460141,1,0
241,0.6639610645722238,1,0
242,0.6675498385713484,1,1
243,0.6627668130613202,1,1
244,0.6729185498665424,1,0
245,0.6636848243425777,1,0
246,0.6712258634166712,1,0
247,0.6629266481478994,1,1
248,0.6777063818460141,1,0
249,0.6682241982462358,1,0
250,0.6774301416163678,1,0
251,0.6641141571686615,1,0
252,0.6599979804177398,0,1
253,0.6718333011548869,1,1
254,0.6741502878829716,1,0
255,0.6794715252432558,1,1
256,0.649088948431639,0,1
257,0.6678260788009945,1,1
258,0.677926183188812,1,0
259,0.6776499429591659,1,1
260,0.6751607591132508,1,0
261,0.6642230361928337,1,0
262,0.6681290426244906,1,0
263,0.6626504079182532,1,1
264,0.6739162002785568,1,0
265,0.6487781402561189,0,1
266,0.6622975692809745,1,0
267,0.6637745070456678,1,1
268,0.6772201314919517,1,1
269,0.6648642761687502,1,1
270,0.6684052828541367,1,1
271,0.6593583777399169,0,1
272,0.6657202515272334,1,0
273,0.6694611035585283,1,1
274,0.6795348810730732,1,0
275,0.6740709102773559,1,0
276,0.6736352237096876,1,0
277,0.6659362180938817,1,1
278,0.6606166563330969,0,0
279,0.6710747240359949,1,1
280,0.6674172672073653,1,0
281,0.6762775194367999,1,1
282,0.6571728646276931,0,1
283,0.6674859500368704,1,1
284,0.6766779218639218,1,1
285,0.6760162033960391,1,0
286,0.6739370067625656,1,1
287,0.6740611689600413,1,0
288,0.673124578926935,1,0
289,0.6512707677391629,0,1
290,0.653282274922961,0,1
291,0.6726887454376753,1,0
292,0.6644161064278903,1,1
293,0.6756065110144851,1,0
294,0.6657885299502563,1,1
295,0.6791394012391568,1,1
296,0.6674859500368704,1,1
297,0.6816014754296061,1,0
298,0.6627521292216448,1,0
299,0.6666958570249971,1,0
300,0.6813597212551292,1,0
301,0.672233703582009,1,0
302,0.6626599307977643,1,0
303,0.6728129076351511,1,0
304,0.6641749094727897,1,0
305,0.6527777700499486,0,0
306,0.6756065110144851,1,1
307,0.6692531417519051,1,1
308,0.6729138135273194,1,0
309,0.6618288113031745,0,0
310,0.663836902374748,1,0
311,0.6608769523542075,0,0
312,0.6628024859504236,1,0
313,0.6623892801972022,1,0
314,0.6791394012391568,1,0
315,0.6642230361928337,1,1
316,0.6626599307977643,1,0
317,0.6698615059856502,1,1
318,0.6639661346623588,1,0
319,0.663873941831135,1,0
320,0.6655960893297576,1,1
321,0.673792038081081,1,0
322,0.6639610645722238,1,0
323,0.6726887454376753,1,1
324,0.6730732598653416,1,0
325,0.6797477654729019,1,0
326,0.664139866198244,1,1
327,0.6569578722500514,0,1
328,0.6775881760907705,1,0
329,0.677926183188812,1,0
330,0.6566549084265554,0,1
331,0.6744265281126177,1,1
332,0.6756983153836577,1,1
333,0.6726887454376753,1,0
334,0.6677636834719142,1,0
335,0.6424097177525696,0,0
336,0.672821615103439,1,0
337,0.6740261256854958,1,0
338,0.647412051190578,0,1
339,0.6734008191565811,1,0
340,0.6673338720047,1,0
341,0.6766779218639218,1,0
342,0.6656643677527805,1,1
343,0.6633549668356212,1,0
344,0.6736607665329194,1,0
345,0.673416544106113,1,0
346,0.663841972464883,1,0
347,0.6680048804270148,1,1
348,0.6714474222199769,1,0
349,0.6517715008143912,0,1
350,0.6886968441721968,1,0
351,0.6741631087012364,1,0
352,0.6756065110144851,1,0
353,0.6773722095241221,1,1
354,0.6781420684136823,1,0
355,0.6612325142966635,0,1
356,0.6726375732976733,1,0
357,0.6674234749949777,1,1
358,0.6753426423684588,1,0
359,0.6619470416676352,0,0
360,0.6707904729580261,1,0
361,0.6843338487673067,1,0
362,0.6779276523728915,1,0
363,0.675739963166393,1,0
364,0.6677019166035187,1,0
365,0.6447184905871485,0,1
366,0.6778658281840362,1,0
367,0.6717045388331718,1,0
368,0.6775257807616901,1,0
369,0.6594205053075882,0,0
370,0.6778658281840362,1,0
371,0.674490667992476,1,0
372,0.663836902374748,1,1
373,0.6643437025955865,1,1
374,0.6676101122343462,1,1
375,0.6782915423413884,1,0
376,0.6676897864342127,1,1
377,0.6762775194367999,1,1
378,0.6694611035585283,1,0
379,0.6754823488170093,1,0
380,0.662776776920841,1,1
381,0.6765137361948823,1,0
382,0.6623474440947572,1,1
383,0.6792635634366326,1,0
384,0.6485689138887195,0,0
385,0.6651118075806759,1,1
386,0.672821615103439,1,0
387,0.6615500410313124,0,0
388,0.676553759666446,1,1
389,0.6674256763738726,1,1
390,0.6740261256854958,1,1
391,0.6695293819815512,1,1
392,0.6764016816342757,1,0
393,0.6492336334746679,0,1
394,0.6754369993428969,1,0
395,0.6882098329502783,1,0
396,0.6711988862334707,1,1
397,0.6619470416676352,0,1
398,0.6464400300953339,0,1
399,0.6641141571686615,1,1
400,0.6758224775811335,1,0
401,0.6766779218639218,1,1
402,0.6553810177848949,0,1
403,0.6734469216323535,1,1
404,0.6673338720047,1,1
405,0.6628024859504236,1,1
406,0.6762775194367999,1,0
407,0.6655122897206102,1,1
408,0.6657885299502563,1,0
409,0.6725453748737928,1,0
410,0.6636848243425777,1,1
411,0.6813409584018625,1,0
412,0.6746501143304982,1,0
413,0.6771957370632614,1,0
414,0.6603039560886776,0,0
415,0.6756983153836577,1,0
416,0.6718287010306476,1,0
417,0.665388047810322,1,1
418,0.6697373437881744,1,0
419,0.6892996817861732,1,0
420,0.6629266481478994,1,0
421,0.6719574633523627,1,1
422,0.6625005366911949,1,1
423,0.6754369993428969,1,0
424,0.6681290426244906,1,1
425,0.6633632970483824,1,0
426,0.6742144277628298,1,0
427,0.6810851457207224,1,1
428,0.6876500912574863,1,0
429,0.6472536387015826,0,1
430,0.6638986692431434,1,0
431,0.6769194968336153,1,0
432,0.6752743870103861,1,0
433,0.6737231618619998,1,0
434,0.6644531458842772,1,0
435,0.6777123382882463,1,1
436,0.6732813932983284,1,0
437,0.6677636834719142,1,1
438,0.67934736304578,1,1
439,0.6715477244617785,1,0
440,0.6629266481478994,1,1
441,0.6641749094727897,1,1
442,0.6756188825981049,1,0
443,0.6667916623766701,1,1
444,0.6677019166035187,1,1
445,0.6733495000949877,1,0
446,0.6681290426244906,1,0
447,0.6760162033960391,1,0
448,0.6738473240594756,1,1
449,0.6543546245151052,0,0
450,0.6657202515272334,1,1
451,0.6795398036662788,1,0
452,0.679415641468803,1,1
453,0.6622651179997264,1,0
454,0.6792635634366326,1,1
455,0.6756653166692439,1,0
456,0.6810851457207224,1,0
457,0.6737231618619998,1,1
458,0.6782855858991562,1,0
459,0.6736352237096876,1,0
460,0.6673338720047,1,1
461,0.6795348810730732,1,0
462,0.675674789437508,1,0
463,0.6658120558964059,1,1
464,0.6482753398253902,0,1
465,0.6726375732976733,1,0
466,0.669653544179027,1,1
467,0.6695293819815512,1,0
468,0.6778020209913362,1,0
469,0.678955677019931,1,0
470,0.6679157615040846,1,0
471,0.6662124583235279,1,1
472,0.6744954043316991,1,0
473,0.6689243203131365,1,1
474,0.6643289836868014,1,0
475,0.6561937060429457,0,1
476,0.6489463850243443,0,1
477,0.6758224775811335,1,0
478,0.6617864425832258,0,0
479,0.6726887454376753,1,1
480,0.6757585890466554,1,1
481,0.6739370067625656,1,0
482,0.672315712252566,1,0
483,0.6543721237588558,0,1
484,0.663873941831135,1,0
485,0.6767087314339997,1,0
486,0.6620712038651111,1,1
487,0.66276684813043,1,1
488,0.6749263545601443,1,0
489,0.6749263545601443,1,0
490,0.6743712421342233,1,0
491,0.6652040060045564,1,0
492,0.6616413363364982,0,1
493,0.6751607591132508,1,0
494,0.6781420684136823,1,0
495,0.6809609835232466,1,1
496,0.6804443223209353,1,0
497,0.6741631087012364,1,0
498,0.6626504079182532,1,0
499,0.6775881760907705,1,1
500,0.6674256763738726,1,0
501,0.6778020209913362,1,0
502,0.669653544179027,1,1
503,0.6737231618619998,1,1
504,0.6718333011548869,1,0
505,0.6585714927275181,0,0
506,0.6569645729988092,0,0
507,0.6730047140691088,1,0
508,0.6639661346623588,1,0
509,0.645676784236426,0,1
510,0.6546829319343759,0,1
511,0.6757585890466554,1,0
512,0.6734055554958042,1,0
513,0.6599842529717733,0,1
514,0.6479990995957441,0,1
515,0.6793544734850404,1,0
516,0.6734008191565811,1,0
517,0.6812372237528928,1,0
518,0.6659964917568795,1,0
519,0.6694611035585283,1,0
520,0.6678260788009945,1,1
521,0.6744265281126177,1,0
522,0.6764324912043536,1,0
523,0.6656910116338182,1,1
524,0.6531238624339656,0,1
525,0.6734469216323535,1,0
526,0.6751607591132508,1,0
527,0.6672097098072243,1,1
528,0.6538693233281272,0,1
529,0.6774301416163678,1,0
530,0.673124578926935,1,0
531,0.6645402686253661,1,0
532,0.6682727114901537,1,0
533,0.6739114639393338,1,0
534,0.6701269443083392,1,0
535,0.6773928140385049,1,0
536,0.6758827512441312,1,1
537,0.6574491048573392,0,1
538,0.6637745070456678,1,1
539,0.672315712252566,1,0
540,0.6644161064278903,1,1
541,0.6704734053687967,1,0
542,0.6679964712605075,1,0
543,0.677144418001668,1,0
544,0.6632427274811837,1,0
545,0.6639610645722238,1,1
546,0.6736607665329194,1,1
547,0.6485019000264728,0,1
548,0.6717045388331718,1,0
549,0.6692531417519051,1,1
550,0.6516130883253958,0,1
551,0.6727030200431838,1,0
552,0.677144418001668,1,0
553,0.6628762914191206,1,0
554,0.6674859500368704,1,0
555,0.6767087314339997,1,0
556,0.6603039560886776,0,1
557,0.672826351442662,1,0
558,0.6678260788009945,1,0
559,0.6676395212744384,1,1
560,0.6752743870103861,1,0
561,0.6720993516312097,1,0
562,0.672678555684352,1,0
563,0.6743229704295248,1,0
564,0.6735710838298294,1,1
565,0.6605739885307115,0,0
566,0.6676395212744384,1,0
567,0.6745172658289571,1,0
568,0.6656910116338182,1,0
569,0.6760987178107796,1,1
570,0.6714751264631169,1,1
571,0.6649318213007778,1,0
572,0.6713509642656411,1,0
573,0.6760987178107796,1,0
574,0.6725453748737928,1,0
575,0.6635606621451019,1,0
576,0.6433524015216074,0,1
577,0.664139866198244,1,0
578,0.676340292780473,1,0
579,0.6651118075806759,1,0
580,0.6693773039493809,1,1
581,0.6635606621451019,1,1
582,0.6698615059856502,1,0
583,0.6769194968336153,1,0
584,0.6792319172495771,1,0
585,0.6657202515272334,1,1
586,0.6615087545263096,0,1
587,0.6518893285550419,0,1
588,0.6602604932014194,0,1
589,0.6667916623766701,1,1
590,0.6729561755766005,1,1
591,0.6716984094526196,1,0
592,0.6640507472753139,1,0
593,0.6710663148694876,1,0
594,0.6695293819815512,1,1
595,0.6572708784920077,0,1
596,0.6781673801439126,1,1
597,0.6740611689600413,1,1
598,0.666419616795351,1,0
599,0.6659672518634643,1,1
600,0.6740482403710603,1,0
601,0.6725453748737928,1,0
602,0.6937132355518482,1,0
603,0.675739963166393,1,0
604,0.672233703582009,1,1
605,0.6782915423413884,1,0
606,0.670081333154436,1,0
607,0.674490667992476,1,0
608,0.6639610645722238,1,1
609,0.6475298789312287,0,1
610,0.6759224046028028,1,0
611,0.6706841707684124,1,0
612,0.676522021196677,1,0
613,0.6726799353469542,1,1
614,0.677144418001668,1,0
615,0.675674789437508,1,0
616,0.6629004068949509,1,0
617,0.6740611689600413,1,0
618,0.6778911399142665,1,1
619,0.6655782364745102,1,1
620,0.6782342668375628,1,0
621,0.6774360980586002,1,0
622,0.6734055554958042,1,0
623,0.6798111213027194,1,0
624,0.651547007968809,0,1
625,0.6657885299502563,1,1
626,0.673792038081081,1,0
627,0.6642776222389998,1,1
628,0.6737849287303952,1,0
629,0.6813613859503685,1,0
630,0.6589995800349132,0,0
631,0.6796236032754261,1,1
632,0.6430995065604792,0,0
633,0.6749263545601443,1,0
634,0.6730732598653416,1,0
635,0.6718333011548869,1,1
636,0.6782342668375628,1,0
637,0.6666675001791943,1,1
638,0.6589239698832257,0,0
639,0.6641749094727897,1,1
640,0.6759745556133038,1,1
641,0.673124578926935,1,0
642,0.6754369993428969,1,0
643,0.6739114639393338,1,0
644,0.6798111213027194,1,0
645,0.672678555684352,1,0
646,0.6740611689600413,1,1
647,0.6813613859503685,1,1
648,0.6628024859504236,1,0
649,0.6729185498665424,1,0
650,0.6644161064278903,1,0
651,0.6778911399142665,1,1
652,0.6777063818460141,1,0
653,0.6637744273328554,1,0
654,0.6605739885307115,0,1
655,0.6653881275231344,1,0
656,0.6659885037480495,1,0
657,0.679415641468803,1,0
658,0.6766165330101191,1,0
659,0.6559174658132996,0,1
660,0.6744265281126177,1,0
661,0.6676101122343462,1,1
662,0.6643536313859976,1,0
663,0.6687608552427983,1,0
664,0.6753985492078619,1,0
665,0.6773119358611243,1,1
666,0.6751607591132508,1,0
667,0.6753426423684588,1,0
668,0.6780093456695101,1,0
669,0.6659362180938817,1,0
670,0.6674859500368704,1,0
671,0.6444422503575022,0,1
672,0.6616658730160272,0,0
673,0.6727021892451861,1,0
674,0.678955677019931,1,0
675,0.6531375898799321,0,1
676,0.6503234823105627,0,1
677,0.673124578926935,1,0
678,0.676340292780473,1,0
679,0.675674789437508,1,1
680,0.6633632970483824,1,0
681,0.666515422147024,1,1
682,0.6727021892451861,1,0
683,0.6775881760907705,1,0
684,0.6365394940201866,0,0
685,0.6680399237015604,1,1
686,0.6505997225402088,0,1
687,0.672536667405505,1,1
688,0.666088296126052,1,1
689,0.6676101122343462,1,0
690,0.6737231618619998,1,0
691,0.6758827512441312,1,0
692,0.6730732598653416,1,0
693,0.6788859460221692,1,0
694,0.6625005366911949,1,0
695,0.672536667405505,1,0
696,0.6734469216323535,1,1
697,0.6566549084265554,0,0
698,0.6569946382623615,0,1
699,0.6745815685342653,1,0
700,0.665388047810322,1,0
701,0.677081762889469,1,0
702,0.6787212724668246,1,0
703,0.6797477654729019,1,1
704,0.6779580266079167,1,0
705,0.6767087314339997,1,0
706,0.6796236032754261,1,1
707,0.6630430883600761,1,1
708,0.6711988862334707,1,1
709,0.6778020209913362,1,1
710,0.6792319172495771,1,0
711,0.684544619759579,1,0
712,0.6636848243425777,1,1
713,0.6756983153836577,1,0
714,0.6757585890466554,1,0
715,0.6724125052080292,1,1
716,0.6772201314919517,1,1
717,0.6787212724668246,1,0
718,0.6746501143304982,1,0
719,0.660274220647386,0,1
720,0.675739963166393,1,0
721,0.6714751264631169,1,0
722,0.6637497796336591,1,0
723,0.6596969463365098,0,0
724,0.6798111213027194,1,0
725,0.6600277158590315,0,0
726,0.6675498385713484,1,0
727,0.6753875662684161,1,0
728,0.6741502878829716,1,1
729,0.6623474440947572,1,1
730,0.6777063818460141,1,0
731,0.6701276500957226,1,0
732,0.6726799353469542,1,0
733,0.6666958570249971,1,1
734,0.6680399237015604,1,0
735,0.6719574633523627,1,0
736,0.6633869306092165,1,0
737,0.6676935074370115,1,1
738,0.6657885299502563,1,0
739,0.6448631756301773,0,1
740,0.6436286417512536,0,1
741,0.6744265281126177,1,1
742,0.6733495000949877,1,0
743,0.6794715252432558,1,1
744,0.6795348810730732,1,0
745,0.666515422147024,1,0
746,0.6719574633523627,1,0
747,0.672233703582009,1,1
748,0.6579922886743759,0,1
749,0.6737684045202468,1,0
750,0.6746501143304982,1,0
751,0.6809609835232466,1,0
752,0.6738925667177226,1,0
753,0.672109541384533,1,0
754,0.67934736304578,1,1
755,0.6781673801439126,1,0
756,0.6780093456695101,1,0
757,0.6889507054929968,1,0
758,0.6756983153836577,1,1
759,0.6734008191565811,1,0
760,0.6792635634366326,1,0
761,0.6729138135273194,1,0
762,0.6693773039493809,1,0
763,0.6461775173116543,0,1
764,0.6743471505070021,1,0
765,0.6790870106595578,1,0
766,0.6617864425832258,0,0
767,0.652861349650286,0,1
768,0.6736607665329194,1,1
769,0.6813613859503685,1,1
770,0.6675498385713484,1,0
771,0.6770959692944759,1,1
772,0.6697373437881744,1,1
773,0.66166228038575,0,0
774,0.678036016325349,1,0
775,0.6768681777720219,1,0
776,0.6671472347653316,1,1
777,0.6715477244617785,1,0
778,0.6680048804270148,1,0
779,0.6758224775811335,1,1
780,0.6622232818972813,1,1
781,0.6658682041501228,1,1
782,0.672109541384533,1,1
783,0.6645402686253661,1,1
784,0.6678260788009945,1,0
785,0.658268528904022,0,0
786,0.6452054962164101,0,1
787,0.6658120558964059,1,0
788,0.6671472347653316,1,0
789,0.6756188825981049,1,0
790,0.6754823488170093,1,0
791,0.6729138135273194,1,0
792,0.6698615059856502,1,0
793,0.6680048804270148,1,0
794,0.6553810177848949,0,0
795,0.6640773911563514,1,1
796,0.676553759666446,1,0
797,0.6750609688840858,1,0
798,0.6655604164406542,1,0
799,0.6740709102773559,1,0
800,0.6782915423413884,1,1
801,0.6658120558964059,1,0
802,0.6585714927275181,0,1
803,0.6759745556133038,1,0
804,0.6794715252432558,1,0
805,0.6792319172495771,1,0
806,0.6758827512441312,1,0
807,0.6756188825981049,1,0
808,0.6740261256854958,1,1
809,0.66166228038575,0,0
810,0.679415641468803,1,1
811,0.6781673801439126,1,1
812,0.6595763381186971,0,1
813,0.6602977483010652,0,0
814,0.6619175765661444,0,1
815,0.6645402686253661,1,1
816,0.6718239646914246,1,0
817,0.6771957370632614,1,0
818,0.6627840929952401,1,0
819,0.6794715252432558,1,0
820,0.6773119358611243,1,1
821,0.649509873704314,0,1
822,0.6743023659151419,1,1
823,0.6655122897206102,1,0
824,0.6743471505070021,1,0
825,0.6622232818972813,1,1
826,0.6650559834982536,1,0
827,0.6739162002785568,1,0
828,0.6655122897206102,1,1
829,0.6721915500550902,1,0
830,0.6586836387362629,0,1
831,0.6643526172476355,1,0
832,0.6718239646914246,1,0
833,0.6778658281840362,1,0
834,0.6753426423684588,1,0
835,0.6616413363364982,0,0
836,0.664139866198244,1,1
837,0.666419616795351,1,1
838,0.6622232818972813,1,0
839,0.6623474440947572,1,0
840,0.6731892004671046,1,0
841,0.6563786681969093,0,0
842,0.6741502878829716,1,0
843,0.6658544767041563,1,1
844,0.6695293819815512,1,0
845,0.6737540143773925,1,0
846,0.6625262457207775,1,1
847,0.6737849287303952,1,0
848,0.6809609835232466,1,1
849,0.6722235138286856,1,0
850,0.6772201314919517,1,0
851,0.6744393489308825,1,0
852,0.6668264977994004,1,1
853,0.6764367829513463,1,0
854,0.6590259593224957,0,1
855,0.6744393489308825,1,0
856,0.6737684045202468,1,0
857,0.6740261256854958,1,0
858,0.6812372237528928,1,1
859,0.6572708784920077,0,0
860,0.6736352237096876,1,0
861,0.6635606621451019,1,0
862,0.6779580266079167,1,0
863,0.6677636834719142,1,0
864,0.6619470416676352,0,1
865,0.6658723295594037,1,0
866,0.6460191048226589,0,1
867,0.6764324912043536,1,0
868,0.650180918903268,0,1
869,0.6710747240359949,1,0
870,0.6729138135273194,1,0
871,0.6674256763738726,1,0
872,0.6655960893297576,1,1
873,0.6432511706156288,0,0
874,0.6642640283957199,1,1
875,0.6768681777720219,1,0
876,0.6695852657560041,1,1
877,0.6714751264631169,1,0
878,0.6774301416163678,1,0
879,0.6778911399142665,1,0
880,0.6644767794451114,1,0
881,0.6711711819903308,1,0
882,0.6662124583235279,1,0
883,0.6667916623766701,1,0
884,0.6798111213027194,1,0
885,0.6712258634166712,1,0
886,0.664139866198244,1,0
887,0.6780093456695101,1,0
888,0.6766165330101191,1,0
889,0.6692531417519051,1,0
890,0.6569246607889156,0,0
891,0.6767087314339997,1,0
892,0.6684052828541367,1,0
893,0.6752743870103861,1,1
894,0.6672097098072243,1,1
895,0.6730732598653416,1,0
896,0.6796236032754261,1,0
897,0.6714751264631169,1,1
898,0.6659964917568795,1,1
899,0.6644161064278903,1,0
900,0.6782855858991562,1,0
901,0.6895535431069731,1,0
902,0.6797641039367059,1,0
903,0.6747847286544397,1,0
904,0.6674256763738726,1,1
905,0.6738359648002631,1,0
906,0.6670571006993591,1,0
907,0.6813252351999599,1,0
908,0.6564708666207897,0,1
909,0.6579922886743759,0,0
910,0.6813613859503685,1,0
911,0.6855683826462304,1,0
912,0.669653544179027,1,0
913,0.6644772613601074,1,0
914,0.661887511302592,0,0
915,0.6711988862334707,1,0
916,0.6642640283957199,1,1
917,0.6475869896762002,0,0
918,0.6897941554476921,1,0
919,0.6743829556778519,1,0
920,0.6738837919127313,1,0
921,0.6834547709236841,1,0
922,0.6666675001791943,1,0
923,0.6720993516312097,1,0
924,0.6782064226447536,1,0
925,0.6748325557669079,1,0
926,0.6780723374159204,1,0
927,0.6637744273328554,1,1
928,0.6548276169774048,0,1
929,0.6780153021117423,1,1
930,0.6641254109787736,1,0
931,0.6717740196043072,1,0
932,0.6596613415634129,0,0
933,0.6672097098072243,1,0
934,0.650799479719147,0,1
935,0.6725551139800527,1,0
936,0.666088296126052,1,1
937,0.656609116963508,0,0
938,0.6760923426428351,1,0
939,0.6569930472965106,0,0
940,0.6762775194367999,1,0
941,0.685862876119995,1,0
942,0.669030887684832,1,0
943,0.6575674106127856,0,0
944,0.6451476490456517,0,0
945,0.6880651479072495,1,0
946,0.6869527249558899,1,0
947,0.672233703582009,1,0
948,0.6754606463778878,1,0
949,0.6574685170328041,0,1
950,0.6674172672073653,1,1
951,0.6743023659151419,1,0
952,0.6764789252754926,1,0
953,0.6746510779850367,1,0
954,0.6725583350001549,1,0
955,0.6774963717215978,1,1
956,0.6621876090081781,1,1
957,0.6419618412499319,0,0
958,0.6744954043316991,1,0
959,0.6694611035585283,1,1
960,0.6859107032324633,1,0
961,0.6807205625505814,1,0
962,0.6490368812420144,0,0
963,0.6543546158860636,0,0
964,0.6867351847256612,1,0
965,0.6599075165295067,0,0
966,0.6664778966462169,1,0
967,0.6438349167916183,0,0
968,0.6844108020108426,1,0
969,0.676714800832271,1,0
970,0.6712174989316174,1,0
971,0.6383925887149894,0,0
972,0.6394824375508842,0,0
973,0.6709604109980585,1,0
974,0.6476464573274315,0,0
975,0.6809986378156296,1,0
976,0.6766779218639218,1,0
977,0.6497722828441119,0,0
978,0.6655960893297576,1,0
979,0.6866582314821252,1,0
980,0.6531559277241711,0,0
981,0.6656643677527805,1,1
982,0.6618511902120205,0,0
983,0.6609795748079985,0,0
984,0.6698863319676203,1,1
985,0.6855866358903488,1,0
986,0.6793797264820439,1,0
987,0.6767327865962925,1,0
988,0.6773943242096865,1,0
989,0.6663912599495482,1,0
990,0.668281120656661,1,1
991,0.6727476261355498,1,0
992,0.6679479580165896,1,0
993,0.646295345052305,0,1
994,0.6772018120541894,1,0
995,0.6903167945585378,1,0
996,0.6625262457207775,1,1
997,0.6733133626645804,1,0
998,0.6774360980586002,1,1
999,0.6606661869545919,0,1
1000,0.6510068167230356,0,0
1001,0.6726375732976733,1,0
1002,0.6614665860299169,0,0
1003,0.6621876090081781,1,0
1004,0.6715477244617785,1,0
1005,0.6724713859059037,1,0
1006,0.6804806434115066,1,0
1007,0.673559724570617,1,0
1008,0.6649464820246228,1,0
1009,0.6673338720047,1,0
1010,0.6638986692431434,1,1
1011,0.6645720575278243,1,0
1012,0.6779580266079167,1,0
1013,0.6702128883410532,1,0
1014,0.685609014799195,1,0
1015,0.6727943876690667,1,0
1016,0.675739963166393,1,0
1017,0.6421334775229235,0,0
1018,0.6662016564165707,1,0
1019,0.6382409332888814,0,0
1020,0.686724311838712,1,0
1021,0.6775881760907705,1,1
1022,0.6797477654729019,1,0
1023,0.6620712038651111,1,1
1024,0.6622430414197484,1,1
1025,0.6675094656312458,1,0
1026,0.644929255986764,0,1
1027,0.6731892004671046,1,0
1028,0.6697373437881744,1,1
1029,0.6685389647444486,1,0
1030,0.6630177679394372,1,0
1031,0.6572341124796975,0,0
1032,0.6691073163032558,1,0
1033,0.6689626312602269,1,0
1034,0.6596491192240415,0,0
1035,0.6893427777073576,1,0
1036,0.6658723295594037,1,1
1037,0.6649318213007778,1,0
1038,0.6551038572070509,0,1
1039,0.6643903973983077,1,1
1040,0.676340292780473,1,0
1041,0.6760162033960391,1,0
1042,0.6674127948179824,1,0
1043,0.6539727924663336,0,0
1044,0.6876069953363019,1,0
1045,0.6636848243425777,1,0
1046,0.6720250068369499,1,0
1047,0.6651672399922464,1,1
1048,0.6416743161504722,0,0
1049,0.6902150807203671,1,0
1050,0.6341608632083915,0,0
1051,0.6620594742901597,1,0
1052,0.6730742235198801,1,0
1053,0.6778658281840362,1,0
1054,0.6734737339343488,1,0
1055,0.6773722095241221,1,0
1056,0.6623892801972022,1,0
1057,0.674241025599311,1,0
1058,0.666088296126052,1,0
1059,0.6592505672675559,0,0
1060,0.6791634715007249,1,0
1061,0.6632391348509066,1,0
1062,0.67382918996965,1,0
1063,0.6829020896651166,1,0
1064,0.6724324039350287,1,1
1065,0.6727943876690667,1,0
1066,0.6659964917568795,1,0
1067,0.6775266317872413,1,0
1068,0.6564654907874228,0,0
1069,0.6746501143304982,1,0
1070,0.6780736226648301,1,0
1071,0.6650366447990824,1,0
1072,0.6672097098072243,1,0
1073,0.6436442516314934,0,0
1074,0.6782342668375628,1,0
1075,0.6791621862518153,1,0
1076,0.6500362338602392,0,1
1077,0.6619668011901023,1,0
1078,0.6755218764195213,1,0
1079,0.6733495000949877,1,0
1080,0.6685026436538772,1,0
1081,0.6611175646949264,0,1
1082,0.6812372237528928,1,1
1083,0.6842681787306575,1,0
1084,0.6777123382882463,1,0
1085,0.6701971651391506,1,0
1086,0.6764016816342757,1,1
1087,0.6662124583235279,1,1
1088,0.6583239613155925,0,0
1089,0.6622232818972813,1,0
1090,0.6646199428252326,1,1
1091,0.6734008191565811,1,0
1092,0.6757409268209315,1,0
1093,0.6743712421342233,1,0
1094,0.6846893048026078,1,0
1095,0.6583239613155925,0,1
1096,0.661810558059056,0,0
1097,0.6763433298754778,1,0
1098,0.67297926027283,1,0
1099,0.6640773911563514,1,0
1100,0.6887043066117973,1,0
1101,0.6776035850307772,1,0
1102,0.6604851011464796,0,0
1103,0.6634981871032093,1,0
1104,0.6745063929420078,1,0
1105,0.6787768888680675,1,0
1106,0.6611531925838536,0,1
1107,0.6788107704299117,1,0
1108,0.67934736304578,1,0
1109,0.6863724614573782,1,0
1110,0.6785304899868679,1,0
1111,0.6709761808035152,1,0
1112,0.6740709102773559,1,0
1113,0.682449570091024,1,0
1114,0.6744393489308825,1,0
1115,0.6589334996783266,0,0
1116,0.6839919385010114,1,0
1117,0.6847299369555724,1,0
1118,0.6745635827702436,1,0
1119,0.6598822635325032,0,0
1120,0.6727461159643682,1,0
1121,0.6817715568847902,1,0
1122,0.6794878637070598,1,0
1123,0.6426014448762185,0,0
1124,0.6721915500550902,1,0
1125,0.6605281970676641,0,0
1126,0.6649821155062068,1,0
1127,0.6809609835232466,1,0
1128,0.6786764602788065,1,0
1129,0.677997161823663,1,0
1130,0.6580844870982564,0,1
1131,0.6756053314209167,1,0
1132,0.6643903973983077,1,0
1133,0.6891434907212474,1,0
1134,0.6680399237015604,1,0
1135,0.659526807497202,0,0
1136,0.6435586765619722,0,0
1137,0.6718333011548869,1,0
1138,0.6682264034242311,1,0
1139,0.6734917196983705,1,0
1140,0.6668855673556936,1,0
1141,0.6363878385940787,0,0
1142,0.6757994018980771,1,0
1143,0.6800788704349189,1,0
1144,0.6850316253888407,1,0
1145,0.6740467301998786,1,0
1146,0.675195279035191,1,0
1147,0.6631111722945664,1,0
1148,0.6884860731799245,1,0
1149,0.676198644832449,1,0
1150,0.6887399400933811,1,0
1151,0.674490667992476,1,0
1152,0.6639467959631876,1,0
1153,0.6774331787113727,1,0
1154,0.6611531925838536,0,0
1155,0.6756065110144851,1,1
1156,0.6588176676936118,0,0
1157,0.6773580031191151,1,0
1158,0.6744585658295396,1,0
1159,0.6850061771852186,1,0
1160,0.6776499429591659,1,0
1161,0.6716384242042924,1,0
1162,0.632886972566731,0,0
1163,0.677144418001668,1,0
1164,0.6883298821149987,1,0
1165,0.6774360980586002,1,1
1166,0.6619175765661444,0,0
1167,0.6481954283789554,0,0
1168,0.6586729826505829,0,0
1169,0.6792635634366326,1,1
1170,0.671035586590316,1,0
1171,0.6516069088867833,0,0
1172,0.6890665374777114,1,0
1173,0.6464537575413004,0,1
1174,0.6476882914202241,0,1
1175,0.6504571591329142,0,1
1176,0.6739370067625656,1,1
1177,0.6472673661475491,0,1
1178,0.6804054678192492,1,0
1179,0.6754369993428969,1,0
1180,0.6718239646914246,1,0
1181,0.6756188825981049,1,0
1182,0.6777597760957029,1,0
1183,0.6667916623766701,1,0
1184,0.6629266481478994,1,0
1185,0.6900405543288916,1,0
1186,0.6652152598146684,1,0
1187,0.6583607273279025,0,1
1188,0.6625262457207775,1,0
1189,0.6563328767338619,0,0
1190,0.6842860216548384,1,0
1191,0.6635606621451019,1,1
1192,0.6494686311462499,0,0
1193,0.6741631087012364,1,0
1194,0.6795398036662788,1,0
1195,0.6690370954724444,1,0
1196,0.6747082678132725,1,0
1197,0.6764016816342757,1,1
1198,0.6711988862334707,1,0
1199,0.6757585890466554,1,1
1200,0.6659362180938817,1,0
1201,0.6692531417519051,1,0
1202,0.6777123382882463,1,0
1203,0.661742826259563,0,0
1204,0.6706999405738691,1,0
1205,0.6637044857060986,1,0
1206,0.6645835635497211,1,0
1207,0.6677857058608919,1,1
1208,0.680117724936605,1,0
1209,0.660251956838018,0,0
1210,0.6715130922566261,1,0
1211,0.6610630354020507,0,0
1212,0.6782855858991562,1,0
1213,0.687145237111387,1,0
1214,0.6621528786452888,1,0
1215,0.662731185172393,1,0
1216,0.6873738510278402,1,0
1217,0.669916884696107,1,0
1218,0.6919842280114055,1,0
1219,0.6897463283352239,1,0
1220,0.6787212724668246,1,0
1221,0.6853690956601203,1,0
1222,0.689938840490721,1,0
1223,0.6843744809202713,1,0
1224,0.6732809542987549,1,0
1225,0.6651748951418007,1,0
1226,0.648249823466821,0,0
1227,0.6605760241801323,0,0
1228,0.6609137183665176,0,0
1229,0.6518351939711244,0,0
1230,0.6694496368894887,1,0
1231,0.6685071160432602,1,0
1232,0.6797650238657917,1,0
1233,0.6879766886418166,1,0
1234,0.675520631626215,1,0
1235,0.674440312585421,1,0
1236,0.6745154881776786,1,0
1237,0.6731148556728447,1,0
1238,0.6714221692229734,1,0
1239,0.6704638755736958,1,0
1240,0.6622798074320586,1,1
1241,0.6893360028767446,1,0
1242,0.6683094775024637,1,0
1243,0.6701207365207268,1,1
1244,0.6730064917203872,1,0
1245,0.6664572561331927,1,0
1246,0.6649390195850223,1,0
1247,0.6658544185192163,1,0
1248,0.6766951802568115,1,0
1249,0.6794887836361456,1,0
1250,0.6533727003025859,0,0
1251,0.6321789824328495,0,0
1252,0.6808924790411676,1,0
1253,0.6603899467249458,0,0
1254,0.6682370836012265,1,0
1255,0.67583394533737,1,0
1256,0.6698507040786931,1,0
1257,0.6721565620235671,1,0
1258,0.6798414847069588,1,0
1259,0.6593583777399169,0,0
1260,0.6606661869545919,0,0
1261,0.6577447572624502,0,0
1262,0.6740460244124953,1,0
1263,0.692296789331623,1,0
1264,0.6471837865472118,0,0
1265,0.6931103979378717,1,0
1266,0.675118325791655,1,0
1267,0.6613938049245726,0,1
1268,0.6880536418853526,1,0
1269,0.6437787184956751,0,0
1270,0.6721254354262108,1,0
1271,0.6849837982763725,1,0
1272,0.6691230861087125,1,0
1273,0.6782542497572218,1,0
1274,0.6634458876013581,1,0
1275,0.6740460244124953,1,1
1276,0.6718396896409564,1,0
1277,0.6629186601390693,1,0
1278,0.6628430499873816,1,0
1279,0.6758745774903345,1,0
1280,0.6759745556133038,1,1
1281,0.66250833468059,1,0
1282,0.6736449572232909,1,0
1283,0.6695248124817461,1,0
1284,0.674370797541993,1,0
1285,0.6895759220158193,1,0
1286,0.6643536313859976,1,1
1287,0.6734662714947484,1,0
1288,0.6471166355980595,0,0
1289,0.6780988756618336,1,0
1290,0.6538954545136123,0,0
1291,0.6737522367261141,1,0
1292,0.6776118644399152,1,0
1293,0.6666502652765491,1,0
1294,0.6622798074320586,1,0
1295,0.6777960971862743,1,0
1296,0.6513306772861788,0,0
1297,0.6734274169930622,1,0
1298,0.6781420684136823,1,0
1299,0.6662827297417172,1,0
1300,0.6636160264406659,1,0
1301,0.6786751750298969,1,0
1302,0.6751965642841006,1,0
1303,0.6377729659355864,0,0
1304,0.6782079328159353,1,0
1305,0.660972112368398,0,0
1306,0.6696406444664609,1,0
1307,0.6769255718245433,1,0
1308,0.6676235658102547,1,0
1309,0.658054421834704,0,0
1310,0.6866764847262437,1,0
1311,0.6723267008628748,1,0
1312,0.6737697841828492,1,0
1313,0.6753290911912706,1,0
1314,0.6796236032754261,1,0
1315,0.6858272482310678,1,0
1316,0.6627011199088407,1,0
1317,0.6486934900632161,0,0
1318,0.6743023659151419,1,1
1319,0.6599253594536877,0,0
1320,0.644648525397867,0,0
1321,0.6696100917379741,1,0
1322,0.6754128192654196,1,0
1323,0.6721561637053824,1,1
1324,0.6765615633073506,1,0
1325,0.6741797955576775,1,0
1326,0.679415641468803,1,0
1327,0.6904258517126394,1,0
1328,0.6771180839800404,1,0
1329,0.6873380223396377,1,0
1330,0.6624903489165684,1,0
1331,0.6665589699713633,1,0
1332,0.6630074254020392,1,0
1333,0.6741640723557749,1,0
1334,0.6678998060399008,1,0
1335,0.6546308561157097,0,0
1336,0.67123685202698,1,0
1337,0.6484135574348207,0,0
1338,0.6663912599495482,1,0
1339,0.6784826628743997,1,0
1340,0.6770090268259388,1,0
1341,0.6765252422167792,1,0
1342,0.6703969767503729,1,1
1343,0.6507416325483886,0,0
1344,0.6623158225250929,1,0
1345,0.6800425493443475,1,0
1346,0.6611175646949264,0,0
1347,0.683683184040862,1,0
1348,0.646992059423563,0,0
1349,0.6395528051205264,0,0
1350,0.6402644876531572,0,0
1351,0.6852244106170914,1,0
1352,0.6874144831808048,1,0
1353,0.6769733989370115,1,0
1354,0.6837310111533302,1,0
1355,0.6922604682410516,1,0
1356,0.681943796015839,1,0
1357,0.6655849531201832,1,0
1358,0.6751844061482417,1,0
1359,0.6748099816514432,1,0
1360,0.6736075516830852,1,0
1361,0.6577447572624502,0,1
1362,0.6702316511943199,1,0
1363,0.6722788737504066,1,0
1364,0.6764863877150931,1,0
1365,0.6850996302610871,1,0
1366,0.6749273182146828,1,0
1367,0.6607867951724046,0,0
1368,0.655129988392536,0,0
1369,0.6791034862523978,1,0
1370,0.6814567903865772,1,0
1371,0.6560062793495316,0,0
1372,0.6749857932918283,1,0
1373,0.6755506272400322,1,0
1374,0.662776776920841,1,0
1375,0.6583607273279025,0,0
1376,0.6778046496681658,1,0
1377,0.6623456638735395,1,0
1378,0.6685133238308726,1,0
1379,0.669238871489873,1,0
1380,0.6624905728316741,1,1
1381,0.6654334932465412,1,0
1382,0.6619668011901023,1,1
1383,0.6748578087639114,1,0
1384,0.6889730844018429,1,0
1385,0.6762681542832203,1,0
1386,0.6620694236438933,1,0
1387,0.6386200228850167,0,0
1388,0.6474600267768579,0,0
1389,0.6725194804984688,1,0
1390,0.6495004839441472,0,0
1391,0.6625668097577355,1,0
1392,0.6916576306270752,1,0
1393,0.6721432783503918,1,0
1394,0.6751201034429335,1,0
1395,0.6419818220968155,0,0
1396,0.6758357229886485,1,0
1397,0.6711418887799298,1,0
1398,0.6695943275251742,1,0
1399,0.6721561637053824,1,0
1400,0.6732827319500333,1,0
1401,0.6764324912043536,1,0
1402,0.6558653986236751,0,0
1403,0.6635981835164848,1,0
1404,0.6760670896458316,1,0
1405,0.6675094656312458,1,1
1406,0.6905677817911804,1,0
1407,0.663892266670312,1,0
1408,0.663874423746131,1,0
1409,0.6583967424209368,0,0
1410,0.6850136396248191,1,0
1411,0.6686360338758967,1,0
1412,0.6861214742247356,1,0
1413,0.677335624210269,1,0
1414,0.6821733298613779,1,0
1415,0.6761234692401914,1,0
1416,0.6638986692431434,1,1
1417,0.6737679599280166,1,0
1418,0.6836400881196776,1,0
1419,0.6818467324770476,1,0
1420,0.669030887684832,1,1
1421,0.6714652651441578,1,0
1422,0.6487606410123683,0,0
1423,0.660234113913837,0,0
1424,0.6743244806007064,1,0
1425,0.6629664872515375,1,0
1426,0.6568198879557803,0,0
1427,0.6839163283493237,1,0
1428,0.6760162033960391,1,0
1429,0.6567471068504359,0,1
1430,0.6672699448103556,1,0
1431,0.6308783681973391,0,0
1432,0.6687833562729063,1,0
1433,0.6683094775024637,1,1
1434,0.6652040060045564,1,1
1435,0.6572009010185618,0,0
1436,0.677926183188812,1,1
1437,0.6724324039350287,1,0
1438,0.6771248588106534,1,0
1439,0.6734438925859022,1,0
1440,0.6546308647447514,0,0
1441,0.675108795996554,1,0
1442,0.6576989657994028,0,0
1443,0.6827574046220877,1,0
1444,0.6635903855270897,1,1
1445,0.6616638373666063,0,0
1446,0.6675461850400018,1,0
1447,0.6824150840358548,1,0
1448,0.6490368726129728,0,0
1449,0.6749190388055448,1,0
1450,0.6768014824464254,1,0
1451,0.662731185172393,1,1
1452,0.685634463002817,1,0
1453,0.6564708666207897,0,0
1454,0.6865423994974106,1,0
1455,0.6853758704907333,1,0
1456,0.6651928809058224,1,0
1457,0.6494960426144658,0,0
1458,0.6708656485502836,1,0
1459,0.6737697841828492,1,1
1460,0.6412464118656765,0,0
1461,0.6852600385060186,1,0
1462,0.6778798252604233,1,0
1463,0.6728027178818278,1,0
1464,0.6800907013210362,1,0
1465,0.6406923919379529,0,0
1466,0.6592131977867031,0,0
1467,0.6711017012191954,1,0
1468,0.665818097428645,1,0
1469,0.6575831338146881,0,0
1470,0.651207336670125,0,0
1471,0.6860553938681488,1,0
1472,0.6638566618972152,1,1
1473,0.672881711364383,1,0
1474,0.6644520083631039,1,0
1475,0.6736093293343636,1,0
1476,0.6848208599892252,1,0
1477,0.6926233867159532,1,0
1478,0.6677857058608919,1,0
1479,0.6771165738088587,1,0
1480,0.6891913178337157,1,0
1481,0.6698010527113923,1,0
1482,0.6578436508424317,0,0
1483,0.6646198846402925,1,0
1484,0.6782855858991562,1,0
1485,0.6572341124796975,0,1
1486,0.6760350099747586,1,0
1487,0.6894197309508936,1,0
1488,0.6701876353440497,1,0
1489,0.6635903855270897,1,0
1490,0.6711514185750307,1,0
1491,0.6691230861087125,1,1
1492,0.6708909015472871,1,0
1493,0.6694587321251595,1,0
1494,0.6633874125242125,1,0
1495,0.6592758202645594,0,0
1496,0.6725120180588683,1,0
1497,0.6711890249145117,1,0
1498,0.6767626279447392,1,0
1499,0.6693835565329019,1,0
1500,0.661389632786381,0,0
1501,0.676553759666446,1,1
1502,0.6748438632132874,1,0
1503,0.66472824859275,1,0
1504,0.6906433919428681,1,0
1505,0.6479191881493092,0,0
1506,0.6664778966462169,1,1
1507,0.652777761420907,0,0
1508,0.6869752990713546,1,0
1509,0.6422580623264618,0,0
1510,0.6780136374165029,1,0
1511,0.6629773601384868,1,0
1512,0.6639807259357448,1,0
1513,0.6640507472753139,1,1
1514,0.6718287010306476,1,0
1515,0.6879588457176357,1,0
1516,0.6758472290105453,1,0
1517,0.6705394857253835,1,0
1518,0.6739370067625656,1,0
1519,0.6832846320843764,1,0
1520,0.6626504079182532,1,0
1521,0.6741319684452093,1,0
1522,0.6682627245148025,1,0
1523,0.6816675557861928,1,0
1524,0.6728137064921366,1,0
1525,0.6810647181722164,1,0
1526,0.6349773037910011,0,0
1527,0.6836653411166811,1,0
1528,0.6679157615040846,1,1
1529,0.6892269457226429,1,0
1530,0.6693625603260485,1,1
1531,0.6636566585936304,1,0
1532,0.6706999405738691,1,1
1533,0.6612483525980442,0,0
1534,0.6870617821099915,1,0
1535,0.6680332372728176,1,0
1536,0.684965545032254,1,0
1537,0.6680332372728176,1,1
1538,0.6807223975859835,1,0
1539,0.6610152082895825,0,0
1540,0.6613875971369602,0,0
1541,0.6660719587494449,1,0
1542,0.66289087709985,1,0
1543,0.6840097814251923,1,0
1544,0.6767130231809926,1,0
1545,0.6621278607977547,1,0
1546,0.6701269443083392,1,1
1547,0.6757981166491674,1,0
1548,0.6766165330101191,1,0
1549,0.6632174744841802,1,0
1550,0.6900703956773382,1,0
1551,0.6795398036662788,1,1
1552,0.6784841730455814,1,0
1553,0.6909196321725142,1,0
1554,0.664307323320075,1,0
1555,0.6662016564165707,1,1
1556,0.674154542560674,1,0
1557,0.6759745556133038,1,0
1558,0.6735612347417985,1,0
1559,0.6715537244095907,1,0
1560,0.6766699272598081,1,0
1561,0.6698705677548203,1,0
1562,0.6727939430768365,1,0
1563,0.6471837779181702,0,0
1564,0.6776499429591659,1,1
1565,0.6442094642649063,0,0
1566,0.6638666257567359,1,0
1567,0.6665337169743598,1,0
1568,0.6630074254020392,1,1
1569,0.6739035553280314,1,0
1570,0.677852476780634,1,0
1571,0.6806817080488953,1,0
1572,0.6740945573123469,1,0
1573,0.6821545670081113,1,0
1574,0.6656643677527805,1,0
1575,0.6811687192708137,1,0
1576,0.6767899764245284,1,0
1577,0.655657258014541,0,0
1578,0.6760171670505777,1,0
1579,0.6654434802218925,1,0
1580,0.6671618075853397,1,0
1581,0.6368157342498327,0,0
1582,0.6740302546070387,1,0
1583,0.6590821375102707,0,1
1584,0.6727882582885144,1,0
1585,0.661911368778532,0,1
1586,0.6520423598188096,0,0
1587,0.6685507956305661,1,0
1588,0.6784450322371784,1,0
1589,0.6882935610244273,1,0
1590,0.6762457809670309,1,0
1591,0.6713621839746463,1,0
1592,0.6826913242655009,1,0
1593,0.6784254730461639,1,0
1594,0.6831783298947627,1,0
1595,0.6910286893266158,1,0
1596,0.6328343122586311,0,0
1597,0.6734256393417838,1,0
1598,0.6705485809610543,1,0
1599,0.6740709102773559,1,0
1600,0.6536489319031904,0,0
1601,0.6907020919422855,1,0
1602,0.6775284094385197,1,0
1603,0.687462310293273,1,0
1604,0.6616180459035589,0,0
1605,0.6747826331716539,1,0
1606,0.6669442673551111,1,0
1607,0.657306893585042,0,0
1608,0.6361961114704299,0,0
1609,0.6841345617811965,1,0
1610,0.6774406411509731,1,0
1611,0.688463699863735,1,0
1612,0.6492226252539904,0,1
1613,0.6693993263383586,1,1
1614,0.6580844870982564,0,0
1615,0.6456695428342897,0,0
1616,0.6774107998025265,1,0
1617,0.6672708647394414,1,0
1618,0.6586477296535795,0,0
1619,0.6830083918547303,1,0
1620,0.6601585037621494,0,0
1621,0.6882350859472818,1,0
1622,0.6683597936462505,1,0
1623,0.6754143294366012,1,0
1624,0.6464631439404132,0,0
1625,0.6650366447990824,1,1
1626,0.67146848616426,1,0
1627,0.6428232663308331,0,0
1628,0.6698507040786931,1,1
1629,0.6669265055061953,1,0
1630,0.6709761808035152,1,1
1631,0.6797663091147014,1,0
1632,0.6719554973861785,1,0
1633,0.6883413881368956,1,0
1634,0.6744307827903202,1,0
1635,0.6772496391666576,1,0
1636,0.6620035672024125,1,0
1637,0.6638566618972152,1,0
1638,0.6857791536385027,1,0
1639,0.6768378035369967,1,0
1640,0.6824055542407539,1,0
1641,0.6425203025073369,0,0
1642,0.6429749303859826,0,0
1643,0.6778028720168874,1,0
1644,0.6751365790357735,1,0
1645,0.6928996269455994,1,0
1646,0.6680048804270148,1,1
1647,0.6873560081036593,1,0
1648,0.6741067154482058,1,0
1649,0.6579097311990184,0,0
1650,0.6725177028471904,1,0
1651,0.6612259736891981,0,0
1652,0.6826817944704,1,0
1653,0.6721001824292073,1,0
1654,0.6687807189189255,1,0
1655,0.6607389680599364,0,0
1656,0.6853078656184868,1,0
1657,0.6586572594486804,0,0
1658,0.6645357364372529,1,0
1659,0.6657957185197988,1,0
1660,0.6740691091087248,1,0
1661,0.6733504637495262,1,0
1662,0.6679157615040846,1,0
1663,0.668281120656661,1,0
1664,0.6754321723607821,1,0
1665,0.6674234749949777,1,0
1666,0.6764385606026249,1,0
1667,0.6693071279144781,1,1
1668,0.6477787081708074,0,0
1669,0.6632774578440729,1,1
1670,0.6637745070456678,1,0
1671,0.666515422147024,1,1
1672,0.6742144277628298,1,0
1673,0.6727658793796683,1,0
1674,0.6693140470821306,1,0
1675,0.6612077204450796,0,0
1676,0.6776870400321726,1,0
1677,0.6834954030766487,1,0
1678,0.6626398898672072,1,0
1679,0.6825754922807863,1,0
1680,0.6780153021117423,1,0
1681,0.6572408132284553,0,0
1682,0.663836902374748,1,1
1683,0.6622430414197484,1,0
1684,0.6847730328767568,1,0
1685,0.6837716433062948,1,0
1686,0.6596312762998605,0,0
1687,0.6737928688790786,1,0
1688,0.6447756013321199,0,0
1689,0.6594894380163492,0,0
1690,0.6769194968336153,1,0
1691,0.6504276126698934,0,0
1692,0.6863819912524791,1,0
1693,0.6722317376158247,1,0
1694,0.6778226354321875,1,0
1695,0.6783989348002507,1,0
1696,0.6863498873419134,1,0
1697,0.6764189400271654,1,0
1698,0.6661810159035466,1,0
1699,0.6758835501011167,1,0
1700,0.6481142860100739,0,0
1701,0.665385666134073,1,0
1702,0.6714937391612635,1,0
1703,0.6648642761687502,1,0
1704,0.6439865722177263,0,0
1705,0.6803669415506823,1,0
1706,0.6747348060591857,1,0
1707,0.6580477210859463,0,1
1708,0.6635801977524632,1,0
1709,0.6336897565414193,0,0
1710,0.6882529288714627,1,0
1711,0.6845191659633001,1,0
1712,0.648181436959226,0,0
1713,0.6753890764395978,1,0
1714,0.6768486185810073,1,0
1715,0.6535768529968461,0,0
1716,0.6662124583235279,1,0
1717,0.6695852657560041,1,1
1718,0.6702723407314082,1,0
1719,0.6696288135803435,1,0
1720,0.6824308072377574,1,0
1721,0.677200034402911,1,0
1722,0.6747573801746505,1,0
1723,0.6688467992755123,1,0
1724,0.6775257807616901,1,1
1725,0.6653128850287287,1,0
1726,0.6761597903307628,1,0
1727,0.6739607451562672,1,0
1728,0.6749263545601443,1,0
1729,0.6862661592677644,1,0
1730,0.6815704922474015,1,0
1731,0.6588477329571643,0,1
1732,0.6876322483333054,1,0
1733,0.6724698757347221,1,0
1734,0.6599375817930591,0,0
1735,0.6602997839504862,0,0
1736,0.6721911054628601,1,0
1737,0.6516069175158249,0,0
1738,0.6732331271862867,1,0
1739,0.6620035672024125,1,1
1740,0.6789527005084526,1,0
1741,0.6603404161034507,0,0
1742,0.6818122464218784,1,0
1743,0.6898297833366193,1,0
1744,0.6736352237096876,1,0
1745,0.6701207365207268,1,0
1746,0.6642188640546423,1,0
1747,0.6503124740898854,0,1
1748,0.6645880359391041,1,1
1749,0.6738557282155632,1,0
1750,0.6859719332740967,1,0
1751,0.6780093456695101,1,0
1752,0.6869274719588864,1,0
1753,0.6911706194051568,1,0
1754,0.6651672399922464,1,0
1755,0.6728345752298011,1,0
1756,0.6633039575228171,1,0
1757,0.6581859714286645,0,0
1758,0.6423252046465723,0,0
1759,0.6856453358897664,1,0
1760,0.6750024938069403,1,0
1761,0.6889327197289751,1,0
1762,0.6615749499823744,0,0
1763,0.6380492061652326,0,0
1764,0.6834069438112159,1,0
1765,0.6696100917379741,1,1
1766,0.6751380892069551,1,0
1767,0.6603767371940221,0,0
1768,0.6415226520953227,0,0
1769,0.6753426423684588,1,0
1770,0.6896122431063907,1,0
1771,0.6757116336105305,1,0
1772,0.669141802358425,1,0
1773,0.6655960893297576,1,0
1774,0.6472682996532091,0,0
1775,0.6644951042842884,1,0
1776,0.6782898776461491,1,0
1777,0.666780860469713,1,1
1778,0.6669265055061953,1,1
1779,0.6599731865661559,0,0
1780,0.6461637898656877,0,1
1781,0.6808539527726009,1,0
1782,0.6807568836411528,1,0
1783,0.6703969767503729,1,0
1784,0.6770959692944759,1,0
1785,0.6872515393010007,1,0
1786,0.6654434802218925,1,1
1787,0.687883235565948,1,0
1788,0.6731511767634161,1,0
1789,0.6737201328155483,1,0
1790,0.663580421667569,1,1
1791,0.6933866381675179,1,0
1792,0.6754353933808843,1,0
1793,0.6574227255697567,0,0
1794,0.6840576085376605,1,0
1795,0.6613938049245726,0,0
1796,0.6717918625284881,1,0
1797,0.6769237941732649,1,0
1798,0.6653128850287287,1,1
1799,0.6738374749714446,1,0
1800,0.6411174530221426,0,0
1801,0.6759919140535742,1,0
1802,0.6420455034416156,0,0
1803,0.6343230359287435,0,0
1804,0.6554444647219585,0,0
1805,0.6437596802197083,0,0
1806,0.6731900312651022,1,0
1807,0.6533006127672,0,0
1808,0.6520720860670755,0,0
1809,0.6697853295094898,1,0
1810,0.666780860469713,1,0
1811,0.6443410194515236,0,0
1812,0.6588477329571643,0,0
1813,0.6642640283957199,1,0
1814,0.666809957204006,1,0
1815,0.6637745070456678,1,0
1816,0.6858702429881746,1,0
1817,0.6776514121432454,1,0
1818,0.6844967926471107,1,0
1819,0.6523186000484558,0,0
1820,0.6600138187191205,0,0
1821,0.6710667131876723,1,0
1822,0.6611899585961637,0,1
1823,0.6538676102568018,0,0
1824,0.6695852657560041,1,0
1825,0.6727282730401872,1,0
1826,0.6428916528384281,0,0
1827,0.6631949003687154,1,0
1828,0.6731493991121377,1,0
1829,0.6360244751974383,0,0
1830,0.6468561215679084,0,0
1831,0.647055740768363,0,0
1832,0.6785006486384214,1,0
1833,0.6421971588677235,0,0
1834,0.6561892505577767,0,0
1835,0.6446805709318785,0,0
1836,0.6515589537414783,0,0
1837,0.6880173207947812,1,0
1838,0.6401932596611266,0,0
1839,0.6703575733840821,1,0
1840,0.6769461674894542,1,0
1841,0.6653087128905371,1,0
1842,0.6356821546112055,0,0
1843,0.6682370836012265,1,1
1844,0.6475284046554113,0,0
1845,0.6731579515940291,1,0
1846,0.6771569384817265,1,0
1847,0.6471995127467067,0,0
1848,0.6391401169646513,0,0
1849,0.6426719665624865,0,0
1850,0.6416156267238143,0,0
1851,0.678751635871064,1,0
1852,0.6445289068767289,0,0
1853,0.6366640788237248,0,0
1854,0.6418537763179668,0,0
1855,0.6437103319880801,0,0
1856,0.6632627684117407,1,0
1857,0.6553248548298619,0,0
1858,0.6630012176144268,1,0
1859,0.6866008745745561,1,0
1860,0.6640680786595515,1,0
1861,0.6413826371967898,0,0
1862,0.6796307137146865,1,0
1863,0.6443656618138616,0,0
1864,0.6585414274639657,0,0
1865,0.6538437983405163,0,0
1866,0.6384699266677106,0,0
1867,0.6761101855670161,1,0
1868,0.6730899467217827,1,0
1869,0.6615022139188442,0,0
1870,0.6691230395051584,1,0
1871,0.6577293093209965,0,0
1872,0.67870171327581,1,0
1873,0.6675471049690875,1,0
1874,0.6531083967384189,0,0
1875,0.6444183221219616,0,0
1876,0.6337670944941407,0,0
1877,0.6494014801970975,0,0
1878,0.6597375784894743,0,0
1879,0.6654691211354685,1,0
1880,0.6783498628944762,1,0
1881,0.6688655621287789,1,0
1882,0.6536155218852169,0,0
1883,0.6617832340605135,0,0
1884,0.6495475260247671,0,0
1885,0.663479129033097,1,0
1886,0.6939894757814943,1,0
1887,0.6693625603260485,1,0
1888,0.6562198372284308,0,0
1889,0.6422440622776908,0,0
1890,0.6920205491019769,1,0
1891,0.6908943791755107,1,0
1892,0.6626146368702038,1,0
1893,0.6618766384156427,0,0
1894,0.6638491707491275,1,0
1895,0.6508235521393808,0,0
1896,0.6520660788882763,0,0
1897,0.6864589444960151,1,0
1898,0.6863977144543817,1,0
1899,0.6691824918955134,1,0
1900,0.6463109549325448,0,0
1901,0.6902915415615343,1,0
1902,0.6775762365509879,1,0
1903,0.6761508177199806,1,0
1904,0.6622141086869223,1,0
1905,0.6660363308605177,1,0
1906,0.6854236976032015,1,0
1907,0.637385489006093,0,0
1908,0.6767551655051387,1,0
1909,0.6860736471122673,1,0
1910,0.6417427026580672,0,0
1911,0.6554835665749035,0,0
1912,0.6491052677496094,0,0
1913,0.6607613413761257,0,0
1914,0.6748420855620089,1,0
1915,0.6764324912043536,1,0
1916,0.6616638373666063,0,1
1917,0.6877385505229192,1,0
1918,0.6738855695640097,1,0
1919,0.642764164986367,0,0
1920,0.6537000349912142,0,0
1921,0.6626241666653048,1,0
1922,0.6704038903253687,1,0
1923,0.684242925733654,1,0
1924,0.6424641128404354,0,0
1925,0.6437618153983814,0,0
1926,0.6681490226539782,1,0
1927,0.6721159298706025,1,0
1928,0.6754728045137468,1,0
1929,0.6583306620643501,0,0
1930,0.6687833562729063,1,1
1931,0.6772201314919517,1,0
1932,0.6423957263328404,0,0
1933,0.691304929556262,1,0
1934,0.6731974937047027,1,0
1935,0.6719166428844924,1,0
1936,0.6738925667177226,1,0
1937,0.6671365545883363,1,0
1938,0.6790278761007101,1,0
1939,0.6741054301992961,1,0
1940,0.6367324653313198,0,0
1941,0.6501267300779093,0,0
1942,0.6324552226624957,0,0
1943,0.6662647439776956,1,0
1944,0.670614661317641,1,0
1945,0.6666502652765491,1,1
1946,0.6811805501569311,1,0
1947,0.6576520695210415,0,0
1948,0.6526372900714468,0,0
1949,0.6615343178294099,0,0
1950,0.6445573889375104,0,0
1951,0.6465404818931344,0,0
1952,0.6542885441585186,0,0
1953,0.6419209186380774,0,0
1954,0.6474600181478163,0,0
1955,0.6611899585961637,0,0
1956,0.6612558150376446,0,0
1957,0.6411063969671436,0,0
1958,0.6480749292473371,0,0
1959,0.6645880359391041,1,0
1960,0.6524980602159502,0,0
1961,0.672301247066596,1,0
1962,0.6587503353864608,0,0
1963,0.6742873425405975,1,0
1964,0.6913813903974291,1,0
1965,0.6570961281854264,0,0
1966,0.6423124487852858,0,0
1967,0.6855006508467375,1,0
1968,0.6449919079476237,0,0
1969,0.6639328988232766,1,0
1970,0.6889805468414434,1,0
1971,0.671880321793921,1,0
1972,0.658268528904022,0,1
1973,0.636472351700076,0,0
1974,0.6736845049266211,1,0
1975,0.6690863200964023,1,0
1976,0.6487606323833267,0,0
1977,0.6473632467147064,0,0
1978,0.6851474573735554,1,0
1979,0.6546034446474938,0,0
1980,0.6613418056739128,0,0
1981,0.6872037121885325,1,0
1982,0.6698615059856502,1,1
1983,0.6718670381207457,1,0
1984,0.6503487444446179,0,0
1985,0.6500796879972893,0,0
1986,0.6747262535772942,1,0
1987,0.6690863200964023,1,1
1988,0.639670333605131,0,0
1989,0.6670571006993591,1,1
1990,0.6574685170328041,0,0
1991,0.6435597385254961,0,0
1992,0.6752443913965689,1,0
1993,0.6482265933024867,0,0
1994,0.6750336204042966,1,0
1995,0.6537754118329213,0,0
1996,0.6690378068524845,1,0
1997,0.6732057787064973,1,0
1998,0.688377709227467,1,0
1999,0.6721928831141385,1,0
2000,0.6530400102308239,0,0
2001,0.6456133531673881,0,0
2002,0.6894675580633618,1,0
2003,0.6589102339632069,0,0
2004,0.6613875971369602,0,1
2005,0.6784450322371784,1,0
2006,0.6654802462342025,1,0
2007,0.6764774151043109,1,0
2008,0.6870005520683581,1,0
2009,0.6590821375102707,0,0
2010,0.6881014689978208,1,0
2011,0.6697258771191348,1,0
2012,0.6481060514884773,0,0
2013,0.6663125710901638,1,0
2014,0.6648986549121546,1,0
2015,0.6742392479480325,1,0
2016,0.6767536553339571,1,0
2017,0.6643289836868014,1,0
2018,0.6650559834982536,1,0
2019,0.6729295384768512,1,0
2020,0.6403430022093969,0,0
2021,0.653648940532232,0,0
2022,0.6509872861073804,0,0
2023,0.6727957207281149,1,0
2024,0.6415775360883207,0,0
2025,0.644178299341375,0,0
2026,0.6740284769557602,1,0
2027,0.6379646930592353,0,0
2028,0.6866487016870243,1,0
2029,0.6758827512441312,1,1
2030,0.6408793560702869,0,0
2031,0.6712774841799446,1,0
2032,0.6514779233900078,0,0
2033,0.6567859742956444,0,0
2034,0.650624984674264,0,0
2035,0.6609314802154335,0,0
2036,0.6728708963203724,1,0
2037,0.6852921424165843,1,0
2038,0.6627845749102361,1,0
2039,0.643324099246071,0,0
2040,0.6454555106497564,0,0
2041,0.6450764210536211,0,0
2042,0.6847373993951729,1,0
2043,0.6699366481114071,1,0
2044,0.6621050515328206,1,0
2045,0.6768681777720219,1,0
2046,0.6428195739320838,0,0
2047,0.6717447263939063,1,0
2048,0.6393061940038796,0,0
2049,0.6458830592767907,0,0
2050,0.6810834810254831,1,0
2051,0.6659964917568795,1,1
2052,0.6557300391198855,0,0
2053,0.6647058752765607,1,0
2054,0.6466348154956879,0,0
2055,0.69002256856487,1,0
2056,0.6525652111651026,0,0
2057,0.6468403953684134,0,0
2058,0.6757587697451124,1,0
2059,0.6684052828541367,1,1
2060,0.6718491951965647,1,0
2061,0.6580477210859463,0,0
2062,0.6708751783453846,1,0
2063,0.6381163484853432,0,0
2064,0.6733687169936446,1,0
2065,0.6387461668973567,0,0
2066,0.6423935911541673,0,0
2067,0.6599375817930591,0,1
2068,0.6620213290513283,1,0
2069,0.6499280239421399,0,0
2070,0.6569552474595699,0,0
2071,0.6443340404394029,0,0
2072,0.6501513724402472,0,0
2073,0.6572008923895202,0,0
2074,0.6609137183665176,0,1
2075,0.6713509642656411,1,1
2076,0.6439020591117289,0,0
2077,0.636067152626896,0,0
2078,0.6822992520511401,1,0
2079,0.6461970993433777,0,0
2080,0.6744320275836264,1,0
2081,0.6729568869566405,1,0
2082,0.6536192142839662,0,0
2083,0.6416245781689406,0,0
2084,0.6720502598339533,1,0
2085,0.6605103541434831,0,0
2086,0.6840982406906251,1,0
2087,0.6485028335321328,0,0
2088,0.6566394604851017,0,0
2089,0.6638666257567359,1,1
2090,0.6513366758359364,0,0
2091,0.6798026302052728,1,0
2092,0.6753985492078619,1,1
2093,0.68632463434491,1,0
2094,0.6861034884607139,1,0
2095,0.6462863754406898,0,0
2096,0.6345033651476681,0,0
2097,0.6700615697391359,1,0
2098,0.6698863319676203,1,0
2099,0.6643436444106464,1,0
2100,0.6461347113855402,0,0
2101,0.6329265106825115,0,0
2102,0.6353206863407579,0,0
2103,0.655062606019945,0,0
2104,0.6548652692978578,0,0
2105,0.6643443188891976,1,0
2106,0.6316919768035878,0,0
2107,0.6524107056255174,0,0
2108,0.6390479185407708,0,0
2109,0.6332027509121577,0,0
2110,0.6449568111615246,0,0
2111,0.6513990637937738,0,0
2112,0.661911368778532,0,0
2113,0.6510454769823648,0,0
2114,0.6298964439848198,0,0
2115,0.6576363433215465,0,0
2116,0.6481826725176689,0,0
2117,0.6480549570294951,0,0
2118,0.6454128332202987,0,0
2119,0.6448392826769199,0,0
2120,0.638480956069468,0,0
2121,0.6389312012790763,0,0
2122,0.6485498756127528,0,0
2123,0.6408109695626919,0,0
2124,0.6437070199116083,0,0
2125,0.6513990551647322,0,0
2126,0.6588708772004702,0,0
2127,0.6372590090763621,0,0
2128,0.6830487266767791,1,0
2129,0.6693993263383586,1,0
2130,0.6406774333140274,0,0
2131,0.6631696473717119,1,0
2132,0.64332850856835,0,0
2133,0.6496587627246143,0,0
2134,0.6481814283301844,0,0
2135,0.6452984440493712,0,0
2136,0.6414138021203211,0,0
2137,0.6430958141617299,0,0
2138,0.646200791742127,0,0
2139,0.6552861859414912,0,0
2140,0.6400982292608851,0,0
2141,0.6457379293418847,0,0
2142,0.6399170194314805,0,0
2143,0.6381175926728276,0,0
2144,0.6401198026101282,0,0
2145,0.6372659794594411,0,0
2146,0.6514027561925231,0,0
2147,0.6596613415634129,0,1
2148,0.6437176956443298,0,0
2149,0.6693071279144781,1,0
2150,0.6594857456175999,0,0
2151,0.6590024323870874,0,0
2152,0.6491142105656942,0,0
2153,0.6446211053006095,0,0
2154,0.6507020944326081,0,0
2155,0.6484183204261355,0,0
2156,0.6521381577946206,0,0
2157,0.6464831514405384,0,0
2158,0.6500066873972183,0,0
2159,0.6479543874333278,0,0
2160,0.6512635263370266,0,0
2161,0.649276904022601,0,0
2162,0.6497844094916765,0,0
2163,0.6441884949739857,0,0
2164,0.6472185616716775,0,0
2165,0.6458435211610102,0,0
2166,0.6431995144425329,0,0
2167,0.654288535529477,0,0
2168,0.6585075138038299,0,0
2169,0.6472521644257652,0,0
2170,0.6464781025643386,0,0
2171,0.6548537481628899,0,0
2172,0.6559435969987847,0,0
2173,0.6422692464031095,0,0
2174,0.648485636341165,0,0
2175,0.6377539276596197,0,0
2176,0.6493557989011183,0,0
2177,0.630670514475288,0,0
2178,0.6772831769481958,1,0
2179,0.6455746842790173,0,0
2180,0.6560602564319594,0,0
2181,0.6491142191947358,0,0
2182,0.6480819082594578,0,0
2183,0.6485260636964673,0,0
2184,0.6534084488843506,0,0
2185,0.6459900263425113,0,0
2186,0.6445824450412803,0,0
2187,0.6462714168167643,0,0
2188,0.649692211067796,0,0
2189,0.6467795005387168,0,0
2190,0.6409626249887999,0,0
2191,0.6493488198889976,0,0
2192,0.6616112710729458,0,0
2193,0.6572692788971152,0,0
2194,0.6553783843653718,0,0
2195,0.6430433168935776,0,0
2196,0.651361263956833,0,0
2197,0.6476394869443525,0,0
2198,0.6451365929906526,0,0
2199,0.6443062048116341,0,0
2200,0.675155932131136,1,0
2201,0.6479897098355772,0,0
2202,0.6446889441241277,0,0
2203,0.6602369662660111,0,0
2204,0.636488077899571,0,0
2205,0.6370338633056981,0,0
2206,0.6516753040234199,0,0
2207,0.6540516606916091,0,0
2208,0.6375779267354659,0,0
2209,0.6423409308460674,0,0
2210,0.6784052661514914,1,0
2211,0.6505613119585056,0,0
2212,0.6407169714298079,0,0
2213,0.6423264488340568,0,0
2214,0.6376293428560814,0,0
2215,0.6400276041862478,0,0
2216,0.649224243714501,0,0
2217,0.6424879247567209,0,0
2218,0.6361761306235463,0,0
2219,0.635596926570404,0,0
2220,0.639821989031239,0,0
2221,0.6389884615385434,0,0
2222,0.6322473689404445,0,0
2223,0.6562576370653717,0,0
2224,0.6548652606688162,0,0
2225,0.6389489234227629,0,0
2226,0.6517808872135038,0,0
2227,0.688656479499329,1,0
2228,0.6569306593386732,0,0
2229,0.6439591607495103,0,0
2230,0.6355575698076673,0,0
2231,0.6399465738347773,0,0
2232,0.6374306453493537,0,0
2233,0.6424046472091663,0,0
2234,0.6475679427711918,0,0
2235,0.6424781042601646,0,0
2236,0.6458584711558941,0,0
2237,0.6733910959024908,1,0
2238,0.6802044669605413,1,0
2239,0.6495531442522472,0,0
2240,0.6479064322880227,0,0
2241,0.6632774578440729,1,0
2242,0.6394926331834948,0,0
2243,0.6459951765871181,0,0
2244,0.6491052591205678,0,0
2245,0.6444857044945524,0,0
2246,0.6462018623346925,0,0
2247,0.6868689968817409,1,0
2248,0.65113895016253,0,0
2249,0.6522198475532985,0,0
2250,0.6608013098479942,0,0
2251,0.6551415095275039,0,0
2252,0.6853327745695489,1,0
2253,0.6388638767350052,0,0
2254,0.6296595605179104,0,0
2255,0.650519811093774,0,0
2256,0.6392163929538487,0,0
2257,0.6494159622091082,0,0
2258,0.6407547712667486,0,0
2259,0.6416856010202858,0,0
2260,0.675816102413189,1,0
2261,0.643255712738476,0,0
2262,0.649783338899111,0,0
2263,0.6489852250689185,0,0
2264,0.6541200385701625,0,0
2265,0.6417701141262832,0,0
2266,0.6794397117303711,1,0
2267,0.6498259017273665,0,0
2268,0.636540738207671,0,0
2269,0.6484183117970939,0,0
2270,0.6404407312001618,0,0
2271,0.6708157259550296,1,0
2272,0.6405653160036999,0,0
2273,0.6514835768997711,0,0
2274,0.6454238892752978,0,0
2275,0.6439122547443396,0,0
2276,0.6594857369885583,0,0
2277,0.6429794725088299,0,0
2278,0.6334135163117733,0,0
2279,0.644720109047659,0,0
2280,0.6530540016505532,0,0
2281,0.6547081940684311,0,0
2282,0.6435312564647145,0,0
2283,0.6510178727780347,0,0
2284,0.6400416042350187,0,0
2285,0.6703137261499473,1,0
2286,0.648373874688599,0,0
2287,0.6479302442043082,0,0
2288,0.6654802462342025,1,1
2289,0.6490470682455836,0,0
2290,0.6610775500776404,0,0
2291,0.6539638410212073,0,0
2292,0.6381847349929382,0,0
2293,0.6415910386029177,0,0
2294,0.6540122952998307,0,0
2295,0.662592062754739,1,0
2296,0.6354059143815594,0,0
2297,0.6678727824243321,1,0
2298,0.653775420461963,0,0
2299,0.6416195206636992,0,0
2300,0.6364562251016737,0,0
2301,0.6493904594243819,0,0
2302,0.6387716783111247,0,0
2303,0.6446419020435077,0,0
2304,0.6474757443473113,0,0
2305,0.6485141184019465,0,0
2306,0.6521502844421851,0,0
2307,0.6331632127963771,0,0
2308,0.6489135406259606,0,0
2309,0.637537144432201,0,0
2310,0.6489168385613235,0,0
2311,0.6549853033495071,0,0
2312,0.6490090369852041,0,0
2313,0.64549017117302,0,0
2314,0.6503991306091119,0,0
2315,0.6473310593042824,0,0
2316,0.6309467547049341,0,0
2317,0.6421291034829278,0,0
2318,0.6354904274875567,0,0
2319,0.6392061973212381,0,0
2320,0.6530697364790898,0,0
2321,0.6436674817958278,0,0
2322,0.6449001775066164,0,0
2323,0.6444902466173997,0,0
2324,0.6532721307064185,0,0
2325,0.6467483356151855,0,0
2326,0.6490795586714722,0,0
2327,0.6465800200089149,0,0
2328,0.6378133846618471,0,0
2329,0.643475754672179,0,0
2330,0.6495475173957255,0,0
2331,0.6462412190974292,0,0
2332,0.6449247656275131,0,0
2333,0.6510556726149754,0,0
2334,0.656993038667469,0,0
2335,0.6542745441097476,0,0
2336,0.6376223724730025,0,0
2337,0.6439094227679787,0,0
2338,0.6478380457804277,0,0
2339,0.6495644291220608,0,0
2340,0.6397044605466343,0,0
2341,0.6454230288529095,0,0
2342,0.6429712293581917,0,0
2343,0.6326896272156022,0,0
2344,0.6457027300578662,0,0
2345,0.6506249933033056,0,0
2346,0.6747095530621822,1,0
2347,0.6587419183569363,0,0
2348,0.683389100887035,1,0
2349,0.6522287989984248,0,0
2350,0.6375383886196854,0,0
2351,0.6685071160432602,1,1
2352,0.6421175823479599,0,0
2353,0.6385598509479852,0,0
2354,0.6598685276124845,0,0
2355,0.6513217172120109,0,0
2356,0.6455755533304474,0,0
2357,0.6505613033294639,0,0
2358,0.6440549587253213,0,0
2359,0.6465441742918837,0,0
2360,0.6355565078441434,0,0
2361,0.6483581484891039,0,0
2362,0.6562189768060425,0,0
2363,0.6416184587001752,0,0
2364,0.644805147106375,0,0
2365,0.654143850486448,0,0
2366,0.6347400672615338,0,0
2367,0.6693525733506973,1,0
2368,0.6410347125241858,0,0
2369,0.6601447678421307,0,0
2370,0.643407368164584,0,0
2371,0.6599211879205845,0,0
2372,0.6557207135806462,0,0
2373,0.6405347293330458,0,0
2374,0.6446239372769703,0,0
2375,0.6630012176144268,1,1
2376,0.6545507843393938,0,0
2377,0.6656619063637192,1,0
2378,0.6685044786892794,1,0
2379,0.64869455202674,0,0
2380,0.6557207049516046,0,0
2381,0.6561802991126503,0,0
2382,0.6480549484004535,0,0
2383,0.6523533751729215,0,0
2384,0.6433228550585867,0,0
2385,0.6854055571638108,1,0
2386,0.6589786204708019,0,0
2387,0.6634937147138263,1,0
2388,0.6624905728316741,1,0
2389,0.6469372639367899,0,0
2390,0.6332688312687444,0,0
2391,0.6530540102795948,0,0
2392,0.6399807007762804,0,0
2393,0.6426171710757135,0,0
2394,0.6475619442214342,0,0
2395,0.6525050392280709,0,0
2396,0.6469040767132134,0,0
2397,0.6566790072299238,0,0
2398,0.6618516205681085,0,0
2399,0.6403340507642706,0,0
2400,0.6627668130613202,1,0
2401,0.6347796053773143,0,0
2402,0.6486945606557817,0,0
2403,0.638819964579229,0,0
2404,0.642709369499594,0,0
2405,0.6293833202882643,0,0
2406,0.6480580963431722,0,0
2407,0.6394786064814822,0,0
2408,0.6483343365728184,0,0
2409,0.6566789986008822,0,0
2410,0.6321129020762629,0,0
2411,0.6374776874299736,0,0
2412,0.6401087465551293,0,0
2413,0.6431963751288557,0,0
2414,0.6477066292644631,0,0
2415,0.6459789702875123,0,0
2416,0.649271285795121,0,0
2417,0.6491987323007331,0,0
2418,0.65083754355911,0,0
2419,0.6485498669837111,0,0
2420,0.6569246521598741,0,0
2421,0.6413980759208261,0,0
2422,0.6508375521881518,0,0
2423,0.6518204253292843,0,0
2424,0.642627846808435,0,0
2425,0.6531322086547044,0,0
2426,0.6598811236046457,0,0
2427,0.6543509234873143,0,0
2428,0.6551415008984623,0,0
2429,0.6491930787909697,0,0
2430,0.6547053620920701,0,0
2431,0.6487618765708111,0,0
2432,0.6490725796593515,0,0
2433,0.6449448658670038,0,0
2434,0.6429088500293959,0,0
2435,0.6581591860387977,0,0
2436,0.649164778083232,0,0
2437,0.6476781472036817,0,0
2438,0.651927392395005,0,0
2439,0.646979442232929,0,0
2440,0.6393610779968776,0,0
2441,0.6482111545784504,0,0
2442,0.64522110609665,0,0
2443,0.6859664172104731,1,0
2444,0.6385945114712488,0,0
2445,0.6528461565575436,0,0
2446,0.6484576685598307,0,0
2447,0.6372859603063247,0,0
2448,0.6379055830857276,0,0
2449,0.6403735888800511,0,0
2450,0.6444578602377421,0,0
2451,0.6479349143488042,0,0
2452,0.6777209215940168,1,0
2453,0.6370672819527132,0,0
2454,0.6445429069254998,0,0
2455,0.6436912937121133,0,0
2456,0.6486373003963145,0,0
2457,0.6318366618466167,0,0
2458,0.6579125835511926,0,0
2459,0.637453875513688,0,0
2460,0.6376617292357392,0,0
2461,0.6387967344148946,0,0
2462,0.6478632299058463,0,0
2463,0.6398290453501725,0,0
2464,0.6473702170977854,0,0
2465,0.6535531339273795,0,0
2466,0.6482736353831067,0,0
2467,0.6368841207574277,0,0
2468,0.6523423191179224,0,0
2469,0.647475752976353,0,0
2470,0.6438470348101413,0,0
2471,0.6424809457446002,0,0
2472,0.65331625046047,0,0
2473,0.6365552202196816,0,0
2474,0.6409998978842962,0,0
2475,0.6380330795668303,0,0
2476,0.6462412104683876,0,0
2477,0.6502816021245073,0,0
2478,0.6685133238308726,1,1
2479,0.6707593463606699,1,0
2480,0.6528414513947487,0,0
2481,0.6509783346622542,0,0
2482,0.6797270411004117,1,0
2483,0.6469766206995267,0,0
2484,0.6438074966943607,0,0
2485,0.6339796533789868,0,0
2486,0.6516752953943783,0,0
2487,0.6642958172981782,1,0
2488,0.6495081692620304,0,0
2489,0.647778716799849,0,0
2490,0.6429201348992095,0,0
2491,0.6508537584877576,0,0
2492,0.63741066450247,0,0
2493,0.6364035647935737,0,0
2494,0.6553388548786329,0,0
2495,0.6603899467249458,0,1
2496,0.6414328510452918,0,0
2497,0.6505507946642615,0,0
2498,0.6461869037107669,0,0
2499,0.6405407278828034,0,0
2500,0.6876907234104509,1,0
2501,0.677164400921327,1,0
2502,0.6435990952882328,0,0
2503,0.6498504812192216,0,0
2504,0.6469087818760084,0,0
2505,0.6521344653958713,0,0
2506,0.6422018640305185,0,0
2507,0.644345561574371,0,0
2508,0.6331105524882772,0,0
2509,0.6436101513432319,0,0
2510,0.6469333699969051,0,0
2511,0.6433912415661817,0,0
2512,0.6704740440486696,1,0
2513,0.6534321679538172,0,0
2514,0.6502435708641278,0,0
2515,0.6361151077722009,0,0
2516,0.6452435600563732,0,0
2517,0.6563365052906471,0,0
2518,0.6745337414217971,1,0
2519,0.6510841546757569,0,0
2520,0.6448862894752565,0,0
2521,0.6439131151667279,0,0
2522,0.6426125009312175,0,0
2523,0.6466286960269226,0,0
2524,0.6425767523494528,0,0
2525,0.6302387645710527,0,0
2526,0.6475149021408143,0,0
2527,0.6352535440206473,0,0
2528,0.6344476207322818,0,0
2529,0.6432233263588183,0,0
2530,0.6369827688467159,0,0
2531,0.6492614652985647,0,0
2532,0.6475558247526689,0,0
2533,0.6857776682445273,1,0
2534,0.649072718330004,0,0
2535,0.6565338772950178,0,0
2536,0.6747030502727726,1,0
2537,0.6325236091700908,0,0
2538,0.6453843511595173,0,0
2539,0.6855017313861094,1,0
2540,0.6777598424405776,1,0
2541,0.6362597928152298,0,0
2542,0.6551021441357257,0,0
2543,0.6417692632119695,0,0
2544,0.6422737885259567,0,0
2545,0.6418413421183138,0,0
2546,0.6615375805015216,0,0
2547,0.6442140063877536,0,0
2548,0.649744871375896,0,0
2549,0.6374700021120904,0,0
2550,0.6493904507953403,0,0
2551,0.6482064844339543,0,0
2552,0.6417762335950485,0,0
2553,0.6569552388305283,0,0
2554,0.6483511694769832,0,0
2555,0.6442556372940963,0,0
2556,0.6482498148377794,0,0
2557,0.652420517493032,0,0
2558,0.6371344242728239,0,0
2559,0.6549844342980772,0,0
2560,0.655377854905847,0,0
2561,0.6474948019013236,0,0
2562,0.637605530939796,0,0
2563,0.65699673969526,0,0
2564,0.6465026820561937,0,0
2565,0.6455405573375141,0,0
2566,0.6773793511704944,1,0
2567,0.6439033032992133,0,0
2568,0.6543667425336281,0,0
2569,0.6330342539528433,0,0
2570,0.6446100492456104,0,0
2571,0.6717853676677575,1,0
2572,0.6456215876889847,0,0
2573,0.6452435686854149,0,0
2574,0.6394578580590291,0,0
2575,0.6358327480737895,0,0
2576,0.6500053618948611,0,0
2577,0.6464770319717731,0,0
2578,0.6591471174301163,0,0
2579,0.6498406693517069,0,0
2580,0.6384609752225844,0,0
2581,0.6462018537056509,0,0
2582,0.646197959765766,0,0
2583,0.6452681481772699,0,0
2584,0.6433339111135857,0,0
2585,0.641343280434053,0,0
2586,0.652793487620402,0,0
2587,0.6538917534858214,0,0
2588,0.6541298590667187,0,0
2589,0.648273626754065,0,0
2590,0.6531223967871898,0,0
2591,0.6358998903939002,0,0
2592,0.6375622005359709,0,0
2593,0.6444127038944815,0,0
2594,0.6798151731397253,1,0
2595,0.6392837400441563,0,0
2596,0.6564175356421177,0,0
2597,0.6496517837124937,0,0
2598,0.6507305764933895,0,0
2599,0.6416900423499672,0,0
2600,0.6417090912749379,0,0
2601,0.6618138207311677,0,0
2602,0.6468204145215298,0,0
2603,0.645692212763622,0,0
2604,0.6440647792218774,0,0
2605,0.6741457897047615,1,0
2606,0.6388243386192247,0,0
2607,0.654709063119861,0,0
2608,0.6461197613906564,0,0
2609,0.6451081109298712,0,0
2610,0.6482638148865504,0,0
2611,0.6376450690555765,0,0
2612,0.6520771349432752,0,0
2613,0.6604477316656268,0,0
2614,0.6497844008626349,0,0
2615,0.641039254647033,0,0
2616,0.6352141872579106,0,0
2617,0.6501570259500107,0,0
2618,0.6371937618824443,0,0
2619,0.6579809700587876,0,0
2620,0.6572790993936715,0,0
2621,0.6439704456193239,0,0
2622,0.64841724983357,0,0
2623,0.6582907412254151,0,0
2624,0.6521107463264046,0,0
2625,0.6434785961566145,0,0
2626,0.6283856698762499,0,0
2627,0.6524170684509685,0,0
2628,0.6462264418265474,0,0
2629,0.6586339937335608,0,0
2630,0.672602941092521,1,0
2631,0.6434855751687352,0,0
2632,0.6427284077755607,0,0
2633,0.6531479348541994,0,0
2634,0.630617854167188,0,0
2635,0.64834201326166,0,0
2636,0.6533726916735443,0,0
2637,0.6499951662622504,0,0
2638,0.6510850150981453,0,0
2639,0.6501021419570127,0,0
2640,0.6631493231260545,1,0
2641,0.6366078805277816,0,0
2642,0.6319444051169485,0,0
2643,0.6553388815318746,0,0
2644,0.6467003804698805,0,0
2645,0.6523734840414537,0,0
2646,0.6553783929944134,0,0
2647,0.6760756421277232,1,0
2648,0.6390299537742334,0,0
2649,0.6632940081690833,1,0
2650,0.6555128512295535,0,0
2651,0.6556010950595081,0,0
2652,0.6595667759690704,0,0
2653,0.6422807589090358,0,0
2654,0.646478093935297,0,0
2655,0.6329658674452483,0,0
2656,0.6406876289466381,0,0
2657,0.6523869865560508,0,0
2658,0.6378817711694421,0,0
2659,0.6454159725339759,0,0
2660,0.6436829205198641,0,0
2661,0.6543272044178476,0,0
2662,0.6538676188858435,0,0
2663,0.6502714151209382,0,0
2664,0.6380502681287565,0,0
2665,0.6562189681770009,0,0
2666,0.6406068082393901,0,0
2667,0.6617742826153872,0,0
2668,0.6609188383325988,0,0
2669,0.6581591946678395,0,0
2670,0.6456076996576248,0,0
2671,0.6448001808239749,0,0
2672,0.6494686225172082,0,0
2673,0.6440693213447247,0,0
2674,0.6544060992963648,0,0
2675,0.6478381844510803,0,0
2676,0.6394754671678051,0,0
2677,0.6487569399845774,0,0
2678,0.6463487547694855,0,0
2679,0.6520966655589305,0,0
2680,0.6434150534824672,0,0
2681,0.6521381664236622,0,0
2682,0.6526967577226782,0,0
2683,0.6573826051989291,0,0
2684,0.6387571962991141,0,0
2685,0.6315997783797074,0,0
2686,0.653843806969558,0,0
2687,0.6498504898482632,0,0
2688,0.6600000827991017,0,0
2689,0.6368314604493277,0,0
2690,0.6623636496375611,1,0
2691,0.6530697278500481,0,0
2692,0.6351690309146499,0,0
2693,0.6345992761583896,0,0
2694,0.6435707945804952,0,0
2695,0.6614980423857411,0,0
2696,0.6541438591154897,0,0
2697,0.6802970417041885,1,0
2698,0.6316681648873023,0,0
2699,0.652841442765707,0,0
2700,0.6404011930843813,0,0
2701,0.6569157007147478,0,0
2702,0.6433195571232238,0,0
2703,0.6489278946163226,0,0
2704,0.6526967663517198,0,0
2705,0.6403038444158939,0,0
2706,0.653423794761568,0,0
2707,0.6485260550674257,0,0
2708,0.6524143980242667,0,0
2709,0.6340433347237868,0,0
2710,0.6436047487979961,0,0
2711,0.6420502086044105,0,0
2712,0.6592095053879538,0,0
2713,0.6486897976644668,0,0
2714,0.6413147983732715,0,0
2715,0.6450518415617661,0,0
2716,0.6502040327483473,0,0
2717,0.6515561303941589,0,0
2718,0.6444972170004788,0,0
2719,0.6350936454439011,0,0
2720,0.6455449666597931,0,0
2721,0.6544230110227002,0,0
2722,0.6551021527647672,0,0
2723,0.639181617829383,0,0
2724,0.6453365346848648,0,0
2725,0.6549844429271188,0,0
2726,0.652846147928502,0,0
2727,0.6559427279473548,0,0
2728,0.6367720034471004,0,0
2729,0.6381265441179539,0,0
2730,0.6723764226588536,1,0
2731,0.6495070986694649,0,0
2732,0.6527934962494437,0,0
2733,0.642852992579099,0,0
2734,0.6514151903921761,0,0
2735,0.6584740951568147,0,0
2736,0.6595578245239442,0,0
2737,0.6458978279186308,0,0
2738,0.6563364966616055,0,0
2739,0.6466249949991317,0,0
2740,0.6489224920710869,0,0
2741,0.6385204941852485,0,0
2742,0.6429040870380811,0,0
2743,0.6463334088922681,0,0
2744,0.6459649702387414,0,0
2745,0.6502745544346153,0,0
2746,0.6502714064918966,0,0
2747,0.6384027843476,0,0
2748,0.6474353256210507,0,0
2749,0.6498681928905679,0,0
2750,0.641493873896637,0,0
2751,0.649153722028233,0,0
2752,0.6524144066533083,0,0
2753,0.6523343262479507,0,0
2754,0.645964978867783,0,0
2755,0.6423362607015713,0,0
2756,0.6502829276268646,0,0
2757,0.6357482349677922,0,0
2758,0.6434995665884645,0,0
2759,0.6382836107183391,0,0
2760,0.6407271670624186,0,0
2761,0.6477911423704604,0,0
2762,0.6471323617975545,0,0
2763,0.6444113783921243,0,0
2764,0.6524205261220737,0,0
2765,0.639199226938159,0,0
2766,0.6746104834578044,1,0
2767,0.6386269932680958,0,0
2768,0.6579283097506876,0,0
2769,0.6522218199863041,0,0
2770,0.6802044669605413,1,0
2771,0.6358388675425549,0,0
2772,0.6488290275199633,0,0
2773,0.6542490326959797,0,0
2774,0.6497448627468543,0,0
2775,0.6550626146489867,0,0
2776,0.6341713805026357,0,0
2777,0.6393307821247762,0,0
2778,0.6510454856114064,0,0
2779,0.6388962631146629,0,0
2780,0.6582907498544567,0,0
2781,0.6472521730548068,0,0
2782,0.6526497242710999,0,0
2783,0.6447341004673882,0,0
2784,0.6546429827632743,0,0
2785,0.6499350029542605,0,0
2786,0.6431311279349379,0,0
2787,0.6587023802411558,0,0
2788,0.6820884866515246,1,0
2789,0.6473366861608041,0,0
2790,0.6493164421383815,0,0
2791,0.6541200471992041,0,0
2792,0.6359835525855837,0,0
2793,0.6492041348459687,0,0
2794,0.6504662729292225,0,0
2795,0.6452597749850206,0,0
2796,0.6437548363862607,0,0
2797,0.6739019974526929,1,0
2798,0.6479875746569042,0,0
2799,0.6405257778879194,0,0
2800,0.6409146698434948,0,0
2801,0.6642594962076068,1,0
2802,0.6498034477676432,0,0
2803,0.6402890757740538,0,0
2804,0.6550099457118451,0,0
2805,0.644413948081966,0,0
2806,0.65205712744315,0,0
2807,0.6516789964221692,0,0
2808,0.6536876007915612,0,0
2809,0.6344638270318876,0,0
2810,0.6336134580059856,0,0
2811,0.6492712771660794,0,0
2812,0.6296202037551737,0,0
2813,0.6460101352110437,0,0
2814,0.649995174891292,0,0
2815,0.6504662815582641,0,0
2816,0.6482659500652234,0,0
2817,0.6830336448517338,1,0
2818,0.6501228903794658,0,0
2819,0.6582312735741837,0,0
2820,0.6445318775237424,0,0
2821,0.6540123039288723,0,0
2822,0.6544230023936586,0,0
2823,0.6420524738246947,0,0
2824,0.6396373182265237,0,0
2825,0.6495081606329888,0,0
2826,0.6490331802142235,0,0
2827,0.6441893553963741,0,0
2828,0.6517958458374293,0,0
2829,0.6397653640053725,0,0
2830,0.6377301157433342,0,0
2831,0.6546271637169605,0,0
2832,0.63474901870666,0,0
2833,0.6508621316800067,0,0
2834,0.6314732984499764,0,0
2835,0.6512016831603616,0,0
2836,0.6384753378419878,0,0
2837,0.6505858914503606,0,0
2838,0.6572692875261568,0,0
2839,0.658435426268444,0,0
2840,0.6577000246663465,0,0
2841,0.6734866000377342,1,0
2842,0.6554198852301034,0,0
2843,0.6386726831931168,0,0
2844,0.6805777125429546,1,0
2845,0.6520720774380339,0,0
2846,0.6513603949054031,0,0
2847,0.6465566084915367,0,0
2848,0.6460347147028986,0,0
2849,0.6494159708381498,0,0
2850,0.651835202600166,0,0
2851,0.656060265061001,0,0
2852,0.6464720953855394,0,0
2853,0.6510850237271869,0,0
2854,0.6597238425694556,0,0
2855,0.6520580860183046,0,0
2856,0.6404113887169919,0,0
2857,0.6358338100373134,0,0
2858,0.6495926823680277,0,0
2859,0.6485652128609286,0,0
2860,0.6800032813300578,1,0
2861,0.6424724860326846,0,0
2862,0.653384636968065,0,0
2863,0.6504332661796568,0,0
2864,0.6529135303010929,0,0
2865,0.6607239718952729,0,0
2866,0.6566394691141433,0,0
2867,0.6498496207968332,0,0
2868,0.6517958372083877,0,0
2869,0.6458895933970342,0,0
2870,0.6286619101058961,0,0
2871,0.6471995041176651,0,0
2872,0.6440639101704475,0,0
2873,0.6446945623516077,0,0
2874,0.6442666666958536,0,0
2875,0.6419975482963106,0,0
2876,0.6511695368331842,0,0
2877,0.6463541659437628,0,0
2878,0.659960726036365,0,0
2879,0.647060445931158,0,0
2880,0.6414664624284211,0,0
2881,0.6761119632182946,1,0
2882,0.635445271144296,0,0
2883,0.6378413524431814,0,0
2884,0.6501230290501184,0,0
2885,0.645069450670542,0,0
2886,0.6501267214488677,0,0
2887,0.650842209741748,0,0
2888,0.6447573306317227,0,0
2889,0.6415383782948176,0,0
2890,0.6652227222542689,1,0
2891,0.6513319128446216,0,0
2892,0.668104253495313,1,0
2893,0.6475284132844529,0,0
2894,0.644925827591037,0,0
2895,0.6467593916701846,0,0
2896,0.6403849867847754,0,0
2897,0.6575553396233176,0,0
2898,0.6390074998145102,0,0
2899,0.6479102719864662,0,0
2900,0.6470077856230579,0,0
2901,0.6516511607944004,0,0
2902,0.639350882364267,0,0
2903,0.6802008674818899,1,0
2904,0.6367910417230671,0,0
2905,0.6308940943968341,0,0
2906,0.6558653899946335,0,0
2907,0.6504802729779934,0,0
2908,0.6377068855789998,0,0
2909,0.6432163559757393,0,0
2910,0.6508932966035381,0,0
2911,0.6592815842942981,0,0
2912,0.6426326097997498,0,0
2913,0.6468167221227805,0,0
2914,0.6540516520625675,0,0
2915,0.6552073263452574,0,0
2916,0.6436270630695672,0,0
2917,0.6492852772148502,0,0
2918,0.6397548467111284,0,0
2919,0.6442666933490954,0,0
2920,0.6566937758717639,0,0
2921,0.6503487530736595,0,0
2922,0.6499313019264696,0,0
2923,0.6584354348974856,0,0
2924,0.6430046480052068,0,0
2925,0.6362118376699248,0,0
2926,0.6854091566424622,1,0
2927,0.6427571859742464,0,0
2928,0.655589158394029,0,0
2929,0.630602127967693,0,0
2930,0.6436302602117642,0,0
2931,0.6391390550011274,0,0
2932,0.6556961254597495,0,0
2933,0.6391005788488708,0,0
2934,0.6510997923690269,0,0
2935,0.631983943232729,0,0
2936,0.6452993131008011,0,0
2937,0.6747030502727726,1,0
2938,0.6462803682618905,0,0
2939,0.6598430161987165,0,0
2940,0.6559040588830042,0,0
2941,0.6513306686571372,0,0
2942,0.6430716709327104,0,0
2943,0.6412621380651715,0,0
2944,0.6434530847428467,0,0
2945,0.6362644979780249,0,0
2946,0.6494410183128781,0,0
2947,0.6448336291671565,0,0
2948,0.6488290188909217,0,0
2949,0.634817405214255,0,0
2950,0.6494299622578791,0,0
2951,0.6449673198267271,0,0
2952,0.6488414530905747,0,0
2953,0.6554444733510001,0,0
2954,0.6491252399674514,0,0
2955,0.6390545418951301,0,0
2956,0.6546992426233047,0,0
2957,0.6488451541183656,0,0
2958,0.645264317107868,0,0
2959,0.6507425131588687,0,0
2960,0.6458212068894392,0,0
2961,0.6463524557972764,0,0
2962,0.6372621483900393,0,0
2963,0.658014500995769,0,0
2964,0.6443401504000936,0,0
2965,0.6454616891122386,0,0
2966,0.6724520328105411,1,0
2967,0.6425886890149319,0,0
2968,0.6577047298291415,0,0
2969,0.6580145096248106,0,0
2970,0.660579286852244,0,0
2971,0.6479828694941092,0,0
2972,0.6366798050232199,0,0
2973,0.6461287128357827,0,0
2974,0.6442209767708327,0,0
2975,0.6501258610264793,0,0
2976,0.6457664114026662,0,0
2977,0.6550099543408867,0,0
2978,0.6471850221056545,0,0
2979,0.6466278364835673,0,0
2980,0.6406031158406408,0,0
2981,0.6377740278991104,0,0
2982,0.6478298112588311,0,0
2983,0.6338846229787454,0,0
2984,0.6535483709360647,0,0
2985,0.6541595853149846,0,0
2986,0.6552861945705328,0,0
2987,0.6507425217879103,0,0
2988,0.638428295761368,0,0
2989,0.6319682170332339,0,0
2990,0.6799077478833725,1,0
2991,0.6318760186093534,0,0
2992,0.6566544191090271,0,0
2993,0.6603030466225979,0,0
2994,0.6373101035353442,0,0
2995,0.6539313002306435,0,0
2996,0.6572729799249061,0,0
2997,0.6546992512523464,0,0
2998,0.6427403530700815,0,0
2999,0.6383182712416027,0,0
3000,0.6468204231505714,0,0
3001,0.680251673819686,1,0
3002,0.6606566248049652,0,0
3003,0.6825840408524153,1,0
3004,0.6714936914571066,1,0
3005,0.6543904616030948,0,0
3006,0.6547053707211117,0,0
3007,0.6353457424445278,0,0
3008,0.650642993088142,0,0
3009,0.6746276582692247,1,0
3010,0.6339241610945259,0,0
3011,0.6583591277330101,0,0
3012,0.658082887503364,0,0
3013,0.659396017792454,0,0
3014,0.6592094967589122,0,0
3015,0.6338986496807579,0,0
3016,0.6741457897047615,1,0
3017,0.6802044590318622,1,0
3018,0.6425563112643159,0,0
3019,0.6444094059591186,0,0
3020,0.6389032334977419,0,0
3021,0.6448446852221555,0,0
3022,0.6620086871684937,1,0
3023,0.6524889126296687,0,0
3024,0.6549336558054528,0,0
3025,0.642832551493962,0,0
3026,0.6806061189440342,1,0
3027,0.6857776682445273,1,0
3028,0.6453565155317484,0,0
3029,0.6485656018122478,0,0
3030,0.6427798911858621,0,0
3031,0.6453038552236485,0,0
3032,0.6605755944534947,0,0
3033,0.6386953797756908,0,0
3034,0.6757929070373464,1,0
3035,0.6526488112064147,0,0
3036,0.6434834399900622,0,0
3037,0.6567114715672218,0,0
3038,0.6564287037145277,0,0
3039,0.6426808874388125,0,0
3040,0.672129293604071,1,0
3041,0.6697662170964451,1,0
3042,0.6504802996312351,0,0
3043,0.6403960428397745,0,0
3044,0.6317077030030828,0,0
3045,0.6294755187121447,0,0
3046,0.64424668584897,0,0
3047,0.6700374859203012,1,0
3048,0.6412831084970214,0,0
3049,0.6410310114963949,0,0
3050,0.6515701218138883,0,0
3051,0.6527688452580641,0,0
3052,0.6519499015018237,0,0
3053,0.6445684449925094,0,0
3054,0.6570325854122913,0,0
3055,0.6424331292699479,0,0
3056,0.6297517589417909,0,0
3057,0.6602555246922124,0,0
3058,0.6663552188000319,1,0
3059,0.6632177096336495,1,0
3060,0.6769146574174516,1,0
3061,0.6664558811620626,1,0
3062,0.680279858964089,1,0
3063,0.6427754498561807,0,0
3064,0.6861215941808408,1,0
3065,0.6514385932805127,0,0
3066,0.6454299992359884,0,0
3067,0.647224560221435,0,0
3068,0.6587931801784777,0,0
3069,0.6801836847417905,1,0
3070,0.6351331835596816,0,0
3071,0.6411909100731409,0,0
3072,0.6498802074674874,0,0
3073,0.671689193445459,1,0
3074,0.6457137861128652,0,0
3075,0.6813868826114042,1,0
3076,0.6517919432685029,0,0
3077,0.6350252589363061,0,0
3078,0.6757003243650201,1,0
3079,0.6410705496121754,0,0
3080,0.6512468747859055,0,0
3081,0.6539359967643968,0,0
3082,0.6689411000228406,1,0
3083,0.6339768214026259,0,0
3084,0.6504803082602767,0,0
3085,0.671689193445459,1,0
3086,0.6525734257356659,0,0
3087,0.6802970337755094,1,0
3088,0.6489962811239176,0,0
3089,0.6855017313861094,1,0
3090,0.6801082927382427,1,0
3091,0.6858738424668259,1,0
3092,0.6629414694040033,1,0
3093,0.6773585689517436,1,0
3094,0.6498467888204723,0,0
3095,0.663495094707184,1,0
3096,0.6485655931832062,0,0
3097,0.6638992864912527,1,0
3098,0.662587891221636,1,0
3099,0.6651579274954464,1,0
3100,0.6484265349966989,0,0
3101,0.6427083075360701,0,0
3102,0.6773793511704944,1,0
3103,0.688963215283815,1,0
3104,0.6708908538431302,1,0
3105,0.6549816109507578,0,0
3106,0.6622849273981398,1,0
3107,0.6479065709586753,0,0
3108,0.6529250428070192,0,0
3109,0.6717853597390785,1,0
3110,0.6540150836295349,0,0
3111,0.6455800954532946,0,0
3112,0.6441331657294724,0,0
3113,0.6501951165855043,0,0
3114,0.6456472377734053,0,0
3115,0.6519274010240466,0,0
3116,0.6477185448628174,0,0
3117,0.6524115746769473,0,0
3118,0.6534122460155585,0,0
3119,0.6538533533513107,0,0
3120,0.6595252751043388,0,0
3121,0.6480976344589529,0,0
3122,0.6829525524544805,1,0
3123,0.6431678930680742,0,0
3124,0.6707502842783157,1,0
3125,0.6496039672378413,0,0
3126,0.6439428414149938,0,0
3127,0.6364957632174543,0,0
3128,0.6515561217651173,0,0
3129,0.6420045186793897,0,0
3130,0.6524265246718313,0,0
3131,0.6498606768518322,0,0
3132,0.6423659869498373,0,0
3133,0.6514386019095544,0,0
3134,0.6464049530654288,0,0
3135,0.6434162976699516,0,0
3136,0.6450490095854051,0,0
3137,0.6375460739375686,0,0
3138,0.6822793829451832,1,0
3139,0.646388292885266,0,0
3140,0.6414748356206702,0,0
3141,0.6773793432418154,1,0
3142,0.6493010034143452,0,0
3143,0.651371450960402,0,0
3144,0.6470999840469385,0,0
3145,0.6603714331301929,0,0
3146,0.6491448058653899,0,0
3147,0.6616182959685245,0,0
3148,0.6726537361278025,1,0
3149,0.6335450714983906,0,0
3150,0.6497796465003617,0,0
3151,0.6555128598585951,0,0
3152,0.6802008674818899,1,0
3153,0.6437224586356446,0,0
3154,0.6461592995064369,0,0
3155,0.6429436251538616,0,0
3156,0.6732991598387164,1,0
3157,0.6383093197964764,0,0
3158,0.6527651442302732,0,0
3159,0.6802044590318622,1,0
3160,0.6514889794450067,0,0
3161,0.6773585689517436,1,0
3162,0.6792843439951141,1,0
3163,0.6379213092852226,0,0
3164,0.6745143092355057,1,0
3165,0.6622211335825009,1,0
3166,0.6661159842327937,1,0
3167,0.6493396636736743,0,0
3168,0.6694727353540159,1,0
3169,0.6719363885624043,1,0
3170,0.6593211224100786,0,0
3171,0.6463334175213097,0,0
3172,0.6411476593705193,0,0
3173,0.6768938831273799,1,0
3174,0.672164825088814,1,0
3175,0.6449673284557688,0,0
3176,0.6525677722259026,0,0
3177,0.6469876767545256,0,0
3178,0.6540033791369878,0,0
3179,0.6722978511440627,1,0
3180,0.6336224094511118,0,0
3181,0.6618057361675423,0,0
3182,0.6612491124872568,0,0
3183,0.6513644032705102,0,0
3184,0.6458654501680148,0,0
3185,0.6527651528593148,0,0
3186,0.6459291315128147,0,0
3187,0.680279858964089,1,0
3188,0.6829525524544805,1,0
3189,0.6398470451350089,0,0
3190,0.674489715641075,1,0
3191,0.6683224174598659,1,0
3192,0.6503667528584959,0,0
3193,0.6806402902133298,1,0
3194,0.6583591363620517,0,0
3195,0.6439815016743229,0,0
3196,0.6406192424390431,0,0
3197,0.6518323706238052,0,0
3198,0.6397098717209115,0,0
3199,0.6774547431740422,1,0
3200,0.6532243142317661,0,0
3201,0.6869600918240694,1,0
3202,0.6522971855060198,0,0
3203,0.6401904276847656,0,0
3204,0.6609583764483794,0,0
3205,0.6802044669605413,1,0
3206,0.6517148335101588,0,0
3207,0.6573088256419374,0,0
3208,0.6798115736610739,1,0
3209,0.6635429085314212,1,0
3210,0.6458949959422698,0,0
3211,0.682744068769547,1,0
3212,0.6549336471764112,0,0
3213,0.6440099837351044,0,0
3214,0.6464741999954121,0,0
3215,0.6428591120478643,0,0
3216,0.6534241750838455,0,0
3217,0.6505584713531031,0,0
3218,0.6637713349368302,1,0
3219,0.6404509268327724,0,0
3220,0.6467114365248795,0,0
3221,0.6544625405094391,0,0
3222,0.6436666011853477,0,0
3223,0.6471393408096752,0,0
3224,0.6440578002097568,0,0
3225,0.6592490435037343,0,0
3226,0.6773793432418154,1,0
3227,0.6636307653720157,1,0
3228,0.6539312916016019,0,0
3229,0.6449963492773051,0,0
3230,0.6429311909542086,0,0
3231,0.6802970337755094,1,0
3232,0.6746209347876366,1,0
3233,0.6824878666301167,1,0
3234,0.6487903586315926,0,0
3235,0.6799077478833725,1,0
3236,0.6373543468139197,0,0
3237,0.6420897467201911,0,0
3238,0.6439065004414103,0,0
3239,0.6803724337077363,1,0
3240,0.6425176423759452,0,0
3241,0.6442862239647505,0,0
3242,0.6590694204081238,0,0
3243,0.6857530825787757,1,0
3244,0.6580055495506426,0,0
3245,0.6745350835255775,1,0
3246,0.6853129824201636,1,0
3247,0.6431768445132005,0,0
3248,0.6854091566424622,1,0
3249,0.6557980429043259,0,0
3250,0.6487293357802473,0,0
3251,0.6472917111705873,0,0
3252,0.6524502437412979,0,0
3253,0.6693663522885938,1,0
3254,0.6507820512746492,0,0
3255,0.6499188677268166,0,0
3256,0.6418483211304344,0,0
3257,0.6517148421392005,0,0
3258,0.660207720988976,0,0
3259,0.6772831769481958,1,0
3260,0.6531619349029703,0,0
3261,0.6535879090518452,0,0
3262,0.6684606314551447,1,0
3263,0.6451467886232632,0,0
3264,0.6798323479511457,1,0
3265,0.6855017313861094,1,0
3266,0.6477902293057753,0,0
3267,0.6354128847646384,0,0
3268,0.6531360057859124,0,0
3269,0.6808088477533215,1,0
3270,0.6761829879754211,1,0
3271,0.6438302019059764,0,0
3272,0.6377696538591147,0,0
3273,0.6577293179500381,0,0
3274,0.6799397272695719,1,0
3275,0.650590332780042,0,0
3276,0.6642336029859921,1,0
3277,0.6797189989174267,1,0
3278,0.65615245485584,0,0
3279,0.6538833450853385,0,0
3280,0.6769900573496784,1,0
3281,0.674606883979153,1,0
3282,0.6687368716847908,1,0
3283,0.6446876186217704,0,0
3284,0.6717853676677575,1,0
3285,0.6526488025773731,0,0
3286,0.6325325606152169,0,0
3287,0.6587945786650363,0,0
3288,0.6469483199917889,0,0
3289,0.6504913290329924,0,0
3290,0.6473762242765846,0,0
3291,0.6501624284952463,0,0
3292,0.6780360826702237,1,0
3293,0.6569939077188991,0,0
3294,0.6491959003243721,0,0
3295,0.6720508985138262,1,0
3296,0.6563760434064277,0,0
3297,0.6313286134069475,0,0
3298,0.6690336747664878,1,0
3299,0.6413393864941682,0,0
3300,0.6746276582692247,1,0
3301,0.6465058213698708,0,0
3302,0.6570325767832496,0,0
3303,0.650505811045003,0,0
3304,0.6798151731397253,1,0
3305,0.6499188763558582,0,0
3306,0.6596722580221003,0,0
3307,0.642432067306424,0,0
3308,0.6472135041664361,0,0
3309,0.6509394696327281,0,0
3310,0.6392745838288331,0,0
3311,0.6528856860442825,0,0
3312,0.6465515379481334,0,0
3313,0.6746276582692247,1,0
3314,0.6465128776888043,0,0
3315,0.6423519869010663,0,0
3316,0.6512412212761421,0,0
3317,0.6472917025415457,0,0
3318,0.6564286950854861,0,0
3319,0.652068183498149,0,0
3320,0.6402714666652779,0,0
3321,0.638751578071634,0,0
3322,0.6686490148441961,1,0
3323,0.6768938831273799,1,0
3324,0.6430828550093581,0,0
3325,0.6573474859012665,0,0
3326,0.6618945361981706,0,0
3327,0.6718885848591679,1,0
3328,0.6858738424668259,1,0
3329,0.6378986127026486,0,0
3330,0.6419692049061817,0,0
3331,0.6758563905910908,1,0
3332,0.6544625491384807,0,0
3333,0.6486456735885637,0,0
3334,0.6746104834578044,1,0
3335,0.647331067933324,0,0
3336,0.6601974281502306,0,0
3337,0.667058718776039,1,0
3338,0.6532280066305154,0,0
3339,0.6741457897047615,1,0
3340,0.649851725406706,0,0
3341,0.6850482506578733,1,0
3342,0.6587898735022414,0,0
3343,0.6569157093437894,0,0
3344,0.6450602944552187,0,0
3345,0.6457774674576652,0,0
3346,0.6656959474997268,1,0
3347,0.6373016865058198,0,0
3348,0.6417672821499223,0,0
3349,0.6858702429881746,1,0
3350,0.6470548277036778,0,0
3351,0.6706146136134841,1,0
3352,0.6742383644484088,1,0
3353,0.6490442362692226,0,0
3354,0.6395597755036054,0,0
3355,0.6383488579122569,0,0
3356,0.6484530955506012,0,0
3357,0.6525527391158003,0,0
3358,0.6661159842327937,1,0
3359,0.6654197072700807,1,0
3360,0.6355536758677824,0,0
3361,0.6444810904020765,0,0
3362,0.6843751221305612,1,0
3363,0.6854055571638108,1,0
3364,0.6539360053934385,0,0
3365,0.6790081037654679,1,0
3366,0.6605317649218585,0,0
3367,0.6436785378508268,0,0
3368,0.6561524634848815,0,0
3369,0.6552098874060573,0,0
3370,0.6413936932517887,0,0
3371,0.6712857472451914,1,0
3372,0.6824878666301167,1,0
3373,0.6352507120442863,0,0
3374,0.6416929646765356,0,0
3375,0.6479939255491083,0,0
3376,0.6495034062707156,0,0
3377,0.653228015259557,0,0
3378,0.6544744858039598,0,0
3379,0.6834654060033767,1,0
3380,0.6434925962053855,0,0
3381,0.6755801503614447,1,0
3382,0.6430478590164249,0,0
3383,0.6643838570049783,1,0
3384,0.648919660094726,0,0
3385,0.6432474695878379,0,0
3386,0.6309862928207146,0,0
3387,0.6463496238209155,0,0
3388,0.6649313796075261,1,0
3389,0.6723186254341345,1,0
3390,0.6592356998937319,0,0
3391,0.6479459704038032,0,0
3392,0.6401792682413974,0,0
3393,0.6582883260323783,0,0
3394,0.6480664695354215,0,0
3395,0.6604839612186221,0,0
3396,0.6470850254230129,0,0
3397,0.6723271387434723,1,0
3398,0.6465441829209253,0,0
3399,0.6797397732074983,1,0
3400,0.657961728648048,0,0
3401,0.6580865885311549,0,0
3402,0.6745350835255775,1,0
3403,0.6570560078145988,0,0
3404,0.6477148438350265,0,0
3405,0.6677894978234372,1,0
3406,0.6404161517083067,0,0
3407,0.6424254439520647,0,0
3408,0.6474423046331713,0,0
3409,0.644694597633891,0,0
3410,0.6628730828964083,1,0
3411,0.6576854884184019,0,0
3412,0.6399861119505578,0,0
3413,0.6536155132561753,0,0
3414,0.6503140925503959,0,0
3415,0.6495754851770599,0,0
3416,0.6479102633574246,0,0
3417,0.6801082927382427,1,0
3418,0.6561086339532454,0,0
3419,0.6600684693066967,0,0
3420,0.6421492037224185,0,0
3421,0.6643741725508066,1,0
3422,0.6369225969096843,0,0
3423,0.6489530787417411,0,0
3424,0.6443373184237327,0,0
3425,0.6799189529795002,1,0
3426,0.6609462191467834,0,0
3427,0.648676838512095,0,0
3428,0.6565097340659982,0,0
3429,0.6609328650346115,0,0
3430,0.6366474186435621,0,0
3431,0.6385005133383649,0,0
3432,0.6797189989174267,1,0
3433,0.6435152927879595,0,0
3434,0.644772769355759,0,0
3435,0.6640979323211604,1,0
3436,0.6406426539564213,0,0
3437,0.6735010490136765,1,0
3438,0.6605755858244531,0,0
3439,0.6747030582014516,1,0
3440,0.6409188941860674,0,0
3441,0.6660789785703858,1,0
3442,0.6466975484935196,0,0
3443,0.6690634690691211,1,0
3444,0.6629400709174448,1,0
3445,0.6382242731087187,0,0
3446,0.6726075221941117,1,0
3447,0.6858738424668259,1,0
3448,0.6453933026046436,0,0
3449,0.6483033530023309,0,0
3450,0.6417774777825329,0,0
3451,0.6773793432418154,1,0
3452,0.6628496709962702,1,0
3453,0.6746104755291253,1,0
3454,0.675223772401613,1,0
3455,0.6461416903976609,0,0
3456,0.6365802763234516,0,0
3457,0.674178237682339,1,0
3458,0.6472840258527041,0,0
3459,0.636535119980191,0,0
3460,0.6537395731069947,0,0
3461,0.6531223881581482,0,0
3462,0.6557890914591996,0,0
3463,0.6729299763574487,1,0
3464,0.6610110367564794,0,0
3465,0.6805447934182034,1,0
3466,0.6387122213088973,0,0
3467,0.6476340231277785,0,0
3468,0.6612728165311137,0,0
3469,0.6583566220501093,0,0
3470,0.6602993542238486,0,0
3471,0.6438359787551422,0,0
3472,0.6621673989135352,1,0
3473,0.6802762594854377,1,0
3474,0.6328088008448631,0,0
3475,0.6440944968411018,0,0
3476,0.6641076167753321,1,0
3477,0.6569877117968679,0,0
3478,0.6352612293385305,0,0
3479,0.6690336747664878,1,0
3480,0.646856260238561,0,0
3481,0.6549816023217162,0,0
3482,0.6472096102265512,0,0
3483,0.6558205520111448,0,0
3484,0.671076881662646,1,0
3485,0.64118807809678,0,0
3486,0.634253061632272,0,0
3487,0.656074283133972,0,0
3488,0.6802762594854377,1,0
3489,0.6590181585865824,0,0
3490,0.6769146574174516,1,0
3491,0.6571501138968958,0,0
3492,0.674606883979153,1,0
3493,0.6407943093825291,0,0
3494,0.6439939358739759,0,0
3495,0.6304731691241591,0,0
3496,0.6798323479511457,1,0
3497,0.6654341677250926,1,0
3498,0.6532768936977333,0,0
3499,0.6488685570067022,0,0
3500,0.6755000126312593,1,0
3501,0.6456327557613946,0,0
3502,0.6531469762790448,0,0
3503,0.6521455214508702,0,0
3504,0.6513217258410525,0,0
3505,0.6398360157332516,0,0
3506,0.6713206739147147,1,0
3507,0.6396271225939131,0,0
3508,0.6854091566424622,1,0
3509,0.6433590952390043,0,0
3510,0.646792578893761,0,0
3511,0.6724866001100085,1,0
3512,0.6430873971322054,0,0
3513,0.6727790422813538,1,0
3514,0.6503513141344596,0,0
3515,0.6518142308369921,0,0
3516,0.6421208603322897,0,0
3517,0.6502885811366279,0,0
3518,0.6455360152146669,0,0
3519,0.6395508240584792,0,0
3520,0.6482893529535599,0,0
3521,0.6774332450562474,1,0
3522,0.6757929070373464,1,0
3523,0.6398615271470195,0,0
3524,0.6512127392153606,0,0
3525,0.6615294959378961,0,0
3526,0.6587261921574413,0,0
3527,0.6369236588732083,0,0
3528,0.6435679530960595,0,0
3529,0.6386282374555802,0,0
3530,0.6555891497649873,0,0
3531,0.6633545251423696,1,0
3532,0.6595973626397247,0,0
3533,0.6695689095763144,1,0
3534,0.6356891249942845,0,0
3535,0.6511919907929076,0,0
3536,0.66964259251824,1,0
3537,0.642241402146299,0,0
3538,0.6327580137231972,0,0
3539,0.6797397732074983,1,0
3540,0.6515589623705199,0,0
3541,0.652488904000627,0,0
3542,0.6524115660479057,0,0
3543,0.6654761409564093,1,0
3544,0.6690336747664878,1,0
3545,0.6379739695933226,0,0
3546,0.6417822407738477,0,0
3547,0.6567797675849527,0,0
3548,0.653311668822199,0,0
3549,0.6414238996001655,0,0
3550,0.646911055725334,0,0
3551,0.6311970582203302,0,0
3552,0.6407630144173868,0,0
3553,0.6557980515333675,0,0
3554,0.6576588454285753,0,0
3555,0.6400387722586577,0,0
3556,0.6828317925664302,1,0
3557,0.6606699789171372,0,0
3558,0.6307494093538053,0,0
3559,0.6779837319632748,1,0
3560,0.6702454301322164,1,0
3561,0.6531619262739287,0,0
3562,0.6565734154107983,0,0
3563,0.6482893615826016,0,0
3564,0.6457732517441342,0,0
3565,0.679550441377435,1,0
3566,0.6534633328773486,0,0
3567,0.6717853676677575,1,0
3568,0.6467032020032829,0,0
3569,0.6571501052678542,0,0
3570,0.6783730257840906,1,0
3571,0.6508347115827492,0,0
3572,0.682300157235255,1,0
3573,0.6595639439927095,0,0
3574,0.6370734014214786,0,0
3575,0.6556932934833887,0,0
3576,0.6333372177763393,0,0
3577,0.6500033894618555,0,0
3578,0.6476340317568201,0,0
3579,0.6553643929456425,0,0
3580,0.6399141874551195,0,0
3581,0.680279858964089,1,0
3582,0.6501369170814784,0,0
3583,0.6514450473557244,0,0
3584,0.6412691170772922,0,0
3585,0.6426282271307124,0,0
3586,0.6553388462495913,0,0
3587,0.6493536637224452,0,0
3588,0.6446495873613909,0,0
3589,0.6510604356062902,0,0
3590,0.6676034801249221,1,0
3591,0.6472795845230227,0,0
3592,0.641972897304931,0,0
3593,0.654159576685943,0,0
3594,0.6864028312560584,1,0
3595,0.6434307796819622,0,0
3596,0.660647673359839,0,0
3597,0.6802044590318622,1,0
3598,0.6535042468601615,0,0
3599,0.6747030502727726,1,0
3600,0.646630406173409,0,0
3601,0.6460494919737804,0,0
3602,0.6414277935400503,0,0
3603,0.6468277781777796,0,0
3604,0.6747735992582354,1,0
3605,0.6520904710666382,0,0
3606,0.6769900573496784,1,0
3607,0.6774547431740422,1,0
3608,0.684138575512674,1,0
3609,0.6373496416511247,0,0
3610,0.6798151731397253,1,0
3611,0.6378223141672147,0,0
3612,0.6470548190746362,0,0
3613,0.6475668808076679,0,0
3614,0.683296478390794,1,0
3615,0.6381571307886081,0,0
3616,0.6803298787143881,1,0
3617,0.6405684553173772,0,0
3618,0.6535042554892031,0,0
3619,0.6408830484690362,0,0
3620,0.6395708049053628,0,0
3621,0.6798323479511457,1,0
3622,0.6742383644484088,1,0
3623,0.6513612553277914,0,0
3624,0.6406863847591536,0,0
3625,0.6661159842327937,1,0
3626,0.6560997945477399,0,0
3627,0.667327239895276,1,0
3628,0.6310523731773013,0,0
3629,0.6547387893681269,0,0
3630,0.6853129824201636,1,0
3631,0.661195078562245,0,0
3632,0.6722126287920505,1,0
3633,0.6747030582014516,1,0
3634,0.6368380838036871,0,0
3635,0.6801836847417905,1,0
3636,0.6486182534913061,0,0
3637,0.6486047509767091,0,0
3638,0.6560998031767815,0,0
3639,0.6418528632532817,0,0
3640,0.6472869481792725,0,0
3641,0.6580205081745681,0,0
3642,0.6524217616805165,0,0
3643,0.6428599629621781,0,0
3644,0.6772585833537651,1,0
3645,0.654666701832741,0,0
3646,0.6444183574042449,0,0
3647,0.6857776682445273,1,0
3648,0.6717853597390785,1,0
3649,0.6825840408524153,1,0
3650,0.6580828961324056,0,0
3651,0.6355374695681766,0,0
3652,0.6802714085386737,1,0
3653,0.6717853597390785,1,0
3654,0.676328133918494,1,0
3655,0.6364105351766527,0,0
3656,0.6699691899025703,1,0
3657,0.6472767525466618,0,0
3658,0.689520475851826,1,0
3659,0.6502040680306306,0,0
3660,0.6464733395730238,0,0
3661,0.6859664172104731,1,0
3662,0.634255893608633,0,0
3663,0.6544987770622245,0,0
3664,0.6416305767186982,0,0
3665,0.6456998980815052,0,0
3666,0.6480271127726848,0,0
3667,0.6746104755291253,1,0
3668,0.6359072540501498,0,0
3669,0.6479986307119032,0,0
3670,0.6670006425109457,1,0
3671,0.638399952371239,0,0
3672,0.6595252837333804,0,0
3673,0.6395181445972627,0,0
3674,0.6536550600009974,0,0
3675,0.6803724337077363,1,0
3676,0.6516511521653588,0,0
3677,0.6432074311838547,0,0
3678,0.6512157098623742,0,0
3679,0.6657523811860555,1,0
3680,0.6509305181876017,0,0
3681,0.6475679514002334,0,0
3682,0.6449931521351081,0,0
3683,0.6632163111470909,1,0
3684,0.6798115736610739,1,0
3685,0.6362588797505448,0,0
3686,0.6689411000228406,1,0
3687,0.6609728722576107,0,0
3688,0.6577836247076587,0,0
3689,0.6307100525910685,0,0
3690,0.632286907056225,0,0
3691,0.6374934136294685,0,0
3692,0.663957362756346,1,0
3693,0.6381237121415929,0,0
3694,0.6746104755291253,1,0
3695,0.646863100580029,0,0
3696,0.646057168662622,0,0
3697,0.6612028985535658,0,0
3698,0.6485251744569455,0,0
3699,0.6596048833749996,0,0
3700,0.6413422184705291,0,0
3701,0.6808322685853361,1,0
3702,0.6494241854087133,0,0
3703,0.6645021241052291,1,0
3704,0.6713206739147147,1,0
3705,0.6543619795423133,0,0
3706,0.6516406435001563,0,0
3707,0.6608583623061888,0,0
3708,0.6768938831273799,1,0
3709,0.6378808905589619,0,0
3710,0.6773585689517436,1,0
3711,0.6469737887231657,0,0
3712,0.6396843603071437,0,0
3713,0.6869355061583177,1,0
3714,0.6392074415087224,0,0
3715,0.6320366035408289,0,0
3716,0.6575073844780126,0,0
3717,0.6484576771888723,0,0
3718,0.673483866273577,1,0
3719,0.6456528912831686,0,0
3720,0.6467820615995169,0,0
3721,0.6411985953910241,0,0
3722,0.6411515533104042,0,0
3723,0.6404555084710435,0,0
3724,0.6774547431740422,1,0
3725,0.6661796409324163,1,0
3726,0.6838339176054419,1,0
3727,0.650204059401589,0,0
3728,0.654212236994043,0,0
3729,0.660299345594807,0,0
3730,0.6522915319962564,0,0
3731,0.6493396723027159,0,0
3732,0.658362828760801,0,0
3733,0.6442577419039691,0,0
3734,0.6831890990723678,1,0
3735,0.6500750739048133,0,0
3736,0.6350695022148816,0,0
3737,0.6713206739147147,1,0
3738,0.6713531218922921,1,0
3739,0.6615490567607598,0,0
3740,0.6487708280159374,0,0
3741,0.6726839076301392,1,0
3742,0.6622468333822937,1,0
3743,0.6435539616763302,0,0
3744,0.6415012375528868,0,0
3745,0.6508347202117908,0,0
3746,0.679550441377435,1,0
3747,0.6550626413022284,0,0
3748,0.6349744718146402,0,0
3749,0.6418446201026435,0,0
3750,0.6686763682605503,1,0
3751,0.6511688071260783,0,0
3752,0.6441856629976248,0,0
3753,0.6589337497432921,0,0
3754,0.6564233896251211,0,0
3755,0.6802970337755094,1,0
3756,0.6380726176826108,0,0
3757,0.6572701479485452,0,0
3758,0.6810295840341458,1,0
3759,0.654789883827109,0,0
3760,0.6385437243495828,0,0
3761,0.6430107674739722,0,0
3762,0.6497271492322093,0,0
3763,0.6431353522775104,0,0
3764,0.6452783438098806,0,0
3765,0.6389716200053369,0,0
3766,0.6519134009752757,0,0
3767,0.6528707360493987,0,0
3768,0.6441377078523197,0,0
3769,0.6504386687248924,0,0
3770,0.6433680114018473,0,0
3771,0.6408552128412673,0,0
3772,0.6460571772916636,0,0
3773,0.6511299987174037,0,0
3774,0.6433479111623566,0,0
3775,0.6854055571638108,1,0
3776,0.6431400574403054,0,0
3777,0.6477115658506968,0,0
3778,0.6421962458030385,0,0
3779,0.6529250514360609,0,0
3780,0.6538833364562968,0,0
3781,0.6742383644484088,1,0
3782,0.6409118378671339,0,0
3783,0.6757003243650201,1,0
3784,0.6521740035116518,0,0
3785,0.6537271389073417,0,0
3786,0.6488809912063552,0,0
3787,0.6783532831364238,1,0
3788,0.6407584722945395,0,0
3789,0.657744267944922,0,0
3790,0.6809975967192674,1,0
3791,0.6415453573069383,0,0
3792,0.6728154664060269,1,0
3793,0.6442893632784277,0,0
3794,0.6735754000683626,1,0
3795,0.6371143240333332,0,0
3796,0.6532505157373342,0,0
3797,0.6490774234927991,0,0
3798,0.6477176853194622,0,0
3799,0.6457844111875025,0,0
3800,0.6491479451790672,0,0
3801,0.6563848741828915,0,0
3802,0.6451448075612161,0,0
3803,0.6550536898571021,0,0
3804,0.6709165637639237,1,0
3805,0.6557170125528553,0,0
3806,0.6609266583239197,0,0
3807,0.6574263454975005,0,0
3808,0.6812943157964361,1,0
3809,0.6528856946733241,0,0
3810,0.6802008674818899,1,0
3811,0.6430516900858269,0,0
3812,0.6476303307290292,0,0
3813,0.6456217263596373,0,0
3814,0.6786815063811377,1,0
3815,0.6779844093904468,1,0
3816,0.6505584799821447,0,0
3817,0.634200401324172,0,0
3818,0.6325631472858713,0,0
3819,0.6481502947670528,0,0
3820,0.636183494279796,0,0
3821,0.6447932104408959,0,0
3822,0.6801082927382427,1,0
3823,0.6547082026974727,0,0
3824,0.6475631884089186,0,0
3825,0.6473612656526592,0,0
3826,0.6541295935809568,0,0
3827,0.6542122456230847,0,0
3828,0.6363040360938054,0,0
3829,0.6829525524544805,1,0
3830,0.6438182566114556,0,0
3831,0.6652076198371722,1,0
3832,0.647552992776308,0,0
3833,0.6606462748732804,0,0
3834,0.6689411000228406,1,0
3835,0.6802970417041885,1,0
3836,0.6562971751811522,0,0
3837,0.641354336489052,0,0
3838,0.6432917128664133,0,0
3839,0.6482748709415493,0,0
3840,0.6799077478833725,1,0
3841,0.6496550616968234,0,0
3842,0.6580055581796842,0,0
3843,0.6775025408259836,1,0
3844,0.6546382197719595,0,0
3845,0.6683923354374137,1,0
3846,0.6515231150155516,0,0
3847,0.6597922290770506,0,0
3848,0.6448685673315699,0,0
3849,0.6433636373618515,0,0
3850,0.6400578105346245,0,0
3851,0.6466645331149122,0,0
3852,0.6641755267208989,1,0
3853,0.6394081200774975,0,0
3854,0.6825840408524153,1,0
3855,0.6393991686323712,0,0
3856,0.6425036509562159,0,0
3857,0.6521353258182596,0,0
3858,0.6675014158813366,1,0
3859,0.6655342172215025,1,0
3860,0.6299625243414064,0,0
3861,0.6518323619947635,0,0
3862,0.6496159125323621,0,0
3863,0.6559427365763963,0,0
3864,0.671689193445459,1,0
3865,0.6658104574511486,1,0
3866,0.6363433928565422,0,0
3867,0.656690943895403,0,0
3868,0.6683804937249592,1,0
3869,0.6680657380530834,1,0
3870,0.6426698313838135,0,0
3871,0.6747030582014516,1,0
3872,0.6495919526609217,0,0
3873,0.674606883979153,1,0
3874,0.6505659695121019,0,0
3875,0.6496922024387544,0,0
3876,0.6689252550738424,1,0
3877,0.6521353344473012,0,0
3878,0.6586328622797555,0,0
3879,0.6686685756670598,1,0
3880,0.6590708188946824,0,0
3881,0.6585645662620244,0,0
3882,0.66252307361194,1,0
3883,0.6510952107307559,0,0
3884,0.6500123409069818,0,0
3885,0.6712174512274605,1,0
3886,0.6448973455302556,0,0
3887,0.6603700346436342,0,0
3888,0.6521896412049218,0,0
3889,0.6802762594854377,1,0
3890,0.6847472332112777,1,0
3891,0.6491447972363483,0,0
3892,0.6801836847417905,1,0
3893,0.6415060005442016,0,0
3894,0.6853129824201636,1,0
3895,0.6783730257840906,1,0
3896,0.6358299160974286,0,0
3897,0.6556406331752886,0,0
3898,0.652276498886154,0,0
3899,0.640097348650405,0,0
3900,0.6773793511704944,1,0
3901,0.6806201854217512,1,0
3902,0.6761565676926476,1,0
3903,0.674345743766835,1,0
3904,0.6667824785463928,1,0
3905,0.6858456573224229,1,0
3906,0.6749544093941179,1,0
3907,0.6823719576888304,1,0
3908,0.6778885973120602,1,0
3909,0.688963215283815,1,0
3910,0.6488014146865916,0,0
3911,0.683192698551019,1,0
3912,0.6866027853181319,1,0
3913,0.6838546918955135,1,0
3914,0.6387045359910141,0,0
3915,0.6416966570752849,0,0
3916,0.6391229284027251,0,0
3917,0.6749508099154664,1,0
3918,0.6791532497085409,1,0
3919,0.6791496502298895,1,0
3920,0.6445656035080738,0,0
3921,0.6762319596961954,1,0
3922,0.6466258640505617,0,0
3923,0.6439986988652908,0,0
3924,0.6505058196740446,0,0
3925,0.6830487266767791,1,0
3926,0.6833926526130926,1,0
3927,0.6891519642497608,1,0
3928,0.6483420218907017,0,0
3929,0.6823927319789022,1,0
3930,0.6791704245199612,1,0
3931,0.672591332886492,1,0
3932,0.6760442503013336,1,0
3933,0.6802714085386737,1,0
3934,0.6840226665713877,1,0
3935,0.6667244022812996,1,0
3936,0.6772378090636934,1,0
3937,0.6598401842223557,0,0
3938,0.6557891000882412,0,0
3939,0.6589594596640858,0,0
3940,0.6829328177354929,1,0
3941,0.6706587584122093,1,0
3942,0.6412761381139425,0,0
3943,0.6502150888033463,0,0
3944,0.676328133918494,1,0
3945,0.6455012272280191,0,0
3946,0.6770746932632623,1,0
3947,0.6841863731646154,1,0
3948,0.6554170532537424,0,0
3949,0.6801554995973874,1,0
3950,0.6894279011081788,1,0
3951,0.6664599101691073,1,0
3952,0.681294307867757,1,0
3953,0.6771570048266012,1,0
3954,0.6598128275869147,0,0
3955,0.6723940253663613,1,0
3956,0.680640967640502,1,0
3957,0.6753282132843036,1,0
3958,0.6348569433300355,0,0
3959,0.6492848753710925,0,1
3960,0.6805483849681756,1,0
3961,0.6459234780030514,0,0
3962,0.6838546918955135,1,0
3963,0.6837499591190301,1,0
3964,0.6839300918277404,1,0
3965,0.6832852732946664,1,0
3966,0.6791704324486403,1,0
3967,0.6873040177603829,1,0
3968,0.6794750414452082,1,0
3969,0.6547750172918706,0,0
3970,0.6775987150482822,1,0
3971,0.6830487266767791,1,0
3972,0.6453454861299912,0,0
3973,0.6401377673766656,0,0
3974,0.6883380522722838,1,0
3975,0.6680461772302198,1,0
3976,0.6779837319632748,1,0
3977,0.6803724337077363,1,0
3978,0.6560967922407909,0,0
3979,0.640760182441026,0,0
3980,0.6758634480941302,1,0
3981,0.6693397092987672,1,0
3982,0.6520616200202053,0,0
3983,0.6772378090636934,1,0
3984,0.6924059897270448,1,1
3985,0.6811981415741375,1,0
3986,0.6769146574174516,1,0
3987,0.6884306270159312,1,0
3988,0.6782778911328761,1,0
3989,0.6592490348746927,0,0
3990,0.6715940587942444,1,0
3991,0.6668172166750448,1,0
3992,0.6835777154660116,1,0
3993,0.6725392261763807,1,0
3994,0.6537388433998887,0,0
3995,0.6691042158232716,1,0
3996,0.6461065155023681,0,0
3997,0.6724865921813294,1,0
3998,0.6547387807390852,0,0
3999,0.6811049760376936,1,0
4000,0.6459761383111513,0,0
4001,0.6762527339862672,1,0
4002,0.6421245613600806,0,0
4003,0.657426354126542,0,0
4004,0.6778918346467996,1,0
4005,0.6780805836127454,1,0
4006,0.6564147036657568,0,0
4007,0.6785445920099371,1,0
4008,0.6515174615057883,0,0
4009,0.6492725213535637,0,0
4010,0.6541982455743137,0,0
4011,0.6864028312560584,1,0
4012,0.653891762114863,0,0
4013,0.6706587504835303,1,0
4014,0.6716645998510282,1,0
4015,0.6788885179462506,1,0
4016,0.6770746932632623,1,0
4017,0.6772378090636934,1,0
4018,0.6574237844367004,0,0
4019,0.6445630424472738,0,0
4020,0.6734838742022561,1,0
4021,0.6782778911328761,1,0
4022,0.6751628851503724,1,0
4023,0.6532210168042907,0,0
4024,0.6831890990723678,1,0
4025,0.6667246419313975,1,0
4026,0.6648168696561043,1,0
4027,0.6728752085749733,1,0
4028,0.6633667947757212,1,0
4029,0.6694727353540159,1,0
4030,0.6720538936718442,1,0
4031,0.6748971750172827,1,0
4032,0.6745822903847223,1,0
4033,0.6410364226706721,0,0
4034,0.6724112001777817,1,0
4035,0.6742495774732155,1,0
4036,0.674345743766835,1,0
4037,0.6724105227506095,1,0
4038,0.6884306270159312,1,0
4039,0.6481455896042578,0,0
4040,0.6717099677355307,1,0
4041,0.6450021035802345,0,0
4042,0.6735764489459034,1,0
4043,0.6727998165714255,1,0
4044,0.6813697077999838,1,0
4045,0.6677776561109827,1,0
4046,0.6831890990723678,1,0
4047,0.640547706894924,0,0
4048,0.6638191487610673,1,0
4049,0.674345743766835,1,0
4050,0.6851444248801719,1,0
4051,0.6732103598080881,1,0
4052,0.6753602005991821,1,0
4053,0.6753282132843036,1,0
4054,0.6534768353919456,0,0
4055,0.6749544014654387,1,0
4056,0.6782607163214558,1,0
4057,0.6595365873572685,0,0
4058,0.6728837624237578,1,0
4059,0.6402495376582733,0,0
4060,0.6807163596440498,1,0
4061,0.6388628147714813,0,0
4062,0.6376305870435659,0,0
4063,0.6788131259427027,1,0
4064,0.6851444248801719,1,0
4065,0.6722978511440627,1,0
4066,0.6868675170804222,1,0
4067,0.6833900060711497,1,0
4068,0.649024763184699,0,0
4069,0.6695689095763144,1,0
4070,0.6801554995973874,1,0
4071,0.6780799061855733,1,0
4072,0.6862342737160667,1,0
4073,0.6487679960395765,0,0
4074,0.6509157505632613,0,0
4075,0.6823927319789022,1,0
4076,0.6843376143315214,1,0
4077,0.6451537590063423,0,0
4078,0.6675497590050021,1,0
4079,0.6839300918277404,1,0
4080,0.6778918346467996,1,0
4081,0.6750667188567527,1,0
4082,0.6782607083927766,1,0
4083,0.6862177684031394,1,0
4084,0.6829328177354929,1,0
4085,0.6747735992582354,1,0
4086,0.6884306270159312,1,0
4087,0.6525652025360609,0,0
4088,0.6790742582263417,1,0
4089,0.6532005951622994,0,0
4090,0.6769900573496784,1,0
4091,0.6840226665713877,1,0
4092,0.6366463566800382,0,0
4093,0.656376034777386,0,0
4094,0.6705625841899108,1,0
4095,0.6458839398872709,0,0
4096,0.6455081709578564,0,0
4097,0.6818062084799446,1,0
4098,0.6566996298547673,0,0
4099,0.6803675827609723,1,0
4100,0.6649440934831701,1,0
4101,0.674345751695514,1,0
4102,0.6762527419149462,1,0
4103,0.6462366374591582,0,0
4104,0.6511309305793846,0,0
4105,0.654777449627456,0,0
4106,0.6789312923550926,1,1
4107,0.6612346166780255,0,0
4108,0.6780799061855733,1,0
4109,0.6482222106334494,0,0
4110,0.680564890281103,1,0
4111,0.688963215283815,1,0
4112,0.6756041580714006,1,0
4113,0.6440610781940865,0,0
4114,0.6772831769481958,1,0
4115,0.6782607083927766,1,0
4116,0.6822793829451832,1,0
4117,0.6884342264945824,1,0
4118,0.6749709067783661,1,0
4119,0.6839264923490891,1,0
4120,0.6751421108603006,1,0
4121,0.6576237261309126,0,0
4122,0.6756041580714006,1,0
4123,0.6782571168428043,1,0
4124,0.6419008183985867,0,0
4125,0.6692850259591541,1,0
4126,0.6750469841377651,1,0
4127,0.6470688191234071,0,0
4128,0.6762527419149462,1,0
4129,0.6612872769861255,0,0
4130,0.6806237849004025,1,0
4131,0.6792458244521881,1,0
4132,0.6777986691103557,1,0
4133,0.6592099899729382,0,0
4134,0.6507820599036909,0,0
4135,0.6734084742700293,1,0
4136,0.6859664172104731,1,0
4137,0.6787811386278243,1,0
4138,0.6366867754062989,0,0
4139,0.6829279667887288,1,0
4140,0.681294307867757,1,0
4141,0.6434022976211807,0,0
4142,0.6496159039033205,0,0
4143,0.6609169794854431,0,1
4144,0.6797397732074983,1,0
4145,0.6790570754862423,1,0
4146,0.6723940174376822,1,0
4147,0.682468131911129,1,0
4148,0.6758634480941302,1,0
4149,0.6705625841899108,1,0
4150,0.638351997225934,0,0
4151,0.6776912897919295,1,0
4152,0.6649893749772455,1,0
4153,0.6808322685853361,1,0
4154,0.6397625320290116,0,0
4155,0.6376977293636764,0,0
4156,0.6506542779579556,0,0
4157,0.6835579807470239,1,0
4158,0.6813868905400833,1,0
4159,0.6560742917630136,0,0
4160,0.6779880009404191,1,0
4161,0.6478693493746117,0,0
4162,0.6742495774732155,1,0
4163,0.6716645998510282,1,0
4164,0.6720331193817725,1,0
4165,0.6966533238984552,1,0
4166,0.6798115736610739,1,0
4167,0.6783730257840906,1,0
4168,0.6720219063569657,1,0
4169,0.6762527339862672,1,0
4170,0.6639526095580747,1,1
4171,0.6809014224969687,1,0
4172,0.6694727353540159,1,0
4173,0.6895240753304773,1,0
4174,0.6756967328150478,1,0
4175,0.6756249323614723,1,0
4176,0.6457317508794025,0,0
4177,0.6856091107045357,1,0
4178,0.6885268012382297,1,0
4179,0.6535005544614122,0,0
4180,0.6735764489459034,1,0
4181,0.6870562660463679,1,0
4182,0.680083699143812,1,0
4183,0.6397943848269089,0,0
4184,0.6745143092355057,1,0
4185,0.6745350835255775,1,0
4186,0.6410068682673753,0,0
4187,0.6536550513719558,0,0
4188,0.6775951155696309,1,0
4189,0.6704674495386962,1,0
4190,0.6839264923490891,1,0
4191,0.6756041580714006,1,0
4192,0.6870562660463679,1,0
4193,0.6757880481619034,1,0
4194,0.6765823640844397,1,1
4195,0.6554407723232092,0,0
4196,0.6682715283270019,1,0
4197,0.6419930061734633,0,0
4198,0.6631259112259164,1,0
4199,0.6706403235342776,1,0
4200,0.6566251641099019,0,0
4201,0.6811981415741375,1,0
4202,0.6828402429918455,1,0
4203,0.6557263810711585,0,1
4204,0.6791704324486403,1,0
4205,0.6856091107045357,1,0
4206,0.6789816834826944,1,0
4207,0.6869600918240694,1,0
4208,0.6848398079549249,1,0
4209,0.6778918346467996,1,0
4210,0.6757175071051196,1,0
4211,0.6856091107045357,1,0
4212,0.6805441159910313,1,0
4213,0.6828366435131943,1,0
4214,0.6827648509882978,1,0
4215,0.6720331193817725,1,0
4216,0.6400768454319629,0,1
4217,0.6879659411915673,1,0
4218,0.6810295761054668,1,0
4219,0.6761565676926476,1,0
4220,0.680564890281103,1,0
4221,0.6782607163214558,1,0
4222,0.6776912897919295,1,0
4223,0.6807360943630375,1,0
4224,0.6317603633111828,0,0
4225,0.6782571168428043,1,0
4226,0.6813868905400833,1,0
4227,0.6734802747236048,1,0
4228,0.6771708674855609,1,0
4229,0.6715014840505972,1,0
4230,0.6858702429881746,1,0
4231,0.6720538936718442,1,0
4232,0.6707210446169756,1,1
4233,0.6778885973120602,1,0
4234,0.6754356005314089,1,0
4235,0.6842789479082626,1,0
4236,0.6810295761054668,1,0
4237,0.6835579807470239,1,0
4238,0.6813697077999838,1,0
4239,0.6807360943630375,1,0
4240,0.682857425731945,1,0
4241,0.6757003243650201,1,0
4242,0.6855129364822371,1,0
4243,0.6757672738718317,1,0
4244,0.680527610678104,1,0
4245,0.6610089806243045,0,0
4246,0.6840424012903754,1,0
4247,0.6629549591460604,1,0
4248,0.6735764410172244,1,0
4249,0.6746774250359369,1,0
4250,0.6883380522722838,1,0
4251,0.6850482506578733,1,0
4252,0.6692850259591541,1,0
4253,0.661891158683889,0,0
4254,0.6760614330414331,1,0
4255,0.6776158898597026,1,0
4256,0.6783532831364238,1,0
4257,0.6760406587513613,1,0
4258,0.6837585256018941,1,0
4259,0.6668172166750448,1,0
4260,0.6869636913027208,1,0
4261,0.6723186254341345,1,0
4262,0.6647783643348754,1,0
4263,0.6856569083564771,1,0
4264,0.6878733664479201,1,0
4265,0.6839472745678399,1,0
4266,0.6719293316133185,1,0
4267,0.6752356385406564,1,0
4268,0.6720219063569657,1,0
4269,0.688062115413866,1,0
4270,0.6771708674855609,1,0
4271,0.6780805756840663,1,0
4272,0.6748582351718193,1,0
4273,0.6847472332112777,1,0
4274,0.6701940646591665,1,0
4275,0.688062115413866,1,0
4276,0.6909599623972039,1,0
4277,0.6835777154660116,1,0
4278,0.6805447934182034,1,0
4279,0.6753602005991821,1,0
4280,0.6780598013939946,1,0
4281,0.6802970417041885,1,0
4282,0.6697662170964451,1,0
4283,0.6809748770726234,1,1
4284,0.681008801815395,1,0
4285,0.6884342264945824,1,0
4286,0.6751628851503724,1,0
4287,0.679077857704993,1,0
4288,0.6828402429918455,1,0
4289,0.6787057386955975,1,0
4290,0.6791496502298895,1,0
4291,0.7021017023839677,1,1
4292,0.6738810579424712,1,0
4293,0.6749709067783661,1,0
4294,0.6865915802220043,1,0
4295,0.6784484177876384,1,0
4296,0.6827612515096464,1,0
4297,0.6840424012903754,1,0
4298,0.6723186254341345,1,0
4299,0.6868429314146705,1,0
4300,0.6864954059997057,1,0
4301,0.6715014840505972,1,0
4302,0.6808088477533215,1,0
4303,0.6808296220433933,1,0
4304,0.6839472666391608,1,0
4305,0.6432390525583134,0,0
4306,0.6791704245199612,1,0
4307,0.6733876999799575,1,0
4308,0.6786885638841771,1,0
4309,0.672129285675392,1,0
4310,0.6803675827609723,1,0
4311,0.6805483849681756,1,0
4312,0.6866989595404305,1,0
4313,0.6767061737325181,1,0
4314,0.683296478390794,1,0
4315,0.6728752165036523,1,0
4316,0.677263434300529,1,0
4317,0.6814622825436311,1,0
4318,0.679077857704993,1,0
4319,0.6864954059997057,1,0
4320,0.6704674495386962,1,0
4321,0.6784691920777102,1,0
4322,0.6827648509882978,1,0
4323,0.6818259431989323,1,0
4324,0.6848398079549249,1,0
4325,0.6762319596961954,1,0
4326,0.6747360914591957,1,0
4327,0.6843863272266889,1,0
4328,0.6827648509882978,1,0
4329,0.6509361722052526,0,0
4330,0.6813415226555808,1,0
4331,0.6783642017543009,1,0
4332,0.6810295840341458,1,0
4333,0.6776912897919295,1,0
4334,0.6780805836127454,1,0
4335,0.6789816834826944,1,0
4336,0.6686763682605503,1,0
4337,0.6745143092355057,1,0
4338,0.6779672266503474,1,0
4339,0.6802714085386737,1,0
4340,0.6775233151160553,1,0
4341,0.6552098960350989,0,0
4342,0.6890557900274622,1,0
4343,0.6693776007028013,1,0
4344,0.683369231781078,1,0
4345,0.6800151272017988,1,0
4346,0.6869600918240694,1,0
4347,0.6701235236023827,1,0
4348,0.6748790094618909,1,0
4349,0.6528245394972654,0,1
4350,0.6695689016476354,1,0
4351,0.6800629248537402,1,0
4352,0.6808088477533215,1,0
4353,0.684282547386914,1,0
4354,0.6754355926027299,1,0
4355,0.6842789479082626,1,0
4356,0.6747735992582354,1,0
4357,0.6873700481352664,1,1
4358,0.6700309488587354,1,0
4359,0.6809334098118472,1,0
4360,0.6841863731646154,1,0
4361,0.6748790094618909,1,0
4362,0.6785923896618785,1,0
4363,0.6885268012382297,1,0
4364,0.6741076599669952,1,0
4365,0.647625060712645,0,1
4366,0.6777232771068079,1,0
4367,0.6847472332112777,1,0
4368,0.6678144907672924,1,0
4369,0.6732191424399658,1,0
4370,0.6864028312560584,1,0
4371,0.6693776007028013,1,0
4372,0.674345751695514,1,0
4373,0.6784692000063892,1,0
4374,0.670628846193095,1,1
4375,0.6488685656357438,0,0
4376,0.656473508683794,0,0
4377,0.6705833584799824,1,0
4378,0.6808296220433933,1,0
4379,0.6501951079564627,0,0
4380,0.6922543322183676,1,1
4381,0.6857494831001243,1,0
4382,0.6857530825787757,1,0
4383,0.6806201854217512,1,0
4384,0.6828317925664302,1,0
4385,0.6890593895061136,1,0
4386,0.6819221174212309,1,0
4387,0.6824878666301167,1,0
4388,0.6788885179462506,1,0
4389,0.6668172166750448,1,0
4390,0.680083699143812,1,0
4391,0.6843751221305612,1,0
4392,0.6873040177603829,1,0
4393,0.6779880009404191,1,0
4394,0.6679070655109396,1,0
4395,0.6814574315968671,1,0
4396,0.6832477654956266,1,0
4397,0.6797189989174267,1,0
4398,0.6781645420991571,1,0
4399,0.6834825808147971,1,0
4400,0.6767987484761653,1,0
4401,0.6840226665713877,1,0
4402,0.6757928991086674,1,0
4403,0.6819221174212309,1,0
4404,0.6809975967192674,1,0
4405,0.6891519642497608,1,0
4406,0.6813415226555808,1,0
4407,0.6752356385406564,1,0
4408,0.6846510589889792,1,0
4409,0.6894279011081788,1,0
4410,0.6545136435974629,0,0
4411,0.6591649664031153,0,1
4412,0.6730191804492133,1,0
4413,0.6701235236023827,1,0
4414,0.6777232691781289,1,0
4415,0.6810295761054668,1,0
4416,0.6812453484332822,1,0
4417,0.6445429335787415,0,0
4418,0.6869355061583177,1,0
4419,0.6796425909794034,1,1
4420,0.6776271028845093,1,0
4421,0.6799397272695719,1,0
4422,0.6801762738874592,1,0
4423,0.6791532497085409,1,0
4424,0.6628641314512821,1,0
4425,0.6749709067783661,1,0
4426,0.6806402902133298,1,0
4427,0.6801554995973874,1,0
4428,0.6799189529795002,1,0
4429,0.6567218828316383,0,0
4430,0.6754355926027299,1,0
4431,0.6806201854217512,1,0
4432,0.683369231781078,1,0
4433,0.6838339176054419,1,0
4434,0.6706587584122093,1,0
4435,0.6792458244521881,1,0
4436,0.6787811386278243,1,0
4437,0.6809050219756201,1,0
4438,0.6492653552765915,0,0
4439,0.6805483928968548,1,0
4440,0.6709541889254372,1,1
4441,0.6746774250359369,1,0
4442,0.6777232691781289,1,0
4443,0.686214168924488,1,0
4444,0.6573088170128957,0,0
4445,0.686499005478357,1,0
4446,0.6760406587513613,1,0
4447,0.6847436337326264,1,0
4448,0.6863103431467866,1,0
4449,0.6751628930790514,1,0
4450,0.6799397351982509,1,0
4451,0.6524926050284179,0,0
4452,0.6830965243287205,1,0
4453,0.6782607163214558,1,0
4454,0.6691042158232716,1,0
4455,0.6720538936718442,1,0
4456,0.6868675170804222,1,0
4457,0.6813868826114042,1,0
4458,0.6858456573224229,1,0
4459,0.714622663874284,1,1
4460,0.6833926526130926,1,0
4461,0.6566251641099019,0,0
4462,0.6813612573745685,1,0
4463,0.6830965243287205,1,0
4464,0.6818062084799446,1,0
4465,0.6678144907672924,1,0
4466,0.6813868905400833,1,0
4467,0.6868393319360191,1,0
4468,0.6883380522722838,1,0
4469,0.6625116768747806,1,1
4470,0.6749544014654387,1,0
4471,0.6781853163892289,1,0
4472,0.6794750414452082,1,0
4473,0.680527610678104,1,0
4474,0.6813415226555808,1,0
4475,0.686214168924488,1,0
4476,0.6773339832859919,1,0
4477,0.6757880481619034,1,0
4478,0.6896166500741245,1,0
4479,0.6814622825436311,1,0
4480,0.6411314530709135,0,0
4481,0.6750469841377651,1,0
4482,0.6775025408259836,1,0
4483,0.6735764489459034,1,0
4484,0.673483866273577,1,0
4485,0.6805483928968548,1,0
4486,0.6812735335776853,1,0
4487,0.6638995261413507,1,0
4488,0.6773339832859919,1,0
4489,0.6879659411915673,1,0
4490,0.6833900060711497,1,0
4491,0.684435405001751,1,0
4492,0.6735764410172244,1,0
4493,0.6746981993260085,1,0
4494,0.6819442270568928,1,0
4495,0.6839472666391608,1,0
4496,0.6482872249590781,0,0
4497,0.6719496906556923,1,1
4498,0.6624108747362876,1,0
4499,0.6650931098857504,1,0
4500,0.6878733664479201,1,0
4501,0.6787811386278243,1,0
4502,0.6790778497763139,1,0
4503,0.6777024948880571,1,0
4504,0.6777986691103557,1,0
4505,0.6808322685853361,1,0
4506,0.6734084742700293,1,0
4507,0.6843751221305612,1,0
4508,0.6833900060711497,1,0
4509,0.6800151272017988,1,0
4510,0.6806402902133298,1,0
4511,0.6784691920777102,1,0
4512,0.6839472745678399,1,0
4513,0.6868393319360191,1,0
4514,0.6834618065247253,1,0
4515,0.6783532910651029,1,0
4516,0.6724866001100085,1,0
4517,0.6752382850825992,1,0
4518,0.6775987150482822,1,0
4519,0.6877478601151652,1,1
4520,0.6752356385406564,1,0
4521,0.6771708595568818,1,0
4522,0.6567985952934177,0,0
4523,0.6836573843753829,1,0
4524,0.6791496502298895,1,0
4525,0.6757880481619034,1,0
4526,0.6838546998241927,1,0
4527,0.6800629248537402,1,0
4528,0.677263434300529,1,0
4529,0.6864954059997057,1,0
4530,0.6722978511440627,1,0
4531,0.6896166500741245,1,0
4532,0.6798435609759523,1,0
4533,0.6776537819928897,1,0
4534,0.7077212002793705,1,1
4535,0.6817308164763968,1,0
4536,0.6804522186745562,1,0
4537,0.6723940174376822,1,0
4538,0.6780045062533464,1,0
4539,0.6786849644055257,1,0
4540,0.6870562660463679,1,0
4541,0.6757672738718317,1,0
4542,0.682300157235255,1,0
4543,0.6726839076301392,1,0
4544,0.6672058330686886,1,0
4545,0.681710034257646,1,0
4546,0.6816346422540982,1,0
4547,0.6756967328150478,1,0
4548,0.6572449262814356,0,0
4549,0.6652712126482858,1,1
4550,0.6772585833537651,1,0
4551,0.6811049760376936,1,0
4552,0.6678144907672924,1,0
4553,0.6749508099154664,1,0
4554,0.6767061737325181,1,0
4555,0.6827648430596187,1,0
4556,0.6585136332725952,0,0
4557,0.6788829821981627,1,0
4558,0.6724112001777817,1,0
4559,0.681008801815395,1,0
4560,0.6777024948880571,1,0
4561,0.6705625841899108,1,0
4562,0.6805447934182034,1,0
4563,0.674345751695514,1,0
4564,0.6857530825787757,1,0
4565,0.6834618065247253,1,0
4566,0.6775233151160553,1,0
4567,0.6813612573745685,1,0
4568,0.6730191804492133,1,0
4569,0.677095467553334,1,0
4570,0.6456187557126237,0,0
4571,0.6749715842055382,1,0
4572,0.6812735335776853,1,0
4573,0.683192698551019,1,0
4574,0.6734838742022561,1,0
4575,0.6836738896883102,1,0
4576,0.6840424012903754,1,0
4577,0.6727790422813538,1,0
4578,0.6787057386955975,1,0
4579,0.6783532831364238,1,0
4580,0.6771880422969813,1,0
4581,0.6746774250359369,1,0
4582,0.6803675827609723,1,0
4583,0.6551016146762009,0,0
4584,0.6784692000063892,1,0
4585,0.6715940587942444,1,0
4586,0.6649893749772455,1,0
4587,0.6738810579424712,1,0
4588,0.6731117551928605,1,0
4589,0.6790570754862423,1,0
4590,0.6890593895061136,1,0
4591,0.6723940253663613,1,0
4592,0.678792343723952,1,0
4593,0.6838511003455412,1,0
4594,0.6772634422292081,1,0
4595,0.6838339176054419,1,0
4596,0.6829279667887288,1,0
4597,0.6895240753304773,1,0
4598,0.6800151272017988,1,0
4599,0.6842789479082626,1,0
4600,0.6784691920777102,1,0
4601,0.6777960225684129,1,0
4602,0.6785445920099371,1,0
4603,0.6809221967870405,1,0
4604,0.6777960225684129,1,0
4605,0.6748790094618909,1,0
4606,0.672129293604071,1,0
4607,0.6890557900274622,1,0
4608,0.6807163596440498,1,0
4609,0.6749544093941179,1,0
4610,0.6510128846670319,0,0
4611,0.6728470692484854,1,1
4612,0.6772634422292081,1,0
4613,0.6863103431467866,1,0
4614,0.6818259431989323,1,0
4615,0.6776271028845093,1,0
4616,0.6706587504835303,1,0
4617,0.6762527339862672,1,0
4618,0.6728752085749733,1,0
4619,0.6738810579424712,1,0
4620,0.6862342737160667,1,0
4621,0.6781853163892289,1,0
4622,0.6735764410172244,1,0
4623,0.6847436337326264,1,0
4624,0.6868675170804222,1,0
4625,0.6786885638841771,1,0
4626,0.6757928991086674,1,0
4627,0.673483866273577,1,0
4628,0.6611346025358349,0,0
4629,0.6694628451781397,1,0
4630,0.6460466599974194,0,0
4631,0.674489715641075,1,0
4632,0.6746981993260085,1,0
4633,0.6790570754862423,1,0
4634,0.6432870077036184,0,0
4635,0.6777232771068079,1,0
4636,0.672129285675392,1,0
4637,0.6809334098118472,1,0
4638,0.6772634422292081,1,0
4639,0.6885268012382297,1,0
4640,0.6723904258877099,1,0
4641,0.6595007761322857,0,1
4642,0.6691042158232716,1,0
4643,0.6823755571674818,1,0
4644,0.6734084742700293,1,0
4645,0.6638995261413507,1,0
4646,0.6799189529795002,1,0
4647,0.6787436308287845,1,0
4648,0.6896166500741245,1,0
4649,0.676328133918494,1,0
4650,0.680640967640502,1,0
4651,0.686499005478357,1,0
4652,0.6483694333589176,0,0
4653,0.6767987484761653,1,0
4654,0.6812907163177847,1,0
4655,0.6836537848967315,1,0
4656,0.6861380994937681,1,0
4657,0.6829328177354929,1,0
4658,0.6801590990760388,1,0
4659,0.6823755571674818,1,0
4660,0.6733876999799575,1,0
4661,0.6725488863147747,1,1
4662,0.6663491646879175,1,1
4663,0.6813277253739469,1,0
4664,0.6773339832859919,1,0
4665,0.6750667188567527,1,0
4666,0.6742703517632872,1,0
4667,0.6809221967870405,1,0
4668,0.6779880009404191,1,0
4669,0.6865915802220043,1,0
4670,0.680564890281103,1,0
4671,0.6724112001777817,1,0
4672,0.6846510589889792,1,0
4673,0.6889284886997081,1,1
4674,0.6809221967870405,1,0
4675,0.6805483928968548,1,0
4676,0.6835612101530844,1,0
4677,0.6834654060033767,1,0
4678,0.6794750414452082,1,0
4679,0.6846510589889792,1,0
4680,0.681542067510451,1,0
4681,0.6751628930790514,1,0
4682,0.683192698551019,1,0
4683,0.6837585256018941,1,0
4684,0.6836738896883102,1,0
4685,0.6832852732946664,1,0
4686,0.6697662170964451,1,0
4687,0.6734802747236048,1,0
4688,0.6750667188567527,1,0
4689,0.6814622825436311,1,0
4690,0.6779844093904468,1,0
4691,0.6724105227506095,1,0
4692,0.6862177684031394,1,0
4693,0.6742703517632872,1,0
4694,0.6724866001100085,1,0
4695,0.6782571168428043,1,0
4696,0.6472906405780218,0,0
4697,0.6813868826114042,1,0
4698,0.6857494831001243,1,0
4699,0.6698643400895424,1,0
4700,0.6812453484332822,1,0
4701,0.6720331193817725,1,0
4702,0.662497373812147,1,0
4703,0.6826686767659992,1,0
4704,0.6669624985156493,1,1
4705,0.6806409597118229,1,0
4706,0.6779844093904468,1,0
4707,0.6895240753304773,1,0
4708,0.6685498535830284,1,0
4709,0.6684651947661254,1,1
4710,0.678063400872646,1,0
4711,0.6780805756840663,1,0
4712,0.6695689095763144,1,0
4713,0.6808296220433933,1,0
4714,0.6700309488587354,1,0
4715,0.6771880422969813,1,0
4716,0.6778885973120602,1,0
4717,0.6799728310340575,1,0
4718,0.6884342264945824,1,0
4719,0.6457704197677733,0,0
4720,0.6837585256018941,1,0
4721,0.6715014840505972,1,0
4722,0.656991584170099,0,0
4723,0.6836573843753829,1,0
4724,0.6799397351982509,1,0
4725,0.6727998165714255,1,0
4726,0.678063400872646,1,0
4727,0.6837499591190301,1,0
4728,0.682857425731945,1,0
4729,0.6890557900274622,1,0
4730,0.6733876999799575,1,0
4731,0.6791704245199612,1,0
4732,0.6425837227325318,0,0
4733,0.6748582351718193,1,0
4734,0.6408446955470233,0,0
4735,0.688062115413866,1,0
4736,0.6780805756840663,1,0
4737,0.6787057386955975,1,0
4738,0.6799397272695719,1,0
4739,0.6813661083213325,1,0
4740,0.6728752085749733,1,0
4741,0.6818259431989323,1,0
4742,0.6786131639519501,1,0
4743,0.6771708674855609,1,0
4744,0.6801762738874592,1,0
4745,0.6781645420991571,1,0
4746,0.6779880088690982,1,0
4747,0.6838546918955135,1,0
4748,0.6734838742022561,1,0
4749,0.6764592282050672,1,0
4750,0.6782607083927766,1,0
4751,0.6723904258877099,1,0
4752,0.6777232771068079,1,0
4753,0.6724865921813294,1,0
4754,0.681710034257646,1,0
4755,0.6779880088690982,1,0
4756,0.6767061737325181,1,0
4757,0.6791532497085409,1,0
4758,0.6706587504835303,1,0
4759,0.6772585833537651,1,0
4760,0.6839472666391608,1,0
4761,0.6719293316133185,1,0
4762,0.6833926526130926,1,0
4763,0.6723940253663613,1,0
4764,0.6779880088690982,1,0
4765,0.682744068769547,1,0
4766,0.6807360943630375,1,0
4767,0.681294307867757,1,0
4768,0.6785445920099371,1,0
4769,0.6775951155696309,1,0
4770,0.6771672680069095,1,0
4771,0.6775233151160553,1,0
4772,0.6784484177876384,1,0
4773,0.6749508099154664,1,0
4774,0.6767987484761653,1,0
4775,0.6813612573745685,1,0
4776,0.6728752165036523,1,0
4777,0.6798850282367286,1,1
4778,0.6753394263091104,1,0
4779,0.6715619874748376,1,0
4780,0.6771880422969813,1,0
4781,0.6812943157964361,1,0
4782,0.6855129364822371,1,0
4783,0.6512938815842421,0,0
4784,0.6801590990760388,1,0
4785,0.6799397351982509,1,0
4786,0.6734802747236048,1,0
4787,0.6810295840341458,1,0
4788,0.636989739229795,0,0
4789,0.6863103431467866,1,0
4790,0.6757928991086674,1,0
4791,0.6745822903847223,1,0
4792,0.6834825808147971,1,0
4793,0.6816346422540982,1,0
4794,0.6679070655109396,1,0
4795,0.6757929070373464,1,0
4796,0.6829279667887288,1,0
4797,0.6841863731646154,1,0
4798,0.6856569083564771,1,0
4799,0.6426673849242155,0,0
4800,0.6583244343990722,0,0
4801,0.6509574993958689,0,0
4802,0.648699060588739,0,0
4803,0.684282547386914,1,0
4804,0.6703748747950489,1,0
4805,0.6706587584122093,1,0
4806,0.6868462764936946,1,1
4807,0.6757672738718317,1,0
4808,0.6823719576888304,1,0
4809,0.6869636913027208,1,0
4810,0.6777232691781289,1,0
4811,0.6866027853181319,1,0
4812,0.6989384511197645,1,1
4813,0.6701940646591665,1,0
4814,0.680580659845744,1,0
4815,0.6757003322936992,1,0
4816,0.6839264923490891,1,0
4817,0.656473508683794,0,0
4818,0.6701235236023827,1,0
4819,0.6869636913027208,1,0
4820,0.6645991761226898,1,0
4821,0.6834654060033767,1,0
4822,0.6776158898597026,1,0
4823,0.6827612515096464,1,0
4824,0.6938616967935616,1,1
4825,0.6759480840077141,1,0
4826,0.6862705248088676,1,0
4827,0.6783276578995882,1,0
4828,0.6669466495558484,1,1
4829,0.6704674495386962,1,0
4830,0.6754355926027299,1,0
4831,0.6795223783721771,1,1
4832,0.6754356005314089,1,0
4833,0.6777960225684129,1,0
4834,0.6794200567067337,1,0
4835,0.6516736612721776,0,0
4836,0.6879695406702186,1,0
4837,0.682744068769547,1,0
4838,0.6879695406702186,1,0
4839,0.678792343723952,1,0
4840,0.6789312923550926,1,0
4841,0.6654293674084747,1,0
4842,0.644716911905462,0,0
4843,0.6740676232996428,1,1
4844,0.7016918874473494,1,1
4845,0.6625116768747806,1,0
4846,0.6709657836837929,1,1
4847,0.686214168924488,1,0
4848,0.6598429796093492,0,1
4849,0.6786849644055257,1,0
4850,0.680251673819686,1,0
4851,0.6751421108603006,1,0
4852,0.6826686767659992,1,0
4853,0.675046976209086,1,0
4854,0.6801762738874592,1,0
4855,0.6879695406702186,1,0
4856,0.6836573843753829,1,0
4857,0.6779837319632748,1,0
4858,0.6892412679854055,1,1
4859,0.6847130894033336,1,1
4860,0.68883770895106,1,1
4861,0.6806237849004025,1,0
4862,0.6487964781003579,0,0
4863,0.6861380994937681,1,0
4864,0.6735010490136765,1,0
4865,0.6598271306495483,0,0
4866,0.6672058330686886,1,0
4867,0.6828574178032659,1,0
4868,0.6753394263091104,1,0
4869,0.6508807869340896,0,0
4870,0.6809975967192674,1,0
4871,0.6703360701782256,1,1
4872,0.6486182621203478,0,0
4873,0.6790778497763139,1,0
4874,0.6693776007028013,1,0
4875,0.6835777154660116,1,0
4876,0.6414910419202761,0,0
4877,0.675046976209086,1,0
4878,0.6866989595404305,1,0
4879,0.6724105227506095,1,0
4880,0.6872114430167356,1,0
4881,0.6781559756162931,1,0
4882,0.6706265374441436,1,1
4883,0.6753602005991821,1,0
4884,0.6512058735437132,0,0
4885,0.6756249323614723,1,0
4886,0.6800629248537402,1,0
4887,0.6867467571923719,1,0
4888,0.7079636375366957,1,1
4889,0.6487910617276004,0,0
4890,0.6790742582263417,1,0
4891,0.6781559756162931,1,0
4892,0.6742495774732155,1,0
4893,0.6650424583939696,1,1
4894,0.6526933086806147,0,0
4895,0.6878733664479201,1,0
4896,0.6762527419149462,1,0
4897,0.6868393319360191,1,0
4898,0.6803300749619325,1,0
4899,0.6716204312864776,1,0
4900,0.6828366435131943,1,0
4901,0.6869355061583177,1,0
4902,0.6787169517204041,1,0
4903,0.6647706622996542,1,0
4904,0.6647706622996542,1,0
4905,0.6837499591190301,1,0
4906,0.680527610678104,1,0
4907,0.6865915802220043,1,0
4908,0.6835612101530844,1,0
4909,0.6692850259591541,1,0
4910,0.689520475851826,1,0
4911,0.6821881468818151,1,1
4912,0.6891519642497608,1,0
4913,0.6749715842055382,1,0
4914,0.6564965927012729,0,0
4915,0.6754356005314089,1,0
4916,0.6857494831001243,1,0
4917,0.6855129364822371,1,0
4918,0.6627448211832424,1,1
4919,0.6705833584799824,1,0
4920,0.6753282132843036,1,0
4921,0.6535267559669804,0,0
4922,0.6819221174212309,1,0
4923,0.6474386036053804,0,0
4924,0.677095467553334,1,0
4925,0.6776271028845093,1,0
4926,0.6876339034102117,1,1
4927,0.6783532910651029,1,0
4928,0.672591332886492,1,0
4929,0.6862177684031394,1,0
4930,0.6729671891611345,1,0
4931,0.7001334468829078,1,1
4932,0.6719293316133185,1,0
4933,0.6771708595568818,1,0
4934,0.6638346700191372,1,0
4935,0.6805483849681756,1,0
4936,0.6758634480941302,1,0
4937,0.6751421108603006,1,0
4938,0.6506877980574083,0,0
4939,0.6957391725459734,1,1
4940,0.6838546998241927,1,0
4941,0.6746104834578044,1,0
4942,0.6848398079549249,1,0
4943,0.6823755571674818,1,0
4944,0.6812453484332822,1,0
4945,0.7102069715197296,1,1
4946,0.6714627381593875,1,0
4947,0.6830965243287205,1,0
4948,0.6827612515096464,1,0
4949,0.6780598013939946,1,0
4950,0.6694628451781397,1,1
4951,0.6744606897259521,1,1
4952,0.6717186950289898,1,1
4953,0.684282547386914,1,0
4954,0.6828402429918455,1,0
4955,0.6786849644055257,1,0
4956,0.6872114430167356,1,0
4957,0.6805441159910313,1,0
4958,0.6465352118767502,0,1
4959,0.6756249323614723,1,0
4960,0.6776158898597026,1,0
4961,0.6866989595404305,1,0
4962,0.6760614330414331,1,0
4963,0.6558185794950391,0,1
4964,0.6886860514423829,1,1
4965,0.7022156590889213,1,1
4966,0.6788511542506057,1,1
4967,0.6687636984835943,1,0
4968,0.6649893749772455,1,0
4969,0.6807163596440498,1,0
4970,0.6757003322936992,1,0
4971,0.6727998165714255,1,0
4972,0.6851444248801719,1,0
4973,0.6784484177876384,1,0
4974,0.6791704324486403,1,0
4975,0.6818062084799446,1,0
4976,0.6811049760376936,1,0
4977,0.6783484321896599,1,0
4978,0.672129285675392,1,0
4979,0.6858456573224229,1,0
4980,0.6730191804492133,1,0
4981,0.6812943157964361,1,0
4982,0.6748582351718193,1,0
4983,0.6856569083564771,1,0
4984,0.6824175742098417,1,0
4985,0.6813697077999838,1,0
4986,0.650861229240924,0,0
4987,0.6716645998510282,1,0
4988,0.6828317925664302,1,0
4989,0.6775951155696309,1,0
4990,0.6839300918277404,1,0
4991,0.6798435609759523,1,0
4992,0.6723904258877099,1,0
4993,0.6807324398152983,1,1
4994,0.6757175071051196,1,0
4995,0.6760406587513613,1,0
4996,0.6788134534468822,1,1
4997,0.686499005478357,1,0
4998,0.6723940174376822,1,0
4999,0.6626038636129689,1,0
5000,0.683369231781078,1,0
5001,0.6703728893234926,1,0
5002,0.6771038269770602,1,0
5003,0.681008801815395,1,0
5004,0.6847436337326264,1,0
5005,0.6855668145367944,1,0
5006,0.6822793829451832,1,0
5007,0.6816382417327496,1,0
5008,0.6838511003455412,1,0
5009,0.680640967640502,1,0
5010,0.6796363350771306,1,1
5011,0.6700309488587354,1,0
5012,0.6801590990760388,1,0
5013,0.6777986691103557,1,0
5014,0.6786885638841771,1,0
5015,0.6955875150372963,1,1
5016,0.6788131180140237,1,0
5017,0.6752382850825992,1,0
5018,0.6823719576888304,1,0
5019,0.6753394263091104,1,0
5020,0.6543012973476654,0,1
5021,0.6489891150469453,0,0
5022,0.6816382338040705,1,0
5023,0.6758259402950905,1,0
5024,0.677095467553334,1,0
5025,0.6789816834826944,1,0
5026,0.6770746932632623,1,0
5027,0.6828366435131943,1,0
5028,0.6554067438653781,0,1
5029,0.6786131639519501,1,0
5030,0.6834825808147971,1,0
5031,0.6890593895061136,1,0
5032,0.6695689016476354,1,0
5033,0.6779672266503474,1,0
5034,0.6836537848967315,1,0
5035,0.6717099677355307,1,0
5036,0.680083699143812,1,0
5037,0.6809014224969687,1,0
5038,0.6862342737160667,1,0
5039,0.6780805836127454,1,0
5040,0.672591332886492,1,0
5041,0.6565484516481226,0,0
5042,0.6828574178032659,1,0
5043,0.6749544093941179,1,0
5044,0.6579229394876696,0,0
5045,0.6756967328150478,1,0
5046,0.6817308164763968,1,0
5047,0.6879659411915673,1,0
5048,0.6780799061855733,1,0
5049,0.6804522186745562,1,0
5050,0.6752382850825992,1,0
5051,0.6588332962471606,0,0
5052,0.700397302157853,1,1
5053,0.6872240884735934,1,1
5054,0.6694935096440876,1,0
5055,0.6838546998241927,1,0
5056,0.6836537848967315,1,0
5057,0.679077857704993,1,0
5058,0.6632745963518408,1,1
5059,0.6761368329736599,1,0
5060,0.6696311957810807,1,1
5061,0.679550441377435,1,0
5062,0.6751628930790514,1,0
5063,0.6574132768843766,0,1
5064,0.6755847136724255,1,0
5065,0.6610089806243045,0,1
5066,0.6866027853181319,1,0
5067,0.6790778497763139,1,0
5068,0.682468131911129,1,0
5069,0.6813661083213325,1,0
5070,0.6773537661585927,1,0
5071,0.6731446864188355,1,1
5072,0.6638995261413507,1,0
5073,0.6813661083213325,1,0
5074,0.6568735382577462,0,0
5075,0.6724865921813294,1,0
5076,0.6812907163177847,1,0
5077,0.6835579807470239,1,0
5078,0.6839472745678399,1,0
5079,0.6519436073236524,0,0
5080,0.683296478390794,1,0
5081,0.6816174595139988,1,0
5082,0.6757003322936992,1,0
5083,0.6749715842055382,1,0
5084,0.6827648430596187,1,0
5085,0.6843755777524242,1,0
5086,0.689520475851826,1,0
5087,0.6920148818028984,1,0
5088,0.6809014224969687,1,0
5089,0.6816346422540982,1,0
5090,0.678063400872646,1,0
5091,0.6695689016476354,1,0
5092,0.6726839076301392,1,0
5093,0.6756721392206171,1,0
5094,0.6850482506578733,1,0
5095,0.6805441159910313,1,0
5096,0.6861215941808408,1,0
5097,0.6757326437569187,1,0
5098,0.6862627201900702,1,1
5099,0.6806237849004025,1,0
5100,0.6686763682605503,1,0
5101,0.7002456446491759,1,1
5102,0.683921641402325,1,0
5103,0.6458733711939063,0,1
5104,0.6565484516481226,0,0
5105,0.6506877980574083,0,0
5106,0.6588332962471606,0,0
5107,0.679168843447926,1,0
5108,0.6482872249590781,0,1
5109,0.6828969601165419,1,0
5110,0.6751628851503724,1,0
5111,0.6760442582300127,1,0
5112,0.6788131259427027,1,0
5113,0.6873148682222415,1,1
5114,0.6568330906517746,0,0
5115,0.6576464211928382,0,0
5116,0.6649440934831701,1,0
5117,0.6891204105052214,1,0
5118,0.6584109272963908,0,1
5119,0.6532114485117706,0,0
5120,0.6572449262814356,0,1
5121,0.6447073701789511,0,0
5122,0.6897984237114554,1,0
5123,0.6775025408259836,1,0
5124,0.6665192162443696,1,0
5125,0.6452763242165831,0,1
5126,0.6928212991321882,1,0
5127,0.6547287306591443,0,1
5128,0.6879652540992829,1,0
5129,0.6436175213430562,0,0
5130,0.6736387351506696,1,1
5131,0.6907406377082498,1,0
5132,0.650861229240924,0,0
5133,0.662659248884132,1,0
5134,0.6869564233863675,1,1
5135,0.7083509137849378,1,1
5136,0.6408413515355155,0,0
5137,0.6683074163257032,1,1
5138,0.6844825014489875,1,0
5139,0.6746981993260085,1,0
5140,0.6758144047172787,1,0
5141,0.656991584170099,0,0
5142,0.67055637292604,1,0
5143,0.684138575512674,1,0
5144,0.6875217056439435,1,1
5145,0.6626038636129689,1,0
5146,0.6827648430596187,1,0
5147,0.6509361722052526,0,0
5148,0.6740570379970294,1,0
5149,0.6508058439697609,0,0
5150,0.7082449719209423,1,1
5151,0.6782896818053104,1,1
5152,0.6816382338040705,1,0
5153,0.674200784239812,1,1
5154,0.6748430022228746,1,0
5155,0.6506877980574083,0,0
5156,0.6517346906613706,0,0
5157,0.6587531307734543,0,0
5158,0.681266122723354,1,0
5159,0.6496967110007533,0,0
5160,0.6450201333433753,0,0
5161,0.6558354402397604,0,0
5162,0.6781493091502125,1,0
5163,0.6652593158520227,1,1
5164,0.6765823640844397,1,0
5165,0.6591811389265053,0,0
5166,0.7018530092243698,1,1
5167,0.6798435609759523,1,0
5168,0.6725893474149357,1,0
5169,0.6836232405674388,1,1
5170,0.6694935096440876,1,0
5171,0.6598429796093492,0,0
5172,0.6669624985156493,1,0
5173,0.6761368329736599,1,0
5174,0.6761368250449808,1,0
5175,0.6736132781473824,1,1
5176,0.7095772580141623,1,1
5177,0.678133525835719,1,0
5178,0.6933470169711173,1,0
5179,0.6800549597914541,1,1
5180,0.6587531307734543,0,1
5181,0.6492848753710925,0,0
5182,0.6816382417327496,1,0
5183,0.6568330906517746,0,1
5184,0.6458733711939063,0,0
5185,0.682218946910308,1,0
5186,0.6532210168042907,0,0
5187,0.6838511003455412,1,0
5188,0.6705305824505828,1,0
5189,0.672129293604071,1,0
5190,0.6669362331055618,1,0
5191,0.652294764328667,0,1
5192,0.6450755186145383,0,0
5193,0.6959816098032987,1,1
5194,0.6566664975604752,0,0
5195,0.6779672266503474,1,0
5196,0.6785024042061194,1,1
5197,0.7004880819065011,1,1
5198,0.677263434300529,1,0
5199,0.6785923896618785,1,0
5200,0.6811981415741375,1,0
5201,0.6622769459398264,1,0
5202,0.6394078539005053,0,0
5203,0.6664599101691073,1,0
5204,0.6834618065247253,1,0
5205,0.6736791962508305,1,0
5206,0.6813621533208655,1,1
5207,0.6756721392206171,1,0
5208,0.6591583828567843,0,0
5209,0.6698643400895424,1,1
5210,0.6861750523721232,1,1
5211,0.6667246419313975,1,0
5212,0.6567985952934177,0,0
5213,0.636069306062374,0,1
5214,0.6512049154927722,0,0
5215,0.6669362331055618,1,1
5216,0.6941255520685068,1,1
5217,0.6397515026996207,0,1
5218,0.650861229240924,0,0
5219,0.6853428029089009,1,1
5220,0.681542067510451,1,0
5221,0.7006020386114546,1,1
5222,0.6680364983917432,1,1
5223,0.6941103899531594,1,1
5224,0.6802591488107443,1,0
5225,0.6713828852998194,1,0
5226,0.6512058735437132,0,0
5227,0.6508807869340896,0,0
5228,0.6517346906613706,0,1
5229,0.645193564526891,0,0
5230,0.6942163318171549,1,1
5231,0.7035547874933686,1,0
5232,0.680251673819686,1,0
5233,0.6789651109555592,1,1
5234,0.6784692000063892,1,0
5235,0.678792343723952,1,0
5236,0.6496967110007533,0,1
5237,0.6722127129105517,1,0
5238,0.6931764204886469,1,0
5239,0.6888456906518063,1,0
5240,0.6717186950289898,1,0
5241,0.6797277689654498,1,0
5242,0.6703748747950489,1,0
5243,0.7018592651266425,1,1
5244,0.6675497590050021,1,0
5245,0.6450755186145383,0,0
5246,0.6806409597118229,1,0
5247,0.6664599101691073,1,0
5248,0.6706265374441436,1,0
5249,0.6816382338040705,1,0
5250,0.6502937579780765,0,0
5251,0.6446151717550705,0,0
5252,0.6939738945598297,1,1
5253,0.6812489479119336,1,0
5254,0.6744948648365305,1,0
5255,0.6754902064995935,1,1
5256,0.6512914083900908,0,0
5257,0.6868047658776905,1,1
5258,0.6574942431132873,0,1
5259,0.680854378220998,1,0
5260,0.6371591548982688,0,0
5261,0.6811735479797068,1,0
5262,0.6828343146536829,1,0
5263,0.6633667947757212,1,1
5264,0.6679627851653841,1,1
5265,0.6511309305793846,0,0
5266,0.6450755186145383,0,0
5267,0.6450755186145383,0,0
5268,0.6538894617180044,0,1
5269,0.7074535351921446,1,1
5270,0.6761565676926476,1,0
5271,0.6938679526958343,1,1
5272,0.6601787893385197,0,1
5273,0.6694185959014726,1,0
5274,0.6509361722052526,0,0
5275,0.6549793105538994,0,0
5276,0.6389869965960681,0,1
5277,0.6866292325603632,1,0
5278,0.6634437472702533,1,1
5279,0.6894279011081788,1,0
5280,0.694367989325832,1,1
5281,0.6653112493156382,1,0
5282,0.6569252890756552,0,1
5283,0.6784436149944876,1,0
5284,0.67573374187121,1,0
5285,0.6875962026064881,1,1
5286,0.6400768454319629,0,0
5287,0.6589100087089399,0,0
5288,0.6872114430167356,1,0
5289,0.6452763242165831,0,0
5290,0.654744579618945,0,0
5291,0.6886115544798384,1,1
5292,0.6646190068735464,1,0
5293,0.684138575512674,1,0
5294,0.6873076172390342,1,0
5295,0.6852368610449054,1,1
5296,0.6680364983917432,1,0
5297,0.6510128846670319,0,0
5298,0.6469632200298011,0,0
5299,0.671805650475386,1,0
5300,0.6503747242069873,0,0
5301,0.6727790422813538,1,0
5302,0.6813277253739469,1,0
5303,0.6771708595568818,1,0
5304,0.6567432100222546,0,0
5305,0.6450755186145383,0,0
5306,0.6807261839130255,1,1
5307,0.6486068621648585,0,1
5308,0.6851911454002237,1,1
5309,0.6726209147772637,1,1
5310,0.6567432100222546,0,0
5311,0.6847292617101264,1,0
5312,0.650861229240924,0,0
5313,0.6933441810542624,1,1
5314,0.6538894617180044,0,0
5315,0.6732191345112868,1,0
5316,0.6640643200888794,1,1
5317,0.672454002822176,1,1
5318,0.6707507310696915,1,0
5319,0.6759480840077141,1,0
5320,0.6658726496797543,1,0
5321,0.650861229240924,0,0
5322,0.6461065155023681,0,1
5323,0.6568162299070534,0,1
5324,0.6452685074912196,0,0
5325,0.6687027407527836,1,0
5326,0.6568735382577462,0,0
5327,0.6812735335776853,1,0
5328,0.6649440934831701,1,0
5329,0.6397515026996207,0,0
5330,0.6762319596961954,1,0
5331,0.6603309674180706,0,1
5332,0.6821591196609812,1,0
5333,0.6523812572259857,0,1
5334,0.6638346700191372,1,1
5335,0.6818071112806471,1,0
5336,0.6416715428213003,0,1
5337,0.6623341622745083,1,0
5338,0.6744432214971372,1,0
5339,0.6788131180140237,1,0
5340,0.7084874091782675,1,1
5341,0.674200784239812,1,0
5342,0.6763842653216159,1,0
5343,0.6817308085477177,1,0
5344,0.6862749568937335,1,0
5345,0.6736452023673685,1,0
5346,0.656473508683794,0,0
5347,0.6493770737949729,0,1
5348,0.6774125553702246,1,1
5349,0.6381568053102831,0,0
5350,0.6774125553702246,1,0
5351,0.6776537819928897,1,0
5352,0.6874001919826815,1,0
5353,0.659414283234967,0,1
5354,0.6511309305793846,0,0
5355,0.6817308085477177,1,0
5356,0.6645991761226898,1,1
5357,0.6590889405026248,0,1
5358,0.6705833584799824,1,0
5359,0.6874001919826815,1,0
5360,0.6453452199529989,0,0
5361,0.6741678072301729,1,0
5362,0.7005520715972311,1,1
5363,0.673143742507739,1,0
5364,0.6587362700287331,0,1
5365,0.662659248884132,1,0
5366,0.681710034257646,1,0
5367,0.6868429314146705,1,0
5368,0.6498809105634952,0,1
5369,0.6685498535830284,1,1
5370,0.681266122723354,1,0
5371,0.6958299522946215,1,1
5372,0.6536547307830503,0,0
5373,0.6580912900906105,0,0
5374,0.6725488863147747,1,0
5375,0.6394078539005053,0,0
5376,0.683239632148494,1,1
5377,0.6658726496797543,1,1
5378,0.6719996576699158,1,1
5379,0.6566251641099019,0,0
5380,0.6777024948880571,1,0
5381,0.6502937579780765,0,1
5382,0.6934958385629396,1,1
5383,0.6579229394876696,0,1
5384,0.6955634750625603,1,0
5385,0.6952002387890542,1,1
5386,0.6829686499663956,1,0
5387,0.703305507924816,1,1
5388,0.6381568053102831,0,1
5389,0.6890896104767285,1,1
5390,0.6874759899992618,1,1
5391,0.6513836068139713,0,0
5392,0.7020109226353197,1,1
5393,0.6673753459302305,1,0
5394,0.6885241796168067,1,0
5395,0.6487910617276004,0,1
5396,0.6771672680069095,1,0
5397,0.6783484321896599,1,0
5398,0.6869457198015695,1,0
5399,0.673143742507739,1,0
5400,0.6788885179462506,1,0
5401,0.6706790412198378,1,0
5402,0.6647706622996542,1,0
5403,0.6498809105634952,0,0
5404,0.6508807869340896,0,0
5405,0.683239632148494,1,0
5406,0.6759688582977859,1,0
5407,0.6632745963518408,1,0
5408,0.6816174595139988,1,0
5409,0.6640448079819552,1,0
5410,0.654744579618945,0,1
5411,0.6682715283270019,1,0
5412,0.6756721392206171,1,0
5413,0.6708598418197974,1,1
5414,0.6816174595139988,1,0
5415,0.6949578015317291,1,1
5416,0.6823398043904921,1,1
5417,0.6994622227613363,1,1
5418,0.6520616200202053,0,1
5419,0.6761368329736599,1,0
5420,0.6953518962977314,1,1
5421,0.6810982980459201,1,1
5422,0.6812489479119336,1,0
5423,0.6773176718776259,1,1
5424,0.6662844853094153,1,1
5425,0.6574942431132873,0,0
5426,0.6507370402493562,0,0
5427,0.6823927319789022,1,0
5428,0.6479608704418155,0,0
5429,0.6564043942773925,0,1
5430,0.6843376143315214,1,0
5431,0.6732191424399658,1,0
5432,0.6450201333433753,0,0
5433,0.6639526095580747,1,0
5434,0.6840235693720902,1,0
5435,0.6512049154927722,0,1
5436,0.6803300749619325,1,0
5437,0.682468131911129,1,0
5438,0.6672058330686886,1,0
5439,0.6636575921708192,1,1
5440,0.6624858177006162,1,0
5441,0.6623341622745083,1,0
5442,0.6720219063569657,1,0
5443,0.7068737887008009,1,1
5444,0.6690341488037576,1,0
5445,0.6561550774455408,0,0
5446,0.6509361722052526,0,0
5447,0.6583244343990722,0,1
5448,0.6567218828316383,0,0
5449,0.6707210446169756,1,0
5450,0.6370669564743883,0,1
5451,0.6557263810711585,0,0
5452,0.6703748747950489,1,0
5453,0.6783276578995882,1,0
5454,0.6814574315968671,1,0
5455,0.6804522186745562,1,0
5456,0.6679442999678626,1,1
5457,0.6755847136724255,1,1
5458,0.6620988294601994,1,1
5459,0.6780045062533464,1,0
5460,0.6785024042061194,1,0
5461,0.656473508683794,0,0
5462,0.6468710216059207,0,0
5463,0.6955130180747517,1,1
5464,0.6666937958482366,1,1
5465,0.6567985952934177,0,0
5466,0.69146289548957,1,1
5467,0.6408413515355155,0,1
5468,0.6398437011235011,0,1
5469,0.6623341622745083,1,0
5470,0.6590889405026248,0,0
5471,0.6510128846670319,0,0
5472,0.6773462642343853,1,0
5473,0.6591583828567843,0,0
5474,0.6785923896618785,1,0
5475,0.674489715641075,1,0
5476,0.6780598013939946,1,0
5477,0.6693371151843621,1,1
5478,0.6709541889254372,1,0
5479,0.7085933510422628,1,1
5480,0.6519694215963248,0,0
5481,0.6878763406675369,1,1
5482,0.6585031257202714,0,1
5483,0.6568735382577462,0,0
5484,0.6794542671551365,1,0
5485,0.6701940646591665,1,0
5486,0.6694935096440876,1,0
5487,0.6794846775684535,1,1
5488,0.6760442503013336,1,0
5489,0.6682715283270019,1,0
5490,0.6683729963422449,1,0
5491,0.6817308085477177,1,0
5492,0.6938993975972851,1,1
5493,0.6687636984835943,1,1
5494,0.6618301267927867,0,1
5495,0.6873076172390342,1,0
5496,0.6761368250449808,1,0
5497,0.6768235907071048,1,0
5498,0.6574132768843766,0,0
5499,0.6696311957810807,1,0
5500,0.6629549591460604,1,1
5501,0.656473508683794,0,0
5502,0.708124759313716,1,1
5503,0.6816045905781907,1,1
5504,0.6859825821290214,1,1
5505,0.6389869965960681,0,0
5506,0.673143742507739,1,0
5507,0.6624108747362876,1,0
5508,0.6789637049999003,1,0
5509,0.6636015257106755,1,0
5510,0.6568162299070534,0,0
5511,0.6646190068735464,1,0
5512,0.6441864753806883,0,0
5513,0.6509361722052526,0,0
5514,0.6926484269843699,1,1
5515,0.6772144147892145,1,0
5516,0.6817308164763968,1,0
5517,0.6624108747362876,1,0
5518,0.682300157235255,1,0
5519,0.662659248884132,1,0
5520,0.6505269022865382,0,1
5521,0.6565484516481226,0,0
5522,0.6809585015919428,1,0
5523,0.6509717711843105,0,1
5524,0.6787169517204041,1,0
5525,0.6924967694756928,1,1
5526,0.6829971948911688,1,1
5527,0.6792458244521881,1,0
5528,0.6787436308287845,1,0
5529,0.6394078539005053,0,0
5530,0.6623341622745083,1,0
5531,0.6684651947661254,1,0
5532,0.681152773689635,1,0
5533,0.645193564526891,0,0
5534,0.6845614318946566,1,1
5535,0.6568181529865832,0,0
5536,0.6805745264043483,1,1
5537,0.6717572204125906,1,1
5538,0.6850852035362284,1,1
5539,0.6523812572259857,0,0
5540,0.6780289705019368,1,1
5541,0.6826686767659992,1,0
5542,0.6867467571923719,1,0
5543,0.6867467571923719,1,0
5544,0.673250628282831,1,1
5545,0.6513836068139713,0,1
5546,0.6775805048147513,1,0
5547,0.6672021378100296,1,0
5548,0.6848532526259606,1,1
5549,0.6624858177006162,1,0
5550,0.6651946364735205,1,1
5551,0.6758259402950905,1,0
5552,0.6754925152485449,1,0
5553,0.6814199237978273,1,0
5554,0.6506877980574083,0,0
5555,0.6387538522876063,0,1
5556,0.6812499555545973,1,1
5557,0.6935866183115876,1,1
5558,0.6567985952934177,0,0
5559,0.6450201333433753,0,0
5560,0.6387538522876063,0,0
5561,0.672754448686923,1,0
5562,0.6692462213423308,1,1
5563,0.6859080851664768,1,1
5564,0.6512914083900908,0,1
5565,0.6750469841377651,1,0
5566,0.6701348817037357,1,1
5567,0.6783532910651029,1,0
5568,0.6476092117528442,0,0
5569,0.6890801462083852,1,1
5570,0.6834715830587617,1,1
5571,0.678133525835719,1,1
5572,0.6817136337362973,1,0
5573,0.67055637292604,1,0
5574,0.6651946364735205,1,0
5575,0.6465352118767502,0,0
5576,0.6567218828316383,0,0
5577,0.6775601091349511,1,0
5578,0.669589192383943,1,0
5579,0.656991584170099,0,0
5580,0.6468710216059207,0,1
5581,0.6626038636129689,1,0
5582,0.6725185931118203,1,0
5583,0.6566251641099019,0,0
5584,0.6442786738045688,0,1
5585,0.6590067274306763,0,0
5586,0.6832477654956266,1,0
5587,0.6757326437569187,1,1
5588,0.6879902973724904,1,1
5589,0.6565484516481226,0,0
5590,0.6566664975604752,0,0
5591,0.6619146298974575,0,0
5592,0.6732191345112868,1,0
5593,0.6744432214971372,1,1
5594,0.6682715283270019,1,0
5595,0.6567218828316383,0,0
5596,0.6951094590404062,1,1
5597,0.6447073701789511,0,1
5598,0.6811290980744131,1,0
5599,0.67420452583164,1,0
5600,0.6624858177006162,1,0
5601,0.6603006742151161,0,0
5602,0.6510542181176053,0,0
5603,0.6510128846670319,0,0
5604,0.7006397394151782,1,1
5605,0.6709507356618287,1,1
5606,0.6510542181176053,0,0
5607,0.681152773689635,1,0
5608,0.6787420435004998,1,0
5609,0.6493770737949729,0,0
5610,0.6709507356618287,1,0
5611,0.6812907163177847,1,0
5612,0.679903302282777,1,1
5613,0.6742703517632872,1,0
5614,0.6567218828316383,0,0
5615,0.658758353282832,0,0
5616,0.6755795644769699,1,0
5617,0.6740676232996428,1,0
5618,0.6551574270335264,0,1
5619,0.6870724309649163,1,1
5620,0.6833455561658562,1,0
5621,0.6549793105538994,0,1
5622,0.7022533598926448,1,1
5623,0.6916145529982471,1,1
5624,0.7066313514434757,1,1
5625,0.6828574178032659,1,0
5626,0.652294764328667,0,0
5627,0.6817136337362973,1,0
5628,0.6857564276577998,1,1
5629,0.6569252890756552,0,0
5630,0.6592108253792213,0,0
5631,0.6755795644769699,1,0
5632,0.6809050219756201,1,0
5633,0.6829971948911688,1,0
5634,0.6590067274306763,0,0
5635,0.6840178156246237,1,0
5636,0.6781645420991571,1,0
5637,0.6636575921708192,1,0
5638,0.6953613605660747,1,1
5639,0.681152773689635,1,0
5640,0.6930765159670367,1,1
5641,0.6752576560660677,1,0
5642,0.6786131639519501,1,0
5643,0.6760442503013336,1,0
5644,0.6591583828567843,0,0
5645,0.703063070667491,1,1
5646,0.6530592704322197,0,1
5647,0.670628846193095,1,0
5648,0.6735010490136765,1,0
5649,0.6874665257309186,1,1
5650,0.683921641402325,1,0
5651,0.683921641402325,1,0
5652,0.7034666297018365,1,1
5653,0.6978486022838697,1,1
5654,0.6745822903847223,1,0
5655,0.6562472758694212,0,0
5656,0.6667246419313975,1,0
5657,0.6690341488037576,1,1
5658,0.6509717711843105,0,0
5659,0.6770594603143177,1,0
5660,0.6662844853094153,1,0
5661,0.7012232957188026,1,1
5662,0.6811735479797068,1,0
5663,0.6622769459398264,1,1
5664,0.6816365147981768,1,0
5665,0.6844825014489875,1,0
5666,0.7013383294019255,1,0
5667,0.6717099677355307,1,0
5668,0.6565484516481226,0,0
5669,0.6730895065058106,1,1
5670,0.6702930364639246,1,0
5671,0.6832852732946664,1,0
5672,0.6788131180140237,1,0
5673,0.6646957193353257,1,0
5674,0.6824175742098417,1,0
5675,0.6843863272266889,1,0
5676,0.6627448211832424,1,0
5677,0.663509327286795,1,0
5678,0.6650424583939696,1,0
5679,0.6915768521945235,1,1
5680,0.6774741141575108,1,0
5681,0.6768235907071048,1,0
5682,0.6567985952934177,0,0
5683,0.6645880917304512,1,1
5684,0.6519694215963248,0,1
5685,0.6732191345112868,1,0
5686,0.7093348207568371,1,1
5687,0.6797969629061943,1,0
5688,0.6476092117528442,0,1
5689,0.6731117551928605,1,0
5690,0.6589100087089399,0,0
5691,0.6937382758202647,1,1
5692,0.6799909701007241,1,1
5693,0.675046976209086,1,0
5694,0.6565484516481226,0,0
5695,0.6863267098808002,1,1
5696,0.6760614330414331,1,0
5697,0.6567985952934177,0,0
5698,0.694280321507885,1,1
5699,0.6675497590050021,1,0
5700,0.6731229682176673,1,0
5701,0.6868429314146705,1,0
5702,0.685113418207985,1,0
5703,0.6754902064995935,1,0
5704,0.6876276475079389,1,1
5705,0.6683729963422449,1,1
5706,0.6370669564743883,0,0
5707,0.6784238321218867,1,0
5708,0.643188824968674,0,1
5709,0.6589100087089399,0,0
5710,0.6636015257106755,1,1
5711,0.6747031269832773,1,1
5712,0.647625060712645,0,0
5713,0.6646190068735464,1,0
5714,0.6728496314917507,1,0
5715,0.6862250193863466,1,1
5716,0.6436175213430562,0,1
5717,0.6860703070428396,1,0
5718,0.6442786738045688,0,0
5719,0.6510128846670319,0,0
5720,0.6748642487602976,1,1
5721,0.6568735382577462,0,0
5722,0.6450755186145383,0,0
5723,0.6736387351506696,1,0
5724,0.6884598969711613,1,1
5725,0.6518268890852511,0,0
5726,0.6797471463131857,1,1
5727,0.6747350512032633,1,0
5728,0.6371591548982688,0,1
5729,0.6416715428213003,0,0
5730,0.672754448686923,1,0
5731,0.6940196102045114,1,1
5732,0.6784413393139874,1,1
5733,0.6788829821981627,1,0
5734,0.7162362843517506,1,1
5735,0.6532114485117706,0,1
5736,0.6566251641099019,0,0
5737,0.7003596013541294,1,1
5738,0.6618301267927867,0,0
5739,0.6643644451877356,1,1
5740,0.636069306062374,0,0
5741,0.6725794041612595,1,1
5742,0.6558185794950391,0,0
5743,0.7148651011316091,1,1
5744,0.6685212612262691,1,1
5745,0.6568735382577462,0,0
5746,0.6755795644769699,1,0
5747,0.6754925152485449,1,1
5748,0.6913368685966645,1,0
5749,0.648699060588739,0,1
5750,0.6530592704322197,0,0
5751,0.6846108153686356,1,1
5752,0.6848532526259606,1,0
5753,0.6595007761322857,0,0
5754,0.6771998329694155,1,1
5755,0.6506877980574083,0,0
5756,0.6775987150482822,1,0
5757,0.6733708408900572,1,1
5758,0.6452685074912196,0,0
5759,0.6507370402493562,0,1
5760,0.6703773189610609,1,0
5761,0.6567218828316383,0,0
5762,0.6654293674084747,1,1
5763,0.6427613916571951,0,1
5764,0.6855668145367944,1,0
5765,0.6620988294601994,1,0
5766,0.6591811389265053,0,1
5767,0.6717597826558558,1,0
5768,0.6624108747362876,1,0
5769,0.6797485328433989,1,1
5770,0.6568181529865832,0,0
5771,0.6682715283270019,1,0
5772,0.6744948648365305,1,1
5773,0.6814199237978273,1,0
5774,0.6791737296124177,1,0
5775,0.6673753459302305,1,1
5776,0.6944368658070121,1,0
5777,0.6747360914591957,1,0
5778,0.6561550774455408,0,1
5779,0.668610542328903,1,0
5780,0.6623341622745083,1,0
5781,0.6942620474618366,1,1
5782,0.6760568419746038,1,1
5783,0.6759328510587695,1,0
5784,0.6759688582977859,1,0
5785,0.6543012973476654,0,0
5786,0.6781559756162931,1,0
5787,0.6949515456294564,1,1
5788,0.6683074163257032,1,0
5789,0.6773462642343853,1,1
5790,0.6624108747362876,1,0
5791,0.6558354402397604,0,1
5792,0.6806409597118229,1,0
5793,0.672454002822176,1,0
5794,0.6718405799055863,1,0
5795,0.6781853163892289,1,0
5796,0.6761368250449808,1,0
5797,0.6731229682176673,1,0
5798,0.6576464211928382,0,1
5799,0.658758353282832,0,0
5800,0.6786379201295549,1,0
5801,0.6568181529865832,0,0
5802,0.6614208162539654,0,0
5803,0.6836738896883102,1,0
5804,0.6625171323065592,1,0
5805,0.6564043942773925,0,0
5806,0.6713828852998194,1,1
5807,0.7028369161962692,1,1
5808,0.6536547307830503,0,1
5809,0.6784238321218867,1,0
5810,0.6567432100222546,0,0
5811,0.6398437011235011,0,0
5812,0.6471963643382629,0,0
5813,0.6783276578995882,1,0
5814,0.6728954993112809,1,0
5815,0.6682715283270019,1,0
5816,0.693747740088608,1,1
5817,0.6509361722052526,0,0
5818,0.6585031257202714,0,0
5819,0.6646957193353257,1,0
5820,0.6931904726719902,1,1
5821,0.6679070655109396,1,0
5822,0.663509327286795,1,1
5823,0.696565166106923,1,1
5824,0.6732191424399658,1,0
5825,0.6731229682176673,1,0
5826,0.6869979340023717,1,1
5827,0.6609169794854431,0,0
5828,0.6932281734757137,1,1
5829,0.6843863272266889,1,0
5830,0.6584109272963908,0,0
5831,0.6624108747362876,1,0
5832,0.6840178156246237,1,0
5833,0.6693371151843621,1,0
5834,0.662659248884132,1,0
5835,0.669700391164798,1,0
5836,0.6761245659533197,1,0
5837,0.6453452199529989,0,0
5838,0.6564965927012729,0,1
5839,0.67573374187121,1,0
5840,0.6634437472702533,1,0
5841,0.6749544014654387,1,0
5842,0.6516167511224331,0,0
5843,0.6811735479797068,1,0
5844,0.6715940587942444,1,0
5845,0.681266122723354,1,0
5846,0.6669466495558484,1,0
5847,0.6799728310340575,1,0
5848,0.6601787893385197,0,0
5849,0.7011817851027984,1,1
5850,0.6624858177006162,1,0
5851,0.6679442999678626,1,0
5852,0.6759688582977859,1,0
5853,0.6722401579216102,1,1
5854,0.6509574993958689,0,0
5855,0.6771038269770602,1,1
5856,0.6809334098118472,1,0
5857,0.6835612101530844,1,0
5858,0.6715310659413688,1,1
5859,0.7099645342624044,1,1
5860,0.6512058735437132,0,0
5861,0.7017470673603744,1,1
5862,0.6758144047172787,1,1
5863,0.6656779405663461,1,1
5864,0.6646957193353257,1,0
5865,0.7014494501900242,1,1
5866,0.6441864753806883,0,1
5867,0.6701348817037357,1,0
5868,0.6566251641099019,0,0
5869,0.6532210168042907,0,0
5870,0.6874001919826815,1,0
5871,0.6508058439697609,0,0
5872,0.6623341622745083,1,0
5873,0.6503747242069873,0,1
5874,0.6863766768950238,1,1
5875,0.6844769657008996,1,0
5876,0.6816382417327496,1,0
5877,0.6505269022865382,0,0
5878,0.656473508683794,0,0
5879,0.6516167511224331,0,1
5880,0.6580751175672205,0,0
5881,0.682857425731945,1,0
5882,0.6797471463131857,1,0
5883,0.705839914714678,1,1
5884,0.6588332962471606,0,0
5885,0.6784238321218867,1,0
5886,0.6861342396376986,1,1
5887,0.6551574270335264,0,0
5888,0.6619146298974575,0,1
5889,0.6518268890852511,0,1
5890,0.6844825014489875,1,0
5891,0.645193564526891,0,0
5892,0.6665192162443696,1,1
5893,0.6772375337731391,1,1
5894,0.6954753172710282,1,1
5895,0.6676128919168888,1,0
5896,0.6640448079819552,1,1
5897,0.6471963643382629,0,1
5898,0.6742345352547303,1,1
5899,0.6788131259427027,1,0
5900,0.6624858177006162,1,0
5901,0.6652712126482858,1,0
5902,0.6814574315968671,1,0
5903,0.6614272834706643,0,0
5904,0.6840178156246237,1,0
5905,0.6580912900906105,0,1
5906,0.701973221831596,1,1
5907,0.6878386398638133,1,1
5908,0.6608247810615626,0,0
5909,0.6780045062533464,1,0
5910,0.6603309674180706,0,0
5911,0.6771672680069095,1,0
5912,0.6469632200298011,0,1
5913,0.6995681646253318,1,1
5914,0.678271407759262,1,1
5915,0.6873076172390342,1,0
5916,0.6791188193378316,1,1
5917,0.6668729363294893,1,1
5918,0.6598271306495483,0,1
5919,0.6457050205909654,0,1
5920,0.6760442582300127,1,0
5921,0.6580751175672205,0,1
5922,0.6427613916571951,0,0
5923,0.6812489479119336,1,0
5924,0.6787169517204041,1,0
5925,0.6790742582263417,1,0
5926,0.6809050219756201,1,0
5927,0.6791737296124177,1,1
5928,0.6453452199529989,0,0
5929,0.6722401579216102,1,0
5930,0.6629744712529846,1,1
5931,0.6510128846670319,0,0
5932,0.650861229240924,0,0
5933,0.6510542181176053,0,0
5934,0.6528245394972654,0,0
5935,0.6840540667174246,1,0
5936,0.6608247810615626,0,1
5937,0.6793612565951568,1,1
5938,0.7164787216090758,1,1
5939,0.6926667010304184,1,1
5940,0.6775601091349511,1,1
5941,0.6486068621648585,0,0
5942,0.643188824968674,0,0
5943,0.6794542671551365,1,0
5944,0.6568735382577462,0,0
5945,0.6666937958482366,1,0
5946,0.6702930364639246,1,1
5947,0.6846108153686356,1,0
5948,0.6742967242555205,1,0
5949,0.6714287442759254,1,0
5950,0.6794542671551365,1,0
5951,0.6591649664031153,0,0
5952,0.6759480840077141,1,0
5953,0.7097383797911827,1,1
5954,0.6782778911328761,1,0
5955,0.6824756069021874,1,0
5956,0.662659248884132,1,0
5957,0.6873040177603829,1,0
5958,0.6861215941808408,1,0
5959,0.6554067438653781,0,0
5960,0.6508058439697609,0,0
5961,0.6773514904780926,1,1
5962,0.6840584988022904,1,0
5963,0.6685212612262691,1,0
5964,0.685050772745126,1,0
5965,0.6731117551928605,1,0
5966,0.6624858177006162,1,0
5967,0.6757175071051196,1,0
5968,0.6728752165036523,1,0
5969,0.6547287306591443,0,0
5970,0.6844769657008996,1,0
5971,0.662659248884132,1,0
5972,0.6703773189610609,1,1
5973,0.67055637292604,1,0
5974,0.6457050205909654,0,0
5975,0.6446151717550705,0,1
5976,0.6811359988496438,1,1
5977,0.6643644451877356,1,0
5978,0.6851851080578386,1,0
5979,0.672754448686923,1,0
5980,0.6752943746675348,1,0
5981,0.6479608704418155,0,1
5982,0.6760568419746038,1,0
5983,0.6783484321896599,1,0
5984,0.6587362700287331,0,0
5985,0.6509574993958689,0,0
5986,0.6817136337362973,1,0
5987,0.659414283234967,0,0
5988,0.6614208162539654,0,1
5989,0.6506877980574083,0,0
5990,0.6861380994937681,1,0
5991,0.6566664975604752,0,0
5992,0.6773176718776259,1,0
5993,0.6760442582300127,1,0
5994,0.6590067274306763,0,0
5995,0.6452685074912196,0,0
5996,0.686020282932745,1,1
5997,0.6732068754196256,1,0
5998,0.6562472758694212,0,1
5999,0.681542067510451,1,0
6000,0.6592764287691371,0,0
6001,0.6676475627965315,1,0
6002,0.647478409125929,0,0
6003,0.6524944074115562,0,0
6004,0.6463583563271145,0,0
6005,0.6657855681712205,1,0
6006,0.6706505613149403,1,0
6007,0.6484502120494712,0,0
6008,0.6605236291864066,0,0
6009,0.6578330588581494,0,0
6010,0.6601928464215161,0,0
6011,0.6547596943174288,0,0
6012,0.6698851488044686,1,0
6013,0.6561941874561128,0,0
6014,0.6673224761869078,1,0
6015,0.6601179034571875,0,0
6016,0.6635007235721824,1,0
6017,0.6522957223796081,0,0
6018,0.6590067274306763,0,0
6019,0.6720158076445625,1,0
6020,0.641021474377972,0,0
6021,0.6674741316130157,1,0
6022,0.6599231450830555,0,0
6023,0.6686883728007307,1,0
6024,0.6660339423190649,1,0
6025,0.6581620721255892,0,0
6026,0.6615367655605221,0,0
6027,0.659251920961484,0,0
6028,0.6660339423190649,1,0
6029,0.6558495431533236,0,0
6030,0.659251920961484,0,0
6031,0.6598482021187269,0,0
6032,0.6663842827771209,1,0
6033,0.6500084472557748,0,0
6034,0.6581620721255892,0,0
6035,0.6575633575196888,0,0
6036,0.6475533520902577,0,0
6037,0.6579633870936411,0,0
6038,0.7263714199844624,1,0
6039,0.6709749976403634,1,0
6040,0.7054281685987471,1,0
6041,0.6601732887283506,0,0
6042,0.6579633870936411,0,0
6043,0.6598482021187269,0,0
6044,0.6536396415186141,0,0
6045,0.6529726426564463,0,0
6046,0.6527445510568513,0,0
6047,0.6591769779971555,0,0
6048,0.6540624914923412,0,0
6049,0.653584256247451,0,0
6050,0.6593286334232633,0,0
6051,0.6477236026567367,0,0
6052,0.6600965762665713,0,0
6053,0.6673991886486871,1,0
6054,0.653090688568799,0,0
6055,0.6606203479081431,0,0
6056,0.6561192444917842,0,0
6057,0.6520260210411475,0,0
6058,0.6533390627166433,0,0
6059,0.662751006748237,1,0
6060,0.6662714304687501,1,0
6061,0.6464350687888938,0,0
6062,0.6606970603699224,0,0
6063,0.6589513421595133,0,0
6064,0.654235922675857,0,0
6065,0.6521027335029268,0,0
6066,0.6557941578821604,0,0
6067,0.6582387845873685,0,0
6068,0.6865477223587662,1,0
6069,0.6575633575196888,0,0
6070,0.6583568304997212,0,0
6071,0.6492436850295036,0,0
6072,0.6537163539803934,0,0
6073,0.6651143440496491,1,0
6074,0.6646190068735464,1,0
6075,0.6608900492466037,0,0
6076,0.6591769779971555,0,0
6077,0.6722087965212438,1,0
6078,0.6520260210411475,0,0
6079,0.6642728693615986,1,0
6080,0.6602482316926791,0,0
6081,0.6721699934035066,1,0
6082,0.6651892870139777,1,0
6083,0.6521027335029268,0,0
6084,0.6647131952624467,1,0
6085,0.6637490977200268,1,0
6086,0.6594253521449998,0,0
6087,0.6549113497435366,0,0
6088,0.6595020646067791,0,0
6089,0.6593286334232633,0,0
6090,0.6617315239346541,0,0
6091,0.6575633575196888,0,0
6092,0.6653073329263304,1,0
6093,0.6578330588581494,0,0
6094,0.6616134780223014,0,0
6095,0.6501818784392905,0,0
6096,0.6473049779424133,0,0
6097,0.6591769779971555,0,0
6098,0.658758353282832,0,0
6099,0.6486432009261525,0,0
6100,0.6525711198733355,0,0
6101,0.6461653674504332,0,0
6102,0.6545056240143176,0,0
6103,0.6591583828567843,0,0
6104,0.6517776468933031,0,0
6105,0.6635007235721824,1,0
6106,0.6646957193353257,1,0
6107,0.6693613771628968,1,0
6108,0.6595770075711077,0,0
6109,0.6527445510568513,0,0
6110,0.6657088557094412,1,0
6111,0.6647706622996542,1,0
6112,0.66056496263698,0,0
6113,0.6443961678129049,0,0
6114,0.6603662776050319,0,0
6115,0.6529726426564463,0,0
6116,0.6589100087089399,0,0
6117,0.6468071850043576,0,0
6118,0.6550293956558894,0,0
6119,0.6743755952079292,1,0
6120,0.6580526108254019,0,0
6121,0.6603719737602987,0,0
6122,0.6535646985542855,0,0
6123,0.6582387845873685,0,0
6124,0.6635007235721824,1,0
6125,0.6599998575448348,0,0
6126,0.6500638325269379,0,0
6127,0.664888708212007,1,0
6128,0.6551043386202179,0,0
6129,0.6639477827519749,1,0
6130,0.6475533520902577,0,0
6131,0.6560425320300048,0,0
6132,0.6533912673707697,0,0
6133,0.6543108656401855,0,0
6134,0.6649440934831701,1,0
6135,0.6512976314078183,0,0
6136,0.6461653674504332,0,0
6137,0.6533912673707697,0,0
6138,0.666232627351013,1,0
6139,0.6478970338402524,0,0
6140,0.6673224761869078,1,0
6141,0.6543875781019648,0,0
6142,0.6867885141904662,1,0
6143,0.653146073839962,0,0
6144,0.664888708212007,1,0
6145,0.6543108656401855,0,0
6146,0.6598482021187269,0,0
6147,0.6868892064959663,1,0
6148,0.6640994381780828,1,0
6149,0.6653627181974935,1,0
6150,0.6584122157708843,0,0
6151,0.6558691008464891,0,0
6152,0.6524194644472275,0,0
6153,0.6582801180379418,0,0
6154,0.666232627351013,1,0
6155,0.660466162149199,0,0
6156,0.6416926984995434,0,0
6157,0.6490920296033957,0,0
6158,0.6531656315331276,0,0
6159,0.648973983691043,0,0
6160,0.6550293956558894,0,0
6161,0.666232627351013,1,0
6162,0.6547596943174288,0,0
6163,0.6540624914923412,0,0
6164,0.6526265051444986,0,0
6165,0.6537163539803934,0,0
6166,0.6547792520105943,0,0
6167,0.6616134780223014,0,0
6168,0.6580871291612606,0,0
6169,0.6543875781019648,0,0
6170,0.658335503309105,0,0
6171,0.6664230858948581,1,0
6172,0.6561192444917842,0,0
6173,0.6619798980824985,1,0
6174,0.6485682579618239,0,0
6175,0.6663481429305295,1,0
6176,0.6463583563271145,0,0
6177,0.6443961678129049,0,0
6178,0.6532210168042907,0,0
6179,0.6560011985794315,0,0
6180,0.6545056240143176,0,0
6181,0.6651892870139777,1,0
6182,0.6539093428570747,0,0
6183,0.6588332962471606,0,0
6184,0.67055637292604,1,0
6185,0.6673224761869078,1,0
6186,0.6611569439639359,0,0
6187,0.6658605111355491,1,0
6188,0.6644648211146023,1,0
6189,0.6606203479081431,0,0
6190,0.658758353282832,0,0
6191,0.6525711198733355,0,0
6192,0.6522207794152795,0,0
6193,0.6665023286894736,1,0
6194,0.6872859444160948,1,0
6195,0.67055637292604,1,0
6196,0.6607720033342509,0,0
6197,0.6601732887283506,0,0
6198,0.6606203479081431,0,0
6199,0.6599998575448348,0,0
6200,0.6600411909954081,0,0
6201,0.6524944074115562,0,0
6202,0.6521440669535001,0,0
6203,0.6862863688819899,1,0
6204,0.6599231450830555,0,0
6205,0.6490920296033957,0,0
6206,0.6578117316675332,0,0
6207,0.663575666536511,1,0
6208,0.666232627351013,1,0
6209,0.6599231450830555,0,0
6210,0.6601928464215161,0,0
6211,0.6533912673707697,0,0
6212,0.6532423439949069,0,0
6213,0.6599998575448348,0,0
6214,0.6871395057659013,1,0
6215,0.6609639550872546,0,0
6216,0.647630064552037,0,0
6217,0.662695621477074,1,0
6218,0.6640244952137542,1,0
6219,0.6860379947341455,1,0
6220,0.6617869092058172,0,0
6221,0.6642728693615986,1,0
6222,0.6569099108506882,0,0
6223,0.6645397640789309,1,0
6224,0.6672677411999454,1,0
6225,0.6548346372817573,0,0
6226,0.6673991886486871,1,0
6227,0.6659785570479018,1,0
6228,0.6646957193353257,1,0
6229,0.6521027335029268,0,0
6230,0.65329772926607,0,0
6231,0.6519510780768188,0,0
6232,0.653146073839962,0,0
6233,0.6703254747053166,1,0
6234,0.6500084472557748,0,0
6235,0.6586052046475656,0,0
6236,0.6580814330059938,0,0
6237,0.6614618225961935,0,0
6238,0.6663842827771209,1,0
6239,0.6591769779971555,0,0
6240,0.6635007235721824,1,0
6241,0.6534157751784226,0,0
6242,0.6606416750987593,0,0
6243,0.6601732887283506,0,0
6244,0.6618618521701458,0,0
6245,0.6544289115525382,0,0
6246,0.6526265051444986,0,0
6247,0.6533912673707697,0,0
6248,0.6584317734640498,0,0
6249,0.6634240111104031,1,0
6250,0.6704771301314245,1,0
6251,0.6605236291864066,0,0
6252,0.6463583563271145,0,0
6253,0.6646957193353257,1,0
6254,0.6658605111355491,1,0
6255,0.6529726426564463,0,0
6256,0.6543108656401855,0,0
6257,0.654235922675857,0,0
6258,0.6556761119698078,0,0
6259,0.6668246086779689,1,0
6260,0.6606416750987593,0,0
6261,0.6836018226567575,1,0
6262,0.6584871587352129,0,0
6263,0.6616134780223014,0,0
6264,0.6651143440496491,1,0
6265,0.6732598422394015,1,0
6266,0.6637490977200268,1,0
6267,0.6547596943174288,0,0
6268,0.654586263133913,0,0
6269,0.6547596943174288,0,0
6270,0.6551043386202179,0,0
6271,0.6560011985794315,0,0
6272,0.6663093398127923,1,0
6273,0.6583568304997212,0,0
6274,0.6593286334232633,0,0
6275,0.6589274846360609,0,0
6276,0.6591583828567843,0,0
6277,0.6528194940211799,0,0
6278,0.6607166180630879,0,0
6279,0.6909684795912564,1,0
6280,0.6674741316130157,1,0
6281,0.6549113497435366,0,0
6282,0.653090688568799,0,0
6283,0.6462834133627858,0,0
6284,0.6676475627965315,1,0
6285,0.6575633575196888,0,0
6286,0.6600411909954081,0,0
6287,0.6480486892663604,0,0
6288,0.647478409125929,0,0
6289,0.6595770075711077,0,0
6290,0.6525497926827193,0,0
6291,0.6676475627965315,1,0
6292,0.646689139092005,0,0
6293,0.6618618521701458,0,0
6294,0.65329772926607,0,0
6295,0.6461099821792701,0,0
6296,0.6592764287691371,0,0
6297,0.653584256247451,0,0
6298,0.6594253521449998,0,0
6299,0.6581620721255892,0,0
6300,0.6558495431533236,0,0
6301,0.6706505613149403,1,0
6302,0.6590280546212927,0,0
6303,0.6589100087089399,0,0
6304,0.6778764612352768,1,0
6305,0.6608900492466037,0,0
6306,0.6492436850295036,0,0
6307,0.6461099821792701,0,0
6308,0.6560011985794315,0,0
6309,0.6561192444917842,0,0
6310,0.6537576874309667,0,0
6311,0.6487199133879318,0,0
6312,0.6543321928308018,0,0
6313,0.674549026391445,1,0
6314,0.6526678385950719,0,0
6315,0.6637490977200268,1,0
6316,0.6558691008464891,0,0
6317,0.6546804515228133,0,0
6318,0.6464350687888938,0,0
6319,0.65329772926607,0,0
6320,0.6589513421595133,0,0
6321,0.6665577139606367,1,0
6322,0.657908001822478,0,0
6323,0.6579633870936411,0,0
6324,0.6602482316926791,0,0
6325,0.6589274846360609,0,0
6326,0.6698851488044686,1,0
6327,0.6606970603699224,0,0
6328,0.6469588404304656,0,0
6329,0.6541805374046938,0,0
6330,0.667019367052101,1,0
6331,0.6741375083140487,1,0
6332,0.6487199133879318,0,0
6333,0.65495268319411,0,0
6334,0.6607720033342509,0,0
6335,0.6647706622996542,1,0
6336,0.6636937124488638,1,0
6337,0.6578884441293125,0,0
6338,0.658335503309105,0,0
6339,0.66056496263698,0,0
6340,0.6543321928308018,0,0
6341,0.6653073329263304,1,0
6342,0.6521440669535001,0,0
6343,0.6634240111104031,1,0
6344,0.6533390627166433,0,0
6345,0.64891859841988,0,0
6346,0.653834399892746,0,0
6347,0.6594253521449998,0,0
6348,0.6548559644723736,0,0
6349,0.6593699668738368,0,0
6350,0.6653073329263304,1,0
6351,0.6522207794152795,0,0
6352,0.6581620721255892,0,0
6353,0.6594253521449998,0,0
6354,0.6651892870139777,1,0
6355,0.646689139092005,0,0
6356,0.65775634639637,0,0
6357,0.6584871587352129,0,0
6358,0.6526265051444986,0,0
6359,0.6593699668738368,0,0
6360,0.6522207794152795,0,0
6361,0.6590834398924557,0,0
6362,0.6557941578821604,0,0
6363,0.6635007235721824,1,0
6364,0.6614618225961935,0,0
6365,0.6584317734640498,0,0
6366,0.6935413843775601,1,0
6367,0.6468071850043576,0,0
6368,0.6537576874309667,0,0
6369,0.6576383004840174,0,0
6370,0.6479719768045811,0,0
6371,0.6579633870936411,0,0
6372,0.6404977027364002,0,0
6373,0.6594466793356161,0,0
6374,0.6602482316926791,0,0
6375,0.7247538489194443,1,0
6376,0.6560425320300048,0,0
6377,0.6732598422394015,1,0
6378,0.6721699934035066,1,0
6379,0.6517776468933031,0,0
6380,0.6600965762665713,0,0
6381,0.6596950534834605,0,0
6382,0.6657088557094412,1,0
6383,0.6594253521449998,0,0
6384,0.6589274846360609,0,0
6385,0.6603662776050319,0,0
6386,0.6732598422394015,1,0
6387,0.6533390627166433,0,0
6388,0.6709749976403634,1,0
6389,0.6607720033342509,0,0
6390,0.6645397640789309,1,0
6391,0.6639477827519749,1,0
6392,0.6589513421595133,0,0
6393,0.6520260210411475,0,0
6394,0.6673991886486871,1,0
6395,0.6421113232138668,0,0
6396,0.6782950564511816,1,0
6397,0.6519510780768188,0,0
6398,0.6535093132831225,0,0
6399,0.6590834398924557,0,0
6400,0.6614618225961935,0,0
6401,0.6524748497183906,0,0
6402,0.6532423439949069,0,0
6403,0.6898169397136039,1,0
6404,0.6617101967440379,0,0
6405,0.6540624914923412,0,0
6406,0.6867083140265329,1,0
6407,0.6593286334232633,0,0
6408,0.6532210168042907,0,0
6409,0.6590280546212927,0,0
6410,0.6536396415186141,0,0
6411,0.6642174840904356,1,0
6412,0.6615367655605221,0,0
6413,0.6673991886486871,1,0
6414,0.6560011985794315,0,0
6415,0.7494689818777183,1,0
6416,0.6635007235721824,1,0
6417,0.6484502120494712,0,0
6418,0.6663842827771209,1,0
6419,0.6560011985794315,0,0
6420,0.6542554803690225,0,0
6421,0.6543875781019648,0,0
6422,0.6547792520105943,0,0
6423,0.6616134780223014,0,0
6424,0.7200998238615326,1,0
6425,0.6577150129457967,0,0
6426,0.654235922675857,0,0
6427,0.6484502120494712,0,0
6428,0.6528194940211799,0,0
6429,0.6665577139606367,1,0
6430,0.664888708212007,1,0
6431,0.6603719737602987,0,0
6432,0.6590834398924557,0,0
6433,0.6483948267783082,0,0
6434,0.7087216943119347,1,0
6435,0.6709749976403634,1,0
6436,0.6416926984995434,0,0
6437,0.6478970338402524,0,0
6438,0.6599231450830555,0,0
6439,0.6534907181427513,0,0
6440,0.6584871587352129,0,0
6441,0.6524194644472275,0,0
6442,0.646689139092005,0,0
6443,0.65329772926607,0,0
6444,0.6653627181974935,1,0
6445,0.6535646985542855,0,0
6446,0.667074752323264,1,0
6447,0.658335503309105,0,0
6448,0.6577150129457967,0,0
6449,0.6899030089629162,1,0
6450,0.6556761119698078,0,0
6451,0.6605236291864066,0,0
6452,0.6462834133627858,0,0
6453,0.6693613771628968,1,0
6454,0.6658605111355491,1,0
6455,0.6642174840904356,1,0
6456,0.6634240111104031,1,0
6457,0.6580871291612606,0,0
6458,0.6762628407578102,1,0
6459,0.6617101967440379,0,0
6460,0.6716462217619348,1,0
6461,0.6427825473354382,0,0
6462,0.6657088557094412,1,0
6463,0.6404977027364002,0,0
6464,0.6462834133627858,0,0
6465,0.6648648506885545,1,0
6466,0.6648648506885545,1,0
6467,0.6617101967440379,0,0
6468,0.666232627351013,1,0
6469,0.6608108064519882,0,0
6470,0.6550293956558894,0,0
6471,0.6595216222999447,0,0
6472,0.654586263133913,0,0
6473,0.6593286334232633,0,0
6474,0.6582801180379418,0,0
6475,0.6598482021187269,0,0
6476,0.6526678385950719,0,0
6477,0.648973983691043,0,0
6478,0.654586263133913,0,0
6479,0.6698851488044686,1,0
6480,0.6473603632135764,0,0
6481,0.6599998575448348,0,0
6482,0.6618618521701458,0,0
6483,0.6604469167246273,0,0
6484,0.6599231450830555,0,0
6485,0.6559244861176522,0,0
6486,0.6616134780223014,0,0
6487,0.65775634639637,0,0
6488,0.6533912673707697,0,0
6489,0.6547043090462656,0,0
6490,0.6693613771628968,1,0
6491,0.6651143440496491,1,0
6492,0.6580814330059938,0,0
6493,0.6674741316130157,1,0
6494,0.6543321928308018,0,0
6495,0.6578117316675332,0,0
6496,0.6673224761869078,1,0
6497,0.6557941578821604,0,0
6498,0.6693613771628968,1,0
6499,0.6502568214036192,0,0
6500,0.6596950534834605,0,0
6501,0.667074752323264,1,0
6502,0.6483948267783082,0,0
6503,0.6616548114728747,0,0
6504,0.654235922675857,0,0
6505,0.6578117316675332,0,0
6506,0.6545056240143176,0,0
6507,0.6651143440496491,1,0
6508,0.6473603632135764,0,0
6509,0.6799377925038819,1,0
6510,0.6548346372817573,0,0
6511,0.6492436850295036,0,0
6512,0.663575666536511,1,0
6513,0.6606970603699224,0,0
6514,0.6523014185348749,0,0
6515,0.6468821279686863,0,0
6516,0.6581620721255892,0,0
6517,0.6770048721308052,1,0
6518,0.6544289115525382,0,0
6519,0.6541805374046938,0,0
6520,0.6473603632135764,0,0
6521,0.6640994381780828,1,0
6522,0.674549026391445,1,0
6523,0.655544664521066,0,0
6524,0.6716462217619348,1,0
6525,0.6524944074115562,0,0
6526,0.6536396415186141,0,0
6527,0.6548346372817573,0,0
6528,0.6576383004840174,0,0
6529,0.6525497926827193,0,0
6530,0.6876807307868458,1,0
6531,0.6589488118266772,0,0
6532,0.6559458133082684,0,0
6533,0.6592764287691371,0,0
6534,0.6584122157708843,0,0
6535,0.6524748497183906,0,0
6536,0.6600965762665713,0,0
6537,0.6519510780768188,0,0
6538,0.6473603632135764,0,0
6539,0.6673991886486871,1,0
6540,0.6605236291864066,0,0
6541,0.6584871587352129,0,0
6542,0.65775634639637,0,0
6543,0.6598482021187269,0,0
6544,0.6520260210411475,0,0
6545,0.6404977027364002,0,0
6546,0.6651143440496491,1,0
6547,0.6545805669786461,0,0
6548,0.6600965762665713,0,0
6549,0.6590067274306763,0,0
6550,0.6686329875295676,1,0
6551,0.6543875781019648,0,0
6552,0.6519510780768188,0,0
6553,0.6709749976403634,1,0
6554,0.6556761119698078,0,0
6555,0.662695621477074,1,0
6556,0.6484502120494712,0,0
6557,0.6651892870139777,1,0
6558,0.7087216943119347,1,0
6559,0.6526265051444986,0,0
6560,0.6606178175753069,0,0
6561,0.6535093132831225,0,0
6562,0.6536396415186141,0,0
6563,0.6524748497183906,0,0
6564,0.659251920961484,0,0
6565,0.6603662776050319,0,0
6566,0.6657855681712205,1,0
6567,0.6480486892663604,0,0
6568,0.6547043090462656,0,0
6569,0.6523014185348749,0,0
6570,0.6606970603699224,0,0
6571,0.6721699934035066,1,0
6572,0.6545805669786461,0,0
6573,0.6663842827771209,1,0
6574,0.6687633157650592,1,0
6575,0.647478409125929,0,0
6576,0.6478970338402524,0,0
6577,0.6651143440496491,1,0
6578,0.6468071850043576,0,0
6579,0.6609639550872546,0,0
6580,0.6663842827771209,1,0
6581,0.6521027335029268,0,0
6582,0.6543108656401855,0,0
6583,0.6578884441293125,0,0
6584,0.6709749976403634,1,0
6585,0.6558495431533236,0,0
6586,0.6703254747053166,1,0
6587,0.6540624914923412,0,0
6588,0.6560011985794315,0,0
6589,0.6421113232138668,0,0
6590,0.6524748497183906,0,0
6591,0.6579633870936411,0,0
6592,0.6599231450830555,0,0
6593,0.67055637292604,1,0
6594,0.6559244861176522,0,0
6595,0.6639477827519749,1,0
6596,0.6709749976403634,1,0
6597,0.6533912673707697,0,0
6598,0.6617869092058172,0,0
6599,0.6764020345168288,1,0
6600,0.6704771301314245,1,0
6601,0.6532210168042907,0,0
6602,0.646689139092005,0,0
6603,0.6524748497183906,0,0
6604,0.6658605111355491,1,0
6605,0.659122243010193,0,0
6606,0.6551043386202179,0,0
6607,0.6523014185348749,0,0
6608,0.6706505613149403,1,0
6609,0.6591029975856212,0,0
6610,0.6608108064519882,0,0
6611,0.6466337538208419,0,0
6612,0.6532423439949069,0,0
6613,0.6556761119698078,0,0
6614,0.6591769779971555,0,0
6615,0.6596950534834605,0,0
6616,0.6618618521701458,0,0
6617,0.6590067274306763,0,0
6618,0.6608900492466037,0,0
6619,0.6537163539803934,0,0
6620,0.6484502120494712,0,0
6621,0.6528194940211799,0,0
6622,0.666232627351013,1,0
6623,0.6604469167246273,0,0
6624,0.6619798980824985,1,0
6625,0.6529726426564463,0,0
6626,0.6582387845873685,0,0
6627,0.6603719737602987,0,0
6628,0.6603719737602987,0,0
6629,0.6580871291612606,0,0
6630,0.6584871587352129,0,0
6631,0.6617869092058172,0,0
6632,0.6486432009261525,0,0
6633,0.6525497926827193,0,0
6634,0.6665023286894736,1,0
6635,0.6594253521449998,0,0
6636,0.6525711198733355,0,0
6637,0.6618618521701458,0,0
6638,0.6644648211146023,1,0
6639,0.6640244952137542,1,0
6640,0.6578117316675332,0,0
6641,0.6647131952624467,1,0
6642,0.6559244861176522,0,0
6643,0.6595216222999447,0,0
6644,0.6603719737602987,0,0
6645,0.6527445510568513,0,0
6646,0.6637490977200268,1,0
6647,0.6577150129457967,0,0
6648,0.648973983691043,0,0
6649,0.6520260210411475,0,0
6650,0.65329772926607,0,0
6651,0.6576383004840174,0,0
6652,0.6543108656401855,0,0
6653,0.6534907181427513,0,0
6654,0.6617869092058172,0,0
6655,0.6602927309656832,0,0
6656,0.647630064552037,0,0
6657,0.6586052046475656,0,0
6658,0.6618618521701458,0,0
6659,0.6500638325269379,0,0
6660,0.6830261173892862,1,0
6661,0.6525497926827193,0,0
6662,0.6663268157399133,1,0
6663,0.7247538489194443,1,0
6664,0.6595020646067791,0,0
6665,0.663575666536511,1,0
6666,0.658758353282832,0,0
6667,0.6665577139606367,1,0
6668,0.7843427797632857,1,0
6669,0.648973983691043,0,0
6670,0.6650376315878698,1,0
6671,0.6698851488044686,1,0
6672,0.6529726426564463,0,0
6673,0.6607166180630879,0,0
6674,0.6503335338653985,0,0
6675,0.6536609687092303,0,0
6676,0.659251920961484,0,0
6677,0.6660339423190649,1,0
6678,0.6663093398127923,1,0
6679,0.6598482021187269,0,0
6680,0.6577150129457967,0,0
6681,0.6531656315331276,0,0
6682,0.6660339423190649,1,0
6683,0.6558691008464891,0,0
6684,0.6561941874561128,0,0
6685,0.6604469167246273,0,0
6686,0.6665023286894736,1,0
6687,0.6553516756443847,0,0
6688,0.6416926984995434,0,0
6689,0.6549113497435366,0,0
6690,0.6640994381780828,1,0
6691,0.646689139092005,0,0
6692,0.6593286334232633,0,0
6693,0.6634240111104031,1,0
6694,0.6603719737602987,0,0
6695,0.6605624323041438,0,0
6696,0.6477789879278998,0,0
6697,0.6519706357699844,0,0
6698,0.6657855681712205,1,0
6699,0.6657855681712205,1,0
6700,0.6522957223796081,0,0
6701,0.6606203479081431,0,0
6702,0.6517776468933031,0,0
6703,0.6536396415186141,0,0
6704,0.6617315239346541,0,0
6705,0.6584122157708843,0,0
6706,0.6427825473354382,0,0
6707,0.6704771301314245,1,0
6708,0.6536396415186141,0,0
6709,0.6520473482317637,0,0
6710,0.6732598422394015,1,0
6711,0.6466337538208419,0,0
6712,0.6559458133082684,0,0
6713,0.64891859841988,0,0
6714,0.6543875781019648,0,0
6715,0.6721699934035066,1,0
6716,0.6614618225961935,0,0
6717,0.6537576874309667,0,0
6718,0.6582387845873685,0,0
6719,0.6606970603699224,0,0
6720,0.6556761119698078,0,0
6721,0.6548559644723736,0,0
6722,0.6525497926827193,0,0
6723,0.6675921775253685,1,0
6724,0.658758353282832,0,0
6725,0.6640244952137542,1,0
6726,0.653146073839962,0,0
6727,0.6615367655605221,0,0
6728,0.6606203479081431,0,0
6729,0.6464350687888938,0,0
6730,0.6491669725677243,0,0
6731,0.658335503309105,0,0
6732,0.6559244861176522,0,0
6733,0.6663093398127923,1,0
6734,0.6650376315878698,1,0
6735,0.6646190068735464,1,0
6736,0.6716462217619348,1,0
6737,0.6647706622996542,1,0
6738,0.6645397640789309,1,0
6739,0.6461653674504332,0,0
6740,0.6534157751784226,0,0
6741,0.6477789879278998,0,0
6742,0.6663842827771209,1,0
6743,0.6676475627965315,1,0
6744,0.6818256272827956,1,0
6745,0.654586263133913,0,0
6746,0.6594466793356161,0,0
6747,0.6595020646067791,0,0
6748,0.64891859841988,0,0
6749,0.6548346372817573,0,0
6750,0.6548346372817573,0,0
6751,0.6543108656401855,0,0
6752,0.6784114883584306,1,0
6753,0.6578117316675332,0,0
6754,0.6601179034571875,0,0
6755,0.6578884441293125,0,0
6756,0.6536609687092303,0,0
6757,0.6518956928056557,0,0
6758,0.6591583828567843,0,0
6759,0.6461653674504332,0,0
6760,0.6640244952137542,1,0
6761,0.6487199133879318,0,0
6762,0.6813795444806872,1,0
6763,0.7358108408179079,1,0
6764,0.6477789879278998,0,0
6765,0.6526265051444986,0,0
6766,0.6578884441293125,0,0
6767,0.6559244861176522,0,0
6768,0.6521027335029268,0,0
6769,0.653834399892746,0,0
6770,0.6601732887283506,0,0
6771,0.6601928464215161,0,0
6772,0.6650376315878698,1,0
6773,0.654586263133913,0,0
6774,0.6825145341460843,1,0
6775,0.653834399892746,0,0
6776,0.6607720033342509,0,0
6777,0.6642728693615986,1,0
6778,0.6642728693615986,1,0
6779,0.6584317734640498,0,0
6780,0.6704771301314245,1,0
6781,0.6650376315878698,1,0
6782,0.653146073839962,0,0
6783,0.6537163539803934,0,0
6784,0.6477236026567367,0,0
6785,0.6523014185348749,0,0
6786,0.6469588404304656,0,0
6787,0.6473603632135764,0,0
6788,0.6501818784392905,0,0
6789,0.6673224761869078,1,0
6790,0.6518956928056557,0,0
6791,0.6663093398127923,1,0
6792,0.6558495431533236,0,0
6793,0.6601732887283506,0,0
6794,0.6658605111355491,1,0
6795,0.6588332962471606,0,0
6796,0.6519706357699844,0,0
6797,0.6421113232138668,0,0
6798,0.6653627181974935,1,0
6799,0.6611569439639359,0,0
6800,0.6500638325269379,0,0
6801,0.6665577139606367,1,0
6802,0.6529726426564463,0,0
6803,0.6483948267783082,0,0
6804,0.6588332962471606,0,0
6805,0.6485682579618239,0,0
6806,0.6693613771628968,1,0
6807,0.6657855681712205,1,0
6808,0.6473603632135764,0,0
6809,0.6605236291864066,0,0
6810,0.6561941874561128,0,0
6811,0.6618064668989827,0,0
6812,0.64330631897701,0,0
6813,0.6615367655605221,0,0
6814,0.6500638325269379,0,0
6815,0.6651892870139777,1,0
6816,0.6659785570479018,1,0
6817,0.663575666536511,1,0
6818,0.6685562750677883,1,0
6819,0.6651892870139777,1,0
6820,0.6578884441293125,0,0
6821,0.6676475627965315,1,0
6822,0.654235922675857,0,0
6823,0.6584122157708843,0,0
6824,0.6762628407578102,1,0
6825,0.6646190068735464,1,0
6826,0.6490920296033957,0,0
6827,0.6776480590766875,1,0
6828,0.6648648506885545,1,0
6829,0.658335503309105,0,0
6830,0.6591769779971555,0,0
6831,0.6535646985542855,0,0
6832,0.6604469167246273,0,0
6833,0.6559458133082684,0,0
6834,0.6542554803690225,0,0
6835,0.6600411909954081,0,0
6836,0.6479719768045811,0,0
6837,0.6503335338653985,0,0
6838,0.6526678385950719,0,0
6839,0.6675921775253685,1,0
6840,0.648973983691043,0,0
6841,0.6558495431533236,0,0
6842,0.6486432009261525,0,0
6843,0.6612890416968783,0,0
6844,0.6477789879278998,0,0
6845,0.661212329235099,0,0
6846,0.6674741316130157,1,0
6847,0.6540624914923412,0,0
6848,0.6618064668989827,0,0
6849,0.7299860833487843,1,0
6850,0.6466337538208419,0,0
6851,0.6602482316926791,0,0
6852,0.6634240111104031,1,0
6853,0.6618064668989827,0,0
6854,0.6519706357699844,0,0
6855,0.7551754497094885,1,0
6856,0.6547792520105943,0,0
6857,0.6615367655605221,0,0
6858,0.6647131952624467,1,0
6859,0.6501818784392905,0,0
6860,0.6918986483248598,1,0
6861,0.6637490977200268,1,0
6862,0.6577150129457967,0,0
6863,0.6521027335029268,0,0
6864,0.6650376315878698,1,0
6865,0.6477789879278998,0,0
6866,0.6658605111355491,1,0
6867,0.65495268319411,0,0
6868,0.6580814330059938,0,0
6869,0.6583568304997212,0,0
6870,0.6606416750987593,0,0
6871,0.654586263133913,0,0
6872,0.6657088557094412,1,0
6873,0.6584871587352129,0,0
6874,0.6547596943174288,0,0
6875,0.6539093428570747,0,0
6876,0.6640994381780828,1,0
6877,0.6600965762665713,0,0
6878,0.6582801180379418,0,0
6879,0.6659785570479018,1,0
6880,0.6502568214036192,0,0
6881,0.6636937124488638,1,0
6882,0.6461653674504332,0,0
6883,0.6591029975856212,0,0
6884,0.6918544885643421,1,0
6885,0.6663093398127923,1,0
6886,0.6704021871670959,1,0
6887,0.6586791104882166,0,0
6888,0.6590834398924557,0,0
6889,0.6560425320300048,0,0
6890,0.6653627181974935,1,0
6891,0.6556761119698078,0,0
6892,0.6491669725677243,0,0
6893,0.6537163539803934,0,0
6894,0.6657855681712205,1,0
6895,0.6582387845873685,0,0
6896,0.6590280546212927,0,0
6897,0.6676475627965315,1,0
6898,0.6698851488044686,1,0
6899,0.6539093428570747,0,0
6900,0.7087216943119347,1,0
6901,0.6719390951827832,1,0
6902,0.6537163539803934,0,0
6903,0.655544664521066,0,0
6904,0.6620329738506721,1,0
6905,0.7299860833487843,1,0
6906,0.6853909973596514,1,0
6907,0.6759649736920813,1,0
6908,0.6580871291612606,0,0
6909,0.6496840109303517,0,0
6910,0.7262457189817906,1,0
6911,0.6684382291554356,1,0
6912,0.7735150913468304,1,0
6913,0.6491669725677243,0,0
6914,0.6949740633848416,1,0
6915,0.6610820009996072,0,0
6916,0.6743006522436006,1,0
6917,0.6615367655605221,0,0
6918,0.6579633870936411,0,0
6919,0.6673224761869078,1,0
6920,0.682128820744857,1,0
6921,0.6546804515228133,0,0
6922,0.674549026391445,1,0
6923,0.6502568214036192,0,0
6924,0.6927517852087712,1,0
6925,0.6576383004840174,0,0
6926,0.6535646985542855,0,0
6927,0.71789614698424,1,0
6928,0.6606797932628815,0,0
6929,0.6650376315878698,1,0
6930,0.6726103193043547,1,0
6931,0.6535646985542855,0,0
6932,0.6899704906413271,1,0
6933,0.6591029975856212,0,0
6934,0.6660339423190649,1,0
6935,0.6617101967440379,0,0
6936,0.6533365323838072,0,0
6937,0.6702121246843968,1,0
6938,0.6833605607864428,1,0
6939,0.6684382291554356,1,0
6940,0.6517776468933031,0,0
6941,0.6471504721791084,0,0
6942,0.6664035282016926,1,0
6943,0.6660784415920689,1,0
6944,0.6575633575196888,0,0
6945,0.7693477937626887,1,0
6946,0.6547043090462656,0,0
6947,0.667074752323264,1,0
6948,0.6640244952137542,1,0
6949,0.6627705644414026,1,0
6950,0.6587971564005692,0,0
6951,0.6427825473354382,0,0
6952,0.6712097750964112,1,0
6953,0.6605411051135276,0,0
6954,0.6594466793356161,0,0
6955,0.6743006522436006,1,0
6956,0.6684382291554356,1,0
6957,0.664789907724226,1,0
6958,0.681028552905252,1,0
6959,0.6607358634876596,0,0
6960,0.6706505613149403,1,0
6961,0.6661533845563975,1,0
6962,0.6569652961218513,0,0
6963,0.6639477827519749,1,0
6964,0.6590834398924557,0,0
6965,0.6674741316130157,1,0
6966,0.659122243010193,0,0
6967,0.7133046022514966,1,0
6968,0.6480486892663604,0,0
6969,0.6670943100164295,1,0
6970,0.7034183427642449,1,0
6971,0.6593699668738368,0,0
6972,0.6546804515228133,0,0
6973,0.6576383004840174,0,0
6974,0.6584122157708843,0,0
6975,0.6792010875272194,1,0
6976,0.6542554803690225,0,0
6977,0.6605236291864066,0,0
6978,0.6468821279686863,0,0
6979,0.6479719768045811,0,0
6980,0.6661533845563975,1,0
6981,0.6571582849985326,0,0
6982,0.6687633157650592,1,0
6983,0.66056496263698,0,0
6984,0.7133046022514966,1,0
6985,0.6687633157650592,1,0
6986,0.641021474377972,0,0
6987,0.6531656315331276,0,0
6988,0.6617869092058172,0,0
6989,0.7205466625153388,1,0
6990,0.6902540005383514,1,0
6991,0.7638642558307923,1,0
6992,0.6669980398614846,1,0
6993,0.6732598422394015,1,0
6994,0.7339158937614645,1,0
6995,0.6602482316926791,0,0
6996,0.6667496657136402,1,0
6997,0.6840640907059194,1,0
6998,0.6735346707000723,1,0
6999,0.7225377642118664,1,0
7000,0.6553516756443847,0,0
7001,0.6647131952624467,1,0
7002,0.6628259497125656,1,0
7003,0.682079870516019,1,0
7004,0.6957636625536305,1,0
7005,0.683461253091943,1,0
7006,0.6630956510510262,1,0
7007,0.6549113497435366,0,0
7008,0.6815259831308806,1,0
7009,0.6786495199173136,1,0
7010,0.6552962903732216,0,0
7011,0.6823206623477189,1,0
7012,0.662751006748237,1,0
7013,0.6477236026567367,0,0
7014,0.6578330588581494,0,0
7015,0.6805283327188664,1,0
7016,0.6744719517112054,1,0
7017,0.654235922675857,0,0
7018,0.64330631897701,0,0
7019,0.6845101735080279,1,0
7020,0.6963665001676069,1,0
7021,0.6674741316130157,1,0
7022,0.6499986265354987,0,0
7023,0.6686116603389514,1,0
7024,0.6580871291612606,0,0
7025,0.7339158937614645,1,0
7026,0.7106604030280872,1,0
7027,0.661212329235099,0,0
7028,0.6607720033342509,0,0
7029,0.658335503309105,0,0
7030,0.6684382291554356,1,0
7031,0.6523014185348749,0,0
7032,0.690754220724737,1,0
7033,0.7247976105791534,1,0
7034,0.7655538167142102,1,0
7035,0.6703526942492113,1,0
7036,0.7087216943119347,1,0
7037,0.7145464517810582,1,0
7038,0.6669980398614846,1,0
7039,0.6820684513439759,1,0
7040,0.6762133478399257,1,0
7041,0.7065180174346419,1,0
7042,0.6703254747053166,1,0
7043,0.6648648506885545,1,0
7044,0.6520260210411475,0,0
7045,0.6600965762665713,0,0
7046,0.6849961845616135,1,0
7047,0.6657088557094412,1,0
7048,0.6578117316675332,0,0
7049,0.674549026391445,1,0
7050,0.687386636721595,1,0
7051,0.7358108408179079,1,0
7052,0.6588720993648979,0,0
7053,0.6642728693615986,1,0
7054,0.7247538489194443,1,0
7055,0.6605411051135276,0,0
7056,0.6720907506088911,1,0
7057,0.6625775755647212,1,0
7058,0.6558495431533236,0,0
7059,0.6606970603699224,0,0
7060,0.648973983691043,0,0
7061,0.6526265051444986,0,0
7062,0.6586791104882166,0,0
7063,0.6622934137403482,1,0
7064,0.6614618225961935,0,0
7065,0.7659731003277558,1,0
7066,0.6490127868087803,0,0
7067,0.6892141020996274,1,0
7068,0.6608108064519882,0,0
7069,0.663575666536511,1,0
7070,0.6662300970181768,1,0
7071,0.6669013211397482,1,0
7072,0.6545805669786461,0,0
7073,0.6647364431640336,1,0
7074,0.6520473482317637,0,0
7075,0.662695621477074,1,0
7076,0.6665577139606367,1,0
7077,0.6716462217619348,1,0
7078,0.6469588404304656,0,0
7079,0.7175750093331056,1,0
7080,0.6673991886486871,1,0
7081,0.6589100087089399,0,0
7082,0.6473049779424133,0,0
7083,0.6721699934035066,1,0
7084,0.6744936411202819,1,0
7085,0.6547596943174288,0,0
7086,0.6842721419491449,1,0
7087,0.6671496952875926,1,0
7088,0.6685149416172149,1,0
7089,0.6822090209087903,1,0
7090,0.700372122314384,1,0
7091,0.7482739861145751,1,0
7092,0.668363286191107,1,0
7093,0.653584256247451,0,0
7094,0.6646578099912835,1,0
7095,0.662751006748237,1,0
7096,0.6530668310453466,0,0
7097,0.6644648211146023,1,0
7098,0.6856906415115663,1,0
7099,0.6669426545903216,1,0
7100,0.7827554288547434,1,0
7101,0.6726103193043547,1,0
7102,0.6727619747304625,1,0
7103,0.6851078260005421,1,0
7104,0.6720907506088911,1,0
7105,0.6663093398127923,1,0
7106,0.6522957223796081,0,0
7107,0.6732598422394015,1,0
7108,0.6612336564257152,0,0
7109,0.6613303751474516,0,0
7110,0.6849610488124336,1,0
7111,0.7739644127585641,1,0
7112,0.6602482316926791,0,0
7113,0.6604107768780358,0,0
7114,0.6590455305484136,0,0
7115,0.6604469167246273,0,0
7116,0.6472951572221373,0,0
7117,0.6595770075711077,0,0
7118,0.661212329235099,0,0
7119,0.6945390347895745,1,0
7120,0.6642728693615986,1,0
7121,0.6590041970978402,0,0
7122,0.6549113497435366,0,0
7123,0.6880755435848838,1,0
7124,0.6519510780768188,0,0
7125,0.6742239397818213,1,0
7126,0.6684382291554356,1,0
7127,0.6601179034571875,0,0
7128,0.7098115431478295,1,0
7129,0.663575666536511,1,0
7130,0.6612890416968783,0,0
7131,0.6625775755647212,1,0
7132,0.6628472769031819,1,0
7133,0.7247538489194443,1,0
7134,0.6863889863095807,1,0
7135,0.6992822734784891,1,0
7136,0.6828655257215195,1,0
7137,0.662751006748237,1,0
7138,0.6541805374046938,0,0
7139,0.6720907506088911,1,0
7140,0.6664784711660212,1,0
7141,0.6892212143771572,1,0
7142,0.6595020646067791,0,0
7143,0.6868911316180569,1,0
7144,0.6468821279686863,0,0
7145,0.6473049779424133,0,0
7146,0.7586523531192967,1,0
7147,0.6535646985542855,0,0
7148,0.65329772926607,0,0
7149,0.659251920961484,0,0
7150,0.6544289115525382,0,0
7151,0.6616548114728747,0,0
7152,0.6604469167246273,0,0
7153,0.681774357278725,1,0
7154,0.6549113497435366,0,0
7155,0.6663268157399133,1,0
7156,0.6669980398614846,1,0
7157,0.6639477827519749,1,0
7158,0.6891134097941273,1,0
7159,0.6524748497183906,0,0
7160,0.6500638325269379,0,0
7161,0.6606178175753069,0,0
7162,0.6778086507444542,1,0
7163,0.6698851488044686,1,0
7164,0.6540624914923412,0,0
7165,0.6616134780223014,0,0
7166,0.7546779476368408,1,0
7167,0.6860996073271773,1,0
7168,0.6675921775253685,1,0
7169,0.6663481429305295,1,0
7170,0.6843933469476371,1,0
7171,0.6705951760437772,1,0
7172,0.6721699934035066,1,0
7173,0.7358108408179079,1,0
7174,0.6589488118266772,0,0
7175,0.6576383004840174,0,0
7176,0.7200998238615326,1,0
7177,0.6664230858948581,1,0
7178,0.6722087965212438,1,0
7179,0.6722641817924069,1,0
7180,0.6606178175753069,0,0
7181,0.663122822686567,1,0
7182,0.711750251863982,1,0
7183,0.697658609610074,1,0
7184,0.6686883728007307,1,0
7185,0.6816736649732249,1,0
7186,0.6727619747304625,1,0
7187,0.6530668310453466,0,0
7188,0.7262457189817906,1,0
7189,0.6548346372817573,0,0
7190,0.6586052046475656,0,0
7191,0.6559244861176522,0,0
7192,0.6601732887283506,0,0
7193,0.6649440934831701,1,0
7194,0.6627705644414026,1,0
7195,0.7097960347175866,1,0
7196,0.6443961678129049,0,0
7197,0.6720907506088911,1,0
7198,0.6461653674504332,0,0
7199,0.6619798980824985,1,0
7200,0.6803815555307579,1,0
7201,0.6604107768780358,0,0
7202,0.6859590377623629,1,0
7203,0.6743755952079292,1,0
7204,0.6822626881075431,1,0
7205,0.7339158937614645,1,0
7206,0.6629439956249183,1,0
7207,0.6531848769576993,0,0
7208,0.6936819539423746,1,0
7209,0.6584122157708843,0,0
7210,0.6588525416717324,0,0
7211,0.6827629082939287,1,0
7212,0.6614820305735596,0,0
7213,0.668881361677412,1,0
7214,0.6687079304938962,1,0
7215,0.661212329235099,0,0
7216,0.6590041970978402,0,0
7217,0.6930791163283981,1,0
7218,0.6705951760437772,1,0
7219,0.6570833420342039,0,0
7220,0.6773996849288431,1,0
7221,0.715636300616953,1,0
7222,0.6874668368855282,1,0
7223,0.6606203479081431,0,0
7224,0.6490127868087803,0,0
7225,0.6660784415920689,1,0
7226,0.6727853944359025,1,0
7227,0.6785476853568483,1,0
7228,0.7098115431478295,1,0
7229,0.6939361971755981,1,0
7230,0.7569627922358789,1,0
7231,0.6911090491560709,1,0
7232,0.6517776468933031,0,0
7233,0.7361319784690423,1,0
7234,0.6875343185639392,1,0
7235,0.7280911362923409,1,0
7236,0.6921489475947948,1,0
7237,0.6548734403994946,0,0
7238,0.6646164765407102,1,0
7239,0.7211896726974274,1,0
7240,0.6801613058343149,1,0
7241,0.6614618225961935,0,0
7242,0.6720158076445625,1,0
7243,0.6660784415920689,1,0
7244,0.7244327112683099,1,0
7245,0.6879894743355713,1,0
7246,0.7361319784690423,1,0
7247,0.6664784711660212,1,0
7248,0.6667496657136402,1,0
7249,0.6729354059139784,1,0
7250,0.6664035282016926,1,0
7251,0.711750251863982,1,0
7252,0.6569652961218513,0,0
7253,0.7148675894321925,1,0
7254,0.6719390951827832,1,0
7255,0.6776005995012288,1,0
7256,0.6554697215567373,0,0
7257,0.6648094654173915,1,0
7258,0.6783440066800196,1,0
7259,0.6595770075711077,0,0
7260,0.6717874054859732,1,0
7261,0.6589488118266772,0,0
7262,0.6617315239346541,0,0
7263,0.6855500719467519,1,0
7264,0.6589274846360609,0,0
7265,0.7670629491636506,1,0
7266,0.6822765025872013,1,0
7267,0.6726103193043547,1,0
7268,0.6649440934831701,1,0
7269,0.6742239397818213,1,0
7270,0.6878213003516602,1,0
7271,0.6782034371152051,1,0
7272,0.6609639550872546,0,0
7273,0.6816061832948139,1,0
7274,0.6605624323041438,0,0
7275,0.6590041970978402,0,0
7276,0.6844589035039573,1,0
7277,0.6727619747304625,1,0
7278,0.6863538505604008,1,0
7279,0.6720158076445625,1,0
7280,0.6800842311540755,1,0
7281,0.7091685329657409,1,0
7282,0.6663268157399133,1,0
7283,0.6612336564257152,0,0
7284,0.6750747893251818,1,0
7285,0.7746619064490596,1,0
7286,0.6743755952079292,1,0
7287,0.6604857198423645,0,0
7288,0.6590041970978402,0,0
7289,0.6569099108506882,0,0
7290,0.7342370314125988,1,0
7291,0.6591971859745215,0,0
7292,0.7028945711226731,1,0
7293,0.6797787179167815,1,0
7294,0.6657088557094412,1,0
7295,0.771620144290387,1,0
7296,0.6612890416968783,0,0
7297,0.6801613058343149,1,0
7298,0.672687031766134,1,0
7299,0.7266925576355968,1,0
7300,0.6545027612023407,0,0
7301,0.6846417210954814,1,0
7302,0.6599998575448348,0,0
7303,0.6684382291554356,1,0
7304,0.6553516756443847,0,0
7305,0.6964339818460179,1,0
7306,0.7211896726974274,1,0
7307,0.6661533845563975,1,0
7308,0.6572349974603119,0,0
7309,0.678897894065158,1,0
7310,0.6609639550872546,0,0
7311,0.6730372404744437,1,0
7312,0.6611373862707703,0,0
7313,0.6586791104882166,0,0
7314,0.6766504086646732,1,0
7315,0.6819116965321079,1,0
7316,0.6588720993648979,0,0
7317,0.6606591510258802,0,0
7318,0.6687633157650592,1,0
7319,0.6954363314340035,1,0
7320,0.6536609687092303,0,0
7321,0.6743755952079292,1,0
7322,0.6607358634876596,0,0
7323,0.753588098800946,1,0
7324,0.6590455305484136,0,0
7325,0.7273355678176854,1,0
7326,0.647630064552037,0,0
7327,0.715636300616953,1,0
7328,0.6861856765764897,1,0
7329,0.6806760145612105,1,0
7330,0.6726103193043547,1,0
7331,0.6661533845563975,1,0
7332,0.6572349974603119,0,0
7333,0.6801613058343149,1,0
7334,0.6829234999616954,1,0
7335,0.6787810675047671,1,0
7336,0.7505588307136131,1,0
7337,0.6531848769576993,0,0
7338,0.6647345224530629,1,0
7339,0.6500638325269379,0,0
7340,0.6640244952137542,1,0
7341,0.6762628407578102,1,0
7342,0.7719577782364759,1,0
7343,0.6646164765407102,1,0
7344,0.6842907295200462,1,0
7345,0.6634240111104031,1,0
7346,0.6774138379464163,1,0
7347,0.6500084472557748,0,0
7348,0.6801613058343149,1,0
7349,0.6807767068667108,1,0
7350,0.6669247408451882,1,0
7351,0.6686116603389514,1,0
7352,0.7280911362923409,1,0
7353,0.6617696420987764,0,0
7354,0.6917979560193597,1,0
7355,0.6577150129457967,0,0
7356,0.6616548114728747,0,0
7357,0.6630207080866977,1,0
7358,0.6793839051187436,1,0
7359,0.6816850577179812,1,0
7360,0.6636465943281388,1,0
7361,0.6765165413019871,1,0
7362,0.6629026621743449,1,0
7363,0.6611373862707703,0,0
7364,0.660466162149199,0,0
7365,0.653090688568799,0,0
7366,0.7342370314125988,1,0
7367,0.7583147191732077,1,0
7368,0.7763514673324775,1,0
7369,0.646689139092005,0,0
7370,0.6550858097601446,0,0
7371,0.6704021871670959,1,0
7372,0.6872184627376838,1,0
7373,0.6824232797753098,1,0
7374,0.6630956510510262,1,0
7375,0.7148675894321925,1,0
7376,0.7247538489194443,1,0
7377,0.6543580761593119,0,0
7378,0.6777411690660432,1,0
7379,0.6653627181974935,1,0
7380,0.6547984974351659,0,0
7381,0.6637490977200268,1,0
7382,0.6669980398614846,1,0
7383,0.6665965170783739,1,0
7384,0.6628259497125656,1,0
7385,0.6902188647891715,1,0
7386,0.7615794112317542,1,0
7387,0.6611373862707703,0,0
7388,0.7228589018630008,1,0
7389,0.6628472769031819,1,0
7390,0.6919661300032708,1,0
7391,0.6783976738787724,1,0
7392,0.6602927309656832,0,0
7393,0.664789907724226,1,0
7394,0.6546250662516502,0,0
7395,0.661407087609231,0,0
7396,0.6742239397818213,1,0
7397,0.6586791104882166,0,0
7398,0.6882839333660241,1,0
7399,0.672687031766134,1,0
7400,0.6885357794045653,1,0
7401,0.7783711363797355,1,0
7402,0.6580871291612606,0,0
7403,0.6785476853568483,1,0
7404,0.6697498566352349,1,0
7405,0.7186079537991863,1,0
7406,0.672687031766134,1,0
7407,0.7266925576355968,1,0
7408,0.6612890416968783,0,0
7409,0.6728800206428153,1,0
7410,0.6569652961218513,0,0
7411,0.6768110003324398,1,0
7412,0.7186517154588954,1,0
7413,0.7149932904348645,1,0
7414,0.6524194644472275,0,0
7415,0.6489087776996039,0,0
7416,0.6743858824618931,1,0
7417,0.6722641817924069,1,0
7418,0.6852445587094579,1,0
7419,0.6606591510258802,0,0
7420,0.667074752323264,1,0
7421,0.6590041970978402,0,0
7422,0.663383262576243,1,0
7423,0.6590455305484136,0,0
7424,0.6556213769828453,0,0
7425,0.727014430166551,1,0
7426,0.6670943100164295,1,0
7427,0.6645397640789309,1,0
7428,0.6762628407578102,1,0
7429,0.6517776468933031,0,0
7430,0.6744936411202819,1,0
7431,0.6785476853568483,1,0
7432,0.7200998238615326,1,0
7433,0.6617101967440379,0,0
7434,0.6749160532759964,1,0
7435,0.6686883728007307,1,0
7436,0.6685149416172149,1,0
7437,0.7098115431478295,1,0
7438,0.6720158076445625,1,0
7439,0.6731398579020345,1,0
7440,0.7167130067427429,1,0
7441,0.6617869092058172,0,0
7442,0.6546804515228133,0,0
7443,0.6527444556818452,0,0
7444,0.679829987920852,1,0
7445,0.688323917732728,1,0
7446,0.7299860833487843,1,0
7447,0.6668246086779689,1,0
7448,0.6553516756443847,0,0
7449,0.7097960347175866,1,0
7450,0.6790005114927488,1,0
7451,0.6604857198423645,0,0
7452,0.667019367052101,1,0
7453,0.6530114457741836,0,0
7454,0.6518956928056557,0,0
7455,0.715636300616953,1,0
7456,0.6485682579618239,0,0
7457,0.6720158076445625,1,0
7458,0.6604107768780358,0,0
7459,0.7299860833487843,1,0
7460,0.6800783620686964,1,0
7461,0.6602927309656832,0,0
7462,0.6473991663313136,0,0
7463,0.6679223912572024,1,0
7464,0.6645397640789309,1,0
7465,0.6686116603389514,1,0
7466,0.6667496657136402,1,0
7467,0.7361319784690423,1,0
7468,0.6852483955653565,1,0
7469,0.7682579449267939,1,0
7470,0.6665965170783739,1,0
7471,0.6672677411999454,1,0
7472,0.6667496657136402,1,0
7473,0.6662714304687501,1,0
7474,0.6729354059139784,1,0
7475,0.6629026621743449,1,0
7476,0.6607720033342509,0,0
7477,0.662751006748237,1,0
7478,0.6606178175753069,0,0
7479,0.6898844213920148,1,0
7480,0.7803683742808298,1,0
7481,0.648764092656575,0,0
7482,0.6778764612352768,1,0
7483,0.7647186806954736,1,0
7484,0.6605411051135276,0,0
7485,0.7757517552849544,1,0
7486,0.6713925926879353,1,0
7487,0.6646164765407102,1,0
7488,0.6663268157399133,1,0
7489,0.6578884441293125,0,0
7490,0.7211896726974274,1,0
7491,0.664789907724226,1,0
7492,0.657908001822478,0,0
7493,0.6661533845563975,1,0
7494,0.6599998575448348,0,0
7495,0.6719390951827832,1,0
7496,0.6590834398924557,0,0
7497,0.6704021871670959,1,0
7498,0.6754699406611347,1,0
7499,0.6753621360781048,1,0
7500,0.6826827081299954,1,0
7501,0.6664784711660212,1,0
7502,0.6685562750677883,1,0
7503,0.6669013211397482,1,0
7504,0.6630207080866977,1,0
7505,0.6722641817924069,1,0
7506,0.6646578099912835,1,0
7507,0.6553516756443847,0,0
7508,0.6602927309656832,0,0
7509,0.6625775755647212,1,0
7510,0.7273355678176854,1,0
7511,0.6477789879278998,0,0
7512,0.6720907506088911,1,0
7513,0.6794755244547199,1,0
7514,0.6740771389131676,1,0
7515,0.6588525416717324,0,0
7516,0.7200998238615326,1,0
7517,0.6703254747053166,1,0
7518,0.6590041970978402,0,0
7519,0.6588525416717324,0,0
7520,0.6671496952875926,1,0
7521,0.6722087965212438,1,0
7522,0.7358108408179079,1,0
7523,0.71789614698424,1,0
7524,0.6937935953813033,1,0
7525,0.6720907506088911,1,0
7526,0.7106604030280872,1,0
7527,0.6648648506885545,1,0
7528,0.6917118867700474,1,0
7529,0.6865366681519248,1,0
7530,0.6639477827519749,1,0
7531,0.7200998238615326,1,0
7532,0.6790865807420611,1,0
7533,0.7034183427642449,1,0
7534,0.6833534485089131,1,0
7535,0.6877723501228222,1,0
7536,0.7650563146415625,1,0
7537,0.7259245813306562,1,0
7538,0.6743006522436006,1,0
7539,0.6669013211397482,1,0
7540,0.6793349548899055,1,0
7541,0.6925014859388362,1,0
7542,0.6832744915371306,1,0
7543,0.7167130067427429,1,0
7544,0.659122243010193,0,0
7545,0.6716462217619348,1,0
7546,0.6743006522436006,1,0
7547,0.713098343378421,1,0
7548,0.6577892790735062,0,0
7549,0.6588720993648979,0,0
7550,0.6881813159384333,1,0
7551,0.662751006748237,1,0
7552,0.689073532534813,1,0
7553,0.6704021871670959,1,0
7554,0.6606178175753069,0,0
7555,0.727014430166551,1,0
7556,0.6719390951827832,1,0
7557,0.6728800206428153,1,0
7558,0.7087216943119347,1,0
7559,0.6883751877367986,1,0
7560,0.6782508966906639,1,0
7561,0.7087216943119347,1,0
7562,0.6664035282016926,1,0
7563,0.6668246086779689,1,0
7564,0.6724344028604673,1,0
7565,0.6729354059139784,1,0
7566,0.6685252288711788,1,0
7567,0.6778764612352768,1,0
7568,0.6461099821792701,0,0
7569,0.6628259497125656,1,0
7570,0.7114096551950532,1,0
7571,0.6628259497125656,1,0
7572,0.6605411051135276,0,0
7573,0.6796361161224866,1,0
7574,0.6704771301314245,1,0
7575,0.6548734403994946,0,0
7576,0.6862422091214722,1,0
7577,0.6647345224530629,1,0
7578,0.668363286191107,1,0
7579,0.6706505613149403,1,0
7580,0.6686883728007307,1,0
7581,0.6905058465768926,1,0
7582,0.6671496952875926,1,0
7583,0.6727619747304625,1,0
7584,0.6887841535524097,1,0
7585,0.6736148708640056,1,0
7586,0.6836693043351685,1,0
7587,0.672687031766134,1,0
7588,0.6602927309656832,0,0
7589,0.6668246086779689,1,0
7590,0.6861054764125565,1,0
7591,0.6503335338653985,0,0
7592,0.6719390951827832,1,0
7593,0.6832128789440987,1,0
7594,0.672687031766134,1,0
7595,0.6571582849985326,0,0
7596,0.6720158076445625,1,0
7597,0.6476742438206802,0,0
7598,0.6662714304687501,1,0
7599,0.6728800206428153,1,0
7600,0.7671111298245645,1,0
7601,0.6669426545903216,1,0
7602,0.653268227323417,0,0
7603,0.6630207080866977,1,0
7604,0.6869918239235571,1,0
7605,0.6686883728007307,1,0
7606,0.6687079304938962,1,0
7607,0.660466162149199,0,0
7608,0.6588525416717324,0,0
7609,0.6772532462786496,1,0
7610,0.692046330167204,1,0
7611,0.6669980398614846,1,0
7612,0.7263714199844624,1,0
7613,0.6785476853568483,1,0
7614,0.6743006522436006,1,0
7615,0.685496769713201,1,0
7616,0.6629026621743449,1,0
7617,0.7186079537991863,1,0
7618,0.6595020646067791,0,0
7619,0.6628259497125656,1,0
7620,0.6605411051135276,0,0
7621,0.664789907724226,1,0
7622,0.6841039679652338,1,0
7623,0.6804257152912756,1,0
7624,0.6662300970181768,1,0
7625,0.6636937124488638,1,0
7626,0.6810822201040048,1,0
7627,0.7262457189817906,1,0
7628,0.6605411051135276,0,0
7629,0.6530668310453466,0,0
7630,0.7228589018630008,1,0
7631,0.6925689676172472,1,0
7632,0.6859448847447898,1,0
7633,0.6543875781019648,0,0
7634,0.6554697215567373,0,0
7635,0.755872943399984,1,0
7636,0.727014430166551,1,0
7637,0.6663481429305295,1,0
7638,0.6640994381780828,1,0
7639,0.6669013211397482,1,0
7640,0.6794955465576722,1,0
7641,0.6826716539231541,1,0
7642,0.6880696744995046,1,0
7643,0.6908568381523278,1,0
7644,0.6809354429158962,1,0
7645,0.6729354059139784,1,0
7646,0.6660339423190649,1,0
7647,0.6612890416968783,0,0
7648,0.6595216222999447,0,0
7649,0.6853562001483865,1,0
7650,0.6900711829468273,1,0
7651,0.6839633984004193,1,0
7652,0.7211896726974274,1,0
7653,0.6612890416968783,0,0
7654,0.6490127868087803,0,0
7655,0.6660784415920689,1,0
7656,0.6575633575196888,0,0
7657,0.6607166180630879,0,0
7658,0.715636300616953,1,0
7659,0.6848133669700894,1,0
7660,0.6663268157399133,1,0
7661,0.6525497926827193,0,0
7662,0.6840237678013005,1,0
7663,0.6762628407578102,1,0
7664,0.7361319784690423,1,0
7665,0.7061968797835076,1,0
7666,0.6727619747304625,1,0
7667,0.6801613058343149,1,0
7668,0.6648648506885545,1,0
7669,0.6609639550872546,0,0
7670,0.6705951760437772,1,0
7671,0.6793953242907868,1,0
7672,0.6473991663313136,0,0
7673,0.6575288391838301,0,0
7674,0.7091685329657409,1,0
7675,0.6625775755647212,1,0
7676,0.6549501528612739,0,0
7677,0.6531848769576993,0,0
7678,0.6858512331793329,1,0
7679,0.6645397640789309,1,0
7680,0.6915713172052328,1,0
7681,0.6686329875295676,1,0
7682,0.6752215665132903,1,0
7683,0.6552962903732216,0,0
7684,0.672687031766134,1,0
7685,0.6803326053019199,1,0
7686,0.6496840109303517,0,0
7687,0.6644648211146023,1,0
7688,0.7228589018630008,1,0
7689,0.7134194810295554,1,0
7690,0.674549026391445,1,0
7691,0.6686116603389514,1,0
7692,0.724476472928019,1,0
7693,0.6662300970181768,1,0
7694,0.6570833420342039,0,0
7695,0.6785476853568483,1,0
7696,0.661407087609231,0,0
7697,0.6610820009996072,0,0
7698,0.6886783811988602,1,0
7699,0.7153144280859989,1,0
7700,0.6743755952079292,1,0
7701,0.715636300616953,1,0
7702,0.7028945711226731,1,0
7703,0.661212329235099,0,0
7704,0.6555926100382355,0,0
7705,0.6566994302376112,0,0
7706,0.7719671748574698,1,0
7707,0.668881361677412,1,0
7708,0.6610820009996072,0,0
7709,0.7826532188798679,1,0
7710,0.7244327112683099,1,0
7711,0.6662300970181768,1,0
7712,0.6780466823033372,1,0
7713,0.64330631897701,0,0
7714,0.7575625042834019,1,0
7715,0.6595020646067791,0,0
7716,0.7342370314125988,1,0
7717,0.71169098177403,1,0
7718,0.6653627181974935,1,0
7719,0.6606178175753069,0,0
7720,0.6892815837780384,1,0
7721,0.6460606233432135,0,0
7722,0.6595770075711077,0,0
7723,0.7342370314125988,1,0
7724,0.6908217024031479,1,0
7725,0.6769022547032144,1,0
7726,0.6722641817924069,1,0
7727,0.7723770618500216,1,0
7728,0.6611373862707703,0,0
7729,0.7262457189817906,1,0
7730,0.6570833420342039,0,0
7731,0.6665577139606367,1,0
7732,0.6664784711660212,1,0
7733,0.6668246086779689,1,0
7734,0.6648094654173915,1,0
7735,0.6686329875295676,1,0
7736,0.6812788521751869,1,0
7737,0.7228589018630008,1,0
7738,0.6703254747053166,1,0
7739,0.7652161827681211,1,0
7740,0.6873262673207138,1,0
7741,0.7200998238615326,1,0
7742,0.6664784711660212,1,0
7743,0.6811311703328428,1,0
7744,0.6830661017559901,1,0
7745,0.7273355678176854,1,0
7746,0.6849472343327754,1,0
7747,0.6931465980068091,1,0
7748,0.6806870687680519,1,0
7749,0.6879291049346902,1,0
7750,0.6607358634876596,0,0
7751,0.6611373862707703,0,0
7752,0.6755188908899729,1,0
7753,0.6696092870704204,1,0
7754,0.6549501528612739,0,0
7755,0.6647131952624467,1,0
7756,0.6648094654173915,1,0
7757,0.6685562750677883,1,0
7758,0.6628259497125656,1,0
7759,0.7149932904348645,1,0
7760,0.6625775755647212,1,0
7761,0.6707897550739588,1,0
7762,0.7148675894321925,1,0
7763,0.6958311442320415,1,0
7764,0.6687633157650592,1,0
7765,0.7051070309476127,1,0
7766,0.6604857198423645,0,0
7767,0.668881361677412,1,0
7768,0.6667496657136402,1,0
7769,0.6800983841716486,1,0
7770,0.6532598199220279,0,0
7771,0.6742239397818213,1,0
7772,0.6834209301873241,1,0
7773,0.6778764612352768,1,0
7774,0.6523014185348749,0,0
7775,0.6614820305735596,0,0
7776,0.6734743012991912,1,0
7777,0.6839073358940515,1,0
7778,0.6647131952624467,1,0
7779,0.7114096551950532,1,0
7780,0.668363286191107,1,0
7781,0.6611373862707703,0,0
7782,0.7244327112683099,1,0
7783,0.6878887820300712,1,0
7784,0.6572349974603119,0,0
7785,0.660466162149199,0,0
7786,0.657908001822478,0,0
7787,0.6520473482317637,0,0
7788,0.7273355678176854,1,0
7789,0.6530668310453466,0,0
7790,0.678598249913243,1,0
7791,0.7358108408179079,1,0
7792,0.6704771301314245,1,0
7793,0.6663268157399133,1,0
7794,0.6743006522436006,1,0
7795,0.6870778931728694,1,0
7796,0.6729354059139784,1,0
7797,0.6706069374824347,1,0
7798,0.6671496952875926,1,0
7799,0.6726103193043547,1,0
7800,0.6589274846360609,0,0
7801,0.7774413161683723,1,0
7802,0.6582387845873685,0,0
7803,0.6823771948927014,1,0
7804,0.6569652961218513,0,0
7805,0.7471841372786802,1,0
7806,0.6484502120494712,0,0
7807,0.7280911362923409,1,0
7808,0.6664035282016926,1,0
7809,0.6897162474081037,1,0
7810,0.6895756778432892,1,0
7811,0.7145464517810582,1,0
7812,0.6644648211146023,1,0
7813,0.727014430166551,1,0
7814,0.676299417089238,1,0
7815,0.6569652961218513,0,0
7816,0.6742239397818213,1,0
7817,0.6832603385195575,1,0
7818,0.6835011303512574,1,0
7819,0.6647345224530629,1,0
7820,0.7574602943085265,1,0
7821,0.6554697215567373,0,0
7822,0.6587971564005692,0,0
7823,0.6760727782751111,1,0
7824,0.655544664521066,0,0
7825,0.7244327112683099,1,0
7826,0.6703254747053166,1,0
7827,0.660466162149199,0,0
7828,0.7244327112683099,1,0
7829,0.7065180174346419,1,0
7830,0.6912516509503657,1,0
7831,0.727014430166551,1,0
7832,0.6669013211397482,1,0
7833,0.7186079537991863,1,0
7834,0.724476472928019,1,0
7835,0.6609639550872546,0,0
7836,0.7175750093331056,1,0
7837,0.6629439956249183,1,0
7838,0.695576900998818,1,0
7839,0.6588525416717324,0,0
7840,0.7098115431478295,1,0
7841,0.6719390951827832,1,0
7842,0.6737830448479167,1,0
7843,0.6812227896688192,1,0
7844,0.7225377642118664,1,0
7845,0.7259245813306562,1,0
7846,0.6553516756443847,0,0
7847,0.6838631761335339,1,0
7848,0.6606591510258802,0,0
7849,0.6729354059139784,1,0
7850,0.6533365323838072,0,0
7851,0.6630956510510262,1,0
7852,0.6586791104882166,0,0
7853,0.667074752323264,1,0
7854,0.6821600706799523,1,0
7855,0.6664035282016926,1,0
7856,0.6686116603389514,1,0
7857,0.6569652961218513,0,0
7858,0.6723902430999495,1,0
7859,0.7262457189817906,1,0
7860,0.6948334938200271,1,0
7861,0.6546250662516502,0,0
7862,0.6473991663313136,0,0
7863,0.660466162149199,0,0
7864,0.6475533520902577,0,0
7865,0.6614820305735596,0,0
7866,0.7148675894321925,1,0
7867,0.6756105102259493,1,0
7868,0.6629439956249183,1,0
7869,0.6672677411999454,1,0
7870,0.6901513831107606,1,0
7871,0.7244327112683099,1,0
7872,0.6929385467635837,1,0
7873,0.6685149416172149,1,0
7874,0.6530114457741836,0,0
7875,0.6686883728007307,1,0
7876,0.6664784711660212,1,0
7877,0.6640994381780828,1,0
7878,0.7247976105791534,1,0
7879,0.6548734403994946,0,0
7880,0.6661533845563975,1,0
7881,0.6612336564257152,0,0
7882,0.6758244041272667,1,0
7883,0.6617101967440379,0,0
7884,0.6722641817924069,1,0
7885,0.6512976314078183,0,0
7886,0.7159574382680874,1,0
7887,0.7018047222867783,1,0
7888,0.6706505613149403,1,0
7889,0.6743755952079292,1,0
7890,0.687932941790589,1,0
7891,0.6530668310453466,0,0
7892,0.6546804515228133,0,0
7893,0.7168062981483452,1,0
7894,0.6725370202880581,1,0
7895,0.6850878038975899,1,0
7896,0.6693613771628968,1,0
7897,0.6519510780768188,0,0
7898,0.6483850060580321,0,0
7899,0.6629026621743449,1,0
7900,0.6770704286871255,1,0
7901,0.6646164765407102,1,0
7902,0.6662300970181768,1,0
7903,0.6548559644723736,0,0
7904,0.6733882320498789,1,0
7905,0.700372122314384,1,0
7906,0.6534907181427513,0,0
7907,0.6810960345836629,1,0
7908,0.6512976314078183,0,0
7909,0.6675275784591646,1,0
7910,0.7734669106859164,1,0
7911,0.7145464517810582,1,0
7912,0.6862882940040805,1,0
7913,0.7186079537991863,1,0
7914,0.6744936411202819,1,0
7915,0.7159574382680874,1,0
7916,0.6780025225428195,1,0
7917,0.6546250662516502,0,0
7918,0.6796894183560375,1,0
7919,0.6561756585960394,0,0
7920,0.6556213769828453,0,0
7921,0.6859938349736278,1,0
7922,0.7342370314125988,1,0
7923,0.6664230858948581,1,0
7924,0.6602927309656832,0,0
7925,0.668363286191107,1,0
7926,0.6704021871670959,1,0
7927,0.7342370314125988,1,0
7928,0.6589274846360609,0,0
7929,0.683815716558075,1,0
7930,0.6670943100164295,1,0
7931,0.7045081916001398,1,0
7932,0.6685149416172149,1,0
7933,0.6799981619047631,1,0
7934,0.6556213769828453,0,0
7935,0.661212329235099,0,0
7936,0.6547984974351659,0,0
7937,0.7299860833487843,1,0
7938,0.6824632641420137,1,0
7939,0.7358108408179079,1,0
7940,0.6539789895607689,0,0
7941,0.7762492573576021,1,0
7942,0.653146073839962,0,0
7943,0.6591971859745215,0,0
7944,0.7225377642118664,1,0
7945,0.7280911362923409,1,0
7946,0.6564389903479352,0,0
7947,0.6686116603389514,1,0
7948,0.6704021871670959,1,0
7949,0.6629026621743449,1,0
7950,0.6644648211146023,1,0
7951,0.6613303751474516,0,0
7952,0.6591424596612967,0,0
7953,0.7168062981483452,1,0
7954,0.6905733282553036,1,0
7955,0.6839562861228896,1,0
7956,0.727014430166551,1,0
7957,0.7280911362923409,1,0
7958,0.6848935671340227,1,0
7959,0.6613303751474516,0,0
7960,0.6943964329952796,1,0
7961,0.6588525416717324,0,0
7962,0.6726103193043547,1,0
7963,0.6587971564005692,0,0
7964,0.7148675894321925,1,0
7965,0.6516546068459503,0,0
7966,0.6889728402293128,1,0
7967,0.6521440669535001,0,0
7968,0.6605624323041438,0,0
7969,0.6685149416172149,1,0
7970,0.7262457189817906,1,0
7971,0.7051070309476127,1,0
7972,0.6804931969696865,1,0
7973,0.6534157751784226,0,0
7974,0.6869566881743772,1,0
7975,0.6924007936333361,1,0
7976,0.6926491677811805,1,0
7977,0.7228589018630008,1,0
7978,0.6669013211397482,1,0
7979,0.7225377642118664,1,0
7980,0.6571582849985326,0,0
7981,0.7907467412855516,1,0
7982,0.6664035282016926,1,0
7983,0.6792271503068755,1,0
7984,0.7045081916001398,1,0
7985,0.7339158937614645,1,0
7986,0.71169098177403,1,0
7987,0.6642174840904356,1,0
7988,0.7361319784690423,1,0
7989,0.659251920961484,0,0
7990,0.6649828966009073,1,0
7991,0.6856393715074958,1,0
7992,0.6530114457741836,0,0
7993,0.6842046602707339,1,0
7994,0.7259245813306562,1,0
7995,0.6625775755647212,1,0
7996,0.7159574382680874,1,0
7997,0.6778764612352768,1,0
7998,0.664789907724226,1,0
7999,0.7072735859092975,1,0
8000,0.7205466625153388,1,0
8001,0.7018047222867783,1,0
8002,0.6764675910731491,1,0
8003,0.7098115431478295,1,0
8004,0.6535093132831225,0,0
8005,0.653146073839962,0,0
8006,0.6667496657136402,1,0
8007,0.6628472769031819,1,0
8008,0.6687079304938962,1,0
8009,0.7153144280859989,1,0
8010,0.7145464517810582,1,0
8011,0.7159574382680874,1,0
8012,0.6546804515228133,0,0
8013,0.7186079537991863,1,0
8014,0.6759137036880107,1,0
8015,0.6896763701487894,1,0
8016,0.674549026391445,1,0
8017,0.6982614472240504,1,0
8018,0.6762192169253047,1,0
8019,0.6857106636145185,1,0
8020,0.664789907724226,1,0
8021,0.6595770075711077,0,0
8022,0.6716462217619348,1,0
8023,0.668363286191107,1,0
8024,0.6649828966009073,1,0
8025,0.7259245813306562,1,0
8026,0.7061968797835076,1,0
8027,0.6649828966009073,1,0
8028,0.6549501528612739,0,0
8029,0.674217708477982,1,0
8030,0.684210529356113,1,0
8031,0.667019367052101,1,0
8032,0.641021474377972,0,0
8033,0.6533365323838072,0,0
8034,0.7280911362923409,1,0
8035,0.6898240519911336,1,0
8036,0.7167130067427429,1,0
8037,0.6727619747304625,1,0
8038,0.6528891407248741,0,0
8039,0.6569099108506882,0,0
8040,0.7186079537991863,1,0
8041,0.6671496952875926,1,0
8042,0.7259245813306562,1,0
8043,0.7098115431478295,1,0
8044,0.7211896726974274,1,0
8045,0.6669980398614846,1,0
8046,0.6899646215559481,1,0
8047,0.6685149416172149,1,0
8048,0.6660784415920689,1,0
8049,0.6532598199220279,0,0
8050,0.6660784415920689,1,0
8051,0.6768220545392811,1,0
8052,0.715636300616953,1,0
8053,0.6646578099912835,1,0
8054,0.6992822734784891,1,0
8055,0.6881371561779156,1,0
8056,0.7247538489194443,1,0
8057,0.7148675894321925,1,0
8058,0.668363286191107,1,0
8059,0.6547984974351659,0,0
8060,0.6722641817924069,1,0
8061,0.6778764612352768,1,0
8062,0.6646164765407102,1,0
8063,0.6850617411179338,1,0
8064,0.661407087609231,0,0
8065,0.7225377642118664,1,0
8066,0.6627705644414026,1,0
8067,0.7299860833487843,1,0
8068,0.7273355678176854,1,0
8069,0.7186517154588954,1,0
8070,0.6668246086779689,1,0
8071,0.7167130067427429,1,0
8072,0.6611569439639359,0,0
8073,0.7167130067427429,1,0
8074,0.6937494356207855,1,0
8075,0.7273355678176854,1,0
8076,0.7361319784690423,1,0
8077,0.7159574382680874,1,0
8078,0.680238953736463,1,0
8079,0.6496840109303517,0,0
8080,0.6662300970181768,1,0
8081,0.6532598199220279,0,0
8082,0.6801613058343149,1,0
8083,0.6530668310453466,0,0
8084,0.6888867709800005,1,0
8085,0.6866408323481219,1,0
8086,0.7167130067427429,1,0
8087,0.65495268319411,0,0
8088,0.7072735859092975,1,0
8089,0.6669426545903216,1,0
8090,0.6665965170783739,1,0
8091,0.6552962903732216,0,0
8092,0.667074752323264,1,0
8093,0.6581620721255892,0,0
8094,0.6893617839419717,1,0
8095,0.7639664658056677,1,0
8096,0.6889267553467044,1,0
8097,0.6762628407578102,1,0
8098,0.6742239397818213,1,0
8099,0.6906740205608037,1,0
8100,0.7159574382680874,1,0
8101,0.6629026621743449,1,0
8102,0.7164851604972108,1,0
8103,0.7339158937614645,1,0
8104,0.713098343378421,1,0
8105,0.7225377642118664,1,0
8106,0.7134194810295554,1,0
8107,0.7164851604972108,1,0
8108,0.6671496952875926,1,0
8109,0.6843582111984572,1,0
8110,0.7054281685987471,1,0
8111,0.6814656137299995,1,0
8112,0.7228589018630008,1,0
8113,0.6785476853568483,1,0
8114,0.7838452776906382,1,0
8115,0.7145464517810582,1,0
8116,0.6646164765407102,1,0
8117,0.6687633157650592,1,0
8118,0.6591971859745215,0,0
8119,0.7339158937614645,1,0
8120,0.7145464517810582,1,0
8121,0.7211896726974274,1,0
8122,0.6586791104882166,0,0
8123,0.7259245813306562,1,0
