Top_K,Anomaly_Count_In_TopK,Ratio_of_Total_Anomalies
10,1,0.03333333333333333
18,5,0.16666666666666666
26,5,0.16666666666666666
34,8,0.26666666666666666
42,12,0.4
50,13,0.43333333333333335
58,13,0.43333333333333335
66,16,0.5333333333333333
74,16,0.5333333333333333
82,17,0.5666666666666667
90,19,0.6333333333333333
98,22,0.7333333333333333
106,24,0.8
114,27,0.9
122,29,0.9666666666666667
130,30,1.0
138,30,1.0
146,30,1.0
154,30,1.0
160,30,1.0
