Original_Index,Anomaly_Score,Detection_Result,True_Label,Split
0,0.05147266015410423,0,0,train
1,0.9790631532669067,1,1,train
2,0.25122174620628357,0,0,unlabeled
3,0.98575758934021,1,1,train
4,0.019825689494609833,0,0,unlabeled
5,0.9460890293121338,1,1,train
6,0.00019239950051996857,0,0,unlabeled
7,0.01012976560741663,0,0,unlabeled
8,1.4934948012523819e-05,0,0,unlabeled
9,0.00017358882178086787,0,0,unlabeled
10,0.9596081972122192,1,1,train
11,0.001072154613211751,0,0,unlabeled
12,0.023480691015720367,0,0,train
13,0.9800108671188354,1,1,train
14,0.0002821053203660995,0,0,unlabeled
15,2.5885417471727123e-06,0,0,unlabeled
16,9.710447193356231e-05,0,0,unlabeled
17,0.9854141473770142,1,1,unlabeled
18,0.9771400094032288,1,1,unlabeled
19,0.0001642081479076296,0,0,unlabeled
20,0.0007692478247918189,0,0,unlabeled
21,0.00042640985338948667,0,0,val
22,8.112290743156336e-06,0,0,unlabeled
23,0.0001042183066601865,0,0,unlabeled
24,0.0007167537696659565,0,0,val
25,0.0008293421706184745,0,0,unlabeled
26,0.9565942883491516,1,1,train
27,0.0013277105754241347,0,0,train
28,0.001244590268470347,0,0,unlabeled
29,0.0009700472000986338,0,0,unlabeled
30,0.9897212386131287,1,1,unlabeled
31,2.9920982342446223e-05,0,0,unlabeled
32,0.8548380732536316,1,1,unlabeled
33,7.029977132333443e-05,0,0,train
34,0.014345193281769753,0,0,unlabeled
35,0.9816158413887024,1,1,unlabeled
36,0.00019754728418774903,0,0,unlabeled
37,0.0007389216334559023,0,0,val
38,8.478952804580331e-05,0,0,unlabeled
39,0.001544032245874405,0,0,unlabeled
40,0.0008496041991747916,0,0,unlabeled
41,0.041463665664196014,0,0,unlabeled
42,0.002084951149299741,0,0,train
43,0.0043804831802845,0,0,unlabeled
44,0.9907872080802917,1,1,unlabeled
45,0.00032117401133291423,0,0,train
46,5.704918294213712e-05,0,0,unlabeled
47,0.0004909589188173413,0,0,unlabeled
48,0.0007855952135287225,0,0,unlabeled
49,0.2680082619190216,0,0,val
50,0.0006793046486563981,0,0,unlabeled
51,0.4587351083755493,0,0,unlabeled
52,0.0006369483890011907,0,0,unlabeled
53,0.00011408723366912454,0,0,val
54,0.9897136688232422,1,1,unlabeled
55,0.0008689338574185967,0,0,unlabeled
56,0.00034963886719197035,0,0,unlabeled
57,0.0003051612002309412,0,0,unlabeled
58,0.005648771766573191,0,0,unlabeled
59,0.0005008660373277962,0,0,unlabeled
60,0.0008359298226423562,0,0,unlabeled
61,0.000334089039824903,0,0,train
62,0.014935722574591637,0,0,unlabeled
63,0.0008253346313722432,0,0,train
64,0.0006204188102856278,0,0,unlabeled
65,7.459847256541252e-05,0,0,unlabeled
66,0.004093002062290907,0,0,unlabeled
67,0.0013935307506471872,0,0,unlabeled
68,0.0004053602460771799,0,0,unlabeled
69,6.775939255021513e-05,0,0,train
70,0.003875655820593238,0,0,unlabeled
71,0.0004891956923529506,0,0,train
72,0.0005658435984514654,0,0,unlabeled
73,0.000686497485730797,0,0,unlabeled
74,0.0005331198335625231,0,0,train
75,0.9915435314178467,1,1,unlabeled
76,0.008777067065238953,0,0,unlabeled
77,0.9612571001052856,1,1,val
78,0.0003470743540674448,0,0,unlabeled
79,0.000572343124076724,0,0,unlabeled
80,0.04400104656815529,0,0,train
81,0.0010172809707000852,0,0,unlabeled
82,0.6857458353042603,0,0,unlabeled
83,0.0014317721361294389,0,0,unlabeled
84,0.00045841315295547247,0,0,train
85,0.0012371023185551167,0,0,unlabeled
86,0.0013693502405658364,0,0,unlabeled
87,0.0005730513366870582,0,0,unlabeled
88,0.00015926201012916863,0,0,train
89,0.977914571762085,1,1,unlabeled
90,0.006965916138142347,0,0,unlabeled
91,0.0008582775481045246,0,0,unlabeled
92,0.00019754728418774903,0,0,unlabeled
93,0.0020280731841921806,0,0,unlabeled
94,8.478952804580331e-05,0,0,unlabeled
95,3.936374923796393e-05,0,0,val
96,0.006014786195009947,0,0,train
97,0.00043292599730193615,0,0,unlabeled
98,0.016153767704963684,0,0,unlabeled
99,0.0009341527475044131,0,0,unlabeled
100,0.004256449639797211,0,0,val
101,0.03446096554398537,0,0,unlabeled
102,0.027005089446902275,0,0,unlabeled
103,0.32405441999435425,0,0,train
104,7.459847256541252e-05,0,0,train
105,0.0002322074433322996,0,0,unlabeled
106,0.002100154524669051,0,0,unlabeled
107,0.0017419280484318733,0,0,val
108,0.00044486610568128526,0,0,unlabeled
109,0.00013412028783932328,0,0,val
110,0.0008338284096680582,0,0,unlabeled
111,0.9594982266426086,1,1,unlabeled
112,0.0002521047426853329,0,0,val
113,0.00024674777523614466,0,0,val
114,0.9791193604469299,1,1,unlabeled
115,0.0004918606719002128,0,0,unlabeled
116,0.10015356540679932,0,0,unlabeled
117,9.710447193356231e-05,0,0,unlabeled
118,0.0005088539910502732,0,0,val
119,0.9295057058334351,1,0,val
120,0.4893035292625427,0,0,unlabeled
121,7.459847256541252e-05,0,0,unlabeled
122,0.004988826345652342,0,0,unlabeled
123,0.0006259331130422652,0,0,unlabeled
124,0.0009472796809859574,0,0,train
125,0.00040485183126293123,0,0,unlabeled
126,0.00016283791046589613,0,0,unlabeled
127,0.9726836085319519,1,1,train
128,0.0038276715204119682,0,0,unlabeled
129,0.005151730962097645,0,0,unlabeled
130,0.001094458973966539,0,0,unlabeled
131,0.0002781895163934678,0,0,unlabeled
132,0.9431804418563843,1,1,unlabeled
133,0.0376511849462986,0,0,unlabeled
134,0.002517423126846552,0,0,unlabeled
135,0.949974775314331,1,1,unlabeled
136,0.0005145974573679268,0,0,unlabeled
137,0.0021235672757029533,0,0,unlabeled
138,0.048243239521980286,0,0,unlabeled
139,0.00026723352493718266,0,0,unlabeled
140,0.0007467170944437385,0,0,unlabeled
141,0.00046555817243643105,0,0,unlabeled
142,0.0013839039020240307,0,0,train
143,0.0018883662996813655,0,0,unlabeled
144,0.9857299327850342,1,1,unlabeled
145,0.9609474539756775,1,1,unlabeled
146,0.0011294946307316422,0,0,unlabeled
147,0.0016459147445857525,0,0,unlabeled
148,0.0166969895362854,0,0,unlabeled
149,0.0007530248258262873,0,0,unlabeled
150,0.0010559669462963939,0,0,unlabeled
151,0.0010559669462963939,0,0,unlabeled
152,0.9795947670936584,1,1,unlabeled
153,0.9701410531997681,1,1,unlabeled
154,0.0009326088475063443,0,0,unlabeled
155,0.000202329974854365,0,0,unlabeled
156,0.000423843739554286,0,0,train
157,0.0007244939333759248,0,0,val
158,0.021340511739253998,0,0,unlabeled
159,0.8821698427200317,1,1,unlabeled
160,8.752085705054924e-05,0,0,unlabeled
161,0.009033544920384884,0,0,unlabeled
162,3.835409643215826e-06,0,0,unlabeled
163,0.00015926201012916863,0,0,unlabeled
164,0.001181859290227294,0,0,unlabeled
165,0.0019188018050044775,0,0,unlabeled
166,0.0005208624643273652,0,0,unlabeled
167,0.9734698534011841,1,1,unlabeled
168,0.9732464551925659,1,1,train
169,0.00018169560644309968,0,0,unlabeled
170,0.005263116210699081,0,0,unlabeled
171,0.00018169560644309968,0,0,unlabeled
172,0.0004474697634577751,0,0,unlabeled
173,0.015255611389875412,0,0,unlabeled
174,0.0004016397288069129,0,0,unlabeled
175,0.9497965574264526,1,1,unlabeled
176,0.0017523916903883219,0,0,unlabeled
177,0.0013025295920670033,0,0,unlabeled
178,0.9528611302375793,1,1,train
179,0.0018963865004479885,0,0,val
180,0.0005168619100004435,0,0,unlabeled
181,0.9479495286941528,1,1,unlabeled
182,0.0004324694746173918,0,0,unlabeled
183,0.01399335265159607,0,0,unlabeled
184,0.875552237033844,1,1,unlabeled
185,0.00024309352738782763,0,0,unlabeled
186,0.0001632699859328568,0,0,unlabeled
187,0.9645779132843018,1,1,val
188,0.0008359298226423562,0,0,unlabeled
189,0.9848102927207947,1,1,unlabeled
190,0.00015926201012916863,0,0,train
191,0.001303351018577814,0,0,train
192,0.004120593424886465,0,0,unlabeled
193,0.0005843652179464698,0,0,unlabeled
194,0.0005305128288455307,0,0,unlabeled
195,0.0012474824907258153,0,0,unlabeled
196,0.9715355634689331,1,1,unlabeled
197,0.0003717341460287571,0,0,unlabeled
198,0.00017568140174262226,0,0,unlabeled
199,0.0006628388655371964,0,0,unlabeled
200,0.0554652139544487,0,0,unlabeled
201,0.000704397214576602,0,0,unlabeled
202,0.001993889920413494,0,0,val
203,9.36322430789005e-06,0,0,train
204,0.0008853944018483162,0,0,train
205,0.00031323518487624824,0,0,unlabeled
206,0.8917149901390076,1,0,unlabeled
207,0.0004053602460771799,0,0,train
208,0.00047976619680412114,0,0,unlabeled
209,0.0001642081479076296,0,0,unlabeled
210,0.9859122633934021,1,1,unlabeled
211,0.9692009687423706,1,1,train
212,0.0003277773503214121,0,0,unlabeled
213,0.0004106503911316395,0,0,train
214,0.0009534881100989878,0,0,train
215,0.0026154671795666218,0,0,unlabeled
216,0.0020108846947550774,0,0,train
217,0.9779918789863586,1,1,unlabeled
218,0.09521599858999252,0,0,unlabeled
219,0.0003736173384822905,0,0,train
220,0.9708587527275085,1,1,unlabeled
221,0.00045594482799060643,0,0,unlabeled
222,0.0004141454992350191,0,0,unlabeled
223,0.00023399500059895217,0,0,unlabeled
224,0.9735472798347473,1,1,train
225,0.00048806969425641,0,0,val
226,0.00016543336096219718,0,0,unlabeled
227,0.975508451461792,1,1,train
228,0.00032609954359941185,0,0,unlabeled
229,0.010717800818383694,0,0,unlabeled
230,0.01818123459815979,0,0,unlabeled
231,0.0003401164140086621,0,0,unlabeled
232,0.0017872685566544533,0,0,unlabeled
233,0.00035145890433341265,0,0,unlabeled
234,0.00275764474645257,0,0,unlabeled
235,0.000476998946396634,0,0,unlabeled
236,0.0009299186058342457,0,0,unlabeled
237,0.0014994314406067133,0,0,unlabeled
238,0.9937484264373779,1,1,unlabeled
239,0.004585349932312965,0,0,unlabeled
240,0.9475213289260864,1,1,unlabeled
241,0.001843352452851832,0,0,train
242,0.0035547667648643255,0,0,train
243,0.0003724668640643358,0,0,unlabeled
244,9.637184120947495e-05,0,0,unlabeled
245,0.25978854298591614,0,0,unlabeled
246,0.00041634784429334104,0,0,unlabeled
247,0.0011019539088010788,0,0,unlabeled
248,0.0005236586439423263,0,0,unlabeled
249,6.775939255021513e-05,0,0,unlabeled
250,0.0008000180241651833,0,0,unlabeled
251,0.9694245457649231,1,1,unlabeled
252,0.021796919405460358,0,0,train
253,0.0005912827327847481,0,0,unlabeled
254,0.002773658838123083,0,0,unlabeled
255,0.9693450927734375,1,1,unlabeled
256,0.0002529179910197854,0,0,unlabeled
257,0.0008426671847701073,0,0,unlabeled
258,0.0005323485820554197,0,0,unlabeled
259,0.9646061658859253,1,1,unlabeled
260,0.0013014439027756453,0,0,unlabeled
261,0.0006570080877281725,0,0,unlabeled
262,0.0022342081647366285,0,0,unlabeled
263,0.0008392171585001051,0,0,train
264,0.990879237651825,1,1,unlabeled
265,0.000666813226416707,0,0,unlabeled
266,0.0003626552352216095,0,0,unlabeled
267,0.0003236875927541405,0,0,unlabeled
268,0.000597556063439697,0,0,unlabeled
269,0.0003734798519872129,0,0,train
270,0.0010210629552602768,0,0,unlabeled
271,0.0001642081479076296,0,0,unlabeled
272,0.00018677701882552356,0,0,unlabeled
273,0.0010575710330158472,0,0,unlabeled
274,0.00040264736162498593,0,0,unlabeled
275,0.00030658135074190795,0,0,val
276,0.00016543336096219718,0,0,unlabeled
277,0.0032484515104442835,0,0,train
278,0.0008423472754657269,0,0,val
279,0.0006113916169852018,0,0,unlabeled
280,0.0007179226959124207,0,0,train
281,0.0021235672757029533,0,0,unlabeled
282,0.00045471711200661957,0,0,unlabeled
283,0.22676627337932587,0,0,unlabeled
284,0.0005711194244213402,0,0,unlabeled
285,0.0004079309001099318,0,0,unlabeled
286,0.9657135605812073,1,1,unlabeled
287,0.0013229070464149117,0,0,train
288,0.9792850017547607,1,1,unlabeled
289,0.001444850699044764,0,0,unlabeled
290,0.01766872964799404,0,0,unlabeled
291,0.9875364899635315,1,1,unlabeled
292,0.9698795080184937,1,1,unlabeled
293,0.9663414359092712,1,1,unlabeled
294,5.704918294213712e-05,0,0,unlabeled
295,0.9561402201652527,1,1,unlabeled
296,0.01792730763554573,0,0,unlabeled
297,0.02102501131594181,0,0,unlabeled
298,0.0015527242794632912,0,0,val
299,0.10413479059934616,0,0,unlabeled
300,0.000808549637440592,0,0,train
301,0.001462767249904573,0,0,train
302,0.0001642081479076296,0,0,unlabeled
303,0.0006214819732122123,0,0,unlabeled
304,0.00018169560644309968,0,0,train
305,0.0011455329367890954,0,0,unlabeled
306,0.9688459038734436,1,1,unlabeled
307,0.9661494493484497,1,1,train
308,0.0007225911249406636,0,0,unlabeled
309,0.0020551104098558426,0,0,unlabeled
310,0.0016188172157853842,0,0,unlabeled
311,0.00046299290261231363,0,0,unlabeled
312,0.0009384758886881173,0,0,train
313,0.00016283791046589613,0,0,unlabeled
314,0.0001922007359098643,0,0,unlabeled
315,0.0006476470152847469,0,0,unlabeled
316,0.9809429049491882,1,1,unlabeled
317,0.0004986278363503516,0,0,unlabeled
318,0.9657377004623413,1,1,unlabeled
319,0.0021235672757029533,0,0,unlabeled
320,0.0046371822245419025,0,0,train
321,0.04451342299580574,0,0,unlabeled
322,0.0016522131627425551,0,0,train
323,0.9794518947601318,1,1,unlabeled
324,0.9710108041763306,1,1,unlabeled
325,0.000912090006750077,0,0,unlabeled
326,0.007310009095817804,0,0,unlabeled
327,0.00042640985338948667,0,0,unlabeled
328,0.9804022312164307,1,1,unlabeled
329,0.8714462518692017,1,1,train
330,0.0003020732547156513,0,0,unlabeled
331,0.0012251834850758314,0,0,unlabeled
332,0.9771203994750977,1,1,unlabeled
333,0.9467049837112427,1,1,unlabeled
334,0.00043063980410806835,0,0,unlabeled
335,0.0006507944781333208,0,0,unlabeled
336,0.001463723136112094,0,0,unlabeled
337,0.004400002304464579,0,0,unlabeled
338,0.9845951795578003,1,1,unlabeled
339,0.0016171549214050174,0,0,unlabeled
340,5.704918294213712e-05,0,0,unlabeled
341,0.007878361269831657,0,0,unlabeled
342,0.00047976619680412114,0,0,unlabeled
343,0.00010193877824349329,0,0,unlabeled
344,0.00020250637317076325,0,0,unlabeled
345,0.0011086409213021398,0,0,unlabeled
346,0.00010193877824349329,0,0,unlabeled
347,0.986879825592041,1,1,unlabeled
348,5.350265928427689e-05,0,0,unlabeled
349,0.0005920575931668282,0,0,unlabeled
350,0.0028753909282386303,0,0,unlabeled
351,0.8503385186195374,1,1,unlabeled
352,0.9719707369804382,1,1,unlabeled
353,0.001544032245874405,0,0,val
354,0.021012701094150543,0,0,unlabeled
355,0.9536903500556946,1,1,unlabeled
356,0.9840519428253174,1,1,unlabeled
357,3.835409643215826e-06,0,0,unlabeled
358,0.004283358808606863,0,0,unlabeled
359,0.00045631136163137853,0,0,unlabeled
360,0.00047105562407523394,0,0,unlabeled
361,0.000697949668392539,0,0,unlabeled
362,0.9867139458656311,1,1,unlabeled
363,0.0011056289076805115,0,0,unlabeled
364,0.11493156850337982,0,0,unlabeled
365,0.00037517864257097244,0,0,unlabeled
366,0.002681291662156582,0,0,train
367,0.043863214552402496,0,0,unlabeled
368,0.0004936028853990138,0,0,unlabeled
369,0.00012398678518366069,0,0,unlabeled
370,0.0002854643389582634,0,0,unlabeled
371,0.0008638037252239883,0,0,unlabeled
372,5.704918294213712e-05,0,0,unlabeled
373,0.0014447530265897512,0,0,unlabeled
374,0.015284312888979912,0,0,unlabeled
375,0.004030928947031498,0,0,unlabeled
376,0.9305855631828308,1,0,unlabeled
377,0.9800136089324951,1,1,unlabeled
378,0.0002854643389582634,0,0,unlabeled
379,0.002134684706106782,0,0,train
380,0.00047908848500810564,0,0,unlabeled
381,0.0003946262295357883,0,0,unlabeled
382,0.9262290000915527,1,1,train
383,0.0030919192358851433,0,0,unlabeled
384,0.0032521868124604225,0,0,unlabeled
385,0.9869001507759094,1,1,unlabeled
386,0.0453067272901535,0,0,unlabeled
387,0.00105889025144279,0,0,unlabeled
388,0.9823161959648132,1,1,train
389,0.26308414340019226,0,0,train
390,0.0013412846019491553,0,0,unlabeled
391,0.0005339353228919208,0,0,unlabeled
392,0.987184464931488,1,1,unlabeled
393,0.0008770005661062896,0,0,val
394,0.0005071355262771249,0,0,train
395,0.25820404291152954,0,0,unlabeled
396,0.00016406417125836015,0,0,val
397,0.0005372548475861549,0,0,train
398,0.9888652563095093,1,1,unlabeled
399,0.00031784584280103445,0,0,train
400,0.0016518490156158805,0,0,val
401,0.05599047243595123,0,0,unlabeled
402,0.0012185913510620594,0,0,unlabeled
403,0.0009994617430493236,0,0,unlabeled
404,0.0006120492471382022,0,0,train
405,0.0026154671795666218,0,0,unlabeled
406,0.003000889904797077,0,0,unlabeled
407,6.775939255021513e-05,0,0,unlabeled
408,6.815520237068995e-07,0,0,train
409,0.04558509215712547,0,0,unlabeled
410,0.001463723136112094,0,0,val
411,0.0016510110581293702,0,0,unlabeled
412,0.06105127930641174,0,0,unlabeled
413,0.0008561808499507606,0,0,unlabeled
414,0.0006263231043703854,0,0,unlabeled
415,0.8403985500335693,1,0,train
416,0.0029756324365735054,0,0,unlabeled
417,0.9628850221633911,1,1,unlabeled
418,4.669350914809911e-07,0,0,unlabeled
419,0.0003695908235386014,0,0,unlabeled
420,6.775939255021513e-05,0,0,unlabeled
421,0.9732836484909058,1,1,val
422,0.004697594325989485,0,0,unlabeled
423,0.001079381676390767,0,0,unlabeled
424,9.071923159353901e-07,0,0,val
425,0.0015369618777185678,0,0,unlabeled
426,0.004318405408412218,0,0,unlabeled
427,0.04134796932339668,0,0,train
428,0.0005669284146279097,0,0,unlabeled
429,0.9330371618270874,1,1,unlabeled
430,0.002164600882679224,0,0,train
431,0.9757453799247742,1,1,unlabeled
432,0.993194580078125,1,1,val
433,0.0001642081479076296,0,0,unlabeled
434,0.0007268362096510828,0,0,train
435,0.004320784937590361,0,0,train
436,0.0014468581648543477,0,0,unlabeled
437,0.0035280759911984205,0,0,unlabeled
438,0.974361002445221,1,1,unlabeled
439,0.9862543344497681,1,1,unlabeled
440,0.04876377806067467,0,0,unlabeled
441,0.002369937254115939,0,0,unlabeled
442,0.00018169560644309968,0,0,unlabeled
443,0.024250496178865433,0,0,unlabeled
444,0.0015454207314178348,0,0,unlabeled
445,0.0011293648276478052,0,0,unlabeled
446,0.001334496191702783,0,0,unlabeled
447,0.024574287235736847,0,0,unlabeled
448,0.0001642081479076296,0,0,unlabeled
449,0.0012467366177588701,0,0,unlabeled
450,0.00039903330616652966,0,0,val
451,0.0007738877320662141,0,0,unlabeled
452,0.0009548122761771083,0,0,unlabeled
453,0.22132577002048492,0,0,unlabeled
454,0.9845407605171204,1,1,unlabeled
455,0.00048801806406117976,0,0,unlabeled
456,0.8623413443565369,1,1,unlabeled
457,0.00019754728418774903,0,0,unlabeled
458,0.000572343124076724,0,0,train
459,0.0014042751863598824,0,0,unlabeled
460,0.9599097371101379,1,1,unlabeled
461,0.9606971740722656,1,1,unlabeled
462,0.0008783173398114741,0,0,unlabeled
463,0.00031081694760359824,0,0,unlabeled
464,0.001741342362947762,0,0,unlabeled
465,0.0011449139565229416,0,0,train
466,0.0013632402988150716,0,0,unlabeled
467,0.0003413290251046419,0,0,unlabeled
468,0.3383671045303345,0,0,train
469,0.9884088635444641,1,1,unlabeled
470,0.9910153746604919,1,1,train
471,0.0014969162875786424,0,0,unlabeled
472,0.001103329355828464,0,0,unlabeled
473,0.0006775786750949919,0,0,unlabeled
474,0.000252856028964743,0,0,unlabeled
475,0.00030515919206663966,0,0,unlabeled
476,0.0007711102371104062,0,0,unlabeled
477,0.9890602827072144,1,1,unlabeled
478,0.19177886843681335,0,0,unlabeled
479,0.0012059618020430207,0,0,unlabeled
480,0.0013309455243870616,0,0,unlabeled
481,0.0006862695445306599,0,0,unlabeled
482,0.0002807447162922472,0,0,unlabeled
483,0.0005878121010027826,0,0,train
484,0.00021020813437644392,0,0,unlabeled
485,0.0007958375499583781,0,0,unlabeled
486,0.0001307739148614928,0,0,unlabeled
487,3.412204023334198e-05,0,0,unlabeled
488,0.9538470506668091,1,1,unlabeled
489,0.001041689538396895,0,0,unlabeled
490,0.9242181777954102,1,1,unlabeled
491,0.8474847078323364,1,0,unlabeled
492,0.3096911609172821,0,0,unlabeled
493,0.00035454516182653606,0,0,train
494,0.00018677701882552356,0,0,unlabeled
495,0.00029325566720217466,0,0,unlabeled
496,0.001250394037924707,0,0,unlabeled
497,0.9517723917961121,1,1,unlabeled
498,0.00016543336096219718,0,0,unlabeled
499,0.9424657821655273,1,1,unlabeled
500,0.97967529296875,1,1,train
501,0.0029432352166622877,0,0,unlabeled
502,0.9882429242134094,1,1,unlabeled
503,0.0002025905851041898,0,0,unlabeled
504,0.0008675212156958878,0,0,train
505,0.0002529182529542595,0,0,unlabeled
506,0.9503202438354492,1,1,val
507,0.0017157886177301407,0,0,unlabeled
508,0.9682116508483887,1,1,val
509,0.0046355933882296085,0,0,unlabeled
510,0.9849456548690796,1,1,unlabeled
511,9.567953611622215e-07,0,0,unlabeled
512,0.9525652527809143,1,1,unlabeled
513,0.00020016742928419262,0,0,unlabeled
514,0.0007608410087414086,0,0,train
515,0.0006978362216614187,0,0,unlabeled
516,0.0062051634304225445,0,0,unlabeled
517,0.0017910985043272376,0,0,unlabeled
518,0.0008918669773265719,0,0,val
519,0.00042218799353577197,0,0,unlabeled
520,0.9619230628013611,1,0,unlabeled
521,0.004882256034761667,0,0,unlabeled
522,0.0002714000584091991,0,0,unlabeled
523,0.8555719256401062,1,1,unlabeled
524,0.0042645493522286415,0,0,unlabeled
525,0.0029096677899360657,0,0,unlabeled
526,0.0014056768268346786,0,0,train
527,0.0008272675913758576,0,0,unlabeled
528,0.001116020604968071,0,0,unlabeled
529,0.0008994755917228758,0,0,unlabeled
530,6.775939255021513e-05,0,0,train
531,0.00046744165592826903,0,0,unlabeled
532,0.00048691610572859645,0,0,unlabeled
533,0.004772098269313574,0,0,unlabeled
534,0.9671081304550171,1,1,unlabeled
535,0.02242851071059704,0,0,unlabeled
536,0.0001959179644472897,0,0,unlabeled
537,0.9566137194633484,1,1,unlabeled
538,0.0005669284146279097,0,0,train
539,0.0063961767591536045,0,0,unlabeled
540,0.0029127043671905994,0,0,train
541,0.001802622340619564,0,0,unlabeled
542,0.0008926414302550256,0,0,unlabeled
543,0.0043922364711761475,0,0,unlabeled
544,0.000565887545235455,0,0,unlabeled
545,0.013143358752131462,0,0,unlabeled
546,0.0013130345614627004,0,0,unlabeled
547,0.9624263048171997,1,1,unlabeled
548,0.0004954237956553698,0,0,unlabeled
549,0.8741322755813599,1,1,unlabeled
550,0.985610842704773,1,1,unlabeled
551,0.0008009585435502231,0,0,val
552,0.9595200419425964,1,1,train
553,0.0004518405476119369,0,0,unlabeled
554,0.0006066472851671278,0,0,train
555,0.000533935846760869,0,0,unlabeled
556,0.8704738616943359,1,1,unlabeled
557,0.0018869685009121895,0,0,unlabeled
558,0.029622210189700127,0,0,unlabeled
559,0.010850352235138416,0,0,unlabeled
560,0.000528163684066385,0,0,unlabeled
561,0.006238757167011499,0,0,val
562,0.01493758987635374,0,0,unlabeled
563,0.0003252332971896976,0,0,unlabeled
564,0.0010895743034780025,0,0,unlabeled
565,0.0013175989734008908,0,0,train
566,0.0001642081479076296,0,0,unlabeled
567,0.05750945582985878,0,0,unlabeled
568,0.0014478780794888735,0,0,unlabeled
569,0.0009365786099806428,0,0,unlabeled
570,0.00040264736162498593,0,0,unlabeled
571,0.0007611621986143291,0,0,unlabeled
572,0.001785775413736701,0,0,unlabeled
573,0.0011240782914683223,0,0,train
574,0.2510276138782501,0,0,unlabeled
575,0.9868164658546448,1,1,unlabeled
576,0.9850643277168274,1,1,unlabeled
577,0.0003057211870327592,0,0,unlabeled
578,0.9891591668128967,1,1,train
579,0.047266654670238495,0,0,val
580,0.9875398874282837,1,1,unlabeled
581,0.0004966749111190438,0,0,train
582,0.0006508714286610484,0,0,unlabeled
583,0.9841789603233337,1,1,unlabeled
584,0.000774357991758734,0,0,unlabeled
585,0.001034893561154604,0,0,train
586,0.9839732646942139,1,1,unlabeled
587,0.9767435789108276,1,1,unlabeled
588,0.00019063022045884281,0,0,train
589,0.0012185913510620594,0,0,unlabeled
590,0.005640918388962746,0,0,unlabeled
591,0.03503763675689697,0,0,train
592,0.0012486623600125313,0,0,unlabeled
593,0.0006996844313107431,0,0,train
594,0.9510214924812317,1,1,unlabeled
595,0.9456354379653931,1,1,unlabeled
596,0.05732903257012367,0,0,unlabeled
597,0.965402364730835,1,1,unlabeled
598,0.0011179561261087656,0,0,unlabeled
599,0.008355438709259033,0,0,unlabeled
600,0.24486517906188965,0,0,unlabeled
601,0.0004297882260289043,0,0,unlabeled
602,0.0017295764992013574,0,0,unlabeled
603,0.9913349747657776,1,1,unlabeled
604,0.0005295804585330188,0,0,unlabeled
605,0.0005946258897893131,0,0,train
606,0.0004986278363503516,0,0,train
607,0.0032070332672446966,0,0,unlabeled
608,0.0085344472900033,0,0,unlabeled
609,0.006574549712240696,0,0,unlabeled
610,0.982563316822052,1,1,val
611,0.9719209671020508,1,1,unlabeled
612,0.0007046607788652182,0,0,train
613,0.0007064728997647762,0,0,unlabeled
614,0.000981126562692225,0,0,unlabeled
615,0.0008359298226423562,0,0,unlabeled
616,0.00042640985338948667,0,0,unlabeled
617,0.9607315063476562,1,1,unlabeled
618,0.000602494808845222,0,0,train
619,0.008369254879653454,0,0,unlabeled
620,0.00042735738679766655,0,0,unlabeled
621,1.7686913906800328e-06,0,0,unlabeled
622,0.01011720858514309,0,0,train
623,0.0020832850132137537,0,0,unlabeled
624,0.00042640985338948667,0,0,unlabeled
625,0.0011745900847017765,0,0,val
626,5.782752054983575e-07,0,0,unlabeled
627,0.007501405663788319,0,0,unlabeled
628,0.9728747606277466,1,1,unlabeled
629,0.0004480326024349779,0,0,unlabeled
630,0.9437357783317566,1,1,train
631,0.0016440541949123144,0,0,unlabeled
632,0.0013518653577193618,0,0,unlabeled
633,0.0014441105304285884,0,0,train
634,0.0023293078411370516,0,0,unlabeled
635,0.06100337207317352,0,0,train
636,0.06583547592163086,0,0,unlabeled
637,6.961631152080372e-05,0,0,unlabeled
638,0.9892395734786987,1,1,unlabeled
639,0.0012143949279561639,0,0,unlabeled
640,0.0020108846947550774,0,0,unlabeled
641,0.8561227321624756,1,1,unlabeled
642,0.005854229908436537,0,0,unlabeled
643,0.19923241436481476,0,0,unlabeled
644,0.0017295764992013574,0,0,train
645,0.9636485576629639,1,1,unlabeled
646,0.0028040744364261627,0,0,unlabeled
647,0.000590937677770853,0,0,unlabeled
648,0.0007511506555601954,0,0,unlabeled
649,0.000628267356660217,0,0,unlabeled
650,5.704918294213712e-05,0,0,unlabeled
651,0.0014577348483726382,0,0,unlabeled
652,0.9795854091644287,1,1,unlabeled
653,0.0005669284146279097,0,0,unlabeled
654,0.0002824778202921152,0,0,unlabeled
655,0.0032139215618371964,0,0,unlabeled
656,0.0004792570252902806,0,0,unlabeled
657,0.0008359298226423562,0,0,unlabeled
658,0.0014634039252996445,0,0,train
659,0.003081690287217498,0,0,unlabeled
660,0.0007090247818268836,0,0,train
661,0.0005669284146279097,0,0,train
662,0.9502033591270447,1,1,unlabeled
663,0.9682012796401978,1,1,unlabeled
664,0.0013269754126667976,0,0,train
665,0.0010213684290647507,0,0,train
666,0.9638822078704834,1,1,unlabeled
667,0.0007965268450789154,0,0,unlabeled
668,0.00023704803606960922,0,0,unlabeled
669,0.9744653701782227,1,1,val
670,0.00010799094889080152,0,0,train
671,0.0010711621725931764,0,0,unlabeled
672,5.283813152345829e-05,0,0,unlabeled
673,0.0029384270310401917,0,0,unlabeled
674,8.752085705054924e-05,0,0,unlabeled
675,0.9873091578483582,1,1,unlabeled
676,0.00016543336096219718,0,0,train
677,0.003208745736628771,0,0,train
678,0.0009318810189142823,0,0,unlabeled
679,0.0004275356768630445,0,0,unlabeled
680,0.0016371399397030473,0,0,val
681,0.00042764039244502783,0,0,train
682,0.9839768409729004,1,1,unlabeled
683,0.01684146374464035,0,0,train
684,0.0012721385573968291,0,0,val
685,0.8498507142066956,1,1,train
686,0.0042956192046403885,0,0,unlabeled
687,0.99397873878479,1,1,unlabeled
688,0.0002162811579182744,0,0,unlabeled
689,0.0005178350838832557,0,0,unlabeled
690,0.00040264736162498593,0,0,train
691,0.0005096833338029683,0,0,unlabeled
692,0.08986091613769531,0,0,unlabeled
693,0.9913928508758545,1,1,unlabeled
694,0.006980939768254757,0,0,unlabeled
695,0.9801304340362549,1,1,unlabeled
696,0.001852895482443273,0,0,unlabeled
697,0.004229281097650528,0,0,unlabeled
698,0.0005805522087030113,0,0,unlabeled
699,0.0012997807934880257,0,0,val
700,0.00036763722891919315,0,0,unlabeled
701,0.0015398403629660606,0,0,unlabeled
702,0.0003012794186361134,0,0,unlabeled
703,0.0013277105754241347,0,0,unlabeled
704,0.01433498878031969,0,0,unlabeled
705,0.008061003871262074,0,0,unlabeled
706,0.0014543876750394702,0,0,unlabeled
707,0.001514528994448483,0,0,unlabeled
708,0.000757363683078438,0,0,unlabeled
709,0.001037705224007368,0,0,unlabeled
710,9.710447193356231e-05,0,0,unlabeled
711,0.0006244664546102285,0,0,val
712,0.0011099157854914665,0,0,unlabeled
713,0.05776619911193848,0,0,unlabeled
714,0.9646517634391785,1,1,unlabeled
715,0.001024389872327447,0,0,train
716,0.01980651542544365,0,0,unlabeled
717,0.04067518934607506,0,0,unlabeled
718,0.9716452360153198,1,1,unlabeled
719,0.011560387909412384,0,0,unlabeled
720,0.0007698602275922894,0,0,unlabeled
721,0.9583944082260132,1,1,unlabeled
722,0.001259976183064282,0,0,unlabeled
723,0.046460531651973724,0,0,unlabeled
724,0.0014278677990660071,0,0,unlabeled
725,0.0007760696462355554,0,0,unlabeled
726,0.9507633447647095,1,1,train
727,0.9563943147659302,1,1,train
728,8.891984907677397e-05,0,0,train
729,0.0030559201259166002,0,0,val
730,0.00546442624181509,0,0,unlabeled
731,0.006099347956478596,0,0,unlabeled
732,0.0006097464938648045,0,0,unlabeled
733,0.001713484525680542,0,0,unlabeled
734,0.0016832678811624646,0,0,unlabeled
735,0.0064314380288124084,0,0,train
736,0.0005015673814341426,0,0,unlabeled
737,0.00016166444402188063,0,0,unlabeled
738,0.0031456067226827145,0,0,unlabeled
739,0.0007845527143217623,0,0,unlabeled
740,0.00039126499905250967,0,0,unlabeled
741,0.00022628028818871826,0,0,unlabeled
742,0.0003247239510528743,0,0,unlabeled
743,0.0016018510796129704,0,0,unlabeled
744,0.07976393401622772,0,0,val
745,0.9818769693374634,1,1,unlabeled
746,7.459847256541252e-05,0,0,unlabeled
747,0.009680652059614658,0,0,unlabeled
748,0.021417031064629555,0,0,unlabeled
749,7.140812385841855e-07,0,0,unlabeled
750,0.9249714016914368,1,1,unlabeled
751,0.5134605169296265,0,0,unlabeled
752,0.9796364307403564,1,1,unlabeled
753,0.9789272546768188,1,1,train
754,0.0002932959469035268,0,0,unlabeled
755,0.0006036184495314956,0,0,unlabeled
756,0.0002045219298452139,0,0,unlabeled
757,0.033054452389478683,0,0,unlabeled
758,0.06843002885580063,0,0,train
759,0.9729405641555786,1,1,unlabeled
760,0.8749077916145325,1,0,unlabeled
761,0.9741111397743225,1,1,unlabeled
762,0.0019625439308583736,0,0,unlabeled
763,0.0009627375402487814,0,0,unlabeled
764,0.15009751915931702,0,0,unlabeled
765,9.710447193356231e-05,0,0,unlabeled
766,0.0001620512193767354,0,0,unlabeled
767,0.0007225443841889501,0,0,unlabeled
768,0.0007098130881786346,0,0,unlabeled
769,0.0005550729692913592,0,0,train
770,0.0012409117771312594,0,0,unlabeled
771,0.0017994530498981476,0,0,val
772,0.00046946920338086784,0,0,unlabeled
773,0.0002568102499935776,0,0,train
774,0.0003207979316357523,0,0,train
775,0.969512403011322,1,1,unlabeled
776,8.752085705054924e-05,0,0,unlabeled
777,9.567953611622215e-07,0,0,unlabeled
778,0.0132652148604393,0,0,unlabeled
779,0.0025869454257190228,0,0,unlabeled
780,5.704918294213712e-05,0,0,unlabeled
781,0.0003679353976622224,0,0,unlabeled
782,8.752085705054924e-05,0,0,unlabeled
783,0.00981628056615591,0,0,unlabeled
784,0.08300314843654633,0,0,unlabeled
785,0.0005843652179464698,0,0,unlabeled
786,0.0008359298226423562,0,0,unlabeled
787,0.0013667450984939933,0,0,unlabeled
788,0.0014877108624204993,0,0,unlabeled
789,0.991791844367981,1,1,val
790,0.0011294946307316422,0,0,unlabeled
791,0.014519748277962208,0,0,unlabeled
792,0.0004518405476119369,0,0,train
793,0.08945789188146591,0,0,train
794,0.0011477939551696181,0,0,unlabeled
795,0.0039625223726034164,0,0,unlabeled
796,0.0010435315780341625,0,0,unlabeled
797,0.006257554981857538,0,0,unlabeled
798,0.11478320509195328,0,0,val
799,5.7280676628579386e-06,0,0,unlabeled
800,5.704918294213712e-05,0,0,unlabeled
801,0.0007064728997647762,0,0,unlabeled
802,0.00031323518487624824,0,0,unlabeled
803,0.9752380847930908,1,1,unlabeled
804,0.01771223172545433,0,0,unlabeled
805,0.0012995474971830845,0,0,unlabeled
806,0.0007060794741846621,0,0,unlabeled
807,0.000441987271187827,0,0,unlabeled
808,0.0004954235046170652,0,0,unlabeled
809,0.0013526432448998094,0,0,unlabeled
810,0.011560387909412384,0,0,unlabeled
811,0.9560320973396301,1,1,unlabeled
812,0.000922449107747525,0,0,unlabeled
813,0.9835141897201538,1,1,train
814,0.9779554009437561,1,1,unlabeled
815,0.9576046466827393,1,1,unlabeled
816,0.0012705528642982244,0,0,unlabeled
817,0.0014129820046946406,0,0,unlabeled
818,0.9614188075065613,1,1,unlabeled
819,0.9567487239837646,1,1,unlabeled
820,0.0004560975939966738,0,0,unlabeled
821,3.835409643215826e-06,0,0,unlabeled
822,0.9474015831947327,1,1,unlabeled
823,0.0012039938010275364,0,0,unlabeled
824,0.00018886514590121806,0,0,unlabeled
825,0.0005027790903113782,0,0,unlabeled
826,0.0006209710263647139,0,0,unlabeled
827,0.9918105602264404,1,1,train
828,0.00687981816008687,0,0,unlabeled
829,0.9767618775367737,1,1,unlabeled
830,0.882509171962738,1,1,unlabeled
831,0.0019414167618378997,0,0,unlabeled
832,0.0006079472368583083,0,0,unlabeled
833,0.0004102960810996592,0,0,unlabeled
834,0.0002849047305062413,0,0,unlabeled
835,0.9731791615486145,1,1,unlabeled
836,0.043292224407196045,0,0,unlabeled
837,0.000598680810071528,0,0,unlabeled
838,0.9774969220161438,1,1,unlabeled
839,0.0009101753239519894,0,0,unlabeled
840,0.0010421402985230088,0,0,train
841,0.006276472005993128,0,0,unlabeled
842,0.0009113459964282811,0,0,unlabeled
843,0.25395646691322327,0,0,unlabeled
844,0.0008769345586188138,0,0,unlabeled
845,0.977597177028656,1,1,unlabeled
846,0.0042617968283593655,0,0,train
847,0.00043167266994714737,0,0,train
848,0.6757841110229492,0,0,train
849,0.03544100373983383,0,0,unlabeled
850,0.01072410773485899,0,0,unlabeled
851,0.00011751476267818362,0,0,unlabeled
852,0.0007651504711247981,0,0,unlabeled
853,0.0011099157854914665,0,0,unlabeled
854,0.00271627283655107,0,0,unlabeled
855,0.001193437958136201,0,0,unlabeled
856,0.0009192939032800496,0,0,unlabeled
857,0.9563350677490234,1,1,unlabeled
858,0.00040084333159029484,0,0,unlabeled
859,0.986933708190918,1,1,unlabeled
860,0.00018677701882552356,0,0,val
861,0.00074088602559641,0,0,train
862,0.026117069646716118,0,0,unlabeled
863,0.0011294950963929296,0,0,train
864,0.00042640985338948667,0,0,unlabeled
865,0.00045594482799060643,0,0,unlabeled
866,0.0006685369880869985,0,0,unlabeled
867,0.0021109450608491898,0,0,unlabeled
868,0.9469255805015564,1,1,unlabeled
869,0.0003434625396039337,0,0,train
870,7.459847256541252e-05,0,0,unlabeled
871,0.9829984307289124,1,1,unlabeled
872,0.04187595471739769,0,0,unlabeled
873,0.976207971572876,1,1,unlabeled
874,0.0002932959469035268,0,0,unlabeled
875,0.0001922007359098643,0,0,unlabeled
876,0.0005951778730377555,0,0,train
877,0.5999459028244019,0,0,unlabeled
878,0.9780779480934143,1,1,train
879,0.9741283655166626,1,1,unlabeled
880,0.2339659333229065,0,0,unlabeled
881,0.9573742747306824,1,1,unlabeled
882,8.752085705054924e-05,0,0,unlabeled
883,0.0009670268627814949,0,0,train
884,0.9756920337677002,1,1,train
885,0.24917849898338318,0,0,train
886,0.00019754728418774903,0,0,train
887,0.0009384812437929213,0,0,unlabeled
888,0.006300826091319323,0,0,unlabeled
889,0.00144249910954386,0,0,unlabeled
890,0.00501250708475709,0,0,unlabeled
891,0.013863191939890385,0,0,unlabeled
892,0.0010586259886622429,0,0,unlabeled
893,0.0008789753192104399,0,0,unlabeled
894,0.0006689177826046944,0,0,unlabeled
895,0.24755859375,0,0,unlabeled
896,0.9855883121490479,1,1,val
897,1.4633843647970934e-07,0,0,unlabeled
898,0.039604030549526215,0,0,unlabeled
899,0.007335805334150791,0,0,unlabeled
900,0.9800530076026917,1,1,unlabeled
901,0.0004464514786377549,0,0,unlabeled
902,0.10029495507478714,0,0,unlabeled
903,0.9532448649406433,1,1,unlabeled
904,0.0004726266488432884,0,0,unlabeled
905,0.9727554321289062,1,1,unlabeled
906,0.00038387870881706476,0,0,unlabeled
907,0.0008129551424644887,0,0,unlabeled
908,0.0001642081479076296,0,0,unlabeled
909,0.00020194819080643356,0,0,unlabeled
910,0.00047348387306556106,0,0,unlabeled
911,0.00012595957377925515,0,0,val
912,0.3189137876033783,0,0,train
913,0.9863048791885376,1,1,train
914,0.9703503847122192,1,1,unlabeled
915,0.9919434785842896,1,1,unlabeled
916,0.9379646182060242,1,1,unlabeled
917,0.0031513748690485954,0,0,unlabeled
918,0.9306142330169678,1,1,unlabeled
919,0.03601960465312004,0,0,train
920,0.01403200626373291,0,0,train
921,0.8675447702407837,1,1,unlabeled
922,0.9287726879119873,1,1,train
923,0.29677045345306396,0,0,unlabeled
924,0.002771042985841632,0,0,unlabeled
925,0.00019754728418774903,0,0,unlabeled
926,0.9651826620101929,1,1,unlabeled
927,8.752085705054924e-05,0,0,unlabeled
928,0.0043058390729129314,0,0,train
929,0.9946436882019043,1,1,unlabeled
930,0.9871498346328735,1,1,unlabeled
931,0.1327950358390808,0,0,train
932,0.006734440103173256,0,0,unlabeled
933,0.16299282014369965,0,0,unlabeled
934,0.0006169263506308198,0,0,unlabeled
935,0.0005460695247165859,0,0,val
936,9.710447193356231e-05,0,0,train
937,0.05216429755091667,0,0,unlabeled
938,0.0005941386916674674,0,0,unlabeled
939,0.0015245453687384725,0,0,unlabeled
940,5.704918294213712e-05,0,0,train
941,0.0009017547708936036,0,0,unlabeled
942,0.0002296610182384029,0,0,unlabeled
943,0.176659494638443,0,0,unlabeled
944,0.0013592991745099425,0,0,train
945,0.0006752630579285324,0,0,unlabeled
946,0.0009406870813108981,0,0,unlabeled
947,0.9905462265014648,1,1,unlabeled
948,0.003328053979203105,0,0,unlabeled
949,0.0028043680358678102,0,0,unlabeled
950,0.05735974758863449,0,0,train
951,1.130900386669964e-06,0,0,unlabeled
952,0.00039126499905250967,0,0,val
953,0.0014160742284730077,0,0,val
954,5.704918294213712e-05,0,0,unlabeled
955,0.0004480326024349779,0,0,unlabeled
956,0.9712759256362915,1,1,train
957,0.8786150813102722,1,1,train
958,0.005682095885276794,0,0,unlabeled
959,0.00035940055386163294,0,0,unlabeled
960,0.0012367829913273454,0,0,unlabeled
961,0.0013025295920670033,0,0,unlabeled
962,0.9620077013969421,1,1,unlabeled
963,0.9903595447540283,1,1,unlabeled
964,0.000990695203654468,0,0,unlabeled
965,0.0005145974573679268,0,0,unlabeled
966,0.0007674309308640659,0,0,train
967,0.0003762230626307428,0,0,unlabeled
968,0.09550956636667252,0,0,unlabeled
969,0.0009351353510282934,0,0,unlabeled
970,0.9298322200775146,1,1,unlabeled
971,0.00023453151516150683,0,0,unlabeled
972,0.0035267097409814596,0,0,unlabeled
973,0.9765526652336121,1,1,unlabeled
974,0.004598638974130154,0,0,unlabeled
975,0.006372422911226749,0,0,unlabeled
976,0.009331305511295795,0,0,unlabeled
977,0.9759144186973572,1,1,unlabeled
978,0.0006257923669181764,0,0,unlabeled
979,0.9688766002655029,1,1,unlabeled
980,0.0047003235667943954,0,0,unlabeled
981,0.9394189119338989,1,1,unlabeled
982,0.0006436767289415002,0,0,unlabeled
983,8.888401680451352e-06,0,0,unlabeled
984,0.9687936902046204,1,1,train
985,0.0033313657622784376,0,0,train
986,1.127347900364839e-06,0,0,unlabeled
987,0.0007123482646420598,0,0,unlabeled
988,0.8686600923538208,1,1,unlabeled
989,1.3065136954537593e-05,0,0,train
990,0.8668985366821289,1,1,unlabeled
991,0.02486521564424038,0,0,unlabeled
992,0.0002739015326369554,0,0,unlabeled
993,0.9923843741416931,1,1,unlabeled
994,0.9635903239250183,1,1,unlabeled
995,0.0003452566743362695,0,0,unlabeled
996,0.831245481967926,0,1,unlabeled
997,0.002022102242335677,0,0,unlabeled
998,0.000690871907863766,0,0,train
999,0.9490901231765747,1,1,unlabeled
1000,0.0021109459921717644,0,0,unlabeled
1001,0.9903801679611206,1,1,train
1002,0.005173448473215103,0,0,unlabeled
1003,2.5762261429918e-05,0,0,unlabeled
1004,0.0005170979420654476,0,0,train
1005,0.10681258887052536,0,0,unlabeled
1006,0.0007957200286909938,0,0,train
1007,0.3195592164993286,0,0,unlabeled
1008,0.08884066343307495,0,0,unlabeled
1009,0.9599373936653137,1,1,train
1010,0.0005498708342202008,0,0,unlabeled
1011,0.05731476470828056,0,0,unlabeled
1012,0.00042753585148602724,0,0,unlabeled
1013,0.9814240336418152,1,1,unlabeled
1014,0.0008985692984424531,0,0,unlabeled
1015,0.00018169560644309968,0,0,unlabeled
1016,0.006646040361374617,0,0,unlabeled
1017,0.24082276225090027,0,0,unlabeled
1018,0.0013025290099903941,0,0,unlabeled
1019,0.9634085297584534,1,1,unlabeled
1020,0.8598793745040894,1,0,train
1021,0.10002598166465759,0,0,train
1022,0.0010205149883404374,0,0,unlabeled
1023,0.002834680024534464,0,0,unlabeled
1024,0.002944605192169547,0,0,unlabeled
1025,0.037557873874902725,0,0,unlabeled
1026,0.0026770923286676407,0,0,unlabeled
1027,2.1408875454653753e-06,0,0,unlabeled
1028,0.0004669482004828751,0,0,unlabeled
1029,0.007585079874843359,0,0,unlabeled
1030,0.004524738062173128,0,0,unlabeled
1031,0.0004986278363503516,0,0,unlabeled
1032,0.0008894916391000152,0,0,unlabeled
1033,0.968788206577301,1,1,unlabeled
1034,0.0032070332672446966,0,0,unlabeled
1035,0.0003176522732246667,0,0,unlabeled
1036,0.0008542091818526387,0,0,unlabeled
1037,0.0015440726419910789,0,0,unlabeled
1038,0.0005878123920410872,0,0,val
1039,0.0004650366026908159,0,0,unlabeled
1040,0.5422397255897522,0,0,unlabeled
1041,0.9912651181221008,1,1,unlabeled
1042,0.04852668568491936,0,0,unlabeled
1043,0.0002386525011388585,0,0,unlabeled
1044,0.0003967548254877329,0,0,train
1045,0.0427110530436039,0,0,unlabeled
1046,3.2971700420603156e-05,0,0,train
1047,0.007758013904094696,0,0,unlabeled
1048,0.3322257697582245,0,0,unlabeled
1049,0.0026263101026415825,0,0,train
1050,0.9864373803138733,1,1,unlabeled
1051,1.854658330557868e-05,0,0,unlabeled
1052,0.00037517864257097244,0,0,unlabeled
1053,0.9888028502464294,1,1,unlabeled
1054,5.704918294213712e-05,0,0,unlabeled
1055,0.003528613829985261,0,0,train
1056,0.9871441721916199,1,1,unlabeled
1057,7.459847256541252e-05,0,0,unlabeled
1058,0.9650026559829712,1,1,unlabeled
1059,0.0005372548475861549,0,0,unlabeled
1060,0.9645084738731384,1,1,unlabeled
1061,0.9877651929855347,1,1,unlabeled
1062,6.775939255021513e-05,0,0,unlabeled
1063,0.005386224947869778,0,0,unlabeled
1064,0.0010833879932761192,0,0,unlabeled
1065,0.0025556886103004217,0,0,unlabeled
1066,0.001349461148492992,0,0,unlabeled
1067,0.0005412981263361871,0,0,unlabeled
1068,0.001175855053588748,0,0,unlabeled
1069,0.0002943943836726248,0,0,train
1070,0.000878069200553,0,0,unlabeled
1071,0.0009457014966756105,0,0,unlabeled
1072,0.05861805006861687,0,0,unlabeled
1073,0.02936813235282898,0,0,train
1074,0.0012260472867637873,0,0,unlabeled
1075,0.0015724711120128632,0,0,train
1076,0.0028233458288013935,0,0,unlabeled
1077,0.0005747360410168767,0,0,unlabeled
1078,0.000368281063856557,0,0,unlabeled
1079,8.891984907677397e-05,0,0,unlabeled
1080,0.0013530767755582929,0,0,unlabeled
1081,0.9857695698738098,1,1,unlabeled
1082,0.9766517281532288,1,1,unlabeled
1083,8.924271969590336e-05,0,0,unlabeled
1084,0.000586726819165051,0,0,train
1085,0.00027755319024436176,0,0,train
1086,0.0006116864969953895,0,0,unlabeled
1087,0.8794775605201721,1,1,unlabeled
1088,0.0006001764559186995,0,0,unlabeled
1089,0.00031323518487624824,0,0,unlabeled
1090,0.0009341527475044131,0,0,unlabeled
1091,0.0002529179910197854,0,0,unlabeled
1092,0.8888990879058838,1,0,unlabeled
1093,0.0027991589158773422,0,0,unlabeled
1094,0.13517655432224274,0,0,unlabeled
1095,0.0009500966407358646,0,0,unlabeled
1096,0.0006971877301111817,0,0,unlabeled
1097,8.752085705054924e-05,0,0,train
1098,0.00019238647655583918,0,0,unlabeled
1099,0.0029169574845582247,0,0,train
1100,0.001656759181059897,0,0,unlabeled
1101,0.0007148869335651398,0,0,train
1102,0.10746971517801285,0,0,unlabeled
1103,0.16893288493156433,0,0,unlabeled
1104,0.000499025802128017,0,0,unlabeled
1105,0.0008445964194834232,0,0,unlabeled
1106,0.0005027836887165904,0,0,unlabeled
1107,0.9874933362007141,1,1,unlabeled
1108,0.004578125663101673,0,0,unlabeled
1109,5.616107227979228e-05,0,0,unlabeled
1110,0.0010877458844333887,0,0,val
1111,0.9844958782196045,1,1,unlabeled
1112,0.0017440119991078973,0,0,unlabeled
1113,0.0030795582570135593,0,0,unlabeled
1114,0.00025206050486303866,0,0,unlabeled
1115,0.0007280833669938147,0,0,val
1116,0.0005056107765994966,0,0,unlabeled
1117,1.9288634575787e-05,0,0,unlabeled
1118,0.017104322090744972,0,0,unlabeled
1119,0.0005711194244213402,0,0,unlabeled
1120,0.0017560875276103616,0,0,unlabeled
1121,0.8594357967376709,1,0,unlabeled
1122,0.011560387909412384,0,0,unlabeled
1123,0.9839000701904297,1,1,unlabeled
1124,6.775939255021513e-05,0,0,unlabeled
1125,0.0009192939032800496,0,0,unlabeled
1126,0.001255085808224976,0,0,unlabeled
1127,0.0010373766999691725,0,0,unlabeled
1128,0.0010786872589960694,0,0,unlabeled
1129,0.035754233598709106,0,0,unlabeled
1130,0.0005869116866961122,0,0,unlabeled
1131,0.07589156180620193,0,0,train
1132,0.00019063022045884281,0,0,unlabeled
1133,0.0007592964684590697,0,0,unlabeled
1134,0.001034893561154604,0,0,unlabeled
1135,0.9752652049064636,1,1,unlabeled
1136,0.37089142203330994,0,0,unlabeled
1137,0.0003270962042734027,0,0,unlabeled
1138,0.0008711119880899787,0,0,unlabeled
1139,0.9863780736923218,1,1,unlabeled
1140,0.001884972327388823,0,0,unlabeled
1141,0.0008359298226423562,0,0,unlabeled
1142,0.00031195429619401693,0,0,unlabeled
1143,0.04257125034928322,0,0,unlabeled
1144,0.005403667222708464,0,0,unlabeled
1145,0.9881134629249573,1,1,unlabeled
1146,0.0029991031624376774,0,0,unlabeled
1147,0.9787585735321045,1,1,unlabeled
1148,0.03268885612487793,0,0,train
1149,0.9612210988998413,1,1,unlabeled
1150,0.004311174154281616,0,0,unlabeled
1151,0.0009314322960563004,0,0,unlabeled
1152,9.710447193356231e-05,0,0,unlabeled
1153,0.0024436889216303825,0,0,unlabeled
1154,0.02383018098771572,0,0,unlabeled
1155,0.0005055175279267132,0,0,val
1156,0.007059763185679913,0,0,unlabeled
1157,0.0005339353228919208,0,0,unlabeled
1158,0.0009351353510282934,0,0,unlabeled
1159,7.459847256541252e-05,0,0,unlabeled
1160,0.0006797920214012265,0,0,train
1161,0.9842100143432617,1,1,unlabeled
1162,0.00048807644634507596,0,0,unlabeled
1163,7.459847256541252e-05,0,0,unlabeled
1164,0.0002732940192800015,0,0,unlabeled
1165,0.0005869113956578076,0,0,unlabeled
1166,0.004124544095247984,0,0,train
1167,0.0004106505948584527,0,0,unlabeled
1168,0.00046048781950958073,0,0,unlabeled
1169,5.704918294213712e-05,0,0,unlabeled
1170,8.752085705054924e-05,0,0,unlabeled
1171,0.0005339353228919208,0,0,unlabeled
1172,0.002492530969902873,0,0,unlabeled
1173,0.0003018705465365201,0,0,unlabeled
1174,0.001105140196159482,0,0,unlabeled
1175,0.0005908883758820593,0,0,unlabeled
1176,0.9914912581443787,1,1,unlabeled
1177,0.9813147187232971,1,1,unlabeled
1178,5.704918294213712e-05,0,0,unlabeled
1179,0.0009786292212083936,0,0,unlabeled
1180,0.963996946811676,1,1,unlabeled
1181,0.9852816462516785,1,1,unlabeled
1182,0.00018169560644309968,0,0,unlabeled
1183,0.00020250637317076325,0,0,unlabeled
1184,0.9936727285385132,1,1,unlabeled
1185,0.0023699349258095026,0,0,unlabeled
1186,0.004665134008973837,0,0,unlabeled
1187,0.002589939394965768,0,0,unlabeled
1188,0.04287087917327881,0,0,unlabeled
1189,0.0004966749111190438,0,0,unlabeled
1190,0.0012958124279975891,0,0,unlabeled
1191,0.00047924515092745423,0,0,train
1192,0.00023172750661615282,0,0,unlabeled
1193,0.0031304401345551014,0,0,unlabeled
1194,0.9528678059577942,1,1,unlabeled
1195,0.9571375250816345,1,1,unlabeled
1196,0.004763093777000904,0,0,train
1197,0.0012093995464965701,0,0,unlabeled
1198,0.0016495803138241172,0,0,unlabeled
1199,0.007596747484058142,0,0,unlabeled
1200,0.0005223507760092616,0,0,unlabeled
1201,0.0008129547350108624,0,0,train
1202,0.0003207979316357523,0,0,unlabeled
1203,0.9471750259399414,1,1,unlabeled
1204,0.0031383291352540255,0,0,unlabeled
1205,0.9589610695838928,1,1,unlabeled
1206,0.000533057376742363,0,0,unlabeled
1207,0.00018169560644309968,0,0,unlabeled
1208,0.017286391928792,0,0,val
1209,0.0006507944781333208,0,0,unlabeled
1210,0.0011364768724888563,0,0,unlabeled
1211,0.0003251055895816535,0,0,unlabeled
1212,0.000963002210482955,0,0,unlabeled
1213,0.00020676050917245448,0,0,unlabeled
1214,0.0009911583038046956,0,0,unlabeled
1215,0.993954598903656,1,1,unlabeled
1216,0.0005208624643273652,0,0,unlabeled
1217,0.9884258508682251,1,1,unlabeled
1218,0.018886152654886246,0,0,unlabeled
1219,0.0001442026550648734,0,0,unlabeled
1220,0.2701420783996582,0,0,unlabeled
1221,0.9539399147033691,1,1,train
1222,0.0037885515484958887,0,0,unlabeled
1223,0.0015713268658146262,0,0,train
1224,0.9636598825454712,1,1,unlabeled
1225,0.00016517171752639115,0,0,unlabeled
1226,0.0010229158215224743,0,0,unlabeled
1227,0.0011260604951530695,0,0,unlabeled
1228,0.001601870753802359,0,0,unlabeled
1229,0.8156600594520569,0,1,unlabeled
1230,0.00012398665421642363,0,0,unlabeled
1231,0.001593233086168766,0,0,unlabeled
1232,0.7181635499000549,0,0,unlabeled
1233,0.97487872838974,1,1,unlabeled
1234,0.015290264040231705,0,0,unlabeled
1235,0.9427953362464905,1,1,train
1236,0.0065977429039776325,0,0,unlabeled
1237,0.00025629825540818274,0,0,unlabeled
1238,0.9890663623809814,1,1,unlabeled
1239,0.16002093255519867,0,0,unlabeled
1240,0.9725278615951538,1,1,train
1241,0.04424905776977539,0,0,train
1242,0.9885711073875427,1,1,unlabeled
1243,0.964832067489624,1,1,unlabeled
1244,0.13992175459861755,0,0,unlabeled
1245,0.0010895743034780025,0,0,train
1246,0.00032044854015111923,0,0,train
1247,0.0063455295749008656,0,0,unlabeled
1248,5.704918294213712e-05,0,0,unlabeled
1249,0.0011523618595674634,0,0,unlabeled
1250,0.983637809753418,1,1,unlabeled
1251,0.9467950463294983,1,1,unlabeled
1252,0.0007881351630203426,0,0,unlabeled
1253,0.0006101013859733939,0,0,val
1254,0.0008609654614701867,0,0,unlabeled
1255,0.0003470743540674448,0,0,unlabeled
1256,0.9676783084869385,1,1,train
1257,0.0009375455556437373,0,0,train
1258,0.009765543974936008,0,0,unlabeled
1259,0.0016510110581293702,0,0,unlabeled
1260,0.006128973793238401,0,0,unlabeled
1261,0.0022126829717308283,0,0,train
1262,0.25326988101005554,0,0,val
1263,0.0001259456475963816,0,0,unlabeled
1264,0.0006538523593917489,0,0,unlabeled
1265,0.0024288196582347155,0,0,unlabeled
1266,0.00019754728418774903,0,0,unlabeled
1267,8.891984907677397e-05,0,0,unlabeled
1268,0.15673787891864777,0,0,unlabeled
1269,0.09558238089084625,0,0,train
1270,0.9859771728515625,1,1,unlabeled
1271,0.001107172342017293,0,0,train
1272,0.0041207969188690186,0,0,unlabeled
1273,0.2577941417694092,0,0,train
1274,0.0012607270618900657,0,0,unlabeled
1275,0.0003653560415841639,0,0,train
1276,0.0003462405293248594,0,0,unlabeled
1277,0.00041793662239797413,0,0,train
1278,0.0005837487406097353,0,0,train
1279,0.8949497938156128,1,1,unlabeled
1280,0.0004645136359613389,0,0,unlabeled
1281,0.017647555097937584,0,0,train
1282,0.0004563108959700912,0,0,unlabeled
1283,0.052320241928100586,0,0,unlabeled
1284,0.0003358942340128124,0,0,unlabeled
1285,0.002553080441430211,0,0,unlabeled
1286,0.1575928032398224,0,0,unlabeled
1287,0.0005704970681108534,0,0,train
1288,0.00044059971696697176,0,0,train
1289,0.2844816744327545,0,0,unlabeled
1290,0.0004697456315625459,0,0,unlabeled
1291,0.00017219153232872486,0,0,unlabeled
1292,0.978958010673523,1,1,unlabeled
1293,0.9831525087356567,1,1,unlabeled
1294,0.00037517864257097244,0,0,train
1295,0.1253184676170349,0,0,train
1296,0.001207720022648573,0,0,unlabeled
1297,0.004175074864178896,0,0,train
1298,0.9649753570556641,1,1,unlabeled
1299,2.721098326219362e-06,0,0,train
1300,0.0004866945673711598,0,0,unlabeled
1301,0.9593436121940613,1,1,train
1302,0.0001317108835792169,0,0,train
1303,0.0007494617602787912,0,0,unlabeled
1304,0.9090608358383179,1,1,unlabeled
1305,0.9556906223297119,1,1,unlabeled
1306,0.985360324382782,1,1,unlabeled
1307,0.009168842807412148,0,0,train
1308,0.8828608989715576,1,1,unlabeled
1309,0.0006651197909377515,0,0,train
1310,0.0032070332672446966,0,0,unlabeled
1311,0.0027232258580625057,0,0,unlabeled
1312,0.0003419618878979236,0,0,unlabeled
1313,0.0003207979316357523,0,0,unlabeled
1314,0.09952720999717712,0,0,unlabeled
1315,0.000979939242824912,0,0,train
1316,0.9544593691825867,1,1,train
1317,0.00302203674800694,0,0,unlabeled
1318,0.0011514571961015463,0,0,train
1319,0.0017787048127502203,0,0,train
1320,0.04548335820436478,0,0,train
1321,0.9775636792182922,1,1,unlabeled
1322,0.0008001304813660681,0,0,unlabeled
1323,0.0008164486498571932,0,0,unlabeled
1324,0.0003207979316357523,0,0,unlabeled
1325,0.00024131216923706234,0,0,val
1326,0.0005372548475861549,0,0,unlabeled
1327,0.9841475486755371,1,1,train
1328,0.00041414532461203635,0,0,unlabeled
1329,0.0021235672757029533,0,0,unlabeled
1330,0.008246363140642643,0,0,unlabeled
1331,0.0003013104433193803,0,0,unlabeled
1332,0.17308029532432556,0,0,unlabeled
1333,0.016008757054805756,0,0,unlabeled
1334,0.312783807516098,0,0,unlabeled
1335,0.9836363196372986,1,1,val
1336,0.9920023679733276,1,1,unlabeled
1337,0.0003207979316357523,0,0,unlabeled
1338,0.0002854643389582634,0,0,unlabeled
1339,0.0010398691520094872,0,0,unlabeled
1340,0.0005920575931668282,0,0,unlabeled
1341,0.0003401167632546276,0,0,train
1342,0.0006310835015028715,0,0,val
1343,0.0016149076400324702,0,0,unlabeled
1344,0.9887646436691284,1,1,unlabeled
1345,0.001158951548859477,0,0,unlabeled
1346,0.00018179696053266525,0,0,train
1347,0.0014611370861530304,0,0,train
1348,0.004142587073147297,0,0,unlabeled
1349,0.0003450032963883132,0,0,unlabeled
1350,0.9639637470245361,1,1,unlabeled
1351,0.0003988230018876493,0,0,unlabeled
1352,0.9808143377304077,1,1,unlabeled
1353,0.0004590791359078139,0,0,unlabeled
1354,0.9097239375114441,1,1,unlabeled
1355,0.001771875424310565,0,0,train
1356,0.006164570804685354,0,0,unlabeled
1357,0.011207272298634052,0,0,unlabeled
1358,0.0008359298226423562,0,0,train
1359,0.13028079271316528,0,0,unlabeled
1360,0.0012448522029444575,0,0,unlabeled
1361,0.0007644522120244801,0,0,train
1362,0.00240318919532001,0,0,unlabeled
1363,0.001771875424310565,0,0,unlabeled
1364,0.00044891302241012454,0,0,unlabeled
1365,0.0005586223560385406,0,0,unlabeled
1366,0.0118946498259902,0,0,unlabeled
1367,0.0012848690384998918,0,0,unlabeled
1368,0.002471784595400095,0,0,val
1369,0.001196652534417808,0,0,unlabeled
1370,0.9531400203704834,1,1,val
1371,0.001917798537760973,0,0,unlabeled
1372,0.0043988595716655254,0,0,unlabeled
1373,0.980787992477417,1,1,unlabeled
1374,0.000611793773714453,0,0,unlabeled
1375,0.001635683118365705,0,0,unlabeled
1376,0.00016910395061131567,0,0,train
1377,0.0034465903881937265,0,0,unlabeled
1378,0.9505534172058105,1,1,unlabeled
1379,0.0003051612002309412,0,0,unlabeled
1380,0.00020676050917245448,0,0,unlabeled
1381,0.003330860985442996,0,0,unlabeled
1382,0.0007156680803745985,0,0,unlabeled
1383,0.2653428614139557,0,0,unlabeled
1384,0.00848332978785038,0,0,unlabeled
1385,0.9552126526832581,1,1,unlabeled
1386,0.002039496321231127,0,0,unlabeled
1387,0.9314056634902954,1,1,unlabeled
1388,0.001771875424310565,0,0,unlabeled
1389,0.0008258399902842939,0,0,unlabeled
1390,0.0006861989386379719,0,0,unlabeled
1391,0.9877699017524719,1,1,train
1392,0.010447738692164421,0,0,train
1393,0.005073257256299257,0,0,unlabeled
1394,0.005873507354408503,0,0,unlabeled
1395,0.00030920087010599673,0,0,unlabeled
1396,0.9423092007637024,1,1,unlabeled
1397,0.007021220400929451,0,0,unlabeled
1398,0.004125588107854128,0,0,unlabeled
1399,0.0002529179910197854,0,0,unlabeled
1400,0.003691034158691764,0,0,unlabeled
1401,0.004495760425925255,0,0,train
1402,0.0010151395108550787,0,0,unlabeled
1403,0.9899157285690308,1,1,train
1404,0.05439862981438637,0,0,unlabeled
1405,0.0010895743034780025,0,0,unlabeled
1406,0.0004574765625875443,0,0,unlabeled
1407,0.0024861099664121866,0,0,val
1408,1.4553720575349871e-06,0,0,val
1409,0.0004697456315625459,0,0,unlabeled
1410,0.0001642081479076296,0,0,unlabeled
1411,0.10239467024803162,0,0,unlabeled
1412,0.9342828392982483,1,1,unlabeled
1413,0.008540796115994453,0,0,unlabeled
1414,0.003409898141399026,0,0,unlabeled
1415,0.00043306470615789294,0,0,unlabeled
1416,0.989055871963501,1,1,unlabeled
1417,0.0001959179644472897,0,0,unlabeled
1418,0.0002580893342383206,0,0,unlabeled
1419,0.0005548878107219934,0,0,unlabeled
1420,0.0015956591814756393,0,0,unlabeled
1421,0.8488094210624695,1,1,train
1422,0.9713870286941528,1,1,unlabeled
1423,0.0012096150312572718,0,0,unlabeled
1424,0.0010066868271678686,0,0,unlabeled
1425,0.0009017547708936036,0,0,train
1426,0.0001593169872649014,0,0,unlabeled
1427,5.704918294213712e-05,0,0,train
1428,0.9685907363891602,1,1,unlabeled
1429,0.0176196601241827,0,0,unlabeled
1430,0.032031938433647156,0,0,train
1431,0.006906974129378796,0,0,unlabeled
1432,0.03986423462629318,0,0,unlabeled
1433,0.9924008846282959,1,1,unlabeled
1434,0.00022241381520871073,0,0,val
1435,0.002298494568094611,0,0,unlabeled
1436,0.0006384099833667278,0,0,unlabeled
1437,0.0016409804811701179,0,0,unlabeled
1438,0.9906343221664429,1,1,unlabeled
1439,0.9918782711029053,1,1,unlabeled
1440,0.00032647623447701335,0,0,val
1441,0.0031667181756347418,0,0,unlabeled
1442,0.2673734128475189,0,0,unlabeled
1443,0.9141995310783386,1,1,unlabeled
1444,0.963670015335083,1,1,unlabeled
1445,0.0008561808499507606,0,0,unlabeled
1446,0.9720280766487122,1,1,unlabeled
1447,0.0005310855340212584,0,0,unlabeled
1448,0.000919292971957475,0,0,unlabeled
1449,0.019898662343621254,0,0,unlabeled
1450,0.000686497485730797,0,0,unlabeled
1451,0.0003388571203686297,0,0,unlabeled
1452,0.0005869113956578076,0,0,unlabeled
1453,0.000642584462184459,0,0,train
1454,0.031487636268138885,0,0,unlabeled
1455,0.0015519186854362488,0,0,unlabeled
1456,0.9871976971626282,1,1,train
1457,0.015905601903796196,0,0,unlabeled
1458,0.00017971807392314076,0,0,unlabeled
1459,0.0002874076017178595,0,0,train
1460,0.864337682723999,1,1,unlabeled
1461,0.3721970021724701,0,0,unlabeled
1462,0.0008517092210240662,0,0,unlabeled
1463,0.0044290656223893166,0,0,unlabeled
1464,0.03046761080622673,0,0,train
1465,0.0012318920344114304,0,0,unlabeled
1466,0.00010544263932388276,0,0,val
1467,0.0014522887067869306,0,0,val
1468,0.0019518249901011586,0,0,train
1469,8.752085705054924e-05,0,0,unlabeled
1470,0.0004775086999870837,0,0,unlabeled
1471,0.0026221019215881824,0,0,unlabeled
1472,0.9290874600410461,1,1,unlabeled
1473,0.0013652743073180318,0,0,train
1474,0.0007022132631391287,0,0,train
1475,7.204689609352499e-05,0,0,unlabeled
1476,0.9512249231338501,1,1,train
1477,0.00040364585584029555,0,0,unlabeled
1478,0.976610541343689,1,1,unlabeled
1479,0.0008680053288117051,0,0,unlabeled
1480,0.0006141645717434585,0,0,unlabeled
1481,0.0005855045164935291,0,0,unlabeled
1482,0.00235898164100945,0,0,unlabeled
1483,0.001978273969143629,0,0,train
1484,0.9884700775146484,1,1,train
1485,0.0007243340951390564,0,0,unlabeled
1486,0.004406045190989971,0,0,unlabeled
1487,0.0009282517712563276,0,0,unlabeled
1488,0.9857300519943237,1,1,unlabeled
1489,0.00011408723366912454,0,0,unlabeled
1490,0.0008359298226423562,0,0,train
1491,0.000807880365755409,0,0,unlabeled
1492,0.0003207979316357523,0,0,unlabeled
1493,0.9124993085861206,1,1,unlabeled
1494,0.0003927455982193351,0,0,unlabeled
1495,0.0014627666678279638,0,0,train
1496,0.00031323518487624824,0,0,unlabeled
1497,0.8714366555213928,1,1,unlabeled
1498,0.9263899922370911,1,0,train
1499,0.9646674394607544,1,1,train
1500,0.0005887981387786567,0,0,unlabeled
1501,0.001276733004488051,0,0,unlabeled
1502,0.00035944883711636066,0,0,unlabeled
1503,5.704918294213712e-05,0,0,train
1504,0.0027235588058829308,0,0,unlabeled
1505,0.00018677701882552356,0,0,unlabeled
1506,0.9757329225540161,1,1,val
1507,0.0008829654543660581,0,0,unlabeled
1508,0.9045087099075317,1,1,unlabeled
1509,0.01145898923277855,0,0,unlabeled
1510,0.005000853445380926,0,0,unlabeled
1511,0.0004480326024349779,0,0,unlabeled
1512,0.9741591215133667,1,1,unlabeled
1513,0.0009718918008729815,0,0,unlabeled
1514,0.00040645123226568103,0,0,unlabeled
1515,7.647859456483275e-05,0,0,unlabeled
1516,0.9846866726875305,1,1,val
1517,0.9660068154335022,1,1,train
1518,0.000567047274671495,0,0,unlabeled
1519,0.9844709634780884,1,1,train
1520,0.0004473725566640496,0,0,unlabeled
1521,0.0034996115136891603,0,0,val
1522,0.00019038989557884634,0,0,unlabeled
1523,0.03810464218258858,0,0,unlabeled
1524,0.9739980697631836,1,1,unlabeled
1525,0.0009951688116416335,0,0,unlabeled
1526,0.8211172819137573,0,0,unlabeled
1527,0.006282479502260685,0,0,unlabeled
1528,0.013605634681880474,0,0,train
1529,0.0003207979316357523,0,0,unlabeled
1530,0.541425347328186,0,0,unlabeled
1531,0.000412211986258626,0,0,unlabeled
1532,0.9572382569313049,1,1,unlabeled
1533,0.0004208162135910243,0,0,unlabeled
1534,0.05093905329704285,0,0,unlabeled
1535,0.0002854643389582634,0,0,unlabeled
1536,0.004648938775062561,0,0,unlabeled
1537,0.4177902936935425,0,0,unlabeled
1538,0.9859758019447327,1,0,unlabeled
1539,0.001089898287318647,0,0,unlabeled
1540,0.0007387495134025812,0,0,unlabeled
1541,0.001077198190614581,0,0,unlabeled
1542,0.000793774554040283,0,0,unlabeled
1543,0.0007870574481785297,0,0,unlabeled
1544,0.04296974837779999,0,0,unlabeled
1545,0.028560716658830643,0,0,unlabeled
1546,0.001270960783585906,0,0,unlabeled
1547,0.001663277973420918,0,0,unlabeled
1548,0.00039126499905250967,0,0,unlabeled
1549,0.00020250637317076325,0,0,unlabeled
1550,0.0017470638267695904,0,0,val
1551,0.0015557677252218127,0,0,unlabeled
1552,0.982563316822052,1,1,unlabeled
1553,0.00018169560644309968,0,0,train
1554,0.00021085390471853316,0,0,unlabeled
1555,0.0003370917693246156,0,0,unlabeled
1556,0.0005507630994543433,0,0,unlabeled
1557,0.0012809809995815158,0,0,unlabeled
1558,0.0008359298226423562,0,0,unlabeled
1559,0.0006788778700865805,0,0,unlabeled
1560,0.0018801785772666335,0,0,unlabeled
1561,0.005136571358889341,0,0,unlabeled
1562,0.9787934422492981,1,1,val
1563,0.36990898847579956,0,0,val
1564,0.0030515375547111034,0,0,unlabeled
1565,0.0006463852478191257,0,0,unlabeled
1566,0.4506714940071106,0,0,unlabeled
1567,0.0009555834694765508,0,0,unlabeled
1568,0.9876277446746826,1,1,unlabeled
1569,0.006342075765132904,0,0,unlabeled
1570,0.0040769390761852264,0,0,train
1571,0.00031323518487624824,0,0,unlabeled
1572,0.7818845510482788,0,0,train
1573,0.00018677701882552356,0,0,unlabeled
1574,0.8978213667869568,1,1,train
1575,0.003325474914163351,0,0,val
1576,0.001066901721060276,0,0,unlabeled
1577,0.00024674777523614466,0,0,unlabeled
1578,0.007693072315305471,0,0,unlabeled
1579,0.0009812546195462346,0,0,unlabeled
1580,0.9721348285675049,1,1,unlabeled
1581,8.681200415594503e-05,0,0,unlabeled
1582,0.9658187627792358,1,1,unlabeled
1583,0.08866525441408157,0,0,unlabeled
1584,0.0005848168511874974,0,0,unlabeled
1585,0.960281491279602,1,1,unlabeled
1586,7.132459359127097e-06,0,0,unlabeled
1587,0.0007883496582508087,0,0,unlabeled
1588,0.0005339353228919208,0,0,unlabeled
1589,0.00020386562391649932,0,0,unlabeled
1590,0.9777719974517822,1,0,unlabeled
1591,0.9704110026359558,1,1,unlabeled
1592,0.9896277189254761,1,1,val
1593,8.752085705054924e-05,0,0,unlabeled
1594,0.000975774775724858,0,0,train
1595,0.0014023514231666923,0,0,unlabeled
1596,0.015447459183633327,0,0,unlabeled
1597,0.001285250997170806,0,0,unlabeled
1598,0.9609425067901611,1,1,unlabeled
1599,0.0009838719852268696,0,0,train
1600,0.005844630766659975,0,0,unlabeled
1601,0.002765654120594263,0,0,unlabeled
1602,0.9933395981788635,1,1,unlabeled
1603,0.05505412817001343,0,0,unlabeled
1604,0.9888513684272766,1,1,unlabeled
1605,0.9795517921447754,1,1,unlabeled
1606,0.0010848627425730228,0,0,unlabeled
1607,0.0003889666695613414,0,0,unlabeled
1608,0.0015491954982280731,0,0,train
1609,0.0010659345425665379,0,0,unlabeled
1610,0.0008918669773265719,0,0,unlabeled
1611,0.00408193189650774,0,0,unlabeled
1612,0.0006101013859733939,0,0,unlabeled
1613,0.0001642081479076296,0,0,unlabeled
1614,0.9571502208709717,1,1,train
1615,0.0004397663869895041,0,0,unlabeled
1616,0.0008359298226423562,0,0,unlabeled
1617,0.0003955095889978111,0,0,train
1618,0.0036800524685531855,0,0,unlabeled
1619,6.775939255021513e-05,0,0,train
1620,0.0007183607085607946,0,0,unlabeled
1621,0.990492045879364,1,1,unlabeled
1622,0.24113810062408447,0,0,unlabeled
1623,0.00019754728418774903,0,0,unlabeled
1624,0.0006255136686377227,0,0,unlabeled
1625,0.000958687742240727,0,0,train
1626,0.0014454666525125504,0,0,unlabeled
1627,0.00047976619680412114,0,0,unlabeled
1628,0.0012249693972989917,0,0,unlabeled
1629,0.0004899932537227869,0,0,unlabeled
1630,0.0002998983836732805,0,0,unlabeled
1631,0.0010304825846105814,0,0,unlabeled
1632,0.0025291461497545242,0,0,unlabeled
1633,0.002685071201995015,0,0,unlabeled
1634,0.006341895554214716,0,0,unlabeled
1635,0.9398566484451294,1,1,unlabeled
1636,0.0006954825948923826,0,0,unlabeled
1637,8.752085705054924e-05,0,0,train
1638,3.616825779317878e-06,0,0,unlabeled
1639,0.9705379605293274,1,1,train
1640,6.008292984915897e-05,0,0,train
1641,0.001100138179026544,0,0,unlabeled
1642,0.003011610358953476,0,0,train
1643,0.016221269965171814,0,0,unlabeled
1644,0.0002932959469035268,0,0,unlabeled
1645,0.0030340813100337982,0,0,train
1646,0.0001048002959578298,0,0,val
1647,0.0005067817401140928,0,0,train
1648,0.002137074014171958,0,0,train
1649,0.0010492452420294285,0,0,unlabeled
1650,0.9420735239982605,1,1,unlabeled
1651,0.011242292821407318,0,0,unlabeled
1652,0.9752066731452942,1,1,unlabeled
1653,0.030981242656707764,0,0,unlabeled
1654,0.00483235577121377,0,0,unlabeled
1655,0.9865086674690247,1,1,unlabeled
1656,0.0001620512193767354,0,0,train
1657,0.0008288503740914166,0,0,unlabeled
1658,0.0054014199413359165,0,0,val
1659,0.001757753430865705,0,0,unlabeled
1660,0.0026570193003863096,0,0,unlabeled
1661,0.9491956830024719,1,1,unlabeled
1662,0.0021235672757029533,0,0,unlabeled
1663,0.0023198691196739674,0,0,unlabeled
1664,8.752085705054924e-05,0,0,val
1665,3.731669130502269e-05,0,0,unlabeled
1666,0.0004340349114499986,0,0,unlabeled
1667,0.0010234962683171034,0,0,unlabeled
1668,0.9864147305488586,1,1,unlabeled
1669,0.003832396352663636,0,0,val
1670,0.0012397061800584197,0,0,unlabeled
1671,0.0002991214278154075,0,0,unlabeled
1672,0.0009911578381434083,0,0,unlabeled
1673,0.09890862554311752,0,0,unlabeled
1674,0.9874061942100525,1,1,unlabeled
1675,0.9710108041763306,1,1,unlabeled
1676,0.0003981456975452602,0,0,unlabeled
1677,0.99397873878479,1,1,unlabeled
1678,0.05505412817001343,0,0,unlabeled
1679,0.00026205359608866274,0,0,train
1680,0.9667583703994751,1,1,unlabeled
1681,0.0032070332672446966,0,0,unlabeled
1682,0.9512860774993896,1,1,unlabeled
1683,0.9921161532402039,1,1,unlabeled
1684,0.0060349092818796635,0,0,unlabeled
1685,0.0011831744341179729,0,0,unlabeled
1686,0.08681516349315643,0,0,unlabeled
1687,0.971290111541748,1,1,unlabeled
1688,0.002601597225293517,0,0,unlabeled
1689,0.00019038989557884634,0,0,train
1690,0.0003839958517346531,0,0,unlabeled
1691,0.00029268948128446937,0,0,unlabeled
1692,0.0011780939530581236,0,0,unlabeled
1693,0.0002581444277893752,0,0,unlabeled
1694,0.00016406417125836015,0,0,unlabeled
1695,0.00010544263932388276,0,0,unlabeled
1696,0.047638196498155594,0,0,unlabeled
1697,0.9342154264450073,1,0,unlabeled
1698,0.02800629287958145,0,0,unlabeled
1699,0.0004473725566640496,0,0,unlabeled
1700,0.944648802280426,1,1,unlabeled
1701,0.9853801131248474,1,1,unlabeled
1702,0.9713575839996338,1,1,unlabeled
1703,0.014779150485992432,0,0,unlabeled
1704,0.05574675649404526,0,0,unlabeled
1705,0.9897964596748352,1,1,unlabeled
1706,7.459847256541252e-05,0,0,unlabeled
1707,0.0004698732227552682,0,0,unlabeled
1708,0.00018777736113406718,0,0,unlabeled
1709,7.459847256541252e-05,0,0,unlabeled
1710,0.0027847252786159515,0,0,unlabeled
1711,0.00033436017110943794,0,0,train
1712,0.11543972790241241,0,0,unlabeled
1713,0.0009824412409216166,0,0,train
1714,0.0007004213402979076,0,0,train
1715,0.00018885181634686887,0,0,train
1716,0.9818873405456543,1,1,train
1717,0.00019611045718193054,0,0,train
1718,0.029960157349705696,0,0,unlabeled
1719,0.00235563307069242,0,0,unlabeled
1720,0.00031955953454598784,0,0,unlabeled
1721,6.46078751742607e-06,0,0,unlabeled
1722,0.0005797103513032198,0,0,unlabeled
1723,0.00031323518487624824,0,0,unlabeled
1724,0.0004726268816739321,0,0,unlabeled
1725,0.000691123481374234,0,0,train
1726,0.0005869113956578076,0,0,unlabeled
1727,0.11683519184589386,0,0,train
1728,0.0003207979316357523,0,0,unlabeled
1729,0.9638227224349976,1,1,train
1730,0.0007165887509472668,0,0,unlabeled
1731,0.0008485980797559023,0,0,unlabeled
1732,0.16992686688899994,0,0,unlabeled
1733,0.00040483061457052827,0,0,unlabeled
1734,0.0005412981263361871,0,0,unlabeled
1735,0.9212484955787659,1,1,unlabeled
1736,0.03511791676282883,0,0,unlabeled
1737,0.9924224019050598,1,1,unlabeled
1738,0.0033016155939549208,0,0,train
1739,0.0001307739148614928,0,0,unlabeled
1740,0.9561771154403687,1,1,train
1741,0.0004679135454352945,0,0,unlabeled
1742,0.0010864028008654714,0,0,unlabeled
1743,0.0006533194682560861,0,0,unlabeled
1744,0.0003912648244295269,0,0,unlabeled
1745,6.353533535730094e-05,0,0,unlabeled
1746,0.0004223478026688099,0,0,train
1747,0.0005539622507058084,0,0,unlabeled
1748,0.0002675116411410272,0,0,val
1749,0.9766386151313782,1,1,val
1750,0.0007274695672094822,0,0,unlabeled
1751,0.0023744995705783367,0,0,unlabeled
1752,0.0004161210381425917,0,0,val
1753,0.0006872103549540043,0,0,val
1754,0.03899259492754936,0,0,train
1755,0.0020832899026572704,0,0,unlabeled
1756,0.0011029982706531882,0,0,unlabeled
1757,0.001172890653833747,0,0,val
1758,0.0005829260917380452,0,0,unlabeled
1759,0.00020386562391649932,0,0,train
1760,0.053874798119068146,0,0,unlabeled
1761,0.0007232818170450628,0,0,val
1762,0.0004208162135910243,0,0,unlabeled
1763,0.9665138721466064,1,1,unlabeled
1764,0.0021513933315873146,0,0,unlabeled
1765,0.9751628041267395,1,1,unlabeled
1766,0.0012397061800584197,0,0,unlabeled
1767,0.0009180064080283046,0,0,unlabeled
1768,0.0008237750153057277,0,0,train
1769,0.9869937300682068,1,1,unlabeled
1770,0.9773330688476562,1,1,unlabeled
1771,0.000822496076580137,0,0,train
1772,0.004949958063662052,0,0,train
1773,0.00019063022045884281,0,0,unlabeled
1774,0.00018773369083646685,0,0,unlabeled
1775,0.006177396513521671,0,0,unlabeled
1776,0.0007424604264087975,0,0,train
1777,0.0003683121467474848,0,0,train
1778,0.004050631541758776,0,0,unlabeled
1779,0.0009393243817612529,0,0,unlabeled
1780,1.40981103413651e-06,0,0,val
1781,3.616825779317878e-06,0,0,val
1782,0.0004106503911316395,0,0,unlabeled
1783,0.0007256045937538147,0,0,unlabeled
1784,0.00042640985338948667,0,0,unlabeled
1785,0.00031955953454598784,0,0,unlabeled
1786,0.10521186143159866,0,0,unlabeled
1787,0.0008601549197919667,0,0,unlabeled
1788,0.001261541503481567,0,0,unlabeled
1789,0.979830801486969,1,1,unlabeled
1790,0.0007066328544169664,0,0,train
1791,0.00132913573179394,0,0,unlabeled
1792,0.0005909373867325485,0,0,unlabeled
1793,0.003046560101211071,0,0,unlabeled
1794,0.9771963357925415,1,1,unlabeled
1795,0.9606723189353943,1,1,unlabeled
1796,0.0011266296496614814,0,0,unlabeled
1797,0.00046906169154681265,0,0,unlabeled
1798,0.012579238042235374,0,0,unlabeled
1799,0.007725530304014683,0,0,unlabeled
1800,0.09873481839895248,0,0,unlabeled
1801,0.005457273684442043,0,0,unlabeled
1802,5.704918294213712e-05,0,0,unlabeled
1803,0.9861820936203003,1,1,train
1804,0.0006025783950462937,0,0,unlabeled
1805,0.00087811762932688,0,0,val
1806,0.2372620850801468,0,0,val
1807,0.000474788888823241,0,0,val
1808,0.0013664619764313102,0,0,unlabeled
1809,0.004524738062173128,0,0,train
1810,0.0006317463121376932,0,0,unlabeled
1811,0.0011244189226999879,0,0,unlabeled
1812,0.36990898847579956,0,0,unlabeled
1813,0.0006101013859733939,0,0,unlabeled
1814,0.0008263001218438148,0,0,unlabeled
1815,0.056092582643032074,0,0,unlabeled
1816,0.0010229552863165736,0,0,unlabeled
1817,0.0008099545957520604,0,0,unlabeled
1818,0.00025149184511974454,0,0,unlabeled
1819,0.004220747388899326,0,0,unlabeled
1820,0.0009704927215352654,0,0,train
1821,0.0012110313400626183,0,0,unlabeled
1822,0.0012042783200740814,0,0,train
1823,0.00244237226434052,0,0,unlabeled
1824,0.000717379676643759,0,0,unlabeled
1825,0.9204882979393005,1,1,unlabeled
1826,0.9700521230697632,1,1,unlabeled
1827,0.9359793066978455,1,1,unlabeled
1828,0.9092816710472107,1,1,unlabeled
1829,0.003070594510063529,0,0,unlabeled
1830,0.0019462077179923654,0,0,unlabeled
1831,0.025172319263219833,0,0,unlabeled
1832,0.98557448387146,1,1,unlabeled
1833,0.963581919670105,1,1,train
1834,0.9017561078071594,1,1,unlabeled
1835,0.0017906177090480924,0,0,unlabeled
1836,0.00046203131205402315,0,0,unlabeled
1837,9.710447193356231e-05,0,0,unlabeled
1838,0.9786938428878784,1,1,unlabeled
1839,9.710447193356231e-05,0,0,unlabeled
1840,0.0011065207654610276,0,0,unlabeled
1841,0.9832909107208252,1,1,train
1842,0.0036095010582357645,0,0,unlabeled
1843,0.986459493637085,1,1,train
1844,0.04283152148127556,0,0,unlabeled
1845,0.0004972044844180346,0,0,val
1846,0.00036332206218503416,0,0,unlabeled
1847,0.9426789879798889,1,1,unlabeled
1848,0.9929179549217224,1,1,unlabeled
1849,0.00043297986849211156,0,0,unlabeled
1850,0.9958048462867737,1,1,train
1851,9.710447193356231e-05,0,0,train
1852,0.0004812158294953406,0,0,unlabeled
1853,0.0003706207498908043,0,0,unlabeled
1854,0.9742701053619385,1,1,unlabeled
1855,0.001644008094444871,0,0,unlabeled
1856,0.0005616409471258521,0,0,train
1857,7.459847256541252e-05,0,0,train
1858,0.0003533691633492708,0,0,train
1859,0.0003207979316357523,0,0,unlabeled
1860,0.9704229831695557,1,1,train
1861,0.006849655881524086,0,0,unlabeled
1862,0.00017219153232872486,0,0,unlabeled
1863,0.0009786292212083936,0,0,unlabeled
1864,0.00014227208157535642,0,0,unlabeled
1865,0.009912523441016674,0,0,unlabeled
1866,0.00652544479817152,0,0,unlabeled
1867,0.0021235672757029533,0,0,unlabeled
1868,0.9827151894569397,1,1,unlabeled
1869,0.00014967676543164998,0,0,unlabeled
1870,0.030880557373166084,0,0,unlabeled
1871,0.00018169560644309968,0,0,unlabeled
1872,0.9683308005332947,1,1,unlabeled
1873,0.0009691054001450539,0,0,train
1874,0.0021177378948777914,0,0,train
1875,0.00042640985338948667,0,0,unlabeled
1876,0.0009017547708936036,0,0,unlabeled
1877,0.0013717623660340905,0,0,unlabeled
1878,0.0003470743540674448,0,0,unlabeled
1879,0.00018169560644309968,0,0,train
1880,0.0018285495461896062,0,0,unlabeled
1881,0.8642756938934326,1,1,unlabeled
1882,0.9884501695632935,1,1,unlabeled
1883,0.0035862543154507875,0,0,train
1884,0.0003572952700778842,0,0,unlabeled
1885,0.008257262408733368,0,0,train
1886,0.0005214068805798888,0,0,unlabeled
1887,0.9411581158638,1,1,unlabeled
1888,0.9848929643630981,1,1,unlabeled
1889,0.0014714838471263647,0,0,unlabeled
1890,0.9881424307823181,1,0,train
1891,0.00036580231972038746,0,0,train
1892,0.9524877071380615,1,1,unlabeled
1893,0.9882650375366211,1,1,val
1894,0.00119343854021281,0,0,unlabeled
1895,0.0010726837208494544,0,0,unlabeled
1896,0.0003180119674652815,0,0,unlabeled
1897,0.9641883373260498,1,1,unlabeled
1898,0.9766442179679871,1,1,unlabeled
1899,0.0010183098493143916,0,0,unlabeled
1900,0.00010193877824349329,0,0,unlabeled
1901,0.0007046607788652182,0,0,unlabeled
1902,0.9591810703277588,1,1,unlabeled
1903,0.0003647663106676191,0,0,unlabeled
1904,0.9816389083862305,1,1,unlabeled
1905,8.752085705054924e-05,0,0,unlabeled
1906,8.834604523144662e-05,0,0,unlabeled
1907,0.0012557660229504108,0,0,unlabeled
1908,0.0005695538711734116,0,0,unlabeled
1909,0.005110530182719231,0,0,unlabeled
1910,0.9767847657203674,1,1,train
1911,0.9881684184074402,1,1,unlabeled
1912,0.023754945024847984,0,0,unlabeled
1913,0.0011513370554894209,0,0,unlabeled
1914,0.9482457041740417,1,1,unlabeled
1915,0.00047574954805895686,0,0,unlabeled
1916,0.9457546472549438,1,1,unlabeled
1917,0.00034054601565003395,0,0,unlabeled
1918,0.0010912632569670677,0,0,unlabeled
1919,5.704918294213712e-05,0,0,train
1920,0.827104926109314,0,0,unlabeled
1921,0.00018169560644309968,0,0,train
1922,0.003212269162759185,0,0,unlabeled
1923,0.838499903678894,1,1,unlabeled
1924,0.0009351353510282934,0,0,unlabeled
1925,0.005495056509971619,0,0,unlabeled
1926,0.9739665985107422,1,1,unlabeled
1927,0.00029002726660110056,0,0,unlabeled
1928,8.752085705054924e-05,0,0,unlabeled
1929,0.002378112403675914,0,0,unlabeled
1930,0.0006507951184175909,0,0,unlabeled
1931,0.0006801977287977934,0,0,unlabeled
1932,0.9392265677452087,1,0,train
1933,0.0012225343380123377,0,0,train
1934,0.0013216843362897635,0,0,unlabeled
1935,0.843864917755127,1,1,unlabeled
1936,0.9932674169540405,1,1,unlabeled
1937,0.0037321653217077255,0,0,unlabeled
1938,0.0013908434193581343,0,0,unlabeled
1939,0.9505506157875061,1,1,train
1940,0.0003155882004648447,0,0,unlabeled
1941,0.0004161210381425917,0,0,unlabeled
1942,0.006275668740272522,0,0,unlabeled
1943,0.0005219600861892104,0,0,unlabeled
1944,0.13517655432224274,0,0,unlabeled
1945,0.8672930002212524,1,0,train
1946,0.0003694462648127228,0,0,unlabeled
1947,0.007783285807818174,0,0,unlabeled
1948,0.0021283540409058332,0,0,unlabeled
1949,0.003703299444168806,0,0,train
1950,0.9937317967414856,1,1,unlabeled
1951,0.0008999037090688944,0,0,train
1952,0.00030635521397925913,0,0,unlabeled
1953,0.0008226045756600797,0,0,train
1954,0.0010608439333736897,0,0,train
1955,9.239363862434402e-05,0,0,unlabeled
1956,0.9803646802902222,1,1,unlabeled
1957,0.00024674777523614466,0,0,unlabeled
1958,0.006002827547490597,0,0,unlabeled
1959,0.9684935808181763,1,1,unlabeled
1960,0.001447808463126421,0,0,train
1961,0.0004971791058778763,0,0,unlabeled
1962,0.0004164238052908331,0,0,unlabeled
1963,0.8721152544021606,1,1,unlabeled
1964,0.0013007066445425153,0,0,val
1965,0.0009783136192709208,0,0,unlabeled
1966,0.0010640297550708055,0,0,unlabeled
1967,0.00044588863966055214,0,0,unlabeled
1968,0.0005108723416924477,0,0,unlabeled
1969,0.007172781974077225,0,0,unlabeled
1970,0.0005614594556391239,0,0,train
1971,0.0014555285451933742,0,0,unlabeled
1972,0.002565874485298991,0,0,unlabeled
1973,0.9380040764808655,1,1,unlabeled
1974,0.0006930909585207701,0,0,train
1975,0.9016749858856201,1,1,unlabeled
1976,0.0002777024346869439,0,0,unlabeled
1977,0.002056218683719635,0,0,unlabeled
1978,5.704918294213712e-05,0,0,unlabeled
1979,0.0007417695014737546,0,0,unlabeled
1980,0.0027582135517150164,0,0,unlabeled
1981,0.0002854643389582634,0,0,unlabeled
1982,0.00010544263932388276,0,0,unlabeled
1983,0.03012179583311081,0,0,unlabeled
1984,0.05676485225558281,0,0,unlabeled
1985,0.00031765259336680174,0,0,unlabeled
1986,0.00031323518487624824,0,0,unlabeled
1987,0.848972737789154,1,1,unlabeled
1988,0.00016552377201151103,0,0,unlabeled
1989,0.0007103490643203259,0,0,unlabeled
1990,0.0007149359444156289,0,0,unlabeled
1991,0.9870043396949768,1,1,train
1992,5.86114310863195e-06,0,0,val
1993,0.976134181022644,1,1,train
1994,0.9171156287193298,1,1,unlabeled
1995,0.3885670304298401,0,0,unlabeled
1996,0.00012744500418193638,0,0,val
1997,0.0021109450608491898,0,0,unlabeled
1998,0.001126122777350247,0,0,unlabeled
1999,0.0012015141546726227,0,0,unlabeled
2000,0.0006341765401884913,0,0,unlabeled
2001,0.20411401987075806,0,0,unlabeled
2002,0.9178102612495422,1,1,unlabeled
2003,0.0009509193478152156,0,0,unlabeled
2004,0.0006223865202628076,0,0,unlabeled
2005,0.0008719334146007895,0,0,unlabeled
2006,7.459847256541252e-05,0,0,unlabeled
2007,0.0002378692151978612,0,0,unlabeled
2008,0.9905356764793396,1,1,unlabeled
2009,0.9818492531776428,1,1,unlabeled
2010,0.0011745895026251674,0,0,train
2011,0.000996996066533029,0,0,unlabeled
2012,0.0009309176821261644,0,0,val
2013,0.0005630243103951216,0,0,unlabeled
2014,0.974290132522583,1,1,unlabeled
2015,0.9786206483840942,1,1,train
2016,0.0005159099819138646,0,0,unlabeled
2017,0.01938008703291416,0,0,unlabeled
2018,0.9606398940086365,1,1,unlabeled
2019,0.0006120492471382022,0,0,unlabeled
2020,0.9774437546730042,1,1,train
2021,0.00026468693977221847,0,0,unlabeled
2022,0.9539920687675476,1,1,unlabeled
2023,0.0431702546775341,0,0,unlabeled
2024,0.010530422441661358,0,0,val
2025,0.004810521844774485,0,0,train
2026,0.0009882687591016293,0,0,train
2027,0.9923509955406189,1,1,val
2028,0.0004729223146568984,0,0,val
2029,0.9936020970344543,1,1,unlabeled
2030,0.0017911752220243216,0,0,unlabeled
2031,0.00018677701882552356,0,0,unlabeled
2032,0.001116258790716529,0,0,unlabeled
2033,0.0011138428235426545,0,0,unlabeled
2034,5.704918294213712e-05,0,0,train
2035,0.0005922604468651116,0,0,unlabeled
2036,0.9800505042076111,1,1,unlabeled
2037,0.00011408723366912454,0,0,unlabeled
2038,0.0001620512193767354,0,0,unlabeled
2039,0.9897212386131287,1,1,unlabeled
2040,0.002006870461627841,0,0,unlabeled
2041,0.9897476434707642,1,1,train
2042,0.00019063022045884281,0,0,unlabeled
2043,0.9632948040962219,1,1,unlabeled
2044,0.0025146142579615116,0,0,unlabeled
2045,0.004732380621135235,0,0,unlabeled
2046,0.9794233441352844,1,1,unlabeled
2047,0.0002919150283560157,0,0,unlabeled
2048,0.0004966749111190438,0,0,train
2049,0.0017449038568884134,0,0,unlabeled
2050,5.704918294213712e-05,0,0,val
2051,0.003326006233692169,0,0,unlabeled
2052,0.007488292176276445,0,0,unlabeled
2053,0.000982423429377377,0,0,unlabeled
2054,0.0009133061394095421,0,0,unlabeled
2055,0.8894259929656982,1,1,val
2056,0.00015926201012916863,0,0,unlabeled
2057,0.00018123655172530562,0,0,unlabeled
2058,0.07573801279067993,0,0,unlabeled
2059,0.9934548735618591,1,1,unlabeled
2060,0.9100311398506165,1,1,val
2061,3.752570410142653e-05,0,0,unlabeled
2062,0.0004966749111190438,0,0,train
2063,0.9544615745544434,1,1,train
2064,0.0005725657101720572,0,0,unlabeled
2065,0.9632413387298584,1,1,unlabeled
2066,0.9401607513427734,1,1,unlabeled
2067,0.00021655394812114537,0,0,unlabeled
2068,0.9914687871932983,1,1,unlabeled
2069,0.0005579840508289635,0,0,unlabeled
2070,0.05226780101656914,0,0,unlabeled
2071,7.198529783636332e-05,0,0,unlabeled
2072,0.0002932959469035268,0,0,train
2073,0.00040162442019209266,0,0,train
2074,0.004966556094586849,0,0,unlabeled
2075,0.006970185786485672,0,0,unlabeled
2076,0.0007454759906977415,0,0,unlabeled
2077,0.027348430827260017,0,0,unlabeled
2078,0.9923843741416931,1,1,train
2079,0.0005035599460825324,0,0,unlabeled
2080,0.0028345559258013964,0,0,train
2081,0.9840445518493652,1,1,unlabeled
2082,0.00011408713180571795,0,0,unlabeled
2083,0.9808308482170105,1,1,unlabeled
2084,0.0019713579677045345,0,0,unlabeled
2085,0.0007958959904499352,0,0,unlabeled
2086,0.09587500989437103,0,0,unlabeled
2087,0.0022220194805413485,0,0,unlabeled
2088,2.33697792282328e-05,0,0,train
2089,0.0003509422531351447,0,0,unlabeled
2090,0.00035170523915439844,0,0,unlabeled
2091,0.9846416115760803,1,1,unlabeled
2092,0.9784956574440002,1,1,unlabeled
2093,0.983336865901947,1,1,train
2094,0.988804042339325,1,1,unlabeled
2095,0.00039643002673983574,0,0,train
2096,0.00018677701882552356,0,0,unlabeled
2097,0.9244574308395386,1,1,unlabeled
2098,0.0006390156922861934,0,0,unlabeled
2099,0.0015067654894664884,0,0,unlabeled
2100,7.459847256541252e-05,0,0,train
2101,0.0066060894168913364,0,0,val
2102,0.00034921581391245127,0,0,val
2103,0.9459692239761353,1,1,unlabeled
2104,0.0010949940187856555,0,0,val
2105,0.016228286549448967,0,0,unlabeled
2106,6.847469921922311e-05,0,0,unlabeled
2107,0.9685760736465454,1,1,unlabeled
2108,0.9545037150382996,1,1,unlabeled
2109,0.0002490546030458063,0,0,unlabeled
2110,0.9625021815299988,1,1,unlabeled
2111,0.0008183472091332078,0,0,unlabeled
2112,9.710447193356231e-05,0,0,train
2113,0.00051969412015751,0,0,unlabeled
2114,0.0007329921354539692,0,0,unlabeled
2115,0.007726916112005711,0,0,unlabeled
2116,0.9721664786338806,1,1,train
2117,0.964779257774353,1,1,unlabeled
2118,0.0006237609777599573,0,0,unlabeled
2119,0.0021325782872736454,0,0,unlabeled
2120,6.030180520610884e-05,0,0,unlabeled
2121,7.11990287527442e-05,0,0,unlabeled
2122,0.000598680810071528,0,0,unlabeled
2123,0.0004604875575751066,0,0,unlabeled
2124,0.0017184149473905563,0,0,unlabeled
2125,0.021342553198337555,0,0,unlabeled
2126,0.002751986961811781,0,0,unlabeled
2127,0.961434006690979,1,1,unlabeled
2128,0.0004223478026688099,0,0,unlabeled
2129,0.08567081391811371,0,0,unlabeled
2130,0.0007741897716186941,0,0,unlabeled
2131,0.08760695904493332,0,0,unlabeled
2132,0.00042097148252651095,0,0,unlabeled
2133,0.0005652118124999106,0,0,unlabeled
2134,0.9766560196876526,1,1,unlabeled
2135,0.0005279429606162012,0,0,unlabeled
2136,0.9747861623764038,1,1,unlabeled
2137,0.9108644723892212,1,1,unlabeled
2138,0.0003051612002309412,0,0,unlabeled
2139,0.0010711621725931764,0,0,unlabeled
2140,0.9744161367416382,1,1,train
2141,0.0005980209680274129,0,0,unlabeled
2142,0.0004323266330175102,0,0,unlabeled
2143,0.00020250637317076325,0,0,train
2144,0.001871553249657154,0,0,unlabeled
2145,0.9703503847122192,1,1,unlabeled
2146,0.00093651661882177,0,0,val
2147,0.00046253035543486476,0,0,unlabeled
2148,0.0009309172164648771,0,0,unlabeled
2149,0.32405441999435425,0,0,train
2150,0.0013939328491687775,0,0,unlabeled
2151,0.0011713966960087419,0,0,unlabeled
2152,0.9816301465034485,1,1,unlabeled
2153,0.028401819989085197,0,0,unlabeled
2154,0.0003703167021740228,0,0,unlabeled
2155,0.0011294950963929296,0,0,unlabeled
2156,0.001045152312144637,0,0,unlabeled
2157,0.9479461908340454,1,1,unlabeled
2158,0.002622359897941351,0,0,unlabeled
2159,0.988576352596283,1,1,unlabeled
2160,0.9132843613624573,1,1,unlabeled
2161,0.0005931123159825802,0,0,unlabeled
2162,0.00037532285205088556,0,0,unlabeled
2163,0.00074088602559641,0,0,unlabeled
2164,0.0015540155582129955,0,0,unlabeled
2165,0.0013582120882347226,0,0,train
2166,4.897716280538589e-05,0,0,unlabeled
2167,0.0003194861055817455,0,0,unlabeled
2168,0.0009101753239519894,0,0,train
2169,0.0007988270372152328,0,0,unlabeled
2170,0.00028713178471662104,0,0,unlabeled
2171,0.9666785001754761,1,1,unlabeled
2172,0.09972739219665527,0,0,unlabeled
2173,0.00019063022045884281,0,0,unlabeled
2174,0.9910001158714294,1,1,unlabeled
2175,0.0003946262295357883,0,0,train
2176,0.00018069507495965809,0,0,unlabeled
2177,0.0027624641079455614,0,0,val
2178,0.0009555834694765508,0,0,train
2179,0.9774152636528015,1,1,unlabeled
2180,0.001863499404862523,0,0,val
2181,0.983167827129364,1,1,val
2182,7.459847256541252e-05,0,0,train
2183,0.0002932959469035268,0,0,train
2184,0.02611706778407097,0,0,unlabeled
2185,0.0010884366929531097,0,0,unlabeled
2186,0.0005372548475861549,0,0,unlabeled
2187,0.849085807800293,1,1,unlabeled
2188,0.11757690459489822,0,0,unlabeled
2189,0.0014092830242589116,0,0,train
2190,0.22531133890151978,0,0,unlabeled
2191,0.00022809482470620424,0,0,train
2192,0.9468648433685303,1,1,unlabeled
2193,0.00046555817243643105,0,0,train
2194,0.0001371731050312519,0,0,unlabeled
2195,0.9395833611488342,1,1,unlabeled
2196,0.002323433058336377,0,0,unlabeled
2197,0.004772098269313574,0,0,unlabeled
2198,0.0016159797087311745,0,0,train
2199,0.0002854643389582634,0,0,unlabeled
2200,0.0016510110581293702,0,0,train
2201,0.986055850982666,1,1,unlabeled
2202,0.0346989668905735,0,0,unlabeled
2203,0.9680754542350769,1,1,unlabeled
2204,0.0008739054319448769,0,0,unlabeled
2205,0.0006488965009339154,0,0,unlabeled
2206,0.0014562398428097367,0,0,unlabeled
2207,0.8636255264282227,1,1,unlabeled
2208,0.0014038573717698455,0,0,unlabeled
2209,0.0011782734654843807,0,0,unlabeled
2210,0.001425925176590681,0,0,unlabeled
2211,0.0009163923095911741,0,0,unlabeled
2212,0.9791465401649475,1,1,train
2213,0.006002827547490597,0,0,unlabeled
2214,0.9869539141654968,1,1,train
2215,0.0011434141779318452,0,0,unlabeled
2216,0.008293618448078632,0,0,unlabeled
2217,0.0005096743698231876,0,0,train
2218,0.9526727199554443,1,1,train
2219,0.001771875424310565,0,0,unlabeled
2220,6.353545904858038e-05,0,0,unlabeled
2221,0.000909743073862046,0,0,unlabeled
2222,0.025031059980392456,0,0,unlabeled
2223,0.00020194819080643356,0,0,unlabeled
2224,0.0008674278506077826,0,0,unlabeled
2225,0.004657503217458725,0,0,train
2226,0.0007774074329063296,0,0,unlabeled
2227,0.000991158769465983,0,0,unlabeled
2228,0.008381769061088562,0,0,train
2229,0.008264720439910889,0,0,unlabeled
2230,0.0004474697634577751,0,0,unlabeled
2231,0.8862447738647461,1,1,unlabeled
2232,0.003328053979203105,0,0,unlabeled
2233,0.0008912715129554272,0,0,unlabeled
2234,0.0010257648536935449,0,0,unlabeled
2235,0.028175802901387215,0,0,unlabeled
2236,0.004799310117959976,0,0,unlabeled
2237,0.0005289798718877137,0,0,unlabeled
2238,0.0008359298226423562,0,0,unlabeled
2239,0.007722843904048204,0,0,unlabeled
2240,0.9709925055503845,1,1,unlabeled
2241,0.1463242918252945,0,0,unlabeled
2242,0.0003470743540674448,0,0,unlabeled
2243,0.0006421222351491451,0,0,unlabeled
2244,0.009871020913124084,0,0,val
2245,0.9416584372520447,1,1,unlabeled
2246,0.000807880365755409,0,0,train
2247,0.9709457159042358,1,1,val
2248,0.0006727015133947134,0,0,train
2249,0.00032193641527555883,0,0,unlabeled
2250,7.159235246945173e-05,0,0,val
2251,0.0006549665704369545,0,0,unlabeled
2252,0.0011427331482991576,0,0,unlabeled
2253,0.0005931123159825802,0,0,unlabeled
2254,0.25009214878082275,0,0,train
2255,0.8495187759399414,1,0,unlabeled
2256,0.003328053979203105,0,0,unlabeled
2257,0.002346032066270709,0,0,train
2258,0.9621339440345764,1,1,train
2259,0.882245659828186,1,0,unlabeled
2260,0.9759082794189453,1,1,unlabeled
2261,0.002827068092301488,0,0,unlabeled
2262,0.001334496191702783,0,0,unlabeled
2263,0.00031632109312340617,0,0,unlabeled
2264,0.00032647623447701335,0,0,unlabeled
2265,0.0005489750765264034,0,0,unlabeled
2266,0.9305022358894348,1,1,unlabeled
2267,0.00012174475705251098,0,0,unlabeled
2268,0.00027755319024436176,0,0,unlabeled
2269,0.0006772403721697628,0,0,unlabeled
2270,0.9905977845191956,1,1,unlabeled
2271,0.9824069738388062,1,1,train
2272,0.0008656051941215992,0,0,train
2273,0.0011368932900950313,0,0,unlabeled
2274,0.0010372634278610349,0,0,unlabeled
2275,0.031827058643102646,0,0,unlabeled
2276,0.9655236005783081,1,1,train
2277,0.99192214012146,1,1,unlabeled
2278,0.00032111891778185964,0,0,unlabeled
2279,0.93829345703125,1,1,unlabeled
2280,0.0012134353164583445,0,0,unlabeled
2281,0.9365676641464233,1,0,unlabeled
2282,0.2809760272502899,0,0,unlabeled
2283,2.7121035373056657e-07,0,0,train
2284,0.9772354960441589,1,1,unlabeled
2285,0.9731306433677673,1,1,unlabeled
2286,0.001077828579582274,0,0,unlabeled
2287,0.8611077070236206,1,1,unlabeled
2288,0.0019566118717193604,0,0,unlabeled
2289,0.0006494100671261549,0,0,unlabeled
2290,0.0002563913876656443,0,0,unlabeled
2291,0.004810521844774485,0,0,unlabeled
2292,0.9847152233123779,1,1,unlabeled
2293,0.003328053979203105,0,0,train
2294,0.9866951704025269,1,1,unlabeled
2295,0.05464860051870346,0,0,unlabeled
2296,0.00017219153232872486,0,0,unlabeled
2297,0.03631044924259186,0,0,unlabeled
2298,0.9589660167694092,1,1,train
2299,0.00024674777523614466,0,0,unlabeled
2300,0.001351900165900588,0,0,unlabeled
2301,0.9721665978431702,1,1,unlabeled
2302,0.0007928076083771884,0,0,unlabeled
2303,0.9739682078361511,1,1,unlabeled
2304,0.004693315364420414,0,0,unlabeled
2305,0.9809325933456421,1,1,unlabeled
2306,0.06722737103700638,0,0,unlabeled
2307,0.0007936421316117048,0,0,unlabeled
2308,0.9861447811126709,1,1,train
2309,0.002483552088961005,0,0,unlabeled
2310,0.00015926201012916863,0,0,unlabeled
2311,0.9891431927680969,1,1,train
2312,0.0055796317756175995,0,0,unlabeled
2313,0.9739698767662048,1,1,unlabeled
2314,0.9789447784423828,1,1,unlabeled
2315,0.9854211211204529,1,1,unlabeled
2316,0.0012243709061294794,0,0,unlabeled
2317,0.0004986278363503516,0,0,unlabeled
2318,0.8683947324752808,1,1,unlabeled
2319,0.9725902080535889,1,1,train
2320,1.570027023944931e-07,0,0,train
2321,0.26722919940948486,0,0,unlabeled
2322,0.0004473725566640496,0,0,unlabeled
2323,0.0029092736076563597,0,0,train
2324,0.00211354810744524,0,0,unlabeled
2325,0.004861030727624893,0,0,unlabeled
2326,0.002311768475919962,0,0,unlabeled
2327,0.0023471296299248934,0,0,train
2328,0.0003988230018876493,0,0,val
2329,0.038107577711343765,0,0,unlabeled
2330,0.002553080441430211,0,0,unlabeled
2331,0.9602553248405457,1,1,unlabeled
2332,0.00038982491241768,0,0,unlabeled
2333,0.9771815538406372,1,1,val
2334,0.7772334218025208,0,0,train
2335,0.8750308752059937,1,1,unlabeled
2336,0.001250961679033935,0,0,unlabeled
2337,0.9897137880325317,1,1,unlabeled
2338,0.002179169561713934,0,0,unlabeled
2339,0.0004601952969096601,0,0,unlabeled
2340,0.10630757361650467,0,0,unlabeled
2341,0.00019754728418774903,0,0,unlabeled
2342,0.000527678057551384,0,0,val
2343,0.007335805334150791,0,0,unlabeled
2344,0.009555833414196968,0,0,unlabeled
2345,0.05297938361763954,0,0,unlabeled
2346,0.0023508663289248943,0,0,unlabeled
2347,0.0005177637212909758,0,0,unlabeled
2348,0.9578447341918945,1,1,train
2349,0.9294432401657104,1,1,train
2350,0.0011785345850512385,0,0,unlabeled
2351,0.2704532742500305,0,0,unlabeled
2352,0.0003207979316357523,0,0,train
2353,0.976148784160614,1,1,unlabeled
2354,0.0004060027713421732,0,0,unlabeled
2355,0.0013636330841109157,0,0,unlabeled
2356,0.9564327597618103,1,1,unlabeled
2357,0.004125588107854128,0,0,unlabeled
2358,0.000495722284540534,0,0,train
2359,0.9560935497283936,1,1,unlabeled
2360,0.01420303713530302,0,0,unlabeled
2361,0.9687188267707825,1,1,unlabeled
2362,0.021136168390512466,0,0,train
2363,0.9859517812728882,1,1,unlabeled
2364,0.00116292096208781,0,0,unlabeled
2365,0.0004213814390823245,0,0,unlabeled
2366,0.0007731738151051104,0,0,train
2367,3.0754426916246302e-06,0,0,unlabeled
2368,0.9679798483848572,1,1,unlabeled
2369,0.1844794750213623,0,0,val
2370,0.00039126499905250967,0,0,train
2371,0.9563480615615845,1,1,unlabeled
2372,0.9694951176643372,1,1,unlabeled
2373,0.0003946262295357883,0,0,train
2374,0.000950936577282846,0,0,train
2375,0.002444128505885601,0,0,unlabeled
2376,0.000990695203654468,0,0,unlabeled
2377,0.944206714630127,1,1,unlabeled
2378,0.9781950116157532,1,1,unlabeled
2379,0.0017356763128191233,0,0,unlabeled
2380,0.0013686611782759428,0,0,unlabeled
2381,0.0036338784266263247,0,0,unlabeled
2382,0.22937802970409393,0,0,unlabeled
2383,0.0004106505948584527,0,0,unlabeled
2384,0.9913932085037231,1,1,val
2385,0.0005371517036110163,0,0,train
2386,0.0011737645836547017,0,0,unlabeled
2387,0.002156411064788699,0,0,train
2388,0.7958402037620544,0,1,unlabeled
2389,6.456045412051026e-06,0,0,train
2390,0.0002854643389582634,0,0,unlabeled
2391,0.3242565989494324,0,0,unlabeled
2392,0.00038726601633243263,0,0,val
2393,0.9814146161079407,1,1,unlabeled
2394,0.0013021387858316302,0,0,unlabeled
2395,0.0019312826916575432,0,0,val
2396,0.0003274025802966207,0,0,unlabeled
2397,0.9779542684555054,1,1,unlabeled
2398,0.9586778879165649,1,1,unlabeled
2399,0.0005480980034917593,0,0,unlabeled
2400,6.775939255021513e-05,0,0,unlabeled
2401,0.00019754728418774903,0,0,unlabeled
2402,0.0006120492471382022,0,0,train
2403,0.00027755319024436176,0,0,train
2404,0.9672049283981323,1,1,unlabeled
2405,0.0006488965009339154,0,0,unlabeled
2406,0.002598145045340061,0,0,unlabeled
2407,0.00031323518487624824,0,0,val
2408,0.0006507951184175909,0,0,unlabeled
2409,0.0762125700712204,0,0,unlabeled
2410,0.9942494630813599,1,1,unlabeled
2411,0.8504583239555359,1,1,unlabeled
2412,4.4280306610744447e-05,0,0,unlabeled
2413,0.0035323346965014935,0,0,unlabeled
2414,0.25978854298591614,0,0,unlabeled
2415,0.000533057376742363,0,0,unlabeled
2416,0.00027792202308773994,0,0,unlabeled
2417,0.00039643002673983574,0,0,val
2418,0.001245822524651885,0,0,unlabeled
2419,0.0002862194669432938,0,0,unlabeled
2420,0.0015034939860925078,0,0,unlabeled
2421,0.0033002509735524654,0,0,unlabeled
2422,0.002503554802387953,0,0,unlabeled
2423,9.710447193356231e-05,0,0,unlabeled
2424,0.0011476852232590318,0,0,train
2425,0.9884613752365112,1,1,train
2426,0.0010145448613911867,0,0,unlabeled
2427,0.013770552352070808,0,0,unlabeled
2428,0.0011662057368084788,0,0,train
2429,0.30827468633651733,0,0,train
2430,0.006781864911317825,0,0,unlabeled
2431,0.978539228439331,1,1,unlabeled
2432,0.8539697527885437,1,1,unlabeled
2433,0.0002854643389582634,0,0,train
2434,0.0020844750106334686,0,0,train
2435,0.00045821286039426923,0,0,unlabeled
2436,0.0002932959469035268,0,0,unlabeled
2437,9.610378765501082e-05,0,0,train
2438,0.0002529179910197854,0,0,unlabeled
2439,0.7050982117652893,0,0,unlabeled
2440,1.642456481931731e-06,0,0,unlabeled
2441,0.003328053979203105,0,0,train
2442,0.0013795444974675775,0,0,unlabeled
2443,0.001184146269224584,0,0,train
2444,0.0006928892689757049,0,0,unlabeled
2445,0.008117453195154667,0,0,unlabeled
2446,0.0016510110581293702,0,0,unlabeled
2447,0.0012397061800584197,0,0,unlabeled
2448,0.36990898847579956,0,0,unlabeled
2449,0.9579060077667236,1,1,unlabeled
2450,0.0027119724545627832,0,0,unlabeled
2451,0.0008918669773265719,0,0,unlabeled
2452,0.0012728251749649644,0,0,unlabeled
2453,0.0074985879473388195,0,0,unlabeled
2454,0.005952239967882633,0,0,unlabeled
2455,0.00031323518487624824,0,0,unlabeled
2456,0.0007034450536593795,0,0,train
2457,0.004608196206390858,0,0,train
2458,0.9739378094673157,1,1,train
2459,0.0014077043160796165,0,0,unlabeled
2460,0.9763658046722412,1,1,unlabeled
2461,0.6769472360610962,0,0,unlabeled
2462,0.0008359298226423562,0,0,unlabeled
2463,0.0002490546030458063,0,0,train
2464,0.0011864376720041037,0,0,unlabeled
2465,0.00015926201012916863,0,0,unlabeled
2466,0.0005489750765264034,0,0,unlabeled
2467,0.0005001878016628325,0,0,unlabeled
2468,0.972607433795929,1,1,train
2469,0.003790470538660884,0,0,unlabeled
2470,0.0010257643880322576,0,0,unlabeled
2471,0.0005417957436293364,0,0,unlabeled
2472,0.0003057211870327592,0,0,unlabeled
2473,0.0014796610921621323,0,0,val
2474,0.8987551927566528,1,1,unlabeled
2475,0.04184877127408981,0,0,unlabeled
2476,0.0007724612951278687,0,0,unlabeled
2477,0.9737487435340881,1,1,unlabeled
2478,7.198529783636332e-05,0,0,unlabeled
2479,0.0004866966337431222,0,0,unlabeled
2480,0.0020539381075650454,0,0,unlabeled
2481,0.9522925615310669,1,1,unlabeled
2482,0.0007804660126566887,0,0,unlabeled
2483,0.9710479974746704,1,1,unlabeled
2484,0.0005717751919291914,0,0,unlabeled
2485,0.0007618335075676441,0,0,unlabeled
2486,0.890268862247467,1,1,unlabeled
2487,0.000497661589179188,0,0,unlabeled
2488,0.001951816724613309,0,0,train
2489,0.00031733716605231166,0,0,train
2490,0.929476797580719,1,0,train
2491,0.8871015310287476,1,1,unlabeled
2492,0.001910144230350852,0,0,unlabeled
2493,0.0013760868459939957,0,0,unlabeled
2494,0.03366096690297127,0,0,unlabeled
2495,7.459847256541252e-05,0,0,unlabeled
2496,0.00043435837142169476,0,0,unlabeled
2497,0.0015986246289685369,0,0,val
2498,0.11451755464076996,0,0,unlabeled
2499,0.0006764640565961599,0,0,unlabeled
2500,0.8550029397010803,1,0,unlabeled
2501,0.0001257453695870936,0,0,unlabeled
2502,0.36990898847579956,0,0,unlabeled
2503,0.005757379345595837,0,0,train
2504,6.775939255021513e-05,0,0,train
2505,0.9796310663223267,1,1,unlabeled
2506,0.009307910688221455,0,0,unlabeled
2507,0.0008164486498571932,0,0,unlabeled
2508,0.0007156687788665295,0,0,unlabeled
2509,0.9942494630813599,1,1,unlabeled
2510,0.0010311224032193422,0,0,unlabeled
2511,0.9894413948059082,1,1,unlabeled
2512,6.775939255021513e-05,0,0,unlabeled
2513,0.0011517505627125502,0,0,unlabeled
2514,0.05198325589299202,0,0,unlabeled
2515,0.0035862543154507875,0,0,unlabeled
2516,0.001111085875891149,0,0,unlabeled
2517,0.8564038872718811,1,0,unlabeled
2518,0.0003917122958227992,0,0,unlabeled
2519,9.710447193356231e-05,0,0,unlabeled
2520,0.011296208016574383,0,0,train
2521,0.001299605704843998,0,0,unlabeled
2522,0.9897137880325317,1,1,train
2523,0.9455316066741943,1,1,unlabeled
2524,0.0021310709416866302,0,0,unlabeled
2525,3.5866128200723324e-06,0,0,unlabeled
2526,0.05687439814209938,0,0,unlabeled
2527,0.00186717149335891,0,0,unlabeled
2528,0.0010645234724506736,0,0,unlabeled
2529,0.0002995523391291499,0,0,unlabeled
2530,0.0008258399902842939,0,0,unlabeled
2531,0.0007859803736209869,0,0,unlabeled
2532,0.9712063074111938,1,1,unlabeled
2533,0.9475392699241638,1,1,train
2534,0.0013947768602520227,0,0,train
2535,0.0005177324637770653,0,0,unlabeled
2536,0.0011621470330283046,0,0,unlabeled
2537,0.00019855739083141088,0,0,unlabeled
2538,0.9812871813774109,1,1,unlabeled
2539,0.9418861865997314,1,1,unlabeled
2540,0.0005440335953608155,0,0,unlabeled
2541,0.8743600845336914,1,1,unlabeled
2542,0.0007597955409437418,0,0,unlabeled
2543,0.000725975027307868,0,0,unlabeled
2544,0.006255728658288717,0,0,unlabeled
2545,0.0010695175733417273,0,0,unlabeled
2546,0.04655706137418747,0,0,unlabeled
2547,0.003357380861416459,0,0,unlabeled
2548,0.9831320643424988,1,1,unlabeled
2549,0.0005122854490764439,0,0,unlabeled
2550,0.0005687252269126475,0,0,unlabeled
2551,2.180432829845813e-06,0,0,unlabeled
2552,0.0015518456930294633,0,0,unlabeled
2553,0.0004208162135910243,0,0,unlabeled
2554,0.03201151266694069,0,0,train
2555,0.0012070731027051806,0,0,unlabeled
2556,0.023123452439904213,0,0,val
2557,0.0011363736120983958,0,0,unlabeled
2558,0.9800165891647339,1,1,unlabeled
2559,0.9109063148498535,1,1,unlabeled
2560,0.0017299717292189598,0,0,unlabeled
2561,0.0006968536763451993,0,0,unlabeled
2562,0.9927238821983337,1,1,unlabeled
2563,0.0012314397608861327,0,0,train
2564,0.08498437702655792,0,0,unlabeled
2565,0.0022669597528874874,0,0,unlabeled
2566,0.27231359481811523,0,0,unlabeled
2567,0.0009730406454764307,0,0,unlabeled
2568,7.459847256541252e-05,0,0,val
2569,0.00039643002673983574,0,0,unlabeled
2570,0.9832298159599304,1,1,unlabeled
2571,0.004506770987063646,0,0,train
2572,0.0032769483514130116,0,0,unlabeled
2573,5.478494495037012e-05,0,0,unlabeled
2574,0.9668357372283936,1,1,unlabeled
2575,0.9612012505531311,1,1,unlabeled
2576,0.0036779651418328285,0,0,train
2577,0.0004334035620559007,0,0,unlabeled
2578,0.0011198912980034947,0,0,train
2579,0.9131633639335632,1,1,unlabeled
2580,0.07955847680568695,0,0,unlabeled
2581,0.0014047487638890743,0,0,unlabeled
2582,0.0019550237338989973,0,0,unlabeled
2583,0.981813907623291,1,1,train
2584,0.9144725203514099,1,1,unlabeled
2585,0.00018169560644309968,0,0,unlabeled
2586,0.9850006103515625,1,1,unlabeled
2587,0.0004812158294953406,0,0,unlabeled
2588,0.16601021587848663,0,0,unlabeled
2589,0.0007824140484444797,0,0,unlabeled
2590,0.9899951219558716,1,1,unlabeled
2591,0.09299754351377487,0,0,unlabeled
2592,0.990868091583252,1,1,unlabeled
2593,0.00119343854021281,0,0,unlabeled
2594,0.04541974514722824,0,0,unlabeled
2595,0.0007148869335651398,0,0,unlabeled
2596,0.0005239596939645708,0,0,unlabeled
2597,0.9819508790969849,1,1,unlabeled
2598,0.9884931445121765,1,1,unlabeled
2599,0.0017026771092787385,0,0,unlabeled
2600,0.0005974025698378682,0,0,unlabeled
2601,0.0004786865320056677,0,0,unlabeled
2602,0.00023473799228668213,0,0,unlabeled
2603,0.9069085717201233,1,1,unlabeled
2604,0.0074687376618385315,0,0,unlabeled
2605,0.00035279864096082747,0,0,unlabeled
2606,0.9594368934631348,1,1,unlabeled
2607,0.0011117825051769614,0,0,unlabeled
2608,0.003328053979203105,0,0,unlabeled
2609,0.5912865400314331,0,0,unlabeled
2610,0.00040972427814267576,0,0,unlabeled
2611,0.004999811761081219,0,0,unlabeled
2612,0.006936381570994854,0,0,unlabeled
2613,0.8979913592338562,1,1,val
2614,0.0005850032903254032,0,0,unlabeled
2615,0.9924782514572144,1,1,unlabeled
2616,0.0006270195008255541,0,0,unlabeled
2617,0.009898821823298931,0,0,unlabeled
2618,0.00015926201012916863,0,0,unlabeled
2619,0.24324007332324982,0,0,unlabeled
2620,0.0004223475989419967,0,0,unlabeled
2621,0.009864460676908493,0,0,unlabeled
2622,0.9884999394416809,1,1,unlabeled
2623,0.959588885307312,1,1,unlabeled
2624,0.9521914720535278,1,1,unlabeled
2625,0.0008724008221179247,0,0,unlabeled
2626,0.9676645994186401,1,1,unlabeled
2627,0.0008414768381044269,0,0,val
2628,0.0020084832794964314,0,0,unlabeled
2629,0.0014013134641572833,0,0,unlabeled
2630,0.000846272159833461,0,0,unlabeled
2631,0.000368281063856557,0,0,unlabeled
2632,0.0002238317101728171,0,0,unlabeled
2633,0.0014281491748988628,0,0,unlabeled
2634,0.0005173197714611888,0,0,unlabeled
2635,0.9644659161567688,1,1,val
2636,0.0005051959888078272,0,0,unlabeled
2637,0.0005711194244213402,0,0,unlabeled
2638,0.0006676360499113798,0,0,unlabeled
2639,6.775939255021513e-05,0,0,train
2640,0.9771426916122437,1,1,unlabeled
2641,0.0005755838355980814,0,0,unlabeled
2642,0.0005049087922088802,0,0,unlabeled
2643,0.0017295764992013574,0,0,train
2644,0.0003912648244295269,0,0,unlabeled
2645,0.0022825447376817465,0,0,unlabeled
2646,0.9435560703277588,1,1,unlabeled
2647,0.0011172981467097998,0,0,unlabeled
2648,0.0005711194244213402,0,0,unlabeled
2649,0.00031323518487624824,0,0,train
2650,0.002816374646499753,0,0,unlabeled
2651,0.0002998983836732805,0,0,unlabeled
2652,0.0009012268856167793,0,0,unlabeled
2653,0.00013717322144657373,0,0,unlabeled
2654,0.005003404803574085,0,0,unlabeled
2655,0.0001620512193767354,0,0,val
2656,8.752085705054924e-05,0,0,unlabeled
2657,0.0003653255698736757,0,0,unlabeled
2658,0.04067518934607506,0,0,unlabeled
2659,0.9877299666404724,1,1,unlabeled
2660,0.055594172328710556,0,0,unlabeled
2661,0.0011531919008120894,0,0,unlabeled
2662,0.0005878126830793917,0,0,unlabeled
2663,0.7627396583557129,0,0,unlabeled
2664,7.78207031544298e-05,0,0,unlabeled
2665,0.987032413482666,1,1,unlabeled
2666,0.0004909589188173413,0,0,unlabeled
2667,0.007335805334150791,0,0,unlabeled
2668,0.002624950371682644,0,0,unlabeled
2669,0.09429147839546204,0,0,unlabeled
2670,0.9875795245170593,1,1,train
2671,8.752085705054924e-05,0,0,val
2672,0.0010915665188804269,0,0,unlabeled
2673,0.002346976660192013,0,0,unlabeled
2674,0.9413710236549377,1,1,unlabeled
2675,0.9877980351448059,1,1,train
2676,0.0009693870088085532,0,0,unlabeled
2677,0.0002932959469035268,0,0,train
2678,0.0004966749111190438,0,0,train
2679,0.9809285998344421,1,1,unlabeled
2680,0.0009756399667821825,0,0,unlabeled
2681,0.0029640193097293377,0,0,val
2682,0.0006638615159317851,0,0,train
2683,0.0001620512193767354,0,0,unlabeled
2684,0.0006665997207164764,0,0,unlabeled
2685,0.028021393343806267,0,0,train
2686,0.00042246715747751296,0,0,unlabeled
2687,0.04078899696469307,0,0,unlabeled
2688,0.00043375242967158556,0,0,unlabeled
2689,0.0011044667335227132,0,0,unlabeled
2690,0.008173787966370583,0,0,unlabeled
2691,0.00027755319024436176,0,0,train
2692,0.9791210889816284,1,1,train
2693,0.0025146130938082933,0,0,unlabeled
2694,0.00021020813437644392,0,0,unlabeled
2695,0.00874834880232811,0,0,unlabeled
2696,0.02269229292869568,0,0,unlabeled
2697,0.9705378413200378,1,1,val
2698,0.26158422231674194,0,0,unlabeled
2699,0.0039043561555445194,0,0,unlabeled
2700,0.0006120492471382022,0,0,train
2701,2.5832867322606035e-05,0,0,train
2702,0.0005917535163462162,0,0,train
2703,0.0007743000169284642,0,0,unlabeled
2704,0.0006317023653537035,0,0,unlabeled
2705,0.0003912648244295269,0,0,unlabeled
2706,0.0011687157675623894,0,0,unlabeled
2707,0.848139762878418,1,1,unlabeled
2708,0.00495183514431119,0,0,unlabeled
2709,0.0004966749111190438,0,0,unlabeled
2710,0.0007232821662910283,0,0,unlabeled
2711,0.0005162427551113069,0,0,unlabeled
2712,0.004398646764457226,0,0,train
2713,0.0006691476446576416,0,0,unlabeled
2714,0.00023598075495101511,0,0,unlabeled
2715,0.0035862543154507875,0,0,unlabeled
2716,0.002651569899171591,0,0,unlabeled
2717,0.9847287535667419,1,1,train
2718,0.00018169560644309968,0,0,unlabeled
2719,0.06984151899814606,0,0,unlabeled
2720,0.978112518787384,1,1,train
2721,0.0005576533148996532,0,0,train
2722,0.0004024817899335176,0,0,unlabeled
2723,0.9738590717315674,1,1,unlabeled
2724,0.8887536525726318,1,1,unlabeled
2725,0.020113646984100342,0,0,unlabeled
2726,0.00021020813437644392,0,0,unlabeled
2727,0.0002356295590288937,0,0,unlabeled
2728,0.00513276644051075,0,0,unlabeled
2729,0.9832587242126465,1,1,train
2730,0.0019625076092779636,0,0,unlabeled
2731,0.04067518934607506,0,0,unlabeled
2732,0.00692471768707037,0,0,train
2733,0.0018946084892377257,0,0,unlabeled
2734,0.0011505569564178586,0,0,unlabeled
2735,0.9529216289520264,1,1,unlabeled
2736,0.0007394351996481419,0,0,unlabeled
2737,0.9581750631332397,1,1,unlabeled
2738,0.0010912632569670677,0,0,unlabeled
2739,0.9786777496337891,1,1,train
2740,0.0023893939796835184,0,0,unlabeled
2741,0.00021020813437644392,0,0,unlabeled
2742,0.0012505000922828913,0,0,train
2743,0.01000368595123291,0,0,unlabeled
2744,0.0007811978575773537,0,0,train
2745,0.009786698967218399,0,0,unlabeled
2746,0.06786296516656876,0,0,unlabeled
2747,0.9415009617805481,1,1,unlabeled
2748,0.006748066283762455,0,0,unlabeled
2749,0.0016134114703163505,0,0,unlabeled
2750,0.9749095439910889,1,1,unlabeled
2751,0.8455113172531128,1,1,unlabeled
2752,0.001853796886280179,0,0,unlabeled
2753,0.9606372117996216,1,1,unlabeled
2754,0.0018766855355352163,0,0,unlabeled
2755,0.00028288422618061304,0,0,train
2756,0.0007380743627436459,0,0,unlabeled
2757,0.0017613874515518546,0,0,unlabeled
2758,0.1432257890701294,0,0,unlabeled
2759,0.0010873351711779833,0,0,unlabeled
2760,0.0006485042977146804,0,0,unlabeled
2761,0.00032833655131980777,0,0,unlabeled
2762,0.0005931123159825802,0,0,unlabeled
2763,0.0012024432653561234,0,0,unlabeled
2764,0.9812012910842896,1,1,unlabeled
2765,0.9660310745239258,1,1,train
2766,0.00015926201012916863,0,0,unlabeled
2767,0.9889726042747498,1,1,unlabeled
2768,0.0018513316754251719,0,0,train
2769,0.00010544263932388276,0,0,unlabeled
2770,0.009490889497101307,0,0,unlabeled
2771,0.9563694596290588,1,1,unlabeled
2772,8.032932237256318e-05,0,0,unlabeled
2773,0.9524039030075073,1,1,train
2774,0.0003481348103377968,0,0,unlabeled
2775,0.8523450493812561,1,1,unlabeled
2776,0.9789061546325684,1,1,unlabeled
2777,0.00041362474439665675,0,0,unlabeled
2778,0.0009632215369492769,0,0,unlabeled
2779,0.9526651501655579,1,1,train
2780,0.9835062623023987,1,1,train
2781,0.980002760887146,1,1,unlabeled
2782,0.00031323518487624824,0,0,unlabeled
2783,0.0004645136359613389,0,0,unlabeled
2784,0.020444100722670555,0,0,unlabeled
2785,0.0057376897893846035,0,0,unlabeled
2786,0.8420396447181702,1,1,unlabeled
2787,0.0005609446088783443,0,0,unlabeled
2788,0.0006614922313019633,0,0,unlabeled
2789,0.0010823275661095977,0,0,unlabeled
2790,0.97880619764328,1,0,unlabeled
2791,0.00039947580080479383,0,0,unlabeled
2792,0.2322782725095749,0,0,unlabeled
2793,0.05941639468073845,0,0,unlabeled
2794,0.0008441334357485175,0,0,unlabeled
2795,0.0009559796308167279,0,0,unlabeled
2796,0.0020611039362847805,0,0,unlabeled
2797,0.0007107912679202855,0,0,unlabeled
2798,0.9647480845451355,1,1,unlabeled
2799,0.0003265992272645235,0,0,unlabeled
2800,0.9893031120300293,1,1,unlabeled
2801,0.0012767366133630276,0,0,unlabeled
2802,0.002119748154655099,0,0,unlabeled
2803,0.00011375884059816599,0,0,train
2804,0.001112225349061191,0,0,unlabeled
2805,0.9439806938171387,1,1,unlabeled
2806,0.0002874459605664015,0,0,train
2807,0.00010544263932388276,0,0,unlabeled
2808,0.984863817691803,1,1,unlabeled
2809,0.0010637084487825632,0,0,unlabeled
2810,0.0007367897196672857,0,0,unlabeled
2811,0.0003732824989128858,0,0,unlabeled
2812,0.003328053979203105,0,0,unlabeled
2813,0.0005579840508289635,0,0,unlabeled
2814,0.003328053979203105,0,0,unlabeled
2815,0.9679166078567505,1,1,unlabeled
2816,0.0011261703912168741,0,0,unlabeled
2817,0.15730512142181396,0,0,unlabeled
2818,0.8929814696311951,1,1,unlabeled
2819,0.047568123787641525,0,0,unlabeled
2820,0.967132568359375,1,1,val
2821,0.014575982466340065,0,0,unlabeled
2822,0.00010544263932388276,0,0,unlabeled
2823,0.9596483707427979,1,1,unlabeled
2824,0.32093116641044617,0,0,unlabeled
2825,0.0010733845410868526,0,0,unlabeled
2826,0.9881618618965149,1,1,unlabeled
2827,0.00013069450506009161,0,0,train
2828,0.003080537775531411,0,0,train
2829,0.0012230479624122381,0,0,train
2830,0.0009383815922774374,0,0,unlabeled
2831,0.9385679960250854,1,1,unlabeled
2832,0.00038982491241768,0,0,train
2833,0.9858827590942383,1,1,unlabeled
2834,0.9652019739151001,1,1,unlabeled
2835,0.0012718617217615247,0,0,unlabeled
2836,0.0010711621725931764,0,0,unlabeled
2837,0.0007564137340523303,0,0,unlabeled
2838,0.0003207979316357523,0,0,train
2839,0.9826391935348511,1,1,unlabeled
2840,0.017132539302110672,0,0,unlabeled
2841,0.0020081361290067434,0,0,unlabeled
2842,0.00040264736162498593,0,0,unlabeled
2843,0.0015535509446635842,0,0,unlabeled
2844,0.0008656047284603119,0,0,unlabeled
2845,2.994318265336915e-06,0,0,unlabeled
2846,0.9651534557342529,1,1,train
2847,0.00020250637317076325,0,0,unlabeled
2848,0.9561282992362976,1,1,unlabeled
2849,0.0003185748646501452,0,0,unlabeled
2850,0.15448002517223358,0,0,unlabeled
2851,0.0001620512193767354,0,0,unlabeled
2852,0.0004474697634577751,0,0,unlabeled
2853,0.00036031840136274695,0,0,train
2854,0.9499072432518005,1,1,unlabeled
2855,0.001771875424310565,0,0,unlabeled
2856,0.00014967676543164998,0,0,unlabeled
2857,0.000293474382488057,0,0,unlabeled
2858,0.002764755627140403,0,0,unlabeled
2859,0.003328053979203105,0,0,unlabeled
2860,0.0034959253389388323,0,0,unlabeled
2861,0.9556106328964233,1,1,train
2862,0.00117451511323452,0,0,unlabeled
2863,0.00018169560644309968,0,0,unlabeled
2864,0.0004101932281628251,0,0,unlabeled
2865,0.0011288056848570704,0,0,unlabeled
2866,0.0006565818330273032,0,0,unlabeled
2867,0.04093518108129501,0,0,unlabeled
2868,0.9736512303352356,1,1,unlabeled
2869,0.0002582540037110448,0,0,unlabeled
2870,0.0014359225751832128,0,0,unlabeled
2871,0.0005365277174860239,0,0,train
2872,0.00046624059905298054,0,0,unlabeled
2873,0.9609755277633667,1,1,unlabeled
2874,0.9455111622810364,1,1,unlabeled
2875,0.9638310074806213,1,1,unlabeled
2876,0.003320888848975301,0,0,unlabeled
2877,0.9752495288848877,1,1,unlabeled
2878,0.0009120904724113643,0,0,train
2879,0.9866243600845337,1,1,unlabeled
2880,0.25891292095184326,0,0,train
2881,0.9921234250068665,1,1,unlabeled
2882,0.0007898143958300352,0,0,unlabeled
2883,0.03781033679842949,0,0,val
2884,0.0004923059605062008,0,0,unlabeled
2885,0.0009339898824691772,0,0,unlabeled
2886,0.04256969690322876,0,0,unlabeled
2887,0.00119343854021281,0,0,unlabeled
2888,0.97504723072052,1,1,unlabeled
2889,0.9563387036323547,1,1,unlabeled
2890,0.01565910503268242,0,0,unlabeled
2891,0.03158629685640335,0,0,val
2892,0.0003207979316357523,0,0,train
2893,0.9519184231758118,1,1,unlabeled
2894,0.8619804978370667,1,1,unlabeled
2895,0.0004474697634577751,0,0,unlabeled
2896,0.9445022344589233,1,1,train
2897,0.00027704820968210697,0,0,unlabeled
2898,0.0008329889387823641,0,0,unlabeled
2899,0.0015439145499840379,0,0,unlabeled
2900,0.00030534309917129576,0,0,unlabeled
2901,0.0011714224237948656,0,0,unlabeled
2902,0.0004726268816739321,0,0,val
2903,0.9795928001403809,1,1,unlabeled
2904,0.0010513734305277467,0,0,unlabeled
2905,0.005843184422701597,0,0,unlabeled
2906,0.00019754728418774903,0,0,unlabeled
2907,0.0005417954525910318,0,0,unlabeled
2908,0.0006270195008255541,0,0,unlabeled
2909,0.9298629760742188,1,1,train
2910,0.00836925022304058,0,0,unlabeled
2911,0.007335805334150791,0,0,val
2912,0.0007978832582011819,0,0,train
2913,0.993212103843689,1,1,unlabeled
2914,0.0007256045937538147,0,0,unlabeled
2915,0.06046399474143982,0,0,unlabeled
2916,0.00017971791385207325,0,0,unlabeled
2917,0.0021023491863161325,0,0,unlabeled
2918,0.0005280926707200706,0,0,unlabeled
2919,0.9592337012290955,1,1,unlabeled
2920,3.5397913507040357e-06,0,0,unlabeled
2921,0.0010348737705498934,0,0,unlabeled
2922,0.0023039039224386215,0,0,unlabeled
2923,0.0007288448978215456,0,0,unlabeled
2924,0.0006593996658921242,0,0,train
2925,0.00025719028781168163,0,0,unlabeled
2926,0.0017295773141086102,0,0,unlabeled
2927,0.026366522535681725,0,0,unlabeled
2928,0.001754512544721365,0,0,train
2929,0.9685728549957275,1,1,unlabeled
2930,0.9559412598609924,1,1,unlabeled
2931,8.752085705054924e-05,0,0,train
2932,0.0005417954525910318,0,0,unlabeled
2933,0.0027040934655815363,0,0,unlabeled
2934,0.0018245200626552105,0,0,unlabeled
2935,0.004609983414411545,0,0,unlabeled
2936,0.000209643883863464,0,0,unlabeled
2937,0.001362420036457479,0,0,unlabeled
2938,0.0002370116562815383,0,0,unlabeled
2939,0.0006501881871372461,0,0,unlabeled
2940,0.9827667474746704,1,1,unlabeled
2941,0.00019754728418774903,0,0,train
2942,0.0008359298226423562,0,0,unlabeled
2943,0.9795366525650024,1,1,unlabeled
2944,0.056584432721138,0,0,unlabeled
2945,0.8378682732582092,1,1,train
2946,0.0005711194244213402,0,0,unlabeled
2947,0.9645415544509888,1,1,unlabeled
2948,0.0035702784080058336,0,0,unlabeled
2949,0.0002675116411410272,0,0,unlabeled
2950,0.0008359298226423562,0,0,unlabeled
2951,0.8813745379447937,1,1,unlabeled
2952,0.9859555959701538,1,1,unlabeled
2953,0.0010136144701391459,0,0,unlabeled
2954,0.9777199029922485,1,1,unlabeled
2955,0.0010257643880322576,0,0,unlabeled
2956,0.0004106505948584527,0,0,unlabeled
2957,0.0009017547708936036,0,0,unlabeled
2958,0.11294719576835632,0,0,unlabeled
2959,0.0017413526074960828,0,0,unlabeled
2960,0.9248377084732056,1,1,unlabeled
2961,0.00010100213694386184,0,0,unlabeled
2962,0.014436131343245506,0,0,unlabeled
2963,0.9872950911521912,1,1,unlabeled
2964,0.0010966245317831635,0,0,unlabeled
2965,0.9462792873382568,1,1,unlabeled
2966,0.0026469407603144646,0,0,train
2967,0.0004669486079365015,0,0,unlabeled
2968,0.9738063216209412,1,1,unlabeled
2969,0.0009180064080283046,0,0,unlabeled
2970,7.955578621476889e-05,0,0,unlabeled
2971,0.0007193146157078445,0,0,unlabeled
2972,0.0007966433768160641,0,0,unlabeled
2973,0.00392375560477376,0,0,unlabeled
2974,0.9611173272132874,1,1,unlabeled
2975,0.0007162661640904844,0,0,unlabeled
2976,0.0013880499172955751,0,0,unlabeled
2977,6.381909770425409e-05,0,0,train
2978,0.9863033890724182,1,1,unlabeled
2979,0.988215446472168,1,1,train
2980,0.0011413100874051452,0,0,train
2981,0.00333381281234324,0,0,unlabeled
2982,0.0010507730767130852,0,0,unlabeled
2983,0.9719138741493225,1,1,unlabeled
2984,0.001762609463185072,0,0,unlabeled
2985,0.003328053979203105,0,0,unlabeled
2986,0.9917454123497009,1,1,train
2987,0.0444912351667881,0,0,unlabeled
2988,6.692301667499123e-06,0,0,train
2989,0.00031323518487624824,0,0,val
2990,0.003991768229752779,0,0,unlabeled
2991,0.0006401925347745419,0,0,unlabeled
2992,0.00032088818261399865,0,0,unlabeled
2993,0.9613946676254272,1,1,unlabeled
2994,0.07628422975540161,0,0,unlabeled
2995,0.004391160793602467,0,0,unlabeled
2996,0.9904299378395081,1,1,unlabeled
2997,0.00020899625087622553,0,0,unlabeled
2998,0.9907197952270508,1,1,unlabeled
2999,0.0003298057126812637,0,0,unlabeled
3000,0.00018169560644309968,0,0,unlabeled
3001,0.04769820347428322,0,0,val
3002,0.007159584201872349,0,0,unlabeled
3003,0.0010746563784778118,0,0,unlabeled
3004,0.0005574290989898145,0,0,unlabeled
3005,0.9847747683525085,1,1,val
3006,0.0035862543154507875,0,0,unlabeled
3007,0.00041225363384000957,0,0,unlabeled
3008,0.000699564116075635,0,0,unlabeled
3009,0.03923317790031433,0,0,unlabeled
3010,0.0009245467372238636,0,0,unlabeled
3011,0.8325666189193726,0,1,unlabeled
3012,0.26256561279296875,0,0,unlabeled
3013,0.0018645968521013856,0,0,unlabeled
3014,0.0010912632569670677,0,0,unlabeled
3015,0.001403728500008583,0,0,unlabeled
3016,0.9857202172279358,1,1,train
3017,0.0004453238798305392,0,0,unlabeled
3018,0.9547958374023438,1,1,unlabeled
3019,8.752085705054924e-05,0,0,unlabeled
3020,0.0009172181598842144,0,0,unlabeled
3021,0.000979592907242477,0,0,unlabeled
3022,0.0008467669249512255,0,0,unlabeled
3023,0.9507230520248413,1,1,train
3024,0.0027659274637699127,0,0,train
3025,0.0007373603875748813,0,0,train
3026,0.9078113436698914,1,1,unlabeled
3027,0.00031195429619401693,0,0,unlabeled
3028,0.9867632985115051,1,1,unlabeled
3029,0.0008774506859481335,0,0,val
3030,0.001002793200314045,0,0,unlabeled
3031,0.9879186749458313,1,1,unlabeled
3032,4.842714247388358e-07,0,0,unlabeled
3033,0.03847233206033707,0,0,unlabeled
3034,0.0006925013731233776,0,0,unlabeled
3035,0.0007323260651901364,0,0,unlabeled
3036,0.9728736877441406,1,1,unlabeled
3037,0.9647077918052673,1,1,unlabeled
3038,0.0009440922876819968,0,0,unlabeled
3039,0.0006479026051238179,0,0,unlabeled
3040,0.005948355887085199,0,0,unlabeled
3041,2.7810804112959886e-06,0,0,unlabeled
3042,2.5832867322606035e-05,0,0,unlabeled
3043,0.000569201132748276,0,0,unlabeled
3044,0.002727050334215164,0,0,unlabeled
3045,0.0007065856480039656,0,0,train
3046,0.9722208380699158,1,1,unlabeled
3047,0.9912956953048706,1,1,unlabeled
3048,0.0024743080139160156,0,0,train
3049,0.0002529179910197854,0,0,unlabeled
3050,0.019454455003142357,0,0,unlabeled
3051,0.9919285774230957,1,1,unlabeled
3052,0.005066253244876862,0,0,unlabeled
3053,0.0006721055251546204,0,0,unlabeled
3054,0.00116292096208781,0,0,unlabeled
3055,0.9594616889953613,1,1,unlabeled
3056,0.9780418276786804,1,1,unlabeled
3057,0.01584015041589737,0,0,unlabeled
3058,0.006796643137931824,0,0,unlabeled
3059,0.00020386562391649932,0,0,unlabeled
3060,0.0027905963361263275,0,0,unlabeled
3061,0.9892493486404419,1,1,unlabeled
3062,0.0007099369540810585,0,0,val
3063,0.0009083265322260559,0,0,unlabeled
3064,0.9627781510353088,1,1,unlabeled
3065,0.004786352626979351,0,0,unlabeled
3066,0.0002529182529542595,0,0,train
3067,0.0010314362589269876,0,0,unlabeled
3068,0.08791819959878922,0,0,train
3069,0.931759774684906,1,1,unlabeled
3070,0.0009934906847774982,0,0,unlabeled
3071,7.274874224094674e-05,0,0,val
3072,0.0004462790093384683,0,0,val
3073,0.8584028482437134,1,1,unlabeled
3074,0.0012561045587062836,0,0,unlabeled
3075,0.9724647998809814,1,1,unlabeled
3076,2.5832867322606035e-05,0,0,unlabeled
3077,0.17590197920799255,0,0,unlabeled
3078,0.916570782661438,1,1,unlabeled
3079,0.0010088104754686356,0,0,unlabeled
3080,0.00042640985338948667,0,0,train
3081,0.0007448220858350396,0,0,unlabeled
3082,0.9577304720878601,1,1,unlabeled
3083,0.17749696969985962,0,0,unlabeled
3084,0.00018179696053266525,0,0,unlabeled
3085,0.9609625339508057,1,1,unlabeled
3086,0.000759935996029526,0,0,unlabeled
3087,0.9901680946350098,1,1,unlabeled
3088,0.018251512199640274,0,0,unlabeled
3089,0.9872822165489197,1,1,unlabeled
3090,0.0006567889358848333,0,0,train
3091,0.0006994771538302302,0,0,unlabeled
3092,0.0015817644307389855,0,0,unlabeled
3093,0.0004677647666539997,0,0,unlabeled
3094,0.9602386951446533,1,1,unlabeled
3095,0.9897465705871582,1,1,train
3096,0.0005711194244213402,0,0,unlabeled
3097,0.9702820181846619,1,1,unlabeled
3098,0.9939355254173279,1,1,unlabeled
3099,0.0001983414840651676,0,0,val
3100,0.9207252264022827,1,1,unlabeled
3101,0.005122973117977381,0,0,unlabeled
3102,0.0004946636036038399,0,0,unlabeled
3103,0.0009468893404118717,0,0,unlabeled
3104,0.001191218150779605,0,0,unlabeled
3105,0.07772351056337357,0,0,unlabeled
3106,0.0012215437600389123,0,0,unlabeled
3107,0.0008029576856642962,0,0,unlabeled
3108,0.0007236082456074655,0,0,unlabeled
3109,0.0015344817657023668,0,0,unlabeled
3110,0.0014616624685004354,0,0,unlabeled
3111,0.0007749319192953408,0,0,unlabeled
3112,0.9628172516822815,1,1,unlabeled
3113,0.9698696136474609,1,1,unlabeled
3114,0.00043298257514834404,0,0,unlabeled
3115,0.9388613700866699,1,1,unlabeled
3116,0.006777549162507057,0,0,train
3117,0.001076194690540433,0,0,unlabeled
3118,0.0021121115423738956,0,0,unlabeled
3119,0.00040264736162498593,0,0,train
3120,0.0003543398925103247,0,0,unlabeled
3121,0.004135142080485821,0,0,unlabeled
3122,0.003328053979203105,0,0,unlabeled
3123,6.353533535730094e-05,0,0,unlabeled
3124,0.9557526111602783,1,1,train
3125,0.0002466052246745676,0,0,unlabeled
3126,0.8488572239875793,1,0,train
3127,0.02771664783358574,0,0,unlabeled
3128,0.00031126977410167456,0,0,unlabeled
3129,0.0016555262263864279,0,0,unlabeled
3130,0.1657041311264038,0,0,unlabeled
3131,0.00051577651174739,0,0,unlabeled
3132,0.0009934906847774982,0,0,unlabeled
3133,0.06230667605996132,0,0,unlabeled
3134,7.132459359127097e-06,0,0,unlabeled
3135,0.033955663442611694,0,0,unlabeled
3136,0.0005564831080846488,0,0,unlabeled
3137,6.775939255021513e-05,0,0,unlabeled
3138,0.9721691012382507,1,1,unlabeled
3139,0.0005122854490764439,0,0,train
3140,0.04451342299580574,0,0,train
3141,8.752085705054924e-05,0,0,unlabeled
3142,0.002947482280433178,0,0,unlabeled
3143,0.0008282018243335187,0,0,unlabeled
3144,0.00031323518487624824,0,0,val
3145,7.803814514772967e-05,0,0,unlabeled
3146,0.9605767130851746,1,1,unlabeled
3147,0.10942309349775314,0,0,train
3148,0.0012275734916329384,0,0,train
3149,0.0037251331377774477,0,0,unlabeled
3150,0.05602874234318733,0,0,unlabeled
3151,0.8985323309898376,1,1,train
3152,0.9642483592033386,1,1,unlabeled
3153,0.00042640985338948667,0,0,unlabeled
3154,0.003328053979203105,0,0,unlabeled
3155,0.001451251097023487,0,0,unlabeled
3156,0.005950741469860077,0,0,train
3157,0.000912090006750077,0,0,unlabeled
3158,0.9547224640846252,1,1,unlabeled
3159,0.9846395254135132,1,1,unlabeled
3160,0.0008338280022144318,0,0,train
3161,0.0005081311101093888,0,0,unlabeled
3162,0.0016510110581293702,0,0,unlabeled
3163,0.009110265411436558,0,0,val
3164,0.0005412983591668308,0,0,unlabeled
3165,0.0011099157854914665,0,0,train
3166,0.9867203235626221,1,1,unlabeled
3167,0.0004938259953632951,0,0,unlabeled
3168,0.0002854643389582634,0,0,unlabeled
3169,9.872957889456302e-05,0,0,unlabeled
3170,0.03176741302013397,0,0,unlabeled
3171,0.0017849061405286193,0,0,unlabeled
3172,6.775939255021513e-05,0,0,train
3173,0.0006115693249739707,0,0,unlabeled
3174,0.9658171534538269,1,1,unlabeled
3175,0.9882326722145081,1,1,unlabeled
3176,0.0014883058611303568,0,0,unlabeled
3177,0.9898920059204102,1,1,unlabeled
3178,0.9526351690292358,1,1,unlabeled
3179,0.9833624958992004,1,1,unlabeled
3180,0.9617031812667847,1,1,unlabeled
3181,0.2752622365951538,0,0,train
3182,0.03190961480140686,0,0,unlabeled
3183,0.0006255136686377227,0,0,unlabeled
3184,0.9711694121360779,1,1,unlabeled
3185,0.9838494062423706,1,1,unlabeled
3186,0.000990695203654468,0,0,unlabeled
3187,0.0005387974670156837,0,0,unlabeled
3188,0.9715004563331604,1,1,unlabeled
3189,0.00027649934054352343,0,0,unlabeled
3190,0.0010659345425665379,0,0,unlabeled
3191,0.0002025905851041898,0,0,unlabeled
3192,0.002436238806694746,0,0,unlabeled
3193,0.9826030731201172,1,1,unlabeled
3194,0.00019525722018443048,0,0,unlabeled
3195,0.24083290994167328,0,0,unlabeled
3196,0.9887028932571411,1,1,unlabeled
3197,0.0011741844937205315,0,0,train
3198,0.0002563913876656443,0,0,train
3199,0.004097778350114822,0,0,unlabeled
3200,0.9907078742980957,1,1,unlabeled
3201,0.0015176133019849658,0,0,unlabeled
3202,0.0004223475989419967,0,0,unlabeled
3203,0.002304280875250697,0,0,unlabeled
3204,0.9661322832107544,1,1,unlabeled
3205,0.006401512771844864,0,0,unlabeled
3206,0.9834998846054077,1,1,unlabeled
3207,0.005122973117977381,0,0,unlabeled
3208,0.0004938262281939387,0,0,unlabeled
3209,0.9845255017280579,1,1,unlabeled
3210,0.00031955953454598784,0,0,unlabeled
3211,0.002364702755585313,0,0,unlabeled
3212,0.0002854643389582634,0,0,unlabeled
3213,0.8567909598350525,1,1,unlabeled
3214,0.0036779651418328285,0,0,val
3215,0.0004752017848659307,0,0,unlabeled
3216,0.00116292096208781,0,0,unlabeled
3217,0.9578791856765747,1,1,unlabeled
3218,0.02611706778407097,0,0,train
3219,0.0035862543154507875,0,0,unlabeled
3220,0.00043650061707012355,0,0,train
3221,0.9426993131637573,1,1,train
3222,0.002912311116233468,0,0,val
3223,0.0012215437600389123,0,0,train
3224,0.0004898323677480221,0,0,unlabeled
3225,0.007335805334150791,0,0,train
3226,0.0028527523390948772,0,0,unlabeled
3227,0.003328053979203105,0,0,val
3228,0.0013216843362897635,0,0,train
3229,0.0001642081479076296,0,0,train
3230,0.0007373603875748813,0,0,unlabeled
3231,7.647859456483275e-05,0,0,unlabeled
3232,0.000845045258756727,0,0,unlabeled
3233,0.0005310855340212584,0,0,unlabeled
3234,0.9879118204116821,1,1,train
3235,0.9465240240097046,1,1,unlabeled
3236,0.0004082777595613152,0,0,unlabeled
3237,0.004655642434954643,0,0,unlabeled
3238,0.0010374793782830238,0,0,unlabeled
3239,0.002372645540162921,0,0,train
3240,0.00010544263932388276,0,0,unlabeled
3241,0.0008536746026948094,0,0,unlabeled
3242,0.0005008662701584399,0,0,unlabeled
3243,0.0010631401091814041,0,0,unlabeled
3244,0.000562547123990953,0,0,unlabeled
3245,0.0010695175733417273,0,0,unlabeled
3246,0.00043047641520388424,0,0,unlabeled
3247,0.0010257643880322576,0,0,unlabeled
3248,0.9402787089347839,1,1,unlabeled
3249,0.9528282284736633,1,1,val
3250,0.0005310855340212584,0,0,val
3251,0.0010374793782830238,0,0,unlabeled
3252,0.0007373603875748813,0,0,val
3253,0.9699927568435669,1,1,unlabeled
3254,0.003992996644228697,0,0,train
3255,0.03588477894663811,0,0,unlabeled
3256,0.0002854643389582634,0,0,unlabeled
3257,0.000599802762735635,0,0,unlabeled
3258,0.0004453238798305392,0,0,unlabeled
3259,0.00117869779933244,0,0,unlabeled
3260,0.006808985956013203,0,0,train
3261,0.016698572784662247,0,0,unlabeled
3262,0.9859156608581543,1,1,unlabeled
3263,0.028192849829792976,0,0,unlabeled
3264,0.9812836050987244,1,1,unlabeled
3265,0.0002554948441684246,0,0,unlabeled
3266,0.30353865027427673,0,0,unlabeled
3267,0.8994649648666382,1,1,unlabeled
3268,0.00031323518487624824,0,0,unlabeled
3269,0.0010558661306276917,0,0,unlabeled
3270,0.9848600029945374,1,1,train
3271,0.7540876865386963,0,0,unlabeled
3272,0.0002730187261477113,0,0,unlabeled
3273,0.0005465606227517128,0,0,unlabeled
3274,0.0006978362216614187,0,0,unlabeled
3275,0.0006820519338361919,0,0,unlabeled
3276,0.000540636305231601,0,0,unlabeled
3277,0.0006120495381765068,0,0,unlabeled
3278,0.0006115693249739707,0,0,unlabeled
3279,0.0030241652857512236,0,0,unlabeled
3280,0.03894411399960518,0,0,unlabeled
3281,0.001844786456786096,0,0,unlabeled
3282,0.0013025295920670033,0,0,unlabeled
3283,0.9851587414741516,1,1,unlabeled
3284,0.0005469527677632868,0,0,unlabeled
3285,0.0007241943385452032,0,0,unlabeled
3286,8.629318472230807e-05,0,0,unlabeled
3287,0.11025737971067429,0,0,train
3288,0.003998207859694958,0,0,train
3289,0.0005920454277656972,0,0,unlabeled
3290,0.000880578882060945,0,0,train
3291,0.00029647222254425287,0,0,unlabeled
3292,0.0009697690838947892,0,0,train
3293,0.04350656643509865,0,0,train
3294,0.0006507944781333208,0,0,train
3295,0.005469469353556633,0,0,unlabeled
3296,0.8902056217193604,1,1,unlabeled
3297,0.00042640985338948667,0,0,unlabeled
3298,0.0003829968336503953,0,0,unlabeled
3299,0.9839653968811035,1,1,unlabeled
3300,0.9694876074790955,1,1,unlabeled
3301,0.001244590268470347,0,0,unlabeled
3302,8.752085705054924e-05,0,0,unlabeled
3303,0.1394774615764618,0,0,unlabeled
3304,0.9863816499710083,1,1,unlabeled
3305,0.0029640179127454758,0,0,train
3306,0.0025602267123758793,0,0,train
3307,0.0010577107314020395,0,0,unlabeled
3308,0.037690311670303345,0,0,unlabeled
3309,0.9700666666030884,1,1,unlabeled
3310,0.003297787392511964,0,0,val
3311,6.346547252178425e-06,0,0,unlabeled
3312,0.0006120492471382022,0,0,unlabeled
3313,0.9689254760742188,1,1,unlabeled
3314,0.0005931123159825802,0,0,train
3315,0.9558591246604919,1,1,train
3316,0.00046906614443287253,0,0,unlabeled
3317,0.97967529296875,1,1,unlabeled
3318,0.0010807104408740997,0,0,unlabeled
3319,0.0010935090249404311,0,0,unlabeled
3320,0.001193437958136201,0,0,unlabeled
3321,9.567953611622215e-07,0,0,unlabeled
3322,0.9925457835197449,1,1,unlabeled
3323,0.9939165711402893,1,1,unlabeled
3324,0.00020250637317076325,0,0,train
3325,0.0006115693249739707,0,0,unlabeled
3326,0.0004355599812697619,0,0,unlabeled
3327,0.00015926201012916863,0,0,unlabeled
3328,0.9801335334777832,1,1,unlabeled
3329,0.9933117628097534,1,1,unlabeled
3330,0.0006453868700191379,0,0,unlabeled
3331,0.0014462644467130303,0,0,train
3332,0.28273871541023254,0,0,unlabeled
3333,0.010367682203650475,0,0,train
3334,0.00039643002673983574,0,0,unlabeled
3335,0.9932077527046204,1,1,train
3336,0.9127613306045532,1,1,unlabeled
3337,0.0024338664952665567,0,0,unlabeled
3338,0.9734175801277161,1,1,unlabeled
3339,0.31936150789260864,0,0,unlabeled
3340,0.0016018510796129704,0,0,unlabeled
3341,0.0004946637782268226,0,0,unlabeled
3342,0.0005813049501739442,0,0,unlabeled
3343,0.0009342808625660837,0,0,unlabeled
3344,0.002411790657788515,0,0,unlabeled
3345,0.006305341608822346,0,0,unlabeled
3346,0.07349038124084473,0,0,unlabeled
3347,0.00445508910343051,0,0,unlabeled
3348,0.0001642081479076296,0,0,unlabeled
3349,0.7820186614990234,0,0,unlabeled
3350,0.9651010632514954,1,1,unlabeled
3351,0.0005955679807811975,0,0,train
3352,0.00447141844779253,0,0,unlabeled
3353,0.021052272990345955,0,0,unlabeled
3354,0.21640680730342865,0,0,unlabeled
3355,0.0011042041005566716,0,0,unlabeled
3356,0.0008548981277272105,0,0,unlabeled
3357,0.06732890754938126,0,0,unlabeled
3358,0.9730218052864075,1,1,unlabeled
3359,0.0027511022053658962,0,0,unlabeled
3360,0.0004016397288069129,0,0,unlabeled
3361,0.00010544263932388276,0,0,val
3362,0.9538462162017822,1,1,train
3363,0.004810521844774485,0,0,unlabeled
3364,0.0035862543154507875,0,0,unlabeled
3365,0.9724669456481934,1,1,train
3366,0.066468745470047,0,0,unlabeled
3367,0.0038961637765169144,0,0,unlabeled
3368,0.0021352129988372326,0,0,unlabeled
3369,0.9290458559989929,1,0,unlabeled
3370,0.03271922096610069,0,0,unlabeled
3371,0.002313899574801326,0,0,unlabeled
3372,0.0008384585380554199,0,0,unlabeled
3373,0.0006797920214012265,0,0,unlabeled
3374,0.9874913692474365,1,1,unlabeled
3375,0.05688350647687912,0,0,unlabeled
3376,0.98052579164505,1,1,unlabeled
3377,0.0008982178405858576,0,0,unlabeled
3378,0.0014026466524228454,0,0,train
3379,0.0023686736822128296,0,0,unlabeled
3380,0.9751181602478027,1,1,unlabeled
3381,0.9424795508384705,1,1,unlabeled
3382,0.008398505859076977,0,0,unlabeled
3383,0.017749611288309097,0,0,train
3384,0.0003207979316357523,0,0,unlabeled
3385,0.0008124989690259099,0,0,unlabeled
3386,0.0004941661609336734,0,0,unlabeled
3387,0.9701229929924011,1,1,val
3388,0.0002915856894105673,0,0,unlabeled
3389,0.0021431820932775736,0,0,unlabeled
3390,0.031627461314201355,0,0,train
3391,0.8761717677116394,1,1,unlabeled
3392,0.0016072149155661464,0,0,train
3393,0.9956560134887695,1,1,unlabeled
3394,0.0018994576530531049,0,0,unlabeled
3395,0.00031784584280103445,0,0,val
3396,0.0004604875575751066,0,0,unlabeled
3397,0.9722045063972473,1,1,unlabeled
3398,0.1088254302740097,0,0,unlabeled
3399,0.9833658337593079,1,1,unlabeled
3400,0.0002867837902158499,0,0,train
3401,0.9597456455230713,1,1,unlabeled
3402,0.961553692817688,1,1,unlabeled
3403,0.9596101641654968,1,1,unlabeled
3404,0.05401838943362236,0,0,unlabeled
3405,0.028652062639594078,0,0,unlabeled
3406,0.004697594325989485,0,0,unlabeled
3407,0.9466066956520081,1,1,unlabeled
3408,0.00014967676543164998,0,0,unlabeled
3409,0.0003699308435898274,0,0,unlabeled
3410,0.0009197377366945148,0,0,val
3411,0.0023032857570797205,0,0,val
3412,0.0010757031850516796,0,0,train
3413,0.9195865988731384,1,1,unlabeled
3414,0.9645631313323975,1,1,unlabeled
3415,0.9700440168380737,1,1,train
3416,0.0008918669773265719,0,0,unlabeled
3417,0.045240823179483414,0,0,unlabeled
3418,0.0024861099664121866,0,0,unlabeled
3419,0.0010588725563138723,0,0,unlabeled
3420,0.0006328137824311852,0,0,unlabeled
3421,0.0064055295661091805,0,0,unlabeled
3422,0.00042640985338948667,0,0,unlabeled
3423,0.9564671516418457,1,1,unlabeled
3424,0.9763745665550232,1,1,unlabeled
3425,0.005328799597918987,0,0,unlabeled
3426,0.6644564867019653,0,0,val
3427,0.0008975646924227476,0,0,unlabeled
3428,0.9783727526664734,1,1,unlabeled
3429,0.00030520514701493084,0,0,unlabeled
3430,0.0005682865739800036,0,0,unlabeled
3431,0.9674371480941772,1,1,unlabeled
3432,0.0005131226498633623,0,0,unlabeled
3433,0.003193710930645466,0,0,unlabeled
3434,0.0004480114148464054,0,0,unlabeled
3435,0.006230972707271576,0,0,train
3436,0.7873035073280334,0,0,unlabeled
3437,0.0003696829953696579,0,0,unlabeled
3438,0.021705329418182373,0,0,train
3439,0.00013069450506009161,0,0,unlabeled
3440,0.04968252778053284,0,0,val
3441,0.005478632636368275,0,0,unlabeled
3442,0.005544392857700586,0,0,unlabeled
3443,0.007657692302018404,0,0,train
3444,0.0011711099650710821,0,0,unlabeled
3445,0.0374404639005661,0,0,unlabeled
3446,0.8584351539611816,1,1,unlabeled
3447,0.0005400162190198898,0,0,train
3448,0.09987245500087738,0,0,unlabeled
3449,0.0002531356003601104,0,0,unlabeled
3450,0.9594570994377136,1,1,unlabeled
3451,0.038739580661058426,0,0,unlabeled
3452,0.0012097994331270456,0,0,unlabeled
3453,0.005048773251473904,0,0,unlabeled
3454,0.008061324246227741,0,0,unlabeled
3455,0.0005417954525910318,0,0,unlabeled
3456,0.9674124121665955,1,1,unlabeled
3457,0.9687188267707825,1,1,unlabeled
3458,0.003328053979203105,0,0,train
3459,0.9460616111755371,1,1,unlabeled
3460,0.004867149516940117,0,0,unlabeled
3461,0.0006989104440435767,0,0,unlabeled
3462,0.0033408054150640965,0,0,unlabeled
3463,0.9285508394241333,1,1,unlabeled
3464,0.0040027373470366,0,0,unlabeled
3465,0.0008687223889864981,0,0,unlabeled
3466,0.9804546236991882,1,1,train
3467,0.0010507941478863358,0,0,unlabeled
3468,0.000859228428453207,0,0,unlabeled
3469,0.9626129865646362,1,1,unlabeled
3470,0.0010695175733417273,0,0,unlabeled
3471,0.00013355696864891797,0,0,unlabeled
3472,0.0010695873061195016,0,0,unlabeled
3473,0.9922074675559998,1,1,unlabeled
3474,6.784493598388508e-05,0,0,unlabeled
3475,7.403542258543894e-05,0,0,unlabeled
3476,0.00019754728418774903,0,0,unlabeled
3477,0.006208222825080156,0,0,unlabeled
3478,0.00013069450506009161,0,0,unlabeled
3479,0.9696404933929443,1,1,train
3480,0.0028637892100960016,0,0,unlabeled
3481,0.04828093200922012,0,0,train
3482,0.0002143415913451463,0,0,unlabeled
3483,3.835409643215826e-06,0,0,train
3484,0.0012265279656276107,0,0,unlabeled
3485,0.0003207979316357523,0,0,unlabeled
3486,0.969738245010376,1,1,unlabeled
3487,0.03368719667196274,0,0,unlabeled
3488,0.0002854643389582634,0,0,val
3489,0.0010116893099620938,0,0,unlabeled
3490,0.9807611703872681,1,1,unlabeled
3491,0.00018169560644309968,0,0,unlabeled
3492,0.002868061186745763,0,0,unlabeled
3493,0.0012974586570635438,0,0,unlabeled
3494,0.9884864091873169,1,1,unlabeled
3495,0.0014132054056972265,0,0,unlabeled
3496,0.033955663442611694,0,0,unlabeled
3497,0.0001307739148614928,0,0,unlabeled
3498,0.0006251721060834825,0,0,unlabeled
3499,0.0031815487891435623,0,0,unlabeled
3500,0.986657440662384,1,1,unlabeled
3501,0.0004938262281939387,0,0,unlabeled
3502,0.953942596912384,1,1,unlabeled
3503,0.9915302991867065,1,1,train
3504,0.0018747546710073948,0,0,unlabeled
3505,0.0008924166322685778,0,0,unlabeled
3506,0.9337553977966309,1,1,unlabeled
3507,0.0005843652179464698,0,0,unlabeled
3508,0.002492530969902873,0,0,unlabeled
3509,0.0006317023653537035,0,0,unlabeled
3510,0.0015664122765883803,0,0,unlabeled
3511,0.0009482372552156448,0,0,unlabeled
3512,0.00020250637317076325,0,0,unlabeled
3513,0.0010298023698851466,0,0,unlabeled
3514,0.00031323518487624824,0,0,unlabeled
3515,0.9849646687507629,1,1,unlabeled
3516,0.005273563787341118,0,0,unlabeled
3517,0.00342154479585588,0,0,unlabeled
3518,0.9622907638549805,1,1,unlabeled
3519,0.0010695175733417273,0,0,unlabeled
3520,0.004700988531112671,0,0,unlabeled
3521,0.02297414280474186,0,0,unlabeled
3522,0.0013108174316585064,0,0,train
3523,0.0003207979316357523,0,0,unlabeled
3524,0.9583322405815125,1,1,unlabeled
3525,0.9573277235031128,1,1,unlabeled
3526,0.0004604875575751066,0,0,unlabeled
3527,0.0013256509555503726,0,0,val
3528,0.24755859375,0,0,unlabeled
3529,0.9931119680404663,1,1,unlabeled
3530,0.002834681188687682,0,0,unlabeled
3531,0.2657059133052826,0,0,unlabeled
3532,0.0058704037219285965,0,0,val
3533,0.9767772555351257,1,1,unlabeled
3534,0.0008666178910061717,0,0,unlabeled
3535,0.4177902936935425,0,0,unlabeled
3536,0.9906246066093445,1,1,unlabeled
3537,0.0006349260802380741,0,0,unlabeled
3538,0.001586333615705371,0,0,unlabeled
3539,0.000825711409561336,0,0,train
3540,0.001692475751042366,0,0,unlabeled
3541,0.0014899898087605834,0,0,unlabeled
3542,0.00213309982791543,0,0,unlabeled
3543,0.0013689082115888596,0,0,train
3544,0.0008359298226423562,0,0,unlabeled
3545,0.0005734070437029004,0,0,unlabeled
3546,0.004524740390479565,0,0,unlabeled
3547,0.0013336989795789123,0,0,unlabeled
3548,0.0004980480880476534,0,0,unlabeled
3549,0.0005252159899100661,0,0,unlabeled
3550,0.00036398752126842737,0,0,unlabeled
3551,0.0009650485590100288,0,0,unlabeled
3552,0.9573796987533569,1,1,unlabeled
3553,0.9645391702651978,1,1,unlabeled
3554,0.00028798304265365005,0,0,unlabeled
3555,0.0002529179910197854,0,0,unlabeled
3556,0.00040352114592678845,0,0,unlabeled
3557,0.0009548136149533093,0,0,unlabeled
3558,0.0031313318759202957,0,0,unlabeled
3559,0.0035862543154507875,0,0,train
3560,0.6833668947219849,0,0,unlabeled
3561,0.0005797437625005841,0,0,unlabeled
3562,0.0014541121199727058,0,0,unlabeled
3563,0.02186744287610054,0,0,unlabeled
3564,0.0005574290989898145,0,0,unlabeled
3565,0.00040264736162498593,0,0,unlabeled
3566,0.0006147888489067554,0,0,unlabeled
3567,0.0013206632575020194,0,0,unlabeled
3568,0.02955399639904499,0,0,unlabeled
3569,0.0001948480639839545,0,0,unlabeled
3570,0.0003207979316357523,0,0,train
3571,0.00018169560644309968,0,0,unlabeled
3572,0.0010570719605311751,0,0,unlabeled
3573,0.9907698035240173,1,1,unlabeled
3574,0.7514455914497375,0,0,unlabeled
3575,0.9790047407150269,1,1,unlabeled
3576,0.0003543398925103247,0,0,unlabeled
3577,0.0026533508207648993,0,0,unlabeled
3578,1.798530138330534e-05,0,0,unlabeled
3579,0.03856082260608673,0,0,train
3580,0.9786980748176575,1,1,unlabeled
3581,0.0001642081479076296,0,0,unlabeled
3582,0.0005632744287140667,0,0,unlabeled
3583,0.0003207979316357523,0,0,unlabeled
3584,0.00048633027472533286,0,0,unlabeled
3585,0.001274631591513753,0,0,unlabeled
3586,0.0034521797206252813,0,0,train
3587,0.9552554488182068,1,1,unlabeled
3588,0.0012323393020778894,0,0,unlabeled
3589,0.002725052647292614,0,0,unlabeled
3590,0.0005027790903113782,0,0,unlabeled
3591,0.9913932085037231,1,1,val
3592,0.9779565334320068,1,1,val
3593,0.907120943069458,1,1,unlabeled
3594,0.9929179549217224,1,1,unlabeled
3595,0.9249862432479858,1,1,unlabeled
3596,0.0004903656663373113,0,0,unlabeled
3597,0.041091274470090866,0,0,train
3598,0.00018169560644309968,0,0,unlabeled
3599,0.9471373558044434,1,1,unlabeled
3600,0.00042640985338948667,0,0,unlabeled
3601,0.23207835853099823,0,0,unlabeled
3602,0.00037184616667218506,0,0,unlabeled
3603,0.009383144788444042,0,0,unlabeled
3604,9.367449820274487e-05,0,0,unlabeled
3605,0.0037125085946172476,0,0,unlabeled
3606,0.008427608758211136,0,0,train
3607,0.0027691596187651157,0,0,unlabeled
3608,0.020151926204562187,0,0,unlabeled
3609,0.0006797920214012265,0,0,val
3610,0.00015926201012916863,0,0,unlabeled
3611,0.00892980583012104,0,0,unlabeled
3612,0.0010935096070170403,0,0,unlabeled
3613,0.0008574429666623473,0,0,unlabeled
3614,0.00015926201012916863,0,0,unlabeled
3615,0.008079840801656246,0,0,unlabeled
3616,0.9825438857078552,1,1,unlabeled
3617,0.9419346451759338,1,1,unlabeled
3618,0.25978854298591614,0,0,train
3619,0.07293445616960526,0,0,unlabeled
3620,0.00040264736162498593,0,0,val
3621,2.9920982342446223e-05,0,0,unlabeled
3622,0.002347341738641262,0,0,unlabeled
3623,0.0010967885609716177,0,0,unlabeled
3624,0.008388410322368145,0,0,unlabeled
3625,0.0007615112117491663,0,0,unlabeled
3626,0.0007318028365261853,0,0,train
3627,0.002815266139805317,0,0,unlabeled
3628,0.007725011557340622,0,0,train
3629,0.0002529179910197854,0,0,val
3630,0.5999459028244019,0,0,unlabeled
3631,0.2106519639492035,0,0,unlabeled
3632,0.9654085636138916,1,1,unlabeled
3633,0.0031306929886341095,0,0,unlabeled
3634,0.0006028765346854925,0,0,train
3635,0.000697949668392539,0,0,unlabeled
3636,0.00037517864257097244,0,0,unlabeled
3637,0.0007148869335651398,0,0,unlabeled
3638,0.0013861992629244924,0,0,unlabeled
3639,0.0016205358551815152,0,0,unlabeled
3640,0.9711286425590515,1,1,unlabeled
3641,7.459847256541252e-05,0,0,unlabeled
3642,0.011956393718719482,0,0,train
3643,0.0021182741038501263,0,0,unlabeled
3644,0.0007755033439025283,0,0,unlabeled
3645,0.0008485039579682052,0,0,unlabeled
3646,0.000289279967546463,0,0,train
3647,0.9172224998474121,1,1,train
3648,0.0011585887987166643,0,0,unlabeled
3649,0.0234929621219635,0,0,unlabeled
3650,2.4977091015898623e-05,0,0,unlabeled
3651,0.0002475763321854174,0,0,unlabeled
3652,0.006147976033389568,0,0,unlabeled
3653,0.0004866949748247862,0,0,unlabeled
3654,0.0010392209514975548,0,0,train
3655,0.0008886195137165487,0,0,val
3656,0.9881758689880371,1,1,train
3657,0.0006075907149352133,0,0,unlabeled
3658,0.9809393882751465,1,1,unlabeled
3659,0.00014432727766688913,0,0,unlabeled
3660,0.0022166050039231777,0,0,unlabeled
3661,0.0022527086548507214,0,0,unlabeled
3662,0.9755083322525024,1,1,unlabeled
3663,0.0009680778020992875,0,0,unlabeled
3664,0.00026506875292398036,0,0,unlabeled
3665,0.9642020463943481,1,1,train
3666,0.0012788622407242656,0,0,unlabeled
3667,0.0010666603920981288,0,0,unlabeled
3668,0.00031323518487624824,0,0,train
3669,0.0002025905851041898,0,0,unlabeled
3670,0.014306880533695221,0,0,unlabeled
3671,0.0029448659624904394,0,0,unlabeled
3672,0.0002025905851041898,0,0,unlabeled
3673,0.0029936900828033686,0,0,unlabeled
3674,0.001303351018577814,0,0,unlabeled
3675,0.0007995149935595691,0,0,unlabeled
3676,0.9588989615440369,1,1,unlabeled
3677,0.0015407900791615248,0,0,unlabeled
3678,0.0035717494320124388,0,0,unlabeled
3679,0.0307978093624115,0,0,unlabeled
3680,0.001883840304799378,0,0,unlabeled
3681,0.14266599714756012,0,0,unlabeled
3682,0.0011361505603417754,0,0,unlabeled
3683,0.003685654839500785,0,0,train
3684,0.26139965653419495,0,0,unlabeled
3685,0.00043650061707012355,0,0,train
3686,0.0003270962042734027,0,0,unlabeled
3687,4.80256767332321e-06,0,0,train
3688,8.47365809022449e-05,0,0,unlabeled
3689,0.001624278724193573,0,0,unlabeled
3690,0.9046264290809631,1,1,unlabeled
3691,0.0012360021937638521,0,0,unlabeled
3692,0.003793185343965888,0,0,unlabeled
3693,0.0005954998778179288,0,0,unlabeled
3694,0.006425728090107441,0,0,unlabeled
3695,0.00040483061457052827,0,0,unlabeled
3696,0.0006120492471382022,0,0,train
3697,0.9514758586883545,1,1,unlabeled
3698,0.0012664407258853316,0,0,unlabeled
3699,0.000553008692804724,0,0,unlabeled
3700,0.0002915856894105673,0,0,unlabeled
3701,0.0010848627425730228,0,0,unlabeled
3702,0.0001922007359098643,0,0,unlabeled
3703,0.0009458218119107187,0,0,unlabeled
3704,0.8305923938751221,0,0,unlabeled
3705,0.0012992647243663669,0,0,train
3706,0.9563079476356506,1,1,unlabeled
3707,0.0004677645629271865,0,0,unlabeled
3708,0.046868614852428436,0,0,unlabeled
3709,0.9712477922439575,1,1,unlabeled
3710,0.003328053979203105,0,0,unlabeled
3711,0.9946584105491638,1,1,unlabeled
3712,0.0008182941237464547,0,0,train
3713,0.008313525468111038,0,0,unlabeled
3714,0.00039643002673983574,0,0,train
3715,0.9916120767593384,1,1,unlabeled
3716,0.00016283791046589613,0,0,unlabeled
3717,0.0013238447718322277,0,0,unlabeled
3718,0.9430400133132935,1,1,train
3719,0.001073037856258452,0,0,unlabeled
3720,0.0005177324637770653,0,0,unlabeled
3721,0.0005308357649482787,0,0,unlabeled
3722,0.05814414098858833,0,0,unlabeled
3723,0.9416584372520447,1,1,unlabeled
3724,0.0003207979316357523,0,0,unlabeled
3725,0.00042640985338948667,0,0,unlabeled
3726,0.0004331788222771138,0,0,unlabeled
3727,0.9600831866264343,1,1,unlabeled
3728,0.0002636190620251,0,0,unlabeled
3729,0.9387897253036499,1,1,unlabeled
3730,0.03544100373983383,0,0,unlabeled
3731,0.8619804978370667,1,1,unlabeled
3732,0.0010370634263381362,0,0,unlabeled
3733,6.0301859775790945e-05,0,0,unlabeled
3734,0.0044160024262964725,0,0,unlabeled
3735,0.0007208713213913143,0,0,unlabeled
3736,0.003328053979203105,0,0,unlabeled
3737,0.0003816055250354111,0,0,train
3738,0.007470416370779276,0,0,train
3739,0.0035077796783298254,0,0,train
3740,0.0007387864170596004,0,0,unlabeled
3741,0.004872533492743969,0,0,unlabeled
3742,0.0007777297869324684,0,0,unlabeled
3743,0.03782433271408081,0,0,unlabeled
3744,0.9884769916534424,1,1,unlabeled
3745,0.003046560101211071,0,0,train
3746,0.8974591493606567,1,1,unlabeled
3747,0.8450274467468262,1,0,unlabeled
3748,0.8668985366821289,1,1,unlabeled
3749,0.0010257908143103123,0,0,unlabeled
3750,0.9889811277389526,1,1,unlabeled
3751,6.775939255021513e-05,0,0,unlabeled
3752,0.00230606971308589,0,0,unlabeled
3753,0.02588305063545704,0,0,unlabeled
3754,0.014383452013134956,0,0,unlabeled
3755,0.00358768948353827,0,0,val
3756,0.9611413478851318,1,1,unlabeled
3757,0.9944233298301697,1,1,unlabeled
3758,0.0022128440905362368,0,0,unlabeled
3759,0.007411224767565727,0,0,train
3760,0.011008542962372303,0,0,unlabeled
3761,0.003328053979203105,0,0,train
3762,0.9777162671089172,1,1,unlabeled
3763,0.004237056244164705,0,0,train
3764,0.9852961897850037,1,1,unlabeled
3765,0.00021020813437644392,0,0,train
3766,0.008734981529414654,0,0,unlabeled
3767,0.0020742625929415226,0,0,unlabeled
3768,0.00031126977410167456,0,0,train
3769,0.0004277464176993817,0,0,unlabeled
3770,0.9719069004058838,1,1,unlabeled
3771,0.0002946872846223414,0,0,unlabeled
3772,0.0001802289334591478,0,0,unlabeled
3773,0.04848124086856842,0,0,unlabeled
3774,0.019068261608481407,0,0,unlabeled
3775,0.0006797920214012265,0,0,unlabeled
3776,1.430199461083248e-07,0,0,train
3777,0.9602664113044739,1,1,unlabeled
3778,0.0048086089082062244,0,0,unlabeled
3779,0.0004456037131603807,0,0,train
3780,0.0018118738662451506,0,0,unlabeled
3781,0.001771875424310565,0,0,unlabeled
3782,0.0006959288148209453,0,0,train
3783,0.006935094017535448,0,0,unlabeled
3784,0.003328053979203105,0,0,unlabeled
3785,0.0018352868501096964,0,0,train
3786,0.008135390467941761,0,0,unlabeled
3787,0.0007341617601923645,0,0,unlabeled
3788,0.00017263311019632965,0,0,unlabeled
3789,0.0039062369614839554,0,0,unlabeled
3790,0.9060987830162048,1,1,unlabeled
3791,0.00040264736162498593,0,0,unlabeled
3792,0.0003837422118522227,0,0,unlabeled
3793,0.0003274025802966207,0,0,unlabeled
3794,0.0001413944992236793,0,0,unlabeled
3795,0.0015441461000591516,0,0,unlabeled
3796,0.9647836685180664,1,1,unlabeled
3797,0.00804384145885706,0,0,unlabeled
3798,0.0006181564531289041,0,0,unlabeled
3799,0.8529972434043884,1,0,unlabeled
3800,0.0006259331130422652,0,0,unlabeled
3801,0.0008211722015403211,0,0,unlabeled
3802,0.0015343079576268792,0,0,unlabeled
3803,0.0003298057126812637,0,0,unlabeled
3804,0.0023140073753893375,0,0,unlabeled
3805,0.00040264736162498593,0,0,unlabeled
3806,0.007335805334150791,0,0,unlabeled
3807,0.0008660119492560625,0,0,unlabeled
3808,0.00040264736162498593,0,0,unlabeled
3809,0.00031126977410167456,0,0,unlabeled
3810,0.012709933333098888,0,0,unlabeled
3811,0.0005221586325205863,0,0,train
3812,0.9334127902984619,1,1,unlabeled
3813,0.0008689342066645622,0,0,train
3814,0.0006209707353264093,0,0,unlabeled
3815,0.023435397073626518,0,0,unlabeled
3816,0.00024674777523614466,0,0,train
3817,0.0010773645481094718,0,0,val
3818,0.9620306491851807,1,1,unlabeled
3819,0.01854066736996174,0,0,unlabeled
3820,0.003328053979203105,0,0,unlabeled
3821,0.001312720705755055,0,0,unlabeled
3822,0.000534043472725898,0,0,train
3823,0.9907197952270508,1,1,val
3824,0.9898446798324585,1,1,unlabeled
3825,0.00019063022045884281,0,0,train
3826,0.0014054031344130635,0,0,unlabeled
3827,0.0006079516606405377,0,0,unlabeled
3828,0.000990695203654468,0,0,train
3829,0.956560492515564,1,1,unlabeled
3830,0.6115862131118774,0,0,unlabeled
3831,0.002932605566456914,0,0,train
3832,0.0005711194244213402,0,0,unlabeled
3833,0.0008961136918514967,0,0,unlabeled
3834,0.04860560968518257,0,0,unlabeled
3835,0.0007148869335651398,0,0,train
3836,0.0005236811120994389,0,0,unlabeled
3837,0.001168327173218131,0,0,unlabeled
3838,0.0003051612002309412,0,0,unlabeled
3839,0.000432527536759153,0,0,unlabeled
3840,0.00044389665708877146,0,0,train
3841,0.005015381146222353,0,0,unlabeled
3842,0.97135990858078,1,1,train
3843,0.00015926201012916863,0,0,unlabeled
3844,0.0002531356003601104,0,0,train
3845,0.8769819736480713,1,1,unlabeled
3846,0.0010261446004733443,0,0,unlabeled
3847,0.9737808704376221,1,1,unlabeled
3848,0.00051969412015751,0,0,train
3849,0.9849385023117065,1,1,unlabeled
3850,0.0017117031384259462,0,0,unlabeled
3851,0.9845777153968811,1,1,unlabeled
3852,0.0013494959566742182,0,0,unlabeled
3853,0.0004924468230456114,0,0,unlabeled
3854,0.0003298057126812637,0,0,unlabeled
3855,0.0015626001404598355,0,0,unlabeled
3856,5.7280676628579386e-06,0,0,unlabeled
3857,0.9772547483444214,1,1,unlabeled
3858,0.990968644618988,1,1,train
3859,0.21619504690170288,0,0,train
3860,0.9893011450767517,1,1,unlabeled
3861,6.775939255021513e-05,0,0,unlabeled
3862,0.0007674309308640659,0,0,unlabeled
3863,0.0019365802872925997,0,0,unlabeled
3864,0.0047938586212694645,0,0,unlabeled
3865,0.0008668569498695433,0,0,unlabeled
3866,0.0003329430765006691,0,0,unlabeled
3867,0.001077828579582274,0,0,unlabeled
3868,0.0008385321125388145,0,0,unlabeled
3869,0.002510119928047061,0,0,unlabeled
3870,0.00992678850889206,0,0,train
3871,0.0008346427930518985,0,0,unlabeled
3872,0.0015872931107878685,0,0,unlabeled
3873,0.00024674777523614466,0,0,unlabeled
3874,0.0010906766401603818,0,0,unlabeled
3875,0.001002681558020413,0,0,train
3876,0.0007711164653301239,0,0,train
3877,0.0007937918999232352,0,0,unlabeled
3878,0.26686185598373413,0,0,unlabeled
3879,0.0019027964444831014,0,0,unlabeled
3880,0.8878394365310669,1,1,unlabeled
3881,0.9770621061325073,1,1,unlabeled
3882,0.9820550084114075,1,1,unlabeled
3883,0.0002850571763701737,0,0,train
3884,0.0008359298226423562,0,0,unlabeled
3885,0.000415578339016065,0,0,train
3886,0.26158422231674194,0,0,unlabeled
3887,0.0008568026823922992,0,0,unlabeled
3888,0.0013011854607611895,0,0,unlabeled
3889,0.00431030010804534,0,0,unlabeled
3890,0.00828168448060751,0,0,unlabeled
3891,0.0004677647666539997,0,0,unlabeled
3892,0.0006443896563723683,0,0,unlabeled
3893,0.0004403797211125493,0,0,unlabeled
3894,0.001885061850771308,0,0,unlabeled
3895,0.000567285402212292,0,0,train
3896,0.0006508714286610484,0,0,unlabeled
3897,0.0008485039579682052,0,0,unlabeled
3898,0.0034367924090474844,0,0,unlabeled
3899,8.540532689949032e-07,0,0,unlabeled
3900,0.002599369967356324,0,0,unlabeled
3901,0.0035452479496598244,0,0,unlabeled
3902,0.0008688742527738214,0,0,unlabeled
3903,0.0008477692026644945,0,0,unlabeled
3904,0.0006900066509842873,0,0,unlabeled
3905,0.0013663488207384944,0,0,unlabeled
3906,0.9825524091720581,1,1,unlabeled
3907,0.000958687742240727,0,0,unlabeled
3908,0.9849921464920044,1,0,unlabeled
3909,0.0009896348929032683,0,0,unlabeled
3910,0.0008423472754657269,0,0,unlabeled
3911,0.0005728681571781635,0,0,unlabeled
3912,0.00019754728418774903,0,0,unlabeled
3913,0.0008536746026948094,0,0,unlabeled
3914,0.0005069762701168656,0,0,unlabeled
3915,0.0019545317627489567,0,0,unlabeled
3916,0.0005344992387108505,0,0,unlabeled
3917,0.0021235672757029533,0,0,unlabeled
3918,0.001754512544721365,0,0,val
3919,0.9436132907867432,1,1,unlabeled
3920,0.00022732994693797082,0,0,val
3921,0.5570642948150635,0,0,unlabeled
3922,0.9338366389274597,1,1,unlabeled
3923,0.0010380924213677645,0,0,unlabeled
3924,0.0017731551779434085,0,0,unlabeled
3925,0.004459170624613762,0,0,unlabeled
3926,0.0005056134541518986,0,0,unlabeled
3927,0.0010147057473659515,0,0,unlabeled
3928,0.9521797895431519,1,1,unlabeled
3929,0.00010193877824349329,0,0,unlabeled
3930,0.0009101753239519894,0,0,unlabeled
3931,0.986016571521759,1,1,unlabeled
3932,0.000760604627430439,0,0,unlabeled
3933,0.0005820611258968711,0,0,unlabeled
3934,0.06545143574476242,0,0,unlabeled
3935,0.991337776184082,1,1,unlabeled
3936,0.0011294950963929296,0,0,unlabeled
3937,0.9495633840560913,1,1,train
3938,0.011560387909412384,0,0,train
3939,0.000569799798540771,0,0,unlabeled
3940,0.00043317870586179197,0,0,unlabeled
3941,0.9782960414886475,1,1,unlabeled
3942,0.0019021871266886592,0,0,unlabeled
3943,0.9305855631828308,1,0,train
3944,0.0007148869335651398,0,0,unlabeled
3945,0.03631044924259186,0,0,unlabeled
3946,0.9532662034034729,1,1,unlabeled
3947,0.04852667450904846,0,0,unlabeled
3948,0.008320199325680733,0,0,unlabeled
3949,0.0001959179644472897,0,0,unlabeled
3950,0.00015022394654806703,0,0,unlabeled
3951,0.0012270590523257852,0,0,train
3952,0.0001118245127145201,0,0,val
3953,0.00033639895264059305,0,0,unlabeled
3954,0.0017872670432552695,0,0,train
3955,0.0008216907153837383,0,0,train
3956,0.0013947775587439537,0,0,unlabeled
3957,0.03569594398140907,0,0,unlabeled
3958,0.010964772664010525,0,0,unlabeled
3959,0.0011099157854914665,0,0,unlabeled
3960,0.9389379620552063,1,1,unlabeled
3961,0.9884976148605347,1,1,unlabeled
3962,0.0008614245452918112,0,0,unlabeled
3963,0.9685527086257935,1,1,train
3964,0.009050130844116211,0,0,unlabeled
3965,0.002016649814322591,0,0,unlabeled
3966,0.000597556063439697,0,0,unlabeled
3967,0.02357001043856144,0,0,unlabeled
3968,0.0011199414730072021,0,0,unlabeled
3969,3.555614739525481e-06,0,0,unlabeled
3970,0.00014085393922869116,0,0,unlabeled
3971,0.001728141331113875,0,0,unlabeled
3972,0.0006199940689839423,0,0,unlabeled
3973,0.9635630249977112,1,1,unlabeled
3974,0.9779682755470276,1,1,train
3975,0.0009791477350518107,0,0,unlabeled
3976,0.0009058879222720861,0,0,unlabeled
3977,0.9500391483306885,1,1,unlabeled
3978,0.2504338324069977,0,0,unlabeled
3979,0.0003652686136774719,0,0,unlabeled
3980,0.00014678847219329327,0,0,unlabeled
3981,0.9782779216766357,1,1,unlabeled
3982,0.012971930205821991,0,0,train
3983,0.022465800866484642,0,0,unlabeled
3984,0.0004053602460771799,0,0,unlabeled
3985,0.0023411703296005726,0,0,unlabeled
3986,0.0006505765486508608,0,0,unlabeled
3987,0.9554856419563293,1,1,unlabeled
3988,0.9890174865722656,1,1,unlabeled
3989,6.867289630463347e-05,0,0,train
3990,0.0008568447083234787,0,0,train
3991,0.0002771454455796629,0,0,train
3992,0.009050130844116211,0,0,unlabeled
3993,0.0005858184886164963,0,0,unlabeled
3994,0.002741623669862747,0,0,unlabeled
3995,0.0009262184030376375,0,0,unlabeled
3996,0.0025539498310536146,0,0,unlabeled
3997,0.891785204410553,1,1,unlabeled
3998,0.0011294950963929296,0,0,train
3999,0.0004874473961535841,0,0,unlabeled
4000,0.9440068006515503,1,1,unlabeled
4001,0.0008357465849258006,0,0,unlabeled
4002,0.00039643002673983574,0,0,unlabeled
4003,0.03647784888744354,0,0,train
4004,0.9948945045471191,1,1,unlabeled
4005,0.0009245459223166108,0,0,unlabeled
4006,0.9481663703918457,1,1,train
4007,0.22701895236968994,0,0,val
4008,0.9663400053977966,1,1,unlabeled
4009,6.185453094076365e-05,0,0,unlabeled
4010,0.0019123462261632085,0,0,unlabeled
4011,0.049542076885700226,0,0,train
4012,0.003992157056927681,0,0,train
4013,0.9608914256095886,1,1,train
4014,0.00018574605928733945,0,0,unlabeled
4015,0.0040223253890872,0,0,unlabeled
4016,0.9113059639930725,1,1,train
4017,0.0026496637146919966,0,0,unlabeled
4018,0.004183020908385515,0,0,unlabeled
4019,0.00025524600641801953,0,0,unlabeled
4020,0.0010935761965811253,0,0,unlabeled
4021,0.0002164790203096345,0,0,unlabeled
4022,0.0014637524727731943,0,0,unlabeled
4023,0.97971111536026,1,1,val
4024,0.0004677645629271865,0,0,unlabeled
4025,0.0007230530609376729,0,0,unlabeled
4026,0.25978854298591614,0,0,unlabeled
4027,0.00043375242967158556,0,0,unlabeled
4028,0.0019481852650642395,0,0,unlabeled
4029,0.0006120492471382022,0,0,unlabeled
4030,0.0020579337142407894,0,0,unlabeled
4031,0.017616162076592445,0,0,unlabeled
4032,0.0011232140241190791,0,0,unlabeled
4033,0.0017295517027378082,0,0,unlabeled
4034,0.005764680448919535,0,0,unlabeled
4035,0.972566545009613,1,1,unlabeled
4036,0.0037418229039758444,0,0,unlabeled
4037,0.001271087909117341,0,0,unlabeled
4038,0.0003298057126812637,0,0,unlabeled
4039,0.00822520349174738,0,0,unlabeled
4040,0.0011294950963929296,0,0,unlabeled
4041,0.00021020813437644392,0,0,unlabeled
4042,0.003046560101211071,0,0,unlabeled
4043,0.9820412397384644,1,1,unlabeled
4044,0.0007957807392813265,0,0,train
4045,0.9594284296035767,1,1,unlabeled
4046,0.006113801617175341,0,0,unlabeled
4047,0.004030928947031498,0,0,unlabeled
4048,0.0021247458644211292,0,0,unlabeled
4049,0.0005576533148996532,0,0,unlabeled
4050,0.00048806969425641,0,0,val
4051,0.0007334061665460467,0,0,train
4052,0.0018245200626552105,0,0,unlabeled
4053,0.0009066801285371184,0,0,unlabeled
4054,0.0027354650665074587,0,0,unlabeled
4055,0.0009726300486363471,0,0,unlabeled
4056,0.9555600881576538,1,1,unlabeled
4057,0.992973804473877,1,1,unlabeled
4058,0.9703412652015686,1,1,unlabeled
4059,0.04413380101323128,0,0,train
4060,0.0009951015235856175,0,0,unlabeled
4061,7.53791318857111e-05,0,0,unlabeled
4062,0.004459170624613762,0,0,unlabeled
4063,0.0005609446088783443,0,0,unlabeled
4064,0.0006988444365561008,0,0,unlabeled
4065,0.00031195429619401693,0,0,train
4066,0.0029640193097293377,0,0,train
4067,0.000155629517394118,0,0,unlabeled
4068,0.0006604745285585523,0,0,train
4069,0.004524738062173128,0,0,unlabeled
4070,0.0003695908235386014,0,0,unlabeled
4071,0.9907031059265137,1,1,unlabeled
4072,0.000962334917858243,0,0,train
4073,0.9922467470169067,1,1,unlabeled
4074,0.0004938262281939387,0,0,unlabeled
4075,0.00024674777523614466,0,0,unlabeled
4076,0.0010916595347225666,0,0,unlabeled
4077,0.0021109450608491898,0,0,val
4078,0.0006317023653537035,0,0,unlabeled
4079,0.0005051959888078272,0,0,unlabeled
4080,0.0019093187293037772,0,0,unlabeled
4081,0.0004786865320056677,0,0,train
4082,0.0009804429719224572,0,0,unlabeled
4083,0.00025149184511974454,0,0,unlabeled
4084,0.00019754728418774903,0,0,unlabeled
4085,0.0008338280022144318,0,0,unlabeled
4086,0.0023140073753893375,0,0,unlabeled
4087,3.752570410142653e-05,0,0,unlabeled
4088,0.0003606713144108653,0,0,unlabeled
4089,0.00039643002673983574,0,0,unlabeled
4090,0.0002025905851041898,0,0,unlabeled
4091,0.0016142429085448384,0,0,train
4092,0.0011892635375261307,0,0,unlabeled
4093,0.009018894284963608,0,0,unlabeled
4094,0.0007898143958300352,0,0,unlabeled
4095,0.9926895499229431,1,1,unlabeled
4096,0.001771875424310565,0,0,unlabeled
4097,0.005849855486303568,0,0,unlabeled
4098,0.0007148869335651398,0,0,unlabeled
4099,0.2964085638523102,0,0,unlabeled
4100,0.0007274476811289787,0,0,unlabeled
4101,0.03673947602510452,0,0,unlabeled
4102,0.027506673708558083,0,0,unlabeled
4103,0.0005912415799684823,0,0,unlabeled
4104,0.9725760817527771,1,1,unlabeled
4105,0.9624583721160889,1,1,unlabeled
4106,0.009255626238882542,0,0,unlabeled
4107,0.3359341025352478,0,0,unlabeled
4108,0.0002289729454787448,0,0,train
4109,0.0005712299607694149,0,0,unlabeled
4110,0.00021020813437644392,0,0,unlabeled
4111,0.0058221095241606236,0,0,unlabeled
4112,0.0001922007359098643,0,0,unlabeled
4113,0.00019083336519543082,0,0,unlabeled
4114,0.006253636442124844,0,0,unlabeled
4115,0.0007984855910763144,0,0,train
4116,0.00031007229699753225,0,0,unlabeled
4117,0.9797744154930115,1,1,unlabeled
4118,0.0011449139565229416,0,0,unlabeled
4119,0.002672529313713312,0,0,unlabeled
4120,0.0002742812503129244,0,0,unlabeled
4121,1.2407213034748565e-06,0,0,unlabeled
4122,0.0006899675354361534,0,0,val
4123,0.013601807877421379,0,0,unlabeled
4124,0.9694488644599915,1,1,unlabeled
4125,0.006394189782440662,0,0,val
4126,0.9860105514526367,1,1,unlabeled
4127,0.00036450751940719783,0,0,unlabeled
4128,0.9797990322113037,1,1,train
4129,0.001187711488455534,0,0,unlabeled
4130,0.2661418914794922,0,0,unlabeled
4131,0.00035017592017538846,0,0,unlabeled
4132,0.039053577929735184,0,0,unlabeled
4133,0.0003207979316357523,0,0,unlabeled
4134,0.00036788018769584596,0,0,unlabeled
4135,0.002102569444105029,0,0,unlabeled
4136,0.0005203629843890667,0,0,unlabeled
4137,0.0005372548475861549,0,0,unlabeled
4138,0.0012040266301482916,0,0,unlabeled
4139,0.008956994861364365,0,0,unlabeled
4140,0.00044066208647564054,0,0,unlabeled
4141,0.0004938262281939387,0,0,unlabeled
4142,0.9661738276481628,1,1,train
4143,0.0007125705596990883,0,0,unlabeled
4144,0.9643706679344177,1,1,unlabeled
4145,0.9893180727958679,1,1,unlabeled
4146,0.9869187474250793,1,1,unlabeled
4147,0.0020559397526085377,0,0,unlabeled
4148,0.001036325702443719,0,0,unlabeled
4149,0.9840025305747986,1,1,unlabeled
4150,0.0006899675354361534,0,0,unlabeled
4151,0.000544033304322511,0,0,unlabeled
4152,0.0001307739148614928,0,0,unlabeled
4153,0.0009323988342657685,0,0,unlabeled
4154,0.0005802346277050674,0,0,unlabeled
4155,0.0036779651418328285,0,0,unlabeled
4156,0.0009179888293147087,0,0,unlabeled
4157,0.0009043972240760922,0,0,unlabeled
4158,0.0004807124787475914,0,0,unlabeled
4159,0.0013189518358558416,0,0,unlabeled
4160,0.15811342000961304,0,0,train
4161,3.625277167884633e-05,0,0,unlabeled
4162,0.0024925321340560913,0,0,unlabeled
4163,0.9792444109916687,1,1,unlabeled
4164,0.00015926201012916863,0,0,unlabeled
4165,0.09567774087190628,0,0,unlabeled
4166,0.0002854643389582634,0,0,train
4167,0.8136054277420044,0,1,unlabeled
4168,0.9365676641464233,1,0,unlabeled
4169,0.9910001158714294,1,1,unlabeled
4170,0.0021235672757029533,0,0,unlabeled
4171,0.0003199979255441576,0,0,train
4172,0.9621722102165222,1,1,unlabeled
4173,0.9674054980278015,1,1,unlabeled
4174,0.0026307206135243177,0,0,unlabeled
4175,0.0005747360410168767,0,0,unlabeled
4176,0.005168145522475243,0,0,unlabeled
4177,0.007777171675115824,0,0,unlabeled
4178,0.9746144413948059,1,1,unlabeled
4179,0.004299181513488293,0,0,unlabeled
4180,0.046058446168899536,0,0,train
4181,0.9559123516082764,1,1,unlabeled
4182,0.00047976619680412114,0,0,unlabeled
4183,0.9903721809387207,1,1,unlabeled
4184,0.000551066012121737,0,0,unlabeled
4185,0.000410408538300544,0,0,unlabeled
4186,0.004459170624613762,0,0,unlabeled
4187,0.0003207979316357523,0,0,unlabeled
4188,0.0003298057126812637,0,0,unlabeled
4189,0.00015926201012916863,0,0,train
4190,0.006346608977764845,0,0,train
4191,0.9873387813568115,1,1,unlabeled
4192,0.00018169560644309968,0,0,val
4193,0.0021090845111757517,0,0,unlabeled
4194,0.0003274025802966207,0,0,unlabeled
4195,0.0011247413931414485,0,0,unlabeled
4196,0.9788987040519714,1,1,unlabeled
4197,0.0004517776542343199,0,0,unlabeled
4198,0.0002932959469035268,0,0,unlabeled
4199,0.0007665882585570216,0,0,unlabeled
4200,0.0004966749111190438,0,0,unlabeled
4201,0.0005362894153222442,0,0,val
4202,0.00029557812376879156,0,0,unlabeled
4203,0.0002579144202172756,0,0,unlabeled
4204,0.0011445911368355155,0,0,unlabeled
4205,0.9814240336418152,1,1,train
4206,0.00028713178471662104,0,0,train
4207,0.9813031554222107,1,1,unlabeled
4208,0.0011876729549840093,0,0,unlabeled
4209,0.9877138137817383,1,1,unlabeled
4210,0.0003298057126812637,0,0,unlabeled
4211,0.9789931774139404,1,1,unlabeled
4212,0.9426850080490112,1,1,val
4213,0.309345006942749,0,0,train
4214,0.0019484644290059805,0,0,unlabeled
4215,0.004459170624613762,0,0,unlabeled
4216,0.0010637084487825632,0,0,unlabeled
4217,0.0006120492471382022,0,0,unlabeled
4218,0.9402865171432495,1,0,unlabeled
4219,0.9760847687721252,1,1,val
4220,0.00011728359095286578,0,0,unlabeled
4221,0.00021020813437644392,0,0,unlabeled
4222,0.0011294950963929296,0,0,val
4223,0.00020250637317076325,0,0,unlabeled
4224,0.003683239221572876,0,0,train
4225,0.0018810119945555925,0,0,unlabeled
4226,0.37018001079559326,0,0,unlabeled
4227,0.9661391973495483,1,1,unlabeled
4228,0.0005498708342202008,0,0,unlabeled
4229,0.00046291807666420937,0,0,unlabeled
4230,0.0038278952706605196,0,0,unlabeled
4231,0.0001642081479076296,0,0,train
4232,0.9878377914428711,1,1,unlabeled
4233,0.0007413896964862943,0,0,unlabeled
4234,0.11657486855983734,0,0,unlabeled
4235,0.0002529179910197854,0,0,unlabeled
4236,0.034484416246414185,0,0,unlabeled
4237,0.007708773482590914,0,0,unlabeled
4238,0.0030417265370488167,0,0,unlabeled
4239,0.8378682732582092,1,1,unlabeled
4240,0.0027354650665074587,0,0,unlabeled
4241,0.0002932959469035268,0,0,unlabeled
4242,0.00037517864257097244,0,0,unlabeled
4243,0.0004938262281939387,0,0,unlabeled
4244,0.016736768186092377,0,0,unlabeled
4245,0.00017696891154628247,0,0,unlabeled
4246,0.0012862110743299127,0,0,unlabeled
4247,0.0015745058190077543,0,0,unlabeled
4248,0.0007939166971482337,0,0,unlabeled
4249,0.8783285021781921,1,1,unlabeled
4250,0.0014995485544204712,0,0,unlabeled
4251,0.0012285653501749039,0,0,unlabeled
4252,0.00027715598116628826,0,0,train
4253,0.0005208624643273652,0,0,train
4254,0.9681224822998047,1,1,unlabeled
4255,0.9734728336334229,1,1,val
4256,0.00018169560644309968,0,0,unlabeled
4257,0.00028449163073673844,0,0,unlabeled
4258,0.0008820611401461065,0,0,train
4259,0.9775118827819824,1,1,unlabeled
4260,1.9921897091990104e-06,0,0,unlabeled
4261,0.0021235672757029533,0,0,unlabeled
4262,0.001917798537760973,0,0,unlabeled
4263,0.9892499446868896,1,1,unlabeled
4264,0.000716078095138073,0,0,unlabeled
4265,0.00023342965869233012,0,0,unlabeled
4266,0.16992686688899994,0,0,unlabeled
4267,0.10690148174762726,0,0,unlabeled
4268,0.00045471711200661957,0,0,unlabeled
4269,0.0007175923092290759,0,0,unlabeled
4270,0.0008094689692370594,0,0,train
4271,0.0010935090249404311,0,0,unlabeled
4272,0.05620453134179115,0,0,train
4273,0.9681777954101562,1,1,unlabeled
4274,0.0037249133456498384,0,0,unlabeled
4275,0.00460704555734992,0,0,unlabeled
4276,0.0002299445477547124,0,0,unlabeled
4277,0.00027477723779156804,0,0,unlabeled
4278,0.9578043818473816,1,1,unlabeled
4279,0.0001735889818519354,0,0,unlabeled
4280,0.0004426017985679209,0,0,unlabeled
4281,0.0006994775030761957,0,0,unlabeled
4282,0.9655448198318481,1,1,train
4283,0.0006797920214012265,0,0,unlabeled
4284,0.0003579720505513251,0,0,unlabeled
4285,0.0004161210381425917,0,0,unlabeled
4286,0.001381584326736629,0,0,unlabeled
4287,0.0021235672757029533,0,0,unlabeled
4288,0.0035402150824666023,0,0,unlabeled
4289,0.005616852547973394,0,0,unlabeled
4290,0.9779386520385742,1,1,unlabeled
4291,0.0005724824732169509,0,0,unlabeled
4292,0.0003146370581816882,0,0,unlabeled
4293,0.004262191243469715,0,0,train
4294,0.9835647344589233,1,1,unlabeled
4295,0.007783285807818174,0,0,unlabeled
4296,0.0008450637687928975,0,0,unlabeled
4297,0.0008630838710814714,0,0,unlabeled
4298,0.0020854463800787926,0,0,val
4299,0.0005724824732169509,0,0,unlabeled
4300,0.0001959179644472897,0,0,unlabeled
4301,0.9814906120300293,1,1,unlabeled
4302,0.0005725657101720572,0,0,unlabeled
4303,0.04662889987230301,0,0,unlabeled
4304,0.0007261220598593354,0,0,unlabeled
4305,0.0006604745285585523,0,0,unlabeled
4306,0.047332219779491425,0,0,unlabeled
4307,0.0007818681187927723,0,0,unlabeled
4308,0.07442758232355118,0,0,unlabeled
4309,0.0013243600260466337,0,0,unlabeled
4310,0.0013608081499114633,0,0,unlabeled
4311,0.510560929775238,0,0,train
4312,0.001322070136666298,0,0,train
4313,0.9618794322013855,1,1,unlabeled
4314,0.9839403629302979,1,1,val
4315,0.8397296071052551,1,1,unlabeled
4316,0.005831384565681219,0,0,unlabeled
4317,0.001100138179026544,0,0,unlabeled
4318,0.0009354130015708506,0,0,unlabeled
4319,0.003046560101211071,0,0,val
4320,0.0002742812503129244,0,0,unlabeled
4321,0.00022729831107426435,0,0,unlabeled
4322,6.775939255021513e-05,0,0,unlabeled
4323,0.001459811581298709,0,0,train
4324,0.9698904752731323,1,1,train
4325,0.0026274097617715597,0,0,unlabeled
4326,0.0005498758400790393,0,0,train
4327,0.00041386825614608824,0,0,unlabeled
4328,0.003328053979203105,0,0,unlabeled
4329,0.001334496191702783,0,0,train
4330,0.00019754728418774903,0,0,unlabeled
4331,0.014579270035028458,0,0,train
4332,0.0011156708933413029,0,0,unlabeled
4333,0.0015154392458498478,0,0,val
4334,0.0003695908235386014,0,0,unlabeled
4335,0.0036931599024683237,0,0,unlabeled
4336,0.039296671748161316,0,0,unlabeled
4337,0.9673539400100708,1,1,unlabeled
4338,0.00044047695701010525,0,0,unlabeled
4339,0.000550419616047293,0,0,unlabeled
4340,0.9860649108886719,1,1,val
4341,0.0005863095284439623,0,0,unlabeled
4342,0.0011294946307316422,0,0,unlabeled
4343,0.0005847964785061777,0,0,unlabeled
4344,0.0019324622116982937,0,0,unlabeled
4345,0.9455998539924622,1,1,unlabeled
4346,0.0018768124282360077,0,0,unlabeled
4347,0.0007098682108335197,0,0,unlabeled
4348,0.0005843652179464698,0,0,unlabeled
4349,0.926063597202301,1,1,unlabeled
4350,0.0005275832372717559,0,0,unlabeled
4351,0.9788678884506226,1,1,unlabeled
4352,0.9588072896003723,1,1,unlabeled
4353,0.0005711194244213402,0,0,unlabeled
4354,0.9636238813400269,1,1,unlabeled
4355,0.9736504554748535,1,1,unlabeled
4356,0.06436745822429657,0,0,train
4357,0.0035717494320124388,0,0,unlabeled
4358,0.00659765861928463,0,0,unlabeled
4359,0.0005767205730080605,0,0,unlabeled
4360,0.04717010632157326,0,0,unlabeled
4361,0.0002531356003601104,0,0,val
4362,0.9718427062034607,1,1,unlabeled
4363,0.0011154949897900224,0,0,unlabeled
4364,0.002346032066270709,0,0,unlabeled
4365,0.003058255882933736,0,0,unlabeled
4366,0.000832534278742969,0,0,unlabeled
4367,0.008018453605473042,0,0,train
4368,0.001220024423673749,0,0,unlabeled
4369,0.01728375069797039,0,0,unlabeled
4370,0.12612630426883698,0,0,train
4371,0.002643094165250659,0,0,train
4372,0.0006159771583043039,0,0,train
4373,0.0014674159465357661,0,0,unlabeled
4374,0.0010644864523783326,0,0,unlabeled
4375,0.003328053979203105,0,0,unlabeled
4376,0.0017182733863592148,0,0,unlabeled
4377,0.007980984635651112,0,0,unlabeled
4378,0.0004517776542343199,0,0,unlabeled
4379,0.0003411511133890599,0,0,unlabeled
4380,0.8539882898330688,1,0,unlabeled
4381,0.0021219784393906593,0,0,unlabeled
4382,0.0005236586439423263,0,0,unlabeled
4383,0.00021020813437644392,0,0,train
4384,0.0020314750727266073,0,0,train
4385,0.0014877108624204993,0,0,unlabeled
4386,0.0008605967741459608,0,0,unlabeled
4387,0.0005579838179983199,0,0,train
4388,0.05550823733210564,0,0,train
4389,0.0010431607952341437,0,0,train
4390,0.002163401572033763,0,0,unlabeled
4391,0.00020250637317076325,0,0,unlabeled
4392,0.0007480115746147931,0,0,train
4393,0.0008322459761984646,0,0,train
4394,0.9894182085990906,1,1,unlabeled
4395,0.0004089048597961664,0,0,unlabeled
4396,0.0005609446088783443,0,0,unlabeled
4397,0.0005266630323603749,0,0,val
4398,0.00043375242967158556,0,0,unlabeled
4399,0.00020250637317076325,0,0,unlabeled
4400,0.0004946636036038399,0,0,unlabeled
4401,0.021986760199069977,0,0,unlabeled
4402,0.0005009233136661351,0,0,unlabeled
4403,0.00019754728418774903,0,0,train
4404,0.000860595959238708,0,0,unlabeled
4405,0.0002516595122870058,0,0,unlabeled
4406,0.036535926163196564,0,0,unlabeled
4407,0.001403728500008583,0,0,train
4408,0.01990099810063839,0,0,unlabeled
4409,0.0022649967577308416,0,0,train
4410,0.8363624811172485,1,1,unlabeled
4411,0.993954598903656,1,1,unlabeled
4412,0.0007297112024389207,0,0,val
4413,0.003046560101211071,0,0,unlabeled
4414,0.009979522787034512,0,0,train
4415,0.0003248605062253773,0,0,unlabeled
4416,0.00015926201012916863,0,0,unlabeled
4417,0.007709397468715906,0,0,unlabeled
4418,0.0005728681571781635,0,0,unlabeled
4419,0.0010507936822250485,0,0,unlabeled
4420,0.9655050039291382,1,1,unlabeled
4421,0.9463018178939819,1,1,unlabeled
4422,0.0009958668379113078,0,0,unlabeled
4423,0.003328053979203105,0,0,unlabeled
4424,0.5265828967094421,0,0,unlabeled
4425,0.971816897392273,1,1,unlabeled
4426,0.0009975957218557596,0,0,train
4427,0.9888766407966614,1,1,unlabeled
4428,0.0004786865320056677,0,0,unlabeled
4429,0.9282814264297485,1,1,train
4430,0.9901018142700195,1,1,train
4431,0.0008359298226423562,0,0,unlabeled
4432,0.9828971028327942,1,1,unlabeled
4433,0.000589318573474884,0,0,unlabeled
4434,0.0013710055500268936,0,0,unlabeled
4435,0.0020371743012219667,0,0,unlabeled
4436,0.00048238193267025054,0,0,unlabeled
4437,2.998315949298558e-06,0,0,unlabeled
4438,0.00039143903995864093,0,0,unlabeled
4439,0.00046137822209857404,0,0,unlabeled
4440,0.9747733473777771,1,1,unlabeled
4441,0.0017237648135051131,0,0,unlabeled
4442,0.00028953273431397974,0,0,unlabeled
4443,0.9809273481369019,1,1,unlabeled
4444,0.001195814460515976,0,0,unlabeled
4445,0.001236313721165061,0,0,unlabeled
4446,0.01026218757033348,0,0,unlabeled
4447,0.8128862977027893,0,0,unlabeled
4448,0.9752609133720398,1,1,unlabeled
4449,0.00012562396295834333,0,0,unlabeled
4450,0.0960683524608612,0,0,unlabeled
4451,0.0001642081479076296,0,0,unlabeled
4452,0.992544949054718,1,1,unlabeled
4453,0.002720349933952093,0,0,unlabeled
4454,0.0002779223141260445,0,0,unlabeled
4455,0.9588640928268433,1,1,unlabeled
4456,0.9840899109840393,1,1,val
4457,0.9893954396247864,1,1,unlabeled
4458,0.960393488407135,1,1,unlabeled
4459,0.0010695175733417273,0,0,unlabeled
4460,0.00015186090604402125,0,0,unlabeled
4461,0.9874288439750671,1,1,unlabeled
4462,0.0021015291567891836,0,0,unlabeled
4463,0.00024495224351994693,0,0,unlabeled
4464,0.009621871635317802,0,0,unlabeled
4465,0.9724324941635132,1,1,unlabeled
4466,0.00502829160541296,0,0,unlabeled
4467,0.0020094451028853655,0,0,unlabeled
4468,0.0004822225891984999,0,0,train
4469,0.0012975989375263453,0,0,unlabeled
4470,0.2673591375350952,0,0,unlabeled
4471,0.0010596264619380236,0,0,unlabeled
4472,0.008107990957796574,0,0,unlabeled
4473,0.011560387909412384,0,0,unlabeled
4474,0.003289275337010622,0,0,unlabeled
4475,0.00011707900557667017,0,0,unlabeled
4476,0.0004647992900572717,0,0,train
4477,0.0002529182529542595,0,0,train
4478,0.04551583155989647,0,0,train
4479,0.001381584326736629,0,0,unlabeled
4480,0.9539421796798706,1,1,unlabeled
4481,0.000533057376742363,0,0,unlabeled
4482,0.00017263311019632965,0,0,unlabeled
4483,0.00043650061707012355,0,0,unlabeled
4484,6.775939255021513e-05,0,0,unlabeled
4485,0.022066248580813408,0,0,unlabeled
4486,0.9660242795944214,1,1,val
4487,0.0012991336407139897,0,0,unlabeled
4488,0.0004713446251116693,0,0,unlabeled
4489,0.010310119949281216,0,0,unlabeled
4490,0.972582221031189,1,1,unlabeled
4491,0.00012544344644993544,0,0,train
4492,0.000673590344376862,0,0,train
4493,0.9823054075241089,1,1,train
4494,0.00039982362068258226,0,0,train
4495,0.0008110142080113292,0,0,val
4496,0.0005953784566372633,0,0,unlabeled
4497,0.0001642081479076296,0,0,train
4498,0.0008649324299767613,0,0,unlabeled
4499,0.0008674922282807529,0,0,unlabeled
4500,0.0006258180364966393,0,0,unlabeled
4501,0.0012786686420440674,0,0,unlabeled
4502,0.0008931374759413302,0,0,unlabeled
4503,0.09534530341625214,0,0,unlabeled
4504,0.04332542419433594,0,0,unlabeled
4505,0.002180749084800482,0,0,val
4506,0.0010392209514975548,0,0,unlabeled
4507,0.9899100661277771,1,1,unlabeled
4508,0.0021247598342597485,0,0,unlabeled
4509,0.9787286520004272,1,1,unlabeled
4510,0.0022167798597365618,0,0,unlabeled
4511,0.0020084832794964314,0,0,unlabeled
4512,0.9950616955757141,1,1,unlabeled
4513,0.9515477418899536,1,1,unlabeled
4514,0.0008454705239273608,0,0,unlabeled
4515,0.0014044424751773477,0,0,unlabeled
4516,0.006729459390044212,0,0,unlabeled
4517,0.0004677645629271865,0,0,unlabeled
4518,0.9688679575920105,1,1,unlabeled
4519,0.0006242096424102783,0,0,unlabeled
4520,0.0010558661306276917,0,0,unlabeled
4521,0.9604544043540955,1,0,unlabeled
4522,0.9676581025123596,1,0,unlabeled
4523,0.0010711621725931764,0,0,unlabeled
4524,0.0007041680510155857,0,0,unlabeled
4525,0.0005333404405973852,0,0,val
4526,0.0007821386680006981,0,0,unlabeled
4527,0.0002529179910197854,0,0,unlabeled
4528,0.00046048781950958073,0,0,val
4529,0.00767435971647501,0,0,unlabeled
4530,0.0001539830700494349,0,0,unlabeled
4531,0.9876276254653931,1,1,unlabeled
4532,0.0039338599890470505,0,0,unlabeled
4533,0.9791960716247559,1,1,unlabeled
4534,0.9630410075187683,1,1,train
4535,0.020714379847049713,0,0,train
4536,0.00031955953454598784,0,0,unlabeled
4537,0.0016678815009072423,0,0,unlabeled
4538,0.05556909367442131,0,0,unlabeled
4539,0.002717449562624097,0,0,val
4540,0.9701818823814392,1,1,unlabeled
4541,0.0005967373144812882,0,0,unlabeled
4542,0.001086832256987691,0,0,unlabeled
4543,0.0006508714286610484,0,0,unlabeled
4544,0.002306804759427905,0,0,unlabeled
4545,0.0001963516406249255,0,0,unlabeled
4546,0.9725344777107239,1,1,unlabeled
4547,0.00048452356713823974,0,0,unlabeled
4548,0.0008918669773265719,0,0,unlabeled
4549,0.10676160454750061,0,0,unlabeled
4550,0.8739617466926575,1,1,train
4551,0.0006932839169166982,0,0,unlabeled
4552,0.9484788775444031,1,1,unlabeled
4553,0.0035862543154507875,0,0,unlabeled
4554,0.0006130762048996985,0,0,train
4555,0.000958687742240727,0,0,unlabeled
4556,0.0011259521124884486,0,0,unlabeled
4557,0.9907228350639343,1,1,train
4558,0.002801586175337434,0,0,train
4559,0.002083755098283291,0,0,train
4560,0.0007671592757105827,0,0,unlabeled
4561,0.968393862247467,1,1,unlabeled
4562,0.9820354580879211,1,1,unlabeled
4563,0.0005711194244213402,0,0,unlabeled
4564,0.9579524993896484,1,1,unlabeled
4565,0.0015343079576268792,0,0,unlabeled
4566,0.001244037295691669,0,0,unlabeled
4567,0.0008903997368179262,0,0,unlabeled
4568,0.0008769074338488281,0,0,unlabeled
4569,0.0004932726733386517,0,0,unlabeled
4570,0.0009092080290429294,0,0,unlabeled
4571,0.03544100373983383,0,0,unlabeled
4572,0.0004701850994024426,0,0,unlabeled
4573,0.8812808394432068,1,1,unlabeled
4574,0.00024674777523614466,0,0,unlabeled
4575,0.0005724824732169509,0,0,val
4576,0.0003402046859264374,0,0,unlabeled
4577,0.9968501925468445,1,1,unlabeled
4578,0.00031126977410167456,0,0,unlabeled
4579,0.001234473311342299,0,0,train
4580,0.0006390156922861934,0,0,unlabeled
4581,0.9819158315658569,1,1,unlabeled
4582,0.0006317023653537035,0,0,unlabeled
4583,0.0002526206080801785,0,0,unlabeled
4584,0.0024018187541514635,0,0,val
4585,0.9699953198432922,1,1,unlabeled
4586,0.00048801806406117976,0,0,unlabeled
4587,0.003212269162759185,0,0,unlabeled
4588,0.9860461354255676,1,1,train
4589,0.974140465259552,1,1,unlabeled
4590,0.0035862543154507875,0,0,train
4591,0.0007723387097939849,0,0,train
4592,0.0003356474335305393,0,0,unlabeled
4593,0.19865632057189941,0,0,unlabeled
4594,0.9904636144638062,1,1,unlabeled
4595,0.001149105723015964,0,0,unlabeled
4596,0.007470420096069574,0,0,unlabeled
4597,0.0017064110143110156,0,0,unlabeled
4598,0.018885783851146698,0,0,unlabeled
4599,0.00031323518487624824,0,0,unlabeled
4600,0.0019614421762526035,0,0,train
4601,0.0019189916783943772,0,0,unlabeled
4602,0.10523104667663574,0,0,unlabeled
4603,0.6971837282180786,0,0,unlabeled
4604,0.01553107239305973,0,0,unlabeled
4605,0.9427779316902161,1,0,unlabeled
4606,0.0004053602460771799,0,0,unlabeled
4607,0.0009865302126854658,0,0,unlabeled
4608,0.9263282418251038,1,1,unlabeled
4609,0.005396406631916761,0,0,unlabeled
4610,0.37089142203330994,0,0,unlabeled
4611,0.0014324609655886889,0,0,unlabeled
4612,0.0008359298226423562,0,0,unlabeled
4613,0.0463021844625473,0,0,unlabeled
4614,0.9758720397949219,1,1,unlabeled
4615,0.06340784579515457,0,0,unlabeled
4616,0.9393758177757263,1,1,unlabeled
4617,0.0021857053507119417,0,0,unlabeled
4618,0.9778321385383606,1,1,train
4619,0.0021722286473959684,0,0,train
4620,0.8521175384521484,1,1,train
4621,0.0015343079576268792,0,0,unlabeled
4622,0.0012305726995691657,0,0,train
4623,0.0005724824732169509,0,0,unlabeled
4624,0.9847448468208313,1,1,unlabeled
4625,0.003468591719865799,0,0,unlabeled
4626,0.014638061635196209,0,0,unlabeled
4627,0.10122793167829514,0,0,unlabeled
4628,0.00024905437021516263,0,0,unlabeled
4629,0.006827931385487318,0,0,unlabeled
4630,0.0008096911478787661,0,0,unlabeled
4631,0.06937264651060104,0,0,train
4632,0.987854540348053,1,1,unlabeled
4633,0.00046363749424926937,0,0,unlabeled
4634,0.0035862543154507875,0,0,unlabeled
4635,0.004419918172061443,0,0,unlabeled
4636,0.8561227321624756,1,1,train
4637,0.0024925321340560913,0,0,unlabeled
4638,0.009800303727388382,0,0,unlabeled
4639,0.00132066011428833,0,0,unlabeled
4640,0.00038105007843114436,0,0,unlabeled
4641,0.0017040465027093887,0,0,unlabeled
4642,0.9764190316200256,1,1,unlabeled
4643,0.03265412524342537,0,0,unlabeled
4644,0.0006097767036408186,0,0,unlabeled
4645,0.0015727960271760821,0,0,unlabeled
4646,0.00038387870881706476,0,0,unlabeled
4647,0.0007593083428218961,0,0,unlabeled
4648,0.977009117603302,1,1,unlabeled
4649,0.0004024591762572527,0,0,unlabeled
4650,0.1592317372560501,0,0,unlabeled
4651,0.9583459496498108,1,1,unlabeled
4652,0.00042899715481325984,0,0,unlabeled
4653,0.0009223760571330786,0,0,train
4654,0.9767411947250366,1,1,unlabeled
4655,0.0008751758141443133,0,0,unlabeled
4656,0.09636646509170532,0,0,train
4657,0.0009951688116416335,0,0,unlabeled
4658,0.9906625151634216,1,1,unlabeled
4659,0.005665181204676628,0,0,unlabeled
4660,0.8504310250282288,1,1,unlabeled
4661,0.8980037569999695,1,1,unlabeled
4662,0.0010547377169132233,0,0,unlabeled
4663,0.9876723885536194,1,1,unlabeled
4664,0.00019063022045884281,0,0,unlabeled
4665,0.9806448817253113,1,1,unlabeled
4666,0.002492530969902873,0,0,unlabeled
4667,0.0009017547708936036,0,0,unlabeled
4668,0.0006787999300286174,0,0,unlabeled
4669,0.0002086860331473872,0,0,unlabeled
4670,0.0024861099664121866,0,0,unlabeled
4671,0.027940621599555016,0,0,unlabeled
4672,0.0012842316646128893,0,0,unlabeled
4673,0.0016375756822526455,0,0,unlabeled
4674,0.0009882658487185836,0,0,unlabeled
4675,0.0011962114367634058,0,0,unlabeled
4676,0.0009944906923919916,0,0,unlabeled
4677,0.0004048717091791332,0,0,val
4678,0.0017812728183344007,0,0,train
4679,0.002724070567637682,0,0,train
4680,0.0005387974670156837,0,0,unlabeled
4681,0.0011294950963929296,0,0,unlabeled
4682,0.0012566880322992802,0,0,train
4683,0.788019597530365,0,0,unlabeled
4684,0.0001539830700494349,0,0,unlabeled
4685,0.9895820617675781,1,1,unlabeled
4686,0.9738576412200928,1,1,unlabeled
4687,0.9879939556121826,1,1,unlabeled
4688,0.035485826432704926,0,0,unlabeled
4689,0.00014967676543164998,0,0,train
4690,0.9866769313812256,1,1,unlabeled
4691,0.048280928283929825,0,0,unlabeled
4692,0.0036254830192774534,0,0,unlabeled
4693,0.0010119013022631407,0,0,unlabeled
4694,0.00010100213694386184,0,0,unlabeled
4695,0.0009330394677817822,0,0,unlabeled
4696,0.9835733771324158,1,1,unlabeled
4697,0.0014757525641471148,0,0,unlabeled
4698,0.9838398098945618,1,1,unlabeled
4699,0.0005034678033553064,0,0,unlabeled
4700,0.00041446086834184825,0,0,unlabeled
4701,0.8476190567016602,1,0,unlabeled
4702,0.0008937559323385358,0,0,train
4703,0.0005016230279579759,0,0,unlabeled
4704,0.0005855921190232038,0,0,unlabeled
4705,0.9713627696037292,1,1,unlabeled
4706,0.9883198738098145,1,1,unlabeled
4707,0.0005236811120994389,0,0,unlabeled
4708,0.001544032245874405,0,0,unlabeled
4709,0.9849523901939392,1,1,unlabeled
4710,0.0008107561152428389,0,0,unlabeled
4711,0.0009555834694765508,0,0,unlabeled
4712,0.0004528307472355664,0,0,unlabeled
4713,0.0003417301631998271,0,0,unlabeled
4714,3.616825779317878e-06,0,0,unlabeled
4715,0.907649576663971,1,1,unlabeled
4716,0.0004650957998819649,0,0,unlabeled
4717,0.0029240434523671865,0,0,unlabeled
4718,0.0001800482568796724,0,0,train
4719,0.13244076073169708,0,0,unlabeled
4720,0.0027377335354685783,0,0,train
4721,0.0009609432891011238,0,0,unlabeled
4722,0.03410081937909126,0,0,unlabeled
4723,0.0005728681571781635,0,0,val
4724,0.0007513783639296889,0,0,unlabeled
4725,0.00044146014261059463,0,0,val
4726,0.002492530969902873,0,0,unlabeled
4727,0.9591334462165833,1,1,train
4728,0.9627002477645874,1,1,unlabeled
4729,0.9766426086425781,1,1,unlabeled
4730,0.962469756603241,1,1,val
4731,0.0007871842244639993,0,0,unlabeled
4732,0.0006052874377928674,0,0,unlabeled
4733,0.9901860952377319,1,1,unlabeled
4734,0.002771704690530896,0,0,unlabeled
4735,0.0019614598713815212,0,0,unlabeled
4736,0.00020250637317076325,0,0,val
4737,0.0008842882234603167,0,0,unlabeled
4738,0.006988854613155127,0,0,unlabeled
4739,0.004459174815565348,0,0,unlabeled
4740,0.000807801028713584,0,0,unlabeled
4741,0.000897541583981365,0,0,unlabeled
4742,0.0007002985221333802,0,0,val
4743,0.9779838919639587,1,1,unlabeled
4744,0.0005711194244213402,0,0,unlabeled
4745,0.0004488500999286771,0,0,unlabeled
4746,0.0006808076868765056,0,0,unlabeled
4747,0.9809736609458923,1,1,unlabeled
4748,0.8778596520423889,1,1,unlabeled
4749,0.0057543315924704075,0,0,unlabeled
4750,0.9891670942306519,1,1,unlabeled
4751,0.9951702952384949,1,1,unlabeled
4752,0.000332254363456741,0,0,val
4753,0.0045319111086428165,0,0,unlabeled
4754,0.0018152575939893723,0,0,unlabeled
4755,0.004939407575875521,0,0,unlabeled
4756,0.0010759225115180016,0,0,unlabeled
4757,0.9807521104812622,1,1,unlabeled
4758,0.0020084832794964314,0,0,unlabeled
4759,0.0038283606991171837,0,0,train
4760,0.08512882143259048,0,0,unlabeled
4761,0.0021144815254956484,0,0,unlabeled
4762,0.0002604333858471364,0,0,unlabeled
4763,0.00015926201012916863,0,0,train
4764,0.005749302916228771,0,0,unlabeled
4765,0.033955663442611694,0,0,unlabeled
4766,0.002827065298333764,0,0,unlabeled
4767,0.0015888989437371492,0,0,val
4768,0.0010043751681223512,0,0,unlabeled
4769,0.979308545589447,1,1,unlabeled
4770,0.00350949983112514,0,0,unlabeled
4771,0.0004356814024504274,0,0,unlabeled
4772,0.0011892635375261307,0,0,unlabeled
4773,0.9492954611778259,1,1,unlabeled
4774,0.0024018187541514635,0,0,unlabeled
4775,0.08441191911697388,0,0,unlabeled
4776,0.0009155056322924793,0,0,unlabeled
4777,0.0005204416229389608,0,0,unlabeled
4778,0.007021409925073385,0,0,unlabeled
4779,0.0003298057126812637,0,0,unlabeled
4780,4.913335942546837e-05,0,0,unlabeled
4781,0.00017972973000723869,0,0,train
4782,0.006427840795367956,0,0,unlabeled
4783,0.0005372548475861549,0,0,unlabeled
4784,0.0006507944781333208,0,0,val
4785,0.0005559829296544194,0,0,unlabeled
4786,0.003328053979203105,0,0,unlabeled
4787,0.9845929741859436,1,1,train
4788,0.00034164905082434416,0,0,train
4789,0.00025200381060130894,0,0,unlabeled
4790,0.0006136494339443743,0,0,unlabeled
4791,0.9723575115203857,1,1,unlabeled
4792,0.004459170624613762,0,0,unlabeled
4793,0.0008918669773265719,0,0,unlabeled
4794,0.004459170624613762,0,0,unlabeled
4795,2.4840051082719583e-06,0,0,unlabeled
4796,0.9742084741592407,1,1,unlabeled
4797,0.003047787118703127,0,0,unlabeled
4798,0.003503706306219101,0,0,unlabeled
4799,0.05750097706913948,0,0,unlabeled
4800,0.9876277446746826,1,1,train
4801,0.0020840959623456,0,0,val
4802,0.3025115728378296,0,0,unlabeled
4803,0.0009922906756401062,0,0,train
4804,0.00039126499905250967,0,0,train
4805,0.007549119647592306,0,0,unlabeled
4806,0.00031994396704249084,0,0,train
4807,0.9511749744415283,1,1,unlabeled
4808,0.0035862543154507875,0,0,unlabeled
4809,0.00019063022045884281,0,0,unlabeled
4810,0.0007408867822960019,0,0,unlabeled
4811,0.9651347994804382,1,1,unlabeled
4812,0.9867291450500488,1,1,unlabeled
4813,0.00037643921677954495,0,0,unlabeled
4814,0.1245616152882576,0,0,unlabeled
4815,0.9918164610862732,1,1,unlabeled
4816,0.9534481167793274,1,1,unlabeled
4817,0.9649422764778137,1,1,unlabeled
4818,0.9806950092315674,1,1,train
4819,0.848972737789154,1,1,train
4820,0.06201864406466484,0,0,unlabeled
4821,0.0006093127885833383,0,0,unlabeled
4822,0.0006381323328241706,0,0,unlabeled
4823,0.018730618059635162,0,0,unlabeled
4824,0.001022090669721365,0,0,unlabeled
4825,0.0012518531875684857,0,0,unlabeled
4826,0.00011601079313550144,0,0,unlabeled
4827,0.0012309977319091558,0,0,val
4828,0.0004106505948584527,0,0,unlabeled
4829,0.9847614765167236,1,1,unlabeled
4830,0.038739580661058426,0,0,unlabeled
4831,0.04945695772767067,0,0,unlabeled
4832,0.9900162816047668,1,1,unlabeled
4833,0.0031388497445732355,0,0,unlabeled
4834,0.9920851588249207,1,1,unlabeled
4835,0.0020393477752804756,0,0,unlabeled
4836,0.06634320318698883,0,0,unlabeled
4837,0.0008889866294339299,0,0,unlabeled
4838,0.0005905390135012567,0,0,unlabeled
4839,0.0006608069525100291,0,0,unlabeled
4840,0.0004792574909515679,0,0,unlabeled
4841,0.00015926201012916863,0,0,unlabeled
4842,0.000743137497920543,0,0,unlabeled
4843,0.0004139757947996259,0,0,unlabeled
4844,0.0017670636298134923,0,0,train
4845,0.0005096743698231876,0,0,unlabeled
4846,0.04982263594865799,0,0,train
4847,0.004350844770669937,0,0,unlabeled
4848,0.0024066073819994926,0,0,unlabeled
4849,0.9690653085708618,1,1,unlabeled
4850,0.9924782514572144,1,1,unlabeled
4851,0.0028527523390948772,0,0,unlabeled
4852,6.775939255021513e-05,0,0,train
4853,0.001201143953949213,0,0,unlabeled
4854,0.9848119020462036,1,1,unlabeled
4855,0.0006719019147567451,0,0,unlabeled
4856,0.0003681942180264741,0,0,unlabeled
4857,0.002133052097633481,0,0,unlabeled
4858,0.9846163988113403,1,1,val
4859,0.007378935348242521,0,0,train
4860,0.011876813136041164,0,0,unlabeled
4861,0.05032943934202194,0,0,unlabeled
4862,0.9738523364067078,1,1,unlabeled
4863,0.9891196489334106,1,1,unlabeled
4864,0.9679466485977173,1,1,unlabeled
4865,0.037624601274728775,0,0,unlabeled
4866,0.0021235672757029533,0,0,unlabeled
4867,0.000829412485472858,0,0,unlabeled
4868,0.9837354421615601,1,1,unlabeled
4869,0.0005668238736689091,0,0,unlabeled
4870,0.232829287648201,0,0,unlabeled
4871,0.0007837292505428195,0,0,train
4872,0.0005612045642919838,0,0,train
4873,0.9507920145988464,1,1,val
4874,0.0012527770595625043,0,0,val
4875,0.0005203629843890667,0,0,unlabeled
4876,0.973886251449585,1,1,unlabeled
4877,0.00042640985338948667,0,0,unlabeled
4878,0.0005728681571781635,0,0,train
4879,0.0010814416455104947,0,0,unlabeled
4880,0.0031388497445732355,0,0,unlabeled
4881,0.00022790374350734055,0,0,unlabeled
4882,0.0005431636236608028,0,0,unlabeled
4883,0.0008648525108583272,0,0,unlabeled
4884,0.05191369727253914,0,0,unlabeled
4885,0.0002857782819774002,0,0,unlabeled
4886,0.0012825557496398687,0,0,unlabeled
4887,0.8830521702766418,1,1,unlabeled
4888,0.1875254213809967,0,0,train
4889,0.0011596201220527291,0,0,unlabeled
4890,0.03974246233701706,0,0,unlabeled
4891,0.003328053979203105,0,0,unlabeled
4892,0.002108191605657339,0,0,unlabeled
4893,0.9756591320037842,1,1,train
4894,0.9834851622581482,1,1,unlabeled
4895,0.0015801641857251525,0,0,unlabeled
4896,0.0024018187541514635,0,0,unlabeled
4897,0.00416652113199234,0,0,unlabeled
4898,0.003212766954675317,0,0,unlabeled
4899,0.9816824197769165,1,1,unlabeled
4900,0.006467655301094055,0,0,unlabeled
4901,0.0044591729529201984,0,0,unlabeled
4902,0.0005252159899100661,0,0,unlabeled
4903,0.006575658917427063,0,0,unlabeled
4904,0.0010375753045082092,0,0,train
4905,0.0010005863150581717,0,0,unlabeled
4906,0.0009101753239519894,0,0,train
4907,0.0024925321340560913,0,0,unlabeled
4908,0.0005728681571781635,0,0,unlabeled
4909,0.00024674777523614466,0,0,unlabeled
4910,0.0012249693972989917,0,0,unlabeled
4911,0.0012314397608861327,0,0,unlabeled
4912,9.087413673114497e-06,0,0,unlabeled
4913,0.0009188941330648959,0,0,unlabeled
4914,0.0002529179910197854,0,0,val
4915,0.9859629273414612,1,1,unlabeled
4916,0.9863302707672119,1,1,train
4917,0.002815264742821455,0,0,train
4918,0.987424910068512,1,1,unlabeled
4919,0.00848332978785038,0,0,unlabeled
4920,0.0005568651249632239,0,0,train
4921,0.0685243085026741,0,0,unlabeled
4922,0.1352197229862213,0,0,unlabeled
4923,0.0005278271855786443,0,0,train
4924,0.0004909586859866977,0,0,unlabeled
4925,0.0023473429027944803,0,0,val
4926,0.0004548138240352273,0,0,unlabeled
4927,0.00041319732554256916,0,0,train
4928,0.00031955953454598784,0,0,train
4929,0.04538829252123833,0,0,val
4930,0.001100138179026544,0,0,train
4931,0.00036148648359812796,0,0,unlabeled
4932,0.00019754728418774903,0,0,unlabeled
4933,0.0007373603875748813,0,0,val
4934,5.834186595166102e-05,0,0,unlabeled
4935,0.9588499665260315,1,1,unlabeled
4936,0.007335805334150791,0,0,train
4937,0.9701229929924011,1,1,unlabeled
4938,0.0011409008875489235,0,0,unlabeled
4939,0.00212474656291306,0,0,unlabeled
4940,0.0005635469569824636,0,0,unlabeled
4941,0.0006463852478191257,0,0,unlabeled
4942,0.9822759628295898,1,1,unlabeled
4943,0.0013586889253929257,0,0,train
4944,0.013382802717387676,0,0,unlabeled
4945,0.0011745900847017765,0,0,unlabeled
4946,0.2372620850801468,0,0,unlabeled
4947,0.000533057376742363,0,0,unlabeled
4948,0.0007795164710842073,0,0,unlabeled
4949,0.9120545387268066,1,0,unlabeled
4950,0.0004966749111190438,0,0,unlabeled
4951,0.007783285807818174,0,0,unlabeled
4952,0.00034077107557095587,0,0,train
4953,0.0005747360410168767,0,0,unlabeled
4954,0.9794597029685974,1,1,unlabeled
4955,0.00041169574251398444,0,0,unlabeled
4956,0.0020569171756505966,0,0,unlabeled
4957,0.0018869685009121895,0,0,unlabeled
4958,0.05478014424443245,0,0,unlabeled
4959,0.0004941661609336734,0,0,val
4960,0.0018152575939893723,0,0,unlabeled
4961,0.0006217432674020529,0,0,val
4962,0.916978657245636,1,1,unlabeled
4963,0.9639266133308411,1,1,unlabeled
4964,0.0024018187541514635,0,0,train
4965,0.9565933346748352,1,1,unlabeled
4966,0.8211172819137573,0,0,unlabeled
4967,0.863568902015686,1,1,unlabeled
4968,0.0007280750432983041,0,0,unlabeled
4969,0.9715847373008728,1,1,unlabeled
4970,0.0021235672757029533,0,0,unlabeled
4971,0.0002932959469035268,0,0,unlabeled
4972,0.0469290092587471,0,0,train
4973,0.9628358483314514,1,1,unlabeled
4974,0.004478135146200657,0,0,unlabeled
4975,0.004124544095247984,0,0,unlabeled
4976,0.0004392301489133388,0,0,unlabeled
4977,0.0004233823565300554,0,0,unlabeled
4978,0.0001800482568796724,0,0,unlabeled
4979,0.9836367964744568,1,1,train
4980,0.0033408072777092457,0,0,unlabeled
4981,0.00042640985338948667,0,0,train
4982,0.0006136125302873552,0,0,unlabeled
4983,0.9837386608123779,1,1,train
4984,0.9208142757415771,1,1,unlabeled
4985,0.9565570950508118,1,0,unlabeled
4986,0.0010726843029260635,0,0,unlabeled
4987,0.0187878105789423,0,0,unlabeled
4988,0.0024925321340560913,0,0,val
4989,0.9844881296157837,1,1,val
4990,0.0004016397288069129,0,0,unlabeled
4991,0.0014183417661115527,0,0,unlabeled
4992,0.0024925321340560913,0,0,unlabeled
4993,0.07354259490966797,0,0,unlabeled
4994,0.0007148869335651398,0,0,val
4995,0.0007818681187927723,0,0,unlabeled
4996,0.00395578145980835,0,0,unlabeled
4997,0.003350913757458329,0,0,unlabeled
4998,0.010781612247228622,0,0,unlabeled
4999,0.004795164335519075,0,0,unlabeled
5000,0.0028878627344965935,0,0,unlabeled
5001,0.0015879612183198333,0,0,unlabeled
5002,0.0044591729529201984,0,0,unlabeled
5003,0.002340124687179923,0,0,unlabeled
5004,0.0002784694661386311,0,0,unlabeled
5005,0.0013375066919252276,0,0,unlabeled
5006,0.0004760210867971182,0,0,unlabeled
5007,0.00970287062227726,0,0,train
5008,0.00030290987342596054,0,0,train
5009,0.004459170624613762,0,0,unlabeled
5010,0.0006307779694907367,0,0,train
5011,0.08498437702655792,0,0,unlabeled
5012,0.05531559884548187,0,0,train
5013,0.8364281058311462,1,1,unlabeled
5014,1.9947874818626588e-07,0,0,unlabeled
5015,0.000432527536759153,0,0,unlabeled
5016,0.0005370369763113558,0,0,unlabeled
5017,0.0012349854223430157,0,0,unlabeled
5018,0.9791396856307983,1,1,unlabeled
5019,0.99234938621521,1,1,unlabeled
5020,0.0016142429085448384,0,0,train
5021,0.0010597429936751723,0,0,unlabeled
5022,0.00042957294499501586,0,0,unlabeled
5023,0.0004217175592202693,0,0,unlabeled
5024,0.6905985474586487,0,0,unlabeled
5025,0.0004146098508499563,0,0,unlabeled
5026,0.0011078279931098223,0,0,unlabeled
5027,0.0017400308279320598,0,0,unlabeled
5028,0.0013990845764055848,0,0,unlabeled
5029,0.0007103490643203259,0,0,unlabeled
5030,0.0007244939333759248,0,0,unlabeled
5031,0.9742022156715393,1,1,unlabeled
5032,0.028390802443027496,0,0,unlabeled
5033,0.98699551820755,1,1,train
5034,0.0029640179127454758,0,0,unlabeled
5035,0.00196673721075058,0,0,unlabeled
5036,0.002834681188687682,0,0,unlabeled
5037,0.009526816196739674,0,0,unlabeled
5038,0.0004792570252902806,0,0,unlabeled
5039,0.04398800805211067,0,0,unlabeled
5040,0.00015926201012916863,0,0,train
5041,0.0010297450935468078,0,0,unlabeled
5042,0.000534043472725898,0,0,train
5043,0.0003236875927541405,0,0,unlabeled
5044,0.0009448846685700119,0,0,unlabeled
5045,0.00031323518487624824,0,0,unlabeled
5046,0.003660086076706648,0,0,unlabeled
5047,0.00047976619680412114,0,0,unlabeled
5048,0.0013569928705692291,0,0,unlabeled
5049,0.0004843649221584201,0,0,unlabeled
5050,0.0007898143958300352,0,0,unlabeled
5051,0.0007508743437938392,0,0,unlabeled
5052,0.0005711194244213402,0,0,unlabeled
5053,0.18748004734516144,0,0,unlabeled
5054,0.0024018187541514635,0,0,unlabeled
5055,0.0021235672757029533,0,0,unlabeled
5056,0.0005275832372717559,0,0,unlabeled
5057,0.00026517821243032813,0,0,unlabeled
5058,0.00010984146501868963,0,0,unlabeled
5059,0.002103676088154316,0,0,unlabeled
5060,0.979367733001709,1,1,train
5061,0.9862033128738403,1,1,unlabeled
5062,0.9806988835334778,1,1,train
5063,0.0024925321340560913,0,0,unlabeled
5064,0.00042640985338948667,0,0,train
5065,0.0010879624169319868,0,0,train
5066,0.9863545298576355,1,1,unlabeled
5067,0.003964636009186506,0,0,unlabeled
5068,0.00023558776592835784,0,0,unlabeled
5069,0.09193092584609985,0,0,unlabeled
5070,0.00011751476267818362,0,0,unlabeled
5071,0.8812457323074341,1,1,unlabeled
5072,0.0007546317647211254,0,0,unlabeled
5073,0.0019879427272826433,0,0,train
5074,0.0012147952802479267,0,0,train
5075,0.9696694016456604,1,1,val
5076,0.0002854643389582634,0,0,val
5077,0.003328053979203105,0,0,unlabeled
5078,0.9764226675033569,1,1,unlabeled
5079,0.00037400040309876204,0,0,unlabeled
5080,0.00035676005063578486,0,0,unlabeled
5081,0.002066772896796465,0,0,unlabeled
5082,0.9502678513526917,1,1,unlabeled
5083,0.0039625223726034164,0,0,unlabeled
5084,0.0016845311038196087,0,0,unlabeled
5085,0.0007711164653301239,0,0,unlabeled
5086,0.04688050597906113,0,0,unlabeled
5087,0.0004142525140196085,0,0,unlabeled
5088,0.004459174815565348,0,0,unlabeled
5089,0.04256969690322876,0,0,unlabeled
5090,0.9752724766731262,1,1,unlabeled
5091,0.0011864184634760022,0,0,val
5092,0.9848158359527588,1,1,unlabeled
5093,0.00048176615382544696,0,0,unlabeled
5094,0.00019063022045884281,0,0,unlabeled
5095,0.0002041295520029962,0,0,unlabeled
5096,0.0005711194244213402,0,0,unlabeled
5097,0.000689737091306597,0,0,unlabeled
5098,0.0008238726877607405,0,0,unlabeled
5099,0.9451561570167542,1,1,train
5100,0.0006558997556567192,0,0,unlabeled
5101,0.00196673721075058,0,0,unlabeled
5102,0.0025635468773543835,0,0,unlabeled
5103,0.00047540702507831156,0,0,unlabeled
5104,0.006976792588829994,0,0,unlabeled
5105,0.9729890823364258,1,1,unlabeled
5106,0.8549702167510986,1,1,unlabeled
5107,0.0016142434906214476,0,0,unlabeled
5108,7.459847256541252e-05,0,0,unlabeled
5109,0.05147266015410423,0,0,unlabeled
5110,0.9857048988342285,1,1,train
5111,0.008199096657335758,0,0,train
5112,0.0003936939756385982,0,0,train
5113,0.9759097695350647,1,1,unlabeled
5114,0.0008359298226423562,0,0,train
5115,0.006311490200459957,0,0,unlabeled
5116,0.03955140337347984,0,0,unlabeled
5117,0.0002025905851041898,0,0,unlabeled
5118,0.0007757139974273741,0,0,unlabeled
5119,0.9477387070655823,1,1,unlabeled
5120,0.0024017400573939085,0,0,unlabeled
5121,0.0005747360410168767,0,0,train
5122,0.001043868251144886,0,0,unlabeled
5123,0.0003694008046295494,0,0,unlabeled
5124,0.0010209555039182305,0,0,train
5125,0.0007707657059654593,0,0,unlabeled
5126,0.0009812546195462346,0,0,val
5127,0.0004663327999878675,0,0,unlabeled
5128,0.7946816682815552,0,0,unlabeled
5129,0.0020473143085837364,0,0,val
5130,0.9646105170249939,1,1,val
5131,0.9744783639907837,1,1,train
5132,0.0007741897716186941,0,0,train
5133,0.9693582057952881,1,1,unlabeled
5134,0.011560387909412384,0,0,unlabeled
5135,0.0006793454522266984,0,0,unlabeled
5136,0.0005731693236157298,0,0,val
5137,0.9044526219367981,1,1,unlabeled
5138,0.0002529179910197854,0,0,train
5139,0.003328053979203105,0,0,unlabeled
5140,0.9924203753471375,1,1,val
5141,2.721617420320399e-06,0,0,unlabeled
5142,0.0010949940187856555,0,0,unlabeled
5143,0.8666850924491882,1,1,train
5144,0.8655235767364502,1,1,unlabeled
5145,0.04769820347428322,0,0,unlabeled
5146,0.9707158803939819,1,1,train
5147,0.0031388497445732355,0,0,train
5148,0.9850110411643982,1,1,unlabeled
5149,0.0036193684209138155,0,0,unlabeled
5150,0.9681417942047119,1,1,unlabeled
5151,0.00044541366514749825,0,0,train
5152,0.0008507674792781472,0,0,unlabeled
5153,0.0010670027695596218,0,0,val
5154,0.0005402896204032004,0,0,unlabeled
5155,0.990340530872345,1,1,unlabeled
5156,0.0017403365345671773,0,0,unlabeled
5157,0.1176723837852478,0,0,unlabeled
5158,0.0004223475989419967,0,0,unlabeled
5159,0.00031126977410167456,0,0,unlabeled
5160,0.0012768314918503165,0,0,unlabeled
5161,0.9365676641464233,1,0,unlabeled
5162,0.0006428025080822408,0,0,unlabeled
5163,0.0005502210115082562,0,0,unlabeled
5164,0.0007123479153960943,0,0,unlabeled
5165,0.05570481717586517,0,0,train
5166,0.0007698829285800457,0,0,unlabeled
5167,0.9708920121192932,1,1,unlabeled
5168,0.9321039915084839,1,1,unlabeled
5169,0.9762707948684692,1,1,unlabeled
5170,0.9493654370307922,1,1,unlabeled
5171,0.0014796610921621323,0,0,unlabeled
5172,0.011353292502462864,0,0,val
5173,0.9597737789154053,1,1,unlabeled
5174,0.00246829423122108,0,0,unlabeled
5175,0.0004677647666539997,0,0,val
5176,0.002780164824798703,0,0,unlabeled
5177,0.0002025905851041898,0,0,unlabeled
5178,7.459847256541252e-05,0,0,unlabeled
5179,0.00040264736162498593,0,0,unlabeled
5180,0.20020239055156708,0,0,unlabeled
5181,0.9387160539627075,1,1,val
5182,0.009316893294453621,0,0,unlabeled
5183,0.0018497734563425183,0,0,unlabeled
5184,0.004459174815565348,0,0,unlabeled
5185,0.000697949668392539,0,0,unlabeled
5186,0.9537521600723267,1,1,unlabeled
5187,0.00047118269139900804,0,0,train
5188,0.9582210183143616,1,1,unlabeled
5189,0.0002784694661386311,0,0,train
5190,0.9638637900352478,1,1,unlabeled
5191,0.00042640985338948667,0,0,unlabeled
5192,0.0024925321340560913,0,0,unlabeled
5193,0.22905312478542328,0,0,unlabeled
5194,0.8303545713424683,0,1,val
5195,0.0006192107102833688,0,0,train
5196,0.9613983035087585,1,1,val
5197,0.0009224232053384185,0,0,val
5198,0.011191325262188911,0,0,unlabeled
5199,0.8603460788726807,1,1,unlabeled
5200,0.0007618066156283021,0,0,unlabeled
5201,0.006256849505007267,0,0,unlabeled
5202,0.004459170624613762,0,0,unlabeled
5203,0.0006252248422242701,0,0,unlabeled
5204,0.0005430629826150835,0,0,train
5205,0.0015343079576268792,0,0,unlabeled
5206,0.0007997676730155945,0,0,unlabeled
5207,0.0005711194244213402,0,0,unlabeled
5208,0.0006000700523145497,0,0,train
5209,0.0004006217932328582,0,0,train
5210,0.00024674777523614466,0,0,unlabeled
5211,0.00118078978266567,0,0,unlabeled
5212,0.5308307409286499,0,0,unlabeled
5213,0.007665262557566166,0,0,unlabeled
5214,0.004459170624613762,0,0,val
5215,0.03443031758069992,0,0,unlabeled
5216,0.00039126499905250967,0,0,unlabeled
5217,0.0006385897868312895,0,0,unlabeled
5218,0.0002784694661386311,0,0,unlabeled
5219,0.000990695203654468,0,0,train
5220,0.9883264899253845,1,1,unlabeled
5221,0.0003575194568838924,0,0,unlabeled
5222,0.0002266507945023477,0,0,unlabeled
5223,0.001270166365429759,0,0,unlabeled
5224,0.0005275832372717559,0,0,unlabeled
5225,7.459847256541252e-05,0,0,unlabeled
5226,0.0021235672757029533,0,0,unlabeled
5227,0.0022683124989271164,0,0,unlabeled
5228,0.00043503547203727067,0,0,unlabeled
5229,0.0008641025051474571,0,0,train
5230,0.0008174781687557697,0,0,unlabeled
5231,0.0016216316726058722,0,0,unlabeled
5232,0.002492530969902873,0,0,train
5233,0.9009220004081726,1,1,unlabeled
5234,0.9871113896369934,1,1,unlabeled
5235,0.0006603858200833201,0,0,unlabeled
5236,0.9719964265823364,1,1,unlabeled
5237,0.012513039633631706,0,0,unlabeled
5238,0.003212269162759185,0,0,unlabeled
5239,0.001303350436501205,0,0,unlabeled
5240,0.05320800840854645,0,0,unlabeled
5241,0.0007757139974273741,0,0,unlabeled
5242,2.9920982342446223e-05,0,0,unlabeled
5243,0.0005065953591838479,0,0,unlabeled
5244,0.36990898847579956,0,0,unlabeled
5245,0.0005936272209510207,0,0,unlabeled
5246,0.0001642081479076296,0,0,unlabeled
5247,0.000794053659774363,0,0,unlabeled
5248,0.0012357914820313454,0,0,unlabeled
5249,0.00039728087722323835,0,0,unlabeled
5250,0.003328053979203105,0,0,unlabeled
5251,0.0016757780686020851,0,0,unlabeled
5252,0.00101465021725744,0,0,unlabeled
5253,0.0014480919344350696,0,0,unlabeled
5254,0.0005747360410168767,0,0,unlabeled
5255,0.0003274025802966207,0,0,unlabeled
5256,0.9908142685890198,1,1,unlabeled
5257,0.0004518405476119369,0,0,unlabeled
5258,0.0012921335874125361,0,0,unlabeled
5259,0.04286903887987137,0,0,train
5260,0.0005208624643273652,0,0,val
5261,0.0001642081479076296,0,0,unlabeled
5262,0.051415834575891495,0,0,unlabeled
5263,0.007335805334150791,0,0,unlabeled
5264,0.36088287830352783,0,0,unlabeled
5265,0.9881552457809448,1,1,unlabeled
5266,0.053454864770174026,0,0,unlabeled
5267,0.9667297601699829,1,1,unlabeled
5268,0.0008401184459216893,0,0,unlabeled
5269,0.9219532012939453,1,1,unlabeled
5270,0.10183904320001602,0,0,unlabeled
5271,0.0008932549390010536,0,0,unlabeled
5272,0.00048806969425641,0,0,unlabeled
5273,0.00031955953454598784,0,0,train
5274,0.002033594297245145,0,0,train
5275,0.003503706306219101,0,0,train
5276,0.001507037435658276,0,0,unlabeled
5277,0.0018548895604908466,0,0,unlabeled
5278,0.000858599494677037,0,0,unlabeled
5279,0.0005254533607512712,0,0,unlabeled
5280,0.0008264107746072114,0,0,unlabeled
5281,0.9897894263267517,1,1,unlabeled
5282,0.9798674583435059,1,1,unlabeled
5283,0.0017699719173833728,0,0,unlabeled
5284,0.00027268833946436644,0,0,unlabeled
5285,0.971813976764679,1,1,unlabeled
5286,0.05721926689147949,0,0,unlabeled
5287,0.0007287046755664051,0,0,unlabeled
5288,0.9941198825836182,1,1,unlabeled
5289,0.0066037834621965885,0,0,unlabeled
5290,0.0016459147445857525,0,0,unlabeled
5291,0.0006317023653537035,0,0,unlabeled
5292,0.0005909370956942439,0,0,unlabeled
5293,0.9700505137443542,1,1,unlabeled
5294,0.06571166962385178,0,0,unlabeled
5295,0.00117451511323452,0,0,unlabeled
5296,0.0012089930241927505,0,0,unlabeled
5297,0.0016457188175991178,0,0,unlabeled
5298,0.0008329889387823641,0,0,unlabeled
5299,0.013729259371757507,0,0,train
5300,0.01033808570355177,0,0,unlabeled
5301,0.005158296786248684,0,0,unlabeled
5302,0.004157803487032652,0,0,unlabeled
5303,0.0037543452344834805,0,0,unlabeled
5304,0.0002775534230750054,0,0,unlabeled
5305,0.017683550715446472,0,0,unlabeled
5306,0.00202870462089777,0,0,unlabeled
5307,0.10038582235574722,0,0,unlabeled
5308,0.0010757031850516796,0,0,train
5309,0.002553080441430211,0,0,unlabeled
5310,0.0020084832794964314,0,0,unlabeled
5311,0.003273914335295558,0,0,unlabeled
5312,0.00034136255271732807,0,0,unlabeled
5313,0.0008060176041908562,0,0,val
5314,0.007290015462785959,0,0,unlabeled
5315,0.0003671085578389466,0,0,unlabeled
5316,0.0002143415913451463,0,0,unlabeled
5317,0.0007366622448898852,0,0,val
5318,0.930325448513031,1,1,train
5319,0.0007026621024124324,0,0,unlabeled
5320,0.0012273326283320785,0,0,unlabeled
5321,0.0024925321340560913,0,0,unlabeled
5322,0.0009245467372238636,0,0,unlabeled
5323,0.9638988375663757,1,1,train
5324,0.0008867891156114638,0,0,unlabeled
5325,0.8787342309951782,1,1,unlabeled
5326,0.27426275610923767,0,0,unlabeled
5327,9.985925134969875e-05,0,0,unlabeled
5328,0.0002854643389582634,0,0,unlabeled
5329,0.001621229574084282,0,0,unlabeled
5330,0.9618942737579346,1,1,unlabeled
5331,0.05550823733210564,0,0,unlabeled
5332,0.000959000492002815,0,0,unlabeled
5333,0.0019614598713815212,0,0,train
5334,0.007140030153095722,0,0,unlabeled
5335,0.9814831614494324,1,1,unlabeled
5336,0.00017117055540438741,0,0,unlabeled
5337,0.0012105479836463928,0,0,train
5338,0.0006797920214012265,0,0,unlabeled
5339,0.9648479223251343,1,1,unlabeled
5340,0.0007724612951278687,0,0,train
5341,0.9862029552459717,1,1,unlabeled
5342,0.0013463405193760991,0,0,unlabeled
5343,0.0012091323733329773,0,0,train
5344,0.00011424041440477595,0,0,unlabeled
5345,0.9540380835533142,1,1,unlabeled
5346,0.0001642081479076296,0,0,unlabeled
5347,0.0006010772194713354,0,0,val
5348,0.008537853136658669,0,0,unlabeled
5349,0.04695248603820801,0,0,unlabeled
5350,0.00024674777523614466,0,0,unlabeled
5351,0.05099913105368614,0,0,train
5352,0.0005494862562045455,0,0,unlabeled
5353,0.0013448898680508137,0,0,unlabeled
5354,0.00039126499905250967,0,0,unlabeled
5355,0.0017223129980266094,0,0,unlabeled
5356,0.000697949668392539,0,0,unlabeled
5357,0.9836364388465881,1,1,unlabeled
5358,0.0008107561152428389,0,0,unlabeled
5359,0.0004946637782268226,0,0,train
5360,0.0011517505627125502,0,0,unlabeled
5361,0.0004695978423114866,0,0,unlabeled
5362,0.0012518531875684857,0,0,unlabeled
5363,0.9467713236808777,1,1,unlabeled
5364,0.0011184605536982417,0,0,val
5365,0.003006287617608905,0,0,unlabeled
5366,0.0006055522826500237,0,0,train
5367,0.035938069224357605,0,0,unlabeled
5368,0.000802218506578356,0,0,train
5369,0.0004632253258023411,0,0,unlabeled
5370,0.0019614598713815212,0,0,unlabeled
5371,0.0038641176652163267,0,0,unlabeled
5372,0.312783807516098,0,0,unlabeled
5373,0.04828093200922012,0,0,unlabeled
5374,0.0007156684878282249,0,0,unlabeled
5375,0.9824079871177673,1,1,unlabeled
5376,0.0010375753045082092,0,0,unlabeled
5377,0.005136571358889341,0,0,train
5378,0.9508947134017944,1,1,unlabeled
5379,0.0009583273786120117,0,0,train
5380,0.0008468206506222486,0,0,unlabeled
5381,0.00021595600992441177,0,0,unlabeled
5382,0.9648149609565735,1,1,train
5383,0.9890990257263184,1,1,unlabeled
5384,0.0004580010427162051,0,0,unlabeled
5385,0.0021121115423738956,0,0,val
5386,0.0021235672757029533,0,0,unlabeled
5387,0.001303350436501205,0,0,train
5388,0.0014745071530342102,0,0,unlabeled
5389,0.9869074821472168,1,1,unlabeled
5390,0.9353650212287903,1,1,unlabeled
5391,0.0044591729529201984,0,0,unlabeled
5392,0.0007082930533215404,0,0,unlabeled
5393,0.0004213812353555113,0,0,unlabeled
5394,0.9529082775115967,1,1,unlabeled
5395,0.05147266015410423,0,0,unlabeled
5396,0.0005798507481813431,0,0,unlabeled
5397,0.000544851936865598,0,0,unlabeled
5398,0.0009535299614071846,0,0,val
5399,0.0015343079576268792,0,0,unlabeled
5400,0.0007942212396301329,0,0,unlabeled
5401,0.0001642081479076296,0,0,unlabeled
5402,0.0006317023653537035,0,0,train
5403,0.002314365468919277,0,0,unlabeled
5404,0.9002257585525513,1,1,val
5405,0.008023412898182869,0,0,unlabeled
5406,0.07454346865415573,0,0,unlabeled
5407,7.647859456483275e-05,0,0,unlabeled
5408,8.98588405107148e-05,0,0,train
5409,0.001634613610804081,0,0,unlabeled
5410,0.007410743739455938,0,0,train
5411,0.023938586935400963,0,0,unlabeled
5412,0.0018958233995363116,0,0,unlabeled
5413,0.060238033533096313,0,0,unlabeled
5414,0.0005406110431067646,0,0,unlabeled
5415,0.0005498758400790393,0,0,unlabeled
5416,0.0028370260260999203,0,0,train
5417,0.0008047624141909182,0,0,unlabeled
5418,0.0031692900229245424,0,0,unlabeled
5419,0.0008641025051474571,0,0,unlabeled
5420,0.0041854423470795155,0,0,unlabeled
5421,0.12151458859443665,0,0,unlabeled
5422,0.00046299290261231363,0,0,unlabeled
5423,0.0020314750727266073,0,0,unlabeled
5424,0.0021696905605494976,0,0,unlabeled
5425,0.9507134556770325,1,1,unlabeled
5426,0.8877690434455872,1,1,unlabeled
5427,0.0001988021394936368,0,0,unlabeled
5428,0.005689137149602175,0,0,unlabeled
5429,0.9815829396247864,1,1,train
5430,0.004547458607703447,0,0,unlabeled
5431,0.9378325343132019,1,1,unlabeled
5432,0.966119647026062,1,1,unlabeled
5433,0.0001800482568796724,0,0,unlabeled
5434,7.029977132333443e-05,0,0,train
5435,0.0008496580412611365,0,0,unlabeled
5436,0.000309461000142619,0,0,train
5437,0.0463021844625473,0,0,unlabeled
5438,0.001845634076744318,0,0,unlabeled
5439,4.369939779280685e-05,0,0,unlabeled
5440,0.9732391238212585,1,1,train
5441,2.9920982342446223e-05,0,0,unlabeled
5442,0.0039625223726034164,0,0,unlabeled
5443,0.0004604875575751066,0,0,unlabeled
5444,0.9545482397079468,1,1,unlabeled
5445,0.9017561078071594,1,1,unlabeled
5446,0.0005498758400790393,0,0,val
5447,0.00038744864286854863,0,0,unlabeled
5448,0.0029264772310853004,0,0,unlabeled
5449,0.00026255278498865664,0,0,unlabeled
5450,0.0025291461497545242,0,0,unlabeled
5451,0.0024925321340560913,0,0,unlabeled
5452,0.047717951238155365,0,0,unlabeled
5453,0.9572293758392334,1,1,unlabeled
5454,0.9459717869758606,1,1,unlabeled
5455,0.004697594325989485,0,0,unlabeled
5456,0.0006034392863512039,0,0,train
5457,0.0005124495946802199,0,0,unlabeled
5458,0.010417590849101543,0,0,unlabeled
5459,0.0006210518185980618,0,0,unlabeled
5460,0.9827301502227783,1,1,unlabeled
5461,0.0019419488962739706,0,0,unlabeled
5462,0.03455027565360069,0,0,unlabeled
5463,1.5986510106813512e-06,0,0,unlabeled
5464,0.014395576901733875,0,0,train
5465,0.8633512854576111,1,0,unlabeled
5466,0.00011026301945094019,0,0,unlabeled
5467,0.01900789886713028,0,0,unlabeled
5468,0.00452206889167428,0,0,train
5469,0.006055980455130339,0,0,unlabeled
5470,0.0017629057401791215,0,0,unlabeled
5471,0.0014149791095405817,0,0,unlabeled
5472,7.140812385841855e-07,0,0,unlabeled
5473,0.954179048538208,1,1,unlabeled
5474,0.09957713633775711,0,0,unlabeled
5475,0.003210664726793766,0,0,train
5476,0.0014704919885843992,0,0,unlabeled
5477,0.9739438891410828,1,1,train
5478,0.003952233586460352,0,0,train
5479,0.9755086898803711,1,1,unlabeled
5480,0.00031955953454598784,0,0,unlabeled
5481,0.004795164335519075,0,0,unlabeled
5482,0.9544263482093811,1,1,unlabeled
5483,0.0006169021944515407,0,0,unlabeled
5484,0.9863666892051697,1,1,unlabeled
5485,0.004432887304574251,0,0,train
5486,0.986811101436615,1,1,unlabeled
5487,0.0005498758400790393,0,0,unlabeled
5488,0.0021235672757029533,0,0,unlabeled
5489,0.006826550699770451,0,0,unlabeled
5490,0.006914212834089994,0,0,unlabeled
5491,0.0035862543154507875,0,0,unlabeled
5492,0.9758476614952087,1,1,unlabeled
5493,0.0001460150961065665,0,0,val
5494,0.008152634836733341,0,0,unlabeled
5495,0.9688037037849426,1,1,unlabeled
5496,0.0008298568427562714,0,0,unlabeled
5497,0.0013757646083831787,0,0,unlabeled
5498,0.8732509016990662,1,1,unlabeled
5499,0.0002209920494351536,0,0,unlabeled
5500,0.06260991841554642,0,0,unlabeled
5501,0.0019169478910043836,0,0,unlabeled
5502,0.0031690066680312157,0,0,unlabeled
5503,0.0047003235667943954,0,0,unlabeled
5504,0.9867750406265259,1,1,unlabeled
5505,0.0006168001564219594,0,0,unlabeled
5506,0.9603042602539062,1,1,unlabeled
5507,0.9597159028053284,1,1,unlabeled
5508,0.9900110363960266,1,1,train
5509,0.8211172819137573,0,0,unlabeled
5510,0.8949055075645447,1,1,unlabeled
5511,0.0015540694585070014,0,0,unlabeled
5512,0.9772497415542603,1,1,unlabeled
5513,0.9678063988685608,1,1,unlabeled
5514,0.0012664111563935876,0,0,unlabeled
5515,0.0010090888245031238,0,0,unlabeled
5516,0.0012159859761595726,0,0,train
5517,0.0008749995031394064,0,0,val
5518,0.07132706046104431,0,0,train
5519,0.0010581188835203648,0,0,unlabeled
5520,0.0035862543154507875,0,0,unlabeled
5521,0.0007818681187927723,0,0,unlabeled
5522,0.0023270417004823685,0,0,unlabeled
5523,0.00020571239292621613,0,0,val
5524,7.029977132333443e-05,0,0,unlabeled
5525,0.0007818681187927723,0,0,unlabeled
5526,0.001771875424310565,0,0,unlabeled
5527,0.9788382053375244,1,1,unlabeled
5528,0.0013028874527662992,0,0,unlabeled
5529,0.9518222808837891,1,1,unlabeled
5530,0.0010192041518166661,0,0,unlabeled
5531,0.0035294233821332455,0,0,unlabeled
5532,0.0020084832794964314,0,0,unlabeled
5533,0.0008037534425966442,0,0,unlabeled
5534,0.0005747360410168767,0,0,unlabeled
5535,0.008309276774525642,0,0,train
5536,0.0005340798525139689,0,0,unlabeled
5537,0.0384925939142704,0,0,unlabeled
5538,0.0005758705083280802,0,0,unlabeled
5539,0.07064469903707504,0,0,val
5540,0.00019202069961465895,0,0,train
5541,0.0009721038513816893,0,0,unlabeled
5542,0.0018363152630627155,0,0,unlabeled
5543,0.0007665885495953262,0,0,unlabeled
5544,0.0013014439027756453,0,0,unlabeled
5545,0.0023568347096443176,0,0,unlabeled
5546,0.003654920030385256,0,0,unlabeled
5547,0.0003272689937148243,0,0,unlabeled
5548,0.2441485971212387,0,0,unlabeled
5549,0.9853072166442871,1,1,unlabeled
5550,0.0017364969244226813,0,0,val
5551,0.00039126499905250967,0,0,unlabeled
5552,0.9492146968841553,1,1,unlabeled
5553,0.989445149898529,1,1,train
5554,0.0034811722580343485,0,0,unlabeled
5555,0.001692960038781166,0,0,unlabeled
5556,0.8969083428382874,1,1,train
5557,0.972135066986084,1,1,unlabeled
5558,0.0019879406318068504,0,0,unlabeled
5559,0.003260329132899642,0,0,unlabeled
5560,0.0010041857603937387,0,0,unlabeled
5561,0.9404080510139465,1,1,unlabeled
5562,0.002004165668040514,0,0,unlabeled
5563,0.9833763241767883,1,1,unlabeled
5564,0.0006508714286610484,0,0,unlabeled
5565,0.9734740853309631,1,1,unlabeled
5566,0.1534625142812729,0,0,unlabeled
5567,8.952997632150073e-06,0,0,unlabeled
5568,0.8895394802093506,1,1,unlabeled
5569,0.6555283665657043,0,0,unlabeled
5570,0.9724048376083374,1,1,train
5571,0.051056429743766785,0,0,unlabeled
5572,0.03501082956790924,0,0,unlabeled
5573,0.001462767249904573,0,0,unlabeled
5574,0.00044047695701010525,0,0,train
5575,0.0007130630547180772,0,0,unlabeled
5576,0.9910383224487305,1,1,unlabeled
5577,0.0006488965009339154,0,0,unlabeled
5578,0.011560387909412384,0,0,unlabeled
5579,0.0004814615531358868,0,0,unlabeled
5580,0.000530110439285636,0,0,unlabeled
5581,0.9878427982330322,1,1,train
5582,0.0024925321340560913,0,0,unlabeled
5583,4.308207280701026e-05,0,0,unlabeled
5584,0.0004215129592921585,0,0,unlabeled
5585,0.0008536746026948094,0,0,train
5586,0.04426570609211922,0,0,unlabeled
5587,0.0006093127885833383,0,0,unlabeled
5588,0.0031388497445732355,0,0,unlabeled
5589,0.04828091338276863,0,0,unlabeled
5590,0.003112450707703829,0,0,train
5591,0.003451948519796133,0,0,unlabeled
5592,0.0007878337637521327,0,0,unlabeled
5593,0.1344873458147049,0,0,unlabeled
5594,0.0002784694661386311,0,0,train
5595,0.0004966749111190438,0,0,unlabeled
5596,0.9817329049110413,1,1,unlabeled
5597,0.00043056014692410827,0,0,unlabeled
5598,0.014735465869307518,0,0,unlabeled
5599,0.0011876729549840093,0,0,train
5600,2.9585107768070884e-06,0,0,train
5601,0.9870471954345703,1,1,train
5602,0.0009622391662560403,0,0,unlabeled
5603,0.9335165023803711,1,1,unlabeled
5604,0.0028503132052719593,0,0,unlabeled
5605,0.04657620191574097,0,0,train
5606,0.020479025319218636,0,0,unlabeled
5607,0.00890189129859209,0,0,unlabeled
5608,0.003996501211076975,0,0,unlabeled
5609,0.9885369539260864,1,1,unlabeled
5610,0.9349452257156372,1,1,train
5611,0.002653908682987094,0,0,unlabeled
5612,0.9924066662788391,1,1,unlabeled
5613,0.0029314723797142506,0,0,unlabeled
5614,0.9567806720733643,1,1,unlabeled
5615,0.0010392209514975548,0,0,unlabeled
5616,0.8465666770935059,1,1,unlabeled
5617,0.004459170624613762,0,0,unlabeled
5618,0.9506272673606873,1,0,unlabeled
5619,0.0008648525108583272,0,0,unlabeled
5620,0.0007218484533950686,0,0,unlabeled
5621,0.001738533261232078,0,0,unlabeled
5622,0.005750592332333326,0,0,train
5623,0.0018194295698776841,0,0,unlabeled
5624,0.0010570266749709845,0,0,unlabeled
5625,0.002136681694537401,0,0,train
5626,0.0013650020118802786,0,0,unlabeled
5627,0.0005102479481138289,0,0,unlabeled
5628,0.0016149032162502408,0,0,train
5629,0.0026057392824441195,0,0,unlabeled
5630,0.004650638438761234,0,0,unlabeled
5631,0.05205012857913971,0,0,unlabeled
5632,0.00029361265478655696,0,0,unlabeled
5633,0.001413798308931291,0,0,unlabeled
5634,0.0017252556281164289,0,0,unlabeled
5635,0.006388892885297537,0,0,unlabeled
5636,0.0016457188175991178,0,0,val
5637,0.0005755838355980814,0,0,unlabeled
5638,0.00338420900516212,0,0,unlabeled
5639,0.0005869113956578076,0,0,unlabeled
5640,0.0003274025802966207,0,0,unlabeled
5641,0.0013011854607611895,0,0,unlabeled
5642,0.0004583203117363155,0,0,train
5643,0.00040972192073240876,0,0,unlabeled
5644,0.9865552186965942,1,1,unlabeled
5645,0.1046568751335144,0,0,unlabeled
5646,0.002906187903136015,0,0,unlabeled
5647,0.0023160988930612803,0,0,unlabeled
5648,0.0007887377869337797,0,0,unlabeled
5649,0.0052705430425703526,0,0,unlabeled
5650,0.0002638456062413752,0,0,train
5651,0.0013773816172033548,0,0,unlabeled
5652,0.968203604221344,1,1,unlabeled
5653,0.0006901861634105444,0,0,unlabeled
5654,0.9784092307090759,1,1,train
5655,0.0007232821662910283,0,0,unlabeled
5656,0.9784113168716431,1,1,unlabeled
5657,0.004716616123914719,0,0,unlabeled
5658,0.06419307738542557,0,0,unlabeled
5659,0.9926922917366028,1,1,train
5660,0.00016910395061131567,0,0,unlabeled
5661,0.005566426552832127,0,0,unlabeled
5662,0.0020084832794964314,0,0,unlabeled
5663,0.00018862885190173984,0,0,unlabeled
5664,0.05891113355755806,0,0,unlabeled
5665,0.0017791959689930081,0,0,unlabeled
5666,0.8732509016990662,1,1,unlabeled
5667,0.0008470666944049299,0,0,unlabeled
5668,0.0005099702975712717,0,0,unlabeled
5669,0.08963093906641006,0,0,unlabeled
5670,0.002261434681713581,0,0,unlabeled
5671,0.000682961952406913,0,0,unlabeled
5672,0.001462767249904573,0,0,unlabeled
5673,0.0009922906756401062,0,0,unlabeled
5674,0.005360658746212721,0,0,unlabeled
5675,0.0009473166428506374,0,0,unlabeled
5676,0.00037517864257097244,0,0,unlabeled
5677,0.9778438210487366,1,1,unlabeled
5678,0.0006317023653537035,0,0,unlabeled
5679,0.00042640985338948667,0,0,train
5680,0.9814629554748535,1,1,unlabeled
5681,0.9523787498474121,1,1,unlabeled
5682,0.09121417254209518,0,0,unlabeled
5683,0.0005372548475861549,0,0,unlabeled
5684,0.0003099972091149539,0,0,train
5685,0.001210013753734529,0,0,unlabeled
5686,0.977419376373291,1,1,unlabeled
5687,0.0005568651249632239,0,0,unlabeled
5688,0.0006306283175945282,0,0,unlabeled
5689,0.003590269247069955,0,0,unlabeled
5690,0.0007093140739016235,0,0,unlabeled
5691,0.0009472165256738663,0,0,unlabeled
5692,0.9832340478897095,1,1,unlabeled
5693,0.030667657032608986,0,0,unlabeled
5694,2.9800554329995066e-05,0,0,unlabeled
5695,0.006018955260515213,0,0,unlabeled
5696,0.0006979007157497108,0,0,unlabeled
5697,0.0004938890342600644,0,0,train
5698,0.0012161886552348733,0,0,unlabeled
5699,0.005083650816231966,0,0,train
5700,0.003976722713559866,0,0,unlabeled
5701,0.030862735584378242,0,0,unlabeled
5702,0.08529774099588394,0,0,unlabeled
5703,0.022924933582544327,0,0,unlabeled
5704,0.0171715896576643,0,0,unlabeled
5705,0.03544100373983383,0,0,unlabeled
5706,0.0008280211477540433,0,0,unlabeled
5707,0.9696641564369202,1,1,unlabeled
5708,0.0010206028819084167,0,0,unlabeled
5709,0.008111304603517056,0,0,train
5710,0.014838074333965778,0,0,train
5711,0.9730991721153259,1,1,train
5712,0.00011106998863397166,0,0,unlabeled
5713,0.16893288493156433,0,0,unlabeled
5714,0.0008476029033772647,0,0,unlabeled
5715,0.003328053979203105,0,0,train
5716,0.0011892635375261307,0,0,unlabeled
5717,0.016912369057536125,0,0,val
5718,0.003503706306219101,0,0,unlabeled
5719,0.002139702206477523,0,0,val
5720,0.0019614598713815212,0,0,unlabeled
5721,0.0023005479015409946,0,0,val
5722,0.9450514316558838,1,1,val
5723,0.18951772153377533,0,0,unlabeled
5724,0.0019625076092779636,0,0,unlabeled
5725,0.9824669361114502,1,1,unlabeled
5726,0.0005498708342202008,0,0,train
5727,0.15730512142181396,0,0,unlabeled
5728,0.00044077704660594463,0,0,unlabeled
5729,0.06430961936712265,0,0,unlabeled
5730,0.0006090924725867808,0,0,train
5731,0.0011501734843477607,0,0,unlabeled
5732,0.0005145972245372832,0,0,unlabeled
5733,0.9256989359855652,1,1,unlabeled
5734,0.9867139458656311,1,1,val
5735,0.00042640985338948667,0,0,unlabeled
5736,0.0006088028312660754,0,0,unlabeled
5737,0.9757127165794373,1,1,train
5738,0.0010366346687078476,0,0,train
5739,0.0009726295829750597,0,0,val
5740,0.0001419901818735525,0,0,unlabeled
5741,0.0003298057126812637,0,0,unlabeled
5742,0.001220965525135398,0,0,val
5743,0.0021352129988372326,0,0,unlabeled
5744,0.0006330098840408027,0,0,unlabeled
5745,0.0018352930201217532,0,0,train
5746,0.0029904325492680073,0,0,unlabeled
5747,0.0003228939021937549,0,0,unlabeled
5748,0.06809727102518082,0,0,unlabeled
5749,0.0005724824732169509,0,0,train
5750,0.9645917415618896,1,1,unlabeled
5751,0.0002998983836732805,0,0,unlabeled
5752,0.004791374783962965,0,0,unlabeled
5753,0.015397251583635807,0,0,unlabeled
5754,0.9866090416908264,1,1,unlabeled
5755,0.8612242341041565,1,1,unlabeled
5756,0.0006366573506966233,0,0,unlabeled
5757,0.0004016397288069129,0,0,train
5758,0.002340065548196435,0,0,unlabeled
5759,0.9582247734069824,1,1,train
5760,0.9618189930915833,1,1,train
5761,0.002337493235245347,0,0,unlabeled
5762,0.005136571358889341,0,0,train
5763,0.000677354633808136,0,0,unlabeled
5764,0.011941717006266117,0,0,unlabeled
5765,0.0005985361058264971,0,0,unlabeled
5766,0.001593233086168766,0,0,unlabeled
5767,0.0012367829913273454,0,0,unlabeled
5768,0.9858851432800293,1,1,unlabeled
5769,0.9798286557197571,1,1,unlabeled
5770,0.007421927526593208,0,0,train
5771,0.0004331788222771138,0,0,unlabeled
5772,0.9830518960952759,1,1,unlabeled
5773,0.00027895867242477834,0,0,unlabeled
5774,0.000988268293440342,0,0,unlabeled
5775,0.0005096743698231876,0,0,unlabeled
5776,0.9872754216194153,1,1,train
5777,0.0016391697572544217,0,0,unlabeled
5778,0.0013472287682816386,0,0,unlabeled
5779,0.0010415929136797786,0,0,unlabeled
5780,0.0016459147445857525,0,0,train
5781,0.0006037801504135132,0,0,train
5782,0.003636470530182123,0,0,unlabeled
5783,0.0026383870281279087,0,0,unlabeled
5784,0.0002143415913451463,0,0,unlabeled
5785,0.00042640985338948667,0,0,unlabeled
5786,0.9840430617332458,1,1,unlabeled
5787,0.0013896907912567258,0,0,unlabeled
5788,0.9230924248695374,1,1,val
5789,0.0008675212156958878,0,0,unlabeled
5790,0.004676676820963621,0,0,val
5791,0.00040264736162498593,0,0,unlabeled
5792,0.9768959879875183,1,1,unlabeled
5793,0.00019754728418774903,0,0,unlabeled
5794,0.0014446703717112541,0,0,unlabeled
5795,0.002834681188687682,0,0,unlabeled
5796,0.010297155939042568,0,0,unlabeled
5797,0.001113665639422834,0,0,unlabeled
5798,0.001185350469313562,0,0,unlabeled
5799,0.9798654913902283,1,1,unlabeled
5800,0.0007792052929289639,0,0,unlabeled
5801,0.04586300998926163,0,0,unlabeled
5802,0.0025522462092339993,0,0,unlabeled
5803,0.0007513783639296889,0,0,unlabeled
5804,0.0008204811019822955,0,0,val
5805,0.006003032438457012,0,0,val
5806,0.0021229106932878494,0,0,unlabeled
5807,0.9770249128341675,1,1,unlabeled
5808,0.0005672535044141114,0,0,train
5809,0.0008477296796627343,0,0,train
5810,0.0007968859863467515,0,0,unlabeled
5811,0.0002854643389582634,0,0,train
5812,0.0006366888992488384,0,0,unlabeled
5813,0.0007804660126566887,0,0,unlabeled
5814,0.0011500491527840495,0,0,unlabeled
5815,0.9799935817718506,1,1,unlabeled
5816,0.0008921024273149669,0,0,unlabeled
5817,0.008054524660110474,0,0,unlabeled
5818,0.00032948737498372793,0,0,unlabeled
5819,0.00353039987385273,0,0,unlabeled
5820,2.5057801394723356e-05,0,0,unlabeled
5821,0.013229143805801868,0,0,unlabeled
5822,0.979518473148346,1,0,unlabeled
5823,0.002226317999884486,0,0,unlabeled
5824,0.00018574605928733945,0,0,unlabeled
5825,0.9671282172203064,1,1,unlabeled
5826,0.0030919192358851433,0,0,unlabeled
5827,0.0019233182538300753,0,0,unlabeled
5828,0.002651569899171591,0,0,unlabeled
5829,0.00047674827510491014,0,0,unlabeled
5830,0.15050514042377472,0,0,unlabeled
5831,0.6862339973449707,0,0,unlabeled
5832,0.0006461389129981399,0,0,unlabeled
5833,0.0004604875575751066,0,0,unlabeled
5834,0.9425894618034363,1,1,train
5835,0.9900590777397156,1,1,unlabeled
5836,0.0015043963212519884,0,0,val
5837,0.0044591729529201984,0,0,unlabeled
5838,0.0015222671208903193,0,0,unlabeled
5839,0.001138895284384489,0,0,unlabeled
5840,0.005136569496244192,0,0,unlabeled
5841,0.983081042766571,1,1,unlabeled
5842,0.00116292096208781,0,0,unlabeled
5843,0.0094795236364007,0,0,train
5844,0.0006805387674830854,0,0,unlabeled
5845,0.002492530969902873,0,0,unlabeled
5846,0.0005747360410168767,0,0,unlabeled
5847,0.0005844964180141687,0,0,unlabeled
5848,0.989425539970398,1,1,val
5849,0.0035862543154507875,0,0,unlabeled
5850,0.0024018187541514635,0,0,train
5851,0.9878167510032654,1,1,unlabeled
5852,0.002827068092301488,0,0,unlabeled
5853,0.0017677820287644863,0,0,unlabeled
5854,0.9790674448013306,1,1,unlabeled
5855,0.0008918675011955202,0,0,train
5856,0.0020084832794964314,0,0,unlabeled
5857,0.004459174815565348,0,0,unlabeled
5858,0.00046202167868614197,0,0,unlabeled
5859,0.8342635035514832,1,1,unlabeled
5860,0.9719592332839966,1,1,unlabeled
5861,0.9675685167312622,1,1,unlabeled
5862,0.05053731054067612,0,0,unlabeled
5863,0.000595773512031883,0,0,unlabeled
5864,0.0009384812437929213,0,0,unlabeled
5865,0.0011550114722922444,0,0,unlabeled
5866,0.0009951015235856175,0,0,unlabeled
5867,0.12220020592212677,0,0,unlabeled
5868,0.9683583974838257,1,1,unlabeled
5869,0.8863179087638855,1,1,unlabeled
5870,0.0016460574697703123,0,0,train
5871,0.09550956636667252,0,0,unlabeled
5872,0.002748242812231183,0,0,unlabeled
5873,0.9857451915740967,1,1,unlabeled
5874,0.0003706520365085453,0,0,unlabeled
5875,0.9913052916526794,1,1,unlabeled
5876,0.9699446558952332,1,1,unlabeled
5877,0.0009629852720536292,0,0,unlabeled
5878,0.0002854643389582634,0,0,unlabeled
5879,0.0028566031251102686,0,0,unlabeled
5880,0.001220405800268054,0,0,unlabeled
5881,0.002068739617243409,0,0,train
5882,0.0008546431781724095,0,0,unlabeled
5883,0.0016701634740456939,0,0,train
5884,0.0006097464938648045,0,0,train
5885,0.0007241939892992377,0,0,val
5886,0.02475813589990139,0,0,val
5887,0.0004462736542336643,0,0,train
5888,0.0004517776542343199,0,0,unlabeled
5889,0.0018773225601762533,0,0,unlabeled
5890,0.0005747360410168767,0,0,train
5891,0.00041476459591649473,0,0,unlabeled
5892,0.9897137880325317,1,1,unlabeled
5893,0.00044658369733951986,0,0,unlabeled
5894,0.9863988161087036,1,1,unlabeled
5895,0.13941903412342072,0,0,unlabeled
5896,0.014186090789735317,0,0,unlabeled
5897,0.0008546431781724095,0,0,train
5898,0.00046989560360088944,0,0,unlabeled
5899,0.9469967484474182,1,1,train
5900,0.000774357991758734,0,0,unlabeled
5901,0.0020084832794964314,0,0,train
5902,0.0007427173550240695,0,0,unlabeled
5903,0.9603028297424316,1,1,unlabeled
5904,0.0004792570252902806,0,0,unlabeled
5905,0.0012299950467422605,0,0,unlabeled
5906,0.00031352974474430084,0,0,train
5907,0.0007818681187927723,0,0,unlabeled
5908,0.983486533164978,1,1,unlabeled
5909,0.021229950711131096,0,0,unlabeled
5910,0.006229112856090069,0,0,train
5911,0.00020016742928419262,0,0,unlabeled
5912,0.000598021550104022,0,0,unlabeled
5913,0.9616703391075134,1,1,unlabeled
5914,0.001403728500008583,0,0,train
5915,0.00038618638063780963,0,0,unlabeled
5916,3.555614739525481e-06,0,0,unlabeled
5917,0.003064618678763509,0,0,train
5918,2.910117109422572e-05,0,0,val
5919,0.0011337671894580126,0,0,unlabeled
5920,0.9748634099960327,1,1,unlabeled
5921,0.0008437764481641352,0,0,train
5922,0.015060663223266602,0,0,unlabeled
5923,0.8815059661865234,1,0,unlabeled
5924,0.032451555132865906,0,0,unlabeled
5925,0.001057454734109342,0,0,unlabeled
5926,0.0017872677417472005,0,0,train
5927,4.335050562076503e-06,0,0,val
5928,0.0003402046859264374,0,0,train
5929,0.0036340130027383566,0,0,unlabeled
5930,0.9760770201683044,1,1,unlabeled
5931,0.0007754693506285548,0,0,train
5932,0.0001309984509134665,0,0,unlabeled
5933,0.0004526812117546797,0,0,val
5934,0.0019690850749611855,0,0,unlabeled
5935,0.003963092342019081,0,0,unlabeled
5936,0.000370652211131528,0,0,unlabeled
5937,0.0007449419936165214,0,0,unlabeled
5938,0.9798311591148376,1,1,unlabeled
5939,0.950435996055603,1,1,unlabeled
5940,0.0004284295137040317,0,0,unlabeled
5941,0.05625392124056816,0,0,unlabeled
5942,0.0032971089240163565,0,0,unlabeled
5943,0.0001419901818735525,0,0,unlabeled
5944,0.0005978736444376409,0,0,unlabeled
5945,0.9549524784088135,1,1,unlabeled
5946,0.8672930002212524,1,0,train
5947,0.0005797103513032198,0,0,unlabeled
5948,0.000702052959240973,0,0,unlabeled
5949,0.0008145909523591399,0,0,train
5950,0.003297787392511964,0,0,unlabeled
5951,0.0017416757764294744,0,0,unlabeled
5952,9.264269465347752e-05,0,0,train
5953,0.0011294950963929296,0,0,unlabeled
5954,0.0021235672757029533,0,0,unlabeled
5955,0.0019440647447481751,0,0,unlabeled
5956,0.0004909589188173413,0,0,unlabeled
5957,0.0016371399397030473,0,0,val
5958,0.09412650018930435,0,0,unlabeled
5959,1.613162567082327e-05,0,0,train
5960,0.008315742947161198,0,0,train
5961,0.0004480326024349779,0,0,unlabeled
5962,0.0008252571569755673,0,0,unlabeled
5963,0.0002025905851041898,0,0,unlabeled
5964,0.03339659795165062,0,0,unlabeled
5965,0.0003618448681663722,0,0,unlabeled
5966,0.0005896304501220584,0,0,unlabeled
5967,0.0011171906953677535,0,0,unlabeled
5968,0.9871298670768738,1,1,unlabeled
5969,0.00046048781950958073,0,0,unlabeled
5970,0.0013931253924965858,0,0,unlabeled
5971,0.9903090596199036,1,1,unlabeled
5972,0.0008841095841489732,0,0,unlabeled
5973,0.00032253703102469444,0,0,unlabeled
5974,0.00030916667310521007,0,0,unlabeled
5975,0.9872962236404419,1,1,unlabeled
5976,0.0008122044964693487,0,0,unlabeled
5977,0.003328053979203105,0,0,unlabeled
5978,0.0007373603875748813,0,0,unlabeled
5979,0.0022356119006872177,0,0,unlabeled
5980,0.0004123078833799809,0,0,unlabeled
5981,0.00033792643807828426,0,0,unlabeled
5982,0.0024507816415280104,0,0,val
5983,0.0002019483654294163,0,0,unlabeled
5984,0.00026255278498865664,0,0,unlabeled
5985,0.0007430865662172437,0,0,unlabeled
5986,0.004044938832521439,0,0,unlabeled
5987,0.0002854643389582634,0,0,train
5988,0.0007456504972651601,0,0,train
5989,6.353545904858038e-05,0,0,unlabeled
5990,0.0009492944227531552,0,0,unlabeled
5991,0.00034375605173408985,0,0,unlabeled
5992,0.0007597955409437418,0,0,unlabeled
5993,0.9642029404640198,1,1,train
5994,0.0006766461301594973,0,0,unlabeled
5995,0.0004956367774866521,0,0,unlabeled
5996,0.9525852799415588,1,1,unlabeled
5997,0.0005310855340212584,0,0,unlabeled
5998,0.9655107259750366,1,1,unlabeled
5999,0.0014551494969055057,0,0,unlabeled
6000,0.9826562404632568,1,1,val
6001,0.004882768262177706,0,0,unlabeled
6002,0.9432420134544373,1,1,unlabeled
6003,0.00045867476728744805,0,0,unlabeled
6004,0.0019577089697122574,0,0,unlabeled
6005,0.0012273332104086876,0,0,unlabeled
6006,0.0017636592965573072,0,0,unlabeled
6007,0.21237008273601532,0,0,unlabeled
6008,0.00040264736162498593,0,0,train
6009,0.0023186246398836374,0,0,unlabeled
6010,0.9525883197784424,1,1,unlabeled
6011,0.002026690635830164,0,0,unlabeled
6012,0.8879691362380981,1,1,unlabeled
6013,0.0020275984425097704,0,0,unlabeled
6014,3.766732334042899e-05,0,0,unlabeled
6015,0.0048206886276602745,0,0,unlabeled
6016,0.0007180321263149381,0,0,unlabeled
6017,0.00037542442441917956,0,0,unlabeled
6018,0.004459174815565348,0,0,val
6019,0.0006863090675324202,0,0,unlabeled
6020,0.0015942240133881569,0,0,train
6021,0.878253161907196,1,1,unlabeled
6022,0.0014115826925262809,0,0,train
6023,0.0005728681571781635,0,0,train
6024,0.8616288304328918,1,1,train
6025,0.028163054957985878,0,0,unlabeled
6026,0.0005797103513032198,0,0,unlabeled
6027,0.45715153217315674,0,0,unlabeled
6028,0.0029288672376424074,0,0,val
6029,0.9592907428741455,1,1,unlabeled
6030,7.78577450546436e-05,0,0,unlabeled
6031,0.0032070332672446966,0,0,unlabeled
6032,0.0004123078833799809,0,0,unlabeled
6033,0.0003298057126812637,0,0,val
6034,0.0035862543154507875,0,0,unlabeled
6035,0.0018128901720046997,0,0,unlabeled
6036,0.0011960708070546389,0,0,unlabeled
6037,0.9486676454544067,1,1,train
6038,0.0006181564531289041,0,0,unlabeled
6039,0.9827525615692139,1,1,unlabeled
6040,0.9813910722732544,1,1,train
6041,0.0017636592965573072,0,0,unlabeled
6042,0.9644628763198853,1,1,unlabeled
6043,0.9820354580879211,1,1,unlabeled
6044,0.990056037902832,1,1,unlabeled
6045,0.0015078397700563073,0,0,unlabeled
6046,0.0004507946432568133,0,0,train
6047,0.0013537961058318615,0,0,unlabeled
6048,0.0008641025051474571,0,0,unlabeled
6049,0.03443031758069992,0,0,unlabeled
6050,0.0005747360410168767,0,0,unlabeled
6051,0.9801455736160278,1,1,unlabeled
6052,0.0019865799695253372,0,0,unlabeled
6053,0.9876531362533569,1,1,unlabeled
6054,0.0006560385809279978,0,0,unlabeled
6055,0.11421012878417969,0,0,train
6056,0.0004345663182903081,0,0,unlabeled
6057,0.9797428250312805,1,1,unlabeled
6058,0.0013073605950921774,0,0,unlabeled
6059,0.016304757446050644,0,0,unlabeled
6060,0.9694729447364807,1,1,train
6061,0.9686837792396545,1,1,train
6062,0.0028441010508686304,0,0,unlabeled
6063,0.0010392838157713413,0,0,unlabeled
6064,0.9879063367843628,1,1,unlabeled
6065,0.0013605010462924838,0,0,unlabeled
6066,0.0006882871966809034,0,0,val
6067,0.0002569238713476807,0,0,unlabeled
6068,0.002334752818569541,0,0,unlabeled
6069,0.003339178627356887,0,0,unlabeled
6070,0.0036106673069298267,0,0,val
6071,0.0009262184030376375,0,0,unlabeled
6072,0.0023777219466865063,0,0,unlabeled
6073,0.00213309982791543,0,0,unlabeled
6074,0.0009769194293767214,0,0,unlabeled
6075,0.0012872747611254454,0,0,unlabeled
6076,0.9805646538734436,1,0,unlabeled
6077,0.9954179525375366,1,1,train
6078,0.0016295895911753178,0,0,unlabeled
6079,0.0012518531875684857,0,0,val
6080,0.0005941386916674674,0,0,unlabeled
6081,0.0010296003893017769,0,0,unlabeled
6082,0.000990695203654468,0,0,unlabeled
6083,0.9766765832901001,1,1,unlabeled
6084,0.0012194361770525575,0,0,val
6085,0.00039050690247677267,0,0,val
6086,0.9869930744171143,1,1,unlabeled
6087,0.9754809141159058,1,1,train
6088,0.000284491921775043,0,0,unlabeled
6089,0.9846763014793396,1,1,train
6090,0.0014210287481546402,0,0,unlabeled
6091,0.0005145974573679268,0,0,unlabeled
6092,0.00312612927518785,0,0,unlabeled
6093,0.987204909324646,1,1,unlabeled
6094,0.08942154049873352,0,0,unlabeled
6095,0.0005728681571781635,0,0,unlabeled
6096,0.0020943237468600273,0,0,unlabeled
6097,0.0007244939333759248,0,0,unlabeled
6098,0.0015773846535012126,0,0,unlabeled
6099,0.0011924498248845339,0,0,train
6100,0.00035497487988322973,0,0,unlabeled
6101,0.9868634939193726,1,1,unlabeled
6102,0.9866727590560913,1,1,unlabeled
6103,0.004118789918720722,0,0,unlabeled
6104,0.000544851936865598,0,0,unlabeled
6105,0.0012118009617552161,0,0,unlabeled
6106,0.002302523236721754,0,0,unlabeled
6107,0.06706411391496658,0,0,val
6108,0.0009726774296723306,0,0,unlabeled
6109,0.0038817066233605146,0,0,unlabeled
6110,0.07981538027524948,0,0,unlabeled
6111,0.0013582120882347226,0,0,unlabeled
6112,0.002816595835611224,0,0,unlabeled
6113,0.9918205738067627,1,1,unlabeled
6114,0.9844260215759277,1,1,unlabeled
6115,0.050899893045425415,0,0,unlabeled
6116,0.00042377584031783044,0,0,unlabeled
6117,0.9826944470405579,1,1,unlabeled
6118,0.0003820148704107851,0,0,unlabeled
6119,0.011560387909412384,0,0,train
6120,0.9565572142601013,1,1,unlabeled
6121,0.9502906203269958,1,1,train
6122,0.0009233292657881975,0,0,unlabeled
6123,7.029977132333443e-05,0,0,unlabeled
6124,0.00014967676543164998,0,0,unlabeled
6125,0.08010520040988922,0,0,unlabeled
6126,0.0011204199399799109,0,0,unlabeled
6127,0.00026573220384307206,0,0,unlabeled
6128,0.9856609106063843,1,1,unlabeled
6129,0.9858664870262146,1,1,unlabeled
6130,0.964961051940918,1,1,unlabeled
6131,0.0011179822031408548,0,0,unlabeled
6132,0.9454560279846191,1,1,unlabeled
6133,0.9634299874305725,1,1,unlabeled
6134,7.704325980739668e-05,0,0,unlabeled
6135,0.0005236586439423263,0,0,unlabeled
6136,0.0002998983836732805,0,0,train
6137,0.9891169667243958,1,1,train
6138,0.001034893561154604,0,0,unlabeled
6139,0.010611237026751041,0,0,unlabeled
6140,0.0011951819760724902,0,0,unlabeled
6141,0.9614377617835999,1,1,val
6142,0.00031323518487624824,0,0,unlabeled
6143,0.9629089832305908,1,1,unlabeled
6144,0.0002019483654294163,0,0,unlabeled
6145,0.019013574346899986,0,0,unlabeled
6146,0.0005510655464604497,0,0,unlabeled
6147,0.0002904883003793657,0,0,unlabeled
6148,0.0011902189580723643,0,0,unlabeled
6149,0.00043493389966897666,0,0,unlabeled
6150,0.9496931433677673,1,1,train
6151,0.8036110401153564,0,0,unlabeled
6152,0.0006115693249739707,0,0,train
6153,0.061997704207897186,0,0,unlabeled
6154,0.0006131611880846322,0,0,unlabeled
6155,0.0028566031251102686,0,0,train
6156,0.13123436272144318,0,0,unlabeled
6157,0.001462767249904573,0,0,unlabeled
6158,0.5806161761283875,0,0,unlabeled
6159,0.0008536746026948094,0,0,unlabeled
6160,0.8032082915306091,0,0,train
6161,0.002492530969902873,0,0,unlabeled
6162,0.0018456357065588236,0,0,train
6163,0.002640367951244116,0,0,train
6164,0.9466967582702637,1,1,unlabeled
6165,0.8781872391700745,1,1,unlabeled
6166,0.0008541762945242226,0,0,train
6167,0.0006463852478191257,0,0,unlabeled
6168,0.004181602504104376,0,0,unlabeled
6169,0.9715256094932556,1,1,unlabeled
6170,0.0005908912280574441,0,0,unlabeled
6171,0.003328053979203105,0,0,unlabeled
6172,0.11807093024253845,0,0,unlabeled
6173,0.9875961542129517,1,1,unlabeled
6174,0.001645349315367639,0,0,unlabeled
6175,0.9778209924697876,1,1,unlabeled
6176,0.9781494736671448,1,1,val
6177,0.0019550237338989973,0,0,val
6178,0.0023179384879767895,0,0,train
6179,0.0002554948441684246,0,0,unlabeled
6180,0.0021235672757029533,0,0,unlabeled
6181,0.988664448261261,1,1,unlabeled
6182,0.0024018187541514635,0,0,unlabeled
6183,0.0012894283281639218,0,0,unlabeled
6184,0.967796802520752,1,1,unlabeled
6185,0.00017263327026739717,0,0,unlabeled
6186,0.00037754542427137494,0,0,unlabeled
6187,8.98588405107148e-05,0,0,unlabeled
6188,0.0032034898176789284,0,0,val
6189,0.0004867671523243189,0,0,unlabeled
6190,0.6857341527938843,0,0,train
6191,0.9632481336593628,1,1,unlabeled
6192,0.9872950911521912,1,1,unlabeled
6193,0.0018620090559124947,0,0,unlabeled
6194,2.271550556542934e-06,0,0,unlabeled
6195,0.0010507936822250485,0,0,unlabeled
6196,7.4391441557963844e-06,0,0,unlabeled
6197,0.038739580661058426,0,0,unlabeled
6198,0.0005310855340212584,0,0,train
6199,0.0005747360410168767,0,0,unlabeled
6200,0.004882256034761667,0,0,unlabeled
6201,0.0005051124026067555,0,0,train
6202,0.007335805334150791,0,0,train
6203,0.0014627666678279638,0,0,unlabeled
6204,0.920098602771759,1,1,unlabeled
6205,0.0004866949748247862,0,0,unlabeled
6206,0.9796018600463867,1,1,unlabeled
6207,0.9565129280090332,1,1,unlabeled
6208,0.03856082260608673,0,0,unlabeled
6209,0.001172108226455748,0,0,unlabeled
6210,5.782752054983575e-07,0,0,unlabeled
6211,0.9885227680206299,1,1,unlabeled
6212,0.002369937254115939,0,0,unlabeled
6213,0.9626351594924927,1,1,unlabeled
6214,0.9447345733642578,1,1,unlabeled
6215,0.9568266272544861,1,1,unlabeled
6216,0.000676705501973629,0,0,unlabeled
6217,7.566727163066389e-06,0,0,unlabeled
6218,0.0009920322336256504,0,0,unlabeled
6219,0.08098726719617844,0,0,unlabeled
6220,0.0008313031867146492,0,0,unlabeled
6221,0.0044591729529201984,0,0,unlabeled
6222,0.0004208053869660944,0,0,train
6223,0.987215518951416,1,1,train
6224,0.0019581245724111795,0,0,unlabeled
6225,0.9305855631828308,1,0,unlabeled
6226,0.00019754728418774903,0,0,unlabeled
6227,0.0006330098840408027,0,0,unlabeled
6228,0.9720544219017029,1,1,unlabeled
6229,0.004459170624613762,0,0,train
6230,0.006914212834089994,0,0,unlabeled
6231,0.0002682722406461835,0,0,val
6232,0.0003164480731356889,0,0,unlabeled
6233,0.0007743575843051076,0,0,train
6234,0.0020681137684732676,0,0,train
6235,0.0007559741497971117,0,0,unlabeled
6236,0.0003946262295357883,0,0,train
6237,0.002209416590631008,0,0,unlabeled
6238,0.9432554841041565,1,1,unlabeled
6239,0.82533860206604,0,0,unlabeled
6240,0.30939868092536926,0,0,train
6241,0.8933185935020447,1,1,unlabeled
6242,0.047806162387132645,0,0,unlabeled
6243,0.20116466283798218,0,0,unlabeled
6244,0.0017872677417472005,0,0,unlabeled
6245,0.004228781443089247,0,0,unlabeled
6246,0.0006761479307897389,0,0,unlabeled
6247,0.0021235672757029533,0,0,unlabeled
6248,0.9888306260108948,1,1,val
6249,0.9385815262794495,1,1,unlabeled
6250,0.0013028732500970364,0,0,unlabeled
6251,0.1413964331150055,0,0,unlabeled
6252,0.0009319262462668121,0,0,train
6253,0.9641823172569275,1,1,unlabeled
6254,0.0005498758400790393,0,0,train
6255,0.07920808345079422,0,0,unlabeled
6256,0.9816811680793762,1,1,unlabeled
6257,0.0006758515373803675,0,0,unlabeled
6258,0.9240044951438904,1,0,unlabeled
6259,0.002834557555615902,0,0,val
6260,0.0014627666678279638,0,0,unlabeled
6261,0.0015181314665824175,0,0,unlabeled
6262,2.6531573894317262e-05,0,0,unlabeled
6263,0.0003957918961532414,0,0,unlabeled
6264,0.0004966749111190438,0,0,unlabeled
6265,2.8144586394773796e-07,0,0,unlabeled
6266,0.0028566031251102686,0,0,val
6267,0.0007596481591463089,0,0,unlabeled
6268,0.0011615271214395761,0,0,unlabeled
6269,0.0011215315898880363,0,0,unlabeled
6270,0.001916636130772531,0,0,train
6271,0.003702544840052724,0,0,unlabeled
6272,0.0012656087055802345,0,0,train
6273,0.9813024401664734,1,1,unlabeled
6274,0.00144249910954386,0,0,unlabeled
6275,0.10630757361650467,0,0,unlabeled
6276,0.002939466154202819,0,0,unlabeled
6277,0.007335805334150791,0,0,unlabeled
6278,0.0004089048597961664,0,0,val
6279,0.14341039955615997,0,0,train
6280,0.9478010535240173,1,1,train
6281,0.9784491062164307,1,1,unlabeled
6282,0.0025539498310536146,0,0,val
6283,0.0007256045937538147,0,0,unlabeled
6284,0.9564259052276611,1,1,unlabeled
6285,0.0008641025051474571,0,0,unlabeled
6286,0.002297931583598256,0,0,unlabeled
6287,0.0003018748539034277,0,0,val
6288,0.8646509051322937,1,1,unlabeled
6289,0.003124812850728631,0,0,unlabeled
6290,0.004459170624613762,0,0,unlabeled
6291,0.974361777305603,1,1,unlabeled
6292,7.029977132333443e-05,0,0,unlabeled
6293,0.003328053979203105,0,0,unlabeled
6294,0.0005823788233101368,0,0,unlabeled
6295,0.0008656047284603119,0,0,unlabeled
6296,0.9901860952377319,1,1,unlabeled
6297,0.03544100373983383,0,0,unlabeled
6298,0.979335606098175,1,1,unlabeled
6299,0.0009720242815092206,0,0,unlabeled
6300,0.25421056151390076,0,0,unlabeled
6301,0.9909693598747253,1,1,unlabeled
6302,0.0015343079576268792,0,0,unlabeled
6303,0.00037517864257097244,0,0,unlabeled
6304,0.0006199648487381637,0,0,unlabeled
6305,0.002399302087724209,0,0,unlabeled
6306,0.006044207140803337,0,0,unlabeled
6307,0.00031126977410167456,0,0,unlabeled
6308,0.0024018187541514635,0,0,unlabeled
6309,0.9887861013412476,1,1,unlabeled
6310,0.0002739015326369554,0,0,unlabeled
6311,0.945166289806366,1,1,unlabeled
6312,0.0006279982626438141,0,0,unlabeled
6313,0.0003146370581816882,0,0,unlabeled
6314,0.0012964976485818624,0,0,unlabeled
6315,0.00031323518487624824,0,0,unlabeled
6316,0.9726957678794861,1,1,unlabeled
6317,0.9751818776130676,1,1,train
6318,0.38503533601760864,0,0,unlabeled
6319,0.001173296826891601,0,0,val
6320,0.0016245091101154685,0,0,unlabeled
6321,0.03544100373983383,0,0,unlabeled
6322,0.6755346655845642,0,0,unlabeled
6323,0.0003550061665009707,0,0,unlabeled
6324,0.0020081361290067434,0,0,unlabeled
6325,0.0003034735273104161,0,0,unlabeled
6326,0.005136571358889341,0,0,train
6327,0.6125823259353638,0,0,val
6328,0.00047939957585185766,0,0,unlabeled
6329,0.0003922311298083514,0,0,unlabeled
6330,0.05975958704948425,0,0,unlabeled
6331,0.0007099633221514523,0,0,unlabeled
6332,0.9541487693786621,1,1,unlabeled
6333,0.965825617313385,1,1,unlabeled
6334,0.006377140525728464,0,0,unlabeled
6335,0.0007578354561701417,0,0,unlabeled
6336,0.0003274025802966207,0,0,unlabeled
6337,0.963967502117157,1,1,train
6338,0.003046560101211071,0,0,unlabeled
6339,0.013028796762228012,0,0,unlabeled
6340,0.002640367951244116,0,0,train
6341,0.9852355718612671,1,1,unlabeled
6342,0.9801610112190247,1,1,unlabeled
6343,0.9822400212287903,1,1,unlabeled
6344,0.047108184546232224,0,0,unlabeled
6345,0.0005412981263361871,0,0,unlabeled
6346,0.171390101313591,0,0,unlabeled
6347,0.9870348572731018,1,1,unlabeled
6348,0.0007387822261080146,0,0,val
6349,0.0005452517070807517,0,0,unlabeled
6350,0.0384925939142704,0,0,unlabeled
6351,0.0019879406318068504,0,0,unlabeled
6352,0.981116771697998,1,1,train
6353,0.0009457682026550174,0,0,unlabeled
6354,0.0036314341705292463,0,0,unlabeled
6355,0.0032379187177866697,0,0,train
6356,0.01589498296380043,0,0,train
6357,0.031223632395267487,0,0,train
6358,0.9493546485900879,1,1,unlabeled
6359,0.006759040988981724,0,0,unlabeled
6360,0.00019239950051996857,0,0,unlabeled
6361,0.0007235183147713542,0,0,unlabeled
6362,0.9437133073806763,1,1,unlabeled
6363,0.9032818675041199,1,1,unlabeled
6364,0.0007002989295870066,0,0,train
6365,0.9742761254310608,1,1,unlabeled
6366,0.9916403293609619,1,1,train
6367,0.0004592231416609138,0,0,unlabeled
6368,0.0031089254189282656,0,0,unlabeled
6369,0.0015308237634599209,0,0,unlabeled
6370,0.9832587242126465,1,1,val
6371,0.8685945272445679,1,0,unlabeled
6372,0.9067955613136292,1,1,unlabeled
6373,0.0002790922299027443,0,0,unlabeled
6374,0.0005677760345861316,0,0,unlabeled
6375,0.0006727015133947134,0,0,unlabeled
6376,0.0010695175733417273,0,0,unlabeled
6377,0.0024925321340560913,0,0,unlabeled
6378,0.9799439311027527,1,1,unlabeled
6379,0.025568030774593353,0,0,unlabeled
6380,0.9499506950378418,1,1,unlabeled
6381,0.0009436947875656188,0,0,unlabeled
6382,0.0023490421008318663,0,0,unlabeled
6383,0.0005760163185186684,0,0,unlabeled
6384,0.000697949668392539,0,0,unlabeled
6385,0.0011473201448097825,0,0,unlabeled
6386,0.001292545348405838,0,0,unlabeled
6387,0.002369937254115939,0,0,unlabeled
6388,1.4633843647970934e-07,0,0,train
6389,0.0017170142382383347,0,0,unlabeled
6390,0.00124206708278507,0,0,unlabeled
6391,0.006432672962546349,0,0,unlabeled
6392,0.0019614598713815212,0,0,train
6393,0.9494685530662537,1,1,val
6394,0.0010337065905332565,0,0,unlabeled
6395,0.8952988982200623,1,1,unlabeled
6396,0.1268598437309265,0,0,unlabeled
6397,0.0007481198408640921,0,0,unlabeled
6398,0.9725034832954407,1,1,unlabeled
6399,0.9835461378097534,1,1,unlabeled
6400,0.00031653736368753016,0,0,unlabeled
6401,3.752570410142653e-05,0,0,unlabeled
6402,0.0002854643389582634,0,0,unlabeled
6403,0.0016245082952082157,0,0,unlabeled
6404,0.0035862543154507875,0,0,unlabeled
6405,0.0007659248076379299,0,0,train
6406,0.003328053979203105,0,0,unlabeled
6407,0.0028566031251102686,0,0,unlabeled
6408,0.0023893939796835184,0,0,unlabeled
6409,0.0028525462839752436,0,0,unlabeled
6410,0.00045594482799060643,0,0,unlabeled
6411,0.0012540388852357864,0,0,unlabeled
6412,0.5221380591392517,0,0,train
6413,0.0005245641223154962,0,0,unlabeled
6414,0.0003922311298083514,0,0,unlabeled
6415,0.001303350436501205,0,0,train
6416,0.0017636592965573072,0,0,unlabeled
6417,0.0033097020350396633,0,0,unlabeled
6418,6.603544898098335e-05,0,0,unlabeled
6419,0.0012492239475250244,0,0,unlabeled
6420,0.0006123079801909626,0,0,unlabeled
6421,0.010933016426861286,0,0,train
6422,0.0278007909655571,0,0,unlabeled
6423,0.004459170624613762,0,0,train
6424,0.9560375213623047,1,1,unlabeled
6425,0.8981011509895325,1,1,unlabeled
6426,0.005673839710652828,0,0,unlabeled
6427,0.007901842705905437,0,0,unlabeled
6428,0.0005869113956578076,0,0,unlabeled
6429,0.0009066534112207592,0,0,train
6430,0.9636613130569458,1,1,unlabeled
6431,0.0008211722015403211,0,0,train
6432,0.0011720742331817746,0,0,unlabeled
6433,0.0006922315224073827,0,0,unlabeled
6434,0.0023622247390449047,0,0,train
6435,0.0008485039579682052,0,0,unlabeled
6436,0.9026125073432922,1,1,unlabeled
6437,0.0022356119006872177,0,0,unlabeled
6438,0.049542076885700226,0,0,unlabeled
6439,0.0006115693249739707,0,0,unlabeled
6440,0.988059937953949,1,1,unlabeled
6441,0.901970386505127,1,1,unlabeled
6442,0.2462729960680008,0,0,unlabeled
6443,8.838435974212189e-07,0,0,unlabeled
6444,0.9802313446998596,1,1,unlabeled
6445,0.0006547642988152802,0,0,unlabeled
6446,0.00013611640315502882,0,0,unlabeled
6447,0.0020084832794964314,0,0,unlabeled
6448,0.8803237676620483,1,1,unlabeled
6449,0.8226317763328552,0,1,unlabeled
6450,0.0006494100671261549,0,0,train
6451,0.0011451756581664085,0,0,unlabeled
6452,0.0016313338419422507,0,0,unlabeled
6453,0.950228214263916,1,1,unlabeled
6454,0.0015369618777185678,0,0,unlabeled
6455,0.010687661357223988,0,0,unlabeled
6456,0.002633493160828948,0,0,train
6457,0.002068739617243409,0,0,unlabeled
6458,0.0006567889358848333,0,0,unlabeled
6459,0.03544100373983383,0,0,unlabeled
6460,0.9596081972122192,1,1,unlabeled
6461,0.9903229475021362,1,1,train
6462,0.9850925803184509,1,1,unlabeled
6463,0.00022622504911851138,0,0,unlabeled
6464,0.0005711948615498841,0,0,train
6465,0.12593533098697662,0,0,unlabeled
6466,0.0007755871629342437,0,0,val
6467,0.00246229930780828,0,0,unlabeled
6468,0.00040240641101263463,0,0,unlabeled
6469,0.0024925321340560913,0,0,unlabeled
6470,0.00027895893435925245,0,0,unlabeled
6471,0.958588719367981,1,1,unlabeled
6472,0.0020084832794964314,0,0,unlabeled
6473,0.01655658520758152,0,0,train
6474,0.0013574063777923584,0,0,unlabeled
6475,6.921402928128373e-06,0,0,unlabeled
6476,0.00045594482799060643,0,0,unlabeled
6477,0.0009786292212083936,0,0,unlabeled
6478,0.0010912632569670677,0,0,unlabeled
6479,0.014242039993405342,0,0,train
6480,0.0008918669773265719,0,0,unlabeled
6481,0.0035862543154507875,0,0,unlabeled
6482,0.8175584673881531,0,0,unlabeled
6483,0.031025055795907974,0,0,train
6484,0.03781033679842949,0,0,unlabeled
6485,0.9462792873382568,1,1,unlabeled
6486,0.0004601952969096601,0,0,unlabeled
6487,0.0018425136804580688,0,0,unlabeled
6488,0.9551697373390198,1,1,unlabeled
6489,0.9723114371299744,1,1,unlabeled
6490,0.0012467947090044618,0,0,unlabeled
6491,0.985395610332489,1,1,unlabeled
6492,0.001492262352257967,0,0,unlabeled
6493,0.005161030683666468,0,0,unlabeled
6494,0.0023644024040549994,0,0,train
6495,0.0005753776058554649,0,0,unlabeled
6496,0.004125588107854128,0,0,unlabeled
6497,0.0011184605536982417,0,0,unlabeled
6498,0.00025755862588994205,0,0,unlabeled
6499,0.004598259460180998,0,0,unlabeled
6500,0.0009180064080283046,0,0,unlabeled
6501,0.0006587511161342263,0,0,unlabeled
6502,0.9830038547515869,1,1,unlabeled
6503,0.0005609446088783443,0,0,unlabeled
6504,0.9761837720870972,1,1,unlabeled
6505,0.9196237921714783,1,1,unlabeled
6506,0.9842128753662109,1,1,unlabeled
6507,0.00032730677048675716,0,0,unlabeled
6508,0.00022982356313150376,0,0,unlabeled
6509,0.0012800961267203093,0,0,unlabeled
6510,0.05926576256752014,0,0,unlabeled
6511,0.0008536746026948094,0,0,unlabeled
6512,0.0026308230590075254,0,0,unlabeled
6513,0.001931426813825965,0,0,train
6514,0.025887247174978256,0,0,train
6515,0.01306017767637968,0,0,unlabeled
6516,0.0021822999697178602,0,0,unlabeled
6517,0.0022356119006872177,0,0,unlabeled
6518,0.9738151431083679,1,1,unlabeled
6519,0.9571692943572998,1,1,val
6520,2.9585107768070884e-06,0,0,unlabeled
6521,0.001134643447585404,0,0,unlabeled
6522,0.24889908730983734,0,0,unlabeled
6523,0.0011145188473165035,0,0,unlabeled
6524,0.01285616960376501,0,0,unlabeled
6525,0.0008769074338488281,0,0,unlabeled
6526,0.0008073870558291674,0,0,unlabeled
6527,0.9017561078071594,1,1,train
6528,0.0035862543154507875,0,0,val
6529,0.00022982356313150376,0,0,unlabeled
6530,0.8472216129302979,1,0,unlabeled
6531,0.96551513671875,1,1,train
6532,0.0008457388612441719,0,0,unlabeled
6533,5.782752054983575e-07,0,0,unlabeled
6534,0.0031914073042571545,0,0,unlabeled
6535,0.9519196152687073,1,1,unlabeled
6536,0.9756938815116882,1,1,unlabeled
6537,0.0021235672757029533,0,0,unlabeled
6538,0.9782731533050537,1,1,unlabeled
6539,0.0003481348103377968,0,0,train
6540,0.24755859375,0,0,unlabeled
6541,0.9915942549705505,1,1,unlabeled
6542,0.00036407497827894986,0,0,unlabeled
6543,0.9880272150039673,1,1,unlabeled
6544,0.002140173688530922,0,0,train
6545,0.0026491056196391582,0,0,train
6546,0.9815372228622437,1,1,train
6547,0.2627430558204651,0,0,unlabeled
6548,0.00046048781950958073,0,0,unlabeled
6549,0.0035862543154507875,0,0,unlabeled
6550,0.008324453607201576,0,0,unlabeled
6551,0.0020084832794964314,0,0,unlabeled
6552,0.9732853174209595,1,1,unlabeled
6553,0.0005065953591838479,0,0,unlabeled
6554,0.008775034919381142,0,0,unlabeled
6555,0.0009825058514252305,0,0,train
6556,0.0024018187541514635,0,0,unlabeled
6557,0.0010476200841367245,0,0,unlabeled
6558,0.00100061169359833,0,0,unlabeled
6559,0.05804949998855591,0,0,unlabeled
6560,0.0032070332672446966,0,0,unlabeled
6561,0.0016316453693434596,0,0,unlabeled
6562,0.0069685885682702065,0,0,unlabeled
6563,0.0010208130115643144,0,0,unlabeled
6564,0.0013105053221806884,0,0,train
6565,0.0020084832794964314,0,0,unlabeled
6566,0.000660776742734015,0,0,unlabeled
6567,0.9698759317398071,1,1,unlabeled
6568,0.9847185015678406,1,1,unlabeled
6569,0.002175872912630439,0,0,unlabeled
6570,0.0044591729529201984,0,0,unlabeled
6571,0.001771875424310565,0,0,train
6572,0.002175872912630439,0,0,train
6573,0.0003288095467723906,0,0,train
6574,0.0001460150961065665,0,0,unlabeled
6575,0.0026615934912115335,0,0,unlabeled
6576,0.004454441834241152,0,0,train
6577,0.0028278303798288107,0,0,unlabeled
6578,0.0013569928705692291,0,0,val
6579,0.0015343079576268792,0,0,train
6580,0.000368281063856557,0,0,unlabeled
6581,0.13650454580783844,0,0,unlabeled
6582,0.0006376106757670641,0,0,unlabeled
6583,0.0022079001646488905,0,0,unlabeled
6584,0.0007593014161102474,0,0,train
6585,0.06937264651060104,0,0,unlabeled
6586,0.0073819891549646854,0,0,unlabeled
6587,0.0016195786884054542,0,0,train
6588,0.987754762172699,1,1,train
6589,0.0003946262295357883,0,0,unlabeled
6590,0.0371435210108757,0,0,unlabeled
6591,0.0002025905851041898,0,0,unlabeled
6592,0.8741737604141235,1,1,train
6593,0.0011099157854914665,0,0,unlabeled
6594,0.0002159926516469568,0,0,train
6595,0.8953496813774109,1,1,unlabeled
6596,0.0015539528103545308,0,0,unlabeled
6597,0.0003744170826394111,0,0,unlabeled
6598,0.15606144070625305,0,0,train
6599,0.00010682836727937683,0,0,unlabeled
6600,1.9947874818626588e-07,0,0,unlabeled
6601,0.0006120495381765068,0,0,train
6602,0.011560387909412384,0,0,unlabeled
6603,0.0001460150961065665,0,0,unlabeled
6604,0.8642263412475586,1,1,unlabeled
6605,0.9537168145179749,1,1,unlabeled
6606,0.000800205220002681,0,0,unlabeled
6607,0.0010019413894042373,0,0,unlabeled
6608,0.0005130028002895415,0,0,unlabeled
6609,0.23785874247550964,0,0,unlabeled
6610,0.0006721147801727057,0,0,val
6611,0.0008641025051474571,0,0,val
6612,0.35513997077941895,0,0,val
6613,0.004350842442363501,0,0,unlabeled
6614,0.9849684834480286,1,1,unlabeled
6615,0.11650766432285309,0,0,unlabeled
6616,0.9846842885017395,1,1,unlabeled
6617,0.0013582120882347226,0,0,unlabeled
6618,0.8638586401939392,1,1,unlabeled
6619,0.033955663442611694,0,0,unlabeled
6620,0.002227132674306631,0,0,unlabeled
6621,0.002108191605657339,0,0,unlabeled
6622,0.001790848677046597,0,0,train
6623,0.11589176207780838,0,0,unlabeled
6624,0.002319023944437504,0,0,val
6625,0.005959291942417622,0,0,train
6626,0.05657244846224785,0,0,unlabeled
6627,0.0005747360410168767,0,0,unlabeled
6628,0.9823723435401917,1,1,unlabeled
6629,0.002454098081216216,0,0,unlabeled
6630,0.9874310493469238,1,1,unlabeled
6631,0.0002209920494351536,0,0,train
6632,0.98494553565979,1,1,train
6633,0.9893850684165955,1,1,unlabeled
6634,0.03219238296151161,0,0,unlabeled
6635,0.0009352579363621771,0,0,unlabeled
6636,0.0002025905851041898,0,0,unlabeled
6637,0.9641730189323425,1,1,unlabeled
6638,0.0022356119006872177,0,0,unlabeled
6639,0.002297931583598256,0,0,unlabeled
6640,0.00217427802272141,0,0,unlabeled
6641,0.0010476205497980118,0,0,unlabeled
6642,3.766732334042899e-05,0,0,unlabeled
6643,0.00040114286821335554,0,0,unlabeled
6644,0.0648198351264,0,0,train
6645,0.0004123078833799809,0,0,train
6646,2.7810776828118833e-06,0,0,unlabeled
6647,0.9838839173316956,1,1,unlabeled
6648,0.0016187939327210188,0,0,unlabeled
6649,0.0005953784566372633,0,0,unlabeled
6650,0.03927453234791756,0,0,train
6651,0.9860125184059143,1,1,unlabeled
6652,0.0006158935138955712,0,0,unlabeled
6653,0.9901318550109863,1,1,train
6654,0.0005923527642153203,0,0,unlabeled
6655,0.00019754728418774903,0,0,val
6656,0.00037517864257097244,0,0,unlabeled
6657,0.157920241355896,0,0,val
6658,0.9717785120010376,1,1,unlabeled
6659,0.008962570689618587,0,0,unlabeled
6660,0.9524694681167603,1,1,unlabeled
6661,0.0007860343321226537,0,0,train
6662,0.0009189024567604065,0,0,unlabeled
6663,0.0004966749111190438,0,0,unlabeled
6664,0.00039279297925531864,0,0,unlabeled
6665,0.24882543087005615,0,0,unlabeled
6666,0.002771704690530896,0,0,unlabeled
6667,0.002329940674826503,0,0,unlabeled
6668,0.0010873351711779833,0,0,unlabeled
6669,0.0144071439281106,0,0,unlabeled
6670,0.0019587890710681677,0,0,train
6671,0.0027796942740678787,0,0,val
6672,0.0012339894892647862,0,0,unlabeled
6673,0.004171030595898628,0,0,unlabeled
6674,0.0033831028267741203,0,0,unlabeled
6675,0.0008423472754657269,0,0,unlabeled
6676,0.9925305247306824,1,1,unlabeled
6677,1.7241532987100072e-05,0,0,unlabeled
6678,7.463988004019484e-05,0,0,train
6679,0.00040422382880933583,0,0,unlabeled
6680,0.0002465781872160733,0,0,unlabeled
6681,0.0019614598713815212,0,0,unlabeled
6682,0.0012397061800584197,0,0,val
6683,0.0008641025051474571,0,0,unlabeled
6684,0.0007761387387290597,0,0,unlabeled
6685,0.0005059521063230932,0,0,unlabeled
6686,0.0038501478265970945,0,0,unlabeled
6687,0.0002511772036086768,0,0,unlabeled
6688,0.9342067837715149,1,1,unlabeled
6689,0.8381742238998413,1,1,unlabeled
6690,0.0007761387387290597,0,0,train
6691,0.000495597836561501,0,0,unlabeled
6692,0.003006021725013852,0,0,train
6693,0.0008807933772914112,0,0,unlabeled
6694,0.0007557180942967534,0,0,unlabeled
6695,0.9563558101654053,1,1,train
6696,0.0012397061800584197,0,0,unlabeled
6697,0.00033712518052197993,0,0,unlabeled
6698,0.0017094885697588325,0,0,unlabeled
6699,0.0004333005053922534,0,0,unlabeled
6700,0.985501766204834,1,1,unlabeled
6701,0.0020314750727266073,0,0,unlabeled
6702,0.0003236875927541405,0,0,unlabeled
6703,0.29858633875846863,0,0,unlabeled
6704,0.0011900964891538024,0,0,unlabeled
6705,0.0013260436244308949,0,0,val
6706,0.000368281063856557,0,0,unlabeled
6707,0.9895251989364624,1,1,unlabeled
6708,0.0043146610260009766,0,0,unlabeled
6709,0.024675726890563965,0,0,unlabeled
6710,0.002359483391046524,0,0,train
6711,0.0004148826701566577,0,0,unlabeled
6712,0.003189334413036704,0,0,unlabeled
6713,0.0010492452420294285,0,0,unlabeled
6714,0.0015211428981274366,0,0,unlabeled
6715,0.0006822934374213219,0,0,unlabeled
6716,0.03410081937909126,0,0,unlabeled
6717,0.009490038268268108,0,0,unlabeled
6718,0.9910048246383667,1,1,train
6719,0.002204126911237836,0,0,unlabeled
6720,0.0009116794681176543,0,0,unlabeled
6721,0.0020742625929415226,0,0,unlabeled
6722,2.5453573471168056e-06,0,0,unlabeled
6723,0.0034317022655159235,0,0,train
6724,0.08498437702655792,0,0,unlabeled
6725,0.001771875424310565,0,0,unlabeled
6726,0.6984966397285461,0,0,unlabeled
6727,0.0044591729529201984,0,0,unlabeled
6728,0.0024925321340560913,0,0,unlabeled
6729,0.000551935750991106,0,0,unlabeled
6730,0.00915201473981142,0,0,unlabeled
6731,0.0019587883725762367,0,0,unlabeled
6732,0.0021235672757029533,0,0,unlabeled
6733,0.0015199431218206882,0,0,train
6734,0.000606489134952426,0,0,unlabeled
6735,0.0005728681571781635,0,0,unlabeled
6736,0.05910521745681763,0,0,unlabeled
6737,0.0022356119006872177,0,0,unlabeled
6738,0.000910174916498363,0,0,unlabeled
6739,0.0005811110022477806,0,0,unlabeled
6740,0.13941903412342072,0,0,unlabeled
6741,0.0021235672757029533,0,0,train
6742,0.000899640959687531,0,0,unlabeled
6743,0.0009779982501640916,0,0,unlabeled
6744,0.09441164135932922,0,0,unlabeled
6745,0.9904175400733948,1,1,unlabeled
6746,0.9420042634010315,1,1,unlabeled
6747,0.9719716310501099,1,1,unlabeled
6748,0.9412173628807068,1,1,unlabeled
6749,0.9753338098526001,1,1,train
6750,0.982344925403595,1,1,unlabeled
6751,0.03271922096610069,0,0,unlabeled
6752,0.003964636009186506,0,0,train
6753,0.03443031758069992,0,0,unlabeled
6754,0.0003228939021937549,0,0,unlabeled
6755,0.00042338253115303814,0,0,unlabeled
6756,0.0041642640717327595,0,0,train
6757,0.0014463167171925306,0,0,unlabeled
6758,0.9873914122581482,1,1,unlabeled
6759,0.0034875134006142616,0,0,unlabeled
6760,0.9705978035926819,1,1,train
6761,0.9937544465065002,1,1,val
6762,0.9837391376495361,1,1,unlabeled
6763,0.0002143415913451463,0,0,unlabeled
6764,0.0006457947893068194,0,0,unlabeled
6765,0.0022356119006872177,0,0,unlabeled
6766,0.9862819314002991,1,1,unlabeled
6767,0.0006785402656532824,0,0,unlabeled
6768,0.9921995997428894,1,1,unlabeled
6769,0.00012209817941766232,0,0,unlabeled
6770,0.00408752029761672,0,0,train
6771,0.0008609654614701867,0,0,unlabeled
6772,0.0011900964891538024,0,0,unlabeled
6773,3.835409643215826e-06,0,0,unlabeled
6774,0.875734269618988,1,1,unlabeled
6775,0.05320800840854645,0,0,unlabeled
6776,0.00018574605928733945,0,0,unlabeled
6777,0.004185114521533251,0,0,unlabeled
6778,0.09550956636667252,0,0,unlabeled
6779,0.007271759677678347,0,0,unlabeled
6780,0.00034916584263555706,0,0,unlabeled
6781,0.0012314397608861327,0,0,unlabeled
6782,0.0002025905851041898,0,0,unlabeled
6783,0.0016459147445857525,0,0,unlabeled
6784,0.0019614598713815212,0,0,train
6785,0.0013935307506471872,0,0,unlabeled
6786,0.9845778346061707,1,1,unlabeled
6787,0.0003270962042734027,0,0,train
6788,0.0016371399397030473,0,0,train
6789,0.0003298057126812637,0,0,unlabeled
6790,1.909677820322031e-07,0,0,train
6791,0.0005711194244213402,0,0,train
6792,0.0013324127066880465,0,0,unlabeled
6793,0.0009180064080283046,0,0,unlabeled
6794,0.0019485088996589184,0,0,unlabeled
6795,0.0012139052851125598,0,0,unlabeled
6796,0.0008043721900321543,0,0,train
6797,0.8672997355461121,1,0,unlabeled
6798,0.9752177000045776,1,1,train
6799,0.00048016285290941596,0,0,unlabeled
6800,0.004459170624613762,0,0,unlabeled
6801,0.0006764640565961599,0,0,unlabeled
6802,0.003328053979203105,0,0,unlabeled
6803,0.9904533624649048,1,1,unlabeled
6804,0.00016048627730924636,0,0,unlabeled
6805,0.9658226370811462,1,1,unlabeled
6806,0.0025446582585573196,0,0,train
6807,0.9862033128738403,1,1,unlabeled
6808,0.0006183025543577969,0,0,unlabeled
6809,0.0002841996611095965,0,0,unlabeled
6810,0.0009840313578024507,0,0,unlabeled
6811,0.017925292253494263,0,0,train
6812,0.0010967598063871264,0,0,unlabeled
6813,0.0009709555888548493,0,0,train
6814,0.004459170624613762,0,0,train
6815,0.0010121824452653527,0,0,unlabeled
6816,0.003258748911321163,0,0,unlabeled
6817,0.01622661203145981,0,0,unlabeled
6818,0.0004966749111190438,0,0,unlabeled
6819,0.0005480980034917593,0,0,unlabeled
6820,0.0005839563091285527,0,0,unlabeled
6821,0.9639155268669128,1,1,unlabeled
6822,0.002102569444105029,0,0,unlabeled
6823,0.00447428273037076,0,0,unlabeled
6824,0.9934658408164978,1,1,unlabeled
6825,0.0013812653487548232,0,0,unlabeled
6826,0.9507350325584412,1,1,unlabeled
6827,0.001451324438676238,0,0,train
6828,0.0004898319020867348,0,0,unlabeled
6829,0.0013279401464387774,0,0,train
6830,0.0014214178081601858,0,0,unlabeled
6831,0.0007271943613886833,0,0,unlabeled
6832,0.007771768607199192,0,0,unlabeled
6833,0.003046560101211071,0,0,unlabeled
6834,0.0020742625929415226,0,0,unlabeled
6835,0.007728045806288719,0,0,unlabeled
6836,0.9340196847915649,1,0,train
6837,0.021586338058114052,0,0,train
6838,0.0004590791359078139,0,0,unlabeled
6839,0.9656616449356079,1,1,unlabeled
6840,0.0010935096070170403,0,0,unlabeled
6841,0.002068739617243409,0,0,unlabeled
6842,0.0012728917645290494,0,0,train
6843,0.0006453748792409897,0,0,train
6844,0.856273353099823,1,1,unlabeled
6845,0.0004938259953632951,0,0,unlabeled
6846,0.003328053979203105,0,0,unlabeled
6847,0.9715725779533386,1,1,unlabeled
6848,0.2572672367095947,0,0,unlabeled
6849,0.0004007239767815918,0,0,unlabeled
6850,0.0020531886257231236,0,0,unlabeled
6851,0.0006199648487381637,0,0,unlabeled
6852,0.0003929023223463446,0,0,val
6853,0.9913251399993896,1,1,unlabeled
6854,0.9675314426422119,1,1,unlabeled
6855,0.9639220833778381,1,1,unlabeled
6856,0.0008641025051474571,0,0,train
6857,0.0019082195358350873,0,0,unlabeled
6858,4.0626417785460944e-07,0,0,unlabeled
6859,0.6830126643180847,0,0,unlabeled
6860,0.0015961971366778016,0,0,unlabeled
6861,0.0020765955559909344,0,0,unlabeled
6862,0.0002298051695106551,0,0,unlabeled
6863,0.0006120495381765068,0,0,unlabeled
6864,0.000767968303989619,0,0,train
6865,0.00033519192948006094,0,0,unlabeled
6866,0.9915865659713745,1,1,unlabeled
6867,0.0003274025802966207,0,0,val
6868,0.0007860343321226537,0,0,unlabeled
6869,0.0010678941616788507,0,0,unlabeled
6870,0.9865434765815735,1,1,train
6871,0.04451342299580574,0,0,unlabeled
6872,0.0009871356887742877,0,0,unlabeled
6873,0.000944357190746814,0,0,unlabeled
6874,0.00882530864328146,0,0,val
6875,0.0023603937588632107,0,0,unlabeled
6876,0.0010906760580837727,0,0,unlabeled
6877,0.9854176044464111,1,1,unlabeled
6878,0.0007101649534888566,0,0,unlabeled
6879,0.943844735622406,1,1,val
6880,0.012144943699240685,0,0,unlabeled
6881,0.0010476205497980118,0,0,unlabeled
6882,0.9878295660018921,1,1,train
6883,0.022036606445908546,0,0,unlabeled
6884,0.9900162816047668,1,1,unlabeled
6885,0.034253913909196854,0,0,train
6886,0.9589425325393677,1,1,unlabeled
6887,0.00734737329185009,0,0,unlabeled
6888,0.0010476200841367245,0,0,unlabeled
6889,0.0023622247390449047,0,0,unlabeled
6890,0.0018469537608325481,0,0,unlabeled
6891,0.9850055575370789,1,1,unlabeled
6892,0.9675490856170654,1,1,unlabeled
6893,0.000995531096123159,0,0,val
6894,0.0023339653853327036,0,0,val
6895,0.0008585998439230025,0,0,unlabeled
6896,0.0003298057126812637,0,0,unlabeled
6897,0.002295259153470397,0,0,unlabeled
6898,0.10735241323709488,0,0,unlabeled
6899,0.0009048929205164313,0,0,val
6900,0.9926907420158386,1,1,unlabeled
6901,0.9446194767951965,1,1,unlabeled
6902,0.9774718880653381,1,1,unlabeled
6903,0.017615262418985367,0,0,train
6904,0.0020084832794964314,0,0,train
6905,0.002329688984900713,0,0,unlabeled
6906,0.005136571358889341,0,0,unlabeled
6907,0.000683810212649405,0,0,train
6908,0.000344085565302521,0,0,unlabeled
6909,2.870447588065872e-06,0,0,unlabeled
6910,0.002790610771626234,0,0,unlabeled
6911,0.0033241824712604284,0,0,unlabeled
6912,0.022591369226574898,0,0,train
6913,0.0009355127695016563,0,0,unlabeled
6914,0.017194073647260666,0,0,val
6915,0.9739171266555786,1,1,unlabeled
6916,0.00032586304587312043,0,0,unlabeled
6917,0.0026587157044559717,0,0,unlabeled
6918,0.950153648853302,1,1,unlabeled
6919,0.9948413968086243,1,1,unlabeled
6920,0.9454329013824463,1,1,unlabeled
6921,0.0004601952969096601,0,0,unlabeled
6922,0.9719287157058716,1,1,unlabeled
6923,0.004596354439854622,0,0,unlabeled
6924,0.25730249285697937,0,0,unlabeled
6925,0.0012461963342502713,0,0,unlabeled
6926,0.0006061689928174019,0,0,unlabeled
6927,0.9783527851104736,1,1,unlabeled
6928,0.002033050637692213,0,0,unlabeled
6929,0.051415834575891495,0,0,train
6930,0.0012547181686386466,0,0,unlabeled
6931,0.00011601079313550144,0,0,unlabeled
6932,0.00030124495970085263,0,0,unlabeled
6933,0.0009406870813108981,0,0,unlabeled
6934,0.9474936723709106,1,1,unlabeled
6935,0.002640367951244116,0,0,unlabeled
6936,0.0002932959469035268,0,0,unlabeled
6937,0.0013701323186978698,0,0,unlabeled
6938,0.016581183299422264,0,0,unlabeled
6939,7.198529783636332e-05,0,0,train
6940,0.0024925321340560913,0,0,unlabeled
6941,0.0005757928593084216,0,0,unlabeled
6942,0.000368281063856557,0,0,unlabeled
6943,0.15875940024852753,0,0,unlabeled
6944,0.0009676693007349968,0,0,unlabeled
6945,0.0006910157389938831,0,0,unlabeled
6946,0.0006508714286610484,0,0,train
6947,0.0010153802577406168,0,0,unlabeled
6948,0.0011242320761084557,0,0,unlabeled
6949,0.9820550084114075,1,1,unlabeled
6950,0.00040264736162498593,0,0,unlabeled
6951,0.0010221549309790134,0,0,val
6952,0.0005759564810432494,0,0,unlabeled
6953,0.003328053979203105,0,0,unlabeled
6954,0.0002672368136700243,0,0,unlabeled
6955,0.001021891599521041,0,0,unlabeled
6956,0.0044712042436003685,0,0,unlabeled
6957,0.0004348836955614388,0,0,unlabeled
6958,0.002594125922769308,0,0,unlabeled
6959,0.1617630571126938,0,0,unlabeled
6960,0.9853678345680237,1,1,unlabeled
6961,0.017241226509213448,0,0,unlabeled
6962,0.0031388497445732355,0,0,train
6963,0.006177639588713646,0,0,unlabeled
6964,0.0006900066509842873,0,0,unlabeled
6965,0.0003154338919557631,0,0,unlabeled
6966,0.0005747360410168767,0,0,unlabeled
6967,0.9852111339569092,1,1,val
6968,0.0023473429027944803,0,0,train
6969,0.0015499847941100597,0,0,unlabeled
6970,0.000845045258756727,0,0,unlabeled
6971,0.9716452360153198,1,1,val
6972,0.0031388497445732355,0,0,unlabeled
6973,0.0036548732314258814,0,0,unlabeled
6974,0.0008107561152428389,0,0,unlabeled
6975,0.951688826084137,1,1,unlabeled
6976,0.9889886975288391,1,1,unlabeled
6977,0.0005988682387396693,0,0,val
6978,0.08338295668363571,0,0,train
6979,0.002102569444105029,0,0,val
6980,0.0020287123043090105,0,0,train
6981,0.0019667381420731544,0,0,unlabeled
6982,0.9162496328353882,1,1,unlabeled
6983,0.0022356119006872177,0,0,unlabeled
6984,0.0009670264553278685,0,0,unlabeled
6985,0.002079808386042714,0,0,unlabeled
6986,0.001820098259486258,0,0,unlabeled
6987,0.000992274610325694,0,0,unlabeled
6988,0.0004474697634577751,0,0,unlabeled
6989,0.001771875424310565,0,0,unlabeled
6990,0.005492920055985451,0,0,unlabeled
6991,0.011235387064516544,0,0,unlabeled
6992,0.000978628289885819,0,0,unlabeled
6993,0.004691629204899073,0,0,unlabeled
6994,0.0004123078833799809,0,0,unlabeled
6995,0.9771466851234436,1,1,unlabeled
6996,0.02178097330033779,0,0,unlabeled
6997,0.00038560808752663434,0,0,unlabeled
6998,0.00024905437021516263,0,0,unlabeled
6999,0.9878033995628357,1,1,unlabeled
7000,0.9418270587921143,1,1,unlabeled
7001,0.9796047210693359,1,1,unlabeled
7002,0.0009373030043207109,0,0,unlabeled
7003,0.0004223475989419967,0,0,unlabeled
7004,0.9681870937347412,1,1,unlabeled
7005,0.00036496264510788023,0,0,unlabeled
7006,0.0005820611258968711,0,0,unlabeled
7007,0.0023471005260944366,0,0,unlabeled
7008,0.9424131512641907,1,1,val
7009,0.0021235672757029533,0,0,unlabeled
7010,0.9951266050338745,1,1,unlabeled
7011,2.7810804112959886e-06,0,0,unlabeled
7012,0.0006317020743153989,0,0,unlabeled
7013,0.0002455801295582205,0,0,train
7014,0.0007234886870719492,0,0,unlabeled
7015,0.001543817576020956,0,0,train
7016,0.0011866152053698897,0,0,unlabeled
7017,0.000867397291585803,0,0,unlabeled
7018,0.9685444235801697,1,1,unlabeled
7019,0.0023622247390449047,0,0,unlabeled
7020,0.05320800840854645,0,0,unlabeled
7021,0.006081054452806711,0,0,unlabeled
7022,0.00154476601164788,0,0,unlabeled
7023,0.000210417274502106,0,0,unlabeled
7024,0.9705191850662231,1,1,unlabeled
7025,0.00023359419719781727,0,0,val
7026,0.9805009365081787,1,1,unlabeled
7027,0.0020742625929415226,0,0,unlabeled
7028,0.0012397061800584197,0,0,unlabeled
7029,0.0005452517070807517,0,0,unlabeled
7030,0.01852298341691494,0,0,unlabeled
7031,0.00020065986609552056,0,0,unlabeled
7032,0.004157803487032652,0,0,train
7033,0.0015518456930294633,0,0,unlabeled
7034,0.0150397177785635,0,0,unlabeled
7035,0.016698572784662247,0,0,unlabeled
7036,0.00037757528480142355,0,0,unlabeled
7037,0.0008735886658541858,0,0,unlabeled
7038,0.03190961480140686,0,0,unlabeled
7039,0.0005036261864006519,0,0,unlabeled
7040,0.0012314397608861327,0,0,train
7041,0.00031126977410167456,0,0,unlabeled
7042,0.8576733469963074,1,0,unlabeled
7043,0.001310768537223339,0,0,unlabeled
7044,0.0006929846713319421,0,0,unlabeled
7045,0.012253805063664913,0,0,val
7046,0.013262251392006874,0,0,unlabeled
7047,0.9806079864501953,1,1,unlabeled
7048,0.0003565135702956468,0,0,train
7049,0.000912090006750077,0,0,unlabeled
7050,0.0002516595122870058,0,0,unlabeled
7051,0.985573947429657,1,1,unlabeled
7052,0.4528779685497284,0,0,train
7053,0.0006797920214012265,0,0,unlabeled
7054,0.0009355127695016563,0,0,unlabeled
7055,2.7810804112959886e-06,0,0,unlabeled
7056,0.9872717261314392,1,1,unlabeled
7057,0.0006746131111867726,0,0,unlabeled
7058,8.067530870903283e-05,0,0,unlabeled
7059,0.0006727015133947134,0,0,unlabeled
7060,0.9725772142410278,1,1,unlabeled
7061,0.0014864957192912698,0,0,train
7062,0.000739897892344743,0,0,unlabeled
7063,0.0011753584258258343,0,0,unlabeled
7064,0.9725136160850525,1,1,train
7065,6.766777369193733e-05,0,0,unlabeled
7066,0.9479092359542847,1,1,unlabeled
7067,0.9764211773872375,1,1,unlabeled
7068,0.0007326576160266995,0,0,unlabeled
7069,0.2327302098274231,0,0,unlabeled
7070,0.00032887415727600455,0,0,unlabeled
7071,0.9910383224487305,1,1,unlabeled
7072,0.0009676693007349968,0,0,unlabeled
7073,0.05147266015410423,0,0,unlabeled
7074,0.0009570453548803926,0,0,unlabeled
7075,0.001303350436501205,0,0,unlabeled
7076,0.004050631541758776,0,0,unlabeled
7077,0.9933413863182068,1,1,unlabeled
7078,0.0005051124026067555,0,0,unlabeled
7079,0.0007511044968850911,0,0,unlabeled
7080,0.0003957918961532414,0,0,train
7081,0.9771323800086975,1,1,unlabeled
7082,0.9767205119132996,1,1,unlabeled
7083,0.008062799461185932,0,0,train
7084,0.0010912632569670677,0,0,unlabeled
7085,0.9880290627479553,1,1,unlabeled
7086,0.0005456684157252312,0,0,unlabeled
7087,0.0003195592435076833,0,0,val
7088,0.9932077527046204,1,1,unlabeled
7089,0.9814004898071289,1,1,unlabeled
7090,0.003079294692724943,0,0,unlabeled
7091,0.8708083033561707,1,1,train
7092,0.991434633731842,1,1,unlabeled
7093,0.9676367044448853,1,1,unlabeled
7094,0.003019833704456687,0,0,unlabeled
7095,0.00018123655172530562,0,0,unlabeled
7096,0.000905566499568522,0,0,unlabeled
7097,0.002113178139552474,0,0,train
7098,0.11071494966745377,0,0,unlabeled
7099,0.05077306181192398,0,0,train
7100,0.0027744791004806757,0,0,val
7101,0.9612850546836853,1,1,train
7102,0.0028566031251102686,0,0,unlabeled
7103,0.0010195174254477024,0,0,unlabeled
7104,0.00040264736162498593,0,0,unlabeled
7105,0.00040264736162498593,0,0,unlabeled
7106,0.0002563913876656443,0,0,train
7107,0.8612399697303772,1,1,unlabeled
7108,8.98588405107148e-05,0,0,unlabeled
7109,0.00041225505992770195,0,0,unlabeled
7110,0.0006199648487381637,0,0,train
7111,0.0006764640565961599,0,0,unlabeled
7112,0.0005239300080575049,0,0,unlabeled
7113,0.9495943188667297,1,1,unlabeled
7114,0.9586841464042664,1,1,val
7115,0.001887141726911068,0,0,unlabeled
7116,0.0008525731391273439,0,0,unlabeled
7117,0.001403728500008583,0,0,unlabeled
7118,0.0006317023653537035,0,0,train
7119,0.9617887735366821,1,1,val
7120,0.9616877436637878,1,1,unlabeled
7121,0.0008889866294339299,0,0,unlabeled
7122,0.0011629204964265227,0,0,unlabeled
7123,0.9754816889762878,1,1,unlabeled
7124,0.9882150888442993,1,1,unlabeled
7125,0.0070687332190573215,0,0,unlabeled
7126,0.0004516019544098526,0,0,unlabeled
7127,0.0008964698063209653,0,0,unlabeled
7128,0.00027154397685080767,0,0,unlabeled
7129,0.0010461764177307487,0,0,unlabeled
7130,0.0010935090249404311,0,0,unlabeled
7131,0.977073073387146,1,1,unlabeled
7132,0.8530920147895813,1,1,train
7133,0.003328053979203105,0,0,unlabeled
7134,0.899155855178833,1,1,unlabeled
7135,0.0005797103513032198,0,0,train
7136,0.03820060193538666,0,0,unlabeled
7137,0.0012465252075344324,0,0,unlabeled
7138,0.18625801801681519,0,0,unlabeled
7139,0.9821205735206604,1,1,val
7140,0.0012328628217801452,0,0,unlabeled
7141,0.0012143949279561639,0,0,unlabeled
7142,0.9857984781265259,1,1,unlabeled
7143,0.002280541928485036,0,0,unlabeled
7144,0.0010817137081176043,0,0,unlabeled
7145,0.0011294946307316422,0,0,train
7146,0.9810195565223694,1,1,val
7147,0.027354246005415916,0,0,unlabeled
7148,0.20095546543598175,0,0,unlabeled
7149,0.0010772541863843799,0,0,unlabeled
7150,0.9878833889961243,1,1,unlabeled
7151,0.0014021472306922078,0,0,unlabeled
7152,0.0009310041787102818,0,0,train
7153,0.00124206708278507,0,0,unlabeled
7154,0.0008372403681278229,0,0,train
7155,0.0051675643771886826,0,0,unlabeled
7156,0.9847499132156372,1,1,unlabeled
7157,0.0007942257798276842,0,0,unlabeled
7158,0.0023243653122335672,0,0,unlabeled
7159,0.8615545034408569,1,1,unlabeled
7160,0.00213309982791543,0,0,train
7161,0.00045594482799060643,0,0,unlabeled
7162,0.00048199581215158105,0,0,unlabeled
7163,0.045006781816482544,0,0,unlabeled
7164,0.0006063813925720751,0,0,train
7165,0.9670403599739075,1,1,unlabeled
7166,0.9741608500480652,1,1,train
7167,0.000953574781306088,0,0,unlabeled
7168,0.9803840517997742,1,1,unlabeled
7169,0.005035310983657837,0,0,unlabeled
7170,0.00070744170807302,0,0,train
7171,0.9417353868484497,1,1,unlabeled
7172,3.185887862855452e-06,0,0,unlabeled
7173,0.00176531751640141,0,0,train
7174,0.9800057411193848,1,1,unlabeled
7175,0.9637624025344849,1,1,unlabeled
7176,0.0017636602278798819,0,0,train
7177,0.0005305798258632421,0,0,unlabeled
7178,0.9597439169883728,1,1,unlabeled
7179,0.0004644421278499067,0,0,unlabeled
7180,0.001295536058023572,0,0,unlabeled
7181,0.000682043784763664,0,0,unlabeled
7182,0.9448472261428833,1,1,unlabeled
7183,0.0006797920214012265,0,0,unlabeled
7184,0.10364876687526703,0,0,unlabeled
7185,0.026007112115621567,0,0,train
7186,0.0033210560213774443,0,0,unlabeled
7187,0.0010578623041510582,0,0,unlabeled
7188,0.04828091338276863,0,0,unlabeled
7189,0.9836786389350891,1,1,train
7190,0.0034875134006142616,0,0,train
7191,0.003046560101211071,0,0,unlabeled
7192,0.0009612723952159286,0,0,unlabeled
7193,0.0007748289499431849,0,0,unlabeled
7194,0.9857723116874695,1,1,unlabeled
7195,0.003328053979203105,0,0,train
7196,0.0008769074338488281,0,0,train
7197,0.006914212834089994,0,0,unlabeled
7198,0.0025848043151199818,0,0,train
7199,0.017925292253494263,0,0,unlabeled
7200,0.0004960468504577875,0,0,unlabeled
7201,0.9780751466751099,1,1,unlabeled
7202,0.004459174815565348,0,0,val
7203,0.9908508658409119,1,1,unlabeled
7204,0.0016459147445857525,0,0,unlabeled
7205,0.0016857173759490252,0,0,unlabeled
7206,0.03455027565360069,0,0,unlabeled
7207,0.9690333604812622,1,1,unlabeled
7208,0.8866510987281799,1,1,unlabeled
7209,0.0008401540108025074,0,0,unlabeled
7210,0.0008641025051474571,0,0,train
7211,0.0016334023093804717,0,0,unlabeled
7212,0.02050834894180298,0,0,unlabeled
7213,0.003778151236474514,0,0,unlabeled
7214,0.0031388497445732355,0,0,unlabeled
7215,0.0003057208959944546,0,0,unlabeled
7216,0.009572591632604599,0,0,val
7217,0.0006869297358207405,0,0,unlabeled
7218,0.0002806440752465278,0,0,unlabeled
7219,0.0011146017350256443,0,0,unlabeled
7220,0.17081883549690247,0,0,val
7221,0.0009019166463986039,0,0,unlabeled
7222,0.0005969114135950804,0,0,unlabeled
7223,0.9447630643844604,1,1,unlabeled
7224,0.8657599687576294,1,0,train
7225,0.8993982076644897,1,1,unlabeled
7226,0.014540408737957478,0,0,train
7227,0.0011294950963929296,0,0,unlabeled
7228,0.002695253351703286,0,0,unlabeled
7229,0.00039279297925531864,0,0,unlabeled
7230,0.000853654695674777,0,0,train
7231,0.0004480236384551972,0,0,unlabeled
7232,0.00029002726660110056,0,0,val
7233,0.0005412981263361871,0,0,unlabeled
7234,0.9437993764877319,1,1,unlabeled
7235,0.9837508797645569,1,1,unlabeled
7236,0.0043988595716655254,0,0,train
7237,0.8619804978370667,1,1,unlabeled
7238,0.000451405270723626,0,0,unlabeled
7239,0.9829042553901672,1,1,unlabeled
7240,0.018418829888105392,0,0,unlabeled
7241,0.3520967364311218,0,0,unlabeled
7242,0.0003796298988163471,0,0,train
7243,0.00029487107531167567,0,0,unlabeled
7244,0.0044591729529201984,0,0,unlabeled
7245,0.006914209108799696,0,0,val
7246,0.0012575872242450714,0,0,unlabeled
7247,0.9820392727851868,1,1,unlabeled
7248,0.006476900540292263,0,0,unlabeled
7249,0.000590937677770853,0,0,val
7250,0.004830656573176384,0,0,unlabeled
7251,0.2976047098636627,0,0,val
7252,0.006891667377203703,0,0,unlabeled
7253,0.0020742625929415226,0,0,val
7254,0.054050832986831665,0,0,unlabeled
7255,0.0009688404970802367,0,0,unlabeled
7256,0.9561103582382202,1,1,unlabeled
7257,0.0029854080639779568,0,0,unlabeled
7258,0.001972658559679985,0,0,unlabeled
7259,0.0007123482646420598,0,0,train
7260,0.004097778350114822,0,0,unlabeled
7261,0.002491943072527647,0,0,unlabeled
7262,0.004120593424886465,0,0,unlabeled
7263,0.0010288860648870468,0,0,unlabeled
7264,0.2616400420665741,0,0,unlabeled
7265,0.8596625924110413,1,1,unlabeled
7266,0.1178641989827156,0,0,train
7267,0.0035717494320124388,0,0,unlabeled
7268,0.0002794082392938435,0,0,unlabeled
7269,0.4788804352283478,0,0,unlabeled
7270,0.0019628736190497875,0,0,unlabeled
7271,7.140812385841855e-07,0,0,unlabeled
7272,0.99269038438797,1,1,unlabeled
7273,0.0002932959469035268,0,0,val
7274,0.0012864511227235198,0,0,unlabeled
7275,0.0026576535310596228,0,0,unlabeled
7276,0.0002911817573476583,0,0,unlabeled
7277,0.002102569444105029,0,0,unlabeled
7278,0.0005334774614311755,0,0,train
7279,0.9224733114242554,1,1,unlabeled
7280,0.0005196942947804928,0,0,unlabeled
7281,0.9767447113990784,1,1,unlabeled
7282,0.9876751899719238,1,1,unlabeled
7283,0.0018198287580162287,0,0,train
7284,0.00029487107531167567,0,0,unlabeled
7285,0.0010911904973909259,0,0,unlabeled
7286,0.0009014926617965102,0,0,unlabeled
7287,0.9060471057891846,1,1,unlabeled
7288,0.8549935817718506,1,1,val
7289,0.021753523498773575,0,0,unlabeled
7290,0.0006093127885833383,0,0,train
7291,0.0006560138426721096,0,0,unlabeled
7292,0.007021044380962849,0,0,unlabeled
7293,0.00039608421502634883,0,0,train
7294,0.003328053979203105,0,0,unlabeled
7295,0.9798406958580017,1,1,unlabeled
7296,0.9554257988929749,1,1,unlabeled
7297,0.0004763544420711696,0,0,unlabeled
7298,0.004459174815565348,0,0,unlabeled
7299,0.0005728681571781635,0,0,unlabeled
7300,0.9186703562736511,1,1,unlabeled
7301,0.002102569444105029,0,0,train
7302,0.0016895231092348695,0,0,unlabeled
7303,0.0023201527073979378,0,0,train
7304,0.0027354650665074587,0,0,unlabeled
7305,0.0004725532198790461,0,0,unlabeled
7306,0.00040264736162498593,0,0,val
7307,0.0005941386916674674,0,0,train
7308,0.0016510110581293702,0,0,unlabeled
7309,0.003046560101211071,0,0,unlabeled
7310,0.000794127001427114,0,0,unlabeled
7311,0.0001959179644472897,0,0,unlabeled
7312,0.0023555548395961523,0,0,unlabeled
7313,0.0018710580188781023,0,0,unlabeled
7314,0.0032740295864641666,0,0,unlabeled
7315,0.9894744157791138,1,1,unlabeled
7316,0.0019345527980476618,0,0,unlabeled
7317,0.9778667092323303,1,1,unlabeled
7318,0.9470767378807068,1,1,unlabeled
7319,0.0005721497000195086,0,0,unlabeled
7320,0.9764677882194519,1,1,train
7321,0.0014552631182596087,0,0,unlabeled
7322,0.9490172266960144,1,1,train
7323,0.0009066534112207592,0,0,unlabeled
7324,0.0004837533342652023,0,0,unlabeled
7325,0.9010723829269409,1,1,unlabeled
7326,0.9564827084541321,1,1,train
7327,0.0009329678723588586,0,0,unlabeled
7328,0.06937264651060104,0,0,unlabeled
7329,0.0010431683622300625,0,0,unlabeled
7330,0.24677248299121857,0,0,unlabeled
7331,0.9056487679481506,1,1,val
7332,0.0013357906136661768,0,0,unlabeled
7333,0.0012856305111199617,0,0,unlabeled
7334,0.9627475142478943,1,1,unlabeled
7335,0.006432672962546349,0,0,unlabeled
7336,0.9807618260383606,1,1,train
7337,0.008086918853223324,0,0,unlabeled
7338,1.535350747872144e-05,0,0,unlabeled
7339,0.002532779239118099,0,0,val
7340,0.9046422243118286,1,1,unlabeled
7341,0.005725730676203966,0,0,val
7342,0.8943958878517151,1,1,unlabeled
7343,0.9858091473579407,1,1,unlabeled
7344,0.9590254426002502,1,1,unlabeled
7345,0.0002838763175532222,0,0,unlabeled
7346,0.04998527094721794,0,0,unlabeled
7347,0.0005315694725140929,0,0,val
7348,0.9822518825531006,1,1,unlabeled
7349,0.00029002726660110056,0,0,unlabeled
7350,0.9736989140510559,1,1,unlabeled
7351,0.0012459922581911087,0,0,unlabeled
7352,0.0005853360053151846,0,0,unlabeled
7353,0.014165365137159824,0,0,unlabeled
7354,0.0031388497445732355,0,0,unlabeled
7355,0.7604234218597412,0,0,unlabeled
7356,0.16299282014369965,0,0,unlabeled
7357,0.9099543690681458,1,1,unlabeled
7358,0.005086885765194893,0,0,unlabeled
7359,0.002026690635830164,0,0,unlabeled
7360,0.0009066534112207592,0,0,unlabeled
7361,0.9705934524536133,1,1,unlabeled
7362,0.9051827192306519,1,1,train
7363,0.011145374737679958,0,0,unlabeled
7364,0.0015543655026704073,0,0,unlabeled
7365,0.9791656136512756,1,1,unlabeled
7366,0.002433127025142312,0,0,unlabeled
7367,0.00243911100551486,0,0,unlabeled
7368,0.0024307265412062407,0,0,unlabeled
7369,0.9885928630828857,1,1,unlabeled
7370,0.010984533466398716,0,0,unlabeled
7371,0.8770424723625183,1,1,unlabeled
7372,0.0046860817819833755,0,0,unlabeled
7373,0.03199908137321472,0,0,unlabeled
7374,0.9762476682662964,1,1,val
7375,0.0009066534112207592,0,0,unlabeled
7376,0.0003918686124961823,0,0,unlabeled
7377,0.0021235672757029533,0,0,val
7378,0.0008421562379226089,0,0,unlabeled
7379,0.0016707296017557383,0,0,unlabeled
7380,0.984833300113678,1,1,unlabeled
7381,0.0008769074338488281,0,0,unlabeled
7382,0.37089142203330994,0,0,train
7383,0.0019614598713815212,0,0,unlabeled
7384,0.0017655703704804182,0,0,train
7385,0.00173510133754462,0,0,unlabeled
7386,0.00035002006916329265,0,0,unlabeled
7387,0.8907033801078796,1,0,unlabeled
7388,0.000561780936550349,0,0,unlabeled
7389,0.0015573641285300255,0,0,unlabeled
7390,0.9561965465545654,1,1,unlabeled
7391,0.0013582120882347226,0,0,unlabeled
7392,0.9716435670852661,1,1,unlabeled
7393,0.8773811459541321,1,1,unlabeled
7394,0.0012084402842447162,0,0,train
7395,0.0024380311369895935,0,0,train
7396,0.9610900282859802,1,1,unlabeled
7397,0.1449127495288849,0,0,val
7398,0.96010422706604,1,1,train
7399,0.006211365573108196,0,0,unlabeled
7400,0.0006845013704150915,0,0,unlabeled
7401,0.0014423500979319215,0,0,train
7402,0.0011248779483139515,0,0,unlabeled
7403,0.0003509422531351447,0,0,unlabeled
7404,0.001327450736425817,0,0,train
7405,0.0005797103513032198,0,0,unlabeled
7406,0.03282608464360237,0,0,unlabeled
7407,0.9536505937576294,1,1,unlabeled
7408,0.9631834030151367,1,1,unlabeled
7409,0.00144249910954386,0,0,unlabeled
7410,0.000247020332608372,0,0,unlabeled
7411,0.0028566031251102686,0,0,train
7412,0.0021121103782206774,0,0,unlabeled
7413,0.000495597836561501,0,0,unlabeled
7414,0.0004571825556922704,0,0,unlabeled
7415,0.013364380225539207,0,0,unlabeled
7416,0.007687879726290703,0,0,unlabeled
7417,0.989296019077301,1,1,unlabeled
7418,0.0010695175733417273,0,0,unlabeled
7419,0.9791476726531982,1,1,unlabeled
7420,0.8188884258270264,0,1,unlabeled
7421,0.00035497487988322973,0,0,unlabeled
7422,0.9456466436386108,1,1,unlabeled
7423,0.001672916579991579,0,0,unlabeled
7424,0.0009077662834897637,0,0,unlabeled
7425,0.0008301427587866783,0,0,unlabeled
7426,0.0017872677417472005,0,0,unlabeled
7427,0.000697949668392539,0,0,unlabeled
7428,0.006516918074339628,0,0,unlabeled
7429,0.9533926248550415,1,1,unlabeled
7430,0.9425351619720459,1,1,unlabeled
7431,0.9686579704284668,1,1,unlabeled
7432,0.0008107561152428389,0,0,unlabeled
7433,0.001650727353990078,0,0,unlabeled
7434,0.00040264736162498593,0,0,unlabeled
7435,0.0030682627111673355,0,0,train
7436,0.005136569496244192,0,0,unlabeled
7437,0.0025869454257190228,0,0,unlabeled
7438,0.0002932959469035268,0,0,val
7439,0.0009853203082457185,0,0,unlabeled
7440,0.007877225056290627,0,0,val
7441,0.9629235863685608,1,1,unlabeled
7442,0.00043800132698379457,0,0,unlabeled
7443,0.000902174913790077,0,0,unlabeled
7444,0.0008521714480593801,0,0,unlabeled
7445,0.004507808480411768,0,0,unlabeled
7446,0.0005853806505911052,0,0,unlabeled
7447,0.0008769074338488281,0,0,unlabeled
7448,0.6144691109657288,0,0,unlabeled
7449,0.00040364585584029555,0,0,unlabeled
7450,0.002374654170125723,0,0,unlabeled
7451,0.9895344376564026,1,1,unlabeled
7452,0.0015343079576268792,0,0,unlabeled
7453,0.0012405890738591552,0,0,unlabeled
7454,0.03544100373983383,0,0,unlabeled
7455,0.9847745299339294,1,1,unlabeled
7456,0.0010288865305483341,0,0,unlabeled
7457,0.002320666331797838,0,0,unlabeled
7458,0.0027770886663347483,0,0,unlabeled
7459,0.924229085445404,1,1,unlabeled
7460,0.0011745900847017765,0,0,unlabeled
7461,0.972602367401123,1,1,unlabeled
7462,0.9521980881690979,1,1,train
7463,0.0024925321340560913,0,0,unlabeled
7464,3.633504456956871e-05,0,0,unlabeled
7465,0.011419354937970638,0,0,unlabeled
7466,0.9736495018005371,1,1,unlabeled
7467,0.9736049175262451,1,1,unlabeled
7468,0.0006072919932194054,0,0,unlabeled
7469,0.966124951839447,1,1,unlabeled
7470,0.0019650962203741074,0,0,unlabeled
7471,0.0013471337733790278,0,0,unlabeled
7472,0.000572343124076724,0,0,unlabeled
7473,0.9838101863861084,1,1,unlabeled
7474,0.0007665882585570216,0,0,unlabeled
7475,0.0003957918961532414,0,0,train
7476,0.000710503023583442,0,0,unlabeled
7477,0.0004866022209171206,0,0,unlabeled
7478,0.00045594482799060643,0,0,train
7479,0.004689018242061138,0,0,val
7480,0.9763174057006836,1,1,unlabeled
7481,0.0006120492471382022,0,0,unlabeled
7482,0.9400374293327332,1,1,unlabeled
7483,0.015456780791282654,0,0,train
7484,0.0004356814024504274,0,0,unlabeled
7485,0.0005497547681443393,0,0,unlabeled
7486,0.002102569444105029,0,0,unlabeled
7487,0.0008706892258487642,0,0,train
7488,0.00483487406745553,0,0,unlabeled
7489,0.04520932212471962,0,0,train
7490,0.0020084832794964314,0,0,unlabeled
7491,0.000771397550124675,0,0,unlabeled
7492,0.0005352754960767925,0,0,unlabeled
7493,0.0010564065305516124,0,0,train
7494,0.03888550028204918,0,0,unlabeled
7495,0.001127764699049294,0,0,train
7496,0.041091274470090866,0,0,unlabeled
7497,0.0024338664952665567,0,0,unlabeled
7498,0.0006609461852349341,0,0,unlabeled
7499,0.9854550361633301,1,1,unlabeled
7500,0.041091274470090866,0,0,train
7501,0.0003274025802966207,0,0,unlabeled
7502,0.922336995601654,1,1,unlabeled
7503,0.0008263359195552766,0,0,unlabeled
7504,0.8475902080535889,1,1,unlabeled
7505,0.005929851904511452,0,0,val
7506,0.00040264736162498593,0,0,unlabeled
7507,0.0006665997207164764,0,0,unlabeled
7508,0.0011393564054742455,0,0,unlabeled
7509,0.9791485071182251,1,1,unlabeled
7510,0.9779013395309448,1,1,unlabeled
7511,0.00039903330616652966,0,0,unlabeled
7512,0.0020640355069190264,0,0,unlabeled
7513,0.0018808284075930715,0,0,unlabeled
7514,0.0020314750727266073,0,0,unlabeled
7515,0.004459170624613762,0,0,unlabeled
7516,0.9912760257720947,1,1,unlabeled
7517,0.9465427398681641,1,1,unlabeled
7518,0.0008204236510209739,0,0,unlabeled
7519,0.0006761479307897389,0,0,unlabeled
7520,0.00020935364591423422,0,0,unlabeled
7521,0.0010698905680328608,0,0,unlabeled
7522,0.0012323393020778894,0,0,unlabeled
7523,0.991269588470459,1,1,unlabeled
7524,0.0002739015326369554,0,0,unlabeled
7525,0.9017561078071594,1,1,unlabeled
7526,0.9915430545806885,1,1,train
7527,2.5074155018955935e-06,0,0,train
7528,0.001991621218621731,0,0,train
7529,0.0005090368795208633,0,0,unlabeled
7530,0.004097778350114822,0,0,train
7531,0.001976987347006798,0,0,val
7532,0.0010912632569670677,0,0,unlabeled
7533,0.14415912330150604,0,0,unlabeled
7534,5.784279437648365e-07,0,0,val
7535,0.9720309972763062,1,1,unlabeled
7536,0.05855797603726387,0,0,unlabeled
7537,0.001823269878514111,0,0,unlabeled
7538,0.00022034566791262478,0,0,train
7539,0.9748386144638062,1,1,unlabeled
7540,0.8534232974052429,1,0,unlabeled
7541,0.0008603503811173141,0,0,train
7542,0.00048663586494512856,0,0,train
7543,0.967782735824585,1,1,val
7544,0.0009555834694765508,0,0,unlabeled
7545,0.03537609055638313,0,0,unlabeled
7546,0.6519674062728882,0,0,train
7547,0.956433892250061,1,1,unlabeled
7548,0.00040264736162498593,0,0,train
7549,0.0012273326283320785,0,0,unlabeled
7550,0.9782005548477173,1,1,unlabeled
7551,0.0012273326283320785,0,0,unlabeled
7552,0.9629652500152588,1,1,train
7553,0.0011207044590264559,0,0,unlabeled
7554,0.0011489316821098328,0,0,unlabeled
7555,0.0009017547708936036,0,0,unlabeled
7556,0.0026644987519830465,0,0,train
7557,0.8467139005661011,1,0,unlabeled
7558,0.9715337157249451,1,1,train
7559,0.0014940937981009483,0,0,unlabeled
7560,0.018565397709608078,0,0,unlabeled
7561,0.9853819608688354,1,1,unlabeled
7562,0.9825341105461121,1,1,unlabeled
7563,0.0006068161455914378,0,0,unlabeled
7564,0.0007256045937538147,0,0,val
7565,0.8930045366287231,1,1,train
7566,0.0006508707883767784,0,0,train
7567,0.002102569444105029,0,0,val
7568,0.0002604333858471364,0,0,unlabeled
7569,0.0023906391579657793,0,0,unlabeled
7570,0.0006866201874800026,0,0,val
7571,0.11950654536485672,0,0,unlabeled
7572,0.0006093127885833383,0,0,unlabeled
7573,0.8013266324996948,0,0,unlabeled
7574,7.288634265023575e-07,0,0,train
7575,0.0002932959469035268,0,0,train
7576,0.0012909293873235583,0,0,unlabeled
7577,0.0022952579893171787,0,0,val
7578,0.9910346865653992,1,1,unlabeled
7579,0.0003679353976622224,0,0,unlabeled
7580,0.0024925321340560913,0,0,unlabeled
7581,0.001221172627992928,0,0,unlabeled
7582,0.0008093092474155128,0,0,unlabeled
7583,0.0004931614967063069,0,0,train
7584,0.0031783366575837135,0,0,unlabeled
7585,0.0006317023653537035,0,0,unlabeled
7586,0.982585072517395,1,1,unlabeled
7587,0.056478384882211685,0,0,unlabeled
7588,0.9231991171836853,1,1,unlabeled
7589,0.9728975892066956,1,1,train
7590,0.9480960965156555,1,1,unlabeled
7591,0.9836656451225281,1,1,unlabeled
7592,0.9606679081916809,1,1,unlabeled
7593,0.003996062558144331,0,0,train
7594,0.9607573747634888,1,1,unlabeled
7595,0.002701898105442524,0,0,unlabeled
7596,0.0010707149049267173,0,0,unlabeled
7597,0.0003794087970163673,0,0,unlabeled
7598,0.9617944955825806,1,1,unlabeled
7599,0.014227453619241714,0,0,unlabeled
7600,0.00542004220187664,0,0,unlabeled
7601,0.004459170624613762,0,0,train
7602,0.000598680810071528,0,0,unlabeled
7603,2.9920982342446223e-05,0,0,unlabeled
7604,0.003208745736628771,0,0,unlabeled
7605,0.924923837184906,1,1,val
7606,0.0005060092080384493,0,0,unlabeled
7607,0.005243808962404728,0,0,unlabeled
7608,0.8491790294647217,1,0,unlabeled
7609,0.0007665882585570216,0,0,unlabeled
7610,0.00119343854021281,0,0,unlabeled
7611,0.0013582120882347226,0,0,unlabeled
7612,0.0014370509888976812,0,0,unlabeled
7613,0.004459170624613762,0,0,unlabeled
7614,0.009301646612584591,0,0,unlabeled
7615,0.2661418914794922,0,0,unlabeled
7616,0.005531716626137495,0,0,unlabeled
7617,0.9564469456672668,1,1,unlabeled
7618,0.005136571358889341,0,0,unlabeled
7619,0.0005344992387108505,0,0,val
7620,0.4644549787044525,0,0,unlabeled
7621,0.0005349461571313441,0,0,unlabeled
7622,0.0008525731391273439,0,0,train
7623,0.001301741460338235,0,0,unlabeled
7624,0.0007665882585570216,0,0,unlabeled
7625,0.0007530158618465066,0,0,unlabeled
7626,0.0023146732710301876,0,0,unlabeled
7627,0.9271844029426575,1,1,unlabeled
7628,0.002216307446360588,0,0,unlabeled
7629,0.048754286020994186,0,0,unlabeled
7630,0.0020084832794964314,0,0,unlabeled
7631,0.004103187937289476,0,0,unlabeled
7632,3.432863877605996e-06,0,0,unlabeled
7633,0.32123062014579773,0,0,unlabeled
7634,0.9698530435562134,1,1,unlabeled
7635,0.9850420355796814,1,1,val
7636,0.001615970628336072,0,0,unlabeled
7637,0.012238900177180767,0,0,unlabeled
7638,0.9898440837860107,1,1,unlabeled
7639,0.0008525731391273439,0,0,unlabeled
7640,0.0005342048243619502,0,0,unlabeled
7641,0.0006087080109864473,0,0,unlabeled
7642,0.8718097805976868,1,1,unlabeled
7643,0.0006419157143682241,0,0,unlabeled
7644,0.000512020371388644,0,0,unlabeled
7645,0.0021002457942813635,0,0,unlabeled
7646,0.0016510110581293702,0,0,train
7647,0.001991622382774949,0,0,unlabeled
7648,0.0022356119006872177,0,0,unlabeled
7649,0.003859024029225111,0,0,unlabeled
7650,0.9684637188911438,1,1,unlabeled
7651,0.047293521463871,0,0,unlabeled
7652,0.0013004811480641365,0,0,train
7653,0.0003017361741513014,0,0,unlabeled
7654,0.0017617405392229557,0,0,unlabeled
7655,0.0073350523598492146,0,0,unlabeled
7656,0.0009019166463986039,0,0,train
7657,0.0029601817950606346,0,0,unlabeled
7658,0.020640384405851364,0,0,unlabeled
7659,0.0002143415913451463,0,0,unlabeled
7660,0.9525782465934753,1,1,val
7661,0.9609296917915344,1,1,train
7662,0.0018346912693232298,0,0,train
7663,0.002679558005183935,0,0,unlabeled
7664,0.9839377999305725,1,1,unlabeled
7665,0.00433314498513937,0,0,unlabeled
7666,0.0004139697120990604,0,0,unlabeled
7667,0.0020084832794964314,0,0,val
7668,0.0002998983836732805,0,0,unlabeled
7669,0.0008975697564892471,0,0,unlabeled
7670,0.00217515230178833,0,0,unlabeled
7671,0.0003018748539034277,0,0,unlabeled
7672,0.0007232814677990973,0,0,unlabeled
7673,0.9905750751495361,1,1,unlabeled
7674,0.01092481054365635,0,0,unlabeled
7675,0.0007156687788665295,0,0,unlabeled
7676,0.00023858218628447503,0,0,unlabeled
7677,0.00022723783331457525,0,0,unlabeled
7678,0.9812440276145935,1,1,unlabeled
7679,0.0021271787118166685,0,0,unlabeled
7680,0.9771231412887573,1,1,unlabeled
7681,0.9759837985038757,1,1,unlabeled
7682,0.9729763269424438,1,1,train
7683,0.0015450646169483662,0,0,unlabeled
7684,0.015208220109343529,0,0,unlabeled
7685,0.0024925321340560913,0,0,unlabeled
7686,0.0009940497111529112,0,0,unlabeled
7687,0.8668698668479919,1,1,unlabeled
7688,0.0007867008098401129,0,0,train
7689,0.0032693648245185614,0,0,train
7690,0.9689474105834961,1,1,train
7691,0.002102569444105029,0,0,unlabeled
7692,0.0021385978907346725,0,0,unlabeled
7693,0.9887031316757202,1,1,unlabeled
7694,0.002042461419478059,0,0,unlabeled
7695,0.0038514977786689997,0,0,unlabeled
7696,0.000572343124076724,0,0,train
7697,0.0015726673882454634,0,0,unlabeled
7698,0.0014157425612211227,0,0,unlabeled
7699,0.8739469051361084,1,1,unlabeled
7700,0.9898570775985718,1,1,train
7701,0.00043650061707012355,0,0,unlabeled
7702,0.9851166605949402,1,1,unlabeled
7703,0.000913341820705682,0,0,train
7704,0.00020653626415878534,0,0,unlabeled
7705,0.0018152575939893723,0,0,train
7706,0.0007214376237243414,0,0,unlabeled
7707,0.0010757031850516796,0,0,unlabeled
7708,0.8991168141365051,1,1,unlabeled
7709,0.0018152575939893723,0,0,unlabeled
7710,0.0006720709498040378,0,0,unlabeled
7711,0.0021235672757029533,0,0,unlabeled
7712,0.9628013372421265,1,1,unlabeled
7713,0.0035717494320124388,0,0,unlabeled
7714,0.0024061596486717463,0,0,unlabeled
7715,0.0028009205125272274,0,0,unlabeled
7716,0.0022356119006872177,0,0,unlabeled
7717,0.9406698942184448,1,0,unlabeled
7718,0.0002554948441684246,0,0,unlabeled
7719,0.9836275577545166,1,1,unlabeled
7720,9.365699952468276e-05,0,0,unlabeled
7721,0.0014465743442997336,0,0,unlabeled
7722,0.9580660462379456,1,1,unlabeled
7723,0.9895045757293701,1,1,unlabeled
7724,0.0014679024461656809,0,0,unlabeled
7725,0.0204052422195673,0,0,unlabeled
7726,0.011999065987765789,0,0,val
7727,0.00023821124341338873,0,0,unlabeled
7728,0.9763746857643127,1,1,unlabeled
7729,0.000463330012280494,0,0,unlabeled
7730,0.001948183635249734,0,0,unlabeled
7731,0.25624606013298035,0,0,train
7732,0.003046560101211071,0,0,unlabeled
7733,0.0020314750727266073,0,0,unlabeled
7734,0.0008164486498571932,0,0,unlabeled
7735,0.9544549584388733,1,1,unlabeled
7736,0.9747999906539917,1,1,unlabeled
7737,0.0014049942838028073,0,0,unlabeled
7738,0.0009286237182095647,0,0,unlabeled
7739,0.052986450493335724,0,0,unlabeled
7740,0.014396666549146175,0,0,val
7741,0.0008001304813660681,0,0,unlabeled
7742,0.003011577297002077,0,0,val
7743,0.0016253694193437696,0,0,unlabeled
7744,0.0016526889521628618,0,0,unlabeled
7745,0.0010631401091814041,0,0,unlabeled
7746,0.0020197902340441942,0,0,unlabeled
7747,0.002102569444105029,0,0,unlabeled
7748,0.0015518456930294633,0,0,unlabeled
7749,0.912743866443634,1,1,unlabeled
7750,0.9572622776031494,1,1,train
7751,0.006670049857348204,0,0,unlabeled
7752,0.0007804660126566887,0,0,unlabeled
7753,0.9814075827598572,1,1,unlabeled
7754,0.0010767289204522967,0,0,unlabeled
7755,0.005960413254797459,0,0,unlabeled
7756,0.000491384300403297,0,0,unlabeled
7757,7.680965836698306e-07,0,0,train
7758,0.0010476205497980118,0,0,unlabeled
7759,0.2730456292629242,0,0,unlabeled
7760,0.0005046805017627776,0,0,unlabeled
7761,0.0017872670432552695,0,0,train
7762,1.4227625797502697e-05,0,0,train
7763,0.0013052342692390084,0,0,unlabeled
7764,0.9787853956222534,1,1,unlabeled
7765,0.0039859069511294365,0,0,unlabeled
7766,0.9620383381843567,1,1,unlabeled
7767,0.9086058139801025,1,1,unlabeled
7768,9.567953611622215e-07,0,0,unlabeled
7769,0.00047792174154892564,0,0,unlabeled
7770,0.002492530969902873,0,0,unlabeled
7771,0.01924392580986023,0,0,unlabeled
7772,0.05251919478178024,0,0,unlabeled
7773,0.0009549495298415422,0,0,train
7774,0.045750461518764496,0,0,unlabeled
7775,0.0008291623671539128,0,0,unlabeled
7776,0.0005027259467169642,0,0,train
7777,0.00039643002673983574,0,0,unlabeled
7778,0.003369873156771064,0,0,train
7779,0.0011207044590264559,0,0,unlabeled
7780,0.9859409928321838,1,1,train
7781,0.9951704144477844,1,1,unlabeled
7782,0.00029487107531167567,0,0,val
7783,0.005136571358889341,0,0,unlabeled
7784,0.04916209727525711,0,0,train
7785,0.0044591729529201984,0,0,unlabeled
7786,0.0023292377591133118,0,0,unlabeled
7787,0.00030290987342596054,0,0,unlabeled
7788,0.9707040786743164,1,1,unlabeled
7789,0.02555912733078003,0,0,train
7790,0.03282608464360237,0,0,unlabeled
7791,0.0007957200286909938,0,0,unlabeled
7792,0.003046560101211071,0,0,unlabeled
7793,0.9585124850273132,1,1,unlabeled
7794,0.00365102244541049,0,0,val
7795,0.0005774755263701081,0,0,unlabeled
7796,4.620764570972824e-07,0,0,unlabeled
7797,0.006602257490158081,0,0,unlabeled
7798,0.9726027250289917,1,1,unlabeled
7799,0.001002681558020413,0,0,unlabeled
7800,0.0008918669773265719,0,0,train
7801,0.0015760650858283043,0,0,unlabeled
7802,0.08738112449645996,0,0,unlabeled
7803,0.01696639508008957,0,0,unlabeled
7804,0.0018746182322502136,0,0,unlabeled
7805,0.00046047286014072597,0,0,unlabeled
7806,0.0010208130115643144,0,0,unlabeled
7807,0.9811468124389648,1,1,unlabeled
7808,0.9813436269760132,1,1,unlabeled
7809,0.008326543495059013,0,0,unlabeled
7810,0.0020742625929415226,0,0,unlabeled
7811,0.001457496196962893,0,0,train
7812,0.9803487658500671,1,1,unlabeled
7813,0.0006686558481305838,0,0,unlabeled
7814,0.0006199648487381637,0,0,unlabeled
7815,0.00029722106410190463,0,0,unlabeled
7816,0.9735547304153442,1,1,unlabeled
7817,0.0005310855340212584,0,0,unlabeled
7818,0.0002854643389582634,0,0,train
7819,0.9813380241394043,1,1,unlabeled
7820,0.0023178481496870518,0,0,unlabeled
7821,0.0014550365740433335,0,0,unlabeled
7822,0.0006533580017276108,0,0,unlabeled
7823,0.0012883946765214205,0,0,unlabeled
7824,0.00022628028818871826,0,0,unlabeled
7825,0.0021696905605494976,0,0,unlabeled
7826,0.0006491158274002373,0,0,unlabeled
7827,0.00038527659489773214,0,0,unlabeled
7828,0.0004016397288069129,0,0,unlabeled
7829,0.005136571358889341,0,0,unlabeled
7830,0.0008641025051474571,0,0,train
7831,0.014636265113949776,0,0,unlabeled
7832,0.9679518938064575,1,1,unlabeled
7833,0.9299665689468384,1,1,val
7834,0.9786206483840942,1,1,unlabeled
7835,0.0019440647447481751,0,0,train
7836,0.9196294546127319,1,1,train
7837,0.00685522798448801,0,0,unlabeled
7838,0.995484471321106,1,1,unlabeled
7839,0.9235265851020813,1,1,unlabeled
7840,0.0020742625929415226,0,0,unlabeled
7841,0.0012273326283320785,0,0,unlabeled
7842,0.0010701291030272841,0,0,unlabeled
7843,0.9728745818138123,1,1,unlabeled
7844,0.0006929846713319421,0,0,unlabeled
7845,0.0015744570409879088,0,0,unlabeled
7846,0.041091274470090866,0,0,unlabeled
7847,0.9823015928268433,1,1,unlabeled
7848,0.0007021363126114011,0,0,unlabeled
7849,0.0018869685009121895,0,0,train
7850,0.988499104976654,1,1,unlabeled
7851,0.0005053801578469574,0,0,unlabeled
7852,0.975334107875824,1,1,unlabeled
7853,0.0019614598713815212,0,0,unlabeled
7854,0.027376696467399597,0,0,unlabeled
7855,0.9791983366012573,1,1,unlabeled
7856,0.0007234886870719492,0,0,unlabeled
7857,0.000697949668392539,0,0,unlabeled
7858,0.000426110957050696,0,0,unlabeled
7859,0.002155424328520894,0,0,unlabeled
7860,0.00052732287440449,0,0,unlabeled
7861,0.8539882898330688,1,0,unlabeled
7862,0.0008068986935541034,0,0,unlabeled
7863,0.00041162315756082535,0,0,unlabeled
7864,0.0010012096026912332,0,0,unlabeled
7865,0.0005869113956578076,0,0,unlabeled
7866,0.0004123078833799809,0,0,unlabeled
7867,0.0005035752546973526,0,0,unlabeled
7868,0.002102569444105029,0,0,unlabeled
7869,0.0074497791938483715,0,0,unlabeled
7870,0.005136569496244192,0,0,unlabeled
7871,0.00045471711200661957,0,0,val
7872,0.003208745736628771,0,0,unlabeled
7873,0.013889571651816368,0,0,unlabeled
7874,0.0020709263626486063,0,0,unlabeled
7875,0.19134272634983063,0,0,unlabeled
7876,0.0005820933729410172,0,0,unlabeled
7877,0.0009058304713107646,0,0,unlabeled
7878,0.0004786865320056677,0,0,unlabeled
7879,0.8049426674842834,0,0,unlabeled
7880,0.988287627696991,1,1,train
7881,0.01734844595193863,0,0,unlabeled
7882,6.215277608134784e-06,0,0,unlabeled
7883,0.0024925321340560913,0,0,unlabeled
7884,0.0009250295697711408,0,0,train
7885,0.0016985766123980284,0,0,unlabeled
7886,0.00033120124135166407,0,0,unlabeled
7887,0.002355555770918727,0,0,unlabeled
7888,0.006406646687537432,0,0,unlabeled
7889,0.00032232984085567296,0,0,unlabeled
7890,0.0004518405476119369,0,0,train
7891,0.00039279277552850544,0,0,unlabeled
7892,0.0006922315224073827,0,0,train
7893,0.0029616020619869232,0,0,unlabeled
7894,0.0003298057126812637,0,0,train
7895,0.0007274413947016001,0,0,unlabeled
7896,0.001771875424310565,0,0,unlabeled
7897,0.9274885654449463,1,1,unlabeled
7898,0.005032941699028015,0,0,unlabeled
7899,0.0005124354502186179,0,0,unlabeled
7900,0.001029415987432003,0,0,train
7901,0.9840436577796936,1,1,unlabeled
7902,0.010880849324166775,0,0,unlabeled
7903,0.951164722442627,1,1,unlabeled
7904,0.0005636054556816816,0,0,unlabeled
7905,0.0020303328055888414,0,0,unlabeled
7906,0.10523104667663574,0,0,unlabeled
7907,0.0005820969236083329,0,0,unlabeled
7908,0.1733027994632721,0,0,unlabeled
7909,0.8621110916137695,1,1,unlabeled
7910,0.003328053979203105,0,0,unlabeled
7911,0.9609113335609436,1,1,unlabeled
7912,0.9618691205978394,1,1,unlabeled
7913,0.006975683383643627,0,0,unlabeled
7914,0.0007064728997647762,0,0,unlabeled
7915,0.0008533623768016696,0,0,unlabeled
7916,0.000990695203654468,0,0,unlabeled
7917,0.0010476205497980118,0,0,unlabeled
7918,0.02796877734363079,0,0,unlabeled
7919,0.9749355912208557,1,1,train
7920,0.0004966749111190438,0,0,train
7921,0.010732174851000309,0,0,val
7922,0.0003690878802444786,0,0,unlabeled
7923,0.002492530969902873,0,0,unlabeled
7924,0.008970748633146286,0,0,unlabeled
7925,0.008309850469231606,0,0,unlabeled
7926,0.0010888121323660016,0,0,unlabeled
7927,0.0014739639591425657,0,0,train
7928,0.003091554855927825,0,0,unlabeled
7929,0.00144249910954386,0,0,train
7930,0.0013738712295889854,0,0,train
7931,0.001635247841477394,0,0,unlabeled
7932,0.002889025956392288,0,0,unlabeled
7933,0.0008123387233354151,0,0,unlabeled
7934,0.0002555148093961179,0,0,unlabeled
7935,0.00017696875147521496,0,0,unlabeled
7936,0.9489550590515137,1,1,unlabeled
7937,0.0036839128006249666,0,0,unlabeled
7938,0.0027838435489684343,0,0,unlabeled
7939,0.0006699717487208545,0,0,unlabeled
7940,0.0023893939796835184,0,0,unlabeled
7941,0.21780170500278473,0,0,unlabeled
7942,0.9832173585891724,1,1,unlabeled
7943,0.9725052118301392,1,0,unlabeled
7944,0.0024925321340560913,0,0,unlabeled
7945,0.0004348051443230361,0,0,unlabeled
7946,0.005867315921932459,0,0,unlabeled
7947,0.007727379910647869,0,0,unlabeled
7948,0.0005747360410168767,0,0,unlabeled
7949,0.0022356119006872177,0,0,unlabeled
7950,0.9535465240478516,1,1,train
7951,0.00043671828461810946,0,0,unlabeled
7952,0.0004847538657486439,0,0,unlabeled
7953,0.0003456482372712344,0,0,unlabeled
7954,0.0008525731391273439,0,0,val
7955,0.001816853298805654,0,0,unlabeled
7956,0.0009229664574377239,0,0,unlabeled
7957,0.0004164238052908331,0,0,unlabeled
7958,0.944390058517456,1,1,train
7959,0.0005310855340212584,0,0,unlabeled
7960,0.7693746089935303,0,0,val
7961,0.0028566031251102686,0,0,unlabeled
7962,0.0014384730020537972,0,0,unlabeled
7963,0.153330460190773,0,0,val
7964,0.0015516409184783697,0,0,unlabeled
7965,0.0010003747884184122,0,0,unlabeled
7966,0.001165585475973785,0,0,unlabeled
7967,0.0012014757376164198,0,0,unlabeled
7968,0.0003695112536661327,0,0,unlabeled
7969,0.0005722904461435974,0,0,unlabeled
7970,4.611270469467854e-06,0,0,unlabeled
7971,0.9737711548805237,1,1,unlabeled
7972,0.007952551357448101,0,0,unlabeled
7973,0.005406630225479603,0,0,unlabeled
7974,0.9768350124359131,1,1,unlabeled
7975,0.002123469254001975,0,0,unlabeled
7976,0.005849855486303568,0,0,unlabeled
7977,0.3091524541378021,0,0,unlabeled
7978,0.9572005867958069,1,1,unlabeled
7979,0.0005909370956942439,0,0,unlabeled
7980,0.0012821312993764877,0,0,unlabeled
7981,0.37089142203330994,0,0,unlabeled
7982,0.99162358045578,1,1,unlabeled
7983,0.0008346702088601887,0,0,unlabeled
7984,0.001991622382774949,0,0,unlabeled
7985,0.000511332240421325,0,0,unlabeled
7986,7.198529783636332e-05,0,0,unlabeled
7987,0.0028085941448807716,0,0,unlabeled
7988,0.0012270970037207007,0,0,unlabeled
7989,0.002541320165619254,0,0,unlabeled
7990,0.9863089323043823,1,1,unlabeled
7991,0.0047885882668197155,0,0,train
7992,0.011560387909412384,0,0,unlabeled
7993,0.00460777198895812,0,0,unlabeled
7994,0.003019833704456687,0,0,train
7995,0.0014258743030950427,0,0,train
7996,0.00041045332909561694,0,0,unlabeled
7997,0.000988268293440342,0,0,unlabeled
7998,0.25978854298591614,0,0,unlabeled
7999,0.9355392456054688,1,1,unlabeled
8000,0.00028774127713404596,0,0,unlabeled
8001,0.001771875424310565,0,0,unlabeled
8002,0.0004981147940270603,0,0,unlabeled
8003,7.198529783636332e-05,0,0,unlabeled
8004,0.00042957253754138947,0,0,unlabeled
8005,0.034503765404224396,0,0,unlabeled
8006,0.0006764640565961599,0,0,unlabeled
8007,0.009261032566428185,0,0,unlabeled
8008,0.9775996804237366,1,1,unlabeled
8009,0.0005452517070807517,0,0,unlabeled
8010,0.0004474697634577751,0,0,unlabeled
8011,0.0020483823027461767,0,0,unlabeled
8012,0.01021667942404747,0,0,train
8013,0.0031085622031241655,0,0,unlabeled
8014,0.00023558776592835784,0,0,unlabeled
8015,0.0020314750727266073,0,0,unlabeled
8016,0.9790831208229065,1,1,train
8017,0.00024161487817764282,0,0,unlabeled
8018,0.002449887804687023,0,0,unlabeled
8019,0.9847511053085327,1,1,train
8020,0.003529947018250823,0,0,train
8021,0.0014634235994890332,0,0,train
8022,0.000677385600283742,0,0,train
8023,0.1803586333990097,0,0,unlabeled
8024,0.9683152437210083,1,1,train
8025,0.9245076775550842,1,1,unlabeled
8026,0.9943819642066956,1,1,unlabeled
8027,0.112849660217762,0,0,unlabeled
8028,0.000501861737575382,0,0,unlabeled
8029,0.0008752583526074886,0,0,train
8030,0.0008749539847485721,0,0,train
8031,0.990365207195282,1,1,train
8032,0.000491773709654808,0,0,unlabeled
8033,0.0019171652384102345,0,0,unlabeled
8034,0.0005445259157568216,0,0,unlabeled
8035,0.9897993803024292,1,1,unlabeled
8036,0.9543758630752563,1,1,unlabeled
8037,0.9668963551521301,1,1,train
8038,0.0023254326079040766,0,0,unlabeled
8039,0.33006978034973145,0,0,unlabeled
8040,0.0005724824732169509,0,0,unlabeled
8041,0.0005843652179464698,0,0,unlabeled
8042,2.2111659347956447e-07,0,0,train
8043,8.98588405107148e-05,0,0,unlabeled
8044,0.000451546860858798,0,0,train
8045,0.0003446807968430221,0,0,unlabeled
8046,0.0025465290527790785,0,0,train
8047,0.03811560943722725,0,0,unlabeled
8048,0.8994147777557373,1,1,unlabeled
8049,0.015356253832578659,0,0,unlabeled
8050,0.0005496572703123093,0,0,unlabeled
8051,0.011573713272809982,0,0,unlabeled
8052,0.9856483936309814,1,1,unlabeled
8053,0.0035262922756373882,0,0,unlabeled
8054,0.00046898992150090635,0,0,unlabeled
8055,0.009050130844116211,0,0,unlabeled
8056,0.0006565508083440363,0,0,unlabeled
8057,0.0011281026527285576,0,0,unlabeled
8058,0.0008769074338488281,0,0,unlabeled
8059,0.0007224613218568265,0,0,unlabeled
8060,0.0016158751677721739,0,0,unlabeled
8061,0.14555113017559052,0,0,val
8062,0.0009101753239519894,0,0,unlabeled
8063,0.08075705915689468,0,0,val
8064,0.0019103542435914278,0,0,unlabeled
8065,0.0005731693236157298,0,0,unlabeled
8066,0.017782431095838547,0,0,unlabeled
8067,0.6224406957626343,0,0,unlabeled
8068,0.9668863415718079,1,1,unlabeled
8069,0.0012287356657907367,0,0,unlabeled
8070,0.0011310590198263526,0,0,unlabeled
8071,0.0016587108839303255,0,0,unlabeled
8072,0.0004891956923529506,0,0,train
8073,0.0002932959469035268,0,0,unlabeled
8074,0.00202343356795609,0,0,unlabeled
8075,0.980440080165863,1,1,unlabeled
8076,0.9937544465065002,1,1,unlabeled
8077,0.9582192897796631,1,1,unlabeled
8078,0.001771875424310565,0,0,unlabeled
8079,0.9726636409759521,1,1,train
8080,0.00016228934691753238,0,0,train
8081,0.0016245091101154685,0,0,unlabeled
8082,0.9811625480651855,1,1,unlabeled
8083,0.000389651395380497,0,0,unlabeled
8084,0.0007883496582508087,0,0,unlabeled
8085,0.0010935090249404311,0,0,unlabeled
8086,0.04054977372288704,0,0,unlabeled
8087,0.0009208556730300188,0,0,unlabeled
8088,0.0030576568096876144,0,0,unlabeled
8089,0.001093100756406784,0,0,unlabeled
8090,0.9602475166320801,1,1,unlabeled
8091,0.9911513924598694,1,1,unlabeled
8092,0.0010767289204522967,0,0,unlabeled
8093,0.00039126499905250967,0,0,train
8094,0.001451348653063178,0,0,unlabeled
8095,0.0016510110581293702,0,0,unlabeled
8096,0.0005408094730228186,0,0,unlabeled
8097,0.9365676641464233,1,0,unlabeled
8098,0.46921032667160034,0,0,unlabeled
8099,0.009933862835168839,0,0,train
8100,0.00019239950051996857,0,0,unlabeled
8101,0.001002681558020413,0,0,unlabeled
8102,1.40981103413651e-06,0,0,unlabeled
8103,0.0005869113956578076,0,0,unlabeled
8104,0.0024925321340560913,0,0,unlabeled
8105,0.9883744716644287,1,1,unlabeled
8106,0.002102569444105029,0,0,unlabeled
8107,0.0008028956945054233,0,0,val
8108,0.0033203631173819304,0,0,train
8109,0.0010905410163104534,0,0,val
8110,0.9340549111366272,1,0,train
8111,0.0010028453543782234,0,0,unlabeled
8112,0.0020100953988730907,0,0,unlabeled
8113,0.0012529088417068124,0,0,train
8114,0.8403985500335693,1,0,unlabeled
8115,0.9844915270805359,1,1,unlabeled
8116,0.0021235672757029533,0,0,unlabeled
8117,0.0006199648487381637,0,0,unlabeled
8118,0.0007232821662910283,0,0,unlabeled
8119,0.0005236586439423263,0,0,unlabeled
8120,0.9474395513534546,1,1,unlabeled
8121,0.009203776717185974,0,0,unlabeled
8122,0.0003690780431497842,0,0,unlabeled
8123,0.0017094885697588325,0,0,train
8124,0.0009468315984122455,0,0,unlabeled
8125,0.21780170500278473,0,0,unlabeled
8126,0.9480789303779602,1,1,unlabeled
8127,0.015149462968111038,0,0,train
8128,0.0013582120882347226,0,0,unlabeled
8129,0.8415948152542114,1,1,unlabeled
8130,0.001439879066310823,0,0,unlabeled
8131,0.8553188443183899,1,0,train
8132,0.0023473429027944803,0,0,unlabeled
8133,0.00018211793212685734,0,0,unlabeled
8134,0.972350537776947,1,1,unlabeled
8135,0.0020742625929415226,0,0,unlabeled
8136,0.9526551961898804,1,1,unlabeled
8137,0.9593406319618225,1,1,unlabeled
8138,0.9889196753501892,1,1,unlabeled
8139,0.008650152944028378,0,0,unlabeled
8140,0.0004730078799184412,0,0,train
8141,0.6667135953903198,0,0,train
8142,0.03512650728225708,0,0,unlabeled
8143,0.004351931624114513,0,0,unlabeled
8144,0.9693815112113953,1,1,train
8145,0.00036539227585308254,0,0,unlabeled
8146,0.006917690392583609,0,0,val
8147,0.0003772940835915506,0,0,unlabeled
8148,0.0004106503911316395,0,0,unlabeled
8149,0.0003957918961532414,0,0,unlabeled
8150,0.000561580469366163,0,0,val
8151,0.0015343079576268792,0,0,unlabeled
8152,0.32257455587387085,0,0,unlabeled
8153,0.0004786865320056677,0,0,unlabeled
8154,0.0002932959469035268,0,0,unlabeled
8155,0.0004641280975192785,0,0,val
8156,0.0005387974670156837,0,0,unlabeled
8157,0.0005690348334610462,0,0,unlabeled
8158,0.9914092421531677,1,1,unlabeled
8159,0.00030109850922599435,0,0,val
8160,0.004033094737678766,0,0,unlabeled
8161,0.9930983185768127,1,1,train
8162,0.0877220556139946,0,0,unlabeled
8163,0.25424954295158386,0,0,unlabeled
8164,0.001295536058023572,0,0,unlabeled
8165,0.0039023628924041986,0,0,unlabeled
8166,0.0016510110581293702,0,0,unlabeled
8167,0.0013566258130595088,0,0,train
8168,0.009179345332086086,0,0,train
8169,0.0007049193955026567,0,0,unlabeled
8170,0.9846316576004028,1,1,unlabeled
8171,0.9635716080665588,1,1,unlabeled
8172,0.023089757189154625,0,0,val
8173,0.9534320831298828,1,1,unlabeled
8174,0.0007757142884656787,0,0,train
8175,0.00045594482799060643,0,0,unlabeled
8176,0.041091274470090866,0,0,unlabeled
8177,0.0021235672757029533,0,0,unlabeled
8178,0.9856293797492981,1,1,unlabeled
8179,0.005697137676179409,0,0,unlabeled
8180,0.0010448985267430544,0,0,unlabeled
8181,0.09281979501247406,0,0,unlabeled
8182,0.0008897988591343164,0,0,unlabeled
8183,0.0004913873272016644,0,0,unlabeled
8184,0.9876153469085693,1,1,unlabeled
8185,0.0029000164940953255,0,0,unlabeled
8186,0.003046560101211071,0,0,unlabeled
8187,0.0077135288156569,0,0,train
8188,0.00029487107531167567,0,0,unlabeled
8189,0.0016459147445857525,0,0,unlabeled
8190,0.0015343079576268792,0,0,train
8191,0.9617452025413513,1,1,unlabeled
8192,0.00039126499905250967,0,0,unlabeled
8193,0.16883128881454468,0,0,unlabeled
8194,0.0008998707053251565,0,0,unlabeled
8195,0.001145226415246725,0,0,unlabeled
8196,0.004010447766631842,0,0,unlabeled
8197,0.8403985500335693,1,0,unlabeled
8198,0.001912339124828577,0,0,unlabeled
8199,0.000819918408524245,0,0,unlabeled
8200,0.0006088608643040061,0,0,unlabeled
8201,0.0020108846947550774,0,0,unlabeled
8202,0.0003009989159181714,0,0,unlabeled
8203,0.6911779046058655,0,0,train
8204,0.16992686688899994,0,0,unlabeled
8205,0.000552205485291779,0,0,unlabeled
8206,0.0013448820682242513,0,0,unlabeled
8207,0.0002371959126321599,0,0,unlabeled
8208,0.014433635398745537,0,0,unlabeled
8209,0.0010088456328958273,0,0,unlabeled
8210,0.005136569496244192,0,0,unlabeled
8211,0.05708139017224312,0,0,unlabeled
8212,0.9659922122955322,1,1,val
8213,0.0007159573724493384,0,0,unlabeled
8214,0.0006176017341203988,0,0,unlabeled
8215,0.00031784584280103445,0,0,train
8216,0.9334218502044678,1,1,unlabeled
8217,0.2714141011238098,0,0,unlabeled
8218,0.957599937915802,1,1,unlabeled
8219,0.0017694135894998908,0,0,unlabeled
8220,0.0049380226992070675,0,0,train
8221,0.0015518456930294633,0,0,train
8222,0.00040699343662709,0,0,unlabeled
8223,0.9885207414627075,1,1,unlabeled
8224,0.00042338253115303814,0,0,unlabeled
8225,0.0017557874089106917,0,0,unlabeled
8226,0.000912090006750077,0,0,unlabeled
8227,0.0010707149049267173,0,0,unlabeled
8228,0.9754441380500793,1,1,unlabeled
8229,0.0004030356358271092,0,0,unlabeled
8230,0.9542845487594604,1,1,unlabeled
8231,0.042650800198316574,0,0,unlabeled
8232,0.000536952808033675,0,0,unlabeled
8233,0.00043050022213719785,0,0,unlabeled
8234,0.0015373731730505824,0,0,unlabeled
8235,0.001460942206904292,0,0,unlabeled
8236,0.9799456596374512,1,1,unlabeled
8237,0.000827755662612617,0,0,unlabeled
8238,0.00028774153906852007,0,0,unlabeled
8239,0.9936229586601257,1,1,unlabeled
8240,0.006998001132160425,0,0,unlabeled
8241,0.0015343079576268792,0,0,unlabeled
8242,0.007146509364247322,0,0,unlabeled
8243,0.000555132981389761,0,0,train
8244,0.8711055517196655,1,1,unlabeled
8245,0.0005306096863932908,0,0,train
8246,0.0007414472056552768,0,0,unlabeled
8247,0.8937456011772156,1,1,unlabeled
8248,0.0028566031251102686,0,0,unlabeled
8249,0.004810275509953499,0,0,unlabeled
8250,0.9790753722190857,1,1,unlabeled
8251,0.00029610443743877113,0,0,unlabeled
8252,0.000596617057453841,0,0,unlabeled
8253,0.0009324897546321154,0,0,unlabeled
8254,0.9888750314712524,1,1,unlabeled
8255,0.00364564242772758,0,0,train
8256,0.001304773148149252,0,0,train
8257,0.0017094885697588325,0,0,unlabeled
8258,0.0009222878143191338,0,0,train
8259,0.004459174815565348,0,0,unlabeled
8260,0.0001850241533247754,0,0,val
8261,0.9739614129066467,1,1,unlabeled
8262,0.9781700968742371,1,1,unlabeled
8263,0.002408996457234025,0,0,unlabeled
8264,0.0028485169168561697,0,0,train
8265,0.0005724824732169509,0,0,unlabeled
8266,0.0004941661609336734,0,0,unlabeled
8267,0.0018766436260193586,0,0,unlabeled
8268,0.004715488292276859,0,0,unlabeled
8269,7.942627462398377e-07,0,0,unlabeled
8270,0.25978854298591614,0,0,unlabeled
8271,0.0005853360053151846,0,0,unlabeled
8272,0.0011806755792349577,0,0,unlabeled
8273,0.973712146282196,1,1,val
8274,0.0010539451614022255,0,0,unlabeled
8275,0.003328053979203105,0,0,unlabeled
8276,0.0017848857678472996,0,0,train
8277,0.9523503184318542,1,1,train
8278,0.9703365564346313,1,1,unlabeled
8279,0.0028566031251102686,0,0,unlabeled
8280,0.9907103180885315,1,1,unlabeled
8281,0.9689024090766907,1,1,train
8282,0.9835350513458252,1,1,unlabeled
8283,0.000557186605874449,0,0,unlabeled
8284,0.0001223026920342818,0,0,unlabeled
8285,0.00018574605928733945,0,0,unlabeled
8286,0.9705494046211243,1,1,unlabeled
8287,0.0015596159501001239,0,0,unlabeled
8288,0.9852637052536011,1,1,unlabeled
8289,0.0010759378783404827,0,0,unlabeled
8290,0.9882489442825317,1,1,unlabeled
8291,0.0016459147445857525,0,0,unlabeled
8292,0.00029331271070986986,0,0,val
8293,0.055946897715330124,0,0,unlabeled
8294,0.000495597836561501,0,0,unlabeled
8295,0.00029689312214031816,0,0,unlabeled
8296,0.0014868829166516662,0,0,unlabeled
8297,0.0010859949979931116,0,0,unlabeled
8298,0.0038063505198806524,0,0,unlabeled
8299,0.002890864387154579,0,0,unlabeled
8300,0.0020742625929415226,0,0,unlabeled
8301,0.0017848857678472996,0,0,unlabeled
8302,0.002219204790890217,0,0,unlabeled
8303,0.0006249063881114125,0,0,unlabeled
8304,0.0015534592093899846,0,0,unlabeled
8305,0.044842686504125595,0,0,unlabeled
8306,0.9836840629577637,1,1,unlabeled
8307,0.0009543492924422026,0,0,unlabeled
8308,0.0007373603875748813,0,0,train
8309,0.0006310344324447215,0,0,unlabeled
8310,0.0031383291352540255,0,0,val
8311,0.000596617057453841,0,0,unlabeled
8312,0.0008298643515445292,0,0,unlabeled
8313,0.00026517821243032813,0,0,unlabeled
8314,0.0005797103513032198,0,0,unlabeled
8315,0.9879773259162903,1,1,unlabeled
8316,0.007797694765031338,0,0,train
8317,0.00016910395061131567,0,0,unlabeled
8318,4.611270469467854e-06,0,0,unlabeled
8319,0.004208066500723362,0,0,train
8320,0.0074763973243534565,0,0,unlabeled
8321,0.8664538264274597,1,1,unlabeled
8322,0.0009062867029570043,0,0,unlabeled
8323,0.13028079271316528,0,0,unlabeled
8324,0.9429935812950134,1,1,unlabeled
8325,0.0012143065687268972,0,0,unlabeled
8326,0.0009326310828328133,0,0,unlabeled
8327,0.0003318877425044775,0,0,unlabeled
8328,0.13498668372631073,0,0,train
8329,0.0006090233800932765,0,0,val
8330,0.0020742625929415226,0,0,unlabeled
8331,0.9099897742271423,1,1,train
8332,0.0016236008377745748,0,0,unlabeled
8333,0.003684812691062689,0,0,unlabeled
8334,0.0012941454770043492,0,0,train
8335,0.005665503907948732,0,0,unlabeled
8336,0.9828077554702759,1,1,unlabeled
8337,1.7686913906800328e-06,0,0,val
8338,0.04955320432782173,0,0,unlabeled
8339,0.000990695203654468,0,0,unlabeled
8340,0.0004866022209171206,0,0,unlabeled
8341,0.0011954614892601967,0,0,unlabeled
8342,0.0006199648487381637,0,0,unlabeled
8343,0.001540325814858079,0,0,unlabeled
8344,0.003852751338854432,0,0,unlabeled
8345,0.005762204527854919,0,0,train
8346,0.0012995294528082013,0,0,unlabeled
8347,0.0017094885697588325,0,0,val
8348,0.0017094885697588325,0,0,unlabeled
8349,0.001403728500008583,0,0,unlabeled
8350,0.9858347773551941,1,1,unlabeled
8351,0.8561197519302368,1,0,train
8352,0.9744250774383545,1,1,unlabeled
8353,0.0015980835305526853,0,0,val
8354,0.9885178804397583,1,1,unlabeled
8355,0.0003690780431497842,0,0,unlabeled
8356,0.002887653885409236,0,0,unlabeled
8357,0.0008253346313722432,0,0,unlabeled
8358,0.0024018187541514635,0,0,unlabeled
8359,0.001912339124828577,0,0,unlabeled
8360,0.9800319671630859,1,1,unlabeled
8361,0.9586862325668335,1,1,unlabeled
8362,0.0011364768724888563,0,0,unlabeled
8363,0.0006369483890011907,0,0,train
8364,0.0005072930944152176,0,0,unlabeled
8365,0.0035862543154507875,0,0,unlabeled
8366,0.0005311840213835239,0,0,unlabeled
8367,0.0013582120882347226,0,0,unlabeled
8368,0.00025672282208688557,0,0,val
8369,0.0007418108871206641,0,0,unlabeled
8370,0.0006310835015028715,0,0,val
8371,0.02169957011938095,0,0,unlabeled
8372,0.019789861515164375,0,0,unlabeled
8373,0.001580720883794129,0,0,unlabeled
8374,0.002020487328991294,0,0,unlabeled
8375,0.0026840409263968468,0,0,unlabeled
8376,0.9807618260383606,1,1,unlabeled
8377,0.0019614598713815212,0,0,unlabeled
8378,0.0006604742375202477,0,0,unlabeled
8379,0.0003490154631435871,0,0,unlabeled
8380,0.0009020021534524858,0,0,unlabeled
8381,0.008698632009327412,0,0,unlabeled
8382,0.6644913554191589,0,0,unlabeled
8383,0.9939064383506775,1,1,unlabeled
8384,0.9744471311569214,1,1,unlabeled
8385,0.9733026027679443,1,1,unlabeled
8386,0.0022356119006872177,0,0,unlabeled
8387,0.002355555770918727,0,0,unlabeled
8388,0.0004464664380066097,0,0,train
8389,0.22948093712329865,0,0,unlabeled
8390,0.0011675606947392225,0,0,unlabeled
8391,0.00032140896655619144,0,0,unlabeled
8392,0.0010075196623802185,0,0,unlabeled
8393,0.9900132417678833,1,1,unlabeled
8394,0.00031955953454598784,0,0,train
8395,0.9789847731590271,1,1,train
8396,0.017228158190846443,0,0,train
8397,4.516334399795596e-07,0,0,train
8398,0.004101822152733803,0,0,unlabeled
8399,0.10084022581577301,0,0,unlabeled
8400,0.9591877460479736,1,1,unlabeled
8401,0.001588724204339087,0,0,unlabeled
8402,0.000664999068249017,0,0,train
8403,0.000491504673846066,0,0,unlabeled
8404,0.0025539498310536146,0,0,unlabeled
8405,0.00022982356313150376,0,0,val
8406,0.0025264963041990995,0,0,unlabeled
8407,0.0003866717161145061,0,0,unlabeled
8408,0.002074261661618948,0,0,unlabeled
8409,0.0007898143958300352,0,0,val
8410,0.06361128389835358,0,0,unlabeled
8411,0.00031955953454598784,0,0,unlabeled
8412,9.141933696810156e-05,0,0,unlabeled
8413,0.00039126499905250967,0,0,unlabeled
8414,0.0012570669641718268,0,0,unlabeled
8415,0.008701708167791367,0,0,unlabeled
8416,0.9536514282226562,1,1,unlabeled
8417,0.01580033265054226,0,0,unlabeled
8418,0.0003009989159181714,0,0,unlabeled
8419,0.0019614598713815212,0,0,unlabeled
8420,0.002539426786825061,0,0,unlabeled
8421,0.9834079146385193,1,1,unlabeled
8422,0.0011207044590264559,0,0,val
8423,0.0005236811120994389,0,0,unlabeled
8424,0.046477898955345154,0,0,unlabeled
8425,0.013300294056534767,0,0,unlabeled
8426,0.0009413343505002558,0,0,unlabeled
8427,0.0003017361741513014,0,0,unlabeled
8428,0.0009951688116416335,0,0,unlabeled
8429,0.0016308974009007215,0,0,train
8430,0.0032682509627193213,0,0,unlabeled
8431,0.0006639158818870783,0,0,unlabeled
8432,0.0020314750727266073,0,0,train
8433,0.0010831109248101711,0,0,unlabeled
8434,0.0035437154583632946,0,0,unlabeled
8435,0.0005400162190198898,0,0,val
8436,0.00022982356313150376,0,0,unlabeled
8437,0.000910174916498363,0,0,unlabeled
8438,0.000720151059795171,0,0,unlabeled
8439,0.00217515230178833,0,0,unlabeled
8440,0.9814240336418152,1,1,unlabeled
8441,0.8743600845336914,1,1,unlabeled
8442,0.00039126499905250967,0,0,unlabeled
8443,0.0005826581036671996,0,0,unlabeled
8444,0.9818425178527832,1,1,train
8445,0.0004792570252902806,0,0,unlabeled
8446,0.0020950352773070335,0,0,unlabeled
8447,0.9801406264305115,1,1,unlabeled
8448,0.0012102610198780894,0,0,unlabeled
8449,0.9858521223068237,1,1,val
8450,0.9729748964309692,1,1,unlabeled
8451,0.9511088728904724,1,1,unlabeled
8452,0.0030799887608736753,0,0,val
8453,0.0005996880936436355,0,0,unlabeled
8454,2.212153958680574e-06,0,0,train
8455,0.0002739015326369554,0,0,unlabeled
8456,0.002102569444105029,0,0,unlabeled
8457,0.001829606480896473,0,0,unlabeled
8458,0.0002932959469035268,0,0,unlabeled
8459,0.0028305277228355408,0,0,unlabeled
8460,9.872957889456302e-05,0,0,unlabeled
8461,0.9633417129516602,1,1,unlabeled
8462,0.0019733826629817486,0,0,train
8463,0.0014606619952246547,0,0,unlabeled
8464,0.9434680938720703,1,1,unlabeled
8465,0.9864166975021362,1,1,unlabeled
8466,0.9895064234733582,1,1,unlabeled
8467,0.9506012201309204,1,1,unlabeled
8468,0.5933155417442322,0,0,unlabeled
8469,0.9727884531021118,1,1,unlabeled
8470,0.0006567889358848333,0,0,train
8471,0.0014045655261725187,0,0,unlabeled
8472,0.0004405701474752277,0,0,unlabeled
8473,0.000751693092752248,0,0,unlabeled
8474,0.9897693395614624,1,1,unlabeled
8475,0.0007108654826879501,0,0,train
8476,0.005539639387279749,0,0,train
8477,0.9839631915092468,1,1,unlabeled
8478,0.0024925321340560913,0,0,val
8479,0.0011294950963929296,0,0,unlabeled
8480,0.972313642501831,1,1,unlabeled
8481,0.0005340800853446126,0,0,unlabeled
8482,0.0023468248546123505,0,0,unlabeled
8483,0.00030608399538323283,0,0,unlabeled
8484,0.0024700723588466644,0,0,unlabeled
8485,0.001552373985759914,0,0,unlabeled
8486,0.0026401947252452374,0,0,unlabeled
8487,0.0024018187541514635,0,0,val
8488,0.9843425750732422,1,1,unlabeled
8489,0.9875264763832092,1,1,val
8490,0.007705386728048325,0,0,unlabeled
8491,0.9715622067451477,1,1,unlabeled
8492,0.002916267141699791,0,0,unlabeled
8493,0.9816676378250122,1,1,unlabeled
8494,0.0016010222025215626,0,0,unlabeled
8495,0.0005609446088783443,0,0,unlabeled
8496,0.0004899157211184502,0,0,train
8497,0.0004969022120349109,0,0,unlabeled
8498,0.00039279297925531864,0,0,unlabeled
8499,0.0002951120841316879,0,0,unlabeled
8500,0.001209151349030435,0,0,val
8501,0.00034747199970297515,0,0,unlabeled
8502,0.0004164238052908331,0,0,unlabeled
8503,0.0005270464462228119,0,0,unlabeled
8504,0.0002672368136700243,0,0,unlabeled
8505,0.001027640886604786,0,0,unlabeled
8506,0.0009294819319620728,0,0,unlabeled
8507,0.9522642493247986,1,1,train
8508,0.0023418632335960865,0,0,train
8509,0.003639979287981987,0,0,unlabeled
8510,0.0022356119006872177,0,0,unlabeled
8511,0.9577884078025818,1,1,train
8512,0.9035715460777283,1,1,unlabeled
8513,0.0002143415913451463,0,0,unlabeled
8514,0.0004763755132444203,0,0,unlabeled
8515,0.001301741460338235,0,0,unlabeled
8516,0.9671782851219177,1,1,unlabeled
8517,0.0006412705988623202,0,0,unlabeled
8518,0.0020111247431486845,0,0,unlabeled
8519,0.0006061840103939176,0,0,unlabeled
8520,0.8949497938156128,1,1,unlabeled
8521,0.9323633313179016,1,1,unlabeled
8522,0.001172805204987526,0,0,unlabeled
8523,0.0006351089105010033,0,0,unlabeled
8524,0.0003450032963883132,0,0,train
8525,0.8916172385215759,1,1,unlabeled
8526,0.9666711688041687,1,1,unlabeled
8527,1.705129193396715e-06,0,0,unlabeled
8528,0.04122953861951828,0,0,unlabeled
8529,0.25820404291152954,0,0,unlabeled
8530,0.004459170624613762,0,0,unlabeled
8531,0.845343291759491,1,0,train
8532,0.041091274470090866,0,0,val
8533,0.001893677399493754,0,0,val
8534,0.0003795513475779444,0,0,unlabeled
8535,0.0005043040146119893,0,0,unlabeled
8536,0.9940676689147949,1,1,unlabeled
8537,0.9829775094985962,1,1,train
8538,0.002226182259619236,0,0,unlabeled
8539,0.000990695203654468,0,0,unlabeled
8540,0.9843392372131348,1,1,unlabeled
8541,0.0007588512380607426,0,0,unlabeled
8542,0.0009099030285142362,0,0,unlabeled
8543,0.9829208254814148,1,1,unlabeled
8544,0.006639949046075344,0,0,unlabeled
8545,0.003328053979203105,0,0,unlabeled
8546,0.001595630426891148,0,0,unlabeled
8547,6.203712473507039e-06,0,0,unlabeled
8548,0.11538519710302353,0,0,unlabeled
8549,0.0011716422159224749,0,0,unlabeled
8550,0.002102569444105029,0,0,unlabeled
8551,0.004312171135097742,0,0,unlabeled
8552,0.9000434875488281,1,1,unlabeled
8553,0.009164663031697273,0,0,unlabeled
8554,0.004120593424886465,0,0,unlabeled
8555,0.0014210789231583476,0,0,unlabeled
8556,0.00037657973007299006,0,0,unlabeled
8557,0.00031955953454598784,0,0,val
8558,0.0007235183147713542,0,0,unlabeled
8559,0.0007279571145772934,0,0,unlabeled
8560,0.9720730185508728,1,1,unlabeled
8561,0.0014815799659118056,0,0,val
8562,0.9945235252380371,1,1,unlabeled
8563,0.9647647142410278,1,1,unlabeled
8564,0.9910446405410767,1,1,val
8565,0.9786702990531921,1,1,unlabeled
8566,0.0028950939886271954,0,0,unlabeled
8567,0.10525435954332352,0,0,unlabeled
8568,0.9722468256950378,1,1,unlabeled
8569,9.977574336517137e-06,0,0,unlabeled
8570,0.00217515230178833,0,0,unlabeled
8571,0.0003163871297147125,0,0,val
8572,0.0007600229000672698,0,0,train
8573,0.00010652156197465956,0,0,unlabeled
8574,0.9739575982093811,1,1,val
8575,0.003636470530182123,0,0,unlabeled
8576,0.00918364804238081,0,0,unlabeled
8577,0.9829989075660706,1,1,unlabeled
8578,0.0005714063881896436,0,0,train
8579,0.0033397595398128033,0,0,unlabeled
8580,0.009465903975069523,0,0,unlabeled
8581,0.951905369758606,1,1,unlabeled
8582,0.9591519832611084,1,1,unlabeled
8583,0.0003402046859264374,0,0,unlabeled
8584,0.9576027989387512,1,1,unlabeled
8585,0.00026534360949881375,0,0,unlabeled
8586,0.9861752390861511,1,1,unlabeled
8587,0.00030635521397925913,0,0,unlabeled
8588,0.00027680874336510897,0,0,unlabeled
8589,0.0008009051671251655,0,0,unlabeled
8590,0.86770099401474,1,1,unlabeled
8591,0.0011224609334021807,0,0,unlabeled
8592,0.0001130573291447945,0,0,unlabeled
8593,0.1775948852300644,0,0,unlabeled
8594,0.008551245555281639,0,0,train
8595,0.004459170624613762,0,0,unlabeled
8596,0.0011138056870549917,0,0,unlabeled
8597,0.0015518456930294633,0,0,unlabeled
8598,0.0006259334622882307,0,0,unlabeled
8599,0.0008951635099947453,0,0,unlabeled
8600,0.0020314750727266073,0,0,unlabeled
8601,3.616825779317878e-06,0,0,train
8602,0.0016519379569217563,0,0,unlabeled
8603,0.9681509733200073,1,1,unlabeled
8604,0.9751608967781067,1,1,train
8605,0.0013920736964792013,0,0,val
8606,0.012709933333098888,0,0,unlabeled
8607,0.049332380294799805,0,0,unlabeled
8608,0.035485826432704926,0,0,unlabeled
8609,0.0006317023653537035,0,0,unlabeled
8610,0.0016253679059445858,0,0,unlabeled
8611,0.0019781836308538914,0,0,unlabeled
8612,0.001037249225191772,0,0,unlabeled
8613,0.0008632129756733775,0,0,train
8614,0.969844400882721,1,1,unlabeled
8615,0.0986567959189415,0,0,unlabeled
8616,0.9848530292510986,1,1,unlabeled
8617,0.0007127444259822369,0,0,train
8618,0.9907552599906921,1,1,train
8619,0.0004615167563315481,0,0,train
8620,0.003680519061163068,0,0,unlabeled
8621,0.9421740174293518,1,1,train
8622,0.9601115584373474,1,1,unlabeled
8623,0.11873957514762878,0,0,val
8624,0.9629548788070679,1,1,unlabeled
8625,0.011560387909412384,0,0,unlabeled
8626,0.0007185667636804283,0,0,unlabeled
8627,0.9532623887062073,1,1,val
8628,0.7656529545783997,0,0,unlabeled
8629,0.0003837675030808896,0,0,unlabeled
8630,0.9595086574554443,1,1,unlabeled
8631,0.0005839563091285527,0,0,unlabeled
8632,0.9622656106948853,1,1,unlabeled
8633,0.0035212577786296606,0,0,unlabeled
8634,0.0005077028763480484,0,0,unlabeled
8635,0.938684344291687,1,1,train
8636,0.9666479825973511,1,1,unlabeled
8637,0.0006310344324447215,0,0,unlabeled
8638,0.0009173873113468289,0,0,unlabeled
8639,0.19577115774154663,0,0,unlabeled
8640,0.9925040006637573,1,1,unlabeled
8641,0.0009064370533451438,0,0,unlabeled
8642,0.0009609020198695362,0,0,unlabeled
8643,0.0028566031251102686,0,0,train
8644,0.0018442386062815785,0,0,unlabeled
8645,0.003908131271600723,0,0,unlabeled
8646,0.020788490772247314,0,0,unlabeled
8647,0.8441588282585144,1,1,train
8648,0.001153191551566124,0,0,train
8649,0.0004373025440145284,0,0,unlabeled
8650,0.00259112729690969,0,0,unlabeled
8651,0.052280642092227936,0,0,unlabeled
8652,0.0008002048125490546,0,0,train
8653,0.0003452566743362695,0,0,unlabeled
8654,0.0005725657101720572,0,0,train
8655,0.2093053013086319,0,0,unlabeled
8656,0.9815349578857422,1,1,unlabeled
8657,0.000804407405667007,0,0,unlabeled
8658,0.967821478843689,1,1,unlabeled
8659,0.0007976448978297412,0,0,unlabeled
8660,0.001427438692189753,0,0,val
8661,0.9297351837158203,1,1,unlabeled
8662,0.0008552138460800052,0,0,unlabeled
8663,0.9659786820411682,1,1,unlabeled
8664,0.09752559661865234,0,0,unlabeled
8665,0.8949055075645447,1,1,unlabeled
8666,0.0003683121467474848,0,0,unlabeled
8667,0.0005872482433915138,0,0,unlabeled
8668,0.0007452320423908532,0,0,unlabeled
8669,0.9904893636703491,1,1,unlabeled
8670,0.00037627239362336695,0,0,unlabeled
8671,0.9392287731170654,1,0,unlabeled
8672,0.0006240939837880433,0,0,unlabeled
8673,0.975890576839447,1,1,unlabeled
8674,0.0006327396840788424,0,0,unlabeled
8675,0.006016080733388662,0,0,unlabeled
8676,0.14567624032497406,0,0,unlabeled
8677,0.0005340798525139689,0,0,unlabeled
8678,0.00024674777523614466,0,0,unlabeled
8679,0.0007346607744693756,0,0,unlabeled
8680,0.0012868703342974186,0,0,train
8681,0.0003426827897783369,0,0,unlabeled
8682,0.967014491558075,1,1,unlabeled
8683,0.0002778640191536397,0,0,unlabeled
8684,0.0017378051998093724,0,0,unlabeled
8685,0.9903229475021362,1,1,unlabeled
8686,0.030854525044560432,0,0,unlabeled
8687,0.9300656318664551,1,1,unlabeled
8688,0.0034289113245904446,0,0,unlabeled
8689,0.0009143805946223438,0,0,unlabeled
8690,0.0038538954686373472,0,0,train
8691,0.0011694071581587195,0,0,unlabeled
8692,0.9603716135025024,1,1,unlabeled
8693,0.00434695091098547,0,0,val
8694,0.00478567136451602,0,0,unlabeled
8695,0.992133378982544,1,1,unlabeled
8696,0.0013958844356238842,0,0,val
8697,0.9823557734489441,1,1,unlabeled
8698,0.9546762108802795,1,1,unlabeled
8699,0.004459170624613762,0,0,val
8700,3.835409643215826e-06,0,0,unlabeled
8701,0.007846569642424583,0,0,train
8702,0.9678401947021484,1,1,unlabeled
8703,0.005136569496244192,0,0,unlabeled
8704,0.001198840793222189,0,0,unlabeled
8705,0.0013569928705692291,0,0,unlabeled
8706,0.0006932769902050495,0,0,unlabeled
8707,0.0012397044338285923,0,0,unlabeled
8708,0.9612255692481995,1,1,val
8709,0.9901115298271179,1,1,unlabeled
8710,0.0004852584970649332,0,0,unlabeled
8711,0.0867949053645134,0,0,train
8712,0.0029640193097293377,0,0,train
8713,0.9682363271713257,1,1,unlabeled
8714,0.0013015628792345524,0,0,unlabeled
8715,0.00897318683564663,0,0,unlabeled
8716,0.0008001304813660681,0,0,train
8717,0.0020084832794964314,0,0,unlabeled
8718,0.07067369669675827,0,0,unlabeled
8719,0.002651569899171591,0,0,unlabeled
8720,0.003490071278065443,0,0,unlabeled
8721,0.0012346238363534212,0,0,unlabeled
8722,0.8550274968147278,1,1,unlabeled
8723,0.0005724824732169509,0,0,unlabeled
8724,0.00016274774679914117,0,0,unlabeled
8725,0.009489849209785461,0,0,unlabeled
8726,0.02800629287958145,0,0,unlabeled
8727,0.017386984080076218,0,0,unlabeled
8728,0.9835451245307922,1,1,unlabeled
8729,0.0003017361741513014,0,0,unlabeled
8730,0.0015518456930294633,0,0,unlabeled
8731,0.0011028843000531197,0,0,unlabeled
8732,0.9890279769897461,1,1,unlabeled
8733,0.000697949668392539,0,0,unlabeled
8734,0.0010105632245540619,0,0,unlabeled
8735,0.0008889866294339299,0,0,unlabeled
8736,0.9702531695365906,1,1,unlabeled
8737,0.0017731551779434085,0,0,unlabeled
8738,0.9868981838226318,1,1,unlabeled
8739,0.9912605881690979,1,1,unlabeled
8740,0.16583116352558136,0,0,unlabeled
8741,0.9059039354324341,1,1,unlabeled
8742,0.009698688983917236,0,0,val
8743,0.001215326483361423,0,0,unlabeled
8744,0.0009593500872142613,0,0,unlabeled
8745,0.0012525718193501234,0,0,unlabeled
8746,0.0022356119006872177,0,0,unlabeled
8747,0.13625189661979675,0,0,unlabeled
8748,3.013227569681476e-06,0,0,unlabeled
8749,0.001771875424310565,0,0,unlabeled
8750,0.0007471406715922058,0,0,train
8751,0.956416130065918,1,1,unlabeled
8752,0.0035255029797554016,0,0,unlabeled
8753,0.0004966749111190438,0,0,unlabeled
8754,0.0013406741200014949,0,0,unlabeled
8755,0.007458020001649857,0,0,unlabeled
8756,0.0003355249064043164,0,0,train
8757,0.004795164335519075,0,0,unlabeled
8758,0.007533723954111338,0,0,unlabeled
8759,0.866174578666687,1,0,train
8760,0.0009958668379113078,0,0,unlabeled
8761,0.00032871522125788033,0,0,unlabeled
8762,0.0024577546864748,0,0,unlabeled
8763,0.0023060860112309456,0,0,unlabeled
8764,0.00016769989451859146,0,0,unlabeled
8765,0.003425987670198083,0,0,unlabeled
8766,0.9886702299118042,1,1,unlabeled
8767,0.9753653407096863,1,1,unlabeled
8768,0.00036143563920632005,0,0,unlabeled
8769,0.0007471409626305103,0,0,unlabeled
8770,0.9878014922142029,1,1,train
8771,0.015905383974313736,0,0,unlabeled
8772,0.002510691760107875,0,0,train
8773,0.002771704690530896,0,0,unlabeled
8774,0.0024925321340560913,0,0,unlabeled
8775,0.0204052422195673,0,0,unlabeled
8776,0.979749321937561,1,1,train
8777,0.9694378972053528,1,1,unlabeled
8778,0.0010659345425665379,0,0,unlabeled
8779,0.9801962971687317,1,1,unlabeled
8780,0.00038142953417263925,0,0,unlabeled
8781,0.0008007799624465406,0,0,unlabeled
8782,0.00825352594256401,0,0,unlabeled
8783,0.0017243071924895048,0,0,train
8784,0.9921101927757263,1,1,train
8785,0.9617623686790466,1,1,unlabeled
8786,0.0007046607788652182,0,0,unlabeled
8787,0.00011429510050220415,0,0,unlabeled
8788,0.017422964796423912,0,0,unlabeled
8789,0.0011676378780975938,0,0,unlabeled
8790,0.0010207925224676728,0,0,train
8791,2.9920982342446223e-05,0,0,unlabeled
8792,0.0005762779619544744,0,0,unlabeled
8793,0.001403728500008583,0,0,unlabeled
8794,0.0008921590051613748,0,0,unlabeled
8795,0.00010004235082305968,0,0,unlabeled
8796,0.9890234470367432,1,1,unlabeled
8797,0.003046560101211071,0,0,train
8798,0.1357669234275818,0,0,unlabeled
8799,0.9688712954521179,1,1,train
8800,0.9450965523719788,1,0,unlabeled
8801,0.0018371150363236666,0,0,unlabeled
8802,0.0003700807283166796,0,0,train
8803,0.00081195606617257,0,0,train
8804,0.9757061004638672,1,1,train
8805,0.0004569520824588835,0,0,unlabeled
8806,0.013805560767650604,0,0,unlabeled
8807,0.0004194969078525901,0,0,unlabeled
8808,0.0027119568549096584,0,0,unlabeled
8809,0.0004480236384551972,0,0,unlabeled
8810,0.9859346151351929,1,1,train
8811,0.0021731662563979626,0,0,unlabeled
8812,0.0007471406715922058,0,0,unlabeled
8813,0.71697998046875,0,0,unlabeled
8814,0.011892912909388542,0,0,unlabeled
8815,0.0044591729529201984,0,0,unlabeled
8816,0.0024018187541514635,0,0,unlabeled
8817,0.00041076395427808166,0,0,unlabeled
8818,0.00025672282208688557,0,0,unlabeled
8819,0.001212662784382701,0,0,unlabeled
8820,7.463988004019484e-05,0,0,unlabeled
8821,0.000368281063856557,0,0,unlabeled
8822,0.9257634282112122,1,0,unlabeled
8823,0.0003265260311309248,0,0,unlabeled
8824,0.0004032072320114821,0,0,unlabeled
8825,0.0006227778503671288,0,0,train
8826,0.015290264040231705,0,0,unlabeled
8827,0.0008525731391273439,0,0,unlabeled
8828,0.008363787084817886,0,0,unlabeled
8829,0.003328053979203105,0,0,unlabeled
8830,0.02231338806450367,0,0,unlabeled
8831,0.0035862543154507875,0,0,unlabeled
8832,0.0014419908402487636,0,0,unlabeled
8833,0.009764714166522026,0,0,unlabeled
8834,0.0035862543154507875,0,0,val
8835,0.9282408356666565,1,1,unlabeled
8836,0.007458020001649857,0,0,unlabeled
8837,0.00036450751940719783,0,0,unlabeled
8838,0.948540985584259,1,1,unlabeled
8839,0.0007698829285800457,0,0,unlabeled
8840,0.0007448625401593745,0,0,unlabeled
8841,0.00335737899877131,0,0,unlabeled
8842,0.0011590496869757771,0,0,unlabeled
8843,0.0015741962706670165,0,0,unlabeled
8844,0.9507486820220947,1,1,unlabeled
8845,0.0006120492471382022,0,0,train
8846,0.0014176692347973585,0,0,val
8847,0.9803037047386169,1,1,unlabeled
8848,0.009580664336681366,0,0,unlabeled
8849,0.04510219022631645,0,0,unlabeled
8850,0.018725570291280746,0,0,train
8851,0.12084230780601501,0,0,train
8852,0.00157926173415035,0,0,unlabeled
8853,0.056867506355047226,0,0,unlabeled
8854,0.0008503537392243743,0,0,unlabeled
8855,0.9885977506637573,1,1,val
8856,0.0012351942714303732,0,0,unlabeled
8857,0.0003417301631998271,0,0,unlabeled
8858,0.047646570950746536,0,0,unlabeled
8859,2.9920982342446223e-05,0,0,unlabeled
8860,0.00149115442764014,0,0,unlabeled
8861,0.0004938259953632951,0,0,val
8862,0.8465057015419006,1,1,unlabeled
8863,0.00019947238615714014,0,0,train
8864,0.0012652954319491982,0,0,unlabeled
8865,0.0005026334547437727,0,0,unlabeled
8866,0.9834873080253601,1,1,unlabeled
8867,0.9920171499252319,1,1,unlabeled
8868,0.0004389011883176863,0,0,unlabeled
8869,0.02315252088010311,0,0,unlabeled
8870,0.05619825795292854,0,0,unlabeled
8871,0.00401800824329257,0,0,train
8872,0.0007313817623071373,0,0,unlabeled
8873,0.0004981147940270603,0,0,unlabeled
8874,0.005802351050078869,0,0,unlabeled
8875,0.00029002726660110056,0,0,unlabeled
8876,0.00039087727782316506,0,0,train
8877,0.9394088387489319,1,1,unlabeled
8878,0.023035928606987,0,0,unlabeled
8879,0.0015222961083054543,0,0,unlabeled
8880,0.9830530285835266,1,1,unlabeled
8881,0.992624819278717,1,1,unlabeled
8882,0.007549124304205179,0,0,unlabeled
8883,0.00030957013950683177,0,0,unlabeled
8884,0.0002739015326369554,0,0,unlabeled
8885,0.027800796553492546,0,0,val
8886,0.0017153321532532573,0,0,train
8887,0.0009274198673665524,0,0,train
8888,0.0007734165992587805,0,0,unlabeled
8889,0.9643536806106567,1,1,unlabeled
8890,0.001499210949987173,0,0,unlabeled
8891,0.0006438034470193088,0,0,unlabeled
8892,0.9897137880325317,1,1,unlabeled
8893,0.0019614598713815212,0,0,unlabeled
8894,0.00026130565674975514,0,0,unlabeled
8895,0.0007976448978297412,0,0,unlabeled
8896,0.9927075505256653,1,1,unlabeled
8897,0.20571592450141907,0,0,train
8898,0.0002951120841316879,0,0,unlabeled
8899,0.9824502468109131,1,1,train
8900,0.04855348542332649,0,0,unlabeled
8901,0.9528449773788452,1,1,train
8902,0.02611706778407097,0,0,train
8903,0.0011228695511817932,0,0,unlabeled
8904,0.0035197201650589705,0,0,unlabeled
8905,0.0005196942947804928,0,0,unlabeled
8906,0.0001850241533247754,0,0,train
8907,0.009050130844116211,0,0,unlabeled
8908,0.0007146311108954251,0,0,unlabeled
8909,0.0002779223141260445,0,0,val
8910,0.13941903412342072,0,0,unlabeled
8911,0.002102569444105029,0,0,train
8912,0.032688871026039124,0,0,unlabeled
8913,0.9651973247528076,1,1,unlabeled
8914,0.0013096511829644442,0,0,unlabeled
8915,0.36990898847579956,0,0,unlabeled
8916,0.0018949909135699272,0,0,unlabeled
8917,0.0004966749111190438,0,0,unlabeled
8918,0.002492530969902873,0,0,unlabeled
8919,0.035485826432704926,0,0,unlabeled
8920,0.03057892993092537,0,0,unlabeled
8921,0.012697105295956135,0,0,unlabeled
8922,0.0010208130115643144,0,0,train
8923,0.0003358356188982725,0,0,unlabeled
8924,0.016583025455474854,0,0,unlabeled
8925,0.0050326003693044186,0,0,unlabeled
8926,0.002294823294505477,0,0,unlabeled
8927,0.0005047408631071448,0,0,unlabeled
8928,0.9001521468162537,1,1,unlabeled
8929,0.0027624641079455614,0,0,unlabeled
8930,0.9681504964828491,1,1,train
8931,0.0020100953988730907,0,0,unlabeled
8932,0.9784269332885742,1,1,unlabeled
8933,0.9885212182998657,1,1,unlabeled
8934,0.0016459147445857525,0,0,unlabeled
8935,0.09659584611654282,0,0,unlabeled
8936,0.0053850398398935795,0,0,unlabeled
8937,0.0703963190317154,0,0,unlabeled
8938,0.0007841872284188867,0,0,unlabeled
8939,0.0016308974009007215,0,0,train
8940,0.0004493325832299888,0,0,val
8941,0.007088476791977882,0,0,unlabeled
8942,0.0019614598713815212,0,0,unlabeled
8943,0.0028994856402277946,0,0,train
8944,0.9795243144035339,1,1,unlabeled
8945,0.9752904772758484,1,1,unlabeled
8946,0.0003298057126812637,0,0,unlabeled
8947,0.806411862373352,0,0,unlabeled
8948,7.198529783636332e-05,0,0,unlabeled
8949,0.0005153189995326102,0,0,train
8950,0.9693893790245056,1,1,train
8951,0.0006765346042811871,0,0,unlabeled
8952,0.0020100953988730907,0,0,unlabeled
8953,0.3749232590198517,0,0,unlabeled
8954,0.0012233462184667587,0,0,unlabeled
8955,0.0008658390142954886,0,0,train
8956,0.0007149536977522075,0,0,unlabeled
8957,0.10091741383075714,0,0,train
8958,0.0858280137181282,0,0,train
8959,0.04387348145246506,0,0,val
8960,0.0007026621024124324,0,0,unlabeled
8961,0.00040721410186961293,0,0,unlabeled
8962,0.01072933990508318,0,0,unlabeled
8963,0.0005858668009750545,0,0,unlabeled
8964,0.9691866636276245,1,1,unlabeled
8965,0.0010208130115643144,0,0,unlabeled
8966,0.0007974567706696689,0,0,unlabeled
8967,0.0007026621024124324,0,0,train
8968,0.0020314750727266073,0,0,unlabeled
8969,0.0007156687788665295,0,0,unlabeled
8970,0.0033668172545731068,0,0,unlabeled
8971,0.0019614598713815212,0,0,train
8972,0.0007422050694003701,0,0,unlabeled
8973,0.9799933433532715,1,0,unlabeled
8974,0.0003017361741513014,0,0,unlabeled
8975,0.9322200417518616,1,1,unlabeled
8976,0.9652992486953735,1,1,unlabeled
8977,0.9396026730537415,1,1,unlabeled
8978,0.001100138179026544,0,0,unlabeled
8979,0.9742314219474792,1,1,train
8980,0.0017557883402332664,0,0,train
8981,0.9821439385414124,1,1,val
8982,0.9951830506324768,1,1,unlabeled
8983,0.0010767295025289059,0,0,unlabeled
8984,0.0003613067965488881,0,0,unlabeled
8985,0.1745983511209488,0,0,val
8986,0.9694685935974121,1,1,unlabeled
8987,0.9725890755653381,1,1,unlabeled
8988,0.001162347849458456,0,0,unlabeled
8989,0.0024763860274106264,0,0,unlabeled
8990,2.811489139276091e-07,0,0,unlabeled
8991,0.9928050637245178,1,1,unlabeled
8992,0.0006120492471382022,0,0,unlabeled
8993,0.0007245619199238718,0,0,unlabeled
8994,0.0003494656120892614,0,0,unlabeled
8995,0.0006508714286610484,0,0,unlabeled
8996,0.9598105549812317,1,0,unlabeled
8997,0.0013582120882347226,0,0,unlabeled
8998,0.0021030136849731207,0,0,unlabeled
8999,0.0007613066118210554,0,0,unlabeled
9000,0.0022356119006872177,0,0,unlabeled
9001,0.0020742625929415226,0,0,unlabeled
9002,0.97950679063797,1,1,unlabeled
9003,0.052774298936128616,0,0,unlabeled
9004,0.9860807657241821,1,1,unlabeled
9005,0.0008525731391273439,0,0,unlabeled
9006,0.0014072197955101728,0,0,unlabeled
9007,0.040214210748672485,0,0,unlabeled
9008,0.003208745736628771,0,0,unlabeled
9009,0.9305855631828308,1,0,unlabeled
9010,0.682661771774292,0,0,train
9011,0.00038236405816860497,0,0,unlabeled
9012,0.009303448721766472,0,0,unlabeled
9013,0.00031955953454598784,0,0,unlabeled
9014,0.061996832489967346,0,0,unlabeled
9015,0.9747946262359619,1,1,train
9016,0.9764465093612671,1,1,unlabeled
9017,0.9893597364425659,1,1,unlabeled
9018,6.006299736327492e-05,0,0,train
9019,0.970069944858551,1,1,unlabeled
9020,0.957001268863678,1,1,train
9021,0.011560387909412384,0,0,unlabeled
9022,0.01072937622666359,0,0,unlabeled
9023,0.0002143415913451463,0,0,unlabeled
9024,0.9929606318473816,1,1,unlabeled
9025,0.0008769078413024545,0,0,unlabeled
9026,0.005136571358889341,0,0,unlabeled
9027,0.001425338676199317,0,0,unlabeled
9028,0.0018245200626552105,0,0,unlabeled
9029,0.9897137880325317,1,1,unlabeled
9030,0.002236687345430255,0,0,unlabeled
9031,0.0006764640565961599,0,0,unlabeled
9032,0.007005324121564627,0,0,unlabeled
9033,0.0020742625929415226,0,0,unlabeled
9034,0.9257634282112122,1,0,unlabeled
9035,0.9755216240882874,1,1,unlabeled
9036,0.9437922835350037,1,1,unlabeled
9037,0.0020742625929415226,0,0,unlabeled
9038,0.005973197054117918,0,0,unlabeled
9039,0.0015441233990713954,0,0,unlabeled
9040,0.02831687405705452,0,0,unlabeled
9041,0.0016844942001625896,0,0,unlabeled
9042,0.9834112524986267,1,1,unlabeled
9043,0.04299949109554291,0,0,train
9044,0.003328053979203105,0,0,unlabeled
9045,0.0006227778503671288,0,0,unlabeled
9046,0.0002322074433322996,0,0,unlabeled
9047,0.0020100953988730907,0,0,train
9048,0.0004169107705820352,0,0,unlabeled
9049,0.0009077040595002472,0,0,unlabeled
9050,0.0023555548395961523,0,0,unlabeled
9051,0.9445888996124268,1,1,unlabeled
9052,0.07627066969871521,0,0,unlabeled
9053,1.5173131032497622e-05,0,0,unlabeled
9054,0.001771875424310565,0,0,unlabeled
9055,0.9683753848075867,1,1,train
9056,0.9792904853820801,1,1,unlabeled
9057,0.0009126520017161965,0,0,unlabeled
9058,0.0031388497445732355,0,0,unlabeled
9059,0.0008567953482270241,0,0,unlabeled
9060,0.9846295118331909,1,1,unlabeled
9061,0.00022812378301750869,0,0,unlabeled
9062,0.0011949684703722596,0,0,unlabeled
9063,0.00046581655624322593,0,0,unlabeled
9064,0.0017872685566544533,0,0,unlabeled
9065,0.964641809463501,1,1,unlabeled
9066,0.0170137882232666,0,0,unlabeled
9067,0.986901581287384,1,1,unlabeled
9068,0.00034883778425864875,0,0,unlabeled
9069,2.404516692422476e-07,0,0,unlabeled
9070,0.8926034569740295,1,1,unlabeled
9071,0.0057307081297039986,0,0,unlabeled
9072,0.00031955953454598784,0,0,unlabeled
9073,0.5957046747207642,0,0,unlabeled
9074,0.018283307552337646,0,0,unlabeled
9075,0.002206944627687335,0,0,unlabeled
9076,0.0017094885697588325,0,0,unlabeled
9077,0.974170982837677,1,1,unlabeled
9078,0.0007859949837438762,0,0,unlabeled
9079,0.0014256101567298174,0,0,unlabeled
9080,0.9861025810241699,1,1,unlabeled
9081,0.0007170444005168974,0,0,unlabeled
9082,0.9659024477005005,1,1,unlabeled
9083,0.0007860343321226537,0,0,unlabeled
9084,0.0003121649206150323,0,0,unlabeled
9085,0.003872003173455596,0,0,unlabeled
9086,0.0033974952530115843,0,0,unlabeled
9087,0.0011521669803187251,0,0,train
9088,0.9804466962814331,1,1,unlabeled
9089,0.00026255278498865664,0,0,unlabeled
9090,0.008453824557363987,0,0,unlabeled
9091,0.0020742625929415226,0,0,unlabeled
9092,0.0007366622448898852,0,0,unlabeled
9093,0.0012455621035769582,0,0,unlabeled
9094,0.0006120492471382022,0,0,unlabeled
9095,0.9081782102584839,1,1,val
9096,0.0004938262281939387,0,0,unlabeled
9097,0.0022948244586586952,0,0,unlabeled
9098,0.07133184373378754,0,0,unlabeled
9099,0.003691689809784293,0,0,unlabeled
9100,0.0008525731391273439,0,0,unlabeled
9101,0.001039868569932878,0,0,train
9102,0.0014796610921621323,0,0,train
9103,0.0004480236384551972,0,0,val
9104,0.00044773565605282784,0,0,unlabeled
9105,0.0013015975710004568,0,0,train
9106,0.005136569496244192,0,0,unlabeled
9107,0.013468997552990913,0,0,unlabeled
9108,0.0004208053869660944,0,0,unlabeled
9109,0.0006529919919557869,0,0,train
9110,0.9668071866035461,1,1,unlabeled
9111,0.000944767554756254,0,0,unlabeled
9112,0.0012656087055802345,0,0,unlabeled
9113,0.9821481704711914,1,1,unlabeled
9114,0.0795431137084961,0,0,unlabeled
9115,0.00046262360410764813,0,0,unlabeled
9116,0.9811713695526123,1,1,unlabeled
9117,0.006473875604569912,0,0,unlabeled
9118,0.9741591215133667,1,1,unlabeled
9119,0.0002606905181892216,0,0,train
9120,0.0003652473969850689,0,0,unlabeled
9121,0.0010208130115643144,0,0,unlabeled
9122,0.0017818614142015576,0,0,unlabeled
9123,0.0007458580075763166,0,0,unlabeled
9124,0.9663966298103333,1,1,unlabeled
9125,0.002102569444105029,0,0,unlabeled
9126,0.912857711315155,1,1,train
9127,0.00041738239815458655,0,0,unlabeled
9128,0.8974591493606567,1,1,unlabeled
9129,0.0035767932422459126,0,0,unlabeled
9130,0.9937385320663452,1,1,unlabeled
9131,0.9573861360549927,1,1,val
9132,0.0008711772388778627,0,0,unlabeled
9133,0.0027724350802600384,0,0,unlabeled
9134,0.0020451312884688377,0,0,unlabeled
9135,0.9845449924468994,1,1,unlabeled
9136,0.0660821720957756,0,0,train
9137,0.0016197909135371447,0,0,unlabeled
9138,0.000460087409010157,0,0,unlabeled
9139,0.009899101220071316,0,0,unlabeled
9140,0.001728141331113875,0,0,unlabeled
9141,0.0003257794596720487,0,0,unlabeled
9142,0.00048147898633033037,0,0,unlabeled
9143,0.9683035016059875,1,1,unlabeled
9144,0.0004518405476119369,0,0,unlabeled
9145,0.0004480236384551972,0,0,unlabeled
9146,0.0005612329114228487,0,0,unlabeled
9147,0.0003228939021937549,0,0,unlabeled
9148,3.780365034344868e-07,0,0,unlabeled
9149,0.9614266157150269,1,1,unlabeled
9150,0.0012139005120843649,0,0,unlabeled
9151,0.0010414525168016553,0,0,unlabeled
9152,0.0006378729594871402,0,0,unlabeled
9153,0.0384925939142704,0,0,unlabeled
9154,0.0005609446088783443,0,0,unlabeled
9155,0.003084115916863084,0,0,unlabeled
9156,0.003328053979203105,0,0,unlabeled
9157,0.0005762771470472217,0,0,train
9158,0.0009127645753324032,0,0,unlabeled
9159,9.567953611622215e-07,0,0,unlabeled
9160,0.001303350436501205,0,0,train
9161,0.05320800840854645,0,0,unlabeled
9162,0.002654372015967965,0,0,unlabeled
9163,0.0017872685566544533,0,0,unlabeled
9164,0.010718434117734432,0,0,unlabeled
9165,0.0015518456930294633,0,0,unlabeled
9166,0.001754512544721365,0,0,unlabeled
9167,0.9845847487449646,1,1,unlabeled
9168,0.0010424281936138868,0,0,unlabeled
9169,0.9930712580680847,1,1,unlabeled
9170,0.0010695175733417273,0,0,unlabeled
9171,0.08672527223825455,0,0,unlabeled
9172,0.24882543087005615,0,0,unlabeled
9173,0.9681035876274109,1,1,val
9174,0.9883686304092407,1,1,unlabeled
9175,5.7280676628579386e-06,0,0,unlabeled
9176,0.13154540956020355,0,0,train
9177,0.9768558740615845,1,1,unlabeled
9178,0.36000221967697144,0,0,unlabeled
9179,0.0017243071924895048,0,0,unlabeled
9180,0.968805193901062,1,1,unlabeled
9181,0.0003193073789589107,0,0,unlabeled
9182,0.0004123078833799809,0,0,train
9183,0.00044389665708877146,0,0,train
9184,0.0017557874089106917,0,0,unlabeled
9185,0.00031955953454598784,0,0,unlabeled
9186,0.9848251938819885,1,1,unlabeled
9187,0.002348503330722451,0,0,unlabeled
9188,0.11275692284107208,0,0,unlabeled
9189,0.0004659210972022265,0,0,unlabeled
9190,0.0010435708099976182,0,0,unlabeled
9191,0.0007274413947016001,0,0,unlabeled
9192,0.0004361123719718307,0,0,train
9193,0.06621541827917099,0,0,unlabeled
9194,0.06432643532752991,0,0,unlabeled
9195,0.00042124485480599105,0,0,unlabeled
9196,0.00040955477743409574,0,0,unlabeled
9197,0.9712247252464294,1,1,unlabeled
9198,0.0006120495381765068,0,0,unlabeled
9199,0.0004792570252902806,0,0,train
9200,0.0009329678723588586,0,0,unlabeled
9201,0.9808634519577026,1,1,train
9202,0.0011878205696120858,0,0,unlabeled
9203,0.017218174412846565,0,0,unlabeled
9204,0.0032608979381620884,0,0,unlabeled
9205,0.0007853860151953995,0,0,unlabeled
9206,0.0015222671208903193,0,0,unlabeled
9207,1.1909448858204996e-06,0,0,unlabeled
9208,0.0024018187541514635,0,0,unlabeled
9209,0.0029904209077358246,0,0,unlabeled
9210,0.0019082195358350873,0,0,unlabeled
9211,0.004459170624613762,0,0,train
9212,0.9736151695251465,1,1,unlabeled
9213,0.0008715184521861374,0,0,unlabeled
9214,0.0003747306182049215,0,0,unlabeled
9215,0.0008446814026683569,0,0,unlabeled
9216,0.9879977703094482,1,1,unlabeled
9217,0.0010299580171704292,0,0,unlabeled
9218,0.0020742625929415226,0,0,unlabeled
9219,0.0029612360522150993,0,0,unlabeled
9220,0.8857017755508423,1,0,train
9221,0.015286264941096306,0,0,unlabeled
9222,0.0006595036829821765,0,0,unlabeled
9223,0.0008482099510729313,0,0,unlabeled
9224,0.0011292390991002321,0,0,unlabeled
9225,0.0014513492351397872,0,0,unlabeled
9226,0.019165776669979095,0,0,unlabeled
9227,0.18998503684997559,0,0,unlabeled
9228,0.0003298057126812637,0,0,train
9229,0.0022356119006872177,0,0,unlabeled
9230,0.9645722508430481,1,1,unlabeled
9231,0.9914169907569885,1,1,unlabeled
9232,0.9771332740783691,1,1,unlabeled
9233,0.003344230353832245,0,0,unlabeled
9234,0.0038220153655856848,0,0,train
9235,0.0010161878308281302,0,0,unlabeled
9236,0.008844712749123573,0,0,val
9237,0.0015518456930294633,0,0,train
9238,0.0007665882585570216,0,0,unlabeled
9239,0.0018645338714122772,0,0,unlabeled
9240,4.788632281815808e-07,0,0,unlabeled
9241,0.0036278627812862396,0,0,unlabeled
9242,0.0005824704421684146,0,0,unlabeled
9243,0.00019837326544802636,0,0,unlabeled
9244,0.000511106860358268,0,0,val
9245,0.00028774153906852007,0,0,unlabeled
9246,0.004120593424886465,0,0,unlabeled
9247,0.9836903214454651,1,1,unlabeled
9248,0.2277366667985916,0,0,unlabeled
9249,0.0021235672757029533,0,0,unlabeled
9250,0.002539426786825061,0,0,train
9251,0.0011166150216013193,0,0,unlabeled
9252,0.0005747360410168767,0,0,unlabeled
9253,0.0008919286774471402,0,0,unlabeled
9254,0.0014789375709369779,0,0,unlabeled
9255,0.0011992884101346135,0,0,unlabeled
9256,0.8573217391967773,1,1,unlabeled
9257,0.001403728500008583,0,0,unlabeled
9258,0.9651727676391602,1,1,unlabeled
9259,0.0012417465914040804,0,0,val
9260,0.00026404645177535713,0,0,val
9261,0.9446266889572144,1,1,val
9262,0.0012793373316526413,0,0,unlabeled
9263,0.00027994124684482813,0,0,unlabeled
9264,0.0031388497445732355,0,0,unlabeled
9265,0.003046560101211071,0,0,unlabeled
9266,0.9868326187133789,1,1,train
9267,0.004876967519521713,0,0,unlabeled
9268,0.004507628735154867,0,0,train
9269,0.2657059133052826,0,0,unlabeled
9270,0.9165652990341187,1,1,train
9271,1.3680133861271315e-06,0,0,unlabeled
9272,0.0001309984509134665,0,0,unlabeled
9273,0.000590937677770853,0,0,train
9274,0.0009591028792783618,0,0,train
9275,0.0006301762186922133,0,0,unlabeled
9276,0.000697949668392539,0,0,unlabeled
9277,0.010056388564407825,0,0,train
9278,0.001427437411621213,0,0,unlabeled
9279,0.0006428573396988213,0,0,unlabeled
9280,0.001010186388157308,0,0,train
9281,0.0008918669773265719,0,0,unlabeled
9282,0.00035497487988322973,0,0,unlabeled
9283,0.0016906027449294925,0,0,unlabeled
9284,0.9493016004562378,1,1,unlabeled
9285,0.9866757988929749,1,1,train
9286,0.0013279401464387774,0,0,unlabeled
9287,0.0008656596182845533,0,0,unlabeled
9288,0.0016459147445857525,0,0,unlabeled
9289,0.0006873072707094252,0,0,unlabeled
9290,0.9815557599067688,1,1,unlabeled
9291,1.3873112948203925e-05,0,0,val
9292,0.004691629204899073,0,0,train
9293,0.0028869868256151676,0,0,train
9294,0.9890087246894836,1,1,unlabeled
9295,0.0012405890738591552,0,0,unlabeled
9296,0.0015243167290464044,0,0,val
9297,0.9798495769500732,1,1,train
9298,0.0009894991526380181,0,0,unlabeled
9299,0.0032608979381620884,0,0,unlabeled
9300,0.0009576022275723517,0,0,unlabeled
9301,0.004647780675441027,0,0,unlabeled
9302,0.9781984090805054,1,1,unlabeled
9303,0.0020314750727266073,0,0,unlabeled
9304,0.9563254117965698,1,1,train
9305,0.0007471409626305103,0,0,unlabeled
9306,0.9651552438735962,1,1,unlabeled
9307,0.0008301110356114805,0,0,unlabeled
9308,0.0132869528606534,0,0,unlabeled
9309,0.0005646545323543251,0,0,unlabeled
9310,0.8277419209480286,0,1,unlabeled
9311,0.00048540139687247574,0,0,unlabeled
9312,0.0002519771514926106,0,0,unlabeled
9313,5.7280676628579386e-06,0,0,unlabeled
9314,0.0004809208039660007,0,0,unlabeled
9315,0.0016906027449294925,0,0,unlabeled
9316,0.001771875424310565,0,0,unlabeled
9317,0.9513933062553406,1,1,unlabeled
9318,0.0007867008098401129,0,0,unlabeled
9319,0.042948976159095764,0,0,train
9320,0.00017555464000906795,0,0,unlabeled
9321,0.0015343079576268792,0,0,unlabeled
9322,0.9532999992370605,1,1,unlabeled
9323,0.0014821493532508612,0,0,train
9324,0.9461522102355957,1,1,unlabeled
9325,0.9365676641464233,1,0,unlabeled
9326,0.0006764640565961599,0,0,unlabeled
9327,0.9853707551956177,1,1,unlabeled
9328,0.9856716394424438,1,1,unlabeled
9329,0.006611593067646027,0,0,unlabeled
9330,0.0016459147445857525,0,0,unlabeled
9331,0.008718815632164478,0,0,unlabeled
9332,0.0010018626926466823,0,0,train
9333,0.0011228695511817932,0,0,unlabeled
9334,0.0028660502284765244,0,0,unlabeled
9335,0.0010621980763971806,0,0,unlabeled
9336,0.0017289104871451855,0,0,unlabeled
9337,0.8623684644699097,1,1,unlabeled
9338,0.0009062862955033779,0,0,unlabeled
9339,0.010593348182737827,0,0,unlabeled
9340,0.0017243071924895048,0,0,unlabeled
9341,0.9928170442581177,1,1,unlabeled
9342,0.9842231869697571,1,1,unlabeled
9343,0.0010304932948201895,0,0,unlabeled
9344,0.0011848000576719642,0,0,unlabeled
9345,0.9043610692024231,1,1,unlabeled
9346,0.0010461764177307487,0,0,unlabeled
9347,0.0005236197030171752,0,0,unlabeled
9348,0.9631509780883789,1,1,unlabeled
9349,0.978387713432312,1,1,unlabeled
9350,0.06212667375802994,0,0,train
9351,0.000491899554617703,0,0,train
9352,0.0019614598713815212,0,0,unlabeled
9353,0.0004253856895957142,0,0,unlabeled
9354,0.9781021475791931,1,1,unlabeled
9355,0.0004863300418946892,0,0,train
9356,0.0016018510796129704,0,0,unlabeled
9357,0.0017568818293511868,0,0,unlabeled
9358,0.0009596769232302904,0,0,unlabeled
9359,0.9907812476158142,1,1,unlabeled
9360,0.015506494790315628,0,0,unlabeled
9361,0.003328053979203105,0,0,unlabeled
9362,0.9943819642066956,1,1,unlabeled
9363,0.00034024289925582707,0,0,unlabeled
9364,0.0003957918961532414,0,0,train
9365,0.9881669878959656,1,1,unlabeled
9366,0.000700126402080059,0,0,train
9367,0.971060037612915,1,1,unlabeled
9368,0.0018192770658060908,0,0,train
9369,0.002380592282861471,0,0,val
9370,0.9934554696083069,1,1,unlabeled
9371,0.009799221530556679,0,0,unlabeled
9372,0.0007934950408525765,0,0,unlabeled
9373,0.9701014757156372,1,1,train
9374,0.0016295895911753178,0,0,unlabeled
9375,0.0035862543154507875,0,0,unlabeled
9376,0.0019973532762378454,0,0,unlabeled
9377,0.0006209707353264093,0,0,unlabeled
9378,0.004695866256952286,0,0,unlabeled
9379,0.0011156704276800156,0,0,unlabeled
9380,0.003046560101211071,0,0,unlabeled
9381,5.792929368908517e-05,0,0,train
9382,0.0020761843770742416,0,0,unlabeled
9383,0.0008698293822817504,0,0,unlabeled
9384,0.9811245203018188,1,1,unlabeled
9385,0.0005811110022477806,0,0,train
9386,0.0004524245159700513,0,0,unlabeled
9387,0.2293664962053299,0,0,unlabeled
9388,0.0005333470180630684,0,0,val
9389,0.0005887981387786567,0,0,unlabeled
9390,0.9921600222587585,1,1,train
9391,0.9856979846954346,1,1,unlabeled
9392,0.0004473725566640496,0,0,unlabeled
9393,0.002517694840207696,0,0,unlabeled
9394,0.9872153997421265,1,1,train
9395,0.16088174283504486,0,0,unlabeled
9396,0.007966169156134129,0,0,unlabeled
9397,0.0016942248912528157,0,0,train
9398,0.0016720034182071686,0,0,unlabeled
9399,0.0005741408676840365,0,0,unlabeled
9400,0.0004346982459537685,0,0,unlabeled
9401,0.9934800863265991,1,1,unlabeled
9402,0.0020084832794964314,0,0,unlabeled
9403,0.044388096779584885,0,0,unlabeled
9404,0.9754095673561096,1,1,train
9405,0.9343470335006714,1,1,unlabeled
9406,0.9855567812919617,1,1,unlabeled
9407,0.029529158025979996,0,0,unlabeled
9408,0.00046299290261231363,0,0,train
9409,0.00039126499905250967,0,0,train
9410,0.9810016751289368,1,1,unlabeled
9411,0.0002796659537125379,0,0,unlabeled
9412,0.000868007424287498,0,0,unlabeled
9413,0.0016371399397030473,0,0,unlabeled
9414,0.003077722853049636,0,0,unlabeled
9415,0.01596149615943432,0,0,val
9416,0.000598680810071528,0,0,unlabeled
9417,0.0006494100671261549,0,0,unlabeled
9418,0.9722034335136414,1,1,unlabeled
9419,0.00024157181906048208,0,0,unlabeled
9420,0.0010251870844513178,0,0,unlabeled
9421,0.017545513808727264,0,0,train
9422,0.005251804366707802,0,0,val
9423,0.0016459147445857525,0,0,unlabeled
9424,0.0009487306815572083,0,0,unlabeled
9425,0.0005609446088783443,0,0,val
9426,0.0023402918595820665,0,0,train
9427,0.0037357129622250795,0,0,unlabeled
9428,0.0005963924922980368,0,0,val
9429,0.975286602973938,1,1,unlabeled
9430,0.9568450450897217,1,1,unlabeled
9431,0.022673912346363068,0,0,unlabeled
9432,0.0008525731391273439,0,0,unlabeled
9433,0.0010208130115643144,0,0,unlabeled
9434,0.8433133363723755,1,1,train
9435,0.05687439814209938,0,0,unlabeled
9436,0.004227012861520052,0,0,unlabeled
9437,0.000362049468094483,0,0,unlabeled
9438,0.08474013954401016,0,0,unlabeled
9439,0.0025522946380078793,0,0,train
9440,0.9883142709732056,1,1,unlabeled
9441,0.04242078214883804,0,0,unlabeled
9442,0.00041031153523363173,0,0,unlabeled
9443,0.0003096950240433216,0,0,unlabeled
9444,0.9648889899253845,1,1,val
9445,0.9840704202651978,1,1,train
9446,0.001778715755790472,0,0,unlabeled
9447,0.0006437755655497313,0,0,unlabeled
9448,0.002681291662156582,0,0,unlabeled
9449,0.0008818645146675408,0,0,unlabeled
9450,0.012179076671600342,0,0,unlabeled
9451,0.006914209108799696,0,0,unlabeled
9452,0.0007976448978297412,0,0,unlabeled
9453,0.9893521666526794,1,1,val
9454,0.0007867008098401129,0,0,unlabeled
9455,0.005627993494272232,0,0,unlabeled
9456,0.0011898992815986276,0,0,unlabeled
9457,0.000167073289048858,0,0,unlabeled
9458,0.0004063764645252377,0,0,unlabeled
9459,0.0002604333858471364,0,0,unlabeled
9460,0.0006863346206955612,0,0,unlabeled
9461,0.9841365814208984,1,1,val
9462,0.0028869868256151676,0,0,unlabeled
9463,0.00033342052483931184,0,0,unlabeled
9464,0.0030768204014748335,0,0,unlabeled
9465,0.0008787215920165181,0,0,unlabeled
9466,0.0016308979829773307,0,0,unlabeled
9467,0.004014081321656704,0,0,unlabeled
9468,0.001349235069938004,0,0,unlabeled
9469,0.0002932959469035268,0,0,unlabeled
9470,0.0007046607788652182,0,0,unlabeled
9471,0.023467963561415672,0,0,train
9472,0.0007721599540673196,0,0,unlabeled
9473,0.00217515230178833,0,0,unlabeled
9474,0.9917741417884827,1,1,unlabeled
9475,0.0009101753239519894,0,0,unlabeled
9476,0.003328053979203105,0,0,train
9477,0.006266406271606684,0,0,train
9478,0.0009266814449802041,0,0,val
9479,0.9740728139877319,1,0,unlabeled
9480,0.9772120118141174,1,1,train
9481,0.8895394802093506,1,1,unlabeled
9482,0.0013014439027756453,0,0,unlabeled
9483,0.0023555548395961523,0,0,unlabeled
9484,0.8450345396995544,1,1,train
9485,0.9894158840179443,1,1,unlabeled
9486,0.8889799118041992,1,1,val
9487,0.9690464735031128,1,1,train
9488,0.06545143574476242,0,0,unlabeled
9489,0.0004106503911316395,0,0,unlabeled
9490,0.006837444379925728,0,0,unlabeled
9491,0.0036959173157811165,0,0,train
9492,0.006764437537640333,0,0,unlabeled
9493,0.0017094885697588325,0,0,unlabeled
9494,0.0013619892997667193,0,0,val
9495,0.014028245583176613,0,0,unlabeled
9496,0.0010456577874720097,0,0,train
9497,0.0003446807968430221,0,0,train
9498,0.0009190478594973683,0,0,unlabeled
9499,0.00034796990803442895,0,0,unlabeled
9500,0.09009940922260284,0,0,unlabeled
9501,0.00037024906487204134,0,0,train
9502,0.001536249415948987,0,0,val
9503,0.0010200882097706199,0,0,unlabeled
9504,0.00183060800191015,0,0,train
9505,0.9856530427932739,1,1,unlabeled
9506,0.9614785313606262,1,1,unlabeled
9507,0.9673407673835754,1,1,val
9508,0.0004966749111190438,0,0,unlabeled
9509,0.002102569444105029,0,0,unlabeled
9510,0.9822678565979004,1,1,unlabeled
9511,0.0003417301631998271,0,0,unlabeled
9512,0.0025203018449246883,0,0,unlabeled
9513,0.001403728500008583,0,0,unlabeled
9514,0.9806038737297058,1,1,unlabeled
9515,0.10029254108667374,0,0,unlabeled
9516,0.9894270896911621,1,1,unlabeled
9517,0.9713597297668457,1,1,unlabeled
9518,0.0007564674597233534,0,0,unlabeled
9519,0.0525384359061718,0,0,unlabeled
9520,0.001771875424310565,0,0,unlabeled
9521,0.9924203753471375,1,1,unlabeled
9522,0.0018866021418944001,0,0,train
9523,0.003682686248794198,0,0,unlabeled
9524,0.0021133902482688427,0,0,unlabeled
9525,0.0278007909655571,0,0,train
9526,0.0004384353815112263,0,0,unlabeled
9527,0.0020084832794964314,0,0,unlabeled
9528,0.9789663553237915,1,1,unlabeled
9529,0.0004399312019813806,0,0,val
9530,0.003908176440745592,0,0,unlabeled
9531,0.960048258304596,1,1,unlabeled
9532,0.0005878123920410872,0,0,unlabeled
9533,0.0010259344708174467,0,0,unlabeled
9534,0.027600392699241638,0,0,unlabeled
9535,0.00016044985386542976,0,0,unlabeled
9536,0.9745988249778748,1,1,val
9537,0.0026401947252452374,0,0,unlabeled
9538,0.96342933177948,1,1,unlabeled
9539,0.8702583312988281,1,1,train
9540,0.9762923121452332,1,1,unlabeled
9541,0.0011100374395027757,0,0,unlabeled
9542,0.00375457014888525,0,0,unlabeled
9543,0.9844244122505188,1,1,unlabeled
9544,0.00034979559131897986,0,0,unlabeled
9545,0.011169844307005405,0,0,unlabeled
9546,0.003676084103062749,0,0,unlabeled
9547,0.0017243064939975739,0,0,unlabeled
9548,0.006575051229447126,0,0,train
9549,0.1667991280555725,0,0,unlabeled
9550,0.007812077179551125,0,0,unlabeled
9551,0.005284062586724758,0,0,unlabeled
9552,0.2572672367095947,0,0,unlabeled
9553,0.001029769191518426,0,0,unlabeled
9554,0.0009540683240629733,0,0,train
9555,0.0007390053942799568,0,0,unlabeled
9556,0.004459170624613762,0,0,unlabeled
9557,0.9623298645019531,1,1,unlabeled
9558,0.0017768769757822156,0,0,unlabeled
9559,0.0007341582095250487,0,0,train
9560,0.059514932334423065,0,0,unlabeled
9561,0.009596922434866428,0,0,train
9562,0.8984734416007996,1,1,train
9563,0.008344852365553379,0,0,train
9564,0.0013608081499114633,0,0,unlabeled
9565,0.006723814178258181,0,0,unlabeled
9566,0.0008634461555629969,0,0,unlabeled
9567,0.9840429425239563,1,1,unlabeled
9568,0.0034051507245749235,0,0,train
9569,0.0006800375995226204,0,0,train
9570,0.049838583916425705,0,0,unlabeled
9571,0.9043900966644287,1,1,train
9572,0.9829203486442566,1,1,unlabeled
9573,0.012713858857750893,0,0,unlabeled
9574,0.002111919457092881,0,0,unlabeled
9575,7.654747605556622e-05,0,0,unlabeled
9576,0.00033235669252462685,0,0,unlabeled
9577,0.8606924414634705,1,1,unlabeled
9578,0.00028953273431397974,0,0,unlabeled
9579,0.000677385600283742,0,0,unlabeled
9580,0.050796519964933395,0,0,train
9581,0.9051827192306519,1,1,unlabeled
9582,0.00044239050475880504,0,0,unlabeled
9583,0.028163054957985878,0,0,unlabeled
9584,0.00032232984085567296,0,0,unlabeled
9585,0.9847931861877441,1,1,unlabeled
9586,0.0035862543154507875,0,0,unlabeled
9587,0.017027167603373528,0,0,unlabeled
9588,0.0004492255102377385,0,0,unlabeled
9589,0.9753459095954895,1,1,train
9590,0.9847176671028137,1,1,train
9591,0.0811922624707222,0,0,unlabeled
9592,0.0006391829228959978,0,0,unlabeled
9593,8.738934411667287e-05,0,0,unlabeled
9594,0.6558846831321716,0,0,val
9595,0.0016308979829773307,0,0,unlabeled
9596,0.9731912612915039,1,1,unlabeled
9597,0.32780322432518005,0,0,unlabeled
9598,0.9847517609596252,1,1,unlabeled
9599,0.05795339122414589,0,0,unlabeled
9600,0.07145968824625015,0,0,train
9601,0.0010559663642197847,0,0,unlabeled
9602,0.0007711168727837503,0,0,unlabeled
9603,0.0004480236384551972,0,0,unlabeled
9604,0.001209151349030435,0,0,val
9605,0.8783738613128662,1,1,unlabeled
9606,0.0010521479416638613,0,0,unlabeled
9607,0.0014348338590934873,0,0,unlabeled
9608,0.07610050588846207,0,0,train
9609,0.000426110957050696,0,0,train
9610,0.027258750051259995,0,0,unlabeled
9611,0.0029612360522150993,0,0,unlabeled
9612,0.0016938530607149005,0,0,unlabeled
9613,0.0009406870813108981,0,0,unlabeled
9614,0.0015954154077917337,0,0,unlabeled
9615,0.0024018187541514635,0,0,train
9616,0.0016719421837478876,0,0,unlabeled
9617,0.0005725660012103617,0,0,unlabeled
9618,0.0010366771603003144,0,0,unlabeled
9619,0.9881966710090637,1,1,train
9620,0.0006249063881114125,0,0,val
9621,0.167082279920578,0,0,unlabeled
9622,0.000627767585683614,0,0,unlabeled
9623,0.0002653901756275445,0,0,val
9624,0.0007976448978297412,0,0,unlabeled
9625,0.0011811063159257174,0,0,unlabeled
9626,0.0006538526504300535,0,0,unlabeled
9627,0.006821301765739918,0,0,unlabeled
9628,0.003167671151459217,0,0,unlabeled
9629,0.0007770686643198133,0,0,unlabeled
9630,0.985980749130249,1,1,unlabeled
9631,0.000749498896766454,0,0,unlabeled
9632,0.0009122873307205737,0,0,train
9633,0.0032270364463329315,0,0,unlabeled
9634,0.03944218531250954,0,0,unlabeled
9635,0.9658506512641907,1,1,val
9636,0.010075289756059647,0,0,unlabeled
9637,0.00119343854021281,0,0,val
9638,0.01762610673904419,0,0,unlabeled
9639,0.979534387588501,1,1,unlabeled
9640,0.0012143065687268972,0,0,unlabeled
9641,0.00217515230178833,0,0,train
9642,0.0006259334622882307,0,0,train
9643,0.0028221886605024338,0,0,unlabeled
9644,0.2510276138782501,0,0,val
9645,0.00369019596837461,0,0,unlabeled
9646,0.0002675223513506353,0,0,unlabeled
9647,0.9740489721298218,1,1,unlabeled
9648,0.0005397056811489165,0,0,train
9649,0.00021610246039927006,0,0,unlabeled
9650,0.0005667249788530171,0,0,unlabeled
9651,0.000868873845320195,0,0,unlabeled
9652,0.0005452517070807517,0,0,unlabeled
9653,0.0014796610921621323,0,0,unlabeled
9654,0.0005480980034917593,0,0,unlabeled
9655,0.0008304532966576517,0,0,unlabeled
9656,0.00029473783797584474,0,0,unlabeled
9657,0.0016459147445857525,0,0,unlabeled
9658,0.0019038863247260451,0,0,train
9659,0.9555719494819641,1,1,unlabeled
9660,0.0033394929487258196,0,0,unlabeled
9661,0.04061756655573845,0,0,val
9662,0.001653720042668283,0,0,val
9663,0.9728713035583496,1,1,val
9664,0.0002636190620251,0,0,unlabeled
9665,0.0014985122252255678,0,0,unlabeled
9666,0.0005130028002895415,0,0,train
9667,0.9736296534538269,1,1,unlabeled
9668,0.035485826432704926,0,0,unlabeled
9669,0.9912849068641663,1,1,unlabeled
9670,0.0009428226039744914,0,0,unlabeled
9671,0.003046560101211071,0,0,unlabeled
9672,0.002624800428748131,0,0,unlabeled
9673,0.0013850576942786574,0,0,train
9674,0.9818239808082581,1,1,unlabeled
9675,0.0044591729529201984,0,0,train
9676,0.0005994475795887411,0,0,unlabeled
9677,0.0010259344708174467,0,0,unlabeled
9678,0.0021235672757029533,0,0,unlabeled
9679,0.0022003541234880686,0,0,unlabeled
9680,0.002492530969902873,0,0,unlabeled
9681,0.004524738062173128,0,0,train
9682,0.0006198667106218636,0,0,unlabeled
9683,0.0012118009617552161,0,0,unlabeled
9684,0.0004677647666539997,0,0,unlabeled
9685,0.0008668713271617889,0,0,unlabeled
9686,0.0011040131794288754,0,0,unlabeled
9687,0.0009867107728496194,0,0,train
9688,0.00045951412175782025,0,0,unlabeled
9689,0.9622135162353516,1,1,unlabeled
9690,0.0017261976609006524,0,0,unlabeled
9691,0.20334137976169586,0,0,unlabeled
9692,0.25978854298591614,0,0,val
9693,0.0010078499326482415,0,0,unlabeled
9694,0.00028650369495153427,0,0,unlabeled
9695,0.1723368763923645,0,0,unlabeled
9696,0.00029890506993979216,0,0,unlabeled
9697,0.006927075330168009,0,0,unlabeled
9698,0.003325546160340309,0,0,unlabeled
9699,0.011560387909412384,0,0,unlabeled
9700,0.003046560101211071,0,0,unlabeled
9701,0.0001330751838395372,0,0,unlabeled
9702,0.8631724119186401,1,1,val
9703,0.0009511725511401892,0,0,val
9704,0.0021081333979964256,0,0,unlabeled
9705,0.0002932959469035268,0,0,unlabeled
9706,0.000676705501973629,0,0,unlabeled
9707,0.9301100969314575,1,1,unlabeled
9708,0.005261738318949938,0,0,unlabeled
9709,0.037620484828948975,0,0,unlabeled
9710,0.0009632215369492769,0,0,train
9711,0.9880530834197998,1,1,unlabeled
9712,0.9852777123451233,1,1,unlabeled
9713,0.0012408675393089652,0,0,unlabeled
9714,0.00031957169994711876,0,0,train
9715,0.007466976996511221,0,0,unlabeled
9716,0.0021235672757029533,0,0,unlabeled
9717,0.00021020813437644392,0,0,unlabeled
9718,0.0016266622114926577,0,0,unlabeled
9719,0.0021307675633579493,0,0,unlabeled
9720,0.0011659568408504128,0,0,unlabeled
9721,0.018819333985447884,0,0,train
9722,0.000958687742240727,0,0,unlabeled
9723,0.0008675676072016358,0,0,train
9724,0.9715148210525513,1,1,unlabeled
9725,6.95400740369223e-05,0,0,train
9726,0.0011924487771466374,0,0,unlabeled
9727,0.8824993968009949,1,1,train
9728,0.9697431325912476,1,1,unlabeled
9729,0.0020742625929415226,0,0,unlabeled
9730,0.0005797103513032198,0,0,unlabeled
9731,0.0006614102749153972,0,0,train
9732,2.706814029806992e-06,0,0,unlabeled
9733,0.0006199648487381637,0,0,unlabeled
9734,0.00047978817019611597,0,0,unlabeled
9735,0.9059767127037048,1,1,unlabeled
9736,0.0006340257241390646,0,0,train
9737,0.0009017547708936036,0,0,unlabeled
9738,0.9752272367477417,1,1,unlabeled
9739,0.0006100170430727303,0,0,unlabeled
9740,0.0016510110581293702,0,0,unlabeled
9741,0.9802045226097107,1,1,unlabeled
9742,0.00030635521397925913,0,0,val
9743,0.0004188775201328099,0,0,unlabeled
9744,0.002942497842013836,0,0,unlabeled
9745,0.0006933338008821011,0,0,unlabeled
9746,0.0006719019147567451,0,0,unlabeled
9747,0.04586464539170265,0,0,unlabeled
9748,0.119864322245121,0,0,train
9749,0.002267325296998024,0,0,unlabeled
9750,0.0002699929755181074,0,0,unlabeled
9751,0.9524022936820984,1,1,unlabeled
9752,0.25424954295158386,0,0,unlabeled
9753,0.9604254961013794,1,1,unlabeled
9754,0.9819490313529968,1,1,unlabeled
9755,0.26139965653419495,0,0,unlabeled
9756,0.0012341500259935856,0,0,train
9757,0.0006317023653537035,0,0,train
9758,0.0007650137413293123,0,0,unlabeled
9759,0.001168630551546812,0,0,unlabeled
9760,0.0004617585218511522,0,0,train
9761,0.0005966846947558224,0,0,unlabeled
9762,0.001222618157044053,0,0,val
9763,0.0011364768724888563,0,0,unlabeled
9764,0.001844902290031314,0,0,unlabeled
9765,0.0008567447075620294,0,0,unlabeled
9766,0.01212973054498434,0,0,train
9767,0.0006764640565961599,0,0,unlabeled
9768,0.07279358804225922,0,0,train
9769,0.983288586139679,1,1,unlabeled
9770,0.000491384300403297,0,0,unlabeled
9771,0.9887257218360901,1,1,unlabeled
9772,0.002102569444105029,0,0,unlabeled
9773,0.9789223670959473,1,1,unlabeled
9774,0.0018989876843988895,0,0,unlabeled
9775,0.0007739643915556371,0,0,unlabeled
9776,0.0021345934364944696,0,0,unlabeled
9777,0.000630149501375854,0,0,unlabeled
9778,0.9649506211280823,1,1,unlabeled
9779,0.003046560101211071,0,0,unlabeled
9780,0.0006561267073266208,0,0,unlabeled
9781,0.00825755950063467,0,0,unlabeled
9782,0.0007471413700841367,0,0,train
9783,0.0017279372550547123,0,0,unlabeled
9784,0.047795139253139496,0,0,unlabeled
9785,0.0008954386576078832,0,0,unlabeled
9786,0.00035416579339653254,0,0,unlabeled
9787,0.9870245456695557,1,1,unlabeled
9788,0.00034375605173408985,0,0,unlabeled
9789,0.0009899894939735532,0,0,unlabeled
9790,0.9435755014419556,1,1,unlabeled
9791,0.0010392209514975548,0,0,unlabeled
9792,0.0020084832794964314,0,0,unlabeled
9793,0.0012421541614457965,0,0,unlabeled
9794,0.0010269754566252232,0,0,unlabeled
9795,0.0005858841468580067,0,0,unlabeled
9796,0.009159152396023273,0,0,unlabeled
9797,0.0016518490156158805,0,0,unlabeled
9798,0.16891281306743622,0,0,train
9799,0.0015904700849205256,0,0,unlabeled
9800,0.05699505656957626,0,0,unlabeled
9801,0.0004161210381425917,0,0,unlabeled
9802,0.000236509382375516,0,0,unlabeled
9803,0.0007073048618622124,0,0,train
9804,0.0003371014026924968,0,0,train
9805,0.0005103462026454508,0,0,train
9806,0.9549605250358582,1,1,unlabeled
9807,0.0011888246517628431,0,0,unlabeled
9808,0.9563775062561035,1,1,train
9809,0.25820404291152954,0,0,unlabeled
9810,0.9784900546073914,1,1,unlabeled
9811,0.00312403473071754,0,0,unlabeled
9812,0.001487233443185687,0,0,unlabeled
9813,0.0020314750727266073,0,0,val
9814,0.0013418607413768768,0,0,unlabeled
9815,0.6395063400268555,0,0,unlabeled
9816,0.5544046759605408,0,0,unlabeled
9817,0.00063446065178141,0,0,train
9818,0.986140251159668,1,1,unlabeled
9819,0.0006199648487381637,0,0,train
9820,0.0055638509802520275,0,0,unlabeled
9821,0.0005906586302444339,0,0,unlabeled
9822,0.005168145522475243,0,0,unlabeled
9823,0.0025526066310703754,0,0,unlabeled
9824,0.003964636009186506,0,0,unlabeled
9825,0.009133704006671906,0,0,unlabeled
9826,0.0024925321340560913,0,0,unlabeled
9827,0.9882351160049438,1,1,unlabeled
9828,0.0005412981263361871,0,0,unlabeled
9829,0.0003017361741513014,0,0,unlabeled
9830,0.0007134950719773769,0,0,train
9831,0.0016266613965854049,0,0,unlabeled
9832,0.010464764200150967,0,0,unlabeled
9833,0.0007026621024124324,0,0,unlabeled
9834,0.07627110928297043,0,0,unlabeled
9835,0.07934921234846115,0,0,unlabeled
9836,0.9774601459503174,1,1,train
9837,0.0031388497445732355,0,0,unlabeled
9838,0.0005216915160417557,0,0,train
9839,0.0029294646810740232,0,0,unlabeled
9840,0.0003396197280380875,0,0,unlabeled
9841,0.008083350956439972,0,0,unlabeled
9842,0.0006011133082211018,0,0,unlabeled
9843,0.9770815968513489,1,1,unlabeled
9844,0.9877809286117554,1,1,unlabeled
9845,0.0028566031251102686,0,0,unlabeled
9846,0.0004938890342600644,0,0,unlabeled
9847,0.9896296858787537,1,1,unlabeled
9848,0.9745031595230103,1,1,train
9849,0.9405739903450012,1,1,unlabeled
9850,0.003771792398765683,0,0,unlabeled
9851,0.0002932959469035268,0,0,unlabeled
9852,0.8672930002212524,1,0,unlabeled
9853,0.0032782319467514753,0,0,unlabeled
9854,0.0028662793338298798,0,0,unlabeled
9855,0.00097854679916054,0,0,train
9856,0.0039853728376328945,0,0,unlabeled
9857,0.007458020001649857,0,0,unlabeled
9858,0.00292049627751112,0,0,unlabeled
9859,0.005136571358889341,0,0,unlabeled
9860,0.9725759029388428,1,1,unlabeled
9861,0.9789774417877197,1,1,unlabeled
9862,0.951953113079071,1,1,unlabeled
9863,0.9475317001342773,1,1,unlabeled
9864,0.9797319769859314,1,1,unlabeled
9865,0.038739580661058426,0,0,unlabeled
9866,0.11113046854734421,0,0,val
9867,0.00043650061707012355,0,0,unlabeled
9868,0.001559922588057816,0,0,unlabeled
9869,0.0014375451719388366,0,0,unlabeled
9870,0.00028823575121350586,0,0,unlabeled
9871,0.011687478981912136,0,0,unlabeled
9872,0.958828866481781,1,1,unlabeled
9873,0.9669354557991028,1,1,unlabeled
9874,0.005136569496244192,0,0,unlabeled
9875,0.006365401204675436,0,0,train
9876,0.9864610433578491,1,1,unlabeled
9877,0.0012511719251051545,0,0,val
9878,0.9495242238044739,1,1,unlabeled
9879,0.9498189091682434,1,1,unlabeled
9880,0.0009688399732112885,0,0,unlabeled
9881,0.0006369483890011907,0,0,unlabeled
9882,0.00022034566791262478,0,0,unlabeled
9883,0.0007696507964283228,0,0,unlabeled
9884,0.0001946209667949006,0,0,unlabeled
9885,0.008970222435891628,0,0,unlabeled
9886,0.7488223910331726,0,0,train
9887,0.0011971273925155401,0,0,unlabeled
9888,0.0021235672757029533,0,0,unlabeled
9889,0.00012203603546367958,0,0,unlabeled
9890,0.0018339726375415921,0,0,unlabeled
9891,0.2416614443063736,0,0,unlabeled
9892,0.9716838598251343,1,1,unlabeled
9893,0.0031740462873131037,0,0,unlabeled
9894,0.9855536818504333,1,1,unlabeled
9895,0.000496927066706121,0,0,unlabeled
9896,0.9635704159736633,1,1,unlabeled
9897,0.0007711168727837503,0,0,unlabeled
9898,0.04279479384422302,0,0,unlabeled
9899,0.973743200302124,1,1,unlabeled
9900,9.365699952468276e-05,0,0,unlabeled
9901,0.001771875424310565,0,0,train
9902,0.9704093933105469,1,1,unlabeled
9903,0.0011831744341179729,0,0,unlabeled
9904,0.00046048781950958073,0,0,unlabeled
9905,0.9683433175086975,1,1,unlabeled
9906,0.0004013958969153464,0,0,unlabeled
9907,0.000785979675129056,0,0,unlabeled
9908,0.00213309982791543,0,0,train
9909,0.00029487107531167567,0,0,unlabeled
9910,0.00037387775955721736,0,0,unlabeled
9911,0.002355555770918727,0,0,unlabeled
9912,0.9788715243339539,1,1,unlabeled
9913,0.9765764474868774,1,1,unlabeled
9914,0.9522035121917725,1,1,unlabeled
9915,0.0011841518571600318,0,0,unlabeled
9916,0.0004158297961112112,0,0,unlabeled
9917,0.0005880203098058701,0,0,val
9918,0.0012492756359279156,0,0,unlabeled
9919,0.002074261661618948,0,0,unlabeled
9920,0.0005797103513032198,0,0,train
9921,7.961794472066686e-05,0,0,unlabeled
9922,0.000657659606076777,0,0,train
9923,0.003328053979203105,0,0,val
9924,0.0028869868256151676,0,0,unlabeled
9925,0.00119343854021281,0,0,train
9926,0.9831786155700684,1,1,unlabeled
9927,0.9525772929191589,1,1,unlabeled
9928,0.004101822152733803,0,0,unlabeled
9929,1.1879985351015421e-07,0,0,unlabeled
9930,0.0005909370956942439,0,0,unlabeled
9931,0.0003326607111375779,0,0,unlabeled
9932,0.0012169326655566692,0,0,unlabeled
9933,0.0006199648487381637,0,0,unlabeled
9934,4.0543744717069785e-07,0,0,unlabeled
9935,0.9937744140625,1,1,unlabeled
9936,0.0006479914882220328,0,0,unlabeled
9937,0.0015810792101547122,0,0,unlabeled
9938,0.8313327431678772,0,1,unlabeled
9939,0.9891364574432373,1,1,unlabeled
9940,0.9913932085037231,1,1,unlabeled
9941,0.0005327881663106382,0,0,unlabeled
9942,0.0017416427144780755,0,0,unlabeled
9943,0.002355555770918727,0,0,val
9944,0.991901695728302,1,1,unlabeled
9945,0.009953202679753304,0,0,unlabeled
9946,0.0004966749111190438,0,0,unlabeled
9947,0.04868306219577789,0,0,unlabeled
9948,0.961024284362793,1,1,unlabeled
9949,0.0004966749111190438,0,0,unlabeled
9950,0.000362049468094483,0,0,unlabeled
9951,0.003676082007586956,0,0,unlabeled
9952,0.0003669017751235515,0,0,unlabeled
9953,0.005067688412964344,0,0,unlabeled
9954,0.0007075880421325564,0,0,unlabeled
9955,0.0020896848291158676,0,0,unlabeled
9956,0.9270316958427429,1,1,unlabeled
9957,0.0034213510807603598,0,0,unlabeled
9958,0.0016371399397030473,0,0,unlabeled
9959,0.020816871896386147,0,0,unlabeled
9960,0.048280928283929825,0,0,unlabeled
9961,0.9892500638961792,1,1,unlabeled
9962,0.0006192107102833688,0,0,unlabeled
9963,0.004381308797746897,0,0,unlabeled
9964,0.006914209108799696,0,0,val
9965,0.0002143415913451463,0,0,unlabeled
9966,0.0011873958865180612,0,0,val
9967,0.0013113062595948577,0,0,unlabeled
9968,0.8619850277900696,1,1,unlabeled
9969,5.782752054983575e-07,0,0,unlabeled
9970,0.983045220375061,1,1,unlabeled
9971,0.0004655453667510301,0,0,train
9972,0.001307247206568718,0,0,unlabeled
9973,0.9612534642219543,1,1,unlabeled
9974,0.0006685373373329639,0,0,unlabeled
9975,0.9244353175163269,1,1,unlabeled
9976,0.0015518456930294633,0,0,unlabeled
9977,0.0013594046467915177,0,0,unlabeled
9978,0.0015199577901512384,0,0,unlabeled
9979,0.001403728500008583,0,0,unlabeled
9980,0.0005609446088783443,0,0,unlabeled
9981,0.937677800655365,1,1,train
9982,0.0035862543154507875,0,0,unlabeled
9983,0.00194934185128659,0,0,unlabeled
9984,0.9900425672531128,1,1,unlabeled
9985,0.00495183514431119,0,0,train
9986,0.000590937677770853,0,0,unlabeled
9987,0.9859606027603149,1,1,train
9988,0.9787040948867798,1,1,val
9989,0.003046560101211071,0,0,unlabeled
9990,0.0006624016095884144,0,0,unlabeled
9991,0.000664233579300344,0,0,val
9992,0.9754602313041687,1,1,unlabeled
9993,0.0011224877089262009,0,0,train
9994,0.00023473799228668213,0,0,unlabeled
9995,0.0020303328055888414,0,0,unlabeled
9996,0.05548996478319168,0,0,unlabeled
9997,0.0007818513549864292,0,0,unlabeled
9998,0.00354718416929245,0,0,unlabeled
9999,0.9757183790206909,1,1,unlabeled
