Original_Index,Anomaly_Score,Detection_Result,True_Label,Split
0,0.9983239769935608,1,1,unlabeled
1,0.5379766225814819,0,0,train
2,0.3231552243232727,0,0,unlabeled
3,0.9979269504547119,1,1,unlabeled
4,0.44664087891578674,0,0,unlabeled
5,0.24468985199928284,0,0,train
6,0.4873945415019989,0,0,unlabeled
7,0.00032824798836372793,0,0,unlabeled
8,0.00025884807109832764,0,0,unlabeled
9,0.9958979487419128,1,1,unlabeled
10,0.10768669098615646,0,0,unlabeled
11,0.0638142004609108,0,0,train
12,0.9966967105865479,1,1,unlabeled
13,0.15140189230442047,0,0,unlabeled
14,0.16728828847408295,0,0,unlabeled
15,0.17596504092216492,0,0,unlabeled
16,4.0667227807489326e-08,0,0,unlabeled
17,9.463197776391971e-14,0,0,unlabeled
18,0.9270352721214294,1,1,unlabeled
19,0.1214277520775795,0,0,val
20,0.04640951007604599,0,0,unlabeled
21,0.9987922310829163,1,1,train
22,0.0821521207690239,0,0,unlabeled
23,0.08083467185497284,0,0,train
24,0.11368540674448013,0,0,unlabeled
25,4.9086243961937726e-05,0,0,val
26,2.9283070034580305e-05,0,0,unlabeled
27,0.9906833171844482,1,1,unlabeled
28,0.03655907139182091,0,0,unlabeled
29,0.016723912209272385,0,0,unlabeled
30,0.9949030876159668,1,1,unlabeled
31,0.05154573917388916,0,0,unlabeled
32,0.020844383165240288,0,0,unlabeled
33,0.9005094170570374,1,0,unlabeled
34,9.226619034768957e-13,0,0,unlabeled
35,1.8719139916356653e-05,0,0,unlabeled
36,0.9762141108512878,1,1,unlabeled
37,0.027169091627001762,0,0,unlabeled
38,0.011220247484743595,0,0,unlabeled
39,0.9847426414489746,1,1,unlabeled
40,0.028667569160461426,0,0,unlabeled
41,4.5360131650795665e-08,0,0,train
42,0.001460409490391612,0,0,unlabeled
43,2.5669634851510637e-05,0,0,train
44,1.366922788292868e-05,0,0,unlabeled
45,0.051172200590372086,0,1,unlabeled
46,1.0118154023075476e-05,0,0,train
47,0.0014052452752366662,0,0,unlabeled
48,0.9838044047355652,1,1,val
49,0.014926697127521038,0,0,unlabeled
50,0.0036581740714609623,0,0,unlabeled
51,0.011713940650224686,0,0,train
52,5.360418072086759e-06,0,0,unlabeled
53,5.214606972003821e-06,0,0,val
54,0.9979692101478577,1,1,unlabeled
55,0.33339422941207886,0,0,unlabeled
56,0.23243744671344757,0,0,val
57,0.9974406957626343,1,1,unlabeled
58,0.16877306997776031,0,0,unlabeled
59,0.11926671117544174,0,0,unlabeled
60,0.39317452907562256,0,0,train
61,0.00012192472058814019,0,0,train
62,5.648748265230097e-05,0,0,unlabeled
63,0.9989169836044312,1,1,unlabeled
64,0.02063664421439171,0,0,unlabeled
65,0.015294428914785385,0,0,train
66,0.9959143996238708,1,1,unlabeled
67,0.0003147657844237983,0,0,unlabeled
68,0.007315090857446194,0,0,unlabeled
69,0.050135381519794464,0,0,unlabeled
70,1.8262184312334284e-05,0,0,unlabeled
71,1.4893345905875321e-05,0,0,unlabeled
72,0.9878973960876465,1,1,unlabeled
73,0.02391073666512966,0,0,unlabeled
74,0.0037197533529251814,0,0,unlabeled
75,0.16832557320594788,0,1,val
76,0.0014508055755868554,0,0,unlabeled
77,1.6317961808454129e-06,0,0,train
78,0.04129590839147568,0,0,unlabeled
79,4.96711038522335e-07,0,0,unlabeled
80,5.228121608524816e-06,0,0,unlabeled
81,0.9695605635643005,1,1,train
82,0.0049780565313994884,0,0,train
83,0.0021012150682508945,0,0,unlabeled
84,0.9519041776657104,1,1,unlabeled
85,0.0003679369983728975,0,0,unlabeled
86,0.0023917651269584894,0,0,unlabeled
87,0.0006284218397922814,0,0,unlabeled
88,2.06683716896805e-06,0,0,train
89,2.6747097763291094e-06,0,0,unlabeled
90,0.8878188729286194,0,0,train
91,0.0036424947902560234,0,0,unlabeled
92,0.0013770348159596324,0,0,unlabeled
93,0.8922125101089478,0,0,val
94,0.004609436262398958,0,0,unlabeled
95,0.0013018002500757575,0,0,unlabeled
96,0.004923820961266756,0,0,unlabeled
97,5.8863943195319735e-06,0,0,unlabeled
98,4.4682633415504824e-06,0,0,unlabeled
99,0.5799227952957153,0,0,train
100,0.0007856535376049578,0,0,val
101,0.0002726714301388711,0,0,unlabeled
102,0.840691328048706,0,0,unlabeled
103,0.0011581756407395005,0,0,train
104,0.0005781317013315856,0,0,unlabeled
105,0.0018741408130154014,0,0,train
106,1.5902559198366362e-06,0,0,unlabeled
107,9.131354659075441e-07,0,0,unlabeled
108,0.9258449673652649,1,1,unlabeled
109,6.24306949248421e-07,0,0,train
110,0.0022148042917251587,0,0,unlabeled
111,0.9582825303077698,1,1,unlabeled
112,0.000307391193928197,0,0,unlabeled
113,0.00699163181707263,0,0,unlabeled
114,0.002857038052752614,0,0,train
115,1.7578804545337334e-05,0,0,unlabeled
116,1.3501605280907825e-05,0,0,unlabeled
117,0.632172167301178,0,0,val
118,3.184516026522033e-05,0,0,train
119,0.000545753980986774,0,0,unlabeled
120,0.9344137907028198,1,0,unlabeled
121,0.004743605852127075,0,0,val
122,0.0015656263567507267,0,0,unlabeled
123,0.00363674177788198,0,0,val
124,3.051721932934015e-06,0,0,train
125,2.6622226414474426e-06,0,0,train
126,0.7011941075325012,0,0,unlabeled
127,0.00044561136746779084,0,0,unlabeled
128,0.00021501007722690701,0,0,unlabeled
129,0.7414580583572388,0,0,val
130,0.0011203453177586198,0,0,unlabeled
131,0.000323863816447556,0,0,unlabeled
132,0.001900822389870882,0,0,unlabeled
133,1.1905576684512198e-06,0,0,unlabeled
134,1.5245332178892568e-06,0,0,unlabeled
135,0.5654528737068176,0,0,val
136,0.00032937651849351823,0,0,train
137,0.00015659842756576836,0,0,unlabeled
138,0.594481885433197,0,0,unlabeled
139,0.00019616226200014353,0,0,unlabeled
140,0.00012532844266388565,0,0,unlabeled
141,0.000547532516065985,0,0,val
142,4.7530255642413977e-07,0,0,unlabeled
143,4.0159420677809976e-07,0,0,unlabeled
144,0.3722513020038605,0,0,unlabeled
145,0.00047901750076562166,0,0,unlabeled
146,0.00015063145838212222,0,0,unlabeled
147,0.5733259916305542,0,0,unlabeled
148,0.000427411578129977,0,0,unlabeled
149,0.00038307116483338177,0,0,unlabeled
150,0.0011470038443803787,0,0,unlabeled
151,1.2978440508959466e-06,0,0,unlabeled
152,1.1081049251515651e-06,0,0,unlabeled
153,0.053132496774196625,0,0,train
154,6.03452863288112e-05,0,0,unlabeled
155,2.3940579922054894e-05,0,0,unlabeled
156,0.17883630096912384,0,0,val
157,8.989304478745908e-05,0,0,train
158,4.862955029238947e-05,0,0,unlabeled
159,0.00016086516552604735,0,0,unlabeled
160,2.9656439437530935e-07,0,0,unlabeled
161,1.749326514755012e-07,0,0,unlabeled
162,0.970201313495636,1,1,unlabeled
163,0.009239064529538155,0,0,unlabeled
164,0.004434432368725538,0,0,unlabeled
165,0.9767956733703613,1,1,unlabeled
166,0.008106929250061512,0,0,unlabeled
167,0.005957749206572771,0,0,unlabeled
168,0.018167948350310326,0,0,unlabeled
169,6.064248282200424e-06,0,0,unlabeled
170,5.397758286562748e-06,0,0,unlabeled
171,0.8221441507339478,0,0,unlabeled
172,0.0009224177920259535,0,0,unlabeled
173,0.0003165953385178,0,0,train
174,0.8457849621772766,0,0,val
175,0.0008131024078465998,0,0,unlabeled
176,0.0005316340830177069,0,0,unlabeled
177,0.0010260127019137144,0,0,unlabeled
178,1.3734330650549964e-06,0,0,unlabeled
179,1.1775460961871431e-06,0,0,unlabeled
180,0.6592556834220886,0,0,unlabeled
181,0.0005095645901747048,0,0,unlabeled
182,0.0002753893786575645,0,0,unlabeled
183,0.48720934987068176,0,0,unlabeled
184,0.00024729204596951604,0,0,unlabeled
185,0.00022010736574884504,0,0,unlabeled
186,0.0007602694677188993,0,0,unlabeled
187,8.037808356675669e-07,0,0,unlabeled
188,7.066132070576714e-07,0,0,unlabeled
189,0.3227789103984833,0,0,unlabeled
190,8.477424853481352e-05,0,0,unlabeled
191,5.4353862651623785e-05,0,0,unlabeled
192,0.3226049244403839,0,0,unlabeled
193,9.686975681688637e-05,0,0,val
194,6.416699761757627e-05,0,0,unlabeled
195,0.00021112569083925337,0,0,unlabeled
196,2.40178707144878e-07,0,0,unlabeled
197,2.2857921067043208e-07,0,0,train
198,0.17412732541561127,0,0,unlabeled
199,9.643215162213892e-05,0,0,unlabeled
200,6.420518911909312e-05,0,0,unlabeled
201,0.31995686888694763,0,0,train
202,0.00016393547412008047,0,0,unlabeled
203,8.5942774603609e-05,0,0,unlabeled
204,0.00025670448667369783,0,0,train
205,4.16338110653669e-07,0,0,unlabeled
206,5.079236302663048e-07,0,0,unlabeled
207,0.022654443979263306,0,0,unlabeled
208,2.7884347218787298e-05,0,0,unlabeled
209,1.3867979760107119e-05,0,0,unlabeled
210,0.09720289707183838,0,0,unlabeled
211,3.754496356123127e-05,0,0,unlabeled
212,2.1827148884767666e-05,0,0,val
213,4.7889581765048206e-05,0,0,unlabeled
214,1.5146451914915815e-07,0,0,unlabeled
215,1.025665028464573e-07,0,0,unlabeled
216,0.9985382556915283,1,1,unlabeled
217,0.6794570684432983,0,0,unlabeled
218,0.4234389364719391,0,0,unlabeled
219,0.9986515641212463,1,1,unlabeled
220,0.5680996179580688,0,0,unlabeled
221,0.3018225431442261,0,0,unlabeled
222,0.4332082271575928,0,0,unlabeled
223,0.001249483204446733,0,0,unlabeled
224,0.0002774510649032891,0,0,unlabeled
225,0.9985401630401611,1,1,unlabeled
226,0.024656591936945915,0,0,unlabeled
227,0.002592538483440876,0,0,train
228,0.9976010918617249,1,1,unlabeled
229,0.1724226325750351,0,0,unlabeled
230,0.08947357535362244,0,0,unlabeled
231,0.3099682331085205,0,0,unlabeled
232,0.00011722119961632416,0,0,unlabeled
233,7.527296111220494e-05,0,0,unlabeled
234,0.9605130553245544,1,1,unlabeled
235,0.16199971735477448,0,0,unlabeled
236,0.09164312481880188,0,0,unlabeled
237,0.9986708164215088,1,1,unlabeled
238,0.1185079887509346,0,0,unlabeled
239,0.04086907207965851,0,0,unlabeled
240,0.23988056182861328,0,0,train
241,4.2711038986453786e-05,0,0,unlabeled
242,1.9384064216865227e-05,0,0,unlabeled
243,0.9986969828605652,1,1,train
244,0.06208385154604912,0,0,unlabeled
245,0.013015711680054665,0,0,train
246,0.9981217980384827,1,1,val
247,0.029457062482833862,0,0,unlabeled
248,0.010283932089805603,0,0,train
249,0.17953385412693024,0,0,train
250,7.118482585610764e-07,0,0,train
251,1.4392163016907489e-09,0,0,unlabeled
252,0.9584081172943115,1,0,unlabeled
253,0.021752197295427322,0,0,train
254,0.004909669514745474,0,0,unlabeled
255,0.98576420545578,1,0,unlabeled
256,0.021496061235666275,0,0,unlabeled
257,0.007519671693444252,0,0,unlabeled
258,0.14442072808742523,0,0,unlabeled
259,8.02579779701773e-06,0,0,unlabeled
260,2.4784325702853494e-09,0,0,unlabeled
261,0.8838224411010742,0,0,unlabeled
262,0.00458185188472271,0,0,unlabeled
263,0.0012615403393283486,0,0,unlabeled
264,0.9613552689552307,1,0,unlabeled
265,0.0016888162354007363,0,0,unlabeled
266,2.5340048637190193e-07,0,0,unlabeled
267,0.002553079044446349,0,0,unlabeled
268,6.499490390332596e-10,0,0,unlabeled
269,2.965643261632067e-06,0,0,unlabeled
270,0.9986843466758728,1,1,unlabeled
271,0.4457346200942993,0,0,unlabeled
272,0.3011714220046997,0,0,unlabeled
273,0.9985144734382629,1,1,unlabeled
274,0.3519075810909271,0,0,unlabeled
275,0.22586606442928314,0,0,unlabeled
276,0.6017752289772034,0,0,unlabeled
277,0.00016042737115640193,0,0,unlabeled
278,8.499628893332556e-05,0,0,unlabeled
279,0.9970582723617554,1,1,unlabeled
280,0.08374029397964478,0,0,train
281,0.035172238945961,0,0,unlabeled
282,0.9975757002830505,1,1,unlabeled
283,0.08636949956417084,0,0,val
284,0.052578095346689224,0,0,train
285,0.2780405282974243,0,0,unlabeled
286,1.9774763131863438e-05,0,0,unlabeled
287,9.98526593321003e-06,0,0,train
288,0.995510458946228,1,1,unlabeled
289,0.04840390384197235,0,0,unlabeled
290,0.01781037077307701,0,0,unlabeled
291,0.9933162331581116,1,1,unlabeled
292,0.02982879988849163,0,0,unlabeled
293,0.008436259813606739,0,0,unlabeled
294,0.15707269310951233,0,0,unlabeled
295,1.3314410352904815e-05,0,0,unlabeled
296,1.9524561523098782e-08,0,0,unlabeled
297,0.9877544045448303,1,1,unlabeled
298,0.008033214136958122,0,0,train
299,0.002980491379275918,0,0,unlabeled
300,0.9870032668113708,1,1,train
301,0.005374257918447256,0,0,unlabeled
302,0.0038887241389602423,0,0,unlabeled
303,0.00892622396349907,0,0,train
304,1.8358869056100957e-06,0,0,unlabeled
305,2.8366243896016385e-06,0,0,train
306,0.9313110113143921,1,0,unlabeled
307,0.003493495984002948,0,0,unlabeled
308,0.0010556676425039768,0,0,unlabeled
309,0.957768440246582,1,0,unlabeled
310,0.0035864622332155704,0,0,unlabeled
311,0.0020744246430695057,0,0,unlabeled
312,0.004896975122392178,0,0,unlabeled
313,2.1866694623895455e-06,0,0,unlabeled
314,2.81070879282197e-06,0,0,val
315,0.6712402105331421,0,0,unlabeled
316,0.0004549109435174614,0,0,unlabeled
317,1.7329838328805636e-06,0,0,unlabeled
318,0.7418637275695801,0,0,unlabeled
319,0.0011710977414622903,0,0,unlabeled
320,0.0005563001031987369,0,0,unlabeled
321,0.00011444451956776902,0,0,unlabeled
322,1.126575284615683e-06,0,0,unlabeled
323,6.754005994480394e-07,0,0,unlabeled
324,0.9942362904548645,1,1,train
325,0.07328399270772934,0,0,unlabeled
326,0.021200818940997124,0,0,unlabeled
327,0.9958295226097107,1,1,unlabeled
328,0.03296281397342682,0,0,unlabeled
329,0.015172275714576244,0,0,unlabeled
330,0.15777705609798431,0,0,unlabeled
331,2.417417817923706e-05,0,0,unlabeled
332,1.2173605057341774e-07,0,0,train
333,0.9691190123558044,1,0,train
334,0.003713856218382716,0,0,unlabeled
335,0.0014311308041214943,0,0,train
336,0.9688217639923096,1,0,unlabeled
337,0.0030321823433041573,0,0,unlabeled
338,2.9961725886096247e-05,0,0,unlabeled
339,0.006701770704239607,0,0,unlabeled
340,1.4949540272368722e-08,0,0,unlabeled
341,2.381052354394342e-06,0,0,train
342,0.9227941036224365,1,0,unlabeled
343,0.0025523200165480375,0,0,unlabeled
344,0.0007729572243988514,0,0,unlabeled
345,0.8878353834152222,0,0,train
346,0.00032568382448516786,0,0,train
347,5.544358373299474e-06,0,0,unlabeled
348,0.0006908491486683488,0,0,unlabeled
349,3.064772657879189e-09,0,0,unlabeled
350,9.331189403383178e-07,0,0,unlabeled
351,0.5953257083892822,0,0,unlabeled
352,0.00015861155407037586,0,0,unlabeled
353,9.493512607150478e-07,0,0,train
354,0.1509191393852234,0,0,unlabeled
355,1.952705588337267e-06,0,0,unlabeled
356,8.275006985059008e-05,0,0,unlabeled
357,1.2266829116924782e-06,0,0,unlabeled
358,3.735637790214241e-07,0,0,unlabeled
359,3.9765660631019273e-07,0,0,unlabeled
360,0.3970739543437958,0,0,train
361,0.0002677486918400973,0,0,unlabeled
362,1.42220619636646e-06,0,0,unlabeled
363,0.49156638979911804,0,0,val
364,4.231762886774959e-06,0,0,unlabeled
365,0.00015766476280987263,0,0,unlabeled
366,6.63900573272258e-05,0,0,unlabeled
367,8.504891866323305e-07,0,0,unlabeled
368,6.689319889119361e-07,0,0,unlabeled
369,0.06115657091140747,0,0,unlabeled
370,2.1699155695387162e-05,0,0,unlabeled
371,1.3911096175434068e-05,0,0,unlabeled
372,0.0005073093343526125,0,0,train
373,1.600563155079726e-05,0,0,unlabeled
374,9.632943147153128e-06,0,0,unlabeled
375,3.7990339478710666e-05,0,0,train
376,2.5470978926023236e-07,0,0,unlabeled
377,1.2824163775349007e-07,0,0,train
378,0.990209698677063,1,1,unlabeled
379,0.01251964084804058,0,0,unlabeled
380,0.00782086793333292,0,0,unlabeled
381,0.9904476404190063,1,1,unlabeled
382,0.006606943905353546,0,0,unlabeled
383,0.00011700768664013594,0,0,unlabeled
384,0.005876748822629452,0,0,unlabeled
385,2.5050624685718503e-08,0,0,unlabeled
386,5.029409749113256e-06,0,0,unlabeled
387,0.8531290292739868,0,0,unlabeled
388,0.0008465899154543877,0,0,unlabeled
389,6.934207249287283e-06,0,0,unlabeled
390,0.6892074346542358,0,0,val
391,2.4648561520734802e-05,0,0,unlabeled
392,0.0006568738026544452,0,0,unlabeled
393,1.2843019248975907e-05,0,0,unlabeled
394,1.317997885053046e-06,0,0,unlabeled
395,1.2651561291932012e-06,0,0,unlabeled
396,0.6981284022331238,0,0,unlabeled
397,0.0003047361387871206,0,0,unlabeled
398,3.1619513265468413e-06,0,0,unlabeled
399,0.3585954010486603,0,0,unlabeled
400,2.1956129785394296e-06,0,0,unlabeled
401,0.00014457714860327542,0,0,train
402,1.1641914170468226e-06,0,0,unlabeled
403,6.535670991070219e-07,0,0,unlabeled
404,5.006750711800123e-07,0,0,train
405,0.1538912057876587,0,0,unlabeled
406,5.28453711012844e-07,0,0,unlabeled
407,3.6219978937879205e-05,0,0,unlabeled
408,0.0028934828005731106,0,0,unlabeled
409,6.903356552356854e-05,0,0,unlabeled
410,1.3835141544404905e-05,0,0,unlabeled
411,8.705307118361816e-05,0,0,train
412,2.601417747882806e-07,0,0,unlabeled
413,2.507869396595197e-07,0,0,unlabeled
414,0.05639590322971344,0,0,unlabeled
415,5.291587399369746e-07,0,0,unlabeled
416,2.967636646644678e-05,0,0,unlabeled
417,0.005452469922602177,0,0,train
418,2.6426074327901006e-05,0,0,unlabeled
419,1.9850396711262874e-05,0,0,unlabeled
420,0.00010291882063029334,0,0,unlabeled
421,3.9136270402195805e-07,0,0,unlabeled
422,3.749654808871128e-07,0,0,unlabeled
423,0.0012607696698978543,0,0,train
424,2.978539669129532e-06,0,0,unlabeled
425,1.481200570196961e-06,0,0,unlabeled
426,0.025499574840068817,0,0,unlabeled
427,3.037485475942958e-05,0,0,unlabeled
428,1.854718357208185e-05,0,0,unlabeled
429,2.033326200034935e-05,0,0,train
430,1.463941146084835e-07,0,0,unlabeled
431,7.460398876446561e-08,0,0,unlabeled
432,0.9983819723129272,1,1,val
433,0.3670670986175537,0,0,unlabeled
434,0.292132705450058,0,0,unlabeled
435,0.9979907274246216,1,1,train
436,0.19249089062213898,0,0,unlabeled
437,0.1393522471189499,0,0,unlabeled
438,0.43676263093948364,0,0,unlabeled
439,0.0001165002177003771,0,0,unlabeled
440,8.225780038628727e-05,0,0,unlabeled
441,0.9973710775375366,1,1,unlabeled
442,0.09723753482103348,0,0,unlabeled
443,0.04099610447883606,0,0,train
444,0.9970953464508057,1,1,unlabeled
445,0.07876645773649216,0,0,unlabeled
446,0.037748612463474274,0,0,val
447,0.10733687877655029,0,0,val
448,3.2543106499360874e-05,0,0,unlabeled
449,2.4772065444267355e-05,0,0,unlabeled
450,0.9851865172386169,1,1,unlabeled
451,0.024561168625950813,0,0,unlabeled
452,0.010609999299049377,0,0,unlabeled
453,0.9708272814750671,1,1,unlabeled
454,0.008989539928734303,0,0,unlabeled
455,0.005656146910041571,0,0,unlabeled
456,0.024507004767656326,0,0,unlabeled
457,8.475334652757738e-06,0,0,train
458,5.2523041631502565e-06,0,0,val
459,0.9883884787559509,1,1,unlabeled
460,0.007947762496769428,0,0,unlabeled
461,0.0034980059135705233,0,0,train
462,0.9774219989776611,1,1,unlabeled
463,0.00451864255592227,0,0,unlabeled
464,0.0022050237748771906,0,0,unlabeled
465,0.01235596276819706,0,0,unlabeled
466,4.28577595812385e-06,0,0,train
467,3.3766525575629203e-06,0,0,train
468,0.91600102186203,1,0,unlabeled
469,0.003464577253907919,0,0,unlabeled
470,0.0020259125158190727,0,0,unlabeled
471,0.9266322255134583,1,0,unlabeled
472,0.003900335868820548,0,0,train
473,0.0011398401111364365,0,0,unlabeled
474,0.005064227618277073,0,0,unlabeled
475,4.4085400077165104e-06,0,0,unlabeled
476,4.478523806028534e-06,0,0,val
477,0.7524382472038269,0,0,unlabeled
478,0.0015434824163094163,0,0,val
479,0.0006137394229881465,0,0,train
480,0.8910857439041138,0,0,train
481,0.0013846963411197066,0,0,train
482,0.0007707880577072501,0,0,unlabeled
483,0.001127524534240365,0,0,unlabeled
484,1.951678086697939e-06,0,0,unlabeled
485,1.3652503412231454e-06,0,0,unlabeled
486,0.9979756474494934,1,1,unlabeled
487,0.12461405992507935,0,0,val
488,0.08057723939418793,0,0,unlabeled
489,0.9972031116485596,1,1,train
490,0.0594651997089386,0,0,unlabeled
491,0.043042976409196854,0,0,unlabeled
492,0.16622544825077057,0,0,unlabeled
493,2.44028378801886e-05,0,0,train
494,2.0638259229599498e-05,0,0,unlabeled
495,0.9900861382484436,1,0,unlabeled
496,0.01377256028354168,0,0,unlabeled
497,0.00642283633351326,0,0,unlabeled
498,0.9819886088371277,1,0,unlabeled
499,0.010731709189713001,0,0,unlabeled
500,0.004735189024358988,0,0,unlabeled
501,0.013362017460167408,0,0,unlabeled
502,5.614562724076677e-06,0,0,unlabeled
503,4.071041075803805e-06,0,0,unlabeled
504,0.9667509198188782,1,0,val
505,0.0031789762433618307,0,0,unlabeled
506,0.0015161032788455486,0,0,unlabeled
507,0.886610746383667,0,0,unlabeled
508,0.00258486345410347,0,0,unlabeled
509,0.0009178559412248433,0,0,train
510,0.00775416474789381,0,0,unlabeled
511,1.9904805412807036e-06,0,0,train
512,1.8582682059786748e-06,0,0,unlabeled
513,0.9256560206413269,1,0,unlabeled
514,0.0012620060006156564,0,0,unlabeled
515,0.000677701027598232,0,0,train
516,0.8242685794830322,0,0,unlabeled
517,0.0008452493930235505,0,0,unlabeled
518,0.0003900455485563725,0,0,unlabeled
519,0.0009856250835582614,0,0,train
520,7.099168897184427e-07,0,0,unlabeled
521,5.804261036246317e-07,0,0,unlabeled
522,0.76515793800354,0,0,train
523,0.0007257128600031137,0,0,train
524,0.0003832619986496866,0,0,unlabeled
525,0.6700959801673889,0,0,unlabeled
526,0.0007748340722173452,0,0,unlabeled
527,0.00033587933285161853,0,0,train
528,0.0006523286574520171,0,0,unlabeled
529,9.759902468431392e-07,0,0,unlabeled
530,7.111616469046567e-07,0,0,unlabeled
531,0.33006998896598816,0,0,unlabeled
532,0.00010652319178916514,0,0,unlabeled
533,6.003218732075766e-05,0,0,unlabeled
534,0.31700408458709717,0,0,unlabeled
535,0.00017691492394078523,0,0,unlabeled
536,0.00010017609019996598,0,0,unlabeled
537,0.00019961678481195122,0,0,val
538,3.329698188281327e-07,0,0,val
539,2.4270573817375407e-07,0,0,unlabeled
540,0.9894960522651672,1,1,unlabeled
541,0.027791377156972885,0,0,unlabeled
542,0.011482390575110912,0,0,train
543,0.9833927750587463,1,1,unlabeled
544,0.007742257323116064,0,0,unlabeled
545,0.00364113156683743,0,0,unlabeled
546,0.0159140657633543,0,0,unlabeled
547,9.24635969568044e-06,0,0,unlabeled
548,6.7399673753243405e-06,0,0,unlabeled
549,0.9168678522109985,1,0,train
550,0.0013758111745119095,0,0,unlabeled
551,0.0006590628763660789,0,0,unlabeled
552,0.8902674913406372,0,0,unlabeled
553,0.001038069254718721,0,0,unlabeled
554,0.0005960333510302007,0,0,unlabeled
555,0.0010842083720490336,0,0,unlabeled
556,1.1623885711742332e-06,0,0,train
557,9.361040156363742e-07,0,0,unlabeled
558,0.6859980821609497,0,0,unlabeled
559,0.00033792079193517566,0,0,unlabeled
560,0.0001504253305029124,0,0,unlabeled
561,0.29264605045318604,0,0,unlabeled
562,0.00016232662892434746,0,0,unlabeled
563,7.394693966489285e-05,0,0,unlabeled
564,0.00022900155454408377,0,0,unlabeled
565,4.816414502784028e-07,0,0,unlabeled
566,2.758603727670561e-07,0,0,train
567,0.1852671504020691,0,0,unlabeled
568,5.9403373597888276e-05,0,0,unlabeled
569,3.3521999284857884e-05,0,0,unlabeled
570,0.11453266441822052,0,0,unlabeled
571,6.679902435280383e-05,0,0,unlabeled
572,2.767904516076669e-05,0,0,unlabeled
573,0.00011096740490756929,0,0,unlabeled
574,1.2737635302073613e-07,0,0,train
575,1.0834916963631258e-07,0,0,unlabeled
576,0.1181577667593956,0,0,unlabeled
577,8.709499525139108e-05,0,0,unlabeled
578,4.777668436872773e-05,0,0,unlabeled
579,0.2144748717546463,0,0,unlabeled
580,8.446077117696404e-05,0,0,unlabeled
581,4.9881506129167974e-05,0,0,unlabeled
582,0.00014093387289904058,0,0,unlabeled
583,3.028034996077622e-07,0,0,unlabeled
584,2.3415340422161535e-07,0,0,unlabeled
585,0.020657295361161232,0,0,unlabeled
586,1.2013554623990785e-05,0,0,unlabeled
587,5.814094492961885e-06,0,0,unlabeled
588,0.02917909435927868,0,0,train
589,1.8642818758962676e-05,0,0,train
590,1.0622452464303933e-05,0,0,unlabeled
591,2.5407651264686137e-05,0,0,unlabeled
592,6.45483666517066e-08,0,0,unlabeled
593,4.656077834397365e-08,0,0,unlabeled
594,0.9809839725494385,1,1,unlabeled
595,0.004800840746611357,0,0,train
596,0.0029476741328835487,0,0,unlabeled
597,0.960379421710968,1,1,unlabeled
598,0.0021625019144266844,0,0,unlabeled
599,0.001562696066685021,0,0,unlabeled
600,0.0035527588333934546,0,0,val
601,2.8139029382145964e-06,0,0,train
602,1.8164907942264108e-06,0,0,unlabeled
603,0.7783165574073792,0,0,unlabeled
604,0.0003731328761205077,0,0,unlabeled
605,0.00023726421932224184,0,0,unlabeled
606,0.5970789194107056,0,0,unlabeled
607,0.000437619281001389,0,0,unlabeled
608,0.00020097581727895886,0,0,unlabeled
609,0.0006824574084021151,0,0,unlabeled
610,5.636380251416995e-07,0,0,unlabeled
611,4.675763705108693e-07,0,0,unlabeled
612,0.25017431378364563,0,0,train
613,8.865880954544991e-05,0,0,unlabeled
614,6.077020225347951e-05,0,0,unlabeled
615,0.09969109296798706,0,0,unlabeled
616,6.177736941026524e-05,0,0,unlabeled
617,2.9114717108313926e-05,0,0,unlabeled
618,0.00014120411651674658,0,0,unlabeled
619,2.10414640378076e-07,0,0,unlabeled
620,1.7739841950970003e-07,0,0,train
621,0.06996400654315948,0,0,train
622,3.237993223592639e-05,0,0,unlabeled
623,1.4826981896476354e-05,0,0,train
624,0.061212364584207535,0,0,unlabeled
625,2.7013807994080707e-05,0,0,unlabeled
626,1.6561119991820306e-05,0,0,unlabeled
627,4.371077011455782e-05,0,0,unlabeled
628,6.612498282265733e-08,0,0,unlabeled
629,6.539736574495691e-08,0,0,unlabeled
630,0.035734254866838455,0,0,unlabeled
631,3.2878535421332344e-05,0,0,train
632,1.611621701158583e-05,0,0,unlabeled
633,0.05076682195067406,0,0,unlabeled
634,3.712883699336089e-05,0,0,unlabeled
635,2.0029543520649895e-05,0,0,train
636,5.456366852740757e-05,0,0,val
637,1.3794644360132224e-07,0,0,unlabeled
638,1.1399706068004889e-07,0,0,unlabeled
639,0.00812637247145176,0,0,unlabeled
640,6.821203896834049e-06,0,0,train
641,4.280629127606517e-06,0,0,unlabeled
642,0.010039186105132103,0,0,unlabeled
643,7.177987754403148e-06,0,0,unlabeled
644,4.38774850408663e-06,0,0,train
645,1.2510592569014989e-05,0,0,unlabeled
646,3.2665255389474623e-08,0,0,unlabeled
647,2.5956577331953667e-08,0,0,unlabeled
648,0.9968327879905701,1,1,unlabeled
649,0.1214524507522583,0,0,val
650,0.07979921996593475,0,0,unlabeled
651,0.9963011741638184,1,1,unlabeled
652,0.05993447080254555,0,0,val
653,0.03860790282487869,0,0,unlabeled
654,0.14163951575756073,0,0,unlabeled
655,3.767282032640651e-05,0,0,unlabeled
656,2.6903026082436554e-05,0,0,unlabeled
657,0.9933606386184692,1,0,unlabeled
658,0.018055951222777367,0,0,unlabeled
659,0.007171926088631153,0,0,unlabeled
660,0.9917591214179993,1,0,unlabeled
661,0.01580749824643135,0,0,unlabeled
662,0.006946350913494825,0,0,unlabeled
663,0.017818545922636986,0,0,unlabeled
664,9.736561878526118e-06,0,0,unlabeled
665,7.561511665699072e-06,0,0,unlabeled
666,0.9425001740455627,1,0,unlabeled
667,0.006412671413272619,0,0,unlabeled
668,0.0026193312369287014,0,0,train
669,0.8932716846466064,0,0,unlabeled
670,0.002496150555089116,0,0,unlabeled
671,0.0015279562212526798,0,0,val
672,0.005345200188457966,0,0,unlabeled
673,3.2483578706887783e-06,0,0,train
674,2.0646543816837948e-06,0,0,unlabeled
675,0.9184808731079102,1,0,unlabeled
676,0.0013207941083237529,0,0,unlabeled
677,0.0005683903000317514,0,0,unlabeled
678,0.8844034075737,0,0,unlabeled
679,0.0008437695796601474,0,0,unlabeled
680,0.00037197096389718354,0,0,unlabeled
681,0.001753634074702859,0,0,val
682,1.3987623788125347e-06,0,0,unlabeled
683,1.0867872788367094e-06,0,0,unlabeled
684,0.6785555481910706,0,0,train
685,0.0009097018628381193,0,0,unlabeled
686,0.0005165553302504122,0,0,unlabeled
687,0.7380517721176147,0,0,unlabeled
688,0.001066625234670937,0,0,unlabeled
689,0.00029972949414514005,0,0,unlabeled
690,0.0010088422568514943,0,0,unlabeled
691,2.008615410886705e-06,0,0,unlabeled
692,1.9176052319380688e-06,0,0,unlabeled
693,0.2893820106983185,0,0,train
694,0.00029934736085124314,0,0,unlabeled
695,0.0001212639399454929,0,0,unlabeled
696,0.5568509101867676,0,0,unlabeled
697,0.000302785134408623,0,0,unlabeled
698,0.0001621250994503498,0,0,unlabeled
699,0.00021336853387765586,0,0,unlabeled
700,7.521226734752418e-07,0,0,unlabeled
701,5.498199584508257e-07,0,0,unlabeled
702,0.997006356716156,1,1,train
703,0.0580509714782238,0,0,unlabeled
704,0.03698184713721275,0,0,unlabeled
705,0.9954611659049988,1,1,unlabeled
706,0.028116809204220772,0,0,unlabeled
707,0.01730964705348015,0,0,unlabeled
708,0.0721905529499054,0,0,unlabeled
709,1.2711991075775586e-05,0,0,train
710,1.0329922588425688e-05,0,0,unlabeled
711,0.9712930917739868,1,0,unlabeled
712,0.004618402104824781,0,0,unlabeled
713,0.0019171360181644559,0,0,train
714,0.9508174657821655,1,0,unlabeled
715,0.003765109460800886,0,0,train
716,0.0016597890062257648,0,0,unlabeled
717,0.004078327678143978,0,0,unlabeled
718,2.6564068775769556e-06,0,0,unlabeled
719,2.0368559034977807e-06,0,0,unlabeled
720,0.8973419070243835,1,0,unlabeled
721,0.0010826224461197853,0,0,unlabeled
722,0.00043358892435207963,0,0,unlabeled
723,0.7196698188781738,0,0,unlabeled
724,0.0008476460934616625,0,0,unlabeled
725,0.0003326105943415314,0,0,unlabeled
726,0.0020762979984283447,0,0,unlabeled
727,9.802390650293091e-07,0,0,unlabeled
728,9.187443197333778e-07,0,0,unlabeled
729,0.7226126194000244,0,0,unlabeled
730,0.0003195674507878721,0,0,train
731,0.000164069322636351,0,0,unlabeled
732,0.5017717480659485,0,0,unlabeled
733,0.00022620843083132058,0,0,unlabeled
734,0.00011082296987297013,0,0,unlabeled
735,0.00021415343508124352,0,0,train
736,3.086061894919112e-07,0,0,unlabeled
737,2.494782904705062e-07,0,0,unlabeled
738,0.49509215354919434,0,0,train
739,0.0002816468186210841,0,0,unlabeled
740,0.0001445348170818761,0,0,unlabeled
741,0.3841911554336548,0,0,unlabeled
742,0.0002911467745434493,0,0,unlabeled
743,0.00013244639558251947,0,0,unlabeled
744,0.0002279278851347044,0,0,unlabeled
745,5.846109161211643e-07,0,0,train
746,4.0956572888717346e-07,0,0,unlabeled
747,0.09945042431354523,0,0,unlabeled
748,3.634623863035813e-05,0,0,unlabeled
749,2.1409046894405037e-05,0,0,unlabeled
750,0.09970315545797348,0,0,unlabeled
751,6.628428673138842e-05,0,0,unlabeled
752,3.540260877343826e-05,0,0,unlabeled
753,6.168971594888717e-05,0,0,unlabeled
754,1.7160070342470135e-07,0,0,unlabeled
755,1.2485836009545892e-07,0,0,unlabeled
756,0.9721159338951111,1,1,unlabeled
757,0.010140171274542809,0,0,train
758,0.004029701929539442,0,0,unlabeled
759,0.9585267305374146,1,1,unlabeled
760,0.003079413203522563,0,0,train
761,0.0014110086485743523,0,0,unlabeled
762,0.005108658690005541,0,0,unlabeled
763,4.885627276962623e-06,0,0,unlabeled
764,3.508150257403031e-06,0,0,train
765,0.745137631893158,0,0,unlabeled
766,0.0004331484960857779,0,0,unlabeled
767,0.00021846046729478985,0,0,unlabeled
768,0.7057159543037415,0,0,val
769,0.00037338907714001834,0,0,unlabeled
770,0.00021671877766493708,0,0,unlabeled
771,0.00034230289747938514,0,0,unlabeled
772,6.190717840581783e-07,0,0,train
773,5.074472255728324e-07,0,0,unlabeled
774,0.3653690814971924,0,0,train
775,0.00013283189036883414,0,0,unlabeled
776,5.942961070104502e-05,0,0,unlabeled
777,0.11259042471647263,0,0,unlabeled
778,7.192312477855012e-05,0,0,unlabeled
779,3.438912972342223e-05,0,0,unlabeled
780,8.114588126773015e-05,0,0,unlabeled
781,2.86256380377381e-07,0,0,unlabeled
782,1.5935304986669507e-07,0,0,unlabeled
783,0.04041238874197006,0,0,unlabeled
784,1.9259263353887945e-05,0,0,train
785,1.0912347534031142e-05,0,0,unlabeled
786,0.028446737676858902,0,0,unlabeled
787,2.4501874577254057e-05,0,0,unlabeled
788,1.0445281077409163e-05,0,0,train
789,3.124383511021733e-05,0,0,unlabeled
790,6.52112817078887e-08,0,0,unlabeled
791,5.3605749172902506e-08,0,0,unlabeled
792,0.03606683015823364,0,0,unlabeled
793,4.252206417731941e-05,0,0,unlabeled
794,2.131460132659413e-05,0,0,unlabeled
795,0.07508137822151184,0,0,unlabeled
796,4.248987534083426e-05,0,0,unlabeled
797,2.4455746824969538e-05,0,0,train
798,5.678192974301055e-05,0,0,unlabeled
799,1.9314553867388895e-07,0,0,unlabeled
800,1.466905246161332e-07,0,0,train
801,0.004954613279551268,0,0,unlabeled
802,5.179384061193559e-06,0,0,unlabeled
803,2.6477646315470338e-06,0,0,unlabeled
804,0.008076678030192852,0,0,train
805,8.76562626217492e-06,0,0,train
806,4.920049377687974e-06,0,0,unlabeled
807,1.0026172276411671e-05,0,0,unlabeled
808,3.808509774216873e-08,0,0,val
809,2.6671594710592217e-08,0,0,unlabeled
810,0.9465664029121399,1,1,train
811,0.001741466112434864,0,0,unlabeled
812,0.0010597096988931298,0,0,train
813,0.898726761341095,1,1,unlabeled
814,0.0008630344527773559,0,0,unlabeled
815,0.0005915578221902251,0,0,train
816,0.0011953169014304876,0,0,unlabeled
817,1.6996579006445245e-06,0,0,unlabeled
818,1.1088714018114842e-06,0,0,unlabeled
819,0.4680834114551544,0,0,unlabeled
820,0.0001244585873791948,0,0,unlabeled
821,7.936650945339352e-05,0,0,unlabeled
822,0.279019832611084,0,0,train
823,0.00016075398889370263,0,0,unlabeled
824,7.482532237190753e-05,0,0,val
825,0.0002164084289688617,0,0,unlabeled
826,3.2031201158133626e-07,0,0,unlabeled
827,2.6170994260610314e-07,0,0,val
828,0.08056903630495071,0,0,unlabeled
829,3.6083456507185474e-05,0,0,train
830,2.3369157133856788e-05,0,0,train
831,0.03376287966966629,0,0,val
832,2.8729871701216325e-05,0,0,unlabeled
833,1.4312980965769384e-05,0,0,unlabeled
834,5.06426440551877e-05,0,0,unlabeled
835,1.2751199562899274e-07,0,0,unlabeled
836,1.040976584931741e-07,0,0,unlabeled
837,0.012698658742010593,0,0,unlabeled
838,1.1024237210222054e-05,0,0,train
839,5.704234354197979e-06,0,0,unlabeled
840,0.013329291716217995,0,0,train
841,9.864502317213919e-06,0,0,unlabeled
842,6.4724681578809395e-06,0,0,unlabeled
843,1.4297824236564338e-05,0,0,train
844,3.279529536825976e-08,0,0,unlabeled
845,3.138620030540551e-08,0,0,unlabeled
846,0.010524779558181763,0,0,unlabeled
847,1.597114169271663e-05,0,0,unlabeled
848,8.135742064041551e-06,0,0,unlabeled
849,0.01608925126492977,0,0,unlabeled
850,1.9797160348389298e-05,0,0,unlabeled
851,1.0286471479048487e-05,0,0,unlabeled
852,2.4469230993418023e-05,0,0,unlabeled
853,9.174854653792863e-08,0,0,unlabeled
854,7.099250609599039e-08,0,0,unlabeled
855,0.0018990483367815614,0,0,unlabeled
856,3.0561548101104563e-06,0,0,unlabeled
857,2.0287059214751935e-06,0,0,unlabeled
858,0.002520049223676324,0,0,unlabeled
859,3.3161613828269765e-06,0,0,unlabeled
860,2.139134494427708e-06,0,0,unlabeled
861,5.27805286765215e-06,0,0,val
862,1.8900371046015607e-08,0,0,train
863,1.4457817165691722e-08,0,0,unlabeled
864,0.998416543006897,1,1,unlabeled
865,0.8195064067840576,0,0,unlabeled
866,0.7505939602851868,0,0,train
867,0.9994068145751953,1,1,unlabeled
868,0.7423387765884399,0,0,unlabeled
869,0.13429896533489227,0,0,unlabeled
870,0.30884429812431335,0,0,unlabeled
871,8.858967248670524e-07,0,0,unlabeled
872,0.00103487737942487,0,0,unlabeled
873,0.9967008233070374,1,1,unlabeled
874,0.24734635651111603,0,0,unlabeled
875,0.02464541420340538,0,0,unlabeled
876,0.9957979321479797,1,1,unlabeled
877,0.02713804878294468,0,0,unlabeled
878,0.14723412692546844,0,0,unlabeled
879,0.006915689446032047,0,0,unlabeled
880,0.0002914117358159274,0,0,unlabeled
881,0.00018609724065754563,0,0,train
882,0.9954051971435547,1,1,val
883,0.1380196362733841,0,0,train
884,0.002127277897670865,0,0,unlabeled
885,0.9896371960639954,1,1,unlabeled
886,0.009230954572558403,0,0,unlabeled
887,0.06347890198230743,0,0,unlabeled
888,9.98677933239378e-06,0,0,unlabeled
889,0.00010808449587784708,0,0,unlabeled
890,9.047749335877597e-05,0,0,unlabeled
891,0.9947441816329956,1,1,unlabeled
892,0.0006393851945176721,0,0,val
893,0.05770298093557358,0,0,unlabeled
894,0.8412798047065735,0,1,unlabeled
895,0.06570017337799072,0,0,unlabeled
896,0.0056497384794056416,0,0,unlabeled
897,0.1431179642677307,0,0,unlabeled
898,5.614822657662444e-05,0,0,unlabeled
899,5.096865425002761e-05,0,0,unlabeled
900,0.9435412287712097,1,1,unlabeled
901,0.0006973362760618329,0,0,unlabeled
902,0.023518677800893784,0,0,unlabeled
903,0.8548986911773682,0,1,train
904,0.002469829050824046,0,0,val
905,0.0033912460785359144,0,0,unlabeled
906,0.005124703980982304,0,0,unlabeled
907,0.00010997247591149062,0,0,unlabeled
908,7.660078699700534e-05,0,0,unlabeled
909,0.4607517123222351,0,1,val
910,3.1269501050701365e-05,0,0,train
911,0.00017258570005651563,0,0,unlabeled
912,0.9882405996322632,1,1,unlabeled
913,0.04319208115339279,0,0,unlabeled
914,0.025223560631275177,0,0,unlabeled
915,0.07640358060598373,0,0,unlabeled
916,3.523796476656571e-05,0,0,unlabeled
917,1.8994252968695946e-05,0,0,val
918,0.9977779984474182,1,1,unlabeled
919,0.5498278737068176,0,0,unlabeled
920,0.032108139246702194,0,0,unlabeled
921,0.995527446269989,1,1,unlabeled
922,0.08001475781202316,0,0,unlabeled
923,0.33792924880981445,0,0,unlabeled
924,0.0007080562063492835,0,0,unlabeled
925,0.0005607936182059348,0,0,unlabeled
926,0.0002689978282433003,0,0,unlabeled
927,0.9871079325675964,1,1,unlabeled
928,0.03120291605591774,0,0,unlabeled
929,0.03917583078145981,0,0,unlabeled
930,0.9620825052261353,1,1,unlabeled
931,0.005239085294306278,0,0,unlabeled
932,0.024646950885653496,0,0,train
933,0.2098056674003601,0,0,unlabeled
934,0.00010993724572472274,0,0,train
935,4.169797830400057e-05,0,0,unlabeled
936,0.9958727955818176,1,1,unlabeled
937,0.0018143411725759506,0,0,unlabeled
938,0.03535476326942444,0,0,unlabeled
939,0.9448906779289246,1,1,unlabeled
940,0.0026661858428269625,0,0,train
941,0.0023886440321803093,0,0,unlabeled
942,0.12365266680717468,0,0,unlabeled
943,5.489439718076028e-05,0,0,unlabeled
944,3.805539017776027e-05,0,0,unlabeled
945,0.33213678002357483,0,1,unlabeled
946,0.0034398019779473543,0,0,unlabeled
947,0.0003464945184532553,0,0,train
948,0.9868467450141907,1,1,unlabeled
949,0.032239120453596115,0,0,unlabeled
950,0.010074124671518803,0,0,unlabeled
951,0.05597010254859924,0,0,unlabeled
952,1.2821201380575076e-05,0,0,val
953,1.3211402801971417e-05,0,0,unlabeled
954,0.17607980966567993,0,0,train
955,0.0007182949339039624,0,0,unlabeled
956,9.245276305591688e-05,0,0,unlabeled
957,0.9841719269752502,1,0,unlabeled
958,0.026940539479255676,0,0,unlabeled
959,0.0017416650662198663,0,0,unlabeled
960,0.024576125666499138,0,0,unlabeled
961,1.9144440557283815e-06,0,0,unlabeled
962,1.1263861097177141e-06,0,0,unlabeled
963,0.7892438769340515,0,0,unlabeled
964,0.0035506715066730976,0,0,unlabeled
965,0.0013597251381725073,0,0,val
966,0.9505819082260132,1,0,unlabeled
967,0.0066642011515796185,0,0,unlabeled
968,0.0029265107586979866,0,0,unlabeled
969,0.008229793980717659,0,0,train
970,6.633493740082486e-06,0,0,train
971,4.1360021896252874e-06,0,0,unlabeled
972,0.9989049434661865,1,1,unlabeled
973,0.36871519684791565,0,0,unlabeled
974,0.04968178644776344,0,0,unlabeled
975,0.9323093295097351,1,1,train
976,0.03388943895697594,0,0,unlabeled
977,0.005395754240453243,0,0,unlabeled
978,0.14868298172950745,0,0,unlabeled
979,0.00011511291813803837,0,0,unlabeled
980,5.697399683413096e-05,0,0,unlabeled
981,0.11969280242919922,0,0,unlabeled
982,0.00026319941389374435,0,0,unlabeled
983,0.0002867991279345006,0,0,train
984,0.9668962359428406,1,0,unlabeled
985,0.014219697564840317,0,0,unlabeled
986,0.007499627768993378,0,0,val
987,0.018449174240231514,0,0,unlabeled
988,1.702492772892583e-05,0,0,val
989,7.437747171934461e-06,0,0,unlabeled
990,0.03364212065935135,0,0,val
991,5.9225822042208165e-05,0,0,unlabeled
992,2.721812279560254e-06,0,0,unlabeled
993,0.9020068645477295,1,0,unlabeled
994,0.0003506434732116759,0,0,unlabeled
995,0.00018028737395070493,0,0,unlabeled
996,0.001552636967971921,0,0,val
997,2.508433851744485e-07,0,0,unlabeled
998,5.226059585083931e-08,0,0,unlabeled
999,0.6054942607879639,0,0,unlabeled
1000,0.00037228671135380864,0,0,unlabeled
1001,3.595629095798358e-05,0,0,unlabeled
1002,0.7252219915390015,0,0,train
1003,0.00028913081041537225,0,0,unlabeled
1004,0.00011874391202582046,0,0,unlabeled
1005,0.00035427691182121634,0,0,unlabeled
1006,1.1845287417600048e-07,0,0,unlabeled
1007,8.001183715578009e-08,0,0,unlabeled
1008,0.6991330981254578,0,0,unlabeled
1009,0.002285315655171871,0,0,train
1010,0.0007762530003674328,0,0,unlabeled
1011,0.8905295133590698,0,0,unlabeled
1012,0.006226928438991308,0,0,unlabeled
1013,0.0013962913071736693,0,0,unlabeled
1014,0.005912335589528084,0,0,unlabeled
1015,7.717144399066456e-06,0,0,train
1016,4.681390691985143e-06,0,0,unlabeled
1017,0.2112153321504593,0,0,unlabeled
1018,0.0001731066731736064,0,0,val
1019,0.00011191274097654969,0,0,unlabeled
1020,0.5520221590995789,0,0,train
1021,0.0006028687348589301,0,0,unlabeled
1022,0.00027053820667788386,0,0,unlabeled
1023,0.0009003454470075667,0,0,unlabeled
1024,1.2634211543627316e-06,0,0,unlabeled
1025,7.589264896523673e-07,0,0,train
1026,0.8659706115722656,0,1,unlabeled
1027,3.3575750421732664e-05,0,0,unlabeled
1028,9.053575013240334e-06,0,0,unlabeled
1029,0.9758879542350769,1,1,unlabeled
1030,0.0003968762175645679,0,0,unlabeled
1031,0.0003428731288295239,0,0,unlabeled
1032,0.0005665532080456614,0,0,unlabeled
1033,2.2600467275424307e-08,0,0,unlabeled
1034,5.245764000960662e-08,0,0,train
1035,0.7725824117660522,0,0,unlabeled
1036,5.6723158195381984e-05,0,0,unlabeled
1037,1.6191315808100626e-05,0,0,unlabeled
1038,0.7346361875534058,0,0,unlabeled
1039,9.052789391716942e-05,0,0,unlabeled
1040,3.504704363876954e-05,0,0,unlabeled
1041,0.00012644322123378515,0,0,unlabeled
1042,1.1006802225210777e-07,0,0,val
1043,1.3419585442875359e-08,0,0,unlabeled
1044,0.8583013415336609,0,0,unlabeled
1045,0.0027101621963083744,0,0,unlabeled
1046,0.001463413005694747,0,0,unlabeled
1047,0.8607805967330933,0,0,unlabeled
1048,0.002488125581294298,0,0,train
1049,0.001351228216663003,0,0,unlabeled
1050,0.006866509094834328,0,0,train
1051,4.024583176942542e-06,0,0,unlabeled
1052,3.08334256260423e-06,0,0,unlabeled
1053,0.595570981502533,0,0,unlabeled
1054,0.0009000422433018684,0,0,unlabeled
1055,0.00029013401945121586,0,0,unlabeled
1056,0.7535190582275391,0,0,unlabeled
1057,0.0010517836781218648,0,0,train
1058,0.0005059113027527928,0,0,unlabeled
1059,0.0015343197155743837,0,0,unlabeled
1060,8.955515795605606e-07,0,0,train
1061,1.0881458365474828e-06,0,0,train
1062,0.5092219710350037,0,0,unlabeled
1063,0.0010538313072174788,0,0,unlabeled
1064,0.00036061202990822494,0,0,unlabeled
1065,0.8087081909179688,0,0,unlabeled
1066,0.002284229500219226,0,0,unlabeled
1067,0.0006138936150819063,0,0,unlabeled
1068,0.0027850244659930468,0,0,unlabeled
1069,3.2583516258455347e-06,0,0,train
1070,2.354153821215732e-06,0,0,unlabeled
1071,0.14436891674995422,0,0,unlabeled
1072,0.00015021892613731325,0,0,unlabeled
1073,7.413885032292455e-05,0,0,unlabeled
1074,0.4004436135292053,0,0,unlabeled
1075,0.00027209726977162063,0,0,unlabeled
1076,0.00012610391422640532,0,0,unlabeled
1077,0.0004201626870781183,0,0,unlabeled
1078,6.89815408350114e-07,0,0,unlabeled
1079,4.7508370926152566e-07,0,0,unlabeled
1080,0.9981829524040222,1,1,unlabeled
1081,0.6352028250694275,0,0,unlabeled
1082,0.0684364065527916,0,0,unlabeled
1083,0.9981157779693604,1,1,train
1084,0.49396079778671265,0,0,unlabeled
1085,0.6002620458602905,0,0,train
1086,0.41613060235977173,0,0,unlabeled
1087,3.611296051531099e-05,0,0,unlabeled
1088,0.0008500200347043574,0,0,unlabeled
1089,0.9969794750213623,1,1,unlabeled
1090,0.37991565465927124,0,0,unlabeled
1091,0.1965872347354889,0,0,unlabeled
1092,0.9915550351142883,1,1,unlabeled
1093,0.13477978110313416,0,0,unlabeled
1094,0.3734595477581024,0,0,unlabeled
1095,0.708194375038147,0,0,unlabeled
1096,0.0006412449292838573,0,0,train
1097,0.00025926821399480104,0,0,unlabeled
1098,0.9963601231575012,1,1,val
1099,0.011180602945387363,0,0,unlabeled
1100,0.056840017437934875,0,0,unlabeled
1101,0.975735068321228,1,1,unlabeled
1102,0.03294871747493744,0,0,train
1103,0.018816202878952026,0,0,unlabeled
1104,0.351710706949234,0,0,unlabeled
1105,0.00017755541193764657,0,0,unlabeled
1106,0.00013643021520692855,0,0,train
1107,0.9202866554260254,1,1,train
1108,0.09467251598834991,0,0,train
1109,0.006326781120151281,0,0,unlabeled
1110,0.9968271851539612,1,1,unlabeled
1111,0.24654920399188995,0,0,unlabeled
1112,0.1170046478509903,0,0,unlabeled
1113,0.3780113160610199,0,0,unlabeled
1114,8.791307482169941e-05,0,0,unlabeled
1115,7.674598600715399e-05,0,0,unlabeled
1116,0.4027179777622223,0,0,unlabeled
1117,0.0019359906436875463,0,0,unlabeled
1118,0.0009674983448348939,0,0,unlabeled
1119,0.9934651255607605,1,0,unlabeled
1120,0.059745803475379944,0,0,val
1121,0.012016172520816326,0,0,unlabeled
1122,0.06754529476165771,0,0,unlabeled
1123,2.1948886569589376e-05,0,0,unlabeled
1124,1.1714030733855907e-05,0,0,unlabeled
1125,0.9509541392326355,1,0,unlabeled
1126,0.023970043286681175,0,0,unlabeled
1127,0.00792025588452816,0,0,unlabeled
1128,0.9897721409797668,1,0,unlabeled
1129,0.04712463915348053,0,0,train
1130,0.016578758135437965,0,0,unlabeled
1131,0.07282902300357819,0,0,unlabeled
1132,3.2533796911593527e-05,0,0,unlabeled
1133,1.8776261640596204e-05,0,0,train
1134,0.9992524981498718,1,1,train
1135,0.09626851975917816,0,0,unlabeled
1136,0.3667231798171997,0,0,unlabeled
1137,0.9923267960548401,1,1,train
1138,0.23071646690368652,0,0,unlabeled
1139,0.12025290727615356,0,0,train
1140,0.7836557030677795,0,0,unlabeled
1141,0.0006976117729209363,0,0,train
1142,0.0006188242696225643,0,0,train
1143,0.8670437335968018,0,1,unlabeled
1144,0.03070666827261448,0,0,val
1145,0.005531147588044405,0,0,unlabeled
1146,0.9969503283500671,1,1,unlabeled
1147,0.2006564885377884,0,0,unlabeled
1148,0.17843519151210785,0,0,unlabeled
1149,0.39530351758003235,0,0,train
1150,0.0001820403413148597,0,0,unlabeled
1151,8.82556923897937e-05,0,0,unlabeled
1152,0.881320059299469,0,1,train
1153,0.002193972934037447,0,0,unlabeled
1154,0.0013607005821540952,0,0,unlabeled
1155,0.9957641363143921,1,1,unlabeled
1156,0.021409306675195694,0,0,unlabeled
1157,0.00456808228045702,0,0,val
1158,0.06053413823246956,0,0,unlabeled
1159,4.2169053813267965e-06,0,0,unlabeled
1160,3.584167643566616e-05,0,0,train
1161,0.9848865866661072,1,1,unlabeled
1162,0.01502710860222578,0,0,unlabeled
1163,0.00426759198307991,0,0,unlabeled
1164,0.993499755859375,1,1,unlabeled
1165,0.018838470801711082,0,0,unlabeled
1166,0.019718043506145477,0,0,unlabeled
1167,0.0282448697835207,0,0,train
1168,2.6360481570009142e-05,0,0,unlabeled
1169,2.047151838269201e-06,0,0,unlabeled
1170,0.9746262431144714,1,0,unlabeled
1171,0.02969805896282196,0,0,unlabeled
1172,0.010509932413697243,0,0,unlabeled
1173,0.9883008003234863,1,0,unlabeled
1174,0.05939896032214165,0,0,train
1175,0.014778615906834602,0,0,unlabeled
1176,0.07448142021894455,0,0,unlabeled
1177,3.520226164255291e-05,0,0,unlabeled
1178,1.4375427781487815e-05,0,0,unlabeled
1179,0.8774697184562683,0,0,unlabeled
1180,0.004103627987205982,0,0,unlabeled
1181,0.0009540470200590789,0,0,unlabeled
1182,0.9686481356620789,1,0,unlabeled
1183,0.011522505432367325,0,0,unlabeled
1184,0.002861619694158435,0,0,train
1185,0.008671721443533897,0,0,unlabeled
1186,5.368086931412108e-06,0,0,unlabeled
1187,2.878891336877132e-06,0,0,unlabeled
1188,0.8765311241149902,0,1,unlabeled
1189,0.00018887849000748247,0,0,train
1190,6.904482142999768e-05,0,0,unlabeled
1191,0.9899375438690186,1,1,train
1192,0.002055471297353506,0,0,train
1193,0.00065986457047984,0,0,train
1194,0.004975931718945503,0,0,unlabeled
1195,2.0992918337014999e-07,0,0,unlabeled
1196,4.521833716353285e-07,0,0,unlabeled
1197,0.7847909331321716,0,0,unlabeled
1198,0.0002045541041297838,0,0,val
1199,5.402257738751359e-05,0,0,train
1200,0.8789945244789124,0,0,unlabeled
1201,0.00032830965938046575,0,0,unlabeled
1202,0.00037529991823248565,0,0,unlabeled
1203,0.0005030111060477793,0,0,unlabeled
1204,3.714281149314047e-07,0,0,unlabeled
1205,2.1091490509661526e-07,0,0,unlabeled
1206,0.9364628791809082,1,0,unlabeled
1207,0.0021185895893722773,0,0,unlabeled
1208,0.0007079727947711945,0,0,unlabeled
1209,0.9051848649978638,1,0,unlabeled
1210,0.0014570977073162794,0,0,unlabeled
1211,0.0003383353177923709,0,0,unlabeled
1212,0.0043274955824017525,0,0,unlabeled
1213,1.3073184845779906e-06,0,0,unlabeled
1214,8.940514248934051e-07,0,0,unlabeled
1215,0.6855877041816711,0,0,train
1216,0.0003520123427733779,0,0,unlabeled
1217,7.992587779881433e-05,0,0,unlabeled
1218,0.7683390974998474,0,0,train
1219,0.00036997758434154093,0,0,train
1220,0.00016303070879075676,0,0,unlabeled
1221,0.000492598454002291,0,0,train
1222,3.142191076221934e-07,0,0,train
1223,9.960469924408244e-07,0,0,unlabeled
1224,0.4948310852050781,0,0,unlabeled
1225,0.0002674603892955929,0,0,unlabeled
1226,8.770692511461675e-05,0,0,train
1227,0.7831029295921326,0,0,unlabeled
1228,0.0006151575362309813,0,0,unlabeled
1229,0.00024868512991815805,0,0,train
1230,0.0008252987754531205,0,0,unlabeled
1231,6.915801691320667e-07,0,0,val
1232,1.9314234123157803e-06,0,0,unlabeled
1233,0.09131445735692978,0,0,unlabeled
1234,3.729164745891467e-05,0,0,unlabeled
1235,1.1412479580030777e-05,0,0,unlabeled
1236,0.2188282310962677,0,0,unlabeled
1237,9.875481191556901e-05,0,0,unlabeled
1238,0.0001193373609567061,0,0,unlabeled
1239,8.226541103795171e-05,0,0,unlabeled
1240,6.276248996073264e-07,0,0,unlabeled
1241,6.20015967456311e-08,0,0,unlabeled
1242,0.9952940344810486,1,1,unlabeled
1243,0.0833844244480133,0,0,unlabeled
1244,0.03920985013246536,0,0,unlabeled
1245,0.9949299693107605,1,1,unlabeled
1246,0.05692610517144203,0,0,unlabeled
1247,0.025416208431124687,0,0,unlabeled
1248,0.155189648270607,0,0,unlabeled
1249,3.1950654374668375e-05,0,0,train
1250,2.98104732792126e-05,0,0,unlabeled
1251,0.9555758833885193,1,0,unlabeled
1252,0.005550638306885958,0,0,train
1253,0.001683718990534544,0,0,unlabeled
1254,0.9709856510162354,1,0,unlabeled
1255,0.007207910995930433,0,0,val
1256,0.003932354040443897,0,0,train
1257,0.009642287157475948,0,0,val
1258,5.554451490752399e-06,0,0,unlabeled
1259,3.437420673435554e-06,0,0,val
1260,0.9331523180007935,1,0,unlabeled
1261,0.003441873239353299,0,0,unlabeled
1262,0.0014268672093749046,0,0,unlabeled
1263,0.9192242622375488,1,0,train
1264,0.002671040128916502,0,0,unlabeled
1265,0.0012135226279497147,0,0,unlabeled
1266,0.005658245179802179,0,0,unlabeled
1267,3.6215649288351415e-06,0,0,train
1268,2.6502882519707782e-06,0,0,unlabeled
1269,0.7572380900382996,0,0,unlabeled
1270,0.0007201939588412642,0,0,train
1271,0.0002901945845223963,0,0,unlabeled
1272,0.7780023217201233,0,0,unlabeled
1273,0.0009886120678856969,0,0,unlabeled
1274,0.0003650042926892638,0,0,unlabeled
1275,0.0013634214410558343,0,0,unlabeled
1276,1.053536266226729e-06,0,0,val
1277,8.414341436946415e-07,0,0,unlabeled
1278,0.6032098531723022,0,0,unlabeled
1279,0.0006269884761422873,0,0,unlabeled
1280,0.0002992195659317076,0,0,unlabeled
1281,0.7903479933738708,0,0,unlabeled
1282,0.0015632890863344073,0,0,unlabeled
1283,0.0005888197920285165,0,0,unlabeled
1284,0.0018940657610073686,0,0,unlabeled
1285,2.2493572942039464e-06,0,0,train
1286,1.4548460285368492e-06,0,0,unlabeled
1287,0.16480407118797302,0,0,unlabeled
1288,0.00011056372750317678,0,0,train
1289,4.253711085766554e-05,0,0,unlabeled
1290,0.385993629693985,0,0,unlabeled
1291,0.00026779333711601794,0,0,unlabeled
1292,9.926492930389941e-05,0,0,unlabeled
1293,0.00024895014939829707,0,0,unlabeled
1294,4.685222165790037e-07,0,0,unlabeled
1295,2.628876529797708e-07,0,0,unlabeled
1296,0.9992899894714355,1,1,unlabeled
1297,0.08074700832366943,0,0,unlabeled
1298,0.3862580955028534,0,0,unlabeled
1299,0.9793069362640381,1,1,unlabeled
1300,0.09399086236953735,0,0,train
1301,0.08174818754196167,0,0,unlabeled
1302,0.5820653438568115,0,0,unlabeled
1303,0.0005723970825783908,0,0,unlabeled
1304,0.0003462717868387699,0,0,unlabeled
1305,0.9411584138870239,1,1,train
1306,0.016804970800876617,0,0,unlabeled
1307,0.07232790440320969,0,0,train
1308,0.9963505268096924,1,1,unlabeled
1309,0.27435630559921265,0,0,unlabeled
1310,0.15982922911643982,0,0,unlabeled
1311,0.4124746322631836,0,0,train
1312,0.00016425919602625072,0,0,unlabeled
1313,6.68733409838751e-05,0,0,unlabeled
1314,0.5766252875328064,0,1,unlabeled
1315,0.00044446278479881585,0,0,unlabeled
1316,0.0002704941143747419,0,0,train
1317,0.9734810590744019,1,1,unlabeled
1318,0.004476303234696388,0,0,unlabeled
1319,0.005625779740512371,0,0,unlabeled
1320,0.016708001494407654,0,0,unlabeled
1321,7.149676548579009e-06,0,0,unlabeled
1322,1.080959464161424e-06,0,0,unlabeled
1323,0.9859391450881958,1,1,train
1324,0.014267683029174805,0,0,unlabeled
1325,0.00468280678614974,0,0,train
1326,0.989770770072937,1,1,unlabeled
1327,0.012501297518610954,0,0,unlabeled
1328,0.017198197543621063,0,0,train
1329,0.024219384416937828,0,0,unlabeled
1330,2.3831082671676995e-06,0,0,unlabeled
1331,2.530986193960416e-06,0,0,train
1332,0.9575961232185364,1,0,unlabeled
1333,0.028209639713168144,0,0,unlabeled
1334,0.009972147643566132,0,0,unlabeled
1335,0.9818483591079712,1,0,train
1336,0.03934299945831299,0,0,unlabeled
1337,0.008460934273898602,0,0,val
1338,0.05475849285721779,0,0,unlabeled
1339,3.5508266591932625e-05,0,0,unlabeled
1340,1.973051439563278e-05,0,0,unlabeled
1341,0.9051865339279175,1,0,unlabeled
1342,0.006302506662905216,0,0,unlabeled
1343,0.0028704239521175623,0,0,unlabeled
1344,0.9695772528648376,1,0,unlabeled
1345,0.01005926076322794,0,0,unlabeled
1346,0.0033876863308250904,0,0,unlabeled
1347,0.01751040294766426,0,0,unlabeled
1348,8.859340596245602e-06,0,0,unlabeled
1349,5.445507667900529e-06,0,0,unlabeled
1350,0.9515390992164612,1,1,train
1351,0.00032788675162009895,0,0,unlabeled
1352,0.0001357660221401602,0,0,unlabeled
1353,0.9894827604293823,1,1,unlabeled
1354,0.002075436757877469,0,0,unlabeled
1355,0.0026798637118190527,0,0,unlabeled
1356,0.003394528990611434,0,0,train
1357,2.0570000458519644e-07,0,0,train
1358,3.7576694467134075e-07,0,0,unlabeled
1359,0.8903470039367676,0,0,unlabeled
1360,0.0002136818802682683,0,0,unlabeled
1361,0.0008085211156867445,0,0,unlabeled
1362,0.9461415410041809,1,0,unlabeled
1363,0.00043295492650941014,0,0,unlabeled
1364,0.0002660348836798221,0,0,unlabeled
1365,0.001117911422625184,0,0,unlabeled
1366,8.067075896178721e-08,0,0,unlabeled
1367,1.5647872331214785e-08,0,0,unlabeled
1368,0.8994215726852417,1,0,unlabeled
1369,0.000981238204985857,0,0,unlabeled
1370,0.001225150190293789,0,0,val
1371,0.88480144739151,0,0,unlabeled
1372,0.00202357885427773,0,0,unlabeled
1373,0.0003632443258538842,0,0,unlabeled
1374,0.00588094862177968,0,0,train
1375,1.1451568298070924e-06,0,0,train
1376,1.0872096822822641e-07,0,0,unlabeled
1377,0.7933878302574158,0,0,unlabeled
1378,0.0007967792917042971,0,0,unlabeled
1379,0.0002920021361205727,0,0,unlabeled
1380,0.8573966026306152,0,0,unlabeled
1381,0.00047137317596934736,0,0,train
1382,4.855425140704028e-05,0,0,unlabeled
1383,0.0009968418162316084,0,0,unlabeled
1384,6.570281385620547e-08,0,0,unlabeled
1385,3.682986360331597e-08,0,0,unlabeled
1386,0.5803611278533936,0,0,unlabeled
1387,0.0006261622766032815,0,0,unlabeled
1388,0.0002129994099959731,0,0,unlabeled
1389,0.7921793460845947,0,0,unlabeled
1390,0.0006705390405841172,0,0,unlabeled
1391,5.9785274061141536e-05,0,0,unlabeled
1392,0.0002618633152451366,0,0,train
1393,1.2485121203553717e-07,0,0,unlabeled
1394,6.880265601694191e-08,0,0,unlabeled
1395,0.07645655423402786,0,0,val
1396,1.2704490472970065e-05,0,0,unlabeled
1397,4.483044449443696e-06,0,0,val
1398,0.3810873031616211,0,0,unlabeled
1399,2.649056477821432e-05,0,0,unlabeled
1400,9.911377674143296e-06,0,0,unlabeled
1401,2.7823438358609565e-05,0,0,train
1402,1.5639397332734006e-08,0,0,train
1403,9.972511705313991e-09,0,0,unlabeled
1404,0.9958914518356323,1,1,unlabeled
1405,0.08066967129707336,0,0,unlabeled
1406,0.054890356957912445,0,0,val
1407,0.9951578974723816,1,1,unlabeled
1408,0.07608210295438766,0,0,unlabeled
1409,0.03745419904589653,0,0,unlabeled
1410,0.18878887593746185,0,0,unlabeled
1411,4.955597250955179e-05,0,0,unlabeled
1412,2.0096607840969227e-05,0,0,unlabeled
1413,0.9617976546287537,1,0,unlabeled
1414,0.0062834532000124454,0,0,unlabeled
1415,0.0030719097703695297,0,0,unlabeled
1416,0.9566918611526489,1,0,unlabeled
1417,0.005548940971493721,0,0,unlabeled
1418,0.0022455297876149416,0,0,unlabeled
1419,0.011722465977072716,0,0,unlabeled
1420,3.860292963508982e-06,0,0,unlabeled
1421,3.1386584851134103e-06,0,0,unlabeled
1422,0.9064099192619324,1,0,unlabeled
1423,0.00243972847238183,0,0,unlabeled
1424,0.0009300160454586148,0,0,unlabeled
1425,0.7892798781394958,0,0,unlabeled
1426,0.0010159414960071445,0,0,unlabeled
1427,0.0003606249229051173,0,0,unlabeled
1428,0.0038486432749778032,0,0,unlabeled
1429,1.7598529211682035e-06,0,0,unlabeled
1430,1.2275196468181093e-06,0,0,unlabeled
1431,0.5890512466430664,0,0,unlabeled
1432,0.00035899048089049757,0,0,unlabeled
1433,0.00010813387780217454,0,0,unlabeled
1434,0.5517804026603699,0,0,unlabeled
1435,0.0002390840818407014,0,0,unlabeled
1436,0.00011832480231532827,0,0,unlabeled
1437,0.0003769284812733531,0,0,unlabeled
1438,4.403626121529669e-07,0,0,unlabeled
1439,2.984102138725575e-07,0,0,unlabeled
1440,0.5557817816734314,0,0,unlabeled
1441,0.000513329345267266,0,0,unlabeled
1442,0.00017285365902353078,0,0,val
1443,0.6476861238479614,0,0,unlabeled
1444,0.0005649985396303236,0,0,unlabeled
1445,0.00024876269162632525,0,0,val
1446,0.0011481937253847718,0,0,unlabeled
1447,1.2760034451275715e-06,0,0,unlabeled
1448,7.62542413212941e-07,0,0,unlabeled
1449,0.0897972360253334,0,0,train
1450,5.205224078963511e-05,0,0,train
1451,1.942320159287192e-05,0,0,unlabeled
1452,0.10727811604738235,0,0,unlabeled
1453,9.065280028153211e-05,0,0,unlabeled
1454,3.7669124139938504e-05,0,0,unlabeled
1455,0.00010512277367524803,0,0,unlabeled
1456,2.0844910864070698e-07,0,0,unlabeled
1457,1.2412463945565833e-07,0,0,unlabeled
1458,0.9934559464454651,1,1,train
1459,0.029863787814974785,0,0,unlabeled
1460,0.019165216013789177,0,0,unlabeled
1461,0.9873291254043579,1,1,unlabeled
1462,0.012224659323692322,0,0,unlabeled
1463,0.0078059108927845955,0,0,unlabeled
1464,0.05172998085618019,0,0,unlabeled
1465,9.048136234923732e-06,0,0,unlabeled
1466,9.338165909866802e-06,0,0,unlabeled
1467,0.9025614261627197,1,0,unlabeled
1468,0.0014516832306981087,0,0,unlabeled
1469,0.0007482026121579111,0,0,val
1470,0.9133864641189575,1,0,val
1471,0.0015291935997083783,0,0,val
1472,0.000894690107088536,0,0,unlabeled
1473,0.0022347865160554647,0,0,unlabeled
1474,1.5759509324198007e-06,0,0,train
1475,1.1397972912163823e-06,0,0,train
1476,0.7481212019920349,0,0,unlabeled
1477,0.0005978559493087232,0,0,unlabeled
1478,0.0002814409672282636,0,0,unlabeled
1479,0.6212339997291565,0,0,val
1480,0.0002823052345775068,0,0,unlabeled
1481,0.00020236530690453947,0,0,unlabeled
1482,0.0007184168207459152,0,0,train
1483,8.717729542695452e-07,0,0,unlabeled
1484,6.268592187552713e-07,0,0,unlabeled
1485,0.4227461814880371,0,0,unlabeled
1486,0.00011650689702946693,0,0,unlabeled
1487,6.725302228005603e-05,0,0,unlabeled
1488,0.2754133939743042,0,0,unlabeled
1489,0.00012247612175997347,0,0,unlabeled
1490,6.448831845773384e-05,0,0,unlabeled
1491,0.00020770795526914299,0,0,unlabeled
1492,2.4061270664788026e-07,0,0,train
1493,1.8126876000224001e-07,0,0,val
1494,0.366213858127594,0,0,unlabeled
1495,0.00015913161041680723,0,0,unlabeled
1496,9.848942136159167e-05,0,0,val
1497,0.3368453085422516,0,0,train
1498,0.00029288404039107263,0,0,unlabeled
1499,0.0001253250811714679,0,0,unlabeled
1500,0.00040698781958781183,0,0,unlabeled
1501,6.135293233455741e-07,0,0,unlabeled
1502,4.5381511881714687e-07,0,0,unlabeled
1503,0.05175090953707695,0,0,unlabeled
1504,2.7631676857708953e-05,0,0,unlabeled
1505,1.3706677236768883e-05,0,0,unlabeled
1506,0.09360752254724503,0,0,unlabeled
1507,4.765823541674763e-05,0,0,train
1508,2.234430576208979e-05,0,0,unlabeled
1509,5.513005453394726e-05,0,0,unlabeled
1510,1.2456115427994519e-07,0,0,unlabeled
1511,8.29155766268741e-08,0,0,unlabeled
1512,0.9295589923858643,1,1,unlabeled
1513,0.0001803537452360615,0,0,unlabeled
1514,4.6271856263047084e-05,0,0,unlabeled
1515,0.983717679977417,1,1,unlabeled
1516,0.00027475287788547575,0,0,unlabeled
1517,0.0010644119465723634,0,0,unlabeled
1518,0.0005796189070679247,0,0,unlabeled
1519,8.079779689751376e-08,0,0,val
1520,1.1680286604587309e-07,0,0,unlabeled
1521,0.894315242767334,0,0,unlabeled
1522,5.5282569519476965e-05,0,0,train
1523,9.464321192353964e-05,0,0,unlabeled
1524,0.8622258901596069,0,0,unlabeled
1525,0.0005478517268784344,0,0,val
1526,0.00022777862614020705,0,0,unlabeled
1527,0.0003908323997166008,0,0,unlabeled
1528,1.215641134422185e-07,0,0,train
1529,5.43771339067689e-09,0,0,unlabeled
1530,0.6779955625534058,0,0,unlabeled
1531,0.00010815306450240314,0,0,unlabeled
1532,0.0002471249317750335,0,0,train
1533,0.5694166421890259,0,0,unlabeled
1534,0.00028064328944310546,0,0,train
1535,0.00034623246756382287,0,0,unlabeled
1536,0.0007193728815764189,0,0,unlabeled
1537,2.2058267745705962e-07,0,0,unlabeled
1538,1.2985023545297736e-07,0,0,unlabeled
1539,0.34734535217285156,0,0,train
1540,0.00015991437248885632,0,0,train
1541,4.4607721065403894e-05,0,0,unlabeled
1542,0.6590599417686462,0,0,unlabeled
1543,0.00010500486678211018,0,0,unlabeled
1544,1.1942902347072959e-05,0,0,train
1545,0.0001590825995663181,0,0,unlabeled
1546,1.0150501772443477e-08,0,0,unlabeled
1547,9.862327843279672e-09,0,0,train
1548,0.15581610798835754,0,0,unlabeled
1549,0.00014796043979004025,0,0,unlabeled
1550,4.134186383453198e-05,0,0,unlabeled
1551,0.5608251094818115,0,0,unlabeled
1552,0.00017690345703158528,0,0,unlabeled
1553,1.3598443729279097e-05,0,0,val
1554,5.099656482343562e-05,0,0,unlabeled
1555,3.790725244812165e-08,0,0,unlabeled
1556,2.3667476867217374e-08,0,0,train
1557,0.016188140958547592,0,0,unlabeled
1558,3.6192236620991025e-06,0,0,train
1559,5.483136646944331e-06,0,0,train
1560,0.15072815120220184,0,0,train
1561,6.6440161390346475e-06,0,0,unlabeled
1562,2.595997784737847e-06,0,0,unlabeled
1563,8.430353773292154e-06,0,0,unlabeled
1564,5.511421541370964e-09,0,0,unlabeled
1565,3.701605022499166e-09,0,0,unlabeled
1566,0.9966807961463928,1,1,unlabeled
1567,0.18300896883010864,0,0,unlabeled
1568,0.12683553993701935,0,0,unlabeled
1569,0.99587482213974,1,1,unlabeled
1570,0.16985628008842468,0,0,unlabeled
1571,0.08013718575239182,0,0,unlabeled
1572,0.29518431425094604,0,0,train
1573,8.558121044188738e-05,0,0,unlabeled
1574,5.058008900959976e-05,0,0,unlabeled
1575,0.9776230454444885,1,0,unlabeled
1576,0.02491762861609459,0,0,unlabeled
1577,0.008547312580049038,0,0,unlabeled
1578,0.985052227973938,1,0,unlabeled
1579,0.014853689819574356,0,0,unlabeled
1580,0.011934219859540462,0,0,unlabeled
1581,0.03303335979580879,0,0,train
1582,1.3487900105246808e-05,0,0,unlabeled
1583,8.168199201463722e-06,0,0,unlabeled
1584,0.9591366052627563,1,0,unlabeled
1585,0.01478971540927887,0,0,train
1586,0.004277664236724377,0,0,unlabeled
1587,0.9520056247711182,1,0,train
1588,0.006937850266695023,0,0,unlabeled
1589,0.0015390267362818122,0,0,unlabeled
1590,0.01593233458697796,0,0,unlabeled
1591,7.357028152910061e-06,0,0,train
1592,2.931668404926313e-06,0,0,unlabeled
1593,0.8742882013320923,0,0,unlabeled
1594,0.002208626363426447,0,0,unlabeled
1595,0.0007939322385936975,0,0,unlabeled
1596,0.8527498841285706,0,0,unlabeled
1597,0.001321387942880392,0,0,unlabeled
1598,0.0005072846543043852,0,0,train
1599,0.002400968922302127,0,0,unlabeled
1600,1.92390280062682e-06,0,0,val
1601,1.056797600540449e-06,0,0,unlabeled
1602,0.8163145780563354,0,0,unlabeled
1603,0.002367145149037242,0,0,unlabeled
1604,0.0008643853943794966,0,0,unlabeled
1605,0.8363282084465027,0,0,unlabeled
1606,0.0024698656052351,0,0,unlabeled
1607,0.0006730782333761454,0,0,train
1608,0.003207504516467452,0,0,unlabeled
1609,3.812703880612389e-06,0,0,unlabeled
1610,1.9870403775712475e-06,0,0,train
1611,0.24828259646892548,0,0,train
1612,0.000184968754183501,0,0,unlabeled
1613,6.126911466708407e-05,0,0,unlabeled
1614,0.4674329459667206,0,0,unlabeled
1615,0.0003445527981966734,0,0,unlabeled
1616,0.0001302482414757833,0,0,unlabeled
1617,0.00032990449108183384,0,0,train
1618,5.748703983954329e-07,0,0,unlabeled
1619,3.477613859104167e-07,0,0,train
1620,0.9906409382820129,1,1,unlabeled
1621,0.03188144043087959,0,0,unlabeled
1622,0.018051015213131905,0,0,train
1623,0.9905202388763428,1,1,val
1624,0.029778648167848587,0,0,val
1625,0.013567055575549603,0,0,unlabeled
1626,0.06192789599299431,0,0,train
1627,2.2245865693548694e-05,0,0,unlabeled
1628,9.596432391845156e-06,0,0,val
1629,0.8844046592712402,0,0,unlabeled
1630,0.0017965168226510286,0,0,unlabeled
1631,0.0007955157198011875,0,0,train
1632,0.84925377368927,0,0,unlabeled
1633,0.0015881124418228865,0,0,unlabeled
1634,0.000698758231010288,0,0,unlabeled
1635,0.002745390171185136,0,0,unlabeled
1636,1.8221644495497458e-06,0,0,unlabeled
1637,1.53924747792189e-06,0,0,unlabeled
1638,0.7568585276603699,0,0,unlabeled
1639,0.0009044649195857346,0,0,train
1640,0.0003294942725915462,0,0,unlabeled
1641,0.5273388624191284,0,0,train
1642,0.0003813166404142976,0,0,train
1643,0.00014674520934931934,0,0,train
1644,0.001053713378496468,0,0,unlabeled
1645,9.485611940363015e-07,0,0,unlabeled
1646,7.169170999077323e-07,0,0,train
1647,0.18706323206424713,0,0,unlabeled
1648,9.826503082877025e-05,0,0,unlabeled
1649,3.149884651065804e-05,0,0,unlabeled
1650,0.19813786447048187,0,0,unlabeled
1651,7.550222653662786e-05,0,0,unlabeled
1652,3.5110566386720166e-05,0,0,unlabeled
1653,9.400388080393896e-05,0,0,train
1654,2.1054633236872178e-07,0,0,unlabeled
1655,1.40960494832143e-07,0,0,unlabeled
1656,0.23353523015975952,0,0,unlabeled
1657,0.00019305976456962526,0,0,unlabeled
1658,6.500714516732842e-05,0,0,unlabeled
1659,0.3233104944229126,0,0,unlabeled
1660,0.00022124419047031552,0,0,train
1661,9.78830867097713e-05,0,0,unlabeled
1662,0.0003243452520109713,0,0,unlabeled
1663,7.215366508717125e-07,0,0,unlabeled
1664,4.249632468145137e-07,0,0,unlabeled
1665,0.018612602725625038,0,0,unlabeled
1666,1.8096652638632804e-05,0,0,unlabeled
1667,7.390106475213543e-06,0,0,unlabeled
1668,0.0244290791451931,0,0,unlabeled
1669,3.276504503446631e-05,0,0,unlabeled
1670,1.4658157851954456e-05,0,0,unlabeled
1671,3.275098788435571e-05,0,0,unlabeled
1672,1.0963011476405882e-07,0,0,unlabeled
1673,6.53214513590683e-08,0,0,unlabeled
1674,0.9841305613517761,1,1,unlabeled
1675,0.010958838276565075,0,0,unlabeled
1676,0.006034348625689745,0,0,unlabeled
1677,0.9708431363105774,1,1,unlabeled
1678,0.004642048850655556,0,0,unlabeled
1679,0.0027830838225781918,0,0,unlabeled
1680,0.015787791460752487,0,0,unlabeled
1681,4.8855249588086735e-06,0,0,unlabeled
1682,4.95512040288304e-06,0,0,unlabeled
1683,0.7221542000770569,0,0,unlabeled
1684,0.0004739015130326152,0,0,unlabeled
1685,0.00022034441644791514,0,0,unlabeled
1686,0.7050748467445374,0,0,unlabeled
1687,0.00045714856241829693,0,0,unlabeled
1688,0.000290000723907724,0,0,unlabeled
1689,0.0005860759993083775,0,0,unlabeled
1690,8.442941066277854e-07,0,0,unlabeled
1691,6.099566576267534e-07,0,0,unlabeled
1692,0.48018768429756165,0,0,unlabeled
1693,0.00023461582895834,0,0,unlabeled
1694,0.00010675972589524463,0,0,train
1695,0.33596155047416687,0,0,unlabeled
1696,0.00011387887934688479,0,0,unlabeled
1697,8.346276445081457e-05,0,0,unlabeled
1698,0.00022207792790140957,0,0,val
1699,5.108310006107786e-07,0,0,unlabeled
1700,3.7186228496466356e-07,0,0,unlabeled
1701,0.1021389439702034,0,0,unlabeled
1702,3.2769668905530125e-05,0,0,val
1703,2.0669889636337757e-05,0,0,unlabeled
1704,0.06828721612691879,0,0,train
1705,3.608238694141619e-05,0,0,unlabeled
1706,1.9979732314823195e-05,0,0,unlabeled
1707,5.2816867537330836e-05,0,0,train
1708,1.1708424096923409e-07,0,0,val
1709,8.438419030198929e-08,0,0,unlabeled
1710,0.12303666025400162,0,0,unlabeled
1711,6.250601290958002e-05,0,0,train
1712,3.886949707521126e-05,0,0,unlabeled
1713,0.11821531504392624,0,0,unlabeled
1714,0.00011237781291129068,0,0,unlabeled
1715,5.064495780970901e-05,0,0,unlabeled
1716,0.00012873345986008644,0,0,unlabeled
1717,3.672038246804732e-07,0,0,unlabeled
1718,2.5875863229885e-07,0,0,val
1719,0.01032339222729206,0,0,unlabeled
1720,1.011512449622387e-05,0,0,unlabeled
1721,5.703027454728726e-06,0,0,unlabeled
1722,0.019080374389886856,0,0,unlabeled
1723,1.7781349015422165e-05,0,0,unlabeled
1724,8.712570888746995e-06,0,0,train
1725,1.9018612874788232e-05,0,0,train
1726,6.5361085432869e-08,0,0,val
1727,4.320746782582319e-08,0,0,train
1728,0.9972499012947083,1,1,unlabeled
1729,0.09186191856861115,0,0,unlabeled
1730,0.05942673236131668,0,0,unlabeled
1731,0.9963662624359131,1,1,unlabeled
1732,0.08093392103910446,0,0,unlabeled
1733,0.06039741635322571,0,0,unlabeled
1734,0.11184865236282349,0,0,unlabeled
1735,3.1981628126231954e-05,0,0,unlabeled
1736,2.5833534891717136e-05,0,0,train
1737,0.9853138327598572,1,1,unlabeled
1738,0.014416315592825413,0,0,unlabeled
1739,0.005378026515245438,0,0,unlabeled
1740,0.9912391304969788,1,1,unlabeled
1741,0.015573256649076939,0,0,unlabeled
1742,0.010564581491053104,0,0,unlabeled
1743,0.02157190814614296,0,0,unlabeled
1744,8.242585863627028e-06,0,0,val
1745,6.6084771788155194e-06,0,0,unlabeled
1746,0.9764007329940796,1,1,unlabeled
1747,0.010430439375340939,0,0,unlabeled
1748,0.006256811320781708,0,0,unlabeled
1749,0.9688575267791748,1,1,train
1750,0.008604326285421848,0,0,unlabeled
1751,0.005253792740404606,0,0,unlabeled
1752,0.01721159741282463,0,0,val
1753,5.5454534049204085e-06,0,0,unlabeled
1754,4.048341907036956e-06,0,0,unlabeled
1755,0.9592081308364868,1,1,unlabeled
1756,0.001552822650410235,0,0,train
1757,0.001807487802579999,0,0,unlabeled
1758,0.9664074778556824,1,1,unlabeled
1759,0.0050099920481443405,0,0,unlabeled
1760,0.0029328844975680113,0,0,unlabeled
1761,0.011946522630751133,0,0,train
1762,1.7834441905506537e-06,0,0,unlabeled
1763,1.6829188780320692e-06,0,0,val
1764,0.8545090556144714,0,1,unlabeled
1765,0.0035190631169825792,0,0,unlabeled
1766,0.0009871413931250572,0,0,unlabeled
1767,0.933111310005188,1,1,unlabeled
1768,0.0029589140322059393,0,0,train
1769,0.002509861020371318,0,0,unlabeled
1770,0.009023621678352356,0,0,unlabeled
1771,3.897450369549915e-06,0,0,unlabeled
1772,2.9369575713644736e-06,0,0,unlabeled
1773,0.4846668541431427,0,1,unlabeled
1774,0.000495603249873966,0,0,unlabeled
1775,0.0001922111987369135,0,0,unlabeled
1776,0.887535810470581,0,1,train
1777,0.001057721208781004,0,0,unlabeled
1778,0.000587998132687062,0,0,train
1779,0.0018306063720956445,0,0,unlabeled
1780,9.843328143688268e-07,0,0,unlabeled
1781,6.050257752576726e-07,0,0,unlabeled
1782,0.9949394464492798,1,1,unlabeled
1783,0.027923790737986565,0,0,unlabeled
1784,0.011593043804168701,0,0,unlabeled
1785,0.9918517470359802,1,1,unlabeled
1786,0.04030953720211983,0,0,unlabeled
1787,0.019512169063091278,0,0,unlabeled
1788,0.03427999094128609,0,0,val
1789,1.3055009731033351e-05,0,0,train
1790,9.846025932347402e-06,0,0,unlabeled
1791,0.9365954995155334,1,1,unlabeled
1792,0.002535911975428462,0,0,unlabeled
1793,0.0014818621566519141,0,0,unlabeled
1794,0.9511190056800842,1,1,unlabeled
1795,0.0035480032674968243,0,0,unlabeled
1796,0.0033807936124503613,0,0,unlabeled
1797,0.008361264131963253,0,0,unlabeled
1798,2.73486080004659e-06,0,0,train
1799,1.4834864714430296e-06,0,0,unlabeled
1800,0.9191902875900269,1,1,unlabeled
1801,0.002005313290283084,0,0,unlabeled
1802,0.0011025838321074843,0,0,unlabeled
1803,0.8564868569374084,0,1,unlabeled
1804,0.0015832281205803156,0,0,unlabeled
1805,0.000627878587692976,0,0,train
1806,0.004792059306055307,0,0,unlabeled
1807,1.7373375840179506e-06,0,0,unlabeled
1808,1.3301123544806615e-06,0,0,unlabeled
1809,0.8170998692512512,0,1,unlabeled
1810,0.0005321725038811564,0,0,unlabeled
1811,0.0002934830554295331,0,0,unlabeled
1812,0.8221198320388794,0,1,unlabeled
1813,0.0005403303075581789,0,0,unlabeled
1814,0.00025727340835146606,0,0,train
1815,0.00114016595762223,0,0,unlabeled
1816,3.371666821294639e-07,0,0,unlabeled
1817,3.869463682804053e-07,0,0,val
1818,0.6895991563796997,0,0,unlabeled
1819,0.000475111446576193,0,0,unlabeled
1820,0.0002455880749039352,0,0,unlabeled
1821,0.7784566879272461,0,0,train
1822,0.0007169036543928087,0,0,train
1823,0.00031494107679463923,0,0,train
1824,0.0012839235132560134,0,0,unlabeled
1825,6.312776577033219e-07,0,0,unlabeled
1826,6.255854145820194e-07,0,0,unlabeled
1827,0.19412268698215485,0,0,unlabeled
1828,7.391077815555036e-05,0,0,unlabeled
1829,3.421607834752649e-05,0,0,unlabeled
1830,0.4928356111049652,0,0,unlabeled
1831,0.0001346640201518312,0,0,unlabeled
1832,8.133739902405068e-05,0,0,unlabeled
1833,0.00016217472148127854,0,0,unlabeled
1834,1.5361663940893777e-07,0,0,unlabeled
1835,1.1387830056719395e-07,0,0,train
1836,0.9285898804664612,1,1,val
1837,0.0041115847416222095,0,0,unlabeled
1838,0.0015527354553341866,0,0,unlabeled
1839,0.9516576528549194,1,1,unlabeled
1840,0.0023392855655401945,0,0,unlabeled
1841,0.0024684653617441654,0,0,unlabeled
1842,0.009129353798925877,0,0,train
1843,2.9112409265508177e-06,0,0,unlabeled
1844,2.4735068109293934e-06,0,0,unlabeled
1845,0.4999145269393921,0,0,unlabeled
1846,0.0001953264873009175,0,0,train
1847,0.00013248327013570815,0,0,unlabeled
1848,0.7025665044784546,0,0,unlabeled
1849,0.0003779635007958859,0,0,unlabeled
1850,0.00020809131092391908,0,0,unlabeled
1851,0.0006361321429722011,0,0,train
1852,4.9323489292874e-07,0,0,unlabeled
1853,3.0622621238762804e-07,0,0,unlabeled
1854,0.3914836347103119,0,0,unlabeled
1855,0.00013662470155395567,0,0,train
1856,7.107543206075206e-05,0,0,unlabeled
1857,0.35335850715637207,0,0,unlabeled
1858,0.00011119800910819322,0,0,unlabeled
1859,5.3866398957325146e-05,0,0,unlabeled
1860,0.0003136762243229896,0,0,unlabeled
1861,3.073476477766235e-07,0,0,unlabeled
1862,2.017529681097585e-07,0,0,unlabeled
1863,0.10038108378648758,0,0,unlabeled
1864,2.4861643396434374e-05,0,0,unlabeled
1865,1.1584098501771223e-05,0,0,unlabeled
1866,0.16964998841285706,0,0,unlabeled
1867,3.6350811569718644e-05,0,0,val
1868,2.0117853637202643e-05,0,0,unlabeled
1869,5.392236198531464e-05,0,0,unlabeled
1870,5.312015005642934e-08,0,0,unlabeled
1871,4.16460785856998e-08,0,0,unlabeled
1872,0.09566283226013184,0,0,train
1873,4.7521680244244635e-05,0,0,unlabeled
1874,2.1008985640946776e-05,0,0,val
1875,0.2426702231168747,0,0,unlabeled
1876,7.877648749854416e-05,0,0,val
1877,4.511892984737642e-05,0,0,unlabeled
1878,0.0001248838088940829,0,0,unlabeled
1879,1.631578214755791e-07,0,0,unlabeled
1880,1.1645373376723e-07,0,0,unlabeled
1881,0.00920721236616373,0,0,unlabeled
1882,5.7109568842861336e-06,0,0,unlabeled
1883,3.1034383027872536e-06,0,0,unlabeled
1884,0.03639098256826401,0,0,train
1885,1.4106329217611346e-05,0,0,unlabeled
1886,7.265446129167685e-06,0,0,train
1887,1.5205317140498664e-05,0,0,unlabeled
1888,2.746947025400459e-08,0,0,unlabeled
1889,1.9387590199926308e-08,0,0,unlabeled
1890,0.8683395385742188,0,1,unlabeled
1891,0.0004956902121193707,0,0,unlabeled
1892,0.0005074706277810037,0,0,unlabeled
1893,0.8554351925849915,0,1,unlabeled
1894,0.0005546969478018582,0,0,unlabeled
1895,0.0004107001004740596,0,0,train
1896,0.001872410299256444,0,0,train
1897,8.619609275228868e-07,0,0,unlabeled
1898,8.0788379364094e-07,0,0,unlabeled
1899,0.249775230884552,0,0,train
1900,6.100239625084214e-05,0,0,train
1901,3.546850348357111e-05,0,0,unlabeled
1902,0.4181932210922241,0,0,unlabeled
1903,0.00010158721124753356,0,0,train
1904,6.960913742659613e-05,0,0,unlabeled
1905,0.00012889879872091115,0,0,unlabeled
1906,1.5291692534447066e-07,0,0,unlabeled
1907,1.373314972852313e-07,0,0,unlabeled
1908,0.19206660985946655,0,0,unlabeled
1909,3.6389450542628765e-05,0,0,unlabeled
1910,2.5647637812653556e-05,0,0,unlabeled
1911,0.1839788854122162,0,0,unlabeled
1912,3.733335324795917e-05,0,0,unlabeled
1913,2.6526691726758145e-05,0,0,unlabeled
1914,8.132342918543145e-05,0,0,unlabeled
1915,1.0608017930735514e-07,0,0,unlabeled
1916,8.97773517749556e-08,0,0,unlabeled
1917,0.04411540925502777,0,0,unlabeled
1918,9.22825620364165e-06,0,0,unlabeled
1919,6.465854767156998e-06,0,0,unlabeled
1920,0.061729684472084045,0,0,unlabeled
1921,1.3930731256550644e-05,0,0,unlabeled
1922,9.44298881222494e-06,0,0,train
1923,2.0097890228498727e-05,0,0,unlabeled
1924,2.7836405180892143e-08,0,0,train
1925,2.3839502816258573e-08,0,0,val
1926,0.040137242525815964,0,0,unlabeled
1927,1.5006678040663246e-05,0,0,unlabeled
1928,1.0286942597304005e-05,0,0,unlabeled
1929,0.09432098269462585,0,0,unlabeled
1930,2.9784190701320767e-05,0,0,unlabeled
1931,1.7693997506285086e-05,0,0,unlabeled
1932,4.1569892346160486e-05,0,0,unlabeled
1933,7.123692569166451e-08,0,0,unlabeled
1934,6.117019779594557e-08,0,0,unlabeled
1935,0.0039572748355567455,0,0,unlabeled
1936,3.050831764994655e-06,0,0,unlabeled
1937,1.9507103843352525e-06,0,0,unlabeled
1938,0.01583441160619259,0,0,unlabeled
1939,6.285434665187495e-06,0,0,train
1940,3.893052507919492e-06,0,0,unlabeled
1941,7.266353350132704e-06,0,0,unlabeled
1942,1.5256786056738747e-08,0,0,train
1943,1.13295364201349e-08,0,0,unlabeled
1944,0.9969668984413147,1,1,unlabeled
1945,0.09625395387411118,0,0,unlabeled
1946,0.0614832267165184,0,0,unlabeled
1947,0.9971240162849426,1,1,unlabeled
1948,0.07064246386289597,0,0,unlabeled
1949,0.07216903567314148,0,0,val
1950,0.14912399649620056,0,0,unlabeled
1951,6.954650598345324e-05,0,0,train
1952,4.688469198299572e-05,0,0,unlabeled
1953,0.9899452328681946,1,1,unlabeled
1954,0.020084332674741745,0,0,val
1955,0.010788637213408947,0,0,unlabeled
1956,0.9955920577049255,1,1,train
1957,0.025635065510869026,0,0,unlabeled
1958,0.02528102695941925,0,0,unlabeled
1959,0.07353980094194412,0,0,unlabeled
1960,1.6686934031895362e-05,0,0,unlabeled
1961,7.455607374140527e-06,0,0,unlabeled
1962,0.968454897403717,1,1,unlabeled
1963,0.011708459816873074,0,0,unlabeled
1964,0.007542031351476908,0,0,train
1965,0.9812402129173279,1,1,train
1966,0.0081425616517663,0,0,unlabeled
1967,0.005664104130119085,0,0,train
1968,0.024441713467240334,0,0,unlabeled
1969,7.529426056862576e-06,0,0,train
1970,5.32449894308229e-06,0,0,unlabeled
1971,0.9767703413963318,1,1,unlabeled
1972,0.006858264096081257,0,0,unlabeled
1973,0.003269899170845747,0,0,unlabeled
1974,0.9784361720085144,1,1,unlabeled
1975,0.005820041988044977,0,0,unlabeled
1976,0.0026541308034211397,0,0,unlabeled
1977,0.015604741871356964,0,0,unlabeled
1978,2.001750090130372e-06,0,0,unlabeled
1979,2.2259287106862757e-06,0,0,unlabeled
1980,0.8654479384422302,0,0,unlabeled
1981,0.002126660430803895,0,0,unlabeled
1982,0.00098370760679245,0,0,unlabeled
1983,0.927057147026062,1,0,unlabeled
1984,0.003147828159853816,0,0,unlabeled
1985,0.0013017444871366024,0,0,unlabeled
1986,0.006876788567751646,0,0,unlabeled
1987,3.7459769828274148e-06,0,0,unlabeled
1988,2.1160183223400963e-06,0,0,unlabeled
1989,0.596279501914978,0,0,train
1990,0.00046861942973919213,0,0,unlabeled
1991,0.0002004531561397016,0,0,unlabeled
1992,0.8849796652793884,0,0,unlabeled
1993,0.001205017906613648,0,0,unlabeled
1994,0.00043361575808376074,0,0,unlabeled
1995,0.0013529917923733592,0,0,unlabeled
1996,7.507245527449413e-07,0,0,unlabeled
1997,5.663876549988345e-07,0,0,unlabeled
1998,0.9966879487037659,1,1,train
1999,0.08599892258644104,0,0,unlabeled
2000,0.032913196831941605,0,0,unlabeled
2001,0.9971293807029724,1,1,unlabeled
2002,0.06679081916809082,0,0,unlabeled
2003,0.04009610041975975,0,0,unlabeled
2004,0.13975490629673004,0,0,unlabeled
2005,2.5657249352661893e-05,0,0,train
2006,1.6426054571638815e-05,0,0,unlabeled
2007,0.9802443981170654,1,1,train
2008,0.007548030465841293,0,0,unlabeled
2009,0.0035098835360258818,0,0,unlabeled
2010,0.9858387112617493,1,1,unlabeled
2011,0.007557219825685024,0,0,unlabeled
2012,0.004501635208725929,0,0,train
2013,0.01719098724424839,0,0,unlabeled
2014,4.1228722693631425e-06,0,0,unlabeled
2015,2.6091374820680358e-06,0,0,unlabeled
2016,0.9756775498390198,1,1,val
2017,0.005553584545850754,0,0,unlabeled
2018,0.0027728043496608734,0,0,unlabeled
2019,0.9600445628166199,1,1,unlabeled
2020,0.002948814071714878,0,0,unlabeled
2021,0.001007889281027019,0,0,val
2022,0.010597729124128819,0,0,unlabeled
2023,2.533872248022817e-06,0,0,unlabeled
2024,1.513164193056582e-06,0,0,unlabeled
2025,0.9138012528419495,1,1,unlabeled
2026,0.0010183461708948016,0,0,unlabeled
2027,0.0004528583958745003,0,0,unlabeled
2028,0.9348167181015015,1,1,train
2029,0.001000919146463275,0,0,unlabeled
2030,0.0004846510710194707,0,0,unlabeled
2031,0.0017368566477671266,0,0,unlabeled
2032,5.509663765224104e-07,0,0,unlabeled
2033,3.598604223498114e-07,0,0,unlabeled
2034,0.7320971488952637,0,0,unlabeled
2035,0.0006380094564519823,0,0,unlabeled
2036,0.00027535311528481543,0,0,train
2037,0.8733567595481873,0,0,unlabeled
2038,0.0011193813988938928,0,0,unlabeled
2039,0.00047181101399473846,0,0,unlabeled
2040,0.0015121849719434977,0,0,unlabeled
2041,8.435334848400089e-07,0,0,unlabeled
2042,5.104136562295025e-07,0,0,unlabeled
2043,0.32624807953834534,0,0,unlabeled
2044,0.00010678456601453945,0,0,unlabeled
2045,3.939398084185086e-05,0,0,unlabeled
2046,0.5716755986213684,0,0,unlabeled
2047,0.00020851855515502393,0,0,unlabeled
2048,7.203631685115397e-05,0,0,unlabeled
2049,0.0001940417569130659,0,0,unlabeled
2050,1.5232774330797838e-07,0,0,unlabeled
2051,1.1591976090130629e-07,0,0,unlabeled
2052,0.9753597378730774,1,1,unlabeled
2053,0.003558213822543621,0,0,unlabeled
2054,0.00263389409519732,0,0,unlabeled
2055,0.9713996052742004,1,1,unlabeled
2056,0.0034540421329438686,0,0,unlabeled
2057,0.001898249494843185,0,0,train
2058,0.013117598369717598,0,0,unlabeled
2059,3.243098944949452e-06,0,0,unlabeled
2060,2.1060386643512174e-06,0,0,unlabeled
2061,0.6563782095909119,0,0,unlabeled
2062,0.00034281887928955257,0,0,unlabeled
2063,0.00013871598639525473,0,0,unlabeled
2064,0.7935709357261658,0,0,unlabeled
2065,0.000555643520783633,0,0,unlabeled
2066,0.00021903295419178903,0,0,unlabeled
2067,0.0006788794999010861,0,0,unlabeled
2068,3.9309759358729934e-07,0,0,unlabeled
2069,2.851664930858533e-07,0,0,unlabeled
2070,0.5597424507141113,0,0,train
2071,0.0002145646431017667,0,0,train
2072,9.555395081406459e-05,0,0,unlabeled
2073,0.5325320363044739,0,0,unlabeled
2074,0.0001735335390549153,0,0,unlabeled
2075,6.793381908209994e-05,0,0,unlabeled
2076,0.00037601636722683907,0,0,unlabeled
2077,2.7520135859049333e-07,0,0,unlabeled
2078,2.1219663892679819e-07,0,0,val
2079,0.18909448385238647,0,0,train
2080,4.1666575270937756e-05,0,0,unlabeled
2081,1.6098783817142248e-05,0,0,unlabeled
2082,0.21787962317466736,0,0,unlabeled
2083,4.5736505853710696e-05,0,0,unlabeled
2084,2.3523864001617767e-05,0,0,unlabeled
2085,5.4920423281146213e-05,0,0,unlabeled
2086,7.28131297478285e-08,0,0,unlabeled
2087,5.702461081114052e-08,0,0,unlabeled
2088,0.12189773470163345,0,0,unlabeled
2089,4.703363447333686e-05,0,0,unlabeled
2090,1.960580084414687e-05,0,0,unlabeled
2091,0.24694202840328217,0,0,unlabeled
2092,7.859084871597588e-05,0,0,unlabeled
2093,4.188053935649805e-05,0,0,unlabeled
2094,0.00010955808829749003,0,0,unlabeled
2095,1.7407725749762903e-07,0,0,unlabeled
2096,1.249442505013576e-07,0,0,unlabeled
2097,0.010764501988887787,0,0,train
2098,6.3590337049390655e-06,0,0,unlabeled
2099,2.8729371024383e-06,0,0,unlabeled
2100,0.025685207918286324,0,0,unlabeled
2101,1.3987294551043306e-05,0,0,unlabeled
2102,6.244937594601652e-06,0,0,unlabeled
2103,1.3591313290817197e-05,0,0,unlabeled
2104,3.040610607740746e-08,0,0,unlabeled
2105,2.024378709108987e-08,0,0,unlabeled
2106,0.9000837802886963,1,1,unlabeled
2107,0.0010728953639045358,0,0,unlabeled
2108,0.000610462564509362,0,0,unlabeled
2109,0.9212372899055481,1,1,unlabeled
2110,0.0010979588842019439,0,0,val
2111,0.0006059599108994007,0,0,train
2112,0.0021924127358943224,0,0,unlabeled
2113,8.498267902723455e-07,0,0,val
2114,7.953481713229849e-07,0,0,unlabeled
2115,0.40223637223243713,0,0,unlabeled
2116,0.00010870725964196026,0,0,unlabeled
2117,4.6386376197915524e-05,0,0,train
2118,0.5317582488059998,0,0,unlabeled
2119,0.0001456150785088539,0,0,unlabeled
2120,8.917160448618233e-05,0,0,unlabeled
2121,0.00016243224672507495,0,0,val
2122,1.8181637528869032e-07,0,0,unlabeled
2123,1.3540611121243273e-07,0,0,unlabeled
2124,0.2772866189479828,0,0,unlabeled
2125,6.228657002793625e-05,0,0,unlabeled
2126,3.156400998705067e-05,0,0,train
2127,0.21872811019420624,0,0,unlabeled
2128,4.300855289329775e-05,0,0,unlabeled
2129,2.6280111342202872e-05,0,0,train
2130,8.358462218893692e-05,0,0,train
2131,1.2395724979796796e-07,0,0,train
2132,9.5559464341477e-08,0,0,unlabeled
2133,0.07048726826906204,0,0,unlabeled
2134,1.3334945833776146e-05,0,0,unlabeled
2135,8.182966666936409e-06,0,0,unlabeled
2136,0.07158155739307404,0,0,unlabeled
2137,1.7154608940472826e-05,0,0,unlabeled
2138,8.524815712007694e-06,0,0,unlabeled
2139,2.3551338017568924e-05,0,0,unlabeled
2140,3.2654853043823096e-08,0,0,train
2141,3.054235264698946e-08,0,0,val
2142,0.03347402438521385,0,0,unlabeled
2143,1.30563175844145e-05,0,0,unlabeled
2144,8.34574439068092e-06,0,0,unlabeled
2145,0.0630352571606636,0,0,unlabeled
2146,2.606411544547882e-05,0,0,unlabeled
2147,1.349296962871449e-05,0,0,val
2148,3.34657852363307e-05,0,0,unlabeled
2149,7.182756434076509e-08,0,0,unlabeled
2150,5.7189300406434995e-08,0,0,unlabeled
2151,0.00323985842987895,0,0,unlabeled
2152,2.5179158456012374e-06,0,0,unlabeled
2153,1.4342070926431916e-06,0,0,unlabeled
2154,0.011113148182630539,0,0,train
2155,5.664132004312705e-06,0,0,unlabeled
2156,3.2410985113529023e-06,0,0,unlabeled
2157,5.5679111028439365e-06,0,0,train
2158,1.4582388629946763e-08,0,0,unlabeled
2159,1.0197735988981549e-08,0,0,train
2160,0.9953535795211792,1,1,train
2161,0.060670528560876846,0,0,train
2162,0.030005168169736862,0,0,unlabeled
2163,0.994948148727417,1,1,unlabeled
2164,0.02732091024518013,0,0,unlabeled
2165,0.020696250721812248,0,0,unlabeled
2166,0.09049931168556213,0,0,unlabeled
2167,1.61652424139902e-05,0,0,val
2168,1.2818010873161256e-05,0,0,unlabeled
2169,0.9861519932746887,1,1,train
2170,0.008463187143206596,0,0,unlabeled
2171,0.005621857009828091,0,0,unlabeled
2172,0.9844847917556763,1,1,unlabeled
2173,0.005866356194019318,0,0,unlabeled
2174,0.00443678442388773,0,0,unlabeled
2175,0.01712583750486374,0,0,unlabeled
2176,4.0924037421063986e-06,0,0,unlabeled
2177,2.289890517204185e-06,0,0,unlabeled
2178,0.9021540284156799,1,1,val
2179,0.0018784060375764966,0,0,unlabeled
2180,0.0010254478547722101,0,0,unlabeled
2181,0.8385850787162781,0,1,unlabeled
2182,0.0006592764984816313,0,0,unlabeled
2183,0.0004060186620336026,0,0,unlabeled
2184,0.0028475106228142977,0,0,train
2185,1.3274955108499853e-06,0,0,unlabeled
2186,9.098800433093857e-07,0,0,unlabeled
2187,0.871669590473175,0,1,unlabeled
2188,0.0006107614026404917,0,0,unlabeled
2189,0.000352455914253369,0,0,unlabeled
2190,0.8374342322349548,0,1,unlabeled
2191,0.00046541710617020726,0,0,unlabeled
2192,0.0002969687047880143,0,0,unlabeled
2193,0.0011877730721607804,0,0,train
2194,4.0544438206779887e-07,0,0,unlabeled
2195,3.822042344836518e-07,0,0,unlabeled
2196,0.664580225944519,0,0,val
2197,0.00043690294842235744,0,0,unlabeled
2198,0.00023154000518843532,0,0,unlabeled
2199,0.7467439770698547,0,0,unlabeled
2200,0.0005553335649892688,0,0,unlabeled
2201,0.0002445809368509799,0,0,unlabeled
2202,0.0010814201086759567,0,0,unlabeled
2203,7.642401556040568e-07,0,0,train
2204,5.575348609454522e-07,0,0,train
2205,0.31361904740333557,0,0,train
2206,0.00013216152729000896,0,0,unlabeled
2207,6.544959614984691e-05,0,0,unlabeled
2208,0.5744315385818481,0,0,unlabeled
2209,0.00018852888024412096,0,0,unlabeled
2210,8.116855315165594e-05,0,0,unlabeled
2211,0.00027817784575745463,0,0,unlabeled
2212,2.1884670786675997e-07,0,0,unlabeled
2213,1.617583222923713e-07,0,0,unlabeled
2214,0.9927733540534973,1,1,unlabeled
2215,0.012446493841707706,0,0,unlabeled
2216,0.007346410769969225,0,0,unlabeled
2217,0.9846305251121521,1,1,unlabeled
2218,0.004824817180633545,0,0,unlabeled
2219,0.003338624956086278,0,0,unlabeled
2220,0.02103673294186592,0,0,train
2221,3.7572431210719515e-06,0,0,unlabeled
2222,2.766090574368718e-06,0,0,train
2223,0.9096748232841492,1,0,unlabeled
2224,0.000901938125025481,0,0,unlabeled
2225,0.0005237637087702751,0,0,val
2226,0.9092437028884888,1,0,unlabeled
2227,0.0008150307694450021,0,0,unlabeled
2228,0.0005350670544430614,0,0,unlabeled
2229,0.0015332696493715048,0,0,unlabeled
2230,5.424414553090173e-07,0,0,unlabeled
2231,3.838132158762164e-07,0,0,unlabeled
2232,0.8041614890098572,0,0,train
2233,0.0003651387814898044,0,0,unlabeled
2234,0.00021177162125241011,0,0,unlabeled
2235,0.6537321209907532,0,0,unlabeled
2236,0.00020508353190962225,0,0,unlabeled
2237,8.395768236368895e-05,0,0,unlabeled
2238,0.0006322586559690535,0,0,unlabeled
2239,3.1293555480260693e-07,0,0,unlabeled
2240,1.9701077746958617e-07,0,0,train
2241,0.5250585675239563,0,0,train
2242,9.33117262320593e-05,0,0,unlabeled
2243,5.440577297122218e-05,0,0,train
2244,0.46495476365089417,0,0,unlabeled
2245,7.948124402901158e-05,0,0,unlabeled
2246,4.3806292524095625e-05,0,0,unlabeled
2247,0.00014553470828104764,0,0,unlabeled
2248,9.254294752736314e-08,0,0,unlabeled
2249,6.774462946168569e-08,0,0,unlabeled
2250,0.32975709438323975,0,0,unlabeled
2251,9.264507389161736e-05,0,0,unlabeled
2252,4.8842968681128696e-05,0,0,unlabeled
2253,0.3905230164527893,0,0,unlabeled
2254,0.00011364847159711644,0,0,unlabeled
2255,5.835583942825906e-05,0,0,train
2256,0.00016726998728699982,0,0,unlabeled
2257,1.669965712380872e-07,0,0,unlabeled
2258,1.2828836304379365e-07,0,0,unlabeled
2259,0.0573607012629509,0,0,unlabeled
2260,1.474717919336399e-05,0,0,unlabeled
2261,6.81729534335318e-06,0,0,val
2262,0.10269096493721008,0,0,unlabeled
2263,2.4233268050011247e-05,0,0,unlabeled
2264,1.3208330528868828e-05,0,0,unlabeled
2265,2.9440599973895587e-05,0,0,unlabeled
2266,3.692242955821712e-08,0,0,unlabeled
2267,2.716363489696505e-08,0,0,unlabeled
2268,0.9400041103363037,1,1,unlabeled
2269,0.0011852115858346224,0,0,unlabeled
2270,0.0007316584815271199,0,0,unlabeled
2271,0.9093210697174072,1,1,unlabeled
2272,0.0007344122277572751,0,0,unlabeled
2273,0.000501293980050832,0,0,train
2274,0.002427379135042429,0,0,unlabeled
2275,7.437020030920394e-07,0,0,train
2276,5.685312771674944e-07,0,0,val
2277,0.44208821654319763,0,0,unlabeled
2278,0.00010064487287309021,0,0,unlabeled
2279,5.6050535931717604e-05,0,0,unlabeled
2280,0.435634583234787,0,0,unlabeled
2281,9.408190817339346e-05,0,0,unlabeled
2282,4.897902545053512e-05,0,0,unlabeled
2283,0.00014683089102618396,0,0,unlabeled
2284,1.09151059746182e-07,0,0,unlabeled
2285,8.455690903019786e-08,0,0,unlabeled
2286,0.19149157404899597,0,0,unlabeled
2287,3.3602016628719866e-05,0,0,unlabeled
2288,1.9985851395176724e-05,0,0,unlabeled
2289,0.09574193507432938,0,0,unlabeled
2290,1.9107439584331587e-05,0,0,train
2291,8.946092748374213e-06,0,0,unlabeled
2292,4.966473352396861e-05,0,0,unlabeled
2293,5.2916885096010446e-08,0,0,unlabeled
2294,4.424458310836599e-08,0,0,unlabeled
2295,0.03405163064599037,0,0,unlabeled
2296,6.8818922045466024e-06,0,0,unlabeled
2297,3.221843826395343e-06,0,0,val
2298,0.027509355917572975,0,0,unlabeled
2299,5.4613174143014476e-06,0,0,unlabeled
2300,3.5581656447902787e-06,0,0,unlabeled
2301,8.467885891150218e-06,0,0,unlabeled
2302,1.4828846595094092e-08,0,0,unlabeled
2303,1.1647378173051948e-08,0,0,unlabeled
2304,0.0284159854054451,0,0,unlabeled
2305,1.0971564734063577e-05,0,0,unlabeled
2306,5.1188230827392545e-06,0,0,unlabeled
2307,0.03777281567454338,0,0,train
2308,1.133473233494442e-05,0,0,unlabeled
2309,7.529225058533484e-06,0,0,unlabeled
2310,2.2311729480861686e-05,0,0,unlabeled
2311,3.8928511969515966e-08,0,0,unlabeled
2312,2.9982071936274224e-08,0,0,train
2313,0.001955633517354727,0,0,unlabeled
2314,1.489551209488127e-06,0,0,unlabeled
2315,8.020709287848149e-07,0,0,train
2316,0.0027110374066978693,0,0,train
2317,2.485692220943747e-06,0,0,unlabeled
2318,1.4452407413045876e-06,0,0,unlabeled
2319,3.085010348513606e-06,0,0,unlabeled
2320,6.942455943459436e-09,0,0,unlabeled
2321,5.367232436270797e-09,0,0,unlabeled
2322,0.8021190762519836,0,1,unlabeled
2323,0.0003070218663197011,0,0,unlabeled
2324,0.0002164806646760553,0,0,unlabeled
2325,0.7277694344520569,0,1,unlabeled
2326,0.00019913032883778214,0,0,unlabeled
2327,0.00013085361570119858,0,0,unlabeled
2328,0.0005315631278790534,0,0,unlabeled
2329,2.65948187916365e-07,0,0,unlabeled
2330,2.639905574142176e-07,0,0,unlabeled
2331,0.19272874295711517,0,0,unlabeled
2332,3.190127245034091e-05,0,0,train
2333,1.7118931282311678e-05,0,0,unlabeled
2334,0.19464047253131866,0,0,val
2335,2.715783557505347e-05,0,0,train
2336,2.176570524170529e-05,0,0,unlabeled
2337,3.880090662278235e-05,0,0,unlabeled
2338,5.1256723310189045e-08,0,0,unlabeled
2339,4.243475615339776e-08,0,0,unlabeled
2340,0.06079789996147156,0,0,val
2341,1.1361409633536823e-05,0,0,unlabeled
2342,6.579481123480946e-06,0,0,unlabeled
2343,0.028356635943055153,0,0,unlabeled
2344,5.641381903842557e-06,0,0,train
2345,4.690153218689375e-06,0,0,unlabeled
2346,1.2285374396014959e-05,0,0,unlabeled
2347,2.8182373768004254e-08,0,0,train
2348,2.2707453695147706e-08,0,0,unlabeled
2349,0.01230210717767477,0,0,unlabeled
2350,2.3160500859376043e-06,0,0,unlabeled
2351,2.1513276351470267e-06,0,0,unlabeled
2352,0.006585780531167984,0,0,unlabeled
2353,2.9443472158163786e-06,0,0,unlabeled
2354,2.062462044705171e-06,0,0,unlabeled
2355,4.802109742740868e-06,0,0,unlabeled
2356,7.966567849848616e-09,0,0,unlabeled
2357,7.015159564360829e-09,0,0,train
2358,0.00896052923053503,0,0,val
2359,3.405392135391594e-06,0,0,unlabeled
2360,2.9972750326123787e-06,0,0,unlabeled
2361,0.008208858780562878,0,0,unlabeled
2362,5.791957846668083e-06,0,0,unlabeled
2363,3.505387894620071e-06,0,0,unlabeled
2364,8.396157682000194e-06,0,0,train
2365,1.8498425902180315e-08,0,0,unlabeled
2366,1.578898789489358e-08,0,0,unlabeled
2367,0.000895296165253967,0,0,unlabeled
2368,7.871586262808705e-07,0,0,unlabeled
2369,5.368002575778519e-07,0,0,unlabeled
2370,0.001765530789270997,0,0,unlabeled
2371,1.2931603805554914e-06,0,0,unlabeled
2372,8.634492587589193e-07,0,0,unlabeled
2373,1.5882445723036653e-06,0,0,train
2374,3.81092801760019e-09,0,0,train
2375,3.1126912158896403e-09,0,0,unlabeled
2376,0.9878204464912415,1,1,unlabeled
2377,0.010323947295546532,0,0,unlabeled
2378,0.007345794700086117,0,0,unlabeled
2379,0.9784255623817444,1,1,train
2380,0.004212386440485716,0,0,unlabeled
2381,0.002960423706099391,0,0,train
2382,0.016263578087091446,0,0,unlabeled
2383,4.79066102343495e-06,0,0,unlabeled
2384,3.836989890260156e-06,0,0,unlabeled
2385,0.9044098854064941,1,0,unlabeled
2386,0.0009307061554864049,0,0,unlabeled
2387,0.000619735277723521,0,0,unlabeled
2388,0.9099584221839905,1,0,unlabeled
2389,0.0009028349304571748,0,0,unlabeled
2390,0.0006775835063308477,0,0,unlabeled
2391,0.0016748672351241112,0,0,unlabeled
2392,9.519450827610854e-07,0,0,unlabeled
2393,7.928913987598207e-07,0,0,train
2394,0.6712416410446167,0,0,unlabeled
2395,0.00036225197254680097,0,0,unlabeled
2396,0.0002018270897679031,0,0,unlabeled
2397,0.5742942690849304,0,0,unlabeled
2398,0.00020390041754581034,0,0,unlabeled
2399,0.0001352509716525674,0,0,unlabeled
2400,0.00044734225957654417,0,0,unlabeled
2401,4.5619211164193985e-07,0,0,unlabeled
2402,3.3824335332610644e-07,0,0,train
2403,0.47796523571014404,0,0,unlabeled
2404,0.00011302046186756343,0,0,unlabeled
2405,6.75555202178657e-05,0,0,unlabeled
2406,0.4323084354400635,0,0,unlabeled
2407,9.95224472717382e-05,0,0,train
2408,5.648198566632345e-05,0,0,train
2409,0.0001706183102214709,0,0,unlabeled
2410,1.546943906305387e-07,0,0,train
2411,1.2531047843822307e-07,0,0,unlabeled
2412,0.2817649841308594,0,0,unlabeled
2413,0.00013434402353595942,0,0,val
2414,6.875475082779303e-05,0,0,unlabeled
2415,0.3754946291446686,0,0,unlabeled
2416,0.00016190478345379233,0,0,unlabeled
2417,6.970419053686783e-05,0,0,unlabeled
2418,0.00022049155086278915,0,0,unlabeled
2419,3.674777531159634e-07,0,0,train
2420,2.687027915726503e-07,0,0,unlabeled
2421,0.053506288677453995,0,0,unlabeled
2422,2.424265221634414e-05,0,0,unlabeled
2423,1.4016991372045595e-05,0,0,train
2424,0.14340908825397491,0,0,train
2425,4.215175795252435e-05,0,0,unlabeled
2426,1.9636263459688053e-05,0,0,unlabeled
2427,4.9162325012730435e-05,0,0,unlabeled
2428,8.990346600512567e-08,0,0,train
2429,6.227894289168034e-08,0,0,unlabeled
2430,0.9778000116348267,1,1,unlabeled
2431,0.00321075483225286,0,0,train
2432,0.001908889040350914,0,0,train
2433,0.9637925028800964,1,1,unlabeled
2434,0.0018354554194957018,0,0,unlabeled
2435,0.0012307021534070373,0,0,unlabeled
2436,0.004786943085491657,0,0,unlabeled
2437,1.434839077774086e-06,0,0,unlabeled
2438,1.0695841865526745e-06,0,0,unlabeled
2439,0.7341783046722412,0,0,unlabeled
2440,0.0002664839557837695,0,0,unlabeled
2441,0.00015962505131028593,0,0,unlabeled
2442,0.7147699594497681,0,0,unlabeled
2443,0.0002863376575987786,0,0,unlabeled
2444,0.0001703751040622592,0,0,train
2445,0.00039637376903556287,0,0,unlabeled
2446,2.7714798989109113e-07,0,0,train
2447,1.9367175241313817e-07,0,0,unlabeled
2448,0.5061761140823364,0,0,train
2449,0.00012005517055513337,0,0,unlabeled
2450,6.678202043985948e-05,0,0,unlabeled
2451,0.323524534702301,0,0,unlabeled
2452,7.003774226177484e-05,0,0,unlabeled
2453,3.523218765622005e-05,0,0,unlabeled
2454,0.00015398924006149173,0,0,unlabeled
2455,1.5932464236811938e-07,0,0,unlabeled
2456,1.0908510006402139e-07,0,0,unlabeled
2457,0.15126265585422516,0,0,unlabeled
2458,2.634447446325794e-05,0,0,train
2459,1.4256203030527104e-05,0,0,unlabeled
2460,0.1394672691822052,0,0,unlabeled
2461,2.2666903532808647e-05,0,0,train
2462,1.2243408491485752e-05,0,0,unlabeled
2463,3.322721750009805e-05,0,0,unlabeled
2464,3.990203367720824e-08,0,0,train
2465,3.045398599965665e-08,0,0,train
2466,0.1015632376074791,0,0,unlabeled
2467,3.600460331654176e-05,0,0,unlabeled
2468,1.8960608940687962e-05,0,0,unlabeled
2469,0.1277524083852768,0,0,unlabeled
2470,4.398482633405365e-05,0,0,unlabeled
2471,2.1766660211142153e-05,0,0,unlabeled
2472,5.1674134738277644e-05,0,0,unlabeled
2473,9.609500040141938e-08,0,0,unlabeled
2474,6.936291185866139e-08,0,0,unlabeled
2475,0.00943215936422348,0,0,unlabeled
2476,4.970270310877822e-06,0,0,unlabeled
2477,2.7095074983662926e-06,0,0,unlabeled
2478,0.019471099600195885,0,0,unlabeled
2479,8.382428859476931e-06,0,0,unlabeled
2480,4.572837497107685e-06,0,0,unlabeled
2481,8.848413926898502e-06,0,0,unlabeled
2482,1.853798536899376e-08,0,0,train
2483,1.3866419124042295e-08,0,0,unlabeled
2484,0.8281367421150208,0,1,unlabeled
2485,0.00044410148984752595,0,0,train
2486,0.00027002644492313266,0,0,unlabeled
2487,0.7674931883811951,0,1,unlabeled
2488,0.0002923857537098229,0,0,unlabeled
2489,0.00019970303401350975,0,0,unlabeled
2490,0.0007141086389310658,0,0,unlabeled
2491,4.566064717437257e-07,0,0,unlabeled
2492,3.54716405581712e-07,0,0,unlabeled
2493,0.16361355781555176,0,0,unlabeled
2494,3.419370113988407e-05,0,0,unlabeled
2495,1.9579716536100022e-05,0,0,unlabeled
2496,0.16486868262290955,0,0,unlabeled
2497,3.854878377751447e-05,0,0,train
2498,2.0404335373314098e-05,0,0,unlabeled
2499,5.023231642553583e-05,0,0,train
2500,6.333925739454571e-08,0,0,train
2501,5.073247422160421e-08,0,0,unlabeled
2502,0.05401807278394699,0,0,unlabeled
2503,1.530549707240425e-05,0,0,unlabeled
2504,8.541049282939639e-06,0,0,train
2505,0.029331931844353676,0,0,unlabeled
2506,9.232983757101465e-06,0,0,train
2507,4.935656761517748e-06,0,0,unlabeled
2508,1.8780739992507733e-05,0,0,unlabeled
2509,3.4356784084366154e-08,0,0,unlabeled
2510,2.871033011331292e-08,0,0,unlabeled
2511,0.006058563943952322,0,0,unlabeled
2512,2.663194891283638e-06,0,0,train
2513,1.4016694649399142e-06,0,0,unlabeled
2514,0.005940776318311691,0,0,train
2515,2.44335660681827e-06,0,0,train
2516,1.6401322682213504e-06,0,0,train
2517,3.193224529240979e-06,0,0,unlabeled
2518,8.056877831563725e-09,0,0,unlabeled
2519,6.380813211137593e-09,0,0,train
2520,0.00729033350944519,0,0,unlabeled
2521,5.701243480871199e-06,0,0,train
2522,2.887814389396226e-06,0,0,unlabeled
2523,0.010552315972745419,0,0,unlabeled
2524,6.397794095391873e-06,0,0,train
2525,4.085789441887755e-06,0,0,unlabeled
2526,9.76026876742253e-06,0,0,unlabeled
2527,2.783528785244016e-08,0,0,unlabeled
2528,2.0404897327352955e-08,0,0,unlabeled
2529,0.0004982957034371793,0,0,train
2530,7.385142453131266e-07,0,0,unlabeled
2531,4.333841445713915e-07,0,0,unlabeled
2532,0.0008095472003333271,0,0,unlabeled
2533,1.3247434935692581e-06,0,0,train
2534,7.453406851709587e-07,0,0,unlabeled
2535,1.4146162357064895e-06,0,0,unlabeled
2536,4.616054205541786e-09,0,0,train
2537,3.490659983285127e-09,0,0,unlabeled
2538,0.5433998107910156,0,1,unlabeled
2539,0.00011279748287051916,0,0,train
2540,8.336055907420814e-05,0,0,unlabeled
2541,0.44496676325798035,0,1,unlabeled
2542,8.030282333493233e-05,0,0,val
2543,5.470032192533836e-05,0,0,unlabeled
2544,0.00017104115977417678,0,0,unlabeled
2545,1.6589180518167268e-07,0,0,train
2546,1.636232553892114e-07,0,0,train
2547,0.052767619490623474,0,0,unlabeled
2548,1.1290079783066176e-05,0,0,unlabeled
2549,7.279289548023371e-06,0,0,train
2550,0.05202893167734146,0,0,unlabeled
2551,1.1656728929665405e-05,0,0,unlabeled
2552,9.438450433663093e-06,0,0,unlabeled
2553,1.4536336493620183e-05,0,0,unlabeled
2554,3.1178444714896614e-08,0,0,unlabeled
2555,2.563681000822271e-08,0,0,train
2556,0.014978528954088688,0,0,unlabeled
2557,5.128140401211567e-06,0,0,unlabeled
2558,3.3290993997070473e-06,0,0,unlabeled
2559,0.00826377421617508,0,0,unlabeled
2560,3.1508795927948086e-06,0,0,unlabeled
2561,2.7273908926872537e-06,0,0,unlabeled
2562,5.49039987163269e-06,0,0,unlabeled
2563,1.7667725060732664e-08,0,0,unlabeled
2564,1.4708118278861093e-08,0,0,val
2565,0.001985400216653943,0,0,unlabeled
2566,1.0053747701022075e-06,0,0,unlabeled
2567,8.826802968542324e-07,0,0,unlabeled
2568,0.0014145902823656797,0,0,unlabeled
2569,1.232955355590093e-06,0,0,unlabeled
2570,9.021606501846691e-07,0,0,train
2571,1.7649390429141931e-06,0,0,unlabeled
2572,4.187849178549641e-09,0,0,unlabeled
2573,3.742275378471049e-09,0,0,val
2574,0.0023111996706575155,0,0,unlabeled
2575,2.0242048321961192e-06,0,0,unlabeled
2576,1.7161016785394168e-06,0,0,unlabeled
2577,0.00245875446125865,0,0,unlabeled
2578,3.406262749194866e-06,0,0,train
2579,2.074849589916994e-06,0,0,unlabeled
2580,4.097847977391211e-06,0,0,unlabeled
2581,1.332696797362587e-08,0,0,unlabeled
2582,1.083115197531015e-08,0,0,unlabeled
2583,0.00022369451471604407,0,0,unlabeled
2584,4.151217751768854e-07,0,0,unlabeled
2585,2.865286887754337e-07,0,0,unlabeled
2586,0.0004576329665724188,0,0,train
2587,6.952091666789784e-07,0,0,train
2588,4.41514004023702e-07,0,0,val
2589,7.703943083470222e-07,0,0,train
2590,2.454843217591929e-09,0,0,train
2591,1.973252006237658e-09,0,0,unlabeled
2592,0.9315511584281921,1,0,unlabeled
2593,0.0034390646032989025,0,0,unlabeled
2594,0.0019286557799205184,0,0,unlabeled
2595,0.8891037702560425,0,0,unlabeled
2596,0.00276125967502594,0,0,unlabeled
2597,0.001756581594236195,0,0,unlabeled
2598,0.0034292940981686115,0,0,unlabeled
2599,3.122956286460976e-06,0,0,unlabeled
2600,2.5710319278005045e-06,0,0,unlabeled
2601,0.5462734699249268,0,0,unlabeled
2602,0.00045755444443784654,0,0,unlabeled
2603,0.00017550744814798236,0,0,train
2604,0.649566650390625,0,0,unlabeled
2605,0.00046593404840677977,0,0,train
2606,0.0002884059213101864,0,0,unlabeled
2607,0.0005449620657600462,0,0,unlabeled
2608,9.718681894810288e-07,0,0,unlabeled
2609,7.892776352491637e-07,0,0,unlabeled
2610,0.49902570247650146,0,0,train
2611,0.0003240602381993085,0,0,unlabeled
2612,0.00021380538237281144,0,0,unlabeled
2613,0.41205355525016785,0,0,unlabeled
2614,0.0002651590039022267,0,0,unlabeled
2615,0.00016993007739074528,0,0,train
2616,0.0004661943530663848,0,0,unlabeled
2617,6.541027346429473e-07,0,0,unlabeled
2618,5.193219294596929e-07,0,0,val
2619,0.32106149196624756,0,0,unlabeled
2620,5.8105291827814654e-05,0,0,train
2621,6.995524017838761e-05,0,0,unlabeled
2622,0.35766276717185974,0,0,unlabeled
2623,0.00016454324941150844,0,0,unlabeled
2624,0.00010730074427556247,0,0,unlabeled
2625,0.0003440873697400093,0,0,unlabeled
2626,2.432333872093295e-07,0,0,unlabeled
2627,2.3175228136551596e-07,0,0,unlabeled
2628,0.11483649909496307,0,0,unlabeled
2629,0.00012830943160224706,0,0,unlabeled
2630,4.758698196383193e-05,0,0,unlabeled
2631,0.21766240894794464,0,0,unlabeled
2632,0.00011019354860763997,0,0,unlabeled
2633,9.478817810304463e-05,0,0,train
2634,0.0002701871271710843,0,0,unlabeled
2635,5.027751512898249e-07,0,0,unlabeled
2636,4.165188158822275e-07,0,0,unlabeled
2637,0.015796255320310593,0,0,train
2638,2.3919561499496922e-05,0,0,unlabeled
2639,1.1900404388143215e-05,0,0,unlabeled
2640,0.10892095416784286,0,0,train
2641,4.359816375654191e-05,0,0,unlabeled
2642,2.889255847549066e-05,0,0,train
2643,6.898480205563828e-05,0,0,unlabeled
2644,1.4073309273499035e-07,0,0,unlabeled
2645,9.09516018055001e-08,0,0,train
2646,0.812856912612915,0,0,unlabeled
2647,0.000813122489489615,0,0,unlabeled
2648,0.00031699880491942167,0,0,train
2649,0.7135562300682068,0,0,unlabeled
2650,0.0011462976690381765,0,0,train
2651,0.00046830129576846957,0,0,train
2652,0.0008186014601960778,0,0,unlabeled
2653,1.2695545592578128e-06,0,0,train
2654,9.8029340733774e-07,0,0,val
2655,0.17236028611660004,0,0,unlabeled
2656,8.67238049977459e-05,0,0,unlabeled
2657,4.888961848337203e-05,0,0,train
2658,0.20166681706905365,0,0,unlabeled
2659,0.00011260081373620778,0,0,unlabeled
2660,9.041470912052318e-05,0,0,unlabeled
2661,0.00020257783762644976,0,0,unlabeled
2662,3.0880255508236587e-07,0,0,val
2663,1.7618532410779153e-07,0,0,unlabeled
2664,0.18723447620868683,0,0,unlabeled
2665,6.266524724196643e-05,0,0,unlabeled
2666,4.082525992998853e-05,0,0,unlabeled
2667,0.09866589307785034,0,0,unlabeled
2668,5.5789183534216136e-05,0,0,train
2669,2.7612291887635365e-05,0,0,val
2670,0.00012409251939971,0,0,unlabeled
2671,2.0716628057471098e-07,0,0,val
2672,1.7152790121599537e-07,0,0,train
2673,0.06670308858156204,0,0,unlabeled
2674,2.0482222680584528e-05,0,0,unlabeled
2675,1.348145815427415e-05,0,0,val
2676,0.07204806804656982,0,0,unlabeled
2677,2.2335081666824408e-05,0,0,unlabeled
2678,1.2735470590996556e-05,0,0,unlabeled
2679,3.951909457100555e-05,0,0,unlabeled
2680,4.49593464679765e-08,0,0,unlabeled
2681,5.192545771137702e-08,0,0,train
2682,0.03990277275443077,0,0,train
2683,2.3639746359549463e-05,0,0,unlabeled
2684,1.4173051567922812e-05,0,0,unlabeled
2685,0.06007694453001022,0,0,val
2686,3.3328007702948526e-05,0,0,unlabeled
2687,1.7647787899477407e-05,0,0,unlabeled
2688,5.061738920630887e-05,0,0,unlabeled
2689,8.204388279864361e-08,0,0,unlabeled
2690,8.290561481771874e-08,0,0,unlabeled
2691,0.0036239144392311573,0,0,unlabeled
2692,4.169383373664459e-06,0,0,unlabeled
2693,2.4224170829256764e-06,0,0,val
2694,0.013809903524816036,0,0,unlabeled
2695,7.396480668830918e-06,0,0,unlabeled
2696,4.918402737530414e-06,0,0,val
2697,8.389905815420207e-06,0,0,unlabeled
2698,2.0796475652673507e-08,0,0,unlabeled
2699,1.6021180826442105e-08,0,0,unlabeled
2700,0.20922107994556427,0,0,unlabeled
2701,0.00015156983863562346,0,0,unlabeled
2702,6.340538675431162e-05,0,0,unlabeled
2703,0.2783094644546509,0,0,unlabeled
2704,9.679357754066586e-05,0,0,unlabeled
2705,9.275919728679582e-05,0,0,val
2706,0.0002808515273500234,0,0,unlabeled
2707,4.065509529027622e-07,0,0,unlabeled
2708,3.421371275180718e-07,0,0,unlabeled
2709,0.015864282846450806,0,0,unlabeled
2710,1.0567467143118847e-05,0,0,val
2711,7.931621439638548e-06,0,0,unlabeled
2712,0.03493446856737137,0,0,unlabeled
2713,1.8579366951598786e-05,0,0,unlabeled
2714,1.1052585250581615e-05,0,0,unlabeled
2715,2.8120839488110505e-05,0,0,val
2716,7.516933209217314e-08,0,0,unlabeled
2717,4.6036056744469533e-08,0,0,train
2718,0.014240830205380917,0,0,unlabeled
2719,8.586441254010424e-06,0,0,unlabeled
2720,5.665147000399884e-06,0,0,train
2721,0.012262227945029736,0,0,unlabeled
2722,7.3799292295007035e-06,0,0,unlabeled
2723,4.602843091561226e-06,0,0,unlabeled
2724,1.781622995622456e-05,0,0,unlabeled
2725,4.652464724586025e-08,0,0,train
2726,3.230570300161162e-08,0,0,unlabeled
2727,0.002142414217814803,0,0,unlabeled
2728,1.9031413103220984e-06,0,0,unlabeled
2729,1.1761566156565095e-06,0,0,val
2730,0.004017966799438,0,0,unlabeled
2731,2.712600007725996e-06,0,0,unlabeled
2732,1.8644972215042799e-06,0,0,val
2733,3.950913196604233e-06,0,0,unlabeled
2734,8.613304736115879e-09,0,0,train
2735,6.9731918017623684e-09,0,0,unlabeled
2736,0.002289113122969866,0,0,unlabeled
2737,3.6191861454426544e-06,0,0,unlabeled
2738,2.0635363853216404e-06,0,0,train
2739,0.006619214080274105,0,0,unlabeled
2740,5.675892680301331e-06,0,0,unlabeled
2741,3.899614512192784e-06,0,0,train
2742,8.572123988415115e-06,0,0,unlabeled
2743,2.4100694773210307e-08,0,0,unlabeled
2744,1.7746485170277992e-08,0,0,unlabeled
2745,0.0002349184505874291,0,0,unlabeled
2746,5.759542318628519e-07,0,0,unlabeled
2747,3.582155159165268e-07,0,0,unlabeled
2748,0.0008021608227863908,0,0,unlabeled
2749,1.2054454145982163e-06,0,0,unlabeled
2750,7.538266686424322e-07,0,0,unlabeled
2751,1.364272861792415e-06,0,0,unlabeled
2752,4.321181190647394e-09,0,0,train
2753,3.245743673829793e-09,0,0,unlabeled
2754,0.13555458188056946,0,0,unlabeled
2755,3.010645741596818e-05,0,0,unlabeled
2756,3.08973430946935e-05,0,0,unlabeled
2757,0.11287813633680344,0,0,train
2758,3.354685031808913e-05,0,0,unlabeled
2759,2.5235573048121296e-05,0,0,unlabeled
2760,8.38183332234621e-05,0,0,unlabeled
2761,1.49711908647987e-07,0,0,unlabeled
2762,1.292666667040976e-07,0,0,val
2763,0.006243252661079168,0,0,unlabeled
2764,4.885921043751296e-06,0,0,unlabeled
2765,3.2365146580559667e-06,0,0,unlabeled
2766,0.011698724702000618,0,0,unlabeled
2767,7.213176559162093e-06,0,0,unlabeled
2768,5.339280960470205e-06,0,0,unlabeled
2769,8.770401109359227e-06,0,0,unlabeled
2770,2.5608366982510233e-08,0,0,unlabeled
2771,2.2483007455775805e-08,0,0,unlabeled
2772,0.006093757692724466,0,0,unlabeled
2773,3.3681267268548254e-06,0,0,unlabeled
2774,2.824261628120439e-06,0,0,val
2775,0.005595648195594549,0,0,unlabeled
2776,3.478646249277517e-06,0,0,unlabeled
2777,2.970146624647896e-06,0,0,unlabeled
2778,6.71823181619402e-06,0,0,unlabeled
2779,1.7389201190098902e-08,0,0,unlabeled
2780,1.5336203418314653e-08,0,0,train
2781,0.0010464516235515475,0,0,unlabeled
2782,9.960440365830436e-07,0,0,unlabeled
2783,7.78058449668606e-07,0,0,unlabeled
2784,0.0014380367938429117,0,0,unlabeled
2785,1.452701326343231e-06,0,0,unlabeled
2786,1.1080456943091122e-06,0,0,val
2787,2.0364946067275014e-06,0,0,val
2788,4.828807131929125e-09,0,0,unlabeled
2789,4.22496393426286e-09,0,0,unlabeled
2790,0.0011063436977565289,0,0,unlabeled
2791,1.7528132048028056e-06,0,0,unlabeled
2792,1.3108515304338653e-06,0,0,unlabeled
2793,0.002510925056412816,0,0,unlabeled
2794,3.019075165866525e-06,0,0,train
2795,2.071185917884577e-06,0,0,unlabeled
2796,4.0840250221663155e-06,0,0,unlabeled
2797,1.178707975668658e-08,0,0,unlabeled
2798,1.041311836758041e-08,0,0,unlabeled
2799,0.00012018757843179628,0,0,unlabeled
2800,3.818883271833329e-07,0,0,unlabeled
2801,2.602713209398644e-07,0,0,unlabeled
2802,0.0003908824874088168,0,0,unlabeled
2803,7.071100185385149e-07,0,0,unlabeled
2804,4.853524160353118e-07,0,0,unlabeled
2805,7.999236686373479e-07,0,0,unlabeled
2806,2.598375958839938e-09,0,0,train
2807,2.0381198950758517e-09,0,0,train
2808,0.9208476543426514,1,0,unlabeled
2809,0.0038872784934937954,0,0,val
2810,0.002298157662153244,0,0,unlabeled
2811,0.9188789129257202,1,0,train
2812,0.0026935336645692587,0,0,train
2813,0.0023938389495015144,0,0,train
2814,0.005093768704682589,0,0,val
2815,5.7548431868781336e-06,0,0,unlabeled
2816,4.174407877144404e-06,0,0,unlabeled
2817,0.6619551181793213,0,0,train
2818,0.0006776538793928921,0,0,train
2819,0.00035465642577037215,0,0,unlabeled
2820,0.8190125823020935,0,0,unlabeled
2821,0.0007878370815888047,0,0,unlabeled
2822,0.0007220566621981561,0,0,unlabeled
2823,0.0018683633534237742,0,0,unlabeled
2824,1.6617711935396073e-06,0,0,unlabeled
2825,8.58675832660083e-07,0,0,unlabeled
2826,0.4555952847003937,0,0,train
2827,0.00043427469790913165,0,0,train
2828,0.0002930276095867157,0,0,unlabeled
2829,0.5565128922462463,0,0,val
2830,0.0002830763114616275,0,0,unlabeled
2831,0.0002133903035428375,0,0,train
2832,0.0007661208510398865,0,0,unlabeled
2833,8.957044883572962e-07,0,0,unlabeled
2834,6.85588645410462e-07,0,0,unlabeled
2835,0.4686577022075653,0,0,unlabeled
2836,0.0002386488631600514,0,0,unlabeled
2837,0.00012759969104081392,0,0,unlabeled
2838,0.47928762435913086,0,0,unlabeled
2839,0.00020470043818932027,0,0,unlabeled
2840,0.00010590839519863948,0,0,unlabeled
2841,0.0004420041514094919,0,0,unlabeled
2842,2.7508957600730355e-07,0,0,unlabeled
2843,3.0541659157279355e-07,0,0,unlabeled
2844,0.1356307566165924,0,0,unlabeled
2845,9.31478789425455e-05,0,0,unlabeled
2846,4.921105573885143e-05,0,0,unlabeled
2847,0.20870453119277954,0,0,unlabeled
2848,0.00012061272718710825,0,0,unlabeled
2849,5.884559504920617e-05,0,0,unlabeled
2850,0.00023309941752813756,0,0,unlabeled
2851,5.19484444794216e-07,0,0,unlabeled
2852,3.316309005185758e-07,0,0,unlabeled
2853,0.027417682111263275,0,0,train
2854,2.3803098883945495e-05,0,0,unlabeled
2855,1.2295382475713268e-05,0,0,unlabeled
2856,0.11520897597074509,0,0,unlabeled
2857,5.282352140056901e-05,0,0,unlabeled
2858,2.3100847101886757e-05,0,0,unlabeled
2859,5.506280285771936e-05,0,0,unlabeled
2860,1.1424782542235334e-07,0,0,unlabeled
2861,9.315427718092906e-08,0,0,unlabeled
2862,0.8794167637825012,0,0,unlabeled
2863,0.0027309227734804153,0,0,unlabeled
2864,0.000964963051956147,0,0,train
2865,0.9023072719573975,1,0,unlabeled
2866,0.0018472438678145409,0,0,unlabeled
2867,0.0010986070847138762,0,0,unlabeled
2868,0.0038716651033610106,0,0,unlabeled
2869,2.2531037302542245e-06,0,0,unlabeled
2870,1.5210230230877642e-06,0,0,unlabeled
2871,0.43377432227134705,0,0,train
2872,0.0002268644020659849,0,0,unlabeled
2873,0.00010767743515316397,0,0,unlabeled
2874,0.4802314341068268,0,0,unlabeled
2875,0.000219762820051983,0,0,train
2876,0.0001238368422491476,0,0,unlabeled
2877,0.0003888105566147715,0,0,unlabeled
2878,4.385976808407577e-07,0,0,train
2879,2.9289668646015343e-07,0,0,unlabeled
2880,0.46783170104026794,0,0,unlabeled
2881,0.0001645143929636106,0,0,unlabeled
2882,9.519579907646403e-05,0,0,train
2883,0.32203155755996704,0,0,val
2884,9.506390779279172e-05,0,0,unlabeled
2885,4.032099241157994e-05,0,0,unlabeled
2886,0.00027946100453846157,0,0,train
2887,2.9243949484225595e-07,0,0,unlabeled
2888,1.9968298659023276e-07,0,0,unlabeled
2889,0.14804984629154205,0,0,unlabeled
2890,3.625930912676267e-05,0,0,val
2891,1.89182555914158e-05,0,0,unlabeled
2892,0.19411058723926544,0,0,unlabeled
2893,3.822298822342418e-05,0,0,unlabeled
2894,2.1301557353581302e-05,0,0,unlabeled
2895,5.597063500317745e-05,0,0,unlabeled
2896,7.099968257762157e-08,0,0,unlabeled
2897,4.921034957305892e-08,0,0,unlabeled
2898,0.051606837660074234,0,0,unlabeled
2899,2.8967242542421445e-05,0,0,train
2900,1.5254640857165214e-05,0,0,unlabeled
2901,0.11364259570837021,0,0,unlabeled
2902,4.715817703981884e-05,0,0,unlabeled
2903,2.3720887838862836e-05,0,0,unlabeled
2904,5.475788930198178e-05,0,0,unlabeled
2905,1.1148257073045897e-07,0,0,unlabeled
2906,7.391449940996608e-08,0,0,unlabeled
2907,0.007579941302537918,0,0,unlabeled
2908,5.94642779105925e-06,0,0,unlabeled
2909,2.823429440468317e-06,0,0,unlabeled
2910,0.018934018909931183,0,0,unlabeled
2911,1.0942296285065822e-05,0,0,unlabeled
2912,4.659285423258552e-06,0,0,val
2913,9.590074114385061e-06,0,0,unlabeled
2914,2.1322893672959253e-08,0,0,unlabeled
2915,1.744740885101237e-08,0,0,unlabeled
2916,0.4690791368484497,0,0,unlabeled
2917,0.00013780881999991834,0,0,unlabeled
2918,0.00010603551345411688,0,0,unlabeled
2919,0.40842971205711365,0,0,unlabeled
2920,0.00013646598381455988,0,0,unlabeled
2921,7.898182957433164e-05,0,0,unlabeled
2922,0.0004098842036910355,0,0,unlabeled
2923,4.5439972495842085e-07,0,0,unlabeled
2924,3.1338953476733877e-07,0,0,unlabeled
2925,0.03228865936398506,0,0,unlabeled
2926,1.713614801701624e-05,0,0,unlabeled
2927,8.096191777440254e-06,0,0,unlabeled
2928,0.05775309354066849,0,0,unlabeled
2929,2.580128057161346e-05,0,0,unlabeled
2930,1.173853252112167e-05,0,0,train
2931,3.068475052714348e-05,0,0,unlabeled
2932,6.11637744896143e-08,0,0,unlabeled
2933,4.5268080839377944e-08,0,0,unlabeled
2934,0.029874110594391823,0,0,unlabeled
2935,1.2552828593470622e-05,0,0,unlabeled
2936,7.089228802215075e-06,0,0,unlabeled
2937,0.026049824431538582,0,0,unlabeled
2938,1.0968813512590714e-05,0,0,unlabeled
2939,5.458901796373539e-06,0,0,unlabeled
2940,2.015303289226722e-05,0,0,train
2941,4.5127389824983766e-08,0,0,unlabeled
2942,3.636574064103115e-08,0,0,unlabeled
2943,0.004676091019064188,0,0,unlabeled
2944,2.900931121985195e-06,0,0,unlabeled
2945,1.5250334399752319e-06,0,0,unlabeled
2946,0.00546911871060729,0,0,unlabeled
2947,3.3929247820196906e-06,0,0,unlabeled
2948,2.1528012439375743e-06,0,0,unlabeled
2949,4.034940502606332e-06,0,0,train
2950,1.2059722109825088e-08,0,0,unlabeled
2951,9.750235285821418e-09,0,0,unlabeled
2952,0.0031575975008308887,0,0,train
2953,3.75529816665221e-06,0,0,unlabeled
2954,2.0706311261164956e-06,0,0,unlabeled
2955,0.006866590119898319,0,0,unlabeled
2956,5.7808219935395755e-06,0,0,unlabeled
2957,3.709555812747567e-06,0,0,unlabeled
2958,7.895561793702655e-06,0,0,train
2959,2.7064389840347758e-08,0,0,unlabeled
2960,2.0338491779625656e-08,0,0,unlabeled
2961,0.0002867482544388622,0,0,unlabeled
2962,6.718101985825342e-07,0,0,unlabeled
2963,3.646913739885349e-07,0,0,unlabeled
2964,0.0005968399927951396,0,0,val
2965,1.278512741009763e-06,0,0,unlabeled
2966,7.200258096418111e-07,0,0,unlabeled
2967,1.2523393024821416e-06,0,0,train
2968,5.175674999691182e-09,0,0,unlabeled
2969,3.6125209490478483e-09,0,0,train
2970,0.19619642198085785,0,0,unlabeled
2971,5.525621600099839e-05,0,0,unlabeled
2972,3.4171014704043046e-05,0,0,unlabeled
2973,0.21477943658828735,0,0,unlabeled
2974,5.768498158431612e-05,0,0,unlabeled
2975,3.326250225654803e-05,0,0,train
2976,9.59155586315319e-05,0,0,unlabeled
2977,1.5043566747863224e-07,0,0,unlabeled
2978,1.3735416359850205e-07,0,0,unlabeled
2979,0.013150200247764587,0,0,train
2980,7.422420821967535e-06,0,0,unlabeled
2981,4.047724360134453e-06,0,0,unlabeled
2982,0.01949041336774826,0,0,unlabeled
2983,9.353103450848721e-06,0,0,unlabeled
2984,6.476488124462776e-06,0,0,unlabeled
2985,1.0193660273216665e-05,0,0,unlabeled
2986,3.138266890800878e-08,0,0,train
2987,2.2446371872320015e-08,0,0,unlabeled
2988,0.011060763150453568,0,0,unlabeled
2989,5.045940724812681e-06,0,0,val
2990,3.3470828384452034e-06,0,0,unlabeled
2991,0.00757102994248271,0,0,unlabeled
2992,3.889193067152519e-06,0,0,unlabeled
2993,2.8989813927182695e-06,0,0,unlabeled
2994,6.6451693783164956e-06,0,0,unlabeled
2995,2.2304211810819652e-08,0,0,unlabeled
2996,1.7586328837637666e-08,0,0,train
2997,0.0017326187808066607,0,0,unlabeled
2998,1.3174022797102225e-06,0,0,unlabeled
2999,9.72706516222388e-07,0,0,unlabeled
3000,0.0016942773945629597,0,0,unlabeled
3001,1.7012048374454025e-06,0,0,unlabeled
3002,1.0695005130401114e-06,0,0,unlabeled
3003,2.2426572741096606e-06,0,0,unlabeled
3004,5.737501140856693e-09,0,0,unlabeled
3005,5.42406031200926e-09,0,0,train
3006,0.0010176721261814237,0,0,unlabeled
3007,1.5821764236534364e-06,0,0,unlabeled
3008,1.1953359262406593e-06,0,0,unlabeled
3009,0.001783982035703957,0,0,unlabeled
3010,2.7045330170949455e-06,0,0,unlabeled
3011,1.748063937156985e-06,0,0,train
3012,3.4030999813694507e-06,0,0,unlabeled
3013,1.2520672498794738e-08,0,0,unlabeled
3014,1.0237902081655648e-08,0,0,unlabeled
3015,0.00010475093586137518,0,0,unlabeled
3016,3.4561099937491235e-07,0,0,train
3017,2.0887019047677313e-07,0,0,unlabeled
3018,0.0002921542036347091,0,0,train
3019,6.739605851180386e-07,0,0,unlabeled
3020,4.4791414666178753e-07,0,0,unlabeled
3021,6.492724651252502e-07,0,0,unlabeled
3022,2.6324471491534496e-09,0,0,unlabeled
3023,1.908977198539219e-09,0,0,unlabeled
3024,0.8608109354972839,0,0,unlabeled
3025,0.002226915443316102,0,0,unlabeled
3026,0.0010832734405994415,0,0,unlabeled
3027,0.8379340171813965,0,0,unlabeled
3028,0.0010018140310421586,0,0,unlabeled
3029,0.0007154293707571924,0,0,unlabeled
3030,0.0028523157816380262,0,0,unlabeled
3031,1.7439526800444582e-06,0,0,unlabeled
3032,1.4820907381363213e-06,0,0,unlabeled
3033,0.572808563709259,0,0,unlabeled
3034,0.0002889927418436855,0,0,unlabeled
3035,0.00020030430459883064,0,0,unlabeled
3036,0.5249187350273132,0,0,unlabeled
3037,0.00020988289907108992,0,0,unlabeled
3038,0.0001594987843418494,0,0,train
3039,0.00046626015682704747,0,0,unlabeled
3040,4.976213858753908e-07,0,0,unlabeled
3041,3.046936569717218e-07,0,0,unlabeled
3042,0.21327534317970276,0,0,unlabeled
3043,7.714551611570641e-05,0,0,unlabeled
3044,5.2068080549361184e-05,0,0,unlabeled
3045,0.11411137133836746,0,0,unlabeled
3046,3.335468136356212e-05,0,0,train
3047,2.4376415240112692e-05,0,0,unlabeled
3048,0.00010383262997493148,0,0,unlabeled
3049,1.8721860328696494e-07,0,0,unlabeled
3050,1.4681285165352165e-07,0,0,unlabeled
3051,0.13812176883220673,0,0,unlabeled
3052,2.903835047618486e-05,0,0,unlabeled
3053,1.9598621292971075e-05,0,0,unlabeled
3054,0.1069895476102829,0,0,val
3055,2.5496829039184377e-05,0,0,unlabeled
3056,1.8850611013476737e-05,0,0,val
3057,4.993380935047753e-05,0,0,train
3058,6.290667897701496e-08,0,0,unlabeled
3059,6.0203227292277e-08,0,0,train
3060,0.04458589479327202,0,0,unlabeled
3061,2.4395043510594405e-05,0,0,unlabeled
3062,1.5897972843958996e-05,0,0,train
3063,0.06134568899869919,0,0,train
3064,2.902243249991443e-05,0,0,unlabeled
3065,1.6786467313067988e-05,0,0,unlabeled
3066,4.8797897761687636e-05,0,0,unlabeled
3067,1.0995995580742601e-07,0,0,unlabeled
3068,8.653024963223288e-08,0,0,unlabeled
3069,0.0086628757417202,0,0,unlabeled
3070,8.499342584400438e-06,0,0,unlabeled
3071,5.208434686210239e-06,0,0,unlabeled
3072,0.023753108456730843,0,0,train
3073,1.1973008440691046e-05,0,0,unlabeled
3074,6.373259111569496e-06,0,0,train
3075,1.521139347460121e-05,0,0,unlabeled
3076,3.372666768086674e-08,0,0,unlabeled
3077,2.6778435469054784e-08,0,0,val
3078,0.757684051990509,0,0,unlabeled
3079,0.0003976114676333964,0,0,unlabeled
3080,0.00025390039081685245,0,0,train
3081,0.5768380761146545,0,0,unlabeled
3082,0.00016888156824279577,0,0,train
3083,0.00011787423136411235,0,0,unlabeled
3084,0.000558092026039958,0,0,unlabeled
3085,4.2649264742067317e-07,0,0,unlabeled
3086,3.3612809602345806e-07,0,0,unlabeled
3087,0.14210529625415802,0,0,unlabeled
3088,3.8383561332011595e-05,0,0,unlabeled
3089,2.355311153223738e-05,0,0,unlabeled
3090,0.13067777454853058,0,0,unlabeled
3091,3.6072960938327014e-05,0,0,unlabeled
3092,2.3987200620467775e-05,0,0,val
3093,5.2559920732164755e-05,0,0,unlabeled
3094,7.304208793357247e-08,0,0,unlabeled
3095,5.3267662281086814e-08,0,0,unlabeled
3096,0.09222017228603363,0,0,unlabeled
3097,1.870496998890303e-05,0,0,unlabeled
3098,1.3701737771043554e-05,0,0,train
3099,0.04210970178246498,0,0,unlabeled
3100,1.2132917618146166e-05,0,0,unlabeled
3101,6.5857025219884235e-06,0,0,unlabeled
3102,2.8619209842872806e-05,0,0,unlabeled
3103,4.42269509903781e-08,0,0,unlabeled
3104,3.0334796008446574e-08,0,0,unlabeled
3105,0.021542036905884743,0,0,unlabeled
3106,5.704947398044169e-06,0,0,unlabeled
3107,3.975245817855466e-06,0,0,unlabeled
3108,0.017458265647292137,0,0,val
3109,5.6242943173856474e-06,0,0,unlabeled
3110,3.4307263376831543e-06,0,0,unlabeled
3111,8.700755643076263e-06,0,0,train
3112,1.3649723129560698e-08,0,0,unlabeled
3113,1.0425061702790117e-08,0,0,unlabeled
3114,0.010209801606833935,0,0,unlabeled
3115,6.2165163399185985e-06,0,0,unlabeled
3116,4.049476956424769e-06,0,0,unlabeled
3117,0.012712321244180202,0,0,val
3118,7.510120667575393e-06,0,0,unlabeled
3119,4.657872523239348e-06,0,0,unlabeled
3120,1.0304498573532328e-05,0,0,unlabeled
3121,2.2983977387980303e-08,0,0,unlabeled
3122,1.8980280458436027e-08,0,0,unlabeled
3123,0.0011138846166431904,0,0,unlabeled
3124,1.201237182613113e-06,0,0,unlabeled
3125,6.689709266538557e-07,0,0,train
3126,0.002070767804980278,0,0,unlabeled
3127,1.8651605842023855e-06,0,0,train
3128,1.210219920722011e-06,0,0,unlabeled
3129,2.1307237147993874e-06,0,0,unlabeled
3130,5.510454759161121e-09,0,0,val
3131,4.25073221066441e-09,0,0,unlabeled
3132,0.26670095324516296,0,0,unlabeled
3133,5.745417365687899e-05,0,0,train
3134,4.0690621972316876e-05,0,0,unlabeled
3135,0.1896006166934967,0,0,unlabeled
3136,4.0957489545689896e-05,0,0,unlabeled
3137,3.056253262911923e-05,0,0,unlabeled
3138,0.0001027485923259519,0,0,unlabeled
3139,1.153726287839163e-07,0,0,unlabeled
3140,9.406754486462887e-08,0,0,unlabeled
3141,0.014893030747771263,0,0,val
3142,6.843840310466476e-06,0,0,unlabeled
3143,4.342771262599854e-06,0,0,unlabeled
3144,0.014357124455273151,0,0,unlabeled
3145,6.671279606962344e-06,0,0,unlabeled
3146,3.919012215192197e-06,0,0,train
3147,9.557826160744298e-06,0,0,unlabeled
3148,1.824612461120978e-08,0,0,unlabeled
3149,1.4337755871451918e-08,0,0,unlabeled
3150,0.006972100120037794,0,0,unlabeled
3151,2.928312824224122e-06,0,0,unlabeled
3152,2.2632082163909217e-06,0,0,val
3153,0.003034522756934166,0,0,train
3154,1.8703225350691355e-06,0,0,unlabeled
3155,1.1345732673362363e-06,0,0,unlabeled
3156,4.522620201896643e-06,0,0,unlabeled
3157,9.25074417068572e-09,0,0,unlabeled
3158,8.27171486861289e-09,0,0,unlabeled
3159,0.0009194139274768531,0,0,unlabeled
3160,7.193798978732957e-07,0,0,unlabeled
3161,4.290456274702592e-07,0,0,train
3162,0.0007888648542575538,0,0,unlabeled
3163,6.222218189577688e-07,0,0,unlabeled
3164,4.851423227592022e-07,0,0,unlabeled
3165,9.144208661382436e-07,0,0,unlabeled
3166,2.6573832023757404e-09,0,0,train
3167,2.208833338457339e-09,0,0,unlabeled
3168,0.0008101043640635908,0,0,unlabeled
3169,1.1066211982324603e-06,0,0,unlabeled
3170,6.705671466988861e-07,0,0,unlabeled
3171,0.0010569641599431634,0,0,unlabeled
3172,1.1513866411405616e-06,0,0,train
3173,9.217219485435635e-07,0,0,unlabeled
3174,2.0492768726398936e-06,0,0,unlabeled
3175,6.289105236589876e-09,0,0,unlabeled
3176,5.213045550789275e-09,0,0,unlabeled
3177,7.237260433612391e-05,0,0,unlabeled
3178,1.8507785171095748e-07,0,0,train
3179,1.162304954505089e-07,0,0,train
3180,0.00010044487135019153,0,0,unlabeled
3181,2.9214933761068096e-07,0,0,unlabeled
3182,2.0252869603609724e-07,0,0,train
3183,3.403978610094782e-07,0,0,unlabeled
3184,1.2236528457165718e-09,0,0,unlabeled
3185,1.0044436393741307e-09,0,0,unlabeled
3186,0.09521374851465225,0,0,unlabeled
3187,2.0936304281349294e-05,0,0,unlabeled
3188,1.6391752069466747e-05,0,0,unlabeled
3189,0.0631411150097847,0,0,unlabeled
3190,1.5240653738146648e-05,0,0,unlabeled
3191,1.1025361345673446e-05,0,0,train
3192,3.299557283753529e-05,0,0,unlabeled
3193,4.7079890208578945e-08,0,0,val
3194,4.610433990137608e-08,0,0,val
3195,0.005323363468050957,0,0,unlabeled
3196,2.897367266996298e-06,0,0,train
3197,1.907118303279276e-06,0,0,unlabeled
3198,0.004962801001966,0,0,train
3199,2.6360514766565757e-06,0,0,unlabeled
3200,2.2726014776708325e-06,0,0,unlabeled
3201,3.431812729104422e-06,0,0,unlabeled
3202,9.338230633204603e-09,0,0,unlabeled
3203,7.676511870613467e-09,0,0,unlabeled
3204,0.002198213944211602,0,0,unlabeled
3205,1.3258279523142846e-06,0,0,unlabeled
3206,9.935661182680633e-07,0,0,unlabeled
3207,0.0009785686852410436,0,0,unlabeled
3208,7.657810101591167e-07,0,0,unlabeled
3209,7.246190421028587e-07,0,0,unlabeled
3210,1.5125192476261873e-06,0,0,unlabeled
3211,5.20935783399068e-09,0,0,train
3212,4.450024793101193e-09,0,0,train
3213,0.00037053049891255796,0,0,train
3214,3.1424605140273343e-07,0,0,unlabeled
3215,3.1777355502526916e-07,0,0,train
3216,0.0002298818581039086,0,0,unlabeled
3217,3.96382148437624e-07,0,0,unlabeled
3218,3.0705203357683786e-07,0,0,unlabeled
3219,6.049207854630367e-07,0,0,train
3220,1.5054058000174564e-09,0,0,unlabeled
3221,1.362843504715272e-09,0,0,unlabeled
3222,0.00031595968175679445,0,0,unlabeled
3223,4.7534786062897183e-07,0,0,unlabeled
3224,4.6359133420992293e-07,0,0,val
3225,0.00030183716444298625,0,0,val
3226,7.543603715021163e-07,0,0,unlabeled
3227,5.401067255661474e-07,0,0,unlabeled
3228,1.0268596497553517e-06,0,0,unlabeled
3229,3.214881694191263e-09,0,0,unlabeled
3230,2.8952331643239404e-09,0,0,unlabeled
3231,3.941991235478781e-05,0,0,train
3232,1.1368526031674264e-07,0,0,unlabeled
3233,8.274826512888467e-08,0,0,train
3234,7.234093209262937e-05,0,0,unlabeled
3235,1.8223558129193407e-07,0,0,val
3236,1.3381389862843207e-07,0,0,train
3237,2.047043068387211e-07,0,0,unlabeled
3238,7.052102790616743e-10,0,0,unlabeled
3239,6.090795090507584e-10,0,0,unlabeled
3240,0.6815679669380188,0,0,unlabeled
3241,0.0003922481555491686,0,0,unlabeled
3242,0.00028607025160454214,0,0,unlabeled
3243,0.5121577978134155,0,0,train
3244,0.00017647755157668144,0,0,unlabeled
3245,0.00012797120143659413,0,0,unlabeled
3246,0.0005370731232687831,0,0,train
3247,6.864954684715485e-07,0,0,unlabeled
3248,5.617393981083296e-07,0,0,unlabeled
3249,0.15467038750648499,0,0,unlabeled
3250,4.6025765186641365e-05,0,0,unlabeled
3251,3.2548257877351716e-05,0,0,unlabeled
3252,0.15046201646327972,0,0,unlabeled
3253,4.593779885908589e-05,0,0,unlabeled
3254,3.4401855373289436e-05,0,0,unlabeled
3255,6.993775605224073e-05,0,0,unlabeled
3256,1.4449771867930394e-07,0,0,train
3257,1.2125312309763103e-07,0,0,unlabeled
3258,0.05224584415555,0,0,train
3259,2.1340454622986726e-05,0,0,unlabeled
3260,1.466419780626893e-05,0,0,unlabeled
3261,0.03236978128552437,0,0,train
3262,1.3852013580617495e-05,0,0,unlabeled
3263,1.034296383295441e-05,0,0,train
3264,2.5256327717215754e-05,0,0,unlabeled
3265,7.132897650308223e-08,0,0,unlabeled
3266,5.384594814472621e-08,0,0,train
3267,0.020512500777840614,0,0,val
3268,7.730137440375984e-06,0,0,train
3269,5.988147222524276e-06,0,0,unlabeled
3270,0.015661105513572693,0,0,unlabeled
3271,7.665666998946108e-06,0,0,unlabeled
3272,5.134545972396154e-06,0,0,unlabeled
3273,1.1507265298860148e-05,0,0,unlabeled
3274,2.5001222425657943e-08,0,0,unlabeled
3275,2.103234919559327e-08,0,0,train
3276,0.009367388673126698,0,0,unlabeled
3277,1.032867203321075e-05,0,0,train
3278,6.719282737321919e-06,0,0,train
3279,0.012930796481668949,0,0,unlabeled
3280,1.1918280506506562e-05,0,0,unlabeled
3281,6.694784588034963e-06,0,0,unlabeled
3282,1.5305935448850505e-05,0,0,unlabeled
3283,5.6024141770194547e-08,0,0,unlabeled
3284,4.302030021108294e-08,0,0,unlabeled
3285,0.0012928316136822104,0,0,unlabeled
3286,2.349213218622026e-06,0,0,train
3287,1.7128121498899418e-06,0,0,unlabeled
3288,0.0032599959522485733,0,0,unlabeled
3289,3.8124931052152533e-06,0,0,unlabeled
3290,2.2293170331977308e-06,0,0,unlabeled
3291,4.156675004196586e-06,0,0,unlabeled
3292,1.4551047478050805e-08,0,0,train
3293,1.0768510527725539e-08,0,0,unlabeled
3294,0.47908544540405273,0,0,unlabeled
3295,0.00012293724284972996,0,0,unlabeled
3296,7.915547757875174e-05,0,0,unlabeled
3297,0.347039133310318,0,0,unlabeled
3298,8.205575431929901e-05,0,0,train
3299,5.4987605835776776e-05,0,0,val
3300,0.00015928919310681522,0,0,unlabeled
3301,1.9717506916094862e-07,0,0,unlabeled
3302,1.5057705127219378e-07,0,0,unlabeled
3303,0.044302042573690414,0,0,val
3304,1.4723332242283504e-05,0,0,unlabeled
3305,9.608410437067505e-06,0,0,unlabeled
3306,0.03644612804055214,0,0,unlabeled
3307,1.5941863239277154e-05,0,0,unlabeled
3308,9.957859219866805e-06,0,0,unlabeled
3309,1.938358400366269e-05,0,0,train
3310,4.0683133306629315e-08,0,0,unlabeled
3311,2.8896625536845022e-08,0,0,unlabeled
3312,0.023205535486340523,0,0,unlabeled
3313,7.886231287557166e-06,0,0,train
3314,5.5435548347304575e-06,0,0,train
3315,0.01023346371948719,0,0,unlabeled
3316,5.316197984939208e-06,0,0,val
3317,3.1449267225980293e-06,0,0,unlabeled
3318,9.929117368301377e-06,0,0,train
3319,2.3145251049072613e-08,0,0,unlabeled
3320,1.6637988764500733e-08,0,0,unlabeled
3321,0.0036014344077557325,0,0,unlabeled
3322,2.0951247279299423e-06,0,0,unlabeled
3323,1.4389544276127708e-06,0,0,unlabeled
3324,0.00312988949008286,0,0,train
3325,1.990797727557947e-06,0,0,unlabeled
3326,1.2813262628696975e-06,0,0,unlabeled
3327,2.771598929030006e-06,0,0,unlabeled
3328,6.285986842158309e-09,0,0,train
3329,4.882513948700762e-09,0,0,train
3330,0.002565759466961026,0,0,train
3331,2.9870936941733817e-06,0,0,unlabeled
3332,1.956125743163284e-06,0,0,unlabeled
3333,0.0030494858510792255,0,0,unlabeled
3334,3.7253955724736443e-06,0,0,unlabeled
3335,2.179773673560703e-06,0,0,unlabeled
3336,4.1583598431316204e-06,0,0,unlabeled
3337,1.3855844471777345e-08,0,0,unlabeled
3338,1.0530903260530522e-08,0,0,unlabeled
3339,0.00024409590696450323,0,0,unlabeled
3340,5.141289989296638e-07,0,0,unlabeled
3341,3.294027237643604e-07,0,0,train
3342,0.0004806139331776649,0,0,unlabeled
3343,8.100826107693138e-07,0,0,unlabeled
3344,5.175845103622123e-07,0,0,unlabeled
3345,8.035547125473386e-07,0,0,unlabeled
3346,2.9207138929621124e-09,0,0,unlabeled
3347,2.320686087742274e-09,0,0,unlabeled
3348,0.09572196006774902,0,0,unlabeled
3349,2.715055779844988e-05,0,0,unlabeled
3350,1.904854434542358e-05,0,0,unlabeled
3351,0.069056935608387,0,0,unlabeled
3352,2.036518526438158e-05,0,0,unlabeled
3353,1.4905152966093738e-05,0,0,unlabeled
3354,4.0314225770998746e-05,0,0,unlabeled
3355,7.235847476749768e-08,0,0,unlabeled
3356,5.7915656270779436e-08,0,0,unlabeled
3357,0.004094695206731558,0,0,unlabeled
3358,2.9463246846717084e-06,0,0,unlabeled
3359,2.051731144092628e-06,0,0,unlabeled
3360,0.0038859806954860687,0,0,unlabeled
3361,3.362590405231458e-06,0,0,unlabeled
3362,2.0754173419845756e-06,0,0,unlabeled
3363,4.344938133726828e-06,0,0,unlabeled
3364,1.0614348511239768e-08,0,0,train
3365,8.714620136629492e-09,0,0,unlabeled
3366,0.0016837278380990028,0,0,unlabeled
3367,1.4880065464240033e-06,0,0,train
3368,1.0978344562317943e-06,0,0,unlabeled
3369,0.000838278909213841,0,0,unlabeled
3370,1.0884956509471522e-06,0,0,unlabeled
3371,6.666813305855612e-07,0,0,unlabeled
3372,1.9345666260051075e-06,0,0,unlabeled
3373,5.850729678513744e-09,0,0,unlabeled
3374,5.2201993838707494e-09,0,0,unlabeled
3375,0.00019615498604252934,0,0,unlabeled
3376,3.34986282268801e-07,0,0,unlabeled
3377,1.9463142564291047e-07,0,0,unlabeled
3378,0.00021091058442834765,0,0,unlabeled
3379,3.061759912270645e-07,0,0,train
3380,2.2895096662978176e-07,0,0,unlabeled
3381,3.8457127971014415e-07,0,0,unlabeled
3382,1.4804563130965676e-09,0,0,unlabeled
3383,1.2243649427645664e-09,0,0,unlabeled
3384,0.0002562132431194186,0,0,unlabeled
3385,6.925153570591647e-07,0,0,train
3386,3.9970552734303055e-07,0,0,unlabeled
3387,0.0003686242562253028,0,0,unlabeled
3388,7.656211096218613e-07,0,0,unlabeled
3389,5.666632318934717e-07,0,0,unlabeled
3390,1.0763192221929785e-06,0,0,unlabeled
3391,4.4632768592123284e-09,0,0,unlabeled
3392,3.4583924612974215e-09,0,0,val
3393,2.457389928167686e-05,0,0,unlabeled
3394,1.0530445848644376e-07,0,0,unlabeled
3395,6.637517913077318e-08,0,0,unlabeled
3396,3.864834798150696e-05,0,0,unlabeled
3397,1.7799476381696877e-07,0,0,unlabeled
3398,1.1362174490159305e-07,0,0,unlabeled
3399,1.7809868779750104e-07,0,0,unlabeled
3400,8.328576162064394e-10,0,0,unlabeled
3401,6.801385565857743e-10,0,0,unlabeled
3402,0.030517728999257088,0,0,val
3403,1.0075709724333137e-05,0,0,unlabeled
3404,8.347447874257341e-06,0,0,train
3405,0.020529836416244507,0,0,train
3406,7.714451385254506e-06,0,0,train
3407,5.984379640722182e-06,0,0,unlabeled
3408,1.4425912922888529e-05,0,0,train
3409,2.936489806870668e-08,0,0,unlabeled
3410,2.8551909281304688e-08,0,0,unlabeled
3411,0.0014240442542359233,0,0,unlabeled
3412,1.4053582617634675e-06,0,0,unlabeled
3413,9.90072976492229e-07,0,0,unlabeled
3414,0.0012818359537050128,0,0,unlabeled
3415,1.394611899740994e-06,0,0,unlabeled
3416,1.2304287793085678e-06,0,0,unlabeled
3417,1.6943511127465172e-06,0,0,unlabeled
3418,5.775655953499381e-09,0,0,unlabeled
3419,4.735563052804537e-09,0,0,train
3420,0.0005572872469201684,0,0,val
3421,7.227914693430648e-07,0,0,unlabeled
3422,5.155420694791246e-07,0,0,unlabeled
3423,0.00030508529744111,0,0,unlabeled
3424,4.820224148716079e-07,0,0,unlabeled
3425,4.427012925134477e-07,0,0,unlabeled
3426,7.623126521139056e-07,0,0,unlabeled
3427,3.259317482573465e-09,0,0,unlabeled
3428,2.850798042075553e-09,0,0,unlabeled
3429,8.65481561049819e-05,0,0,unlabeled
3430,1.5160904354161175e-07,0,0,unlabeled
3431,1.3809822974053532e-07,0,0,unlabeled
3432,6.85062404954806e-05,0,0,unlabeled
3433,1.90598242966189e-07,0,0,unlabeled
3434,1.4308066909052286e-07,0,0,unlabeled
3435,2.599550157356134e-07,0,0,unlabeled
3436,8.258342343303582e-10,0,0,unlabeled
3437,7.471827045968382e-10,0,0,unlabeled
3438,0.00011261199688306078,0,0,unlabeled
3439,3.005900737207412e-07,0,0,unlabeled
3440,2.7437351945991395e-07,0,0,unlabeled
3441,0.00012361197150312364,0,0,unlabeled
3442,4.934654498356394e-07,0,0,train
3443,3.2657507631483895e-07,0,0,unlabeled
3444,5.695829941032571e-07,0,0,unlabeled
3445,2.3299022711142925e-09,0,0,unlabeled
3446,2.001403709428473e-09,0,0,unlabeled
3447,1.5070369045133702e-05,0,0,unlabeled
3448,6.341831948475374e-08,0,0,unlabeled
3449,4.7160867211459845e-08,0,0,train
3450,2.784539174172096e-05,0,0,unlabeled
3451,1.0387789473043085e-07,0,0,unlabeled
3452,7.142918434510648e-08,0,0,train
3453,1.0887308121709793e-07,0,0,unlabeled
3454,4.785719043276515e-10,0,0,unlabeled
3455,4.117223229016531e-10,0,0,unlabeled
3456,0.9639174342155457,1,0,unlabeled
3457,0.0010325841140002012,0,0,unlabeled
3458,0.000663716287817806,0,0,unlabeled
3459,0.951704740524292,1,0,unlabeled
3460,0.000982861965894699,0,0,unlabeled
3461,0.0020228810608386993,0,0,unlabeled
3462,0.001554323942400515,0,0,unlabeled
3463,1.2227026218170067e-06,0,0,train
3464,3.1100466912903357e-07,0,0,unlabeled
3465,0.7575715780258179,0,0,unlabeled
3466,0.00011301809718133882,0,0,unlabeled
3467,5.213212352828123e-05,0,0,unlabeled
3468,0.8688217997550964,0,0,unlabeled
3469,0.0005155226099304855,0,0,unlabeled
3470,0.00011166288459207863,0,0,train
3471,0.00018763919069897383,0,0,unlabeled
3472,9.99876235141528e-08,0,0,unlabeled
3473,1.1323108992655762e-06,0,0,unlabeled
3474,0.6776597499847412,0,0,unlabeled
3475,0.00011272007395746186,0,0,unlabeled
3476,0.00021594241843558848,0,0,unlabeled
3477,0.611975371837616,0,0,unlabeled
3478,0.000252523081144318,0,0,unlabeled
3479,5.53264981135726e-05,0,0,unlabeled
3480,0.0005591838853433728,0,0,unlabeled
3481,5.646580802931567e-08,0,0,unlabeled
3482,2.7378508349329422e-08,0,0,unlabeled
3483,0.4743315279483795,0,0,unlabeled
3484,5.836185300722718e-05,0,0,unlabeled
3485,1.635408989386633e-05,0,0,unlabeled
3486,0.45378929376602173,0,0,train
3487,3.9259419281734154e-05,0,0,unlabeled
3488,1.9963106751674786e-05,0,0,unlabeled
3489,8.345011156052351e-05,0,0,unlabeled
3490,3.59326833176965e-07,0,0,unlabeled
3491,2.059488402039733e-08,0,0,unlabeled
3492,0.17254848778247833,0,0,unlabeled
3493,0.0001056174369296059,0,0,val
3494,1.2584783689817414e-05,0,0,unlabeled
3495,0.5269522666931152,0,0,unlabeled
3496,3.573611320462078e-05,0,0,unlabeled
3497,0.00011584099411265925,0,0,train
3498,0.0003157495229970664,0,0,unlabeled
3499,4.0167535075852356e-08,0,0,unlabeled
3500,3.835504003291135e-08,0,0,unlabeled
3501,0.03491068631410599,0,0,unlabeled
3502,3.162303255521692e-05,0,0,unlabeled
3503,2.538024773457437e-06,0,0,train
3504,0.15659572184085846,0,0,unlabeled
3505,9.170922567136586e-06,0,0,unlabeled
3506,4.699269084085245e-06,0,0,unlabeled
3507,1.4970599295338616e-05,0,0,unlabeled
3508,1.0301286934577547e-08,0,0,unlabeled
3509,6.987584288964399e-09,0,0,unlabeled
3510,0.910065233707428,1,0,unlabeled
3511,0.0001948813151102513,0,0,unlabeled
3512,0.0003074243140872568,0,0,val
3513,0.8844688534736633,0,0,train
3514,0.0010830066166818142,0,0,val
3515,0.00011316313612041995,0,0,unlabeled
3516,0.0009808563627302647,0,0,unlabeled
3517,1.0015023832465886e-07,0,0,unlabeled
3518,4.6596134950505075e-08,0,0,unlabeled
3519,0.25261569023132324,0,0,unlabeled
3520,1.6974152458715253e-05,0,0,unlabeled
3521,8.713002898730338e-06,0,0,train
3522,0.2608940005302429,0,0,unlabeled
3523,0.00017827656120061874,0,0,val
3524,1.674529630690813e-05,0,0,unlabeled
3525,4.174603964202106e-05,0,0,unlabeled
3526,1.0179662446319071e-08,0,0,val
3527,1.2489427270168107e-08,0,0,unlabeled
3528,0.33044394850730896,0,0,unlabeled
3529,4.928493217448704e-05,0,0,unlabeled
3530,8.297114618471824e-06,0,0,unlabeled
3531,0.2612157166004181,0,0,unlabeled
3532,1.3944488273409661e-05,0,0,train
3533,4.261591675458476e-05,0,0,unlabeled
3534,3.450778967817314e-05,0,0,unlabeled
3535,7.125795953299985e-09,0,0,unlabeled
3536,5.846412687304792e-09,0,0,unlabeled
3537,0.178951695561409,0,0,unlabeled
3538,3.4846627841034206e-06,0,0,unlabeled
3539,1.5800775372554199e-06,0,0,unlabeled
3540,0.06730187684297562,0,0,unlabeled
3541,2.7447113097878173e-06,0,0,unlabeled
3542,2.539630031606066e-06,0,0,train
3543,5.586138286162168e-06,0,0,unlabeled
3544,2.8095625825841353e-09,0,0,unlabeled
3545,1.458532850051597e-09,0,0,unlabeled
3546,0.0876942053437233,0,0,unlabeled
3547,3.8828375181765296e-06,0,0,train
3548,1.6667677300574724e-06,0,0,unlabeled
3549,0.055381935089826584,0,0,train
3550,4.324343535699882e-06,0,0,unlabeled
3551,3.567193289200077e-06,0,0,train
3552,8.193102985387668e-06,0,0,unlabeled
3553,5.564987137773869e-09,0,0,train
3554,2.658092634888476e-09,0,0,unlabeled
3555,0.0025059161707758904,0,0,unlabeled
3556,3.6592535934687476e-07,0,0,unlabeled
3557,2.059373116480856e-07,0,0,unlabeled
3558,0.00994312483817339,0,0,unlabeled
3559,1.2945361049787607e-06,0,0,unlabeled
3560,5.005576326766459e-07,0,0,unlabeled
3561,1.4820824389971676e-06,0,0,unlabeled
3562,5.016911885924458e-10,0,0,unlabeled
3563,3.890969768605146e-10,0,0,unlabeled
3564,0.32072389125823975,0,0,train
3565,0.0002193012769566849,0,0,unlabeled
3566,1.3698301700060256e-05,0,0,unlabeled
3567,0.5571825504302979,0,0,train
3568,2.279936416016426e-05,0,0,unlabeled
3569,1.626293669687584e-05,0,0,unlabeled
3570,5.4155181715032086e-05,0,0,val
3571,2.77336997811517e-08,0,0,unlabeled
3572,1.1373120223368005e-08,0,0,unlabeled
3573,0.0345340296626091,0,0,val
3574,1.6176358030861593e-06,0,0,unlabeled
3575,1.0414458984087105e-06,0,0,unlabeled
3576,0.031739141792058945,0,0,train
3577,2.8377364742482314e-06,0,0,train
3578,1.1132834742966224e-06,0,0,unlabeled
3579,3.980427663918817e-06,0,0,unlabeled
3580,1.78737602496426e-09,0,0,unlabeled
3581,2.5627264754746193e-09,0,0,unlabeled
3582,0.03212727978825569,0,0,unlabeled
3583,8.195229952434602e-07,0,0,unlabeled
3584,7.701335107412888e-07,0,0,val
3585,0.009797073900699615,0,0,train
3586,1.1736433407349978e-06,0,0,unlabeled
3587,4.286198418412823e-07,0,0,unlabeled
3588,2.488477093720576e-06,0,0,unlabeled
3589,1.0756844304182778e-09,0,0,unlabeled
3590,7.809302648986716e-10,0,0,unlabeled
3591,0.0011522003915160894,0,0,val
3592,1.9539933759915584e-07,0,0,unlabeled
3593,7.93517855868231e-08,0,0,unlabeled
3594,0.0018277427880093455,0,0,unlabeled
3595,1.9087184455202078e-07,0,0,unlabeled
3596,1.4048595176063827e-07,0,0,unlabeled
3597,2.989263236941042e-07,0,0,unlabeled
3598,3.7680653042215795e-10,0,0,unlabeled
3599,1.3351326988431111e-10,0,0,unlabeled
3600,0.0011717170709744096,0,0,unlabeled
3601,5.087390491098631e-07,0,0,unlabeled
3602,1.6156560889157845e-07,0,0,train
3603,0.004515447653830051,0,0,val
3604,5.078287017568073e-07,0,0,unlabeled
3605,5.913577183491725e-07,0,0,unlabeled
3606,1.432591375305492e-06,0,0,unlabeled
3607,5.437067462921163e-10,0,0,unlabeled
3608,4.2150691270670393e-10,0,0,unlabeled
3609,8.174210961442441e-05,0,0,train
3610,6.092892590459087e-08,0,0,unlabeled
3611,1.9249817739819264e-08,0,0,train
3612,0.00027551123639568686,0,0,unlabeled
3613,7.514437783129324e-08,0,0,unlabeled
3614,4.87688502914807e-08,0,0,unlabeled
3615,9.050132376842157e-08,0,0,unlabeled
3616,7.047850497654551e-11,0,0,train
3617,5.5974714446849205e-11,0,0,unlabeled
3618,0.2619243860244751,0,0,unlabeled
3619,4.774564331455622e-06,0,0,unlabeled
3620,3.3382050332875224e-06,0,0,train
3621,0.1085851863026619,0,0,unlabeled
3622,3.4828055959224002e-06,0,0,unlabeled
3623,3.5204636787966592e-06,0,0,train
3624,1.0396187462902162e-05,0,0,unlabeled
3625,7.293889048298752e-09,0,0,unlabeled
3626,3.522058866778366e-09,0,0,unlabeled
3627,0.0033647329546511173,0,0,unlabeled
3628,3.539820738751587e-07,0,0,unlabeled
3629,3.687229082061094e-07,0,0,unlabeled
3630,0.006483129225671291,0,0,unlabeled
3631,8.993876576823823e-07,0,0,unlabeled
3632,4.4575534730029176e-07,0,0,unlabeled
3633,1.0302819646312855e-06,0,0,unlabeled
3634,5.031957628354178e-10,0,0,unlabeled
3635,1.1245716580177145e-09,0,0,train
3636,0.0028309905901551247,0,0,unlabeled
3637,2.289123131049564e-07,0,0,unlabeled
3638,3.1568063718623307e-07,0,0,unlabeled
3639,0.0023352336138486862,0,0,train
3640,3.7508669947783346e-07,0,0,unlabeled
3641,2.131797742777053e-07,0,0,unlabeled
3642,7.685883360863954e-07,0,0,unlabeled
3643,3.1855754145659887e-10,0,0,unlabeled
3644,3.04500702430488e-10,0,0,unlabeled
3645,0.00033867143793031573,0,0,train
3646,9.173927395522696e-08,0,0,train
3647,4.5837346362986864e-08,0,0,unlabeled
3648,0.0004669900517910719,0,0,unlabeled
3649,8.072679236192926e-08,0,0,unlabeled
3650,6.956708631378206e-08,0,0,unlabeled
3651,1.2385740433273895e-07,0,0,unlabeled
3652,1.8745113794516044e-10,0,0,unlabeled
3653,7.091688347671266e-11,0,0,unlabeled
3654,0.00034501153277233243,0,0,unlabeled
3655,1.714498694127542e-07,0,0,unlabeled
3656,8.022241360094995e-08,0,0,unlabeled
3657,0.0008843121468089521,0,0,unlabeled
3658,2.0492542773808964e-07,0,0,unlabeled
3659,2.6085899662575684e-07,0,0,train
3660,3.120870815109811e-07,0,0,unlabeled
3661,2.0787213617090572e-10,0,0,unlabeled
3662,1.9411436347205324e-10,0,0,val
3663,3.4143457014579326e-05,0,0,unlabeled
3664,1.7707296962043984e-08,0,0,unlabeled
3665,1.2577231700561242e-08,0,0,unlabeled
3666,0.00010135497723240405,0,0,train
3667,3.689370231541034e-08,0,0,unlabeled
3668,2.712806335125606e-08,0,0,train
3669,4.6638277240163006e-08,0,0,unlabeled
3670,3.4622301553488555e-11,0,0,unlabeled
3671,2.8985952527094128e-11,0,0,train
3672,0.9715937376022339,1,0,val
3673,0.001685508992522955,0,0,unlabeled
3674,0.003019905649125576,0,0,unlabeled
3675,0.971255898475647,1,0,unlabeled
3676,0.0010763996979221702,0,0,unlabeled
3677,0.0007639453397132456,0,0,unlabeled
3678,0.008049375377595425,0,0,unlabeled
3679,4.695058578363387e-06,0,0,unlabeled
3680,2.617708503294125e-07,0,0,unlabeled
3681,0.8256902694702148,0,0,unlabeled
3682,0.0011164352763444185,0,0,unlabeled
3683,0.0006465821643359959,0,0,train
3684,0.9591551423072815,1,0,unlabeled
3685,0.00029405663372017443,0,0,train
3686,0.00018801403348334134,0,0,train
3687,0.0005383616080507636,0,0,unlabeled
3688,8.058509592956398e-08,0,0,unlabeled
3689,8.491926450915344e-08,0,0,unlabeled
3690,0.6638937592506409,0,0,train
3691,0.00047898964839987457,0,0,unlabeled
3692,9.235399193130434e-05,0,0,unlabeled
3693,0.8306148648262024,0,0,train
3694,9.317320655100048e-05,0,0,unlabeled
3695,4.0840368455974385e-05,0,0,unlabeled
3696,0.0002618700382299721,0,0,unlabeled
3697,4.4501287987941396e-08,0,0,unlabeled
3698,3.224192823836347e-08,0,0,unlabeled
3699,0.8034573197364807,0,0,unlabeled
3700,6.264827970881015e-05,0,0,unlabeled
3701,2.5660383471404202e-05,0,0,unlabeled
3702,0.6067649722099304,0,0,unlabeled
3703,4.123952385270968e-05,0,0,unlabeled
3704,2.0119541659369133e-05,0,0,unlabeled
3705,0.00010233341890852898,0,0,unlabeled
3706,2.4084565453108553e-08,0,0,val
3707,1.3404850562892534e-08,0,0,unlabeled
3708,0.3149983584880829,0,0,unlabeled
3709,1.88991216418799e-05,0,0,unlabeled
3710,7.1598287831875496e-06,0,0,unlabeled
3711,0.2534019947052002,0,0,unlabeled
3712,2.304581539647188e-05,0,0,unlabeled
3713,1.4343259863380808e-05,0,0,unlabeled
3714,4.898472616332583e-05,0,0,unlabeled
3715,2.2354088358156332e-08,0,0,unlabeled
3716,1.455437814712468e-08,0,0,unlabeled
3717,0.029056156054139137,0,0,train
3718,3.1873676107352367e-06,0,0,unlabeled
3719,1.4835601405138732e-06,0,0,unlabeled
3720,0.15776056051254272,0,0,train
3721,7.63763819122687e-06,0,0,unlabeled
3722,3.4199824767711107e-06,0,0,unlabeled
3723,9.409888662048616e-06,0,0,unlabeled
3724,4.139327547392213e-09,0,0,train
3725,3.2267566396626535e-09,0,0,train
3726,0.9656077027320862,1,0,unlabeled
3727,0.0030304414685815573,0,0,train
3728,0.0002739754563663155,0,0,unlabeled
3729,0.9779761433601379,1,0,unlabeled
3730,0.0005051391781307757,0,0,val
3731,0.0002551282523199916,0,0,unlabeled
3732,0.0012252989690750837,0,0,unlabeled
3733,1.0738732214576885e-07,0,0,unlabeled
3734,6.754747516879434e-08,0,0,unlabeled
3735,0.7460201978683472,0,0,unlabeled
3736,4.848655589739792e-05,0,0,unlabeled
3737,1.7420527001377195e-05,0,0,unlabeled
3738,0.5893639326095581,0,0,val
3739,5.700573092326522e-05,0,0,unlabeled
3740,2.12794457183918e-05,0,0,unlabeled
3741,7.43241689633578e-05,0,0,unlabeled
3742,1.557999951273814e-08,0,0,unlabeled
3743,1.0408292006047759e-08,0,0,unlabeled
3744,0.7655295133590698,0,0,train
3745,3.8892852899152786e-05,0,0,val
3746,1.5799638276803307e-05,0,0,unlabeled
3747,0.38920989632606506,0,0,unlabeled
3748,1.5840358173591085e-05,0,0,train
3749,9.501642125542276e-06,0,0,unlabeled
3750,5.432846592157148e-05,0,0,unlabeled
3751,1.0481866041800458e-08,0,0,unlabeled
3752,7.627996900794187e-09,0,0,unlabeled
3753,0.1926197111606598,0,0,unlabeled
3754,4.975544015906053e-06,0,0,unlabeled
3755,2.716908056754619e-06,0,0,unlabeled
3756,0.26131683588027954,0,0,unlabeled
3757,5.736514140153304e-06,0,0,train
3758,2.9459424695232883e-06,0,0,unlabeled
3759,9.203120498568751e-06,0,0,unlabeled
3760,2.1584150022846416e-09,0,0,train
3761,3.290405059530599e-09,0,0,unlabeled
3762,0.043526649475097656,0,0,unlabeled
3763,3.4963236430485267e-06,0,0,unlabeled
3764,1.634727482269227e-06,0,0,unlabeled
3765,0.12359543144702911,0,0,unlabeled
3766,6.564301202161005e-06,0,0,unlabeled
3767,3.01013119496929e-06,0,0,unlabeled
3768,7.998466571734753e-06,0,0,unlabeled
3769,3.696934314234568e-09,0,0,train
3770,5.33123634127719e-09,0,0,unlabeled
3771,0.004546396434307098,0,0,unlabeled
3772,5.388498038882972e-07,0,0,train
3773,2.4170537926693214e-07,0,0,unlabeled
3774,0.014868677593767643,0,0,val
3775,1.171376766251342e-06,0,0,unlabeled
3776,7.821076337677368e-07,0,0,train
3777,1.1261530517003848e-06,0,0,unlabeled
3778,1.2106663449529265e-09,0,0,unlabeled
3779,4.305441003715771e-10,0,0,unlabeled
3780,0.7704498171806335,0,0,unlabeled
3781,3.7293462810339406e-05,0,0,unlabeled
3782,1.6942954971455038e-05,0,0,unlabeled
3783,0.5056325793266296,0,0,val
3784,2.3819062334951013e-05,0,0,unlabeled
3785,1.2512799912656192e-05,0,0,unlabeled
3786,8.394279575441033e-05,0,0,unlabeled
3787,1.6834080796002127e-08,0,0,unlabeled
3788,1.1687725454123665e-08,0,0,unlabeled
3789,0.025372585281729698,0,0,unlabeled
3790,1.832753696362488e-06,0,0,train
3791,8.146590744217974e-07,0,0,unlabeled
3792,0.05967136472463608,0,0,unlabeled
3793,3.181066631441354e-06,0,0,train
3794,1.3401061096374178e-06,0,0,unlabeled
3795,3.52508618561842e-06,0,0,unlabeled
3796,1.6816295023147632e-09,0,0,unlabeled
3797,1.1943885880327798e-09,0,0,train
3798,0.02261533960700035,0,0,unlabeled
3799,1.3202976560933166e-06,0,0,train
3800,6.811790171923349e-07,0,0,unlabeled
3801,0.0193155687302351,0,0,unlabeled
3802,1.1012643881258555e-06,0,0,unlabeled
3803,5.158435101293435e-07,0,0,unlabeled
3804,2.1460448351717787e-06,0,0,unlabeled
3805,1.2193542842098282e-09,0,0,unlabeled
3806,9.632263875403169e-10,0,0,train
3807,0.002725502010434866,0,0,unlabeled
3808,2.2581042458114098e-07,0,0,unlabeled
3809,1.173706749568737e-07,0,0,unlabeled
3810,0.0032400107011198997,0,0,unlabeled
3811,2.83340739315463e-07,0,0,train
3812,1.6242582034919906e-07,0,0,unlabeled
3813,3.5420694644017203e-07,0,0,train
3814,2.3181721819920398e-10,0,0,unlabeled
3815,4.611466764004035e-10,0,0,train
3816,0.001491869450546801,0,0,unlabeled
3817,2.794863860344776e-07,0,0,unlabeled
3818,1.525827713066974e-07,0,0,unlabeled
3819,0.003763641696423292,0,0,train
3820,5.295692062645685e-07,0,0,unlabeled
3821,2.9821813996022684e-07,0,0,unlabeled
3822,7.596303817081207e-07,0,0,unlabeled
3823,6.312860789670083e-10,0,0,unlabeled
3824,1.1033864932841198e-09,0,0,unlabeled
3825,6.854120147181675e-05,0,0,unlabeled
3826,3.6558311933276855e-08,0,0,unlabeled
3827,1.847480213257313e-08,0,0,unlabeled
3828,0.0001978626532945782,0,0,unlabeled
3829,8.28324218105081e-08,0,0,unlabeled
3830,8.170642473714906e-08,0,0,unlabeled
3831,8.351872082812406e-08,0,0,unlabeled
3832,2.1381067749626226e-10,0,0,unlabeled
3833,6.181281875239364e-11,0,0,train
3834,0.16670775413513184,0,0,unlabeled
3835,6.307484909484629e-06,0,0,unlabeled
3836,3.931083938368829e-06,0,0,unlabeled
3837,0.24002929031848907,0,0,unlabeled
3838,6.498625225503929e-06,0,0,unlabeled
3839,3.788929234360694e-06,0,0,unlabeled
3840,1.2424830856616609e-05,0,0,unlabeled
3841,4.395547037461256e-09,0,0,unlabeled
3842,4.066007530667548e-09,0,0,unlabeled
3843,0.007309763692319393,0,0,unlabeled
3844,6.052600838302169e-07,0,0,train
3845,3.5082101135230914e-07,0,0,unlabeled
3846,0.013668619096279144,0,0,unlabeled
3847,8.384782859138795e-07,0,0,train
3848,5.69105225167732e-07,0,0,unlabeled
3849,9.046039508575632e-07,0,0,unlabeled
3850,6.581826750284847e-10,0,0,val
3851,5.058479191077936e-10,0,0,unlabeled
3852,0.005178207065910101,0,0,unlabeled
3853,3.7744641190329276e-07,0,0,unlabeled
3854,2.6470729608263355e-07,0,0,val
3855,0.0034567283000797033,0,0,unlabeled
3856,2.956672346954292e-07,0,0,train
3857,2.1019924645315768e-07,0,0,unlabeled
3858,5.409805226008757e-07,0,0,unlabeled
3859,4.4293602119438447e-10,0,0,unlabeled
3860,3.8662612000806007e-10,0,0,unlabeled
3861,0.0007253132062032819,0,0,unlabeled
3862,8.25553030381343e-08,0,0,unlabeled
3863,6.156288634429075e-08,0,0,unlabeled
3864,0.0006456176051869988,0,0,unlabeled
3865,1.0586147425328818e-07,0,0,unlabeled
3866,6.961832355045772e-08,0,0,train
3867,1.527040183191275e-07,0,0,unlabeled
3868,9.228968977925689e-11,0,0,unlabeled
3869,2.3492274792147327e-10,0,0,unlabeled
3870,0.0002845035633072257,0,0,unlabeled
3871,9.565375336251236e-08,0,0,unlabeled
3872,7.030876503222316e-08,0,0,unlabeled
3873,0.0006068739457987249,0,0,unlabeled
3874,1.8625976849762083e-07,0,0,unlabeled
3875,1.1630134366669154e-07,0,0,unlabeled
3876,2.534536633902462e-07,0,0,unlabeled
3877,2.306304175414553e-10,0,0,train
3878,4.804770470379083e-10,0,0,train
3879,2.1456056856550276e-05,0,0,unlabeled
3880,1.5956407750650214e-08,0,0,unlabeled
3881,9.777463283455745e-09,0,0,unlabeled
3882,7.615997310495004e-05,0,0,train
3883,3.583131658047023e-08,0,0,unlabeled
3884,4.573656653406033e-08,0,0,unlabeled
3885,3.7183699674869786e-08,0,0,unlabeled
3886,9.549902535432864e-11,0,0,unlabeled
3887,2.823004850716071e-11,0,0,val
3888,0.958022952079773,1,0,unlabeled
3889,0.002416155533865094,0,0,unlabeled
3890,0.0002925045555457473,0,0,train
3891,0.954258382320404,1,0,val
3892,0.00019881274783983827,0,0,unlabeled
3893,0.00016076135216280818,0,0,unlabeled
3894,0.0008063302375376225,0,0,unlabeled
3895,1.4301764394986094e-07,0,0,unlabeled
3896,6.925095163978767e-08,0,0,val
3897,0.8505050539970398,0,0,unlabeled
3898,5.143863381817937e-05,0,0,unlabeled
3899,4.1764673369470984e-05,0,0,unlabeled
3900,0.7182144522666931,0,0,train
3901,4.1747673094505444e-05,0,0,unlabeled
3902,2.6537976737017743e-05,0,0,unlabeled
3903,0.00010168780863750726,0,0,unlabeled
3904,1.7862252121858546e-08,0,0,unlabeled
3905,2.4486389804678765e-08,0,0,train
3906,0.46504324674606323,0,0,train
3907,1.1774353879445698e-05,0,0,unlabeled
3908,9.76975843514083e-06,0,0,unlabeled
3909,0.13452211022377014,0,0,unlabeled
3910,5.1669267122633755e-06,0,0,unlabeled
3911,2.846010829671286e-06,0,0,unlabeled
3912,1.9645309293991886e-05,0,0,unlabeled
3913,6.212527381421751e-09,0,0,unlabeled
3914,5.039836992182245e-09,0,0,unlabeled
3915,0.21084922552108765,0,0,val
3916,4.884844656771747e-06,0,0,unlabeled
3917,2.516034101063269e-06,0,0,unlabeled
3918,0.08798736333847046,0,0,unlabeled
3919,2.9072650704620173e-06,0,0,unlabeled
3920,2.231733787994017e-06,0,0,unlabeled
3921,7.092805390129797e-06,0,0,unlabeled
3922,4.233756456528681e-09,0,0,unlabeled
3923,1.9118668870277133e-09,0,0,unlabeled
3924,0.04383133724331856,0,0,unlabeled
3925,3.973581442551222e-06,0,0,unlabeled
3926,1.7878359130918398e-06,0,0,unlabeled
3927,0.04710845276713371,0,0,unlabeled
3928,3.620387360570021e-06,0,0,unlabeled
3929,3.1172346552921226e-06,0,0,unlabeled
3930,7.235298653540667e-06,0,0,unlabeled
3931,3.5612930382455943e-09,0,0,unlabeled
3932,2.937742937803023e-09,0,0,unlabeled
3933,0.006684521678835154,0,0,unlabeled
3934,8.048432391660754e-07,0,0,unlabeled
3935,4.791766059497604e-07,0,0,unlabeled
3936,0.01994169130921364,0,0,unlabeled
3937,1.24463463180291e-06,0,0,unlabeled
3938,1.0942679864456295e-06,0,0,unlabeled
3939,1.8252777636007522e-06,0,0,unlabeled
3940,8.45618297606876e-10,0,0,unlabeled
3941,7.047289973804993e-10,0,0,unlabeled
3942,0.924132227897644,1,0,unlabeled
3943,7.649719918845221e-05,0,0,unlabeled
3944,5.0877169996965677e-05,0,0,unlabeled
3945,0.7319636344909668,0,0,unlabeled
3946,3.0929713830119e-05,0,0,unlabeled
3947,1.815019641071558e-05,0,0,unlabeled
3948,0.0001291544467676431,0,0,unlabeled
3949,1.5261326424820254e-08,0,0,train
3950,1.2503275748088072e-08,0,0,train
3951,0.18892545998096466,0,0,train
3952,5.9072576732432935e-06,0,0,unlabeled
3953,2.838136879290687e-06,0,0,unlabeled
3954,0.11997059732675552,0,0,unlabeled
3955,6.546664735651575e-06,0,0,unlabeled
3956,2.9016616736043943e-06,0,0,unlabeled
3957,7.4444392339501064e-06,0,0,unlabeled
3958,2.0336503592233157e-09,0,0,unlabeled
3959,1.5146540688348864e-09,0,0,unlabeled
3960,0.10208997875452042,0,0,unlabeled
3961,2.558774895078386e-06,0,0,unlabeled
3962,1.4111062682786724e-06,0,0,unlabeled
3963,0.025606708601117134,0,0,unlabeled
3964,1.1033480404876173e-06,0,0,unlabeled
3965,9.98350401459902e-07,0,0,unlabeled
3966,3.253883051002049e-06,0,0,unlabeled
3967,1.159300544451014e-09,0,0,unlabeled
3968,1.8286914205134508e-09,0,0,unlabeled
3969,0.01471470482647419,0,0,unlabeled
3970,4.879584025729855e-07,0,0,train
3971,3.5200804404666997e-07,0,0,train
3972,0.010767534375190735,0,0,unlabeled
3973,4.830881721318292e-07,0,0,unlabeled
3974,2.929207028046221e-07,0,0,train
3975,9.001642524708586e-07,0,0,unlabeled
3976,2.9233263032502066e-10,0,0,unlabeled
3977,2.355791950403585e-10,0,0,unlabeled
3978,0.0052770767360925674,0,0,unlabeled
3979,4.777857611770742e-07,0,0,unlabeled
3980,3.226728040317539e-07,0,0,unlabeled
3981,0.007011672481894493,0,0,unlabeled
3982,6.512624963761482e-07,0,0,train
3983,3.8407571878451563e-07,0,0,train
3984,9.990113767344155e-07,0,0,unlabeled
3985,5.47132505968051e-10,0,0,unlabeled
3986,4.600397562892766e-10,0,0,unlabeled
3987,0.0004099379584658891,0,0,unlabeled
3988,7.706207583169089e-08,0,0,train
3989,8.125478956344523e-08,0,0,unlabeled
3990,0.0008285921649076045,0,0,unlabeled
3991,1.3028250123170437e-07,0,0,unlabeled
3992,8.569899989652185e-08,0,0,train
3993,1.7023282339323487e-07,0,0,unlabeled
3994,9.776912612835531e-11,0,0,unlabeled
3995,7.748629515802463e-11,0,0,unlabeled
3996,0.35104331374168396,0,0,train
3997,1.1037934200430755e-05,0,0,unlabeled
3998,4.9053473958338145e-06,0,0,train
3999,0.16928812861442566,0,0,unlabeled
4000,4.342448391980724e-06,0,0,unlabeled
4001,3.216136747141718e-06,0,0,unlabeled
4002,1.4273929082264658e-05,0,0,train
4003,3.216685140472464e-09,0,0,unlabeled
4004,5.620746534873433e-09,0,0,unlabeled
4005,0.008324654772877693,0,0,unlabeled
4006,5.432698344520759e-07,0,0,unlabeled
4007,3.3771380003599916e-07,0,0,unlabeled
4008,0.008581370115280151,0,0,unlabeled
4009,5.39062625648512e-07,0,0,unlabeled
4010,5.361448529583868e-07,0,0,unlabeled
4011,8.344704838236794e-07,0,0,unlabeled
4012,8.262548423232374e-10,0,0,unlabeled
4013,2.918045249877821e-10,0,0,unlabeled
4014,0.0030035115778446198,0,0,unlabeled
4015,1.899676362882019e-07,0,0,train
4016,1.4992679098213557e-07,0,0,unlabeled
4017,0.0010438289027661085,0,0,unlabeled
4018,1.1318396531123653e-07,0,0,unlabeled
4019,1.2496580836796056e-07,0,0,train
4020,3.2307525543728843e-07,0,0,train
4021,4.028357925012216e-10,0,0,unlabeled
4022,1.5844602019310372e-10,0,0,unlabeled
4023,0.0002763167140074074,0,0,unlabeled
4024,3.5254686281405156e-08,0,0,unlabeled
4025,4.2584272108570076e-08,0,0,val
4026,0.00020373854204081,0,0,unlabeled
4027,5.722126772411684e-08,0,0,unlabeled
4028,2.3639548984988323e-08,0,0,unlabeled
4029,9.467522943396034e-08,0,0,unlabeled
4030,3.561914305172387e-11,0,0,unlabeled
4031,3.164861428484045e-11,0,0,val
4032,0.00023524012067355216,0,0,unlabeled
4033,6.296489374335579e-08,0,0,unlabeled
4034,7.213537145389637e-08,0,0,unlabeled
4035,0.00029385797097347677,0,0,train
4036,1.2984948227767745e-07,0,0,val
4037,5.374138822844543e-08,0,0,unlabeled
4038,1.4517192425955727e-07,0,0,unlabeled
4039,1.058013815447012e-10,0,0,unlabeled
4040,9.376110304826213e-11,0,0,train
4041,1.189984777738573e-05,0,0,unlabeled
4042,7.3322752314197714e-09,0,0,train
4043,4.758143656857783e-09,0,0,unlabeled
4044,2.815290463331621e-05,0,0,train
4045,1.2910288837986172e-08,0,0,unlabeled
4046,9.00846863771676e-09,0,0,unlabeled
4047,1.688868955795897e-08,0,0,unlabeled
4048,1.49245893421579e-11,0,0,unlabeled
4049,1.2895158031656084e-11,0,0,train
4050,0.06211516261100769,0,0,unlabeled
4051,1.845038241299335e-06,0,0,train
4052,1.4366452205649693e-06,0,0,unlabeled
4053,0.04610105976462364,0,0,train
4054,1.1937149793084245e-06,0,0,unlabeled
4055,1.4608131095883437e-06,0,0,unlabeled
4056,3.1433344247489003e-06,0,0,unlabeled
4057,2.1831412233552783e-09,0,0,val
4058,1.0463683253192357e-09,0,0,val
4059,0.002213249448686838,0,0,unlabeled
4060,1.7813860608839605e-07,0,0,unlabeled
4061,2.1970134866933222e-07,0,0,unlabeled
4062,0.001993691548705101,0,0,unlabeled
4063,2.8397673190738715e-07,0,0,unlabeled
4064,1.4821797833519668e-07,0,0,unlabeled
4065,3.9302301502175396e-07,0,0,unlabeled
4066,1.4622117405771462e-10,0,0,unlabeled
4067,1.303373797778562e-10,0,0,unlabeled
4068,0.0006351939518935978,0,0,unlabeled
4069,7.130571333391345e-08,0,0,unlabeled
4070,1.0382501614003559e-07,0,0,val
4071,0.00022260751575231552,0,0,train
4072,7.107176713816443e-08,0,0,unlabeled
4073,3.7396652885490766e-08,0,0,unlabeled
4074,1.6023540183596197e-07,0,0,unlabeled
4075,7.567414750386803e-11,0,0,train
4076,7.096843251952478e-11,0,0,unlabeled
4077,8.26016184873879e-05,0,0,unlabeled
4078,2.6703816047302098e-08,0,0,unlabeled
4079,1.4411178916873268e-08,0,0,unlabeled
4080,6.0422447859309614e-05,0,0,unlabeled
4081,1.697682705525949e-08,0,0,unlabeled
4082,1.3700793388693455e-08,0,0,val
4083,2.8597584744716187e-08,0,0,unlabeled
4084,1.6765035540378115e-11,0,0,unlabeled
4085,1.7031190693850284e-11,0,0,unlabeled
4086,6.187807593960315e-05,0,0,unlabeled
4087,4.2422055201996045e-08,0,0,train
4088,2.2089608364694868e-08,0,0,unlabeled
4089,8.45671456772834e-05,0,0,unlabeled
4090,3.679917881527217e-08,0,0,unlabeled
4091,2.613896121772541e-08,0,0,unlabeled
4092,5.630803201484014e-08,0,0,unlabeled
4093,4.34000960169989e-11,0,0,unlabeled
4094,4.1806700462609925e-11,0,0,train
4095,5.77774653720553e-06,0,0,unlabeled
4096,3.87819110159171e-09,0,0,train
4097,2.9541673551847225e-09,0,0,unlabeled
4098,1.189941667689709e-05,0,0,unlabeled
4099,6.827852061519479e-09,0,0,unlabeled
4100,5.266272307125064e-09,0,0,unlabeled
4101,8.59721982493511e-09,0,0,unlabeled
4102,7.023825531610184e-12,0,0,unlabeled
4103,6.6067862986018966e-12,0,0,unlabeled
4104,0.7692255973815918,0,0,unlabeled
4105,1.7261638276977465e-05,0,0,unlabeled
4106,1.1715092114172876e-05,0,0,unlabeled
4107,0.5466315150260925,0,0,unlabeled
4108,4.005583377875155e-06,0,0,train
4109,5.80888490731013e-06,0,0,unlabeled
4110,2.5522907890263014e-05,0,0,train
4111,1.458319509595185e-08,0,0,unlabeled
4112,1.5304432166018955e-09,0,0,train
4113,0.10331296920776367,0,0,unlabeled
4114,1.1598549463087693e-06,0,0,unlabeled
4115,1.182623918793979e-06,0,0,unlabeled
4116,0.09575936198234558,0,0,unlabeled
4117,1.555613380332943e-06,0,0,train
4118,5.585715712186357e-07,0,0,unlabeled
4119,1.4275370858740644e-06,0,0,unlabeled
4120,2.5756277666211247e-10,0,0,unlabeled
4121,9.709846260363975e-10,0,0,unlabeled
4122,0.025301285088062286,0,0,unlabeled
4123,5.118238846080203e-07,0,0,unlabeled
4124,5.064604238214088e-07,0,0,unlabeled
4125,0.010592474602162838,0,0,unlabeled
4126,3.743351726370747e-07,0,0,unlabeled
4127,1.2385562797589955e-07,0,0,unlabeled
4128,8.003815423762717e-07,0,0,unlabeled
4129,1.105842570292559e-10,0,0,train
4130,8.556428482409117e-11,0,0,unlabeled
4131,0.006946040783077478,0,0,unlabeled
4132,2.0809794420983962e-07,0,0,unlabeled
4133,6.11235364544882e-08,0,0,unlabeled
4134,0.0030167156364768744,0,0,unlabeled
4135,7.28582776332587e-08,0,0,unlabeled
4136,5.181840023738005e-08,0,0,train
4137,1.3339368365450355e-07,0,0,unlabeled
4138,1.4656910407584434e-10,0,0,unlabeled
4139,2.5513893081585692e-11,0,0,train
4140,0.0020224216859787703,0,0,unlabeled
4141,2.6511983719501586e-07,0,0,unlabeled
4142,6.794079610017434e-08,0,0,train
4143,0.0027261464856565,0,0,unlabeled
4144,1.3675604293439392e-07,0,0,unlabeled
4145,2.0906966824441042e-07,0,0,unlabeled
4146,3.517187678880873e-07,0,0,train
4147,7.52782558510745e-11,0,0,unlabeled
4148,6.069904995298359e-11,0,0,unlabeled
4149,0.00019297326798550785,0,0,unlabeled
4150,3.2398386196064166e-08,0,0,unlabeled
4151,1.0980418352346533e-08,0,0,unlabeled
4152,0.0004192751948721707,0,0,val
4153,2.988638314604941e-08,0,0,unlabeled
4154,2.8959254549931757e-08,0,0,unlabeled
4155,3.690743000106522e-08,0,0,unlabeled
4156,1.2374407054593917e-11,0,0,unlabeled
4157,9.856914763572977e-12,0,0,unlabeled
4158,0.4460720121860504,0,0,unlabeled
4159,3.3971696211665403e-06,0,0,unlabeled
4160,2.692070665943902e-06,0,0,unlabeled
4161,0.2518920302391052,0,0,val
4162,2.439387117192382e-06,0,0,unlabeled
4163,7.824038448234205e-07,0,0,unlabeled
4164,6.18097692495212e-06,0,0,unlabeled
4165,3.195141096146159e-10,0,0,unlabeled
4166,2.445001145989778e-10,0,0,unlabeled
4167,0.011632395908236504,0,0,unlabeled
4168,1.5794522312262416e-07,0,0,unlabeled
4169,8.19111392047489e-08,0,0,train
4170,0.006446212064474821,0,0,unlabeled
4171,4.189429603229655e-07,0,0,unlabeled
4172,8.944593332671502e-08,0,0,unlabeled
4173,1.9518907379278971e-07,0,0,unlabeled
4174,3.895512384888278e-11,0,0,unlabeled
4175,2.7990439827041413e-11,0,0,unlabeled
4176,0.005922941956669092,0,0,unlabeled
4177,1.7095923965371185e-07,0,0,unlabeled
4178,4.832807931620664e-08,0,0,unlabeled
4179,0.0017444302793592215,0,0,unlabeled
4180,4.068095904585789e-08,0,0,unlabeled
4181,7.87719756090155e-08,0,0,unlabeled
4182,8.928008554676126e-08,0,0,train
4183,2.157136622105149e-11,0,0,unlabeled
4184,3.401675469083543e-11,0,0,unlabeled
4185,0.0005165282636880875,0,0,unlabeled
4186,1.1059322346795852e-08,0,0,train
4187,8.067549295276422e-09,0,0,unlabeled
4188,0.00029370278934948146,0,0,unlabeled
4189,1.1263003862893584e-08,0,0,train
4190,7.264316703725626e-09,0,0,unlabeled
4191,1.74839875910493e-08,0,0,unlabeled
4192,3.785003126893782e-12,0,0,unlabeled
4193,3.1571184468809355e-12,0,0,train
4194,0.00028364529134705663,0,0,unlabeled
4195,1.7400184404436914e-08,0,0,val
4196,1.1423971990609516e-08,0,0,unlabeled
4197,0.00025886608636938035,0,0,unlabeled
4198,2.5455406671426317e-08,0,0,unlabeled
4199,1.4732010278351026e-08,0,0,unlabeled
4200,3.051055585956419e-08,0,0,unlabeled
4201,1.0825126385560768e-11,0,0,train
4202,8.611911531120064e-12,0,0,unlabeled
4203,9.322274308942724e-06,0,0,unlabeled
4204,1.7736155877301485e-09,0,0,unlabeled
4205,2.1131698613174876e-09,0,0,unlabeled
4206,2.405911436653696e-05,0,0,unlabeled
4207,3.550353344650148e-09,0,0,unlabeled
4208,2.2689388146091005e-09,0,0,train
4209,3.927971725659063e-09,0,0,unlabeled
4210,1.3155832759986774e-12,0,0,train
4211,1.1121724201312855e-12,0,0,unlabeled
4212,0.03952382504940033,0,0,unlabeled
4213,7.082904289745784e-07,0,0,unlabeled
4214,1.8341003737987194e-07,0,0,unlabeled
4215,0.018498869612812996,0,0,unlabeled
4216,1.7746526737028034e-07,0,0,unlabeled
4217,1.336357513537223e-07,0,0,unlabeled
4218,4.5893642663941137e-07,0,0,unlabeled
4219,7.533629275968678e-11,0,0,unlabeled
4220,1.195256393859978e-10,0,0,unlabeled
4221,0.0003907183709088713,0,0,val
4222,1.4247523161259323e-08,0,0,train
4223,9.701188297128738e-09,0,0,unlabeled
4224,0.00030674130539409816,0,0,train
4225,1.7586565093097306e-08,0,0,unlabeled
4226,1.8209272312219582e-08,0,0,train
4227,2.2995026327521373e-08,0,0,unlabeled
4228,1.3196830780937141e-11,0,0,unlabeled
4229,5.3945858197179675e-12,0,0,unlabeled
4230,0.00014429054863285273,0,0,unlabeled
4231,7.107905819481175e-09,0,0,unlabeled
4232,5.200542219085946e-09,0,0,unlabeled
4233,4.0979019104270265e-05,0,0,val
4234,4.705679401695306e-09,0,0,unlabeled
4235,5.2861177657348435e-09,0,0,unlabeled
4236,9.897718200591044e-09,0,0,unlabeled
4237,6.975136180448205e-12,0,0,unlabeled
4238,3.1177137694432533e-12,0,0,unlabeled
4239,5.813108145957813e-06,0,0,unlabeled
4240,8.688939567846887e-10,0,0,unlabeled
4241,9.885826601774284e-10,0,0,val
4242,6.068627499189461e-06,0,0,unlabeled
4243,1.605632293788517e-09,0,0,unlabeled
4244,6.650627271120868e-10,0,0,val
4245,2.117862774042578e-09,0,0,train
4246,4.869520585371045e-13,0,0,train
4247,4.434247565486549e-13,0,0,unlabeled
4248,8.605624316260219e-06,0,0,unlabeled
4249,2.3280277705595154e-09,0,0,unlabeled
4250,2.3975239571427664e-09,0,0,unlabeled
4251,1.4119370462140068e-05,0,0,train
4252,5.328736119025734e-09,0,0,unlabeled
4253,2.1813097994538566e-09,0,0,unlabeled
4254,4.835950306869563e-09,0,0,unlabeled
4255,2.1031663823695146e-12,0,0,unlabeled
4256,1.776060418526293e-12,0,0,train
4257,3.860826893742342e-07,0,0,unlabeled
4258,1.8328286111035652e-10,0,0,unlabeled
4259,1.1994080728605638e-10,0,0,unlabeled
4260,1.1937945600948296e-06,0,0,unlabeled
4261,4.0608122420238146e-10,0,0,unlabeled
4262,2.630984874407716e-10,0,0,unlabeled
4263,4.35584318614346e-10,0,0,unlabeled
4264,2.3033904970014285e-13,0,0,unlabeled
4265,2.0464049020878922e-13,0,0,unlabeled
4266,0.0018092610407620668,0,0,unlabeled
4267,9.625657604317439e-09,0,0,unlabeled
4268,8.314136934473026e-09,0,0,unlabeled
4269,0.0007400494650937617,0,0,unlabeled
4270,7.0001768825989075e-09,0,0,unlabeled
4271,8.29141111324816e-09,0,0,unlabeled
4272,1.6288662862962155e-08,0,0,unlabeled
4273,2.7411686202155616e-12,0,0,unlabeled
4274,1.5175608165940435e-12,0,0,unlabeled
4275,1.3777341337117832e-05,0,0,train
4276,5.975950290171284e-10,0,0,unlabeled
4277,7.09117820019145e-10,0,0,unlabeled
4278,1.4588817975891288e-05,0,0,unlabeled
4279,1.0468454991752196e-09,0,0,unlabeled
4280,5.970869354499087e-10,0,0,unlabeled
4281,1.3227310358132627e-09,0,0,unlabeled
4282,1.3890445868178225e-13,0,0,unlabeled
4283,1.3141029063523657e-13,0,0,unlabeled
4284,4.0266445466841105e-06,0,0,unlabeled
4285,2.712813862437713e-10,0,0,unlabeled
4286,3.650650337583272e-10,0,0,unlabeled
4287,2.1081907561892876e-06,0,0,unlabeled
4288,2.814591892885687e-10,0,0,unlabeled
4289,1.6239043443277978e-10,0,0,train
4290,5.255683110938492e-10,0,0,unlabeled
4291,7.041847031701021e-14,0,0,unlabeled
4292,7.069178413216665e-14,0,0,train
4293,4.059907041664701e-07,0,0,unlabeled
4294,5.183622281412781e-11,0,0,train
4295,3.0249702048790184e-11,0,0,train
4296,4.3495464296938735e-07,0,0,train
4297,3.9034928067671615e-11,0,0,train
4298,3.204410001234059e-11,0,0,train
4299,5.79378905962713e-11,0,0,unlabeled
4300,9.837460978202178e-15,0,0,unlabeled
4301,1.0373637916011834e-14,0,0,unlabeled
4302,2.275339454627101e-07,0,0,train
4303,3.1905172948043514e-11,0,0,unlabeled
4304,1.8220189246243024e-11,0,0,unlabeled
4305,3.7521476770052686e-07,0,0,unlabeled
4306,3.528551062448315e-11,0,0,unlabeled
4307,2.3876418203672145e-11,0,0,unlabeled
4308,4.900066463697783e-11,0,0,unlabeled
4309,6.786375033842251e-15,0,0,train
4310,6.442317450447606e-15,0,0,unlabeled
4311,7.952706937430776e-09,0,0,unlabeled
4312,7.752805016893183e-13,0,0,unlabeled
4313,6.507853609304115e-13,0,0,train
4314,1.8270121415753238e-08,0,0,unlabeled
4315,1.6916445457967888e-12,0,0,unlabeled
4316,1.2712168557388326e-12,0,0,unlabeled
4317,8.526475966247338e-13,0,0,unlabeled
4318,2.792865488699951e-17,0,0,unlabeled
4319,1.5647203238681738e-17,0,0,unlabeled
4320,0.9974887371063232,1,1,unlabeled
4321,0.03909026086330414,0,0,train
4322,0.028450384736061096,0,0,unlabeled
4323,0.9973022937774658,1,1,unlabeled
4324,0.03441601246595383,0,0,unlabeled
4325,0.02805096097290516,0,0,unlabeled
4326,0.09037436544895172,0,0,unlabeled
4327,1.1722590897988994e-05,0,0,val
4328,1.1035723218810745e-05,0,0,unlabeled
4329,0.9903302192687988,1,1,unlabeled
4330,0.007609692867845297,0,0,val
4331,0.004480795469135046,0,0,unlabeled
4332,0.993787944316864,1,1,unlabeled
4333,0.011008050292730331,0,0,unlabeled
4334,0.006263297982513905,0,0,unlabeled
4335,0.017269212752580643,0,0,unlabeled
4336,4.232965693518054e-06,0,0,unlabeled
4337,4.600351076078368e-06,0,0,unlabeled
4338,0.9786045551300049,1,1,unlabeled
4339,0.005803538486361504,0,0,unlabeled
4340,0.002510241698473692,0,0,unlabeled
4341,0.9696756601333618,1,1,unlabeled
4342,0.0034586440306156874,0,0,unlabeled
4343,0.0028268853202462196,0,0,unlabeled
4344,0.007672170177102089,0,0,unlabeled
4345,1.3967335235065548e-06,0,0,unlabeled
4346,1.1340615628796513e-06,0,0,unlabeled
4347,0.9689220190048218,1,1,unlabeled
4348,0.0017530623590573668,0,0,unlabeled
4349,0.0009105881908908486,0,0,unlabeled
4350,0.9721276164054871,1,1,unlabeled
4351,0.0015867475885897875,0,0,unlabeled
4352,0.0010540807852521539,0,0,unlabeled
4353,0.004650905262678862,0,0,train
4354,1.1558323649296653e-06,0,0,train
4355,9.304006880483939e-07,0,0,unlabeled
4356,0.8287352919578552,0,1,unlabeled
4357,0.0007728427299298346,0,0,unlabeled
4358,0.0004355227865744382,0,0,unlabeled
4359,0.9294618368148804,1,1,unlabeled
4360,0.001250960398465395,0,0,unlabeled
4361,0.0007524430402554572,0,0,unlabeled
4362,0.0024396227672696114,0,0,unlabeled
4363,8.424667043982481e-07,0,0,unlabeled
4364,1.1733803830793477e-06,0,0,unlabeled
4365,0.5613402724266052,0,1,unlabeled
4366,0.00031751420465297997,0,0,unlabeled
4367,0.00012631584831979126,0,0,unlabeled
4368,0.8500185012817383,0,1,train
4369,0.00039495743112638593,0,0,unlabeled
4370,0.00023215121473185718,0,0,unlabeled
4371,0.0005504022701643407,0,0,unlabeled
4372,4.68566014433236e-07,0,0,train
4373,3.26653264437482e-07,0,0,unlabeled
4374,0.996428906917572,1,1,unlabeled
4375,0.013141267001628876,0,0,unlabeled
4376,0.008936193771660328,0,0,unlabeled
4377,0.993924081325531,1,1,unlabeled
4378,0.011710671707987785,0,0,unlabeled
4379,0.006741086486726999,0,0,unlabeled
4380,0.03299771621823311,0,0,unlabeled
4381,3.3803319183789426e-06,0,0,unlabeled
4382,2.570818878666614e-06,0,0,unlabeled
4383,0.9517190456390381,1,1,unlabeled
4384,0.0017758444882929325,0,0,unlabeled
4385,0.0006598211475647986,0,0,unlabeled
4386,0.9596620798110962,1,1,unlabeled
4387,0.0028059992473572493,0,0,unlabeled
4388,0.0010127694113180041,0,0,unlabeled
4389,0.0028022858314216137,0,0,unlabeled
4390,7.181960768321005e-07,0,0,train
4391,7.356982223427622e-07,0,0,unlabeled
4392,0.9369221925735474,1,1,unlabeled
4393,0.0009711633902043104,0,0,unlabeled
4394,0.00045925943413749337,0,0,unlabeled
4395,0.8918559551239014,0,1,unlabeled
4396,0.0009993136627599597,0,0,unlabeled
4397,0.0005161222070455551,0,0,unlabeled
4398,0.0026733186095952988,0,0,unlabeled
4399,4.375708044790372e-07,0,0,unlabeled
4400,3.485645549972105e-07,0,0,unlabeled
4401,0.8030434846878052,0,1,unlabeled
4402,0.00020644253527279943,0,0,unlabeled
4403,0.00010608234151732177,0,0,unlabeled
4404,0.790318489074707,0,1,unlabeled
4405,0.00022592478489968926,0,0,unlabeled
4406,0.00015952525427564979,0,0,unlabeled
4407,0.0003758676175493747,0,0,train
4408,1.8865242168430996e-07,0,0,train
4409,1.2327997467309615e-07,0,0,val
4410,0.553530216217041,0,0,unlabeled
4411,0.00012005940516246483,0,0,unlabeled
4412,6.760597898392007e-05,0,0,train
4413,0.672574520111084,0,0,unlabeled
4414,0.00020068205776624382,0,0,unlabeled
4415,0.00013746312470175326,0,0,unlabeled
4416,0.00033868159516714513,0,0,unlabeled
4417,2.5283318905167107e-07,0,0,unlabeled
4418,1.5880355874742236e-07,0,0,unlabeled
4419,0.17058266699314117,0,0,val
4420,2.393772592768073e-05,0,0,train
4421,1.2666744623857085e-05,0,0,unlabeled
4422,0.2937241494655609,0,0,unlabeled
4423,6.14498057984747e-05,0,0,train
4424,2.6400835849926807e-05,0,0,unlabeled
4425,8.1263278843835e-05,0,0,unlabeled
4426,5.180447359975915e-08,0,0,unlabeled
4427,3.724872499333287e-08,0,0,train
4428,0.9565372467041016,1,1,unlabeled
4429,0.003935266751796007,0,0,unlabeled
4430,0.0012465056497603655,0,0,unlabeled
4431,0.9631169438362122,1,1,unlabeled
4432,0.001590707921423018,0,0,unlabeled
4433,0.0008195809205062687,0,0,unlabeled
4434,0.0036406745202839375,0,0,unlabeled
4435,1.360748910883558e-06,0,0,val
4436,6.96502638675156e-07,0,0,unlabeled
4437,0.5545449256896973,0,0,train
4438,0.00016930045967455953,0,0,unlabeled
4439,6.061086605768651e-05,0,0,val
4440,0.719123899936676,0,0,unlabeled
4441,0.00017757031309884042,0,0,unlabeled
4442,9.449540812056512e-05,0,0,unlabeled
4443,0.00024223700165748596,0,0,unlabeled
4444,1.6118933388042933e-07,0,0,unlabeled
4445,1.7202638957769523e-07,0,0,unlabeled
4446,0.41802525520324707,0,0,unlabeled
4447,6.038276478648186e-05,0,0,unlabeled
4448,3.25770779454615e-05,0,0,unlabeled
4449,0.3130931854248047,0,0,unlabeled
4450,6.799292896175757e-05,0,0,unlabeled
4451,2.8730943085975014e-05,0,0,unlabeled
4452,0.0001139336236519739,0,0,unlabeled
4453,8.967603548626357e-08,0,0,train
4454,6.260862051021832e-08,0,0,unlabeled
4455,0.09061212837696075,0,0,unlabeled
4456,1.2749421330227051e-05,0,0,unlabeled
4457,6.729915185132995e-06,0,0,unlabeled
4458,0.11412880569696426,0,0,train
4459,1.5181713024503551e-05,0,0,unlabeled
4460,8.511858140991535e-06,0,0,unlabeled
4461,2.3066968424245715e-05,0,0,unlabeled
4462,3.146214666571723e-08,0,0,unlabeled
4463,1.8545943447634272e-08,0,0,unlabeled
4464,0.06929431855678558,0,0,unlabeled
4465,2.2984053430263884e-05,0,0,train
4466,8.906856237445027e-06,0,0,unlabeled
4467,0.19486504793167114,0,0,unlabeled
4468,2.6038602300104685e-05,0,0,unlabeled
4469,2.11986498470651e-05,0,0,unlabeled
4470,5.731381315854378e-05,0,0,train
4471,4.701886169300451e-08,0,0,unlabeled
4472,3.8784367717425994e-08,0,0,unlabeled
4473,0.008491764776408672,0,0,unlabeled
4474,3.3528972380736377e-06,0,0,unlabeled
4475,1.3063652204436949e-06,0,0,unlabeled
4476,0.016169000416994095,0,0,unlabeled
4477,4.201627234579064e-06,0,0,train
4478,2.6702446120907553e-06,0,0,unlabeled
4479,5.3879762162978295e-06,0,0,unlabeled
4480,9.175183279808152e-09,0,0,unlabeled
4481,6.914242955957661e-09,0,0,unlabeled
4482,0.8552075028419495,0,1,unlabeled
4483,0.0003722340043168515,0,0,unlabeled
4484,0.0001937932538567111,0,0,unlabeled
4485,0.8628483414649963,0,1,unlabeled
4486,0.00023927539587020874,0,0,unlabeled
4487,0.00018370819452684373,0,0,val
4488,0.0006366337183862925,0,0,unlabeled
4489,2.903184679325932e-07,0,0,unlabeled
4490,2.4433350631625217e-07,0,0,unlabeled
4491,0.28579118847846985,0,0,val
4492,3.0433193387580104e-05,0,0,unlabeled
4493,2.0375149688334204e-05,0,0,unlabeled
4494,0.301340252161026,0,0,unlabeled
4495,4.197942325845361e-05,0,0,unlabeled
4496,2.6299390810891055e-05,0,0,unlabeled
4497,6.246852717595175e-05,0,0,unlabeled
4498,5.846091966077438e-08,0,0,unlabeled
4499,8.221793024176804e-08,0,0,unlabeled
4500,0.11766382306814194,0,0,unlabeled
4501,1.4153924894344527e-05,0,0,val
4502,1.144117322837701e-05,0,0,unlabeled
4503,0.08892422914505005,0,0,unlabeled
4504,1.334007265541004e-05,0,0,unlabeled
4505,9.327210136689246e-06,0,0,unlabeled
4506,2.7779055017163046e-05,0,0,unlabeled
4507,3.106056567503401e-08,0,0,unlabeled
4508,2.7537193858506726e-08,0,0,unlabeled
4509,0.02643454447388649,0,0,unlabeled
4510,4.140667442698032e-06,0,0,train
4511,2.9155587526474847e-06,0,0,unlabeled
4512,0.03224891796708107,0,0,unlabeled
4513,4.746149897982832e-06,0,0,unlabeled
4514,3.6640378766605863e-06,0,0,unlabeled
4515,7.258894129336113e-06,0,0,unlabeled
4516,1.5389062468784687e-08,0,0,unlabeled
4517,9.870871231498768e-09,0,0,unlabeled
4518,0.015386522747576237,0,0,unlabeled
4519,4.6253994696598966e-06,0,0,unlabeled
4520,3.3014853215718176e-06,0,0,unlabeled
4521,0.03719622641801834,0,0,val
4522,7.378719146799995e-06,0,0,unlabeled
4523,7.689755875617266e-06,0,0,unlabeled
4524,1.1156802429468371e-05,0,0,unlabeled
4525,1.783321401660487e-08,0,0,unlabeled
4526,1.7092069981572422e-08,0,0,unlabeled
4527,0.003043388482183218,0,0,unlabeled
4528,1.0142896371689858e-06,0,0,unlabeled
4529,7.335963800869649e-07,0,0,unlabeled
4530,0.004994915798306465,0,0,train
4531,1.7264120515392278e-06,0,0,unlabeled
4532,1.37921756504511e-06,0,0,unlabeled
4533,2.353451463932288e-06,0,0,unlabeled
4534,4.428390987243347e-09,0,0,unlabeled
4535,3.7065082114651204e-09,0,0,unlabeled
4536,0.9975388050079346,1,1,unlabeled
4537,0.05295778065919876,0,0,unlabeled
4538,0.03517882525920868,0,0,train
4539,0.9973005652427673,1,1,unlabeled
4540,0.04400286450982094,0,0,unlabeled
4541,0.022814027965068817,0,0,unlabeled
4542,0.11383127421140671,0,0,unlabeled
4543,2.986388426506892e-05,0,0,unlabeled
4544,8.662463187647518e-06,0,0,unlabeled
4545,0.9925416707992554,1,1,train
4546,0.014228384010493755,0,0,unlabeled
4547,0.008097236976027489,0,0,unlabeled
4548,0.9951047897338867,1,1,unlabeled
4549,0.016136640682816505,0,0,unlabeled
4550,0.006644230801612139,0,0,unlabeled
4551,0.023563597351312637,0,0,unlabeled
4552,3.915747129212832e-06,0,0,unlabeled
4553,3.456354761510738e-06,0,0,unlabeled
4554,0.9724113941192627,1,1,unlabeled
4555,0.005560625344514847,0,0,train
4556,0.0041491370648145676,0,0,train
4557,0.9726138710975647,1,1,unlabeled
4558,0.004074591677635908,0,0,unlabeled
4559,0.0015065395273268223,0,0,unlabeled
4560,0.012309850193560123,0,0,unlabeled
4561,1.6127883100125473e-06,0,0,val
4562,1.1006492286469438e-06,0,0,unlabeled
4563,0.977837085723877,1,1,unlabeled
4564,0.0025585016701370478,0,0,val
4565,0.0011768573895096779,0,0,unlabeled
4566,0.9718568921089172,1,1,train
4567,0.0020475618075579405,0,0,train
4568,0.0009128894889727235,0,0,val
4569,0.004721431061625481,0,0,train
4570,1.054314225257258e-06,0,0,unlabeled
4571,6.744029406036134e-07,0,0,train
4572,0.7851158380508423,0,0,val
4573,0.00048530081403441727,0,0,unlabeled
4574,0.00023192688240669668,0,0,train
4575,0.857922375202179,0,0,train
4576,0.0008310223929584026,0,0,unlabeled
4577,0.0004450647975318134,0,0,train
4578,0.0014459573430940509,0,0,unlabeled
4579,7.431546009684098e-07,0,0,unlabeled
4580,5.063377557235071e-07,0,0,unlabeled
4581,0.5578276515007019,0,0,train
4582,0.00015710334992036223,0,0,train
4583,6.906754424562678e-05,0,0,train
4584,0.7489866018295288,0,0,unlabeled
4585,0.00028426197241060436,0,0,unlabeled
4586,0.00013490693527273834,0,0,unlabeled
4587,0.00036141357850283384,0,0,unlabeled
4588,2.2996393056473607e-07,0,0,unlabeled
4589,1.7711694511035603e-07,0,0,train
4590,0.9976321458816528,1,1,train
4591,0.028848472982645035,0,0,unlabeled
4592,0.01387942023575306,0,0,unlabeled
4593,0.9971438050270081,1,1,unlabeled
4594,0.01858133263885975,0,0,unlabeled
4595,0.010560678318142891,0,0,unlabeled
4596,0.04841570928692818,0,0,unlabeled
4597,4.687551154347602e-06,0,0,unlabeled
4598,3.115578920187545e-06,0,0,unlabeled
4599,0.97807776927948,1,1,train
4600,0.0027929472271353006,0,0,train
4601,0.0012675340985879302,0,0,unlabeled
4602,0.9828625321388245,1,1,unlabeled
4603,0.004459789022803307,0,0,unlabeled
4604,0.001521789701655507,0,0,unlabeled
4605,0.004806865938007832,0,0,unlabeled
4606,9.388576245328295e-07,0,0,unlabeled
4607,6.598997401852102e-07,0,0,unlabeled
4608,0.9693610072135925,1,1,unlabeled
4609,0.0017479413654655218,0,0,train
4610,0.0009782447014003992,0,0,train
4611,0.9419954419136047,1,1,unlabeled
4612,0.0010784807382151484,0,0,unlabeled
4613,0.0006071175448596478,0,0,unlabeled
4614,0.0030436706729233265,0,0,unlabeled
4615,5.732832732974202e-07,0,0,unlabeled
4616,3.8622968645540823e-07,0,0,unlabeled
4617,0.8962913155555725,1,1,unlabeled
4618,0.00041020751814357936,0,0,train
4619,0.0002080619742628187,0,0,train
4620,0.8898221850395203,0,1,unlabeled
4621,0.0003844351740553975,0,0,unlabeled
4622,0.0002087530738208443,0,0,unlabeled
4623,0.0006487453356385231,0,0,unlabeled
4624,2.1229035951364494e-07,0,0,unlabeled
4625,2.0290221414143161e-07,0,0,unlabeled
4626,0.5713438987731934,0,0,unlabeled
4627,0.0001516614865977317,0,0,unlabeled
4628,6.935490819159895e-05,0,0,unlabeled
4629,0.6864104270935059,0,0,unlabeled
4630,0.00022860997705720365,0,0,train
4631,0.00011422003444749862,0,0,val
4632,0.0003151537093799561,0,0,val
4633,2.2566875657048513e-07,0,0,train
4634,2.032027452969487e-07,0,0,unlabeled
4635,0.15772171318531036,0,0,unlabeled
4636,2.749475788732525e-05,0,0,val
4637,1.1862422979902476e-05,0,0,unlabeled
4638,0.2949763834476471,0,0,unlabeled
4639,5.8487039495958015e-05,0,0,train
4640,3.494648262858391e-05,0,0,unlabeled
4641,5.3126168495509773e-05,0,0,unlabeled
4642,6.81375311728516e-08,0,0,train
4643,3.8793540824144657e-08,0,0,unlabeled
4644,0.9820148944854736,1,1,unlabeled
4645,0.003855070099234581,0,0,unlabeled
4646,0.0013177187647670507,0,0,unlabeled
4647,0.9740689992904663,1,1,unlabeled
4648,0.0019180531380698085,0,0,unlabeled
4649,0.0009389265906065702,0,0,unlabeled
4650,0.005866409279406071,0,0,val
4651,1.1089622375948238e-06,0,0,train
4652,6.901036044837383e-07,0,0,unlabeled
4653,0.6685640215873718,0,0,unlabeled
4654,0.00020385764946695417,0,0,unlabeled
4655,8.211109525291249e-05,0,0,unlabeled
4656,0.7342101335525513,0,0,unlabeled
4657,0.0002422596444375813,0,0,val
4658,9.85722872428596e-05,0,0,train
4659,0.0003127767995465547,0,0,val
4660,1.6485797971199645e-07,0,0,train
4661,1.2152818840149848e-07,0,0,unlabeled
4662,0.5094289183616638,0,0,unlabeled
4663,9.675951878307387e-05,0,0,unlabeled
4664,4.5874843635829166e-05,0,0,unlabeled
4665,0.36505210399627686,0,0,unlabeled
4666,6.142807251308113e-05,0,0,unlabeled
4667,2.6293120754417032e-05,0,0,unlabeled
4668,0.00013702275464311242,0,0,unlabeled
4669,9.221152907912256e-08,0,0,unlabeled
4670,7.451226480270634e-08,0,0,unlabeled
4671,0.14625096321105957,0,0,unlabeled
4672,1.973640246433206e-05,0,0,unlabeled
4673,9.011288057081401e-06,0,0,unlabeled
4674,0.13439629971981049,0,0,unlabeled
4675,1.9023766071768478e-05,0,0,unlabeled
4676,9.766189577931073e-06,0,0,val
4677,2.658108678588178e-05,0,0,unlabeled
4678,2.9639556586857907e-08,0,0,unlabeled
4679,3.1414828072229284e-08,0,0,train
4680,0.06006669998168945,0,0,unlabeled
4681,1.4228493455448188e-05,0,0,train
4682,6.565322109963745e-06,0,0,train
4683,0.09492813795804977,0,0,unlabeled
4684,1.958632856258191e-05,0,0,unlabeled
4685,1.1541907952050678e-05,0,0,unlabeled
4686,3.0078703275648877e-05,0,0,unlabeled
4687,4.699581879208381e-08,0,0,unlabeled
4688,4.835962386096071e-08,0,0,train
4689,0.004462431650608778,0,0,unlabeled
4690,2.1906687379669165e-06,0,0,train
4691,1.1122477872049785e-06,0,0,unlabeled
4692,0.009346415288746357,0,0,unlabeled
4693,4.052127223985735e-06,0,0,unlabeled
4694,3.165236876156996e-06,0,0,train
4695,4.5054002839606255e-06,0,0,unlabeled
4696,1.3050643232759285e-08,0,0,unlabeled
4697,6.906110794346887e-09,0,0,unlabeled
4698,0.8913179039955139,0,1,unlabeled
4699,0.00046253501204773784,0,0,unlabeled
4700,0.00026238287682645023,0,0,unlabeled
4701,0.8751004338264465,0,1,unlabeled
4702,0.0003425816830713302,0,0,unlabeled
4703,0.00019549101125448942,0,0,unlabeled
4704,0.0008053983910940588,0,0,unlabeled
4705,2.994869987560378e-07,0,0,train
4706,2.657790787452541e-07,0,0,val
4707,0.3211076259613037,0,0,unlabeled
4708,4.6077402657829225e-05,0,0,unlabeled
4709,2.3070266252034344e-05,0,0,train
4710,0.3670452833175659,0,0,unlabeled
4711,5.387805140344426e-05,0,0,unlabeled
4712,3.0410161343752407e-05,0,0,unlabeled
4713,6.502451287815347e-05,0,0,unlabeled
4714,6.469714008972005e-08,0,0,unlabeled
4715,5.347615328332722e-08,0,0,unlabeled
4716,0.16138915717601776,0,0,unlabeled
4717,2.0248447981430218e-05,0,0,unlabeled
4718,1.2870780665252823e-05,0,0,unlabeled
4719,0.10177861154079437,0,0,train
4720,1.3969004612590652e-05,0,0,unlabeled
4721,8.811379302642308e-06,0,0,unlabeled
4722,2.7395404686103575e-05,0,0,train
4723,3.640113277469936e-08,0,0,unlabeled
4724,3.275659921087026e-08,0,0,unlabeled
4725,0.040540583431720734,0,0,train
4726,5.429012617241824e-06,0,0,train
4727,3.828798526228638e-06,0,0,unlabeled
4728,0.03536112979054451,0,0,unlabeled
4729,5.925171990384115e-06,0,0,unlabeled
4730,3.6919620924891206e-06,0,0,unlabeled
4731,9.160215086012613e-06,0,0,train
4732,1.298620588841004e-08,0,0,train
4733,1.6829650562044662e-08,0,0,unlabeled
4734,0.011907894164323807,0,0,unlabeled
4735,3.7323547985579353e-06,0,0,unlabeled
4736,2.771168055915041e-06,0,0,unlabeled
4737,0.01994205452501774,0,0,unlabeled
4738,6.097820005379617e-06,0,0,unlabeled
4739,4.047291440656409e-06,0,0,unlabeled
4740,9.240823601430748e-06,0,0,train
4741,1.903444335482618e-08,0,0,unlabeled
4742,2.2262646837134525e-08,0,0,unlabeled
4743,0.0012907928321510553,0,0,val
4744,9.036210144586221e-07,0,0,train
4745,5.985149869047746e-07,0,0,unlabeled
4746,0.0035650895442813635,0,0,unlabeled
4747,1.730851522552257e-06,0,0,unlabeled
4748,1.650291324040154e-06,0,0,unlabeled
4749,1.994007106986828e-06,0,0,unlabeled
4750,6.259987195278427e-09,0,0,train
4751,3.6463376762441158e-09,0,0,unlabeled
4752,0.9969103932380676,1,1,unlabeled
4753,0.024271704256534576,0,0,unlabeled
4754,0.015623204410076141,0,0,unlabeled
4755,0.9949900507926941,1,1,unlabeled
4756,0.009204941801726818,0,0,unlabeled
4757,0.007499844301491976,0,0,unlabeled
4758,0.03633797541260719,0,0,unlabeled
4759,4.044537035952089e-06,0,0,unlabeled
4760,3.414605544094229e-06,0,0,unlabeled
4761,0.9894102811813354,1,1,unlabeled
4762,0.003605898004025221,0,0,unlabeled
4763,0.0026277918368577957,0,0,unlabeled
4764,0.9825548529624939,1,1,train
4765,0.0025908572133630514,0,0,train
4766,0.0018325389828532934,0,0,train
4767,0.006592912133783102,0,0,unlabeled
4768,1.2141597380832536e-06,0,0,unlabeled
4769,1.388066380059172e-06,0,0,unlabeled
4770,0.9326860308647156,1,1,unlabeled
4771,0.0008671175455674529,0,0,unlabeled
4772,0.0005394595791585743,0,0,unlabeled
4773,0.8071283102035522,0,1,unlabeled
4774,0.00031199297518469393,0,0,val
4775,0.00020737155864480883,0,0,unlabeled
4776,0.0011259972816333175,0,0,unlabeled
4777,3.834030906091357e-07,0,0,unlabeled
4778,2.946721338048519e-07,0,0,unlabeled
4779,0.8997651934623718,1,1,train
4780,0.00040764035657048225,0,0,unlabeled
4781,0.00021196415764279664,0,0,unlabeled
4782,0.8073656558990479,0,1,unlabeled
4783,0.00021582961198873818,0,0,unlabeled
4784,0.0001253569935215637,0,0,unlabeled
4785,0.000588832946959883,0,0,unlabeled
4786,2.6022837573691504e-07,0,0,train
4787,1.725398419694102e-07,0,0,unlabeled
4788,0.5708178877830505,0,0,unlabeled
4789,0.00013885348744224757,0,0,unlabeled
4790,8.749916014494374e-05,0,0,train
4791,0.5686355829238892,0,0,unlabeled
4792,0.00015299661026801914,0,0,unlabeled
4793,0.00011671860556816682,0,0,unlabeled
4794,0.0002770862483885139,0,0,unlabeled
4795,2.089231685431514e-07,0,0,unlabeled
4796,1.8194577933172695e-07,0,0,unlabeled
4797,0.31879913806915283,0,0,unlabeled
4798,4.1000632336363196e-05,0,0,unlabeled
4799,2.5084604203584604e-05,0,0,unlabeled
4800,0.37464839220046997,0,0,unlabeled
4801,5.375462933443487e-05,0,0,unlabeled
4802,4.3787455069832504e-05,0,0,unlabeled
4803,8.55484904604964e-05,0,0,val
4804,7.122157796857209e-08,0,0,unlabeled
4805,5.775140365926745e-08,0,0,unlabeled
4806,0.994610071182251,1,1,unlabeled
4807,0.0064615486189723015,0,0,unlabeled
4808,0.004444419872015715,0,0,unlabeled
4809,0.9865348935127258,1,1,unlabeled
4810,0.0028539448976516724,0,0,unlabeled
4811,0.002084530657157302,0,0,unlabeled
4812,0.011320183053612709,0,0,train
4813,1.3374287846090738e-06,0,0,unlabeled
4814,1.0208799494648702e-06,0,0,val
4815,0.9245927333831787,1,0,unlabeled
4816,0.0006272959872148931,0,0,unlabeled
4817,0.00036147094215266407,0,0,unlabeled
4818,0.9079321026802063,1,0,unlabeled
4819,0.0007835451979190111,0,0,unlabeled
4820,0.00029418227495625615,0,0,unlabeled
4821,0.0008993761730380356,0,0,unlabeled
4822,2.6262753749506373e-07,0,0,unlabeled
4823,1.9528923189682246e-07,0,0,unlabeled
4824,0.8144500255584717,0,0,unlabeled
4825,0.00019647918816190213,0,0,unlabeled
4826,0.00013123700045980513,0,0,unlabeled
4827,0.5783286094665527,0,0,unlabeled
4828,9.091373067349195e-05,0,0,unlabeled
4829,7.420972542604432e-05,0,0,unlabeled
4830,0.0003067106008529663,0,0,unlabeled
4831,1.272417193831643e-07,0,0,unlabeled
4832,1.2880632027645333e-07,0,0,unlabeled
4833,0.5113007426261902,0,0,unlabeled
4834,5.033287015976384e-05,0,0,unlabeled
4835,3.0683317163493484e-05,0,0,unlabeled
4836,0.3845222294330597,0,0,unlabeled
4837,3.940092938137241e-05,0,0,unlabeled
4838,2.3074821001500823e-05,0,0,unlabeled
4839,7.575709605589509e-05,0,0,unlabeled
4840,4.482918569692629e-08,0,0,unlabeled
4841,3.432940332004364e-08,0,0,unlabeled
4842,0.23076604306697845,0,0,unlabeled
4843,3.124056092929095e-05,0,0,unlabeled
4844,1.911281651700847e-05,0,0,unlabeled
4845,0.20485031604766846,0,0,unlabeled
4846,3.206628025509417e-05,0,0,unlabeled
4847,1.983389665838331e-05,0,0,unlabeled
4848,5.210289600654505e-05,0,0,unlabeled
4849,5.3366314034519746e-08,0,0,unlabeled
4850,4.3755150613833393e-08,0,0,unlabeled
4851,0.03437824174761772,0,0,unlabeled
4852,6.105966349423397e-06,0,0,unlabeled
4853,5.003708793083206e-06,0,0,train
4854,0.04598851501941681,0,0,train
4855,8.810446161078289e-06,0,0,unlabeled
4856,5.617358056042576e-06,0,0,train
4857,1.1666815225908067e-05,0,0,unlabeled
4858,1.2961138828870844e-08,0,0,train
4859,1.0497992697366954e-08,0,0,unlabeled
4860,0.9529439210891724,1,1,val
4861,0.0011621668236330152,0,0,train
4862,0.0005059060058556497,0,0,train
4863,0.8988209962844849,1,1,unlabeled
4864,0.000360386969987303,0,0,unlabeled
4865,0.00025937255122698843,0,0,unlabeled
4866,0.0013516144827008247,0,0,unlabeled
4867,3.71120080444598e-07,0,0,unlabeled
4868,3.609396515003027e-07,0,0,train
4869,0.42452919483184814,0,0,unlabeled
4870,6.0561356804100797e-05,0,0,unlabeled
4871,3.4069267712766305e-05,0,0,unlabeled
4872,0.39596569538116455,0,0,unlabeled
4873,4.956282282364555e-05,0,0,unlabeled
4874,3.945462594856508e-05,0,0,unlabeled
4875,8.481136319460347e-05,0,0,unlabeled
4876,6.942247665620016e-08,0,0,unlabeled
4877,4.5605201393073e-08,0,0,unlabeled
4878,0.17508547008037567,0,0,unlabeled
4879,1.8097549400408752e-05,0,0,unlabeled
4880,1.2122543012083042e-05,0,0,unlabeled
4881,0.06631071120500565,0,0,unlabeled
4882,9.200048225466162e-06,0,0,unlabeled
4883,7.173477115429705e-06,0,0,unlabeled
4884,2.484521974110976e-05,0,0,unlabeled
4885,3.148879912373559e-08,0,0,unlabeled
4886,2.1034795238961124e-08,0,0,unlabeled
4887,0.02942461334168911,0,0,unlabeled
4888,3.8074024359957548e-06,0,0,unlabeled
4889,3.0796575174463214e-06,0,0,train
4890,0.01843232661485672,0,0,unlabeled
4891,4.1579432945582084e-06,0,0,unlabeled
4892,1.935105501615908e-06,0,0,train
4893,7.102959443727741e-06,0,0,unlabeled
4894,7.313476046988399e-09,0,0,val
4895,5.5335518389654226e-09,0,0,train
4896,0.017561163753271103,0,0,unlabeled
4897,4.363757852843264e-06,0,0,train
4898,3.499339072732255e-06,0,0,unlabeled
4899,0.017137806862592697,0,0,unlabeled
4900,5.723170033888891e-06,0,0,unlabeled
4901,2.970820787595585e-06,0,0,unlabeled
4902,8.406308552366681e-06,0,0,unlabeled
4903,1.2777415570042194e-08,0,0,unlabeled
4904,1.1191501059215625e-08,0,0,unlabeled
4905,0.0011363178491592407,0,0,unlabeled
4906,6.249383659451269e-07,0,0,unlabeled
4907,4.21930081984101e-07,0,0,train
4908,0.0021398591343313456,0,0,unlabeled
4909,9.316980253970542e-07,0,0,train
4910,6.532929432978563e-07,0,0,unlabeled
4911,1.3063577171124052e-06,0,0,unlabeled
4912,2.4753050720249803e-09,0,0,unlabeled
4913,2.0013466439650074e-09,0,0,unlabeled
4914,0.7793020009994507,0,1,val
4915,0.00015151998377405107,0,0,unlabeled
4916,0.00011059820099035278,0,0,unlabeled
4917,0.6582559943199158,0,1,unlabeled
4918,8.314255683217198e-05,0,0,unlabeled
4919,8.71927259140648e-05,0,0,train
4920,0.0002461779222358018,0,0,unlabeled
4921,1.477101250202395e-07,0,0,train
4922,1.1034548208499473e-07,0,0,unlabeled
4923,0.1640150249004364,0,0,train
4924,1.6140380466822535e-05,0,0,unlabeled
4925,1.4467808796325698e-05,0,0,unlabeled
4926,0.13923892378807068,0,0,unlabeled
4927,1.968028118426446e-05,0,0,train
4928,1.0303977433068212e-05,0,0,train
4929,3.11409130517859e-05,0,0,unlabeled
4930,2.267503695918549e-08,0,0,unlabeled
4931,2.0577687109835097e-08,0,0,unlabeled
4932,0.04312104731798172,0,0,train
4933,5.517495083040558e-06,0,0,unlabeled
4934,5.542772669286933e-06,0,0,unlabeled
4935,0.016589738428592682,0,0,train
4936,3.746362835954642e-06,0,0,train
4937,2.237517264802591e-06,0,0,unlabeled
4938,8.972733667178545e-06,0,0,train
4939,1.0486405521703546e-08,0,0,unlabeled
4940,9.678363888099284e-09,0,0,train
4941,0.008331806398928165,0,0,unlabeled
4942,1.9266090021119453e-06,0,0,unlabeled
4943,1.1976260338997236e-06,0,0,val
4944,0.00679779564961791,0,0,unlabeled
4945,1.3580589666162268e-06,0,0,unlabeled
4946,9.561485967424233e-07,0,0,unlabeled
4947,2.290637439728016e-06,0,0,unlabeled
4948,3.3613236638529997e-09,0,0,unlabeled
4949,2.9280711189016984e-09,0,0,train
4950,0.004191874526441097,0,0,unlabeled
4951,1.8980572349391878e-06,0,0,unlabeled
4952,1.2333952099652379e-06,0,0,unlabeled
4953,0.005387458950281143,0,0,unlabeled
4954,1.8145449303119676e-06,0,0,unlabeled
4955,1.3257786122267134e-06,0,0,unlabeled
4956,2.917619667641702e-06,0,0,train
4957,5.454156237760799e-09,0,0,unlabeled
4958,4.9997770368293004e-09,0,0,val
4959,0.0004141247773077339,0,0,unlabeled
4960,3.226768114927836e-07,0,0,unlabeled
4961,2.4988545987980615e-07,0,0,train
4962,0.0006647839909419417,0,0,val
4963,4.42993979277162e-07,0,0,train
4964,3.5174258528059e-07,0,0,train
4965,6.114936468293308e-07,0,0,unlabeled
4966,1.209286226711015e-09,0,0,train
4967,1.0667823291399259e-09,0,0,unlabeled
4968,0.9892894625663757,1,1,unlabeled
4969,0.00490517308935523,0,0,unlabeled
4970,0.0034968890249729156,0,0,unlabeled
4971,0.9781661629676819,1,1,unlabeled
4972,0.0022111181169748306,0,0,train
4973,0.001647022319957614,0,0,unlabeled
4974,0.007366837002336979,0,0,unlabeled
4975,1.6429844436061103e-06,0,0,unlabeled
4976,1.3106154028719175e-06,0,0,train
4977,0.9195078015327454,1,0,unlabeled
4978,0.000588078866712749,0,0,train
4979,0.00044454328599385917,0,0,train
4980,0.892659604549408,0,0,train
4981,0.0004767589853145182,0,0,unlabeled
4982,0.00031171971932053566,0,0,unlabeled
4983,0.0009736806969158351,0,0,unlabeled
4984,4.2017290979856625e-07,0,0,unlabeled
4985,5.232977287050744e-07,0,0,unlabeled
4986,0.643525242805481,0,0,unlabeled
4987,0.0001765569904819131,0,0,unlabeled
4988,0.00010716485121520236,0,0,unlabeled
4989,0.4346672296524048,0,0,val
4990,8.010893361642957e-05,0,0,unlabeled
4991,5.0079495849786326e-05,0,0,unlabeled
4992,0.00018830897170118988,0,0,unlabeled
4993,1.5505685269090463e-07,0,0,unlabeled
4994,1.1816256773045097e-07,0,0,unlabeled
4995,0.4559215009212494,0,0,unlabeled
4996,6.467479397542775e-05,0,0,train
4997,3.537979500833899e-05,0,0,train
4998,0.33991101384162903,0,0,train
4999,4.079879727214575e-05,0,0,unlabeled
5000,2.3397098630084656e-05,0,0,unlabeled
5001,7.644695142516866e-05,0,0,unlabeled
5002,9.624632468785421e-08,0,0,unlabeled
5003,5.705387806642648e-08,0,0,unlabeled
5004,0.17393486201763153,0,0,unlabeled
5005,4.198866736260243e-05,0,0,train
5006,2.410056367807556e-05,0,0,unlabeled
5007,0.18235133588314056,0,0,unlabeled
5008,4.445653758011758e-05,0,0,unlabeled
5009,3.413782542338595e-05,0,0,unlabeled
5010,6.156776362331584e-05,0,0,unlabeled
5011,1.0016169937898667e-07,0,0,unlabeled
5012,8.33209483630526e-08,0,0,unlabeled
5013,0.05608998239040375,0,0,unlabeled
5014,9.447762749914546e-06,0,0,unlabeled
5015,6.019593001838075e-06,0,0,unlabeled
5016,0.06721749156713486,0,0,unlabeled
5017,1.3006930203118827e-05,0,0,unlabeled
5018,1.1115426787000615e-05,0,0,unlabeled
5019,1.7483838746557012e-05,0,0,unlabeled
5020,2.9895616648900614e-08,0,0,unlabeled
5021,2.3980923913313745e-08,0,0,unlabeled
5022,0.9802651405334473,1,1,unlabeled
5023,0.001733084092848003,0,0,unlabeled
5024,0.0011369474232196808,0,0,unlabeled
5025,0.9557861089706421,1,1,unlabeled
5026,0.0008140081772580743,0,0,train
5027,0.000519775552675128,0,0,unlabeled
5028,0.0025405671913176775,0,0,train
5029,5.553516757572652e-07,0,0,unlabeled
5030,4.2664117927415646e-07,0,0,train
5031,0.6904882788658142,0,0,unlabeled
5032,0.00013881895574741066,0,0,val
5033,8.287223317893222e-05,0,0,unlabeled
5034,0.6517272591590881,0,0,unlabeled
5035,0.00020023748220410198,0,0,unlabeled
5036,6.59509387332946e-05,0,0,unlabeled
5037,0.00017551447672303766,0,0,unlabeled
5038,1.0633765157308517e-07,0,0,unlabeled
5039,8.184788669041154e-08,0,0,unlabeled
5040,0.4386162757873535,0,0,unlabeled
5041,5.4328156693372875e-05,0,0,unlabeled
5042,3.4373486414551735e-05,0,0,train
5043,0.22548088431358337,0,0,train
5044,2.8083266442990862e-05,0,0,unlabeled
5045,2.4182869310607202e-05,0,0,train
5046,6.121958722360432e-05,0,0,unlabeled
5047,5.5315705793645975e-08,0,0,unlabeled
5048,5.93925371106252e-08,0,0,unlabeled
5049,0.10870037227869034,0,0,unlabeled
5050,1.1631144843704533e-05,0,0,unlabeled
5051,7.051959983073175e-06,0,0,train
5052,0.08021720498800278,0,0,train
5053,9.522642358206213e-06,0,0,train
5054,5.543623501580441e-06,0,0,train
5055,1.3833201592206024e-05,0,0,unlabeled
5056,1.630230705984559e-08,0,0,unlabeled
5057,1.2135730642626186e-08,0,0,unlabeled
5058,0.05582035705447197,0,0,unlabeled
5059,1.1308592547720764e-05,0,0,unlabeled
5060,7.109783837222494e-06,0,0,unlabeled
5061,0.04861298203468323,0,0,unlabeled
5062,1.199465350509854e-05,0,0,unlabeled
5063,7.198045295808697e-06,0,0,unlabeled
5064,1.5700446965638548e-05,0,0,unlabeled
5065,2.7648505707134063e-08,0,0,unlabeled
5066,2.1505876190985873e-08,0,0,unlabeled
5067,0.005083662923425436,0,0,train
5068,1.8950186131405644e-06,0,0,unlabeled
5069,1.6922487020565313e-06,0,0,unlabeled
5070,0.007212099153548479,0,0,train
5071,2.8379233754094457e-06,0,0,unlabeled
5072,1.7959463320948998e-06,0,0,unlabeled
5073,3.2561338230152614e-06,0,0,unlabeled
5074,5.933057156681798e-09,0,0,unlabeled
5075,4.6541135390043564e-09,0,0,unlabeled
5076,0.8458662629127502,0,1,train
5077,0.00039964300231076777,0,0,val
5078,0.00016291573410853744,0,0,unlabeled
5079,0.7189632058143616,0,1,unlabeled
5080,0.0001291541993850842,0,0,unlabeled
5081,8.660190360387787e-05,0,0,train
5082,0.00035288036451675,0,0,unlabeled
5083,1.90943936217991e-07,0,0,unlabeled
5084,2.0156640800905734e-07,0,0,unlabeled
5085,0.12650451064109802,0,0,unlabeled
5086,1.8067268683807924e-05,0,0,unlabeled
5087,1.1028306289517786e-05,0,0,unlabeled
5088,0.11864448338747025,0,0,unlabeled
5089,1.62533233378781e-05,0,0,unlabeled
5090,1.4089912838244345e-05,0,0,unlabeled
5091,2.492205567250494e-05,0,0,unlabeled
5092,3.622064426167526e-08,0,0,val
5093,2.245129770983567e-08,0,0,unlabeled
5094,0.04067589342594147,0,0,unlabeled
5095,7.218241080408916e-06,0,0,unlabeled
5096,4.662325864046579e-06,0,0,unlabeled
5097,0.01610364392399788,0,0,unlabeled
5098,3.951365670218365e-06,0,0,unlabeled
5099,3.3529870506754378e-06,0,0,unlabeled
5100,8.051878467085771e-06,0,0,train
5101,1.753939748994071e-08,0,0,unlabeled
5102,1.073956923391961e-08,0,0,unlabeled
5103,0.00401367899030447,0,0,unlabeled
5104,1.2881139355158666e-06,0,0,train
5105,1.1323378430461162e-06,0,0,unlabeled
5106,0.0030747251585125923,0,0,unlabeled
5107,1.603391979188018e-06,0,0,unlabeled
5108,7.38153062229685e-07,0,0,unlabeled
5109,2.2266165160544915e-06,0,0,train
5110,3.380876467673488e-09,0,0,unlabeled
5111,2.53591991850044e-09,0,0,unlabeled
5112,0.0037520667538046837,0,0,unlabeled
5113,2.1098137494846014e-06,0,0,train
5114,1.722248498481349e-06,0,0,unlabeled
5115,0.0039392635226249695,0,0,unlabeled
5116,2.8915815164509695e-06,0,0,unlabeled
5117,1.416341433468915e-06,0,0,unlabeled
5118,3.2015184388001217e-06,0,0,unlabeled
5119,7.602214857627132e-09,0,0,unlabeled
5120,6.216368308997744e-09,0,0,unlabeled
5121,0.00023070789757184684,0,0,unlabeled
5122,2.7924525625167007e-07,0,0,unlabeled
5123,1.887046181536789e-07,0,0,unlabeled
5124,0.000514217943418771,0,0,train
5125,4.319741719882586e-07,0,0,train
5126,2.911694423346489e-07,0,0,unlabeled
5127,5.119029538036557e-07,0,0,unlabeled
5128,1.3789370756356334e-09,0,0,unlabeled
5129,1.0828936636286812e-09,0,0,unlabeled
5130,0.4755609631538391,0,1,unlabeled
5131,5.250731555861421e-05,0,0,train
5132,3.73549664800521e-05,0,0,unlabeled
5133,0.33209487795829773,0,1,unlabeled
5134,3.214757452951744e-05,0,0,train
5135,3.366257078596391e-05,0,0,unlabeled
5136,7.451265992131084e-05,0,0,unlabeled
5137,8.679456442450828e-08,0,0,unlabeled
5138,5.791399360077776e-08,0,0,train
5139,0.03436106815934181,0,0,unlabeled
5140,5.4362922128348146e-06,0,0,unlabeled
5141,5.8595946939021815e-06,0,0,unlabeled
5142,0.027854349464178085,0,0,train
5143,7.4149279498669785e-06,0,0,unlabeled
5144,3.820952315436443e-06,0,0,unlabeled
5145,1.0785276572278235e-05,0,0,unlabeled
5146,1.132601479270079e-08,0,0,unlabeled
5147,1.0193049071460791e-08,0,0,unlabeled
5148,0.008248001337051392,0,0,unlabeled
5149,2.2199419618118554e-06,0,0,unlabeled
5150,2.462616293996689e-06,0,0,unlabeled
5151,0.003845777828246355,0,0,unlabeled
5152,1.8514614339437685e-06,0,0,unlabeled
5153,1.093335413315799e-06,0,0,train
5154,3.4644565403141314e-06,0,0,train
5155,5.593186802599348e-09,0,0,unlabeled
5156,4.913932816208444e-09,0,0,unlabeled
5157,0.001024985802359879,0,0,unlabeled
5158,7.59132831262832e-07,0,0,unlabeled
5159,4.2133859778914484e-07,0,0,unlabeled
5160,0.0011489081662148237,0,0,train
5161,4.965315270055726e-07,0,0,unlabeled
5162,3.520207769724948e-07,0,0,unlabeled
5163,7.178468877100386e-07,0,0,unlabeled
5164,1.496979318282854e-09,0,0,unlabeled
5165,1.2831186113615445e-09,0,0,unlabeled
5166,0.0009064664482139051,0,0,unlabeled
5167,1.075543536899204e-06,0,0,unlabeled
5168,6.112283585935074e-07,0,0,unlabeled
5169,0.0013960999203845859,0,0,unlabeled
5170,9.393081086273014e-07,0,0,unlabeled
5171,6.71686564146512e-07,0,0,train
5172,1.2780299130099593e-06,0,0,unlabeled
5173,3.278027183029053e-09,0,0,unlabeled
5174,2.804711796144943e-09,0,0,unlabeled
5175,8.909409370971844e-05,0,0,unlabeled
5176,1.4280134053024085e-07,0,0,unlabeled
5177,1.0839009689789236e-07,0,0,train
5178,0.00014338668552227318,0,0,val
5179,1.9906902082311717e-07,0,0,unlabeled
5180,1.4693961247758125e-07,0,0,unlabeled
5181,2.5151510385512665e-07,0,0,unlabeled
5182,6.649434891592421e-10,0,0,train
5183,5.76917902339602e-10,0,0,val
5184,0.998761773109436,1,1,unlabeled
5185,0.2633468806743622,0,0,unlabeled
5186,0.1346798837184906,0,0,unlabeled
5187,0.9985717535018921,1,1,unlabeled
5188,0.32141947746276855,0,0,unlabeled
5189,0.2921110987663269,0,0,unlabeled
5190,0.5200795531272888,0,0,train
5191,6.837205728515983e-05,0,0,unlabeled
5192,4.1595350921852514e-05,0,0,unlabeled
5193,0.9953293800354004,1,1,val
5194,0.029682083055377007,0,0,unlabeled
5195,0.020430007949471474,0,0,unlabeled
5196,0.9965820908546448,1,1,unlabeled
5197,0.058504026383161545,0,0,val
5198,0.028826968744397163,0,0,unlabeled
5199,0.0828593298792839,0,0,unlabeled
5200,1.1864289263030514e-05,0,0,unlabeled
5201,1.2237535884196404e-05,0,0,unlabeled
5202,0.9943722486495972,1,1,train
5203,0.021185021847486496,0,0,unlabeled
5204,0.014278162270784378,0,0,unlabeled
5205,0.9933848977088928,1,1,train
5206,0.024753792211413383,0,0,unlabeled
5207,0.010699531063437462,0,0,unlabeled
5208,0.04285811260342598,0,0,unlabeled
5209,1.0300391295459121e-05,0,0,unlabeled
5210,4.631658612197498e-06,0,0,unlabeled
5211,0.9888601899147034,1,1,unlabeled
5212,0.01077592745423317,0,0,unlabeled
5213,0.006808382458984852,0,0,unlabeled
5214,0.9906232953071594,1,1,unlabeled
5215,0.015456303022801876,0,0,unlabeled
5216,0.005083771422505379,0,0,unlabeled
5217,0.025779083371162415,0,0,unlabeled
5218,3.6342623843665933e-06,0,0,unlabeled
5219,2.249129920528503e-06,0,0,unlabeled
5220,0.9524470567703247,1,1,unlabeled
5221,0.0048515042290091515,0,0,train
5222,0.0017405188409611583,0,0,unlabeled
5223,0.98427814245224,1,1,unlabeled
5224,0.007966666482388973,0,0,unlabeled
5225,0.004851536359637976,0,0,unlabeled
5226,0.014024236239492893,0,0,unlabeled
5227,5.533915100386366e-06,0,0,train
5228,2.5074848508666037e-06,0,0,unlabeled
5229,0.82290118932724,0,1,unlabeled
5230,0.0006936808349564672,0,0,unlabeled
5231,0.0002985934552270919,0,0,unlabeled
5232,0.9514380693435669,1,1,val
5233,0.003649024525657296,0,0,unlabeled
5234,0.0010255983797833323,0,0,unlabeled
5235,0.004015595186501741,0,0,unlabeled
5236,1.0108008154929848e-06,0,0,unlabeled
5237,6.783363915019436e-07,0,0,unlabeled
5238,0.9981613755226135,1,1,unlabeled
5239,0.07760997116565704,0,0,unlabeled
5240,0.05351320654153824,0,0,train
5241,0.9979225993156433,1,1,unlabeled
5242,0.08551973849534988,0,0,unlabeled
5243,0.08087637275457382,0,0,unlabeled
5244,0.15533921122550964,0,0,unlabeled
5245,2.564494570833631e-05,0,0,unlabeled
5246,1.1034543604182545e-05,0,0,unlabeled
5247,0.9790487289428711,1,1,train
5248,0.00646985275670886,0,0,unlabeled
5249,0.0051485225558280945,0,0,unlabeled
5250,0.9878664016723633,1,1,unlabeled
5251,0.0137029392644763,0,0,unlabeled
5252,0.008669765666127205,0,0,unlabeled
5253,0.02082062140107155,0,0,unlabeled
5254,2.681700607354287e-06,0,0,train
5255,1.7358008790324675e-06,0,0,train
5256,0.987257182598114,1,1,train
5257,0.007804892025887966,0,0,unlabeled
5258,0.0057421959936618805,0,0,unlabeled
5259,0.9843677878379822,1,1,unlabeled
5260,0.0046754274517297745,0,0,val
5261,0.0032327533699572086,0,0,unlabeled
5262,0.012910205870866776,0,0,unlabeled
5263,2.0921638679283205e-06,0,0,unlabeled
5264,1.4073339116293937e-06,0,0,unlabeled
5265,0.9333113431930542,1,1,val
5266,0.0020474069751799107,0,0,unlabeled
5267,0.0005258223391138017,0,0,unlabeled
5268,0.9613850116729736,1,1,unlabeled
5269,0.0015539592131972313,0,0,unlabeled
5270,0.0007688115001656115,0,0,unlabeled
5271,0.0022818725556135178,0,0,unlabeled
5272,5.938414915362955e-07,0,0,unlabeled
5273,4.0155018155019206e-07,0,0,val
5274,0.8510445952415466,0,0,unlabeled
5275,0.0012461181031540036,0,0,train
5276,0.0003310648608021438,0,0,unlabeled
5277,0.9508485198020935,1,0,val
5278,0.0016826060600578785,0,0,unlabeled
5279,0.0007410894613713026,0,0,unlabeled
5280,0.0022550150752067566,0,0,unlabeled
5281,9.127367661676544e-07,0,0,unlabeled
5282,5.64821277748706e-07,0,0,unlabeled
5283,0.3239072263240814,0,0,unlabeled
5284,0.00010079701314680278,0,0,unlabeled
5285,4.545699994196184e-05,0,0,unlabeled
5286,0.6348432302474976,0,0,unlabeled
5287,0.00025356048718094826,0,0,unlabeled
5288,0.00011470969184301794,0,0,unlabeled
5289,0.00026459709624759853,0,0,unlabeled
5290,1.8232111642646487e-07,0,0,train
5291,1.207683055781672e-07,0,0,unlabeled
5292,0.9919258952140808,1,1,unlabeled
5293,0.016879292204976082,0,0,val
5294,0.005666761193424463,0,0,train
5295,0.9924351572990417,1,1,train
5296,0.010902291163802147,0,0,unlabeled
5297,0.010091039352118969,0,0,unlabeled
5298,0.026109842583537102,0,0,unlabeled
5299,3.828622993751196e-06,0,0,train
5300,2.3751513253955636e-06,0,0,unlabeled
5301,0.7893295288085938,0,0,train
5302,0.00048429687740281224,0,0,unlabeled
5303,0.0003923701005987823,0,0,unlabeled
5304,0.8822451233863831,0,0,unlabeled
5305,0.0017832316225394607,0,0,unlabeled
5306,0.000430422107456252,0,0,val
5307,0.001973616424947977,0,0,unlabeled
5308,5.105066520627588e-07,0,0,unlabeled
5309,3.460876030203508e-07,0,0,train
5310,0.7833222150802612,0,0,val
5311,0.0003740205429494381,0,0,train
5312,0.00028196279890835285,0,0,unlabeled
5313,0.7562454342842102,0,0,unlabeled
5314,0.000343512772815302,0,0,unlabeled
5315,0.00015495502157136798,0,0,unlabeled
5316,0.0010925006354227662,0,0,val
5317,3.4141419291700004e-07,0,0,unlabeled
5318,2.2973684110638715e-07,0,0,val
5319,0.2947700023651123,0,0,unlabeled
5320,0.00011186184565303847,0,0,val
5321,2.640728052938357e-05,0,0,unlabeled
5322,0.5130826234817505,0,0,unlabeled
5323,8.713703573448583e-05,0,0,unlabeled
5324,3.653413659776561e-05,0,0,train
5325,0.00010822331387316808,0,0,unlabeled
5326,8.141194030031329e-08,0,0,unlabeled
5327,5.4834796259228824e-08,0,0,unlabeled
5328,0.26470059156417847,0,0,unlabeled
5329,8.130621426971629e-05,0,0,unlabeled
5330,3.527841545292176e-05,0,0,unlabeled
5331,0.5060275793075562,0,0,train
5332,0.0001548097061458975,0,0,train
5333,7.466039096470922e-05,0,0,unlabeled
5334,0.00021495186956599355,0,0,unlabeled
5335,1.933423590116945e-07,0,0,train
5336,1.3355305839013454e-07,0,0,unlabeled
5337,0.01811978779733181,0,0,unlabeled
5338,7.694495252508204e-06,0,0,unlabeled
5339,3.7287902614480117e-06,0,0,unlabeled
5340,0.06763686239719391,0,0,unlabeled
5341,2.055242657661438e-05,0,0,unlabeled
5342,9.392763786308933e-06,0,0,unlabeled
5343,2.0773100914084353e-05,0,0,unlabeled
5344,3.16187929172429e-08,0,0,train
5345,2.2115239417530574e-08,0,0,unlabeled
5346,0.9607507586479187,1,1,unlabeled
5347,0.001510842121206224,0,0,unlabeled
5348,0.0009285281412303448,0,0,train
5349,0.9615508317947388,1,1,unlabeled
5350,0.0018847730243578553,0,0,val
5351,0.0022873831912875175,0,0,unlabeled
5352,0.0041741435416042805,0,0,unlabeled
5353,1.5119638874239172e-06,0,0,unlabeled
5354,8.260561230599706e-07,0,0,train
5355,0.4924106299877167,0,0,unlabeled
5356,0.00012231622531544417,0,0,unlabeled
5357,0.00012849198537878692,0,0,unlabeled
5358,0.6496426463127136,0,0,unlabeled
5359,0.0003899593139067292,0,0,unlabeled
5360,0.00010999209189321846,0,0,unlabeled
5361,0.0004473525332286954,0,0,unlabeled
5362,1.9366714809621044e-07,0,0,unlabeled
5363,1.4666926517747925e-07,0,0,unlabeled
5364,0.45853719115257263,0,0,train
5365,9.233725722879171e-05,0,0,unlabeled
5366,0.00010304785973858088,0,0,unlabeled
5367,0.46675339341163635,0,0,unlabeled
5368,0.0001608406164450571,0,0,unlabeled
5369,5.211516690906137e-05,0,0,unlabeled
5370,0.0002697860763873905,0,0,unlabeled
5371,1.475615789559015e-07,0,0,unlabeled
5372,1.1272087618863225e-07,0,0,unlabeled
5373,0.11237014830112457,0,0,unlabeled
5374,3.825113890343346e-05,0,0,unlabeled
5375,1.2067753232258838e-05,0,0,unlabeled
5376,0.24293135106563568,0,0,unlabeled
5377,2.8532549549709074e-05,0,0,unlabeled
5378,1.488515226810705e-05,0,0,train
5379,3.620247298385948e-05,0,0,unlabeled
5380,3.9973713228391716e-08,0,0,unlabeled
5381,3.0702796749437766e-08,0,0,unlabeled
5382,0.08780715614557266,0,0,unlabeled
5383,4.107781205675565e-05,0,0,unlabeled
5384,1.3187423974159174e-05,0,0,train
5385,0.31750985980033875,0,0,unlabeled
5386,4.982364771421999e-05,0,0,val
5387,2.593634599179495e-05,0,0,val
5388,6.15137760178186e-05,0,0,unlabeled
5389,8.74189325372754e-08,0,0,unlabeled
5390,6.106574090836148e-08,0,0,unlabeled
5391,0.00702392403036356,0,0,unlabeled
5392,3.664405085146427e-06,0,0,unlabeled
5393,2.2174217519932427e-06,0,0,unlabeled
5394,0.026030292734503746,0,0,unlabeled
5395,8.422824066656176e-06,0,0,train
5396,4.623512268153718e-06,0,0,unlabeled
5397,8.927691851567943e-06,0,0,unlabeled
5398,1.606772670470491e-08,0,0,unlabeled
5399,1.229385038215014e-08,0,0,unlabeled
5400,0.9986968636512756,1,1,unlabeled
5401,0.2197921872138977,0,0,unlabeled
5402,0.11923117935657501,0,0,unlabeled
5403,0.9986825585365295,1,1,unlabeled
5404,0.18375366926193237,0,0,train
5405,0.16854406893253326,0,0,unlabeled
5406,0.46180519461631775,0,0,unlabeled
5407,6.196984031703323e-05,0,0,unlabeled
5408,3.627850310294889e-05,0,0,unlabeled
5409,0.9965576529502869,1,1,unlabeled
5410,0.07061316817998886,0,0,unlabeled
5411,0.02971588261425495,0,0,unlabeled
5412,0.997316300868988,1,1,unlabeled
5413,0.05055611953139305,0,0,unlabeled
5414,0.026320703327655792,0,0,unlabeled
5415,0.12498116493225098,0,0,unlabeled
5416,1.4508375898003578e-05,0,0,unlabeled
5417,8.445344974461477e-06,0,0,unlabeled
5418,0.9933911561965942,1,1,unlabeled
5419,0.025056518614292145,0,0,unlabeled
5420,0.010274260304868221,0,0,unlabeled
5421,0.9932914972305298,1,1,train
5422,0.01677791215479374,0,0,train
5423,0.007319656200706959,0,0,unlabeled
5424,0.04325705021619797,0,0,unlabeled
5425,6.97641962688067e-06,0,0,unlabeled
5426,3.9596079659531824e-06,0,0,unlabeled
5427,0.9910889863967896,1,1,unlabeled
5428,0.018302343785762787,0,0,unlabeled
5429,0.004451151005923748,0,0,unlabeled
5430,0.9931102991104126,1,1,train
5431,0.012887388467788696,0,0,unlabeled
5432,0.00456553278490901,0,0,unlabeled
5433,0.02173542231321335,0,0,unlabeled
5434,3.396301053726347e-06,0,0,unlabeled
5435,2.135624526999891e-06,0,0,unlabeled
5436,0.9238705635070801,1,0,train
5437,0.003605274483561516,0,0,unlabeled
5438,0.0008704084903001785,0,0,unlabeled
5439,0.9749930500984192,1,0,unlabeled
5440,0.005707400850951672,0,0,train
5441,0.0019120816141366959,0,0,train
5442,0.007491748314350843,0,0,train
5443,2.7552855499379802e-06,0,0,train
5444,1.5900830021564616e-06,0,0,train
5445,0.750127911567688,0,0,unlabeled
5446,0.0006597359897568822,0,0,unlabeled
5447,0.0002257955784443766,0,0,unlabeled
5448,0.9145837426185608,1,0,unlabeled
5449,0.001543015125207603,0,0,unlabeled
5450,0.0005466017755679786,0,0,unlabeled
5451,0.0017080308170989156,0,0,unlabeled
5452,8.422080099990126e-07,0,0,train
5453,4.981384336133488e-07,0,0,unlabeled
5454,0.9986608028411865,1,1,unlabeled
5455,0.13484910130500793,0,0,unlabeled
5456,0.10115498304367065,0,0,unlabeled
5457,0.9986336827278137,1,1,unlabeled
5458,0.15336818993091583,0,0,unlabeled
5459,0.06198148429393768,0,0,unlabeled
5460,0.2892884910106659,0,0,unlabeled
5461,2.548654447309673e-05,0,0,train
5462,1.4242748875403777e-05,0,0,unlabeled
5463,0.9899631142616272,1,1,unlabeled
5464,0.017729802057147026,0,0,train
5465,0.004461398348212242,0,0,unlabeled
5466,0.9951223731040955,1,1,unlabeled
5467,0.01791159063577652,0,0,unlabeled
5468,0.007122882176190615,0,0,unlabeled
5469,0.023337017744779587,0,0,unlabeled
5470,3.651849056041101e-06,0,0,unlabeled
5471,1.97732560991426e-06,0,0,unlabeled
5472,0.9923467636108398,1,1,unlabeled
5473,0.01604457199573517,0,0,unlabeled
5474,0.004835791885852814,0,0,val
5475,0.9919012188911438,1,1,unlabeled
5476,0.00838196650147438,0,0,train
5477,0.002993503585457802,0,0,unlabeled
5478,0.017008749768137932,0,0,unlabeled
5479,2.5850042675301665e-06,0,0,unlabeled
5480,1.6249415466518258e-06,0,0,unlabeled
5481,0.9718819856643677,1,1,unlabeled
5482,0.0025755504611879587,0,0,unlabeled
5483,0.0008946335292421281,0,0,train
5484,0.9741669297218323,1,1,unlabeled
5485,0.002518867375329137,0,0,unlabeled
5486,0.0009829693008214235,0,0,unlabeled
5487,0.0035360779147595167,0,0,train
5488,8.033056815293094e-07,0,0,unlabeled
5489,4.7364596866827924e-07,0,0,unlabeled
5490,0.8898091316223145,0,0,unlabeled
5491,0.0010902008507400751,0,0,unlabeled
5492,0.00034987309481948614,0,0,unlabeled
5493,0.9365635514259338,1,0,unlabeled
5494,0.0019794171676039696,0,0,unlabeled
5495,0.0006316473009064794,0,0,unlabeled
5496,0.0023393332958221436,0,0,unlabeled
5497,9.355096040053468e-07,0,0,unlabeled
5498,5.566114964494773e-07,0,0,unlabeled
5499,0.37364912033081055,0,0,train
5500,0.00012221140787005424,0,0,unlabeled
5501,4.3075579014839604e-05,0,0,unlabeled
5502,0.653745710849762,0,0,unlabeled
5503,0.0002756310277618468,0,0,unlabeled
5504,0.00010334691614843905,0,0,unlabeled
5505,0.00024182577908504754,0,0,unlabeled
5506,1.9648840066111006e-07,0,0,train
5507,1.1502480390390701e-07,0,0,unlabeled
5508,0.993198037147522,1,1,unlabeled
5509,0.011714424937963486,0,0,unlabeled
5510,0.004607577342540026,0,0,unlabeled
5511,0.9947113990783691,1,1,unlabeled
5512,0.01220273319631815,0,0,train
5513,0.0048554628156125546,0,0,unlabeled
5514,0.028402674943208694,0,0,unlabeled
5515,3.5726677651837235e-06,0,0,unlabeled
5516,2.2122426344139967e-06,0,0,unlabeled
5517,0.8679444789886475,0,0,train
5518,0.0007023320649750531,0,0,unlabeled
5519,0.00023636648256797343,0,0,unlabeled
5520,0.9022913575172424,1,0,unlabeled
5521,0.0010671040508896112,0,0,unlabeled
5522,0.00034954704460687935,0,0,train
5523,0.0013035460142418742,0,0,unlabeled
5524,5.367557491808839e-07,0,0,train
5525,2.971966353015887e-07,0,0,unlabeled
5526,0.852780818939209,0,0,unlabeled
5527,0.0005863201222382486,0,0,val
5528,0.00019212982442695647,0,0,unlabeled
5529,0.7736021280288696,0,0,unlabeled
5530,0.00041316048009321094,0,0,unlabeled
5531,0.00013144765398465097,0,0,train
5532,0.0008892721380107105,0,0,val
5533,3.9464066503569484e-07,0,0,unlabeled
5534,2.2902828789028717e-07,0,0,unlabeled
5535,0.38572630286216736,0,0,unlabeled
5536,8.8158791186288e-05,0,0,train
5537,2.909886825364083e-05,0,0,unlabeled
5538,0.4371570348739624,0,0,unlabeled
5539,0.0001010445412248373,0,0,unlabeled
5540,3.519977690302767e-05,0,0,val
5541,0.00011869749869219959,0,0,unlabeled
5542,9.056746108626612e-08,0,0,unlabeled
5543,6.103115879341203e-08,0,0,unlabeled
5544,0.24166728556156158,0,0,unlabeled
5545,6.706563726766035e-05,0,0,unlabeled
5546,2.4793429474812e-05,0,0,unlabeled
5547,0.4090496897697449,0,0,unlabeled
5548,0.00012988744128961116,0,0,unlabeled
5549,4.680878919316456e-05,0,0,unlabeled
5550,0.00015168824756983668,0,0,unlabeled
5551,1.7231734261713427e-07,0,0,unlabeled
5552,1.1488042872542792e-07,0,0,unlabeled
5553,0.015096119605004787,0,0,unlabeled
5554,6.957563982723514e-06,0,0,unlabeled
5555,2.7124422103952384e-06,0,0,unlabeled
5556,0.044214677065610886,0,0,train
5557,1.7431744709028862e-05,0,0,unlabeled
5558,7.220740371849388e-06,0,0,unlabeled
5559,1.5313615222112276e-05,0,0,unlabeled
5560,3.186332264704106e-08,0,0,unlabeled
5561,1.826552242789603e-08,0,0,unlabeled
5562,0.9797088503837585,1,1,unlabeled
5563,0.002696558367460966,0,0,unlabeled
5564,0.00140544050373137,0,0,unlabeled
5565,0.9752352833747864,1,1,unlabeled
5566,0.002519887173548341,0,0,unlabeled
5567,0.0012873724335804582,0,0,train
5568,0.005979851353913546,0,0,unlabeled
5569,1.238307618223189e-06,0,0,val
5570,8.881705753083224e-07,0,0,unlabeled
5571,0.6214074492454529,0,0,unlabeled
5572,0.00020029745064675808,0,0,train
5573,8.787795377429575e-05,0,0,unlabeled
5574,0.7274369597434998,0,0,unlabeled
5575,0.0002884763234760612,0,0,unlabeled
5576,0.00011599441495491192,0,0,train
5577,0.00034408573992550373,0,0,unlabeled
5578,2.0663550515109819e-07,0,0,unlabeled
5579,1.4937447190277453e-07,0,0,train
5580,0.5194190740585327,0,0,unlabeled
5581,0.00012431222421582788,0,0,unlabeled
5582,5.949294791207649e-05,0,0,unlabeled
5583,0.45022067427635193,0,0,unlabeled
5584,9.94594520307146e-05,0,0,unlabeled
5585,4.184341014479287e-05,0,0,unlabeled
5586,0.00018874542729463428,0,0,unlabeled
5587,1.3965293987894256e-07,0,0,unlabeled
5588,1.0644397718806431e-07,0,0,unlabeled
5589,0.16298937797546387,0,0,unlabeled
5590,2.7194713766220957e-05,0,0,unlabeled
5591,1.2042369235132355e-05,0,0,unlabeled
5592,0.18775402009487152,0,0,train
5593,2.9886989068472758e-05,0,0,unlabeled
5594,1.3769288671028335e-05,0,0,train
5595,3.8474339817184955e-05,0,0,unlabeled
5596,4.160899536032048e-08,0,0,unlabeled
5597,3.240512214119917e-08,0,0,unlabeled
5598,0.069150410592556,0,0,unlabeled
5599,1.943809911608696e-05,0,0,unlabeled
5600,9.218167178914882e-06,0,0,train
5601,0.15363481640815735,0,0,unlabeled
5602,3.769837348954752e-05,0,0,unlabeled
5603,1.630685437703505e-05,0,0,unlabeled
5604,4.4680520659312606e-05,0,0,unlabeled
5605,7.250546474324437e-08,0,0,unlabeled
5606,5.3318192527740393e-08,0,0,unlabeled
5607,0.005689550191164017,0,0,unlabeled
5608,3.041312311324873e-06,0,0,unlabeled
5609,1.6672190668032272e-06,0,0,unlabeled
5610,0.017750045284628868,0,0,unlabeled
5611,6.8923418439226225e-06,0,0,unlabeled
5612,3.5383568501856644e-06,0,0,unlabeled
5613,6.789972758269869e-06,0,0,unlabeled
5614,1.5303504241614974e-08,0,0,unlabeled
5615,1.0345885925744369e-08,0,0,unlabeled
5616,0.9985007047653198,1,1,unlabeled
5617,0.11436108499765396,0,0,unlabeled
5618,0.08133240789175034,0,0,unlabeled
5619,0.9980802536010742,1,1,unlabeled
5620,0.0657600462436676,0,0,unlabeled
5621,0.06891346722841263,0,0,unlabeled
5622,0.21612103283405304,0,0,train
5623,2.8828539143432863e-05,0,0,unlabeled
5624,1.3532955563277937e-05,0,0,unlabeled
5625,0.9951702952384949,1,1,train
5626,0.017214607447385788,0,0,unlabeled
5627,0.01574856974184513,0,0,unlabeled
5628,0.9952036142349243,1,1,unlabeled
5629,0.024479852989315987,0,0,val
5630,0.008768243715167046,0,0,val
5631,0.048351921141147614,0,0,unlabeled
5632,4.387078661238775e-06,0,0,unlabeled
5633,3.096851287409663e-06,0,0,unlabeled
5634,0.9819533824920654,1,1,unlabeled
5635,0.005082292947918177,0,0,unlabeled
5636,0.003550118301063776,0,0,unlabeled
5637,0.9655957221984863,1,1,unlabeled
5638,0.003979443572461605,0,0,train
5639,0.001321580377407372,0,0,unlabeled
5640,0.009001710452139378,0,0,unlabeled
5641,1.6899956563065643e-06,0,0,unlabeled
5642,1.0211672361037927e-06,0,0,unlabeled
5643,0.9720679521560669,1,1,unlabeled
5644,0.0038213024381548166,0,0,unlabeled
5645,0.001067613367922604,0,0,unlabeled
5646,0.9629443883895874,1,1,unlabeled
5647,0.0015656659379601479,0,0,val
5648,0.0006771100452169776,0,0,unlabeled
5649,0.0034354759845882654,0,0,unlabeled
5650,7.881305918999715e-07,0,0,unlabeled
5651,5.278130856822827e-07,0,0,val
5652,0.8694334030151367,0,0,unlabeled
5653,0.0015420803101733327,0,0,val
5654,0.00043012184323742986,0,0,unlabeled
5655,0.9236354827880859,1,0,train
5656,0.0012571824481710792,0,0,unlabeled
5657,0.0005031233304180205,0,0,unlabeled
5658,0.002123519778251648,0,0,unlabeled
5659,9.651606660554535e-07,0,0,unlabeled
5660,6.165659556245373e-07,0,0,unlabeled
5661,0.5670163631439209,0,0,unlabeled
5662,0.0001916230539791286,0,0,unlabeled
5663,8.676399738760665e-05,0,0,unlabeled
5664,0.7271648645401001,0,0,unlabeled
5665,0.00031824427423998713,0,0,train
5666,0.00014762801583856344,0,0,unlabeled
5667,0.00042374213808216155,0,0,unlabeled
5668,2.6586195644995314e-07,0,0,unlabeled
5669,1.8048561400973995e-07,0,0,train
5670,0.9979997277259827,1,1,train
5671,0.0365290604531765,0,0,unlabeled
5672,0.03285229206085205,0,0,unlabeled
5673,0.9970244765281677,1,1,unlabeled
5674,0.03386551886796951,0,0,unlabeled
5675,0.013639619573950768,0,0,train
5676,0.0866280198097229,0,0,unlabeled
5677,5.918812348681968e-06,0,0,train
5678,3.82443386115483e-06,0,0,unlabeled
5679,0.9760737419128418,1,0,val
5680,0.00486357556656003,0,0,train
5681,0.001506337197497487,0,0,unlabeled
5682,0.9814580082893372,1,0,val
5683,0.0028412961401045322,0,0,unlabeled
5684,0.0013023633509874344,0,0,unlabeled
5685,0.0045774104073643684,0,0,unlabeled
5686,9.078224252334621e-07,0,0,unlabeled
5687,5.502448630068102e-07,0,0,train
5688,0.9624431133270264,1,0,unlabeled
5689,0.0027467012405395508,0,0,val
5690,0.0008479445823468268,0,0,train
5691,0.9371684789657593,1,0,unlabeled
5692,0.0007954027969390154,0,0,unlabeled
5693,0.00031908825621940196,0,0,unlabeled
5694,0.0023275320418179035,0,0,unlabeled
5695,5.505272611117107e-07,0,0,unlabeled
5696,3.366779708358081e-07,0,0,unlabeled
5697,0.8570603132247925,0,0,unlabeled
5698,0.0003284392587374896,0,0,train
5699,0.00013063182996120304,0,0,unlabeled
5700,0.781979501247406,0,0,val
5701,0.00022685120347887278,0,0,unlabeled
5702,9.826671885093674e-05,0,0,unlabeled
5703,0.000413091154769063,0,0,unlabeled
5704,1.5908308625967038e-07,0,0,train
5705,1.0641333147987098e-07,0,0,unlabeled
5706,0.7019093036651611,0,0,unlabeled
5707,0.0001956644409801811,0,0,unlabeled
5708,8.611963858129457e-05,0,0,unlabeled
5709,0.6793138980865479,0,0,val
5710,0.00023741899349261075,0,0,unlabeled
5711,9.343986312160268e-05,0,0,unlabeled
5712,0.00034696701914072037,0,0,unlabeled
5713,2.3098377255337255e-07,0,0,unlabeled
5714,1.5495440663926274e-07,0,0,train
5715,0.12109454721212387,0,0,val
5716,2.396022500761319e-05,0,0,unlabeled
5717,1.1441805327194743e-05,0,0,unlabeled
5718,0.20114944875240326,0,0,unlabeled
5719,4.1311006498290226e-05,0,0,unlabeled
5720,1.9830662495223805e-05,0,0,unlabeled
5721,4.403976345201954e-05,0,0,train
5722,4.846266676850064e-08,0,0,unlabeled
5723,3.2724127407846026e-08,0,0,train
5724,0.9909195899963379,1,1,unlabeled
5725,0.005495486781001091,0,0,unlabeled
5726,0.002763713477179408,0,0,train
5727,0.9888547658920288,1,1,unlabeled
5728,0.003345912555232644,0,0,unlabeled
5729,0.0018137055449187756,0,0,unlabeled
5730,0.011170248501002789,0,0,unlabeled
5731,1.444995518795622e-06,0,0,unlabeled
5732,9.784179155758466e-07,0,0,unlabeled
5733,0.8066268563270569,0,0,unlabeled
5734,0.0002695958246476948,0,0,unlabeled
5735,0.00012703043466899544,0,0,unlabeled
5736,0.7662917375564575,0,0,unlabeled
5737,0.00026380285271443427,0,0,unlabeled
5738,0.00011842571257147938,0,0,train
5739,0.000436588772572577,0,0,unlabeled
5740,1.894155303716616e-07,0,0,unlabeled
5741,1.267327007781205e-07,0,0,unlabeled
5742,0.632632315158844,0,0,unlabeled
5743,0.00010883442155318335,0,0,unlabeled
5744,5.208034053794108e-05,0,0,train
5745,0.3542713224887848,0,0,val
5746,5.302276986185461e-05,0,0,train
5747,2.4057968403212726e-05,0,0,unlabeled
5748,0.0001592999615240842,0,0,unlabeled
5749,1.0071227052321774e-07,0,0,unlabeled
5750,7.000593882366957e-08,0,0,unlabeled
5751,0.12692733108997345,0,0,unlabeled
5752,1.7000331354211085e-05,0,0,unlabeled
5753,7.447087227774318e-06,0,0,unlabeled
5754,0.08975484222173691,0,0,unlabeled
5755,1.4705762623634655e-05,0,0,unlabeled
5756,6.694217063341057e-06,0,0,unlabeled
5757,2.305098132637795e-05,0,0,val
5758,2.3683734085011565e-08,0,0,unlabeled
5759,1.6997724117118196e-08,0,0,unlabeled
5760,0.10486017167568207,0,0,unlabeled
5761,2.031351141340565e-05,0,0,unlabeled
5762,9.879151548375376e-06,0,0,unlabeled
5763,0.11857210099697113,0,0,unlabeled
5764,2.596619560790714e-05,0,0,train
5765,1.22750334412558e-05,0,0,unlabeled
5766,4.165922655374743e-05,0,0,unlabeled
5767,5.28482999584412e-08,0,0,unlabeled
5768,3.723004482480974e-08,0,0,unlabeled
5769,0.0048761023208498955,0,0,unlabeled
5770,2.250707211715053e-06,0,0,unlabeled
5771,1.1731084441635176e-06,0,0,unlabeled
5772,0.00879539456218481,0,0,unlabeled
5773,4.057502337673213e-06,0,0,unlabeled
5774,2.10885627893731e-06,0,0,unlabeled
5775,4.6942432163632475e-06,0,0,unlabeled
5776,8.886313906941723e-09,0,0,unlabeled
5777,6.489324189118406e-09,0,0,unlabeled
5778,0.9662628173828125,1,1,unlabeled
5779,0.0009817174868658185,0,0,unlabeled
5780,0.000639921345282346,0,0,unlabeled
5781,0.9323909878730774,1,1,train
5782,0.0006072934484109282,0,0,unlabeled
5783,0.00038703333120793104,0,0,unlabeled
5784,0.0018570458050817251,0,0,unlabeled
5785,4.6741897108404373e-07,0,0,unlabeled
5786,3.7374553585323156e-07,0,0,unlabeled
5787,0.45445990562438965,0,0,val
5788,6.669622962363064e-05,0,0,unlabeled
5789,4.0058344893623143e-05,0,0,val
5790,0.45161551237106323,0,0,unlabeled
5791,6.916120037203655e-05,0,0,unlabeled
5792,3.7397025153040886e-05,0,0,unlabeled
5793,0.00010422386549180374,0,0,unlabeled
5794,7.321936834614462e-08,0,0,unlabeled
5795,5.9040477395910784e-08,0,0,train
5796,0.22135069966316223,0,0,unlabeled
5797,2.6544632419245318e-05,0,0,unlabeled
5798,1.7062342521967366e-05,0,0,unlabeled
5799,0.10922309756278992,0,0,train
5800,1.550791785120964e-05,0,0,unlabeled
5801,8.599750799476169e-06,0,0,unlabeled
5802,3.637009285739623e-05,0,0,unlabeled
5803,3.8827664639029535e-08,0,0,unlabeled
5804,3.183476948720454e-08,0,0,unlabeled
5805,0.04008669778704643,0,0,unlabeled
5806,5.704441264242632e-06,0,0,unlabeled
5807,3.418945425437414e-06,0,0,unlabeled
5808,0.028551602736115456,0,0,unlabeled
5809,5.395715106715215e-06,0,0,unlabeled
5810,3.247471795475576e-06,0,0,unlabeled
5811,7.992517566890456e-06,0,0,unlabeled
5812,1.126085447111791e-08,0,0,unlabeled
5813,9.246686083486111e-09,0,0,unlabeled
5814,0.0272745992988348,0,0,unlabeled
5815,6.7848591243091505e-06,0,0,unlabeled
5816,4.028818693768699e-06,0,0,train
5817,0.03319123759865761,0,0,unlabeled
5818,8.763979167270008e-06,0,0,unlabeled
5819,5.025804057368077e-06,0,0,unlabeled
5820,1.3074871276330668e-05,0,0,unlabeled
5821,2.2303915159227472e-08,0,0,unlabeled
5822,1.7540502383894818e-08,0,0,val
5823,0.0017538161482661963,0,0,unlabeled
5824,1.0991020644723903e-06,0,0,unlabeled
5825,7.010527838247071e-07,0,0,unlabeled
5826,0.0035688893403857946,0,0,unlabeled
5827,1.921082912303973e-06,0,0,unlabeled
5828,1.1514118796185357e-06,0,0,unlabeled
5829,2.1933844891464105e-06,0,0,unlabeled
5830,4.546682141892688e-09,0,0,train
5831,3.5512812690541296e-09,0,0,unlabeled
5832,0.9946523904800415,1,1,unlabeled
5833,0.018016267567873,0,0,unlabeled
5834,0.012266421690583229,0,0,unlabeled
5835,0.9934291243553162,1,1,unlabeled
5836,0.012784980237483978,0,0,unlabeled
5837,0.013158909045159817,0,0,train
5838,0.03435332700610161,0,0,unlabeled
5839,8.034772690734826e-06,0,0,unlabeled
5840,3.699575017890311e-06,0,0,unlabeled
5841,0.9611372351646423,1,0,unlabeled
5842,0.0020777834579348564,0,0,unlabeled
5843,0.002070401096716523,0,0,train
5844,0.9554056525230408,1,0,unlabeled
5845,0.0031521746423095465,0,0,unlabeled
5846,0.0009980619652196765,0,0,unlabeled
5847,0.00553598627448082,0,0,unlabeled
5848,1.186451299872715e-06,0,0,unlabeled
5849,8.395568897867633e-07,0,0,unlabeled
5850,0.8711801171302795,0,0,train
5851,0.0008777203620411456,0,0,train
5852,0.0006740764947608113,0,0,train
5853,0.8024375438690186,0,0,unlabeled
5854,0.0007884912774898112,0,0,unlabeled
5855,0.00023230531951412559,0,0,train
5856,0.001355772721581161,0,0,unlabeled
5857,5.749433285018313e-07,0,0,unlabeled
5858,3.720914207860915e-07,0,0,unlabeled
5859,0.7078153491020203,0,0,unlabeled
5860,0.0004352167306933552,0,0,unlabeled
5861,0.00011504509893711656,0,0,train
5862,0.7334423065185547,0,0,train
5863,0.00018244050443172455,0,0,unlabeled
5864,7.90010453783907e-05,0,0,unlabeled
5865,0.00030326296109706163,0,0,unlabeled
5866,2.1774602032564871e-07,0,0,unlabeled
5867,1.4160602290758106e-07,0,0,unlabeled
5868,0.42197850346565247,0,0,unlabeled
5869,0.0003070649108849466,0,0,train
5870,7.613020716235042e-05,0,0,unlabeled
5871,0.6191900968551636,0,0,train
5872,0.00021869615011382848,0,0,unlabeled
5873,9.206769027514383e-05,0,0,train
5874,0.00027202360797673464,0,0,unlabeled
5875,3.6830292060585634e-07,0,0,unlabeled
5876,2.2693907908433175e-07,0,0,unlabeled
5877,0.08703066408634186,0,0,val
5878,2.7713089366443455e-05,0,0,unlabeled
5879,1.3755141480942257e-05,0,0,unlabeled
5880,0.18711566925048828,0,0,unlabeled
5881,4.816975706489757e-05,0,0,unlabeled
5882,2.2197482394403778e-05,0,0,unlabeled
5883,5.499327016877942e-05,0,0,train
5884,8.38854390394772e-08,0,0,unlabeled
5885,6.051429579656542e-08,0,0,train
5886,0.9946717619895935,1,1,unlabeled
5887,0.011319611221551895,0,0,unlabeled
5888,0.011243299581110477,0,0,train
5889,0.9918455481529236,1,1,unlabeled
5890,0.01150872465223074,0,0,unlabeled
5891,0.0034922691993415356,0,0,unlabeled
5892,0.02565707266330719,0,0,train
5893,2.5247156827390427e-06,0,0,unlabeled
5894,1.6285408719340921e-06,0,0,unlabeled
5895,0.8793666958808899,0,0,unlabeled
5896,0.001140030100941658,0,0,unlabeled
5897,0.0003161902423016727,0,0,unlabeled
5898,0.9178693294525146,1,0,unlabeled
5899,0.0006065446650609374,0,0,unlabeled
5900,0.0002861908287741244,0,0,unlabeled
5901,0.0008570211357437074,0,0,unlabeled
5902,3.7022431342847995e-07,0,0,val
5903,2.375884662342287e-07,0,0,unlabeled
5904,0.8213760256767273,0,0,unlabeled
5905,0.0007098607602529228,0,0,train
5906,0.00017406434926670045,0,0,unlabeled
5907,0.7763999104499817,0,0,unlabeled
5908,0.00019327398331370205,0,0,train
5909,8.37997067719698e-05,0,0,unlabeled
5910,0.0004034429439343512,0,0,unlabeled
5911,2.3554581218832027e-07,0,0,unlabeled
5912,1.489856487069119e-07,0,0,unlabeled
5913,0.44246792793273926,0,0,unlabeled
5914,5.7516728702466935e-05,0,0,unlabeled
5915,2.5625609850976616e-05,0,0,train
5916,0.3201785981655121,0,0,unlabeled
5917,4.469748091651127e-05,0,0,unlabeled
5918,2.077706449199468e-05,0,0,unlabeled
5919,6.118906458141282e-05,0,0,unlabeled
5920,5.7481280180127214e-08,0,0,unlabeled
5921,4.014823318243543e-08,0,0,unlabeled
5922,0.3258746564388275,0,0,unlabeled
5923,5.893466004636139e-05,0,0,unlabeled
5924,2.652972580108326e-05,0,0,train
5925,0.28386154770851135,0,0,unlabeled
5926,6.754836795153096e-05,0,0,unlabeled
5927,2.92937384074321e-05,0,0,train
5928,8.061900734901428e-05,0,0,unlabeled
5929,1.185438520678872e-07,0,0,unlabeled
5930,7.684938907459582e-08,0,0,unlabeled
5931,0.017481524497270584,0,0,train
5932,6.552036211360246e-06,0,0,unlabeled
5933,3.394409986867686e-06,0,0,unlabeled
5934,0.03148186206817627,0,0,val
5935,1.1404592441977002e-05,0,0,train
5936,5.773687007604167e-06,0,0,train
5937,1.0926498362096027e-05,0,0,train
5938,2.1369144675986718e-08,0,0,train
5939,1.4889810273643889e-08,0,0,train
5940,0.9616779685020447,1,1,unlabeled
5941,0.0014095588121563196,0,0,unlabeled
5942,0.0006602102075703442,0,0,unlabeled
5943,0.958811342716217,1,1,train
5944,0.0008686474175192416,0,0,val
5945,0.0004609898023772985,0,0,unlabeled
5946,0.0022386496420949697,0,0,unlabeled
5947,6.758921813343477e-07,0,0,unlabeled
5948,4.534854269877542e-07,0,0,train
5949,0.42980387806892395,0,0,unlabeled
5950,6.608074909308925e-05,0,0,unlabeled
5951,3.3164691558340564e-05,0,0,unlabeled
5952,0.3623502850532532,0,0,unlabeled
5953,6.928173388587311e-05,0,0,unlabeled
5954,3.251087764510885e-05,0,0,unlabeled
5955,9.638351912144572e-05,0,0,val
5956,8.556865083164666e-08,0,0,unlabeled
5957,6.02786087711138e-08,0,0,unlabeled
5958,0.24946042895317078,0,0,unlabeled
5959,3.344817378092557e-05,0,0,unlabeled
5960,1.5745608834549785e-05,0,0,val
5961,0.10062114894390106,0,0,unlabeled
5962,1.808857632568106e-05,0,0,unlabeled
5963,9.105126991926227e-06,0,0,unlabeled
5964,3.6908237234456465e-05,0,0,train
5965,5.0007990637368493e-08,0,0,unlabeled
5966,3.4042830776570554e-08,0,0,unlabeled
5967,0.015900682657957077,0,0,train
5968,4.318738774600206e-06,0,0,train
5969,2.182015805374249e-06,0,0,val
5970,0.013795683160424232,0,0,unlabeled
5971,4.209436156088486e-06,0,0,train
5972,2.187257678087917e-06,0,0,unlabeled
5973,5.398118901212001e-06,0,0,unlabeled
5974,1.03373256621353e-08,0,0,unlabeled
5975,7.282364933303143e-09,0,0,unlabeled
5976,0.019562818109989166,0,0,unlabeled
5977,7.517136054957518e-06,0,0,unlabeled
5978,3.825279691227479e-06,0,0,unlabeled
5979,0.02444787509739399,0,0,train
5980,9.989932550524827e-06,0,0,unlabeled
5981,4.905038622382563e-06,0,0,unlabeled
5982,1.2368497664283495e-05,0,0,train
5983,2.8542654462171413e-08,0,0,unlabeled
5984,1.944258087860362e-08,0,0,unlabeled
5985,0.000710747204720974,0,0,train
5986,8.207760515688278e-07,0,0,unlabeled
5987,4.4815254796048976e-07,0,0,unlabeled
5988,0.0014409922296181321,0,0,unlabeled
5989,1.5281300420610933e-06,0,0,unlabeled
5990,7.818325684638694e-07,0,0,unlabeled
5991,1.5643238384654978e-06,0,0,unlabeled
5992,4.560622546279092e-09,0,0,unlabeled
5993,3.2126936666543315e-09,0,0,train
5994,0.8684180974960327,0,1,unlabeled
5995,0.0002553487429395318,0,0,unlabeled
5996,0.00016081577632576227,0,0,train
5997,0.745027482509613,0,1,unlabeled
5998,0.00016639745444990695,0,0,unlabeled
5999,0.00010534605826251209,0,0,unlabeled
6000,0.00039823964470997453,0,0,unlabeled
6001,2.3274766647318756e-07,0,0,unlabeled
6002,1.8761843989523186e-07,0,0,unlabeled
6003,0.11437913775444031,0,0,unlabeled
6004,1.7879514416563325e-05,0,0,unlabeled
6005,1.1799150342994835e-05,0,0,unlabeled
6006,0.11177046597003937,0,0,unlabeled
6007,1.927182893268764e-05,0,0,unlabeled
6008,1.1232890756218694e-05,0,0,unlabeled
6009,2.7018260880140588e-05,0,0,unlabeled
6010,3.492213096478736e-08,0,0,unlabeled
6011,2.7812522063186407e-08,0,0,train
6012,0.04494791105389595,0,0,unlabeled
6013,8.422623068327084e-06,0,0,train
6014,5.605055775959045e-06,0,0,unlabeled
6015,0.023511145263910294,0,0,unlabeled
6016,5.8052464737556875e-06,0,0,unlabeled
6017,3.4822010093193967e-06,0,0,unlabeled
6018,1.0499469681235496e-05,0,0,train
6019,1.9793784389321445e-08,0,0,train
6020,1.552651518466064e-08,0,0,unlabeled
6021,0.0043923803605139256,0,0,unlabeled
6022,1.7250000610147254e-06,0,0,unlabeled
6023,1.1134067108287127e-06,0,0,unlabeled
6024,0.003739363281056285,0,0,unlabeled
6025,1.6195530179174966e-06,0,0,unlabeled
6026,1.043385509547079e-06,0,0,unlabeled
6027,2.180892352043884e-06,0,0,train
6028,4.775809969714828e-09,0,0,unlabeled
6029,3.875972431899299e-09,0,0,unlabeled
6030,0.004789043217897415,0,0,train
6031,2.8635272428800818e-06,0,0,train
6032,1.7568934254086344e-06,0,0,unlabeled
6033,0.006400927435606718,0,0,unlabeled
6034,3.745637513929978e-06,0,0,unlabeled
6035,2.1258078959363047e-06,0,0,unlabeled
6036,4.588826868712204e-06,0,0,unlabeled
6037,1.2487736178456998e-08,0,0,train
6038,9.321165173048485e-09,0,0,unlabeled
6039,0.00027911723009310663,0,0,train
6040,4.225852876516001e-07,0,0,unlabeled
6041,2.7086502996098716e-07,0,0,unlabeled
6042,0.0005315555026754737,0,0,unlabeled
6043,7.129802384042705e-07,0,0,unlabeled
6044,4.327745273258188e-07,0,0,unlabeled
6045,7.702840321144322e-07,0,0,unlabeled
6046,2.3304267404711254e-09,0,0,unlabeled
6047,1.7284997877453634e-09,0,0,unlabeled
6048,0.9576471447944641,1,0,unlabeled
6049,0.0014415577752515674,0,0,train
6050,0.0011480936082080007,0,0,unlabeled
6051,0.962837278842926,1,0,unlabeled
6052,0.00172828184440732,0,0,unlabeled
6053,0.001866039470769465,0,0,unlabeled
6054,0.0046964772045612335,0,0,unlabeled
6055,1.1463324653959717e-06,0,0,unlabeled
6056,7.247323878800671e-07,0,0,unlabeled
6057,0.7789624929428101,0,0,train
6058,0.0002592244709376246,0,0,unlabeled
6059,0.00016011377738323063,0,0,unlabeled
6060,0.8722053170204163,0,0,unlabeled
6061,0.000591376272495836,0,0,unlabeled
6062,0.0002802381932269782,0,0,unlabeled
6063,0.0006507259677164257,0,0,unlabeled
6064,2.5807992187765194e-07,0,0,unlabeled
6065,2.932659128873638e-07,0,0,train
6066,0.6503328084945679,0,0,unlabeled
6067,0.00014882130199111998,0,0,unlabeled
6068,0.00012437991972547024,0,0,unlabeled
6069,0.6669467091560364,0,0,train
6070,0.00020507884619291872,0,0,unlabeled
6071,8.982475264929235e-05,0,0,unlabeled
6072,0.00037846071063540876,0,0,unlabeled
6073,1.527105695231512e-07,0,0,train
6074,1.2052323938860354e-07,0,0,unlabeled
6075,0.49624741077423096,0,0,unlabeled
6076,9.0222034486942e-05,0,0,train
6077,3.835601091850549e-05,0,0,unlabeled
6078,0.5571052432060242,0,0,train
6079,7.944933895487338e-05,0,0,unlabeled
6080,4.781269672093913e-05,0,0,unlabeled
6081,0.00013928074622526765,0,0,unlabeled
6082,7.775349075700433e-08,0,0,unlabeled
6083,5.66231648235771e-08,0,0,unlabeled
6084,0.22751887142658234,0,0,unlabeled
6085,5.382623567129485e-05,0,0,unlabeled
6086,2.2208241716725752e-05,0,0,unlabeled
6087,0.501338541507721,0,0,unlabeled
6088,7.694010128034279e-05,0,0,val
6089,5.6195091019617394e-05,0,0,unlabeled
6090,0.0001755497942212969,0,0,unlabeled
6091,9.775732934258485e-08,0,0,unlabeled
6092,7.794622547407926e-08,0,0,unlabeled
6093,0.06484412401914597,0,0,train
6094,1.3227906492829788e-05,0,0,unlabeled
6095,5.617690021608723e-06,0,0,unlabeled
6096,0.20513586699962616,0,0,unlabeled
6097,2.2692707716487348e-05,0,0,unlabeled
6098,1.3635883988172282e-05,0,0,unlabeled
6099,3.0249255360104144e-05,0,0,unlabeled
6100,2.5994031815912422e-08,0,0,train
6101,2.0245137122287815e-08,0,0,train
6102,0.9205090403556824,1,0,unlabeled
6103,0.0004831298429053277,0,0,unlabeled
6104,0.0004454587178770453,0,0,unlabeled
6105,0.9161434769630432,1,0,train
6106,0.0007358792354352772,0,0,unlabeled
6107,0.0003214598400518298,0,0,unlabeled
6108,0.0015074829570949078,0,0,train
6109,2.8662819318014954e-07,0,0,unlabeled
6110,2.22759908297121e-07,0,0,unlabeled
6111,0.38907572627067566,0,0,unlabeled
6112,5.1623846957227215e-05,0,0,unlabeled
6113,2.8555712560773827e-05,0,0,unlabeled
6114,0.5258778929710388,0,0,unlabeled
6115,0.00012900908768642694,0,0,unlabeled
6116,5.078216054243967e-05,0,0,unlabeled
6117,0.00011925204307772219,0,0,unlabeled
6118,6.010203890127741e-08,0,0,unlabeled
6119,4.3870809207646744e-08,0,0,unlabeled
6120,0.42868292331695557,0,0,unlabeled
6121,5.452959885587916e-05,0,0,unlabeled
6122,2.3615728423465043e-05,0,0,val
6123,0.4421672224998474,0,0,unlabeled
6124,3.5879431379726157e-05,0,0,unlabeled
6125,2.5139901481452398e-05,0,0,unlabeled
6126,8.404323307331651e-05,0,0,unlabeled
6127,4.4398102971854314e-08,0,0,unlabeled
6128,3.4290142281179214e-08,0,0,unlabeled
6129,0.15314188599586487,0,0,unlabeled
6130,1.042494932335103e-05,0,0,train
6131,5.981275535305031e-06,0,0,unlabeled
6132,0.16740156710147858,0,0,unlabeled
6133,1.3107017366564833e-05,0,0,unlabeled
6134,7.968590580276214e-06,0,0,unlabeled
6135,1.961148518603295e-05,0,0,val
6136,1.3364437556617759e-08,0,0,unlabeled
6137,1.0579945808331104e-08,0,0,unlabeled
6138,0.07523153722286224,0,0,unlabeled
6139,9.148254321189597e-06,0,0,train
6140,5.537499419006053e-06,0,0,unlabeled
6141,0.13229013979434967,0,0,unlabeled
6142,1.4816960174357519e-05,0,0,unlabeled
6143,9.38521588977892e-06,0,0,train
6144,2.3229729777085595e-05,0,0,unlabeled
6145,2.201137938584452e-08,0,0,unlabeled
6146,1.7539029784074955e-08,0,0,unlabeled
6147,0.006792565807700157,0,0,train
6148,1.6539088392164558e-06,0,0,unlabeled
6149,1.0085957455885364e-06,0,0,unlabeled
6150,0.021518338471651077,0,0,unlabeled
6151,3.6175504192215158e-06,0,0,train
6152,2.1869968804821838e-06,0,0,train
6153,4.090308266313514e-06,0,0,unlabeled
6154,4.706639522567002e-09,0,0,train
6155,3.6233345213076973e-09,0,0,unlabeled
6156,0.5258786082267761,0,0,train
6157,8.934124343795702e-05,0,0,unlabeled
6158,4.096690463484265e-05,0,0,unlabeled
6159,0.607949435710907,0,0,train
6160,6.837968248873949e-05,0,0,unlabeled
6161,4.685121530201286e-05,0,0,unlabeled
6162,0.0001634248037589714,0,0,unlabeled
6163,7.859382833430573e-08,0,0,unlabeled
6164,6.013047482156253e-08,0,0,val
6165,0.04563824087381363,0,0,unlabeled
6166,5.880379831069149e-06,0,0,train
6167,3.3727328627719544e-06,0,0,train
6168,0.07218720018863678,0,0,unlabeled
6169,1.0210102118435316e-05,0,0,unlabeled
6170,5.4389156503020786e-06,0,0,unlabeled
6171,1.2221406905155163e-05,0,0,unlabeled
6172,1.2918984992893456e-08,0,0,unlabeled
6173,9.835333436569726e-09,0,0,unlabeled
6174,0.034766364842653275,0,0,unlabeled
6175,3.9238962017407175e-06,0,0,unlabeled
6176,2.583559989943751e-06,0,0,unlabeled
6177,0.02731037139892578,0,0,val
6178,3.7496442928386386e-06,0,0,unlabeled
6179,2.318010047019925e-06,0,0,unlabeled
6180,7.296281637536595e-06,0,0,unlabeled
6181,8.846908983173307e-09,0,0,train
6182,7.096878196222178e-09,0,0,unlabeled
6183,0.0039268722757697105,0,0,unlabeled
6184,8.016771175789472e-07,0,0,unlabeled
6185,5.37771768449602e-07,0,0,unlabeled
6186,0.006257594097405672,0,0,unlabeled
6187,1.1615076118687284e-06,0,0,unlabeled
6188,8.091074619187566e-07,0,0,train
6189,1.5128033510336536e-06,0,0,unlabeled
6190,2.200024606935358e-09,0,0,unlabeled
6191,1.7462047363636657e-09,0,0,unlabeled
6192,0.0037082761991769075,0,0,unlabeled
6193,1.3120985613568337e-06,0,0,unlabeled
6194,8.441057275376807e-07,0,0,unlabeled
6195,0.009711965918540955,0,0,unlabeled
6196,2.3210538984130835e-06,0,0,unlabeled
6197,1.5950494116623304e-06,0,0,unlabeled
6198,3.3890762551891385e-06,0,0,unlabeled
6199,5.305005768008186e-09,0,0,unlabeled
6200,4.253384311425634e-09,0,0,unlabeled
6201,0.0002674284914974123,0,0,train
6202,2.070333806614144e-07,0,0,val
6203,1.3175602475712367e-07,0,0,unlabeled
6204,0.0009248806745745242,0,0,unlabeled
6205,4.4219450501259416e-07,0,0,unlabeled
6206,3.0040121146157617e-07,0,0,unlabeled
6207,4.846354499932204e-07,0,0,unlabeled
6208,9.328736672031823e-10,0,0,unlabeled
6209,7.507712229681829e-10,0,0,unlabeled
6210,0.18479080498218536,0,0,unlabeled
6211,1.2668351700995117e-05,0,0,unlabeled
6212,1.0542151358094998e-05,0,0,unlabeled
6213,0.16551309823989868,0,0,val
6214,1.4132127944321837e-05,0,0,unlabeled
6215,1.128982057707617e-05,0,0,unlabeled
6216,3.056766217923723e-05,0,0,unlabeled
6217,2.7377934586070296e-08,0,0,unlabeled
6218,2.3881373323320076e-08,0,0,val
6219,0.008015317842364311,0,0,unlabeled
6220,1.7187649063998833e-06,0,0,unlabeled
6221,1.3094547739456175e-06,0,0,unlabeled
6222,0.0157601498067379,0,0,unlabeled
6223,2.97442966257222e-06,0,0,unlabeled
6224,2.06624986276438e-06,0,0,unlabeled
6225,3.4231902645842638e-06,0,0,unlabeled
6226,5.195307295480234e-09,0,0,unlabeled
6227,4.5871169085387464e-09,0,0,unlabeled
6228,0.005494371522217989,0,0,unlabeled
6229,1.0567785011517117e-06,0,0,unlabeled
6230,9.548955404170556e-07,0,0,unlabeled
6231,0.005608959123492241,0,0,unlabeled
6232,1.1716628023350495e-06,0,0,unlabeled
6233,9.16576539111702e-07,0,0,unlabeled
6234,2.1122802991158096e-06,0,0,unlabeled
6235,3.4383385028036173e-09,0,0,unlabeled
6236,3.0745386236930017e-09,0,0,unlabeled
6237,0.000963824219070375,0,0,unlabeled
6238,3.387424101219949e-07,0,0,unlabeled
6239,2.7070103669757373e-07,0,0,unlabeled
6240,0.0014995178207755089,0,0,train
6241,4.578063794724585e-07,0,0,unlabeled
6242,3.797195233801176e-07,0,0,train
6243,6.093019919717335e-07,0,0,unlabeled
6244,1.0190691623890302e-09,0,0,unlabeled
6245,9.03015717756972e-10,0,0,unlabeled
6246,0.000798060791566968,0,0,train
6247,4.855361908084888e-07,0,0,unlabeled
6248,3.7636877436852956e-07,0,0,unlabeled
6249,0.0021062674932181835,0,0,unlabeled
6250,8.582672421653115e-07,0,0,unlabeled
6251,6.754431751687662e-07,0,0,unlabeled
6252,1.1542297215783037e-06,0,0,unlabeled
6253,2.1931993998691723e-09,0,0,unlabeled
6254,1.8700343495936522e-09,0,0,unlabeled
6255,9.618869080441073e-05,0,0,unlabeled
6256,1.0188038856995263e-07,0,0,unlabeled
6257,7.700653270603652e-08,0,0,val
6258,0.00030524469912052155,0,0,unlabeled
6259,2.086209462959232e-07,0,0,unlabeled
6260,1.559331082034987e-07,0,0,unlabeled
6261,2.3911871949167107e-07,0,0,unlabeled
6262,4.4882364491627413e-10,0,0,unlabeled
6263,3.938855908103278e-10,0,0,val
6264,0.9671722650527954,1,0,unlabeled
6265,0.0022778918500989676,0,0,unlabeled
6266,0.0016663396963849664,0,0,train
6267,0.9675340056419373,1,0,unlabeled
6268,0.001612208434380591,0,0,unlabeled
6269,0.0011095184599980712,0,0,unlabeled
6270,0.006999711040407419,0,0,val
6271,1.263850208488293e-06,0,0,unlabeled
6272,7.038698299766111e-07,0,0,unlabeled
6273,0.8436799049377441,0,0,unlabeled
6274,0.0005433476762846112,0,0,unlabeled
6275,0.00028111354913562536,0,0,unlabeled
6276,0.9041986465454102,1,0,unlabeled
6277,0.0004596854269038886,0,0,unlabeled
6278,0.0002714207803364843,0,0,unlabeled
6279,0.000869636656716466,0,0,unlabeled
6280,2.75245184866435e-07,0,0,unlabeled
6281,2.016621749589831e-07,0,0,unlabeled
6282,0.6626889109611511,0,0,unlabeled
6283,0.00024097395362332463,0,0,unlabeled
6284,9.803973807720467e-05,0,0,unlabeled
6285,0.6911647319793701,0,0,train
6286,0.00013738515553995967,0,0,unlabeled
6287,7.111814193194732e-05,0,0,unlabeled
6288,0.00034103350481018424,0,0,train
6289,1.5234473949021776e-07,0,0,unlabeled
6290,1.0891606194718406e-07,0,0,val
6291,0.6205849647521973,0,0,unlabeled
6292,9.627723920857534e-05,0,0,unlabeled
6293,4.793632251676172e-05,0,0,train
6294,0.5994053483009338,0,0,unlabeled
6295,8.23332229629159e-05,0,0,unlabeled
6296,4.208319296594709e-05,0,0,unlabeled
6297,0.00015540634922217578,0,0,train
6298,7.101132837306068e-08,0,0,unlabeled
6299,5.574275263597883e-08,0,0,unlabeled
6300,0.17421123385429382,0,0,unlabeled
6301,3.141119668725878e-05,0,0,unlabeled
6302,1.5467476259800605e-05,0,0,val
6303,0.29339203238487244,0,0,unlabeled
6304,5.3595340432366356e-05,0,0,unlabeled
6305,2.5904089852701873e-05,0,0,unlabeled
6306,8.751034329179674e-05,0,0,unlabeled
6307,8.296366615923034e-08,0,0,unlabeled
6308,5.988587759020447e-08,0,0,unlabeled
6309,0.04238331690430641,0,0,unlabeled
6310,8.498734132444952e-06,0,0,unlabeled
6311,4.154127054789569e-06,0,0,train
6312,0.1290319412946701,0,0,unlabeled
6313,1.7341266357107088e-05,0,0,unlabeled
6314,9.009226232592482e-06,0,0,unlabeled
6315,2.2162350433063693e-05,0,0,unlabeled
6316,2.3073360111425245e-08,0,0,unlabeled
6317,1.724650822154672e-08,0,0,unlabeled
6318,0.9597219228744507,1,0,unlabeled
6319,0.0013796949060633779,0,0,unlabeled
6320,0.0005558472475968301,0,0,train
6321,0.9613998532295227,1,0,unlabeled
6322,0.0008229888044297695,0,0,unlabeled
6323,0.0004589680174831301,0,0,unlabeled
6324,0.0022894321009516716,0,0,unlabeled
6325,3.8459035067717195e-07,0,0,unlabeled
6326,2.562202894296206e-07,0,0,unlabeled
6327,0.6371356248855591,0,0,unlabeled
6328,0.0001055077082128264,0,0,val
6329,5.0263653974980116e-05,0,0,unlabeled
6330,0.7068980932235718,0,0,unlabeled
6331,0.0001308213104493916,0,0,unlabeled
6332,6.409397610696033e-05,0,0,unlabeled
6333,0.00017928950546775013,0,0,unlabeled
6334,7.610212549025164e-08,0,0,unlabeled
6335,5.066081953941648e-08,0,0,unlabeled
6336,0.6326290369033813,0,0,unlabeled
6337,8.265212818514556e-05,0,0,unlabeled
6338,4.040421117679216e-05,0,0,unlabeled
6339,0.512617290019989,0,0,unlabeled
6340,5.074086584500037e-05,0,0,unlabeled
6341,2.506619057385251e-05,0,0,val
6342,0.00012223960948176682,0,0,unlabeled
6343,5.659034130189866e-08,0,0,unlabeled
6344,4.115319285347141e-08,0,0,unlabeled
6345,0.25513818860054016,0,0,unlabeled
6346,1.8761656974675134e-05,0,0,unlabeled
6347,9.6613994173822e-06,0,0,unlabeled
6348,0.2734229266643524,0,0,unlabeled
6349,2.0001371012767777e-05,0,0,unlabeled
6350,1.0203931196883786e-05,0,0,unlabeled
6351,3.0028377295820974e-05,0,0,train
6352,1.6221168408492304e-08,0,0,unlabeled
6353,1.284309192328692e-08,0,0,unlabeled
6354,0.07391928136348724,0,0,unlabeled
6355,1.0562319403106812e-05,0,0,unlabeled
6356,5.15782357979333e-06,0,0,unlabeled
6357,0.13626715540885925,0,0,unlabeled
6358,1.7594384189578705e-05,0,0,unlabeled
6359,8.727406566322315e-06,0,0,train
6360,2.304574809386395e-05,0,0,unlabeled
6361,2.3953951711064292e-08,0,0,unlabeled
6362,1.7789185235983496e-08,0,0,unlabeled
6363,0.007909460924565792,0,0,unlabeled
6364,1.8446426111040637e-06,0,0,unlabeled
6365,9.907341791404178e-07,0,0,unlabeled
6366,0.022037150338292122,0,0,unlabeled
6367,3.8707694329787046e-06,0,0,unlabeled
6368,2.063532519969158e-06,0,0,unlabeled
6369,3.937559995392803e-06,0,0,unlabeled
6370,5.197706265391844e-09,0,0,unlabeled
6371,3.746196242104816e-09,0,0,val
6372,0.6763938069343567,0,0,unlabeled
6373,0.00010425428627058864,0,0,unlabeled
6374,5.2640978537965566e-05,0,0,unlabeled
6375,0.6341338753700256,0,0,unlabeled
6376,8.892933692550287e-05,0,0,unlabeled
6377,4.733736568596214e-05,0,0,unlabeled
6378,0.0002216504217358306,0,0,unlabeled
6379,9.205056983319082e-08,0,0,unlabeled
6380,6.678484965050302e-08,0,0,train
6381,0.05798422172665596,0,0,val
6382,9.017030606628396e-06,0,0,unlabeled
6383,4.016994353150949e-06,0,0,unlabeled
6384,0.0943593680858612,0,0,unlabeled
6385,1.2333644917816855e-05,0,0,unlabeled
6386,5.967327979305992e-06,0,0,unlabeled
6387,1.460734802094521e-05,0,0,train
6388,1.5193739599794753e-08,0,0,unlabeled
6389,1.0256372640071731e-08,0,0,unlabeled
6390,0.04394605755805969,0,0,unlabeled
6391,5.77625860387343e-06,0,0,train
6392,2.865453097911086e-06,0,0,unlabeled
6393,0.03139568492770195,0,0,unlabeled
6394,4.3244758671789896e-06,0,0,train
6395,2.23562119572307e-06,0,0,unlabeled
6396,8.621576853329316e-06,0,0,unlabeled
6397,1.0934647853844126e-08,0,0,unlabeled
6398,7.941519442056233e-09,0,0,unlabeled
6399,0.0063428995199501514,0,0,unlabeled
6400,1.147972398030106e-06,0,0,train
6401,6.602874691452598e-07,0,0,unlabeled
6402,0.00753113953396678,0,0,unlabeled
6403,1.4480965546681546e-06,0,0,unlabeled
6404,7.885734021328972e-07,0,0,train
6405,1.8772184375848155e-06,0,0,unlabeled
6406,2.549689126496446e-09,0,0,train
6407,2.0377854959008346e-09,0,0,unlabeled
6408,0.0034049968235194683,0,0,unlabeled
6409,1.2306082908253302e-06,0,0,unlabeled
6410,7.085532729433908e-07,0,0,unlabeled
6411,0.007042793091386557,0,0,unlabeled
6412,2.2139861357572954e-06,0,0,unlabeled
6413,1.194909714286041e-06,0,0,train
6414,2.9425141292449553e-06,0,0,unlabeled
6415,5.563915550510501e-09,0,0,train
6416,4.177461931931248e-09,0,0,unlabeled
6417,0.00022963868104852736,0,0,unlabeled
6418,1.9808065587767487e-07,0,0,train
6419,1.1421438017578112e-07,0,0,unlabeled
6420,0.0006689904839731753,0,0,unlabeled
6421,4.366353607565543e-07,0,0,unlabeled
6422,2.450571798817691e-07,0,0,unlabeled
6423,4.4234977281121246e-07,0,0,unlabeled
6424,1.0167490183121686e-09,0,0,unlabeled
6425,7.244968514008576e-10,0,0,unlabeled
6426,0.20986884832382202,0,0,train
6427,1.962748501682654e-05,0,0,unlabeled
6428,1.2488612810557242e-05,0,0,unlabeled
6429,0.22080978751182556,0,0,unlabeled
6430,1.8231472495244816e-05,0,0,unlabeled
6431,1.202502789965365e-05,0,0,unlabeled
6432,3.898643626598641e-05,0,0,unlabeled
6433,3.0971825992764934e-08,0,0,unlabeled
6434,2.5903707623342598e-08,0,0,unlabeled
6435,0.013294300064444542,0,0,val
6436,2.36463051805913e-06,0,0,unlabeled
6437,1.5296931223929278e-06,0,0,val
6438,0.022186778485774994,0,0,unlabeled
6439,3.3270048334088642e-06,0,0,unlabeled
6440,2.043486574621056e-06,0,0,unlabeled
6441,3.88876287615858e-06,0,0,unlabeled
6442,5.780163458979359e-09,0,0,unlabeled
6443,4.559256971958803e-09,0,0,train
6444,0.007969764992594719,0,0,unlabeled
6445,1.4479556966762175e-06,0,0,unlabeled
6446,1.0591959380690241e-06,0,0,unlabeled
6447,0.00625278614461422,0,0,train
6448,1.2749767392961076e-06,0,0,unlabeled
6449,8.422762789450644e-07,0,0,val
6450,2.2923704818822443e-06,0,0,unlabeled
6451,4.001763809213799e-09,0,0,unlabeled
6452,3.4226612655174904e-09,0,0,unlabeled
6453,0.0015700706280767918,0,0,train
6454,4.278627159237658e-07,0,0,unlabeled
6455,3.1242029763234314e-07,0,0,unlabeled
6456,0.0017999011324718595,0,0,unlabeled
6457,5.197410928303725e-07,0,0,unlabeled
6458,3.556570788987301e-07,0,0,unlabeled
6459,6.941227752577106e-07,0,0,unlabeled
6460,1.1162586410762287e-09,0,0,unlabeled
6461,1.048564013395037e-09,0,0,unlabeled
6462,0.0006746806320734322,0,0,unlabeled
6463,4.3050266640420887e-07,0,0,unlabeled
6464,3.067260081479617e-07,0,0,unlabeled
6465,0.0014474074123427272,0,0,unlabeled
6466,7.655371518922038e-07,0,0,unlabeled
6467,4.925786925014108e-07,0,0,train
6468,9.795560345082777e-07,0,0,unlabeled
6469,2.2055874904225448e-09,0,0,unlabeled
6470,1.8743551155608884e-09,0,0,unlabeled
6471,7.849108806112781e-05,0,0,unlabeled
6472,9.425558289422042e-08,0,0,unlabeled
6473,6.38495549765139e-08,0,0,train
6474,0.00022478189202956855,0,0,unlabeled
6475,1.840681989051518e-07,0,0,val
6476,1.2928109072163352e-07,0,0,unlabeled
6477,2.0314149651312619e-07,0,0,unlabeled
6478,4.688172072775387e-10,0,0,unlabeled
6479,3.6439926076603513e-10,0,0,unlabeled
6480,0.94078129529953,1,0,unlabeled
6481,0.0009573568240739405,0,0,unlabeled
6482,0.0004970222944393754,0,0,train
6483,0.9092085361480713,1,0,train
6484,0.0003783932770602405,0,0,unlabeled
6485,0.0003029263170901686,0,0,unlabeled
6486,0.001434723730199039,0,0,unlabeled
6487,3.278635745118663e-07,0,0,train
6488,2.6406283382129914e-07,0,0,unlabeled
6489,0.7288671731948853,0,0,train
6490,0.00011418148642405868,0,0,unlabeled
6491,8.123592851916328e-05,0,0,train
6492,0.6730493903160095,0,0,unlabeled
6493,9.183218207908794e-05,0,0,unlabeled
6494,6.504081829916686e-05,0,0,unlabeled
6495,0.0002181813179049641,0,0,unlabeled
6496,8.483897318001254e-08,0,0,unlabeled
6497,7.303665228164391e-08,0,0,train
6498,0.3514274060726166,0,0,unlabeled
6499,3.232181188650429e-05,0,0,unlabeled
6500,2.0778570615220815e-05,0,0,unlabeled
6501,0.1896744668483734,0,0,unlabeled
6502,1.6367164789699018e-05,0,0,unlabeled
6503,1.0639059837558307e-05,0,0,unlabeled
6504,4.953593452228233e-05,0,0,train
6505,3.794421843394957e-08,0,0,unlabeled
6506,2.987430036682781e-08,0,0,train
6507,0.219613716006279,0,0,train
6508,1.4402584383788053e-05,0,0,unlabeled
6509,9.278715879190713e-06,0,0,unlabeled
6510,0.13357001543045044,0,0,unlabeled
6511,1.1102449207101017e-05,0,0,unlabeled
6512,6.997682703513419e-06,0,0,train
6513,2.393820795987267e-05,0,0,unlabeled
6514,1.8272489299420158e-08,0,0,unlabeled
6515,1.520838210922193e-08,0,0,unlabeled
6516,0.06075386703014374,0,0,unlabeled
6517,9.061650416697375e-06,0,0,unlabeled
6518,5.472626071423292e-06,0,0,train
6519,0.07319629937410355,0,0,train
6520,1.0837497939064633e-05,0,0,unlabeled
6521,6.73040995025076e-06,0,0,unlabeled
6522,2.0097757442272268e-05,0,0,unlabeled
6523,2.3627334755360607e-08,0,0,unlabeled
6524,1.9460426159412236e-08,0,0,unlabeled
6525,0.013028777204453945,0,0,unlabeled
6526,2.4325477170350496e-06,0,0,train
6527,1.5875343706284184e-06,0,0,unlabeled
6528,0.0262029729783535,0,0,unlabeled
6529,3.7483853247977095e-06,0,0,unlabeled
6530,2.5246627046726644e-06,0,0,unlabeled
6531,5.675648935721256e-06,0,0,unlabeled
6532,6.652444817234482e-09,0,0,train
6533,5.574059436241896e-09,0,0,train
6534,0.8890828490257263,0,0,unlabeled
6535,0.00021891167853027582,0,0,unlabeled
6536,0.00014552513312082738,0,0,unlabeled
6537,0.7928404808044434,0,0,unlabeled
6538,0.00011482678382890299,0,0,train
6539,7.91619677329436e-05,0,0,train
6540,0.0004607714945450425,0,0,train
6541,1.0962781971102231e-07,0,0,train
6542,8.482747659854795e-08,0,0,unlabeled
6543,0.28819897770881653,0,0,unlabeled
6544,2.2986112526268698e-05,0,0,unlabeled
6545,1.3923625374445692e-05,0,0,unlabeled
6546,0.28398722410202026,0,0,val
6547,2.242491245851852e-05,0,0,unlabeled
6548,1.3620792742585763e-05,0,0,unlabeled
6549,3.746563015738502e-05,0,0,unlabeled
6550,2.114557950960716e-08,0,0,unlabeled
6551,1.5995288649151007e-08,0,0,unlabeled
6552,0.16089215874671936,0,0,unlabeled
6553,9.771099939825945e-06,0,0,train
6554,6.352754553518025e-06,0,0,unlabeled
6555,0.07544872909784317,0,0,train
6556,5.529889676836319e-06,0,0,unlabeled
6557,3.43002648151014e-06,0,0,unlabeled
6558,1.4754170479136519e-05,0,0,unlabeled
6559,1.2197504339894749e-08,0,0,unlabeled
6560,9.69647118154171e-09,0,0,unlabeled
6561,0.03536444902420044,0,0,unlabeled
6562,2.637182888065581e-06,0,0,unlabeled
6563,1.7296471241934341e-06,0,0,unlabeled
6564,0.027418743818998337,0,0,train
6565,2.626370587677229e-06,0,0,unlabeled
6566,1.6419004396084347e-06,0,0,unlabeled
6567,4.50681864094804e-06,0,0,train
6568,3.875928022978314e-09,0,0,unlabeled
6569,3.171481521846431e-09,0,0,unlabeled
6570,0.015587451867759228,0,0,train
6571,2.2455915313912556e-06,0,0,unlabeled
6572,1.4920220792191685e-06,0,0,unlabeled
6573,0.01714751310646534,0,0,unlabeled
6574,2.939619662356563e-06,0,0,unlabeled
6575,1.7940683392225765e-06,0,0,unlabeled
6576,4.772320608026348e-06,0,0,unlabeled
6577,6.046811940052521e-09,0,0,unlabeled
6578,4.857925173240574e-09,0,0,unlabeled
6579,0.001450304756872356,0,0,unlabeled
6580,4.659867443024268e-07,0,0,unlabeled
6581,3.1096433872335183e-07,0,0,unlabeled
6582,0.002630435163155198,0,0,unlabeled
6583,7.746348842374573e-07,0,0,train
6584,5.073397915111855e-07,0,0,unlabeled
6585,9.831667284743162e-07,0,0,unlabeled
6586,1.3169184631678377e-09,0,0,unlabeled
6587,1.0845844222728829e-09,0,0,unlabeled
6588,0.4112480580806732,0,0,unlabeled
6589,2.842665162461344e-05,0,0,unlabeled
6590,1.8281980374013074e-05,0,0,unlabeled
6591,0.28747954964637756,0,0,unlabeled
6592,1.6883517673704773e-05,0,0,unlabeled
6593,1.200914539367659e-05,0,0,unlabeled
6594,5.178749779588543e-05,0,0,unlabeled
6595,2.7899394794417276e-08,0,0,unlabeled
6596,2.347962357873712e-08,0,0,unlabeled
6597,0.021391620859503746,0,0,unlabeled
6598,2.6278362383891363e-06,0,0,unlabeled
6599,1.614658003745717e-06,0,0,unlabeled
6600,0.02047913521528244,0,0,unlabeled
6601,2.706971599764074e-06,0,0,unlabeled
6602,1.7958607259060955e-06,0,0,unlabeled
6603,4.211001851217588e-06,0,0,unlabeled
6604,4.543994958083886e-09,0,0,unlabeled
6605,3.570964857146919e-09,0,0,train
6606,0.008095878176391125,0,0,unlabeled
6607,1.0893212447626865e-06,0,0,train
6608,7.702708444412565e-07,0,0,unlabeled
6609,0.0035389757249504328,0,0,unlabeled
6610,6.818218025728129e-07,0,0,unlabeled
6611,4.7471232278439857e-07,0,0,unlabeled
6612,1.7485889429735835e-06,0,0,unlabeled
6613,2.518927288974737e-09,0,0,unlabeled
6614,2.0737564998540847e-09,0,0,unlabeled
6615,0.0009526881040073931,0,0,unlabeled
6616,2.524782871660136e-07,0,0,train
6617,1.8808762547450897e-07,0,0,unlabeled
6618,0.0007754383841529489,0,0,unlabeled
6619,2.536642682571255e-07,0,0,unlabeled
6620,1.765959467547873e-07,0,0,unlabeled
6621,4.213048327983415e-07,0,0,train
6622,6.000953622908867e-10,0,0,train
6623,5.306885486611179e-10,0,0,unlabeled
6624,0.0008040825487114489,0,0,unlabeled
6625,3.6901627709085005e-07,0,0,unlabeled
6626,2.6616763193487714e-07,0,0,unlabeled
6627,0.0010293949162587523,0,0,unlabeled
6628,4.745841692965769e-07,0,0,val
6629,3.1852511028773733e-07,0,0,unlabeled
6630,8.246628340202733e-07,0,0,unlabeled
6631,1.4728658292995078e-09,0,0,unlabeled
6632,1.2418729378183002e-09,0,0,unlabeled
6633,6.035859041730873e-05,0,0,unlabeled
6634,5.997206642405217e-08,0,0,unlabeled
6635,4.2907053909857495e-08,0,0,unlabeled
6636,0.00011142993753310293,0,0,unlabeled
6637,9.995864047596115e-08,0,0,unlabeled
6638,7.109318289622024e-08,0,0,unlabeled
6639,1.295303917459023e-07,0,0,unlabeled
6640,2.613943228535476e-10,0,0,unlabeled
6641,2.266701409903149e-10,0,0,train
6642,0.09955484420061111,0,0,train
6643,6.56726888337289e-06,0,0,unlabeled
6644,5.180317202757578e-06,0,0,unlabeled
6645,0.06616688519716263,0,0,unlabeled
6646,4.722703579318477e-06,0,0,unlabeled
6647,3.7336149034672417e-06,0,0,unlabeled
6648,1.172268093796447e-05,0,0,unlabeled
6649,1.0188112575804098e-08,0,0,unlabeled
6650,9.22737708464183e-09,0,0,unlabeled
6651,0.004767348989844322,0,0,unlabeled
6652,8.45413239858317e-07,0,0,unlabeled
6653,6.781831416446948e-07,0,0,train
6654,0.005004033911973238,0,0,unlabeled
6655,9.021245546136925e-07,0,0,unlabeled
6656,7.207746079984645e-07,0,0,train
6657,1.3470817066263407e-06,0,0,unlabeled
6658,1.8055741346501009e-09,0,0,unlabeled
6659,1.624781975628764e-09,0,0,train
6660,0.0015785694122314453,0,0,train
6661,3.775400045924471e-07,0,0,unlabeled
6662,3.4047221220134816e-07,0,0,unlabeled
6663,0.0007410356774926186,0,0,unlabeled
6664,2.6733351887742174e-07,0,0,train
6665,2.1704919106468878e-07,0,0,unlabeled
6666,5.86521878176427e-07,0,0,unlabeled
6667,9.967447978098676e-10,0,0,unlabeled
6668,9.379316212587696e-10,0,0,unlabeled
6669,0.0002577787381596863,0,0,train
6670,1.12072264357721e-07,0,0,unlabeled
6671,9.4929276883704e-08,0,0,unlabeled
6672,0.00021651638962794095,0,0,unlabeled
6673,1.1706717373272113e-07,0,0,unlabeled
6674,9.439609982564434e-08,0,0,unlabeled
6675,1.78623267288458e-07,0,0,unlabeled
6676,2.868501269848167e-10,0,0,train
6677,2.816923083681644e-10,0,0,val
6678,0.0001938779023475945,0,0,unlabeled
6679,1.5407968589897791e-07,0,0,unlabeled
6680,1.2537657312350348e-07,0,0,val
6681,0.000246810115640983,0,0,unlabeled
6682,2.0007337298011407e-07,0,0,unlabeled
6683,1.5210345338800835e-07,0,0,unlabeled
6684,3.099682999163633e-07,0,0,unlabeled
6685,6.129147189781747e-10,0,0,unlabeled
6686,5.656503043738326e-10,0,0,unlabeled
6687,2.3366750610875897e-05,0,0,unlabeled
6688,3.035737350387535e-08,0,0,unlabeled
6689,2.461915471485554e-08,0,0,unlabeled
6690,4.543931572698057e-05,0,0,unlabeled
6691,5.1816531509985e-08,0,0,unlabeled
6692,3.9638432980382277e-08,0,0,unlabeled
6693,6.360281190609385e-08,0,0,unlabeled
6694,1.276580646747405e-10,0,0,unlabeled
6695,1.1765212415415505e-10,0,0,unlabeled
6696,0.7686569094657898,0,0,val
6697,0.00016720524581614882,0,0,unlabeled
6698,0.00012619749759323895,0,0,unlabeled
6699,0.6315537691116333,0,0,unlabeled
6700,9.802628483157605e-05,0,0,unlabeled
6701,7.004942744970322e-05,0,0,unlabeled
6702,0.00028752131038345397,0,0,unlabeled
6703,1.5317790769131534e-07,0,0,unlabeled
6704,1.2175357255728159e-07,0,0,unlabeled
6705,0.22276189923286438,0,0,unlabeled
6706,2.2343901946442202e-05,0,0,unlabeled
6707,1.697421794233378e-05,0,0,train
6708,0.20628468692302704,0,0,train
6709,2.0099329049116932e-05,0,0,unlabeled
6710,1.4493743037746754e-05,0,0,unlabeled
6711,3.77480209863279e-05,0,0,unlabeled
6712,3.352016264557278e-08,0,0,unlabeled
6713,2.98381372942913e-08,0,0,train
6714,0.06173393875360489,0,0,unlabeled
6715,9.072606189874932e-06,0,0,unlabeled
6716,5.67133702134015e-06,0,0,unlabeled
6717,0.03664858266711235,0,0,train
6718,5.442735073302174e-06,0,0,unlabeled
6719,3.5512400700099533e-06,0,0,train
6720,1.051662638928974e-05,0,0,unlabeled
6721,1.682172445782726e-08,0,0,train
6722,1.2980486907565592e-08,0,0,unlabeled
6723,0.024017255753278732,0,0,unlabeled
6724,3.1890338050288847e-06,0,0,unlabeled
6725,2.1512232706299983e-06,0,0,unlabeled
6726,0.018502792343497276,0,0,unlabeled
6727,2.596186050141114e-06,0,0,unlabeled
6728,1.77808283297054e-06,0,0,train
6729,4.4927514863957185e-06,0,0,val
6730,6.7318763896651035e-09,0,0,unlabeled
6731,5.327546848121756e-09,0,0,unlabeled
6732,0.009910997934639454,0,0,unlabeled
6733,3.4097954539902275e-06,0,0,unlabeled
6734,2.1121652480360353e-06,0,0,unlabeled
6735,0.012413463555276394,0,0,unlabeled
6736,4.047407855978236e-06,0,0,unlabeled
6737,2.500640675862087e-06,0,0,unlabeled
6738,5.724348739022389e-06,0,0,unlabeled
6739,1.257303416934974e-08,0,0,unlabeled
6740,9.718245763679079e-09,0,0,unlabeled
6741,0.001512638758867979,0,0,unlabeled
6742,7.583151955259382e-07,0,0,train
6743,5.178748665457533e-07,0,0,unlabeled
6744,0.0031276720110327005,0,0,val
6745,1.205469629894651e-06,0,0,unlabeled
6746,7.897693308223097e-07,0,0,unlabeled
6747,1.5633276007065433e-06,0,0,unlabeled
6748,2.9877018636881303e-09,0,0,val
6749,2.4629334127723723e-09,0,0,unlabeled
6750,0.6150792837142944,0,0,unlabeled
6751,6.0949827457079664e-05,0,0,unlabeled
6752,4.239176996634342e-05,0,0,unlabeled
6753,0.4595838785171509,0,0,train
6754,3.64326115231961e-05,0,0,unlabeled
6755,2.3905651687528007e-05,0,0,unlabeled
6756,0.00010005284275393933,0,0,unlabeled
6757,5.0066599754927665e-08,0,0,unlabeled
6758,3.9510343441406803e-08,0,0,unlabeled
6759,0.0615869015455246,0,0,train
6760,6.098430731071858e-06,0,0,unlabeled
6761,3.94873632103554e-06,0,0,unlabeled
6762,0.06249520182609558,0,0,unlabeled
6763,6.488536655524513e-06,0,0,unlabeled
6764,4.0241611714009196e-06,0,0,unlabeled
6765,9.144348041445483e-06,0,0,unlabeled
6766,9.08636454965972e-09,0,0,unlabeled
6767,7.015869218918169e-09,0,0,unlabeled
6768,0.03050708957016468,0,0,unlabeled
6769,3.5284936075186124e-06,0,0,unlabeled
6770,2.2075978449720424e-06,0,0,unlabeled
6771,0.015679456293582916,0,0,unlabeled
6772,2.115598590535228e-06,0,0,unlabeled
6773,1.3976929267300875e-06,0,0,unlabeled
6774,4.092364633834222e-06,0,0,unlabeled
6775,5.815861126023947e-09,0,0,unlabeled
6776,4.4943120336427e-09,0,0,unlabeled
6777,0.004401625599712133,0,0,unlabeled
6778,7.715693186582939e-07,0,0,unlabeled
6779,5.275855983200017e-07,0,0,train
6780,0.0036293729208409786,0,0,unlabeled
6781,7.706287306064041e-07,0,0,unlabeled
6782,4.983708095096517e-07,0,0,unlabeled
6783,1.0726078016887186e-06,0,0,unlabeled
6784,1.5210782633445774e-09,0,0,train
6785,1.2186056608243234e-09,0,0,unlabeled
6786,0.0029234886169433594,0,0,unlabeled
6787,1.0285522193953511e-06,0,0,unlabeled
6788,6.793236480007181e-07,0,0,unlabeled
6789,0.0033083476591855288,0,0,unlabeled
6790,1.2925303281008382e-06,0,0,unlabeled
6791,7.683024705329444e-07,0,0,val
6792,1.6934208133534412e-06,0,0,unlabeled
6793,3.3233862328785335e-09,0,0,train
6794,2.5311792661852905e-09,0,0,train
6795,0.00023101716942619532,0,0,unlabeled
6796,1.7302839694366412e-07,0,0,train
6797,1.2410487215674948e-07,0,0,unlabeled
6798,0.0004359602171462029,0,0,unlabeled
6799,2.914733272518788e-07,0,0,unlabeled
6800,1.863333238816267e-07,0,0,unlabeled
6801,3.2352480161534913e-07,0,0,unlabeled
6802,6.394040297230674e-10,0,0,unlabeled
6803,5.161319149848964e-10,0,0,unlabeled
6804,0.14276151359081268,0,0,unlabeled
6805,1.1698522939695977e-05,0,0,unlabeled
6806,7.628473213117104e-06,0,0,unlabeled
6807,0.09140768647193909,0,0,unlabeled
6808,7.358327366091544e-06,0,0,unlabeled
6809,5.2991704251326155e-06,0,0,train
6810,1.7421723896404728e-05,0,0,unlabeled
6811,1.575241093121349e-08,0,0,unlabeled
6812,1.2997382725643547e-08,0,0,train
6813,0.003977888263761997,0,0,unlabeled
6814,1.0004823707276955e-06,0,0,unlabeled
6815,7.016487870714627e-07,0,0,val
6816,0.004141178913414478,0,0,train
6817,1.1070580967498245e-06,0,0,unlabeled
6818,7.569055924250279e-07,0,0,unlabeled
6819,1.517422788310796e-06,0,0,unlabeled
6820,2.368837570543292e-09,0,0,unlabeled
6821,1.87627580139349e-09,0,0,unlabeled
6822,0.001596400747075677,0,0,train
6823,5.436253331936314e-07,0,0,unlabeled
6824,3.8917983147257473e-07,0,0,unlabeled
6825,0.0008328802068717778,0,0,unlabeled
6826,3.7330167401705694e-07,0,0,train
6827,2.6150038934247277e-07,0,0,train
6828,6.918090207364003e-07,0,0,unlabeled
6829,1.453913989202249e-09,0,0,unlabeled
6830,1.1773187980068656e-09,0,0,unlabeled
6831,0.0001540504745207727,0,0,unlabeled
6832,1.0309035758382379e-07,0,0,unlabeled
6833,7.49470032701538e-08,0,0,unlabeled
6834,0.00015219286433421075,0,0,unlabeled
6835,1.0850241238813396e-07,0,0,unlabeled
6836,7.539447466342608e-08,0,0,unlabeled
6837,1.4231544298581866e-07,0,0,unlabeled
6838,3.0249719396024943e-10,0,0,unlabeled
6839,2.6031168887108436e-10,0,0,unlabeled
6840,0.00019880858599208295,0,0,unlabeled
6841,2.1657652382600645e-07,0,0,unlabeled
6842,1.4586915142444923e-07,0,0,train
6843,0.00025896483566612005,0,0,unlabeled
6844,2.7307899586048734e-07,0,0,unlabeled
6845,1.8234163690067362e-07,0,0,unlabeled
6846,3.625420674779889e-07,0,0,unlabeled
6847,9.365498376823211e-10,0,0,train
6848,7.627264930754052e-10,0,0,unlabeled
6849,1.5541525499429554e-05,0,0,unlabeled
6850,3.029761685979793e-08,0,0,unlabeled
6851,2.045976899012203e-08,0,0,unlabeled
6852,3.155516242259182e-05,0,0,train
6853,5.071641950848971e-08,0,0,train
6854,3.5481683369198436e-08,0,0,unlabeled
6855,5.60897923662651e-08,0,0,unlabeled
6856,1.5950031573286338e-10,0,0,unlabeled
6857,1.3597349635130485e-10,0,0,unlabeled
6858,0.02480899728834629,0,0,unlabeled
6859,2.7900484838028206e-06,0,0,unlabeled
6860,2.342595735171926e-06,0,0,unlabeled
6861,0.015122395008802414,0,0,unlabeled
6862,2.14111832974595e-06,0,0,unlabeled
6863,1.7108075098803965e-06,0,0,unlabeled
6864,4.3448553697089665e-06,0,0,unlabeled
6865,5.669705593902563e-09,0,0,val
6866,5.120833090899168e-09,0,0,unlabeled
6867,0.0008580511203035712,0,0,unlabeled
6868,3.636550331975741e-07,0,0,unlabeled
6869,3.01524323731428e-07,0,0,unlabeled
6870,0.0009159789187833667,0,0,unlabeled
6871,3.9093296777537034e-07,0,0,unlabeled
6872,3.138315491924004e-07,0,0,unlabeled
6873,5.300734642332827e-07,0,0,unlabeled
6874,9.611562656886008e-10,0,0,unlabeled
6875,8.64892546470486e-10,0,0,unlabeled
6876,0.00030050345230847597,0,0,unlabeled
6877,1.9777543514010176e-07,0,0,unlabeled
6878,1.703196943481089e-07,0,0,unlabeled
6879,0.0001873081346275285,0,0,unlabeled
6880,1.4753497623587464e-07,0,0,train
6881,1.1805072119841498e-07,0,0,unlabeled
6882,2.5942725301320024e-07,0,0,train
6883,5.797229363224687e-10,0,0,unlabeled
6884,5.261339697248957e-10,0,0,unlabeled
6885,4.6072487748460844e-05,0,0,unlabeled
6886,4.5962448069758466e-08,0,0,train
6887,3.819523541892522e-08,0,0,train
6888,4.474827437661588e-05,0,0,unlabeled
6889,4.804766007282524e-08,0,0,unlabeled
6890,3.802158943244649e-08,0,0,unlabeled
6891,6.437181099272493e-08,0,0,unlabeled
6892,1.4050451080382942e-10,0,0,val
6893,1.3371155571650917e-10,0,0,unlabeled
6894,5.5889882787596434e-05,0,0,unlabeled
6895,8.722339828182157e-08,0,0,unlabeled
6896,6.712517830465003e-08,0,0,unlabeled
6897,7.215367804747075e-05,0,0,unlabeled
6898,1.1584594261648817e-07,0,0,unlabeled
6899,8.250934513398533e-08,0,0,unlabeled
6900,1.4781159052290604e-07,0,0,unlabeled
6901,4.025024480380779e-10,0,0,unlabeled
6902,3.5304445478168134e-10,0,0,val
6903,6.661876341240713e-06,0,0,unlabeled
6904,1.4624391475592802e-08,0,0,unlabeled
6905,1.1450564052495338e-08,0,0,unlabeled
6906,1.2655926184379496e-05,0,0,unlabeled
6907,2.449750979849341e-08,0,0,unlabeled
6908,1.8045732019800198e-08,0,0,unlabeled
6909,2.7697485194266847e-08,0,0,unlabeled
6910,7.522257122749565e-11,0,0,unlabeled
6911,6.913272732056441e-11,0,0,unlabeled
6912,0.39682599902153015,0,0,unlabeled
6913,6.676311022602022e-05,0,0,unlabeled
6914,4.763261313200928e-05,0,0,unlabeled
6915,0.416251003742218,0,0,unlabeled
6916,7.608708983752877e-05,0,0,val
6917,7.375334826065227e-05,0,0,unlabeled
6918,0.00016064458759501576,0,0,unlabeled
6919,1.7026577836531942e-07,0,0,unlabeled
6920,1.1008733480366573e-07,0,0,train
6921,0.0689508318901062,0,0,unlabeled
6922,1.309006711380789e-05,0,0,train
6923,8.81463256519055e-06,0,0,unlabeled
6924,0.11647854745388031,0,0,unlabeled
6925,2.737686190812383e-05,0,0,unlabeled
6926,1.3432842933980282e-05,0,0,unlabeled
6927,2.7435929951025173e-05,0,0,train
6928,4.028116151744143e-08,0,0,unlabeled
6929,4.363064931567351e-08,0,0,unlabeled
6930,0.05359134078025818,0,0,unlabeled
6931,8.66853770276066e-06,0,0,unlabeled
6932,8.199214789783582e-06,0,0,unlabeled
6933,0.052489329129457474,0,0,unlabeled
6934,1.1102883036073763e-05,0,0,unlabeled
6935,6.263391242100624e-06,0,0,train
6936,1.7900789316627197e-05,0,0,train
6937,2.470104654150873e-08,0,0,unlabeled
6938,1.9597649725255906e-08,0,0,train
6939,0.02396811917424202,0,0,unlabeled
6940,5.0439634833310265e-06,0,0,unlabeled
6941,2.8336069135548314e-06,0,0,train
6942,0.02869979292154312,0,0,unlabeled
6943,4.965792868460994e-06,0,0,unlabeled
6944,3.4408581086609047e-06,0,0,unlabeled
6945,8.102184438030235e-06,0,0,unlabeled
6946,1.2264714577270297e-08,0,0,unlabeled
6947,9.055394656343196e-09,0,0,unlabeled
6948,0.0077562774531543255,0,0,train
6949,3.911428848368814e-06,0,0,unlabeled
6950,2.2237750272324774e-06,0,0,train
6951,0.024058613926172256,0,0,unlabeled
6952,5.356177098292392e-06,0,0,unlabeled
6953,4.381346570880851e-06,0,0,unlabeled
6954,1.0812299478857312e-05,0,0,train
6955,1.5434920896950644e-08,0,0,unlabeled
6956,1.2611391042582909e-08,0,0,unlabeled
6957,0.00153538363520056,0,0,unlabeled
6958,1.1004067346220836e-06,0,0,unlabeled
6959,6.219560759745946e-07,0,0,unlabeled
6960,0.00513596972450614,0,0,unlabeled
6961,1.691156398919702e-06,0,0,unlabeled
6962,1.2541105434138444e-06,0,0,train
6963,2.319285840712837e-06,0,0,unlabeled
6964,4.050449309289661e-09,0,0,unlabeled
6965,3.394057479511048e-09,0,0,unlabeled
6966,0.20351989567279816,0,0,unlabeled
6967,2.2294860173133202e-05,0,0,unlabeled
6968,1.9350098227732815e-05,0,0,unlabeled
6969,0.19624902307987213,0,0,train
6970,3.231410664739087e-05,0,0,unlabeled
6971,1.4658548934676219e-05,0,0,unlabeled
6972,4.968595385435037e-05,0,0,unlabeled
6973,4.242730966552699e-08,0,0,unlabeled
6974,3.116322488949663e-08,0,0,unlabeled
6975,0.010975005105137825,0,0,unlabeled
6976,2.9044135771982837e-06,0,0,unlabeled
6977,1.802989231691754e-06,0,0,unlabeled
6978,0.017650019377470016,0,0,train
6979,6.781475804018555e-06,0,0,train
6980,2.8148826913820812e-06,0,0,unlabeled
6981,5.7961742641055025e-06,0,0,val
6982,8.84248940735688e-09,0,0,unlabeled
6983,6.240056027451146e-09,0,0,unlabeled
6984,0.01789468713104725,0,0,val
6985,3.571513161659823e-06,0,0,unlabeled
6986,1.9859944586642087e-06,0,0,unlabeled
6987,0.0181454885751009,0,0,unlabeled
6988,2.7186188162886538e-06,0,0,unlabeled
6989,2.0600286916305777e-06,0,0,unlabeled
6990,4.95584890813916e-06,0,0,unlabeled
6991,6.6797305464660894e-09,0,0,val
6992,5.270382352762226e-09,0,0,unlabeled
6993,0.0036423252895474434,0,0,val
6994,7.850923680052802e-07,0,0,unlabeled
6995,5.523652930605749e-07,0,0,unlabeled
6996,0.00412951223552227,0,0,train
6997,1.0016127589551616e-06,0,0,unlabeled
6998,7.176544727371947e-07,0,0,unlabeled
6999,1.467178435632377e-06,0,0,train
7000,2.072704674560555e-09,0,0,unlabeled
7001,1.6481540576762654e-09,0,0,val
7002,0.0018641281640157104,0,0,unlabeled
7003,8.176868391274184e-07,0,0,val
7004,5.87147496844409e-07,0,0,unlabeled
7005,0.0033401038963347673,0,0,unlabeled
7006,1.2734820984405815e-06,0,0,unlabeled
7007,9.239996643373161e-07,0,0,unlabeled
7008,1.8404991806164617e-06,0,0,train
7009,3.3089775364203433e-09,0,0,train
7010,2.735965010103314e-09,0,0,unlabeled
7011,0.00016133028839249164,0,0,train
7012,1.6148567283380544e-07,0,0,train
7013,1.1474114813836422e-07,0,0,unlabeled
7014,0.000457881047623232,0,0,unlabeled
7015,3.157245771490125e-07,0,0,unlabeled
7016,2.1759448998182052e-07,0,0,unlabeled
7017,3.645182289346849e-07,0,0,unlabeled
7018,7.204441487829172e-10,0,0,train
7019,5.885423259854861e-10,0,0,unlabeled
7020,0.026851925998926163,0,0,unlabeled
7021,5.9503308875719085e-06,0,0,unlabeled
7022,3.273248012192198e-06,0,0,unlabeled
7023,0.03686089441180229,0,0,unlabeled
7024,5.09990695718443e-06,0,0,unlabeled
7025,3.5408986605034443e-06,0,0,val
7026,1.0038361324404832e-05,0,0,unlabeled
7027,1.3153176325886307e-08,0,0,train
7028,9.835333436569726e-09,0,0,unlabeled
7029,0.0010603034170344472,0,0,unlabeled
7030,5.717462840948428e-07,0,0,train
7031,3.7290422483238217e-07,0,0,unlabeled
7032,0.001655448111705482,0,0,unlabeled
7033,8.994879294732527e-07,0,0,unlabeled
7034,5.459976932797872e-07,0,0,unlabeled
7035,1.0703290627134265e-06,0,0,val
7036,2.2534600851997766e-09,0,0,unlabeled
7037,1.7398383844735577e-09,0,0,unlabeled
7038,0.0010182812111452222,0,0,unlabeled
7039,4.1975198428190197e-07,0,0,unlabeled
7040,3.2888513601392333e-07,0,0,unlabeled
7041,0.0007934285677038133,0,0,unlabeled
7042,4.20789262989274e-07,0,0,val
7043,3.074898415889038e-07,0,0,unlabeled
7044,7.932550829536922e-07,0,0,train
7045,1.5561668620378555e-09,0,0,unlabeled
7046,1.3205554427742072e-09,0,0,unlabeled
7047,0.00011725250078598037,0,0,train
7048,1.0080412238266945e-07,0,0,unlabeled
7049,7.191118100990934e-08,0,0,unlabeled
7050,0.00017830258002504706,0,0,unlabeled
7051,1.384338048637801e-07,0,0,unlabeled
7052,1.0451585552573306e-07,0,0,unlabeled
7053,1.8611984842209495e-07,0,0,unlabeled
7054,4.0114131460988744e-10,0,0,val
7055,3.29067967319574e-10,0,0,unlabeled
7056,0.0001184459324576892,0,0,unlabeled
7057,1.7269508134631906e-07,0,0,unlabeled
7058,1.1979852843069239e-07,0,0,unlabeled
7059,0.0002911412448156625,0,0,val
7060,2.8343453095658333e-07,0,0,unlabeled
7061,2.1396495242242963e-07,0,0,unlabeled
7062,4.0682206758901884e-07,0,0,unlabeled
7063,8.917362959159902e-10,0,0,unlabeled
7064,7.58341389683892e-10,0,0,unlabeled
7065,1.2513349247456063e-05,0,0,train
7066,2.7910198596714508e-08,0,0,unlabeled
7067,1.939916671744868e-08,0,0,unlabeled
7068,3.48292087437585e-05,0,0,unlabeled
7069,5.604658426250353e-08,0,0,train
7070,4.162193789625235e-08,0,0,train
7071,6.539312380482443e-08,0,0,unlabeled
7072,1.66947469737444e-10,0,0,unlabeled
7073,1.4421751293181018e-10,0,0,unlabeled
7074,0.006324788089841604,0,0,unlabeled
7075,1.39866631343466e-06,0,0,unlabeled
7076,1.2203215646877652e-06,0,0,unlabeled
7077,0.00520407734438777,0,0,train
7078,1.5460030908798217e-06,0,0,unlabeled
7079,1.2622639360415633e-06,0,0,unlabeled
7080,2.8981908144487534e-06,0,0,val
7081,5.040163397751485e-09,0,0,unlabeled
7082,4.216036408877244e-09,0,0,val
7083,0.00022606678248848766,0,0,unlabeled
7084,2.299768624425269e-07,0,0,unlabeled
7085,1.758650398642203e-07,0,0,train
7086,0.00038967965519987047,0,0,unlabeled
7087,3.6522249047266087e-07,0,0,unlabeled
7088,2.585526885923173e-07,0,0,unlabeled
7089,4.1611698975430045e-07,0,0,val
7090,9.70582947346088e-10,0,0,unlabeled
7091,8.582846655613707e-10,0,0,unlabeled
7092,0.00019029989198315889,0,0,unlabeled
7093,1.6413574144280574e-07,0,0,unlabeled
7094,1.5159154997945734e-07,0,0,unlabeled
7095,0.00018688017735257745,0,0,unlabeled
7096,1.8237189181036229e-07,0,0,unlabeled
7097,1.4701741690714698e-07,0,0,unlabeled
7098,3.1146532819548156e-07,0,0,unlabeled
7099,6.502801075392028e-10,0,0,train
7100,6.081740111518741e-10,0,0,unlabeled
7101,3.7270670873112977e-05,0,0,unlabeled
7102,4.9364530241291504e-08,0,0,unlabeled
7103,4.0426940017823654e-08,0,0,unlabeled
7104,5.682103801518679e-05,0,0,unlabeled
7105,6.680051711782653e-08,0,0,unlabeled
7106,5.58421362484296e-08,0,0,unlabeled
7107,8.921080763002465e-08,0,0,unlabeled
7108,2.007535249148873e-10,0,0,unlabeled
7109,1.7902003490721796e-10,0,0,unlabeled
7110,3.89106608054135e-05,0,0,unlabeled
7111,7.428563719713566e-08,0,0,unlabeled
7112,6.036006539034133e-08,0,0,unlabeled
7113,8.684015483595431e-05,0,0,unlabeled
7114,1.2644079561141552e-07,0,0,unlabeled
7115,1.0338158773492978e-07,0,0,unlabeled
7116,1.727507452642385e-07,0,0,train
7117,4.0822614733038165e-10,0,0,unlabeled
7118,3.648332191907855e-10,0,0,unlabeled
7119,5.9667927416739985e-06,0,0,unlabeled
7120,1.4934864012161597e-08,0,0,train
7121,1.2124278470082572e-08,0,0,unlabeled
7122,1.5108746083569713e-05,0,0,unlabeled
7123,2.8863743395390884e-08,0,0,unlabeled
7124,2.312861369091479e-08,0,0,unlabeled
7125,3.453476438153302e-08,0,0,unlabeled
7126,8.665895778747768e-11,0,0,unlabeled
7127,7.885603975354982e-11,0,0,unlabeled
7128,0.46431416273117065,0,0,unlabeled
7129,0.00010020408080890775,0,0,unlabeled
7130,7.338300201809034e-05,0,0,train
7131,0.4453253448009491,0,0,unlabeled
7132,7.600992830703035e-05,0,0,train
7133,4.9231148295802996e-05,0,0,unlabeled
7134,0.0002484872529748827,0,0,unlabeled
7135,1.8772583132431464e-07,0,0,unlabeled
7136,1.108612792677377e-07,0,0,unlabeled
7137,0.10900428891181946,0,0,unlabeled
7138,2.6985997465089895e-05,0,0,unlabeled
7139,1.4074991668167058e-05,0,0,unlabeled
7140,0.15821000933647156,0,0,train
7141,2.255828439956531e-05,0,0,unlabeled
7142,1.3842096450389363e-05,0,0,unlabeled
7143,3.493069016258232e-05,0,0,unlabeled
7144,4.162963662679431e-08,0,0,unlabeled
7145,3.118076463692887e-08,0,0,unlabeled
7146,0.06242956593632698,0,0,unlabeled
7147,1.3728837984672282e-05,0,0,unlabeled
7148,6.533186933666002e-06,0,0,unlabeled
7149,0.06236838921904564,0,0,unlabeled
7150,8.637072824058123e-06,0,0,unlabeled
7151,5.233424417383503e-06,0,0,train
7152,1.7400139768142253e-05,0,0,val
7153,2.652482500309361e-08,0,0,unlabeled
7154,1.917356229341749e-08,0,0,unlabeled
7155,0.04089106619358063,0,0,val
7156,5.581346158578526e-06,0,0,unlabeled
7157,3.30028615280753e-06,0,0,unlabeled
7158,0.03617347031831741,0,0,unlabeled
7159,5.109283392812358e-06,0,0,unlabeled
7160,3.1327078886533855e-06,0,0,train
7161,8.855978194333147e-06,0,0,unlabeled
7162,1.1734118565698282e-08,0,0,unlabeled
7163,9.241221121669696e-09,0,0,unlabeled
7164,0.006027594208717346,0,0,train
7165,2.6574102776066866e-06,0,0,unlabeled
7166,1.6425160538346972e-06,0,0,train
7167,0.010795866139233112,0,0,unlabeled
7168,4.018722847831668e-06,0,0,unlabeled
7169,2.468381808284903e-06,0,0,unlabeled
7170,5.923386652284535e-06,0,0,train
7171,1.4186536390070614e-08,0,0,unlabeled
7172,1.0866163968614728e-08,0,0,unlabeled
7173,0.0010818445589393377,0,0,unlabeled
7174,7.829293053873698e-07,0,0,unlabeled
7175,5.142206873642863e-07,0,0,unlabeled
7176,0.003133761929348111,0,0,unlabeled
7177,1.4203005775925703e-06,0,0,train
7178,9.288359592574125e-07,0,0,train
7179,1.795576281438116e-06,0,0,unlabeled
7180,3.930714864708307e-09,0,0,unlabeled
7181,3.062406328524503e-09,0,0,unlabeled
7182,0.352317750453949,0,0,unlabeled
7183,5.400320515036583e-05,0,0,unlabeled
7184,2.2043424905859865e-05,0,0,unlabeled
7185,0.3450760245323181,0,0,unlabeled
7186,3.386800381122157e-05,0,0,unlabeled
7187,1.907184923766181e-05,0,0,train
7188,6.998746539466083e-05,0,0,unlabeled
7189,5.203938258091512e-08,0,0,unlabeled
7190,3.6436698991337835e-08,0,0,unlabeled
7191,0.03055676631629467,0,0,val
7192,5.3032395044283476e-06,0,0,train
7193,2.8431516057025874e-06,0,0,unlabeled
7194,0.038645949214696884,0,0,unlabeled
7195,6.560127530974569e-06,0,0,unlabeled
7196,3.463884922894067e-06,0,0,train
7197,7.813890988472849e-06,0,0,unlabeled
7198,1.1195108839956447e-08,0,0,unlabeled
7199,7.422357839459437e-09,0,0,unlabeled
7200,0.04173164814710617,0,0,unlabeled
7201,4.80338303532335e-06,0,0,unlabeled
7202,2.8733591079799226e-06,0,0,train
7203,0.02482469566166401,0,0,unlabeled
7204,3.47047830473457e-06,0,0,unlabeled
7205,2.0595355181285413e-06,0,0,unlabeled
7206,6.49925686957431e-06,0,0,unlabeled
7207,8.847735877282048e-09,0,0,unlabeled
7208,6.728551493750956e-09,0,0,unlabeled
7209,0.007287727668881416,0,0,unlabeled
7210,1.2366565442789579e-06,0,0,unlabeled
7211,8.120985057757935e-07,0,0,unlabeled
7212,0.007607676088809967,0,0,unlabeled
7213,1.4458292980634724e-06,0,0,unlabeled
7214,8.816438139547245e-07,0,0,val
7215,2.0072748156962916e-06,0,0,unlabeled
7216,2.5612507670302875e-09,0,0,unlabeled
7217,2.0492056940213388e-09,0,0,train
7218,0.0018286234699189663,0,0,unlabeled
7219,8.92506932359538e-07,0,0,train
7220,5.790874979538785e-07,0,0,val
7221,0.003444921923801303,0,0,unlabeled
7222,1.4715307088408736e-06,0,0,unlabeled
7223,8.7359399003617e-07,0,0,unlabeled
7224,1.8029495549853891e-06,0,0,unlabeled
7225,3.757997024678161e-09,0,0,unlabeled
7226,2.927959430465421e-09,0,0,unlabeled
7227,0.0001927898993017152,0,0,unlabeled
7228,1.8938247592359403e-07,0,0,unlabeled
7229,1.202639765551794e-07,0,0,unlabeled
7230,0.00046214406029321253,0,0,unlabeled
7231,3.553119540811167e-07,0,0,unlabeled
7232,2.2551257927716506e-07,0,0,unlabeled
7233,3.721350765317766e-07,0,0,unlabeled
7234,8.221017200327196e-10,0,0,unlabeled
7235,6.349026304697247e-10,0,0,unlabeled
7236,0.04994187876582146,0,0,unlabeled
7237,6.555773779837182e-06,0,0,unlabeled
7238,3.8703451537003275e-06,0,0,val
7239,0.04086626321077347,0,0,unlabeled
7240,6.009646767779486e-06,0,0,unlabeled
7241,3.6133062621956924e-06,0,0,unlabeled
7242,1.2375542610243428e-05,0,0,train
7243,1.5817443355103933e-08,0,0,unlabeled
7244,1.1458735293956579e-08,0,0,unlabeled
7245,0.0014618327841162682,0,0,unlabeled
7246,7.915593869256554e-07,0,0,unlabeled
7247,4.52890702717923e-07,0,0,unlabeled
7248,0.0021768047008663416,0,0,train
7249,1.087238274521951e-06,0,0,unlabeled
7250,6.189602572703734e-07,0,0,unlabeled
7251,1.2822491726183216e-06,0,0,unlabeled
7252,2.6820285992101844e-09,0,0,unlabeled
7253,1.8464046958044378e-09,0,0,unlabeled
7254,0.0013524499954655766,0,0,unlabeled
7255,5.80442701902939e-07,0,0,unlabeled
7256,3.762015694519505e-07,0,0,unlabeled
7257,0.0009348232415504754,0,0,unlabeled
7258,4.930054160467989e-07,0,0,unlabeled
7259,3.0885826163284946e-07,0,0,unlabeled
7260,8.954747272582608e-07,0,0,train
7261,2.0472756823153304e-09,0,0,train
7262,1.5379225670741903e-09,0,0,unlabeled
7263,0.0001847417588578537,0,0,unlabeled
7264,1.3985514613068517e-07,0,0,train
7265,9.033249170897761e-08,0,0,unlabeled
7266,0.00021987746004015207,0,0,unlabeled
7267,1.7225112003416143e-07,0,0,unlabeled
7268,1.0882927625743832e-07,0,0,unlabeled
7269,2.2179962400059594e-07,0,0,unlabeled
7270,4.790924879038982e-10,0,0,unlabeled
7271,3.911939938650022e-10,0,0,unlabeled
7272,0.00011355920287314802,0,0,train
7273,1.6678346526077803e-07,0,0,unlabeled
7274,1.0702825647967984e-07,0,0,unlabeled
7275,0.00021406727319117635,0,0,unlabeled
7276,2.7383188694329874e-07,0,0,unlabeled
7277,1.7210088287811232e-07,0,0,unlabeled
7278,3.560327570539812e-07,0,0,unlabeled
7279,9.93997661957735e-10,0,0,unlabeled
7280,7.932765555551669e-10,0,0,unlabeled
7281,1.0735926480265334e-05,0,0,unlabeled
7282,2.952563704639033e-08,0,0,unlabeled
7283,1.818102468575944e-08,0,0,unlabeled
7284,2.7624904760159552e-05,0,0,unlabeled
7285,5.6931476422050764e-08,0,0,unlabeled
7286,3.7246877582219895e-08,0,0,unlabeled
7287,5.974486327886552e-08,0,0,unlabeled
7288,1.926875325963806e-10,0,0,train
7289,1.4916515245211315e-10,0,0,train
7290,0.007782398723065853,0,0,unlabeled
7291,1.9131261979055125e-06,0,0,train
7292,1.448993202757265e-06,0,0,unlabeled
7293,0.00775399524718523,0,0,unlabeled
7294,1.8582186385174282e-06,0,0,train
7295,1.3712174222746398e-06,0,0,val
7296,3.3667713523755083e-06,0,0,unlabeled
7297,5.804867253544899e-09,0,0,unlabeled
7298,4.73587924432195e-09,0,0,unlabeled
7299,0.0003795433440245688,0,0,unlabeled
7300,3.160252504130767e-07,0,0,unlabeled
7301,2.149251514538264e-07,0,0,unlabeled
7302,0.0005624621990136802,0,0,unlabeled
7303,4.034117750961741e-07,0,0,unlabeled
7304,2.764724627013493e-07,0,0,unlabeled
7305,4.615220348114235e-07,0,0,unlabeled
7306,1.1024651191959833e-09,0,0,unlabeled
7307,8.706872445252145e-10,0,0,train
7308,0.000296835380140692,0,0,val
7309,2.2115983711046283e-07,0,0,unlabeled
7310,1.7390949835771607e-07,0,0,unlabeled
7311,0.0002237418812001124,0,0,unlabeled
7312,2.0002434553134663e-07,0,0,unlabeled
7313,1.439349262000178e-07,0,0,unlabeled
7314,3.3838722401924315e-07,0,0,train
7315,8.002671303408704e-10,0,0,unlabeled
7316,7.100720011976591e-10,0,0,unlabeled
7317,5.893264096812345e-05,0,0,unlabeled
7318,6.417652542722863e-08,0,0,unlabeled
7319,4.783351315040818e-08,0,0,unlabeled
7320,6.668885180260986e-05,0,0,unlabeled
7321,7.8599079245123e-08,0,0,unlabeled
7322,5.6797748726467034e-08,0,0,unlabeled
7323,1.0180191623021528e-07,0,0,unlabeled
7324,2.1849230757986504e-10,0,0,train
7325,2.0821140644944336e-10,0,0,unlabeled
7326,3.298839874332771e-05,0,0,unlabeled
7327,7.017197845016199e-08,0,0,train
7328,5.336396924349174e-08,0,0,unlabeled
7329,6.274507177295163e-05,0,0,unlabeled
7330,1.182327977744535e-07,0,0,unlabeled
7331,8.251988958818401e-08,0,0,unlabeled
7332,1.5061280578265723e-07,0,0,unlabeled
7333,4.265975350747908e-10,0,0,unlabeled
7334,3.834791095780332e-10,0,0,unlabeled
7335,5.005699676985387e-06,0,0,unlabeled
7336,1.484392875283902e-08,0,0,unlabeled
7337,1.0843761444334632e-08,0,0,unlabeled
7338,1.1925624676223379e-05,0,0,unlabeled
7339,2.7825203474662885e-08,0,0,unlabeled
7340,2.0965661207128505e-08,0,0,unlabeled
7341,3.023561845338918e-08,0,0,unlabeled
7342,9.366100950369827e-11,0,0,unlabeled
7343,7.951378444559509e-11,0,0,unlabeled
7344,0.32572630047798157,0,0,unlabeled
7345,4.577647632686421e-05,0,0,train
7346,2.6172365323873237e-05,0,0,unlabeled
7347,0.22512389719486237,0,0,unlabeled
7348,2.1939467842457816e-05,0,0,unlabeled
7349,1.7322719941148534e-05,0,0,val
7350,5.826619963045232e-05,0,0,train
7351,5.34300710341995e-08,0,0,unlabeled
7352,4.346552273659654e-08,0,0,unlabeled
7353,0.06074786186218262,0,0,unlabeled
7354,7.1441281761508435e-06,0,0,unlabeled
7355,5.216517365624895e-06,0,0,unlabeled
7356,0.043499164283275604,0,0,unlabeled
7357,6.324507012323011e-06,0,0,unlabeled
7358,4.607314167515142e-06,0,0,unlabeled
7359,1.1823344721051399e-05,0,0,unlabeled
7360,1.4169877715630719e-08,0,0,unlabeled
7361,1.2118914760606003e-08,0,0,unlabeled
7362,0.019437026232481003,0,0,unlabeled
7363,2.8991860290261684e-06,0,0,train
7364,2.1986766114423517e-06,0,0,unlabeled
7365,0.0073801204562187195,0,0,unlabeled
7366,1.6304303471770254e-06,0,0,unlabeled
7367,1.2272749927433324e-06,0,0,train
7368,4.013521447632229e-06,0,0,train
7369,6.77788491998399e-09,0,0,train
7370,5.587589058109188e-09,0,0,train
7371,0.008003205992281437,0,0,unlabeled
7372,1.2872260413132608e-06,0,0,unlabeled
7373,9.871906740954728e-07,0,0,unlabeled
7374,0.004505455493927002,0,0,unlabeled
7375,1.065737478711526e-06,0,0,unlabeled
7376,8.035730729716306e-07,0,0,unlabeled
7377,2.0953386865585344e-06,0,0,val
7378,3.163766360003706e-09,0,0,unlabeled
7379,2.556969969091938e-09,0,0,unlabeled
7380,0.0018845334416255355,0,0,unlabeled
7381,9.79229184849828e-07,0,0,unlabeled
7382,7.425248895742698e-07,0,0,unlabeled
7383,0.0022611571475863457,0,0,val
7384,1.1184810091435793e-06,0,0,train
7385,8.523763312950905e-07,0,0,unlabeled
7386,1.8826058294507675e-06,0,0,unlabeled
7387,4.076591508805905e-09,0,0,unlabeled
7388,3.5429730260716497e-09,0,0,val
7389,0.0003778408281505108,0,0,unlabeled
7390,2.8396129891916644e-07,0,0,train
7391,2.1573032427113503e-07,0,0,unlabeled
7392,0.0006613163277506828,0,0,unlabeled
7393,4.1725829191818775e-07,0,0,unlabeled
7394,3.231433538530837e-07,0,0,unlabeled
7395,5.875642727914965e-07,0,0,unlabeled
7396,1.1439206248908818e-09,0,0,unlabeled
7397,1.009215711000877e-09,0,0,unlabeled
7398,0.16055716574192047,0,0,unlabeled
7399,1.1991474821115844e-05,0,0,unlabeled
7400,8.722471648070496e-06,0,0,train
7401,0.08082028478384018,0,0,unlabeled
7402,7.498212198697729e-06,0,0,unlabeled
7403,5.386045359045966e-06,0,0,unlabeled
7404,2.011576361837797e-05,0,0,unlabeled
7405,1.671011773396458e-08,0,0,train
7406,1.296722196286737e-08,0,0,val
7407,0.008137037977576256,0,0,unlabeled
7408,1.7067039834728348e-06,0,0,unlabeled
7409,1.1196517561984365e-06,0,0,unlabeled
7410,0.007483378984034061,0,0,unlabeled
7411,1.732727582748339e-06,0,0,unlabeled
7412,1.1110477089459891e-06,0,0,unlabeled
7413,2.443265884721768e-06,0,0,unlabeled
7414,3.373063606204596e-09,0,0,unlabeled
7415,2.5683979387736144e-09,0,0,unlabeled
7416,0.005841732956469059,0,0,unlabeled
7417,9.34028719257185e-07,0,0,train
7418,7.320539907595958e-07,0,0,unlabeled
7419,0.002239722292870283,0,0,train
7420,5.836839136463823e-07,0,0,train
7421,4.266647692929837e-07,0,0,train
7422,1.3448701565721422e-06,0,0,unlabeled
7423,2.102728657860098e-09,0,0,unlabeled
7424,1.7310336497544654e-09,0,0,unlabeled
7425,0.0009425460011698306,0,0,train
7426,2.754006231953099e-07,0,0,unlabeled
7427,2.0875786788110418e-07,0,0,unlabeled
7428,0.000722706550732255,0,0,unlabeled
7429,2.811789272527676e-07,0,0,unlabeled
7430,1.943919443192499e-07,0,0,unlabeled
7431,4.55892916306766e-07,0,0,unlabeled
7432,6.623195325516917e-10,0,0,unlabeled
7433,5.513605683127309e-10,0,0,val
7434,0.00041509297443553805,0,0,unlabeled
7435,2.621645762701519e-07,0,0,val
7436,2.068019000489585e-07,0,0,unlabeled
7437,0.0004612928896676749,0,0,unlabeled
7438,3.324637134483055e-07,0,0,unlabeled
7439,2.3525196013451932e-07,0,0,unlabeled
7440,4.796415851160418e-07,0,0,train
7441,9.852433313639608e-10,0,0,unlabeled
7442,8.413758023628759e-10,0,0,unlabeled
7443,4.9818136176327243e-05,0,0,train
7444,5.616955078835417e-08,0,0,unlabeled
7445,4.347281645777912e-08,0,0,unlabeled
7446,8.241161413025111e-05,0,0,unlabeled
7447,8.802578577160602e-08,0,0,unlabeled
7448,6.698577692532126e-08,0,0,train
7449,1.0644987469277112e-07,0,0,unlabeled
7450,2.2760200668603403e-10,0,0,unlabeled
7451,1.943492450307005e-10,0,0,unlabeled
7452,0.01798628643155098,0,0,unlabeled
7453,2.4721721274545416e-06,0,0,unlabeled
7454,1.8051534880214604e-06,0,0,unlabeled
7455,0.0111503005027771,0,0,unlabeled
7456,1.6975828884824296e-06,0,0,unlabeled
7457,1.3264780136523768e-06,0,0,unlabeled
7458,4.382542101666331e-06,0,0,unlabeled
7459,5.012715131869072e-09,0,0,unlabeled
7460,4.278240872679362e-09,0,0,unlabeled
7461,0.0005950524937361479,0,0,unlabeled
7462,3.0587827382078103e-07,0,0,unlabeled
7463,2.20983139342934e-07,0,0,unlabeled
7464,0.0005682633491232991,0,0,unlabeled
7465,3.1363379093818367e-07,0,0,unlabeled
7466,2.3579013941343874e-07,0,0,unlabeled
7467,4.673864850701648e-07,0,0,unlabeled
7468,8.74825656360656e-10,0,0,unlabeled
7469,6.998744916941746e-10,0,0,unlabeled
7470,0.00031183386454358697,0,0,unlabeled
7471,1.586154212418478e-07,0,0,unlabeled
7472,1.315945326041401e-07,0,0,unlabeled
7473,0.00013619558012578636,0,0,unlabeled
7474,1.0737995381759902e-07,0,0,unlabeled
7475,8.424621000813204e-08,0,0,unlabeled
7476,2.4328443259946653e-07,0,0,unlabeled
7477,5.166903571662829e-10,0,0,unlabeled
7478,4.4517542430178025e-10,0,0,unlabeled
7479,4.364799679024145e-05,0,0,val
7480,3.782152191433852e-08,0,0,train
7481,2.982738322998557e-08,0,0,unlabeled
7482,3.7379202694864944e-05,0,0,unlabeled
7483,3.935983272640442e-08,0,0,train
7484,2.9425283543105252e-08,0,0,unlabeled
7485,6.239558558718272e-08,0,0,unlabeled
7486,1.2319352482581536e-10,0,0,unlabeled
7487,1.1101686236969499e-10,0,0,unlabeled
7488,4.089457797817886e-05,0,0,unlabeled
7489,5.6848687535193676e-08,0,0,unlabeled
7490,4.5591718844661955e-08,0,0,unlabeled
7491,4.93059451400768e-05,0,0,unlabeled
7492,7.344357300098636e-08,0,0,unlabeled
7493,5.488702115030719e-08,0,0,train
7494,1.1627540885683629e-07,0,0,unlabeled
7495,2.7999691454283493e-10,0,0,unlabeled
7496,2.549765676373994e-10,0,0,unlabeled
7497,4.08729010814568e-06,0,0,unlabeled
7498,9.75629976807113e-09,0,0,train
7499,7.389656442313708e-09,0,0,unlabeled
7500,7.438265129167121e-06,0,0,unlabeled
7501,1.523634196587409e-08,0,0,unlabeled
7502,1.2214127487197857e-08,0,0,val
7503,1.9829984765351583e-08,0,0,train
7504,5.3721221915381534e-11,0,0,unlabeled
7505,4.934355354868636e-11,0,0,unlabeled
7506,0.003281778423115611,0,0,unlabeled
7507,8.062236247496912e-07,0,0,unlabeled
7508,7.009157343418337e-07,0,0,unlabeled
7509,0.0020960094407200813,0,0,unlabeled
7510,6.178185003591352e-07,0,0,train
7511,5.437876779978978e-07,0,0,unlabeled
7512,1.3164226402295753e-06,0,0,val
7513,1.9468400225264304e-09,0,0,unlabeled
7514,1.7744919977857876e-09,0,0,unlabeled
7515,0.0001601110416231677,0,0,unlabeled
7516,1.278150278949397e-07,0,0,unlabeled
7517,1.055753529044523e-07,0,0,unlabeled
7518,0.00016658382082823664,0,0,train
7519,1.3581647806404362e-07,0,0,unlabeled
7520,1.1023819723732231e-07,0,0,unlabeled
7521,1.8953841163238394e-07,0,0,unlabeled
7522,3.73787917284929e-10,0,0,unlabeled
7523,3.345740351434756e-10,0,0,unlabeled
7524,7.607795123476535e-05,0,0,train
7525,6.785777628692813e-08,0,0,unlabeled
7526,6.567348975750065e-08,0,0,unlabeled
7527,4.0142589568858966e-05,0,0,unlabeled
7528,4.899830940985339e-08,0,0,unlabeled
7529,4.1518699589460084e-08,0,0,unlabeled
7530,1.0183298115862272e-07,0,0,unlabeled
7531,2.1514265369226848e-10,0,0,train
7532,2.1151407014752266e-10,0,0,train
7533,1.5759158486616798e-05,0,0,unlabeled
7534,1.8736447060518913e-08,0,0,unlabeled
7535,1.6344587905336994e-08,0,0,unlabeled
7536,1.385023097100202e-05,0,0,unlabeled
7537,2.0265847666678383e-08,0,0,unlabeled
7538,1.6908543898352946e-08,0,0,unlabeled
7539,3.001709458771984e-08,0,0,train
7540,6.277473679761059e-11,0,0,unlabeled
7541,6.068318764151925e-11,0,0,unlabeled
7542,1.391530349792447e-05,0,0,unlabeled
7543,2.5932378022730518e-08,0,0,unlabeled
7544,2.3023902784302663e-08,0,0,unlabeled
7545,1.7036718418239616e-05,0,0,unlabeled
7546,3.394155712044267e-08,0,0,unlabeled
7547,2.7560682624994115e-08,0,0,unlabeled
7548,4.9787864497830014e-08,0,0,unlabeled
7549,1.2518630576607848e-10,0,0,unlabeled
7550,1.227968421391168e-10,0,0,unlabeled
7551,2.145095550076803e-06,0,0,unlabeled
7552,5.1307074144801845e-09,0,0,unlabeled
7553,4.422507693391253e-09,0,0,unlabeled
7554,3.709102429638733e-06,0,0,train
7555,8.53122728017297e-09,0,0,unlabeled
7556,7.088409414990338e-09,0,0,unlabeled
7557,1.018727679991116e-08,0,0,unlabeled
7558,2.7270689179070828e-11,0,0,unlabeled
7559,2.6486817947257713e-11,0,0,train
7560,0.08866620063781738,0,0,unlabeled
7561,1.116175189963542e-05,0,0,train
7562,9.135047548625153e-06,0,0,unlabeled
7563,0.047635529190301895,0,0,train
7564,7.5545053732639644e-06,0,0,train
7565,5.995952960802242e-06,0,0,unlabeled
7566,1.7326090528513305e-05,0,0,unlabeled
7567,2.6440723388532206e-08,0,0,unlabeled
7568,2.0397230571234104e-08,0,0,unlabeled
7569,0.00695508299395442,0,0,unlabeled
7570,1.9661431451822864e-06,0,0,unlabeled
7571,1.742527956594131e-06,0,0,unlabeled
7572,0.005956623237580061,0,0,unlabeled
7573,1.921229568324634e-06,0,0,unlabeled
7574,1.471004566155898e-06,0,0,unlabeled
7575,3.020802978426218e-06,0,0,unlabeled
7576,5.8741331798728424e-09,0,0,unlabeled
7577,5.241080458517899e-09,0,0,unlabeled
7578,0.0023322226479649544,0,0,unlabeled
7579,9.97766846921877e-07,0,0,unlabeled
7580,7.798442425155372e-07,0,0,val
7581,0.0012401373824104667,0,0,unlabeled
7582,6.921613930899184e-07,0,0,unlabeled
7583,5.075929152553726e-07,0,0,unlabeled
7584,1.1781481816797168e-06,0,0,train
7585,3.0568385600560077e-09,0,0,unlabeled
7586,2.452662295482355e-09,0,0,unlabeled
7587,0.0007629457977600396,0,0,unlabeled
7588,3.910933514816861e-07,0,0,unlabeled
7589,2.9128855771887174e-07,0,0,unlabeled
7590,0.0005553505034185946,0,0,unlabeled
7591,3.3287423661931825e-07,0,0,unlabeled
7592,2.531526490656688e-07,0,0,unlabeled
7593,5.284991289045138e-07,0,0,unlabeled
7594,1.2432070928269923e-09,0,0,unlabeled
7595,9.838367898140632e-10,0,0,val
7596,0.0003496062126941979,0,0,unlabeled
7597,4.632555032912933e-07,0,0,unlabeled
7598,3.338719238854537e-07,0,0,unlabeled
7599,0.0004024117661174387,0,0,unlabeled
7600,5.326289169715892e-07,0,0,unlabeled
7601,3.8209779518183495e-07,0,0,unlabeled
7602,7.126015475478198e-07,0,0,unlabeled
7603,2.194965542656746e-09,0,0,train
7604,1.807679783638605e-09,0,0,unlabeled
7605,6.426424079108983e-05,0,0,unlabeled
7606,1.1052073745076996e-07,0,0,unlabeled
7607,8.180778365840524e-08,0,0,unlabeled
7608,0.00011778703628806397,0,0,unlabeled
7609,1.6148813131167117e-07,0,0,unlabeled
7610,1.2439566887678666e-07,0,0,unlabeled
7611,2.0166871195215208e-07,0,0,unlabeled
7612,5.476461506503938e-10,0,0,unlabeled
7613,4.806677278423876e-10,0,0,unlabeled
7614,0.038376953452825546,0,0,unlabeled
7615,4.342581178207183e-06,0,0,unlabeled
7616,3.3488518056401517e-06,0,0,unlabeled
7617,0.02015659399330616,0,0,unlabeled
7618,3.1417550871992717e-06,0,0,unlabeled
7619,2.108655280608218e-06,0,0,unlabeled
7620,6.549381396325771e-06,0,0,train
7621,7.963498305230132e-09,0,0,unlabeled
7622,6.2079670293258005e-09,0,0,train
7623,0.0014309713151305914,0,0,unlabeled
7624,6.148401894279232e-07,0,0,unlabeled
7625,4.5028818362879974e-07,0,0,unlabeled
7626,0.001370699959807098,0,0,unlabeled
7627,6.358085329338792e-07,0,0,unlabeled
7628,4.4026859313817113e-07,0,0,unlabeled
7629,8.360492529391195e-07,0,0,unlabeled
7630,1.5508215822634952e-09,0,0,unlabeled
7631,1.2066481147599006e-09,0,0,val
7632,0.0009175591403618455,0,0,unlabeled
7633,4.0187620697906823e-07,0,0,unlabeled
7634,2.9776347787446866e-07,0,0,unlabeled
7635,0.00045342204975895584,0,0,train
7636,2.707260762235819e-07,0,0,train
7637,2.0059724192833528e-07,0,0,train
7638,4.601534726589307e-07,0,0,unlabeled
7639,1.0160318142382607e-09,0,0,unlabeled
7640,8.126246342499144e-10,0,0,train
7641,0.00013858458260074258,0,0,unlabeled
7642,9.72195763893069e-08,0,0,unlabeled
7643,7.334265461622635e-08,0,0,train
7644,0.00012391290511004627,0,0,unlabeled
7645,9.908224285481992e-08,0,0,unlabeled
7646,7.011083624774983e-08,0,0,val
7647,1.323513316719982e-07,0,0,train
7648,2.784205643813209e-10,0,0,unlabeled
7649,2.2593592274855467e-10,0,0,unlabeled
7650,0.00010445808584336191,0,0,unlabeled
7651,1.35359243813582e-07,0,0,unlabeled
7652,1.0246581183537273e-07,0,0,unlabeled
7653,0.00012357908417470753,0,0,unlabeled
7654,1.6833396898618957e-07,0,0,train
7655,1.1578751468732662e-07,0,0,unlabeled
7656,2.0357109065116674e-07,0,0,unlabeled
7657,5.568849825721145e-10,0,0,unlabeled
7658,4.5647710611440573e-10,0,0,train
7659,1.2312350918364245e-05,0,0,unlabeled
7660,2.4093294470617366e-08,0,0,unlabeled
7661,1.8791382672134205e-08,0,0,unlabeled
7662,2.2442500267061405e-05,0,0,unlabeled
7663,3.8906986077336114e-08,0,0,unlabeled
7664,2.795788311971137e-08,0,0,unlabeled
7665,4.2306666614422284e-08,0,0,train
7666,1.1576361397258594e-10,0,0,unlabeled
7667,1.0200291999939992e-10,0,0,unlabeled
7668,0.004354093223810196,0,0,train
7669,1.1814504432550166e-06,0,0,unlabeled
7670,8.834466598273139e-07,0,0,unlabeled
7671,0.002817220985889435,0,0,unlabeled
7672,8.678229619363265e-07,0,0,unlabeled
7673,6.65951233713713e-07,0,0,unlabeled
7674,1.7874730247058324e-06,0,0,unlabeled
7675,2.793270947876181e-09,0,0,unlabeled
7676,2.3522910286288834e-09,0,0,unlabeled
7677,0.00014330550038721412,0,0,unlabeled
7678,1.3758592842805228e-07,0,0,unlabeled
7679,1.035473431443279e-07,0,0,unlabeled
7680,0.0001525900006527081,0,0,unlabeled
7681,1.4714940732574178e-07,0,0,unlabeled
7682,1.1307779601565926e-07,0,0,unlabeled
7683,1.9837366949104762e-07,0,0,unlabeled
7684,4.5840187201662275e-10,0,0,val
7685,3.7743808078971597e-10,0,0,unlabeled
7686,7.439409091603011e-05,0,0,train
7687,8.323263500642497e-08,0,0,unlabeled
7688,6.57903385103964e-08,0,0,unlabeled
7689,4.2117000703001395e-05,0,0,unlabeled
7690,6.093426918596379e-08,0,0,unlabeled
7691,4.6183018298506795e-08,0,0,unlabeled
7692,1.0637091918397346e-07,0,0,unlabeled
7693,2.89204743486593e-10,0,0,val
7694,2.465145587660089e-10,0,0,val
7695,1.002163207886042e-05,0,0,unlabeled
7696,1.6801202207261667e-08,0,0,unlabeled
7697,1.2941502092189694e-08,0,0,unlabeled
7698,1.0589651537884492e-05,0,0,unlabeled
7699,1.7811492725172684e-08,0,0,unlabeled
7700,1.3031390189155445e-08,0,0,unlabeled
7701,2.3653576874949067e-08,0,0,val
7702,6.477483133204842e-11,0,0,unlabeled
7703,5.7764317634712015e-11,0,0,unlabeled
7704,1.4412587006518152e-05,0,0,unlabeled
7705,3.3099635032840524e-08,0,0,unlabeled
7706,2.4305801815671657e-08,0,0,unlabeled
7707,1.8676735635381192e-05,0,0,unlabeled
7708,4.31459454830474e-08,0,0,unlabeled
7709,3.114016777772122e-08,0,0,unlabeled
7710,5.4599983201342184e-08,0,0,unlabeled
7711,1.7630139015345492e-10,0,0,unlabeled
7712,1.573452895753391e-10,0,0,unlabeled
7713,1.5179915635599173e-06,0,0,train
7714,4.920113205741927e-09,0,0,unlabeled
7715,3.707596896163068e-09,0,0,unlabeled
7716,2.75094544122112e-06,0,0,unlabeled
7717,8.325832467903638e-09,0,0,train
7718,6.290879817072437e-09,0,0,unlabeled
7719,9.218423357992833e-09,0,0,unlabeled
7720,3.393393552264534e-11,0,0,unlabeled
7721,3.1874027722755827e-11,0,0,unlabeled
7722,0.0008339841151610017,0,0,unlabeled
7723,4.053597137954057e-07,0,0,unlabeled
7724,3.578655594083102e-07,0,0,unlabeled
7725,0.0005225776112638414,0,0,unlabeled
7726,3.339687282277737e-07,0,0,unlabeled
7727,2.7559531190490816e-07,0,0,unlabeled
7728,6.20297441855655e-07,0,0,unlabeled
7729,1.0885075063526983e-09,0,0,unlabeled
7730,1.0002414452259245e-09,0,0,unlabeled
7731,4.352479663793929e-05,0,0,unlabeled
7732,6.009596376088666e-08,0,0,val
7733,5.081964005171358e-08,0,0,val
7734,4.5346463593887165e-05,0,0,unlabeled
7735,6.4547997169484e-08,0,0,unlabeled
7736,5.280446657707216e-08,0,0,train
7737,8.430134812442702e-08,0,0,unlabeled
7738,2.0152424173858208e-10,0,0,unlabeled
7739,1.849480985027796e-10,0,0,unlabeled
7740,2.1705262042814866e-05,0,0,unlabeled
7741,3.446830021403002e-08,0,0,unlabeled
7742,3.1525335231208373e-08,0,0,train
7743,1.4349294360727072e-05,0,0,train
7744,2.6735566649449538e-08,0,0,unlabeled
7745,2.2098584295804358e-08,0,0,unlabeled
7746,4.4568729151706066e-08,0,0,train
7747,1.2419765216264977e-10,0,0,unlabeled
7748,1.181953146467407e-10,0,0,unlabeled
7749,4.315815203881357e-06,0,0,unlabeled
7750,8.047018162926634e-09,0,0,unlabeled
7751,7.0269043916937335e-09,0,0,unlabeled
7752,4.197353973722784e-06,0,0,unlabeled
7753,8.580804511382212e-09,0,0,unlabeled
7754,7.0258057149885644e-09,0,0,unlabeled
7755,1.1425868251535576e-08,0,0,unlabeled
7756,3.240890542044461e-11,0,0,unlabeled
7757,3.1734687794271466e-11,0,0,unlabeled
7758,5.560492809308926e-06,0,0,unlabeled
7759,1.4600060715963536e-08,0,0,unlabeled
7760,1.2275621408264215e-08,0,0,unlabeled
7761,7.00528062225203e-06,0,0,unlabeled
7762,1.9478733292999095e-08,0,0,unlabeled
7763,1.5107394446545186e-08,0,0,train
7764,2.44931630533074e-08,0,0,unlabeled
7765,8.24472434768353e-11,0,0,unlabeled
7766,7.756258829649809e-11,0,0,unlabeled
7767,8.312829891110596e-07,0,0,unlabeled
7768,2.5732425079638688e-09,0,0,unlabeled
7769,2.242094288007479e-09,0,0,train
7770,1.3971517773825326e-06,0,0,unlabeled
7771,4.270675368900356e-09,0,0,unlabeled
7772,3.439086349033005e-09,0,0,unlabeled
7773,4.801053776759545e-09,0,0,unlabeled
7774,1.7393985557445646e-11,0,0,unlabeled
7775,1.7148863926119695e-11,0,0,train
7776,0.47552838921546936,0,0,unlabeled
7777,8.574278763262555e-05,0,0,unlabeled
7778,6.601096538361162e-05,0,0,unlabeled
7779,0.4868055582046509,0,0,unlabeled
7780,9.149277320830151e-05,0,0,train
7781,0.00010739245772128925,0,0,unlabeled
7782,0.00018865654419641942,0,0,train
7783,2.150177920157148e-07,0,0,train
7784,1.2796053283636866e-07,0,0,unlabeled
7785,0.0982544869184494,0,0,unlabeled
7786,1.6861844414961524e-05,0,0,unlabeled
7787,1.1736797205230687e-05,0,0,train
7788,0.1532776653766632,0,0,val
7789,4.034037920064293e-05,0,0,unlabeled
7790,1.7113055946538225e-05,0,0,train
7791,3.0020471967873164e-05,0,0,unlabeled
7792,4.478834014776112e-08,0,0,unlabeled
7793,6.013058850840025e-08,0,0,unlabeled
7794,0.06920251995325089,0,0,unlabeled
7795,1.1185289622517303e-05,0,0,train
7796,1.3306565961102024e-05,0,0,unlabeled
7797,0.06353288888931274,0,0,unlabeled
7798,1.609343962627463e-05,0,0,unlabeled
7799,7.623899819009239e-06,0,0,train
7800,2.55805098277051e-05,0,0,unlabeled
7801,2.7981567285451092e-08,0,0,unlabeled
7802,2.3438500917905003e-08,0,0,unlabeled
7803,0.030315957963466644,0,0,unlabeled
7804,7.3987380346807186e-06,0,0,unlabeled
7805,3.5136717997374944e-06,0,0,unlabeled
7806,0.030922038480639458,0,0,unlabeled
7807,5.345216322893975e-06,0,0,unlabeled
7808,3.81981180908042e-06,0,0,unlabeled
7809,8.038115083763842e-06,0,0,unlabeled
7810,1.62767985756318e-08,0,0,unlabeled
7811,1.0693313790000047e-08,0,0,train
7812,0.011279343627393246,0,0,unlabeled
7813,6.108692559791962e-06,0,0,unlabeled
7814,3.0052324291318655e-06,0,0,unlabeled
7815,0.04047841578722,0,0,unlabeled
7816,6.578747161256615e-06,0,0,unlabeled
7817,6.4910132095974404e-06,0,0,unlabeled
7818,1.544473343528807e-05,0,0,unlabeled
7819,1.8044080007939556e-08,0,0,unlabeled
7820,1.5548740961435215e-08,0,0,unlabeled
7821,0.0025295191444456577,0,0,unlabeled
7822,1.6702811080904212e-06,0,0,val
7823,8.202251251532289e-07,0,0,val
7824,0.00629998417571187,0,0,unlabeled
7825,2.043328549916623e-06,0,0,unlabeled
7826,1.5516942539761658e-06,0,0,unlabeled
7827,2.6294605959265027e-06,0,0,unlabeled
7828,4.998012670398566e-09,0,0,unlabeled
7829,4.3034149577181324e-09,0,0,unlabeled
7830,0.2503107786178589,0,0,unlabeled
7831,2.7179963581147604e-05,0,0,unlabeled
7832,2.89347990474198e-05,0,0,unlabeled
7833,0.23221656680107117,0,0,unlabeled
7834,4.42100536020007e-05,0,0,unlabeled
7835,1.739260733302217e-05,0,0,train
7836,6.639512139372528e-05,0,0,unlabeled
7837,4.544456544408604e-08,0,0,train
7838,3.547376437040839e-08,0,0,train
7839,0.016110552474856377,0,0,unlabeled
7840,3.602780452638399e-06,0,0,train
7841,2.4083867629087763e-06,0,0,unlabeled
7842,0.024054480716586113,0,0,train
7843,9.45893316384172e-06,0,0,unlabeled
7844,3.496146746329032e-06,0,0,unlabeled
7845,6.411225513147656e-06,0,0,unlabeled
7846,9.992904281830306e-09,0,0,unlabeled
7847,7.675486912717133e-09,0,0,train
7848,0.02271871455013752,0,0,unlabeled
7849,5.229428097663913e-06,0,0,unlabeled
7850,2.605681174827623e-06,0,0,unlabeled
7851,0.025428395718336105,0,0,unlabeled
7852,3.087974391746684e-06,0,0,unlabeled
7853,2.8861211376352003e-06,0,0,unlabeled
7854,5.428158601716859e-06,0,0,train
7855,7.567884097170463e-09,0,0,unlabeled
7856,6.515418426999986e-09,0,0,unlabeled
7857,0.005783754866570234,0,0,unlabeled
7858,9.441263841836189e-07,0,0,unlabeled
7859,7.049177384033101e-07,0,0,unlabeled
7860,0.004583865869790316,0,0,train
7861,1.102348846870882e-06,0,0,unlabeled
7862,8.602477805652597e-07,0,0,train
7863,1.5810271634109085e-06,0,0,val
7864,2.3866741916123146e-09,0,0,unlabeled
7865,2.0508674758445977e-09,0,0,unlabeled
7866,0.0030651546549052,0,0,unlabeled
7867,1.0036351341113914e-06,0,0,unlabeled
7868,7.531936034865794e-07,0,0,unlabeled
7869,0.0038770700339227915,0,0,unlabeled
7870,1.502100303696352e-06,0,0,unlabeled
7871,1.1246311260038055e-06,0,0,train
7872,2.1050486793683376e-06,0,0,unlabeled
7873,4.148322130248516e-09,0,0,unlabeled
7874,3.5129885667117833e-09,0,0,unlabeled
7875,0.00021073089737910777,0,0,unlabeled
7876,2.0254937282970786e-07,0,0,unlabeled
7877,1.5120330942863802e-07,0,0,unlabeled
7878,0.0005328290280885994,0,0,unlabeled
7879,4.0583933014204376e-07,0,0,unlabeled
7880,2.889718757614901e-07,0,0,unlabeled
7881,4.3179295516893035e-07,0,0,val
7882,9.193765748705118e-10,0,0,unlabeled
7883,8.030393572333594e-10,0,0,unlabeled
7884,0.037793584167957306,0,0,unlabeled
7885,8.088959475571755e-06,0,0,unlabeled
7886,4.132962203584611e-06,0,0,train
7887,0.053543757647275925,0,0,unlabeled
7888,5.838174729433376e-06,0,0,unlabeled
7889,4.244004685460823e-06,0,0,train
7890,1.081700247596018e-05,0,0,unlabeled
7891,1.4400435510708576e-08,0,0,unlabeled
7892,1.1454693193968524e-08,0,0,train
7893,0.0017014811746776104,0,0,val
7894,6.867998649795481e-07,0,0,unlabeled
7895,4.734147580620629e-07,0,0,unlabeled
7896,0.0021067133639007807,0,0,unlabeled
7897,1.0368486300649238e-06,0,0,train
7898,6.908517207193654e-07,0,0,unlabeled
7899,1.1658257790259086e-06,0,0,unlabeled
7900,2.5252433477618297e-09,0,0,unlabeled
7901,2.102387597346933e-09,0,0,unlabeled
7902,0.0016411741962656379,0,0,unlabeled
7903,5.08512016494933e-07,0,0,unlabeled
7904,4.331093919063278e-07,0,0,unlabeled
7905,0.0009122542105615139,0,0,unlabeled
7906,4.7278223291868926e-07,0,0,unlabeled
7907,3.5988205127068795e-07,0,0,unlabeled
7908,8.527072168362793e-07,0,0,unlabeled
7909,1.7788632789006442e-09,0,0,unlabeled
7910,1.6352936782482175e-09,0,0,unlabeled
7911,0.00013743023737333715,0,0,unlabeled
7912,1.1825613199789586e-07,0,0,unlabeled
7913,8.991958821980006e-08,0,0,unlabeled
7914,0.0001905853278003633,0,0,train
7915,1.517402381523425e-07,0,0,unlabeled
7916,1.2202791310755856e-07,0,0,unlabeled
7917,1.9516096472216304e-07,0,0,unlabeled
7918,4.591272362297616e-10,0,0,train
7919,4.1046382959208927e-10,0,0,train
7920,0.00015529613301623613,0,0,train
7921,2.1910084058163193e-07,0,0,unlabeled
7922,1.593241876207685e-07,0,0,val
7923,0.00034850722295232117,0,0,unlabeled
7924,3.33000940599959e-07,0,0,unlabeled
7925,2.646941652528767e-07,0,0,unlabeled
7926,4.7408616410393734e-07,0,0,train
7927,1.1258122212254307e-09,0,0,unlabeled
7928,1.0067970901417311e-09,0,0,unlabeled
7929,1.5374695067293942e-05,0,0,unlabeled
7930,3.55043638933239e-08,0,0,unlabeled
7931,2.596989823189233e-08,0,0,unlabeled
7932,4.04657912440598e-05,0,0,unlabeled
7933,7.043291816444253e-08,0,0,train
7934,5.3971689339959994e-08,0,0,unlabeled
7935,7.677321178789498e-08,0,0,unlabeled
7936,2.118835246145423e-10,0,0,unlabeled
7937,1.9569279530173844e-10,0,0,unlabeled
7938,0.010148018598556519,0,0,train
7939,1.69116947290604e-06,0,0,unlabeled
7940,1.544853375889943e-06,0,0,unlabeled
7941,0.00660515995696187,0,0,unlabeled
7942,1.7513127659185557e-06,0,0,unlabeled
7943,1.500991970715404e-06,0,0,train
7944,3.1095860322238877e-06,0,0,train
7945,5.667608160564441e-09,0,0,train
7946,5.130589730839574e-09,0,0,unlabeled
7947,0.00031335046514868736,0,0,unlabeled
7948,2.8728442202918814e-07,0,0,unlabeled
7949,2.368139035979766e-07,0,0,unlabeled
7950,0.0005032310145907104,0,0,unlabeled
7951,4.33229587315509e-07,0,0,unlabeled
7952,3.381385340617271e-07,0,0,unlabeled
7953,4.804491595677973e-07,0,0,unlabeled
7954,1.1517014009143622e-09,0,0,unlabeled
7955,1.0952886375648063e-09,0,0,unlabeled
7956,0.00023985101142898202,0,0,unlabeled
7957,2.0802353617455083e-07,0,0,train
7958,2.0210750051319337e-07,0,0,unlabeled
7959,0.0002093835937557742,0,0,unlabeled
7960,2.1103240044340055e-07,0,0,unlabeled
7961,1.8101842158557702e-07,0,0,unlabeled
7962,3.48913118841665e-07,0,0,unlabeled
7963,8.112184257669242e-10,0,0,unlabeled
7964,7.809406454839518e-10,0,0,unlabeled
7965,4.690329296863638e-05,0,0,unlabeled
7966,6.107587324777342e-08,0,0,unlabeled
7967,5.356220711405513e-08,0,0,unlabeled
7968,6.175027374411002e-05,0,0,unlabeled
7969,7.793745027129262e-08,0,0,train
7970,6.988400258478578e-08,0,0,unlabeled
7971,1.0107481784871197e-07,0,0,unlabeled
7972,2.44225556444988e-10,0,0,val
7973,2.352263106519814e-10,0,0,unlabeled
7974,5.0976919737877324e-05,0,0,unlabeled
7975,9.633962605448687e-08,0,0,unlabeled
7976,8.137980245237486e-08,0,0,train
7977,0.00010190447210334241,0,0,unlabeled
7978,1.5475119141683535e-07,0,0,unlabeled
7979,1.293813767233587e-07,0,0,train
7980,2.0890365703962743e-07,0,0,unlabeled
7981,5.242637435287634e-10,0,0,unlabeled
7982,4.902630523773155e-10,0,0,val
7983,7.721369911450893e-06,0,0,train
7984,1.945701200156691e-08,0,0,val
7985,1.6601756414047486e-08,0,0,unlabeled
7986,1.8648794139153324e-05,0,0,unlabeled
7987,3.720981212040897e-08,0,0,unlabeled
7988,3.1548673007364414e-08,0,0,unlabeled
7989,4.2867544181035555e-08,0,0,unlabeled
7990,1.1436169372602834e-10,0,0,unlabeled
7991,1.091292611832273e-10,0,0,unlabeled
7992,0.5617752075195312,0,0,unlabeled
7993,0.0001367274089716375,0,0,unlabeled
7994,0.00012245065590832382,0,0,unlabeled
7995,0.5442434549331665,0,0,unlabeled
7996,9.24208652577363e-05,0,0,unlabeled
7997,6.0221576859476045e-05,0,0,unlabeled
7998,0.0003337846719659865,0,0,unlabeled
7999,2.377205703396612e-07,0,0,unlabeled
8000,1.2494412260366516e-07,0,0,unlabeled
8001,0.15775151550769806,0,0,val
8002,4.125769919482991e-05,0,0,unlabeled
8003,2.331312862224877e-05,0,0,unlabeled
8004,0.2532881498336792,0,0,unlabeled
8005,2.696714182093274e-05,0,0,train
8006,1.669880839472171e-05,0,0,train
8007,3.7271598557708785e-05,0,0,train
8008,4.559476352028469e-08,0,0,unlabeled
8009,3.7079946224594096e-08,0,0,unlabeled
8010,0.08759073913097382,0,0,train
8011,2.168237915611826e-05,0,0,unlabeled
8012,8.999025340017397e-06,0,0,unlabeled
8013,0.0977860540151596,0,0,unlabeled
8014,1.041638279275503e-05,0,0,unlabeled
8015,6.3037082327355165e-06,0,0,unlabeled
8016,1.875577072496526e-05,0,0,unlabeled
8017,2.9004747048588797e-08,0,0,unlabeled
8018,2.2908567487434084e-08,0,0,train
8019,0.06537146121263504,0,0,unlabeled
8020,6.4310411289625335e-06,0,0,unlabeled
8021,4.09023459724267e-06,0,0,unlabeled
8022,0.04033501818776131,0,0,unlabeled
8023,5.350816081772791e-06,0,0,unlabeled
8024,3.5804066556011094e-06,0,0,unlabeled
8025,8.994992640509736e-06,0,0,train
8026,1.2972146024026188e-08,0,0,unlabeled
8027,1.0608498079989204e-08,0,0,unlabeled
8028,0.011727915145456791,0,0,unlabeled
8029,3.5387586194701726e-06,0,0,unlabeled
8030,2.2545245883520693e-06,0,0,unlabeled
8031,0.014616334810853004,0,0,unlabeled
8032,5.02615421282826e-06,0,0,train
8033,3.159982725264854e-06,0,0,unlabeled
8034,7.281726084329421e-06,0,0,unlabeled
8035,1.693572038163893e-08,0,0,unlabeled
8036,1.328775223186085e-08,0,0,unlabeled
8037,0.0015535673592239618,0,0,unlabeled
8038,1.0215645716016297e-06,0,0,unlabeled
8039,6.927683102730953e-07,0,0,val
8040,0.004149773623794317,0,0,unlabeled
8041,1.7639073348618695e-06,0,0,unlabeled
8042,1.1751676538551692e-06,0,0,train
8043,2.1023543013143353e-06,0,0,unlabeled
8044,4.7828199178923114e-09,0,0,unlabeled
8045,4.000824560534966e-09,0,0,unlabeled
8046,0.4161302447319031,0,0,unlabeled
8047,7.77804889366962e-05,0,0,train
8048,2.684743594727479e-05,0,0,unlabeled
8049,0.4305104911327362,0,0,train
8050,3.6761266528628767e-05,0,0,unlabeled
8051,2.183610195061192e-05,0,0,unlabeled
8052,7.205212023109198e-05,0,0,unlabeled
8053,5.427778404509809e-08,0,0,unlabeled
8054,4.030122013887194e-08,0,0,unlabeled
8055,0.051100678741931915,0,0,unlabeled
8056,6.184166522871237e-06,0,0,unlabeled
8057,3.5716561797016766e-06,0,0,unlabeled
8058,0.04711774364113808,0,0,unlabeled
8059,7.43883902032394e-06,0,0,train
8060,4.217991772748064e-06,0,0,unlabeled
8061,8.461041034024674e-06,0,0,unlabeled
8062,1.2137952865032275e-08,0,0,train
8063,8.654837735377896e-09,0,0,unlabeled
8064,0.06155809387564659,0,0,unlabeled
8065,5.573276666837046e-06,0,0,train
8066,3.4676761515584076e-06,0,0,unlabeled
8067,0.02605096995830536,0,0,unlabeled
8068,3.6220865240466082e-06,0,0,unlabeled
8069,2.403382495685946e-06,0,0,unlabeled
8070,6.575685802090447e-06,0,0,unlabeled
8071,9.577254544979041e-09,0,0,unlabeled
8072,7.74853425866695e-09,0,0,unlabeled
8073,0.008387775160372257,0,0,unlabeled
8074,1.3836071275363793e-06,0,0,unlabeled
8075,9.792515811568592e-07,0,0,train
8076,0.007660211063921452,0,0,val
8077,1.5247702549459063e-06,0,0,unlabeled
8078,9.972208090403e-07,0,0,train
8079,2.0383968148962595e-06,0,0,unlabeled
8080,2.8467772583695705e-09,0,0,val
8081,2.4564497103085614e-09,0,0,unlabeled
8082,0.002318094251677394,0,0,unlabeled
8083,1.1223714864172507e-06,0,0,unlabeled
8084,7.357985509770515e-07,0,0,unlabeled
8085,0.004059460945427418,0,0,unlabeled
8086,1.7409849988325732e-06,0,0,unlabeled
8087,1.0205917533312459e-06,0,0,train
8088,2.0587635845004115e-06,0,0,unlabeled
8089,4.51842119275625e-09,0,0,train
8090,3.767614220606674e-09,0,0,unlabeled
8091,0.00023098941892385483,0,0,unlabeled
8092,2.3668205528792896e-07,0,0,unlabeled
8093,1.573167054402802e-07,0,0,unlabeled
8094,0.0005428173462860286,0,0,train
8095,4.346440789504413e-07,0,0,train
8096,2.8754124059560127e-07,0,0,unlabeled
8097,4.378195512799721e-07,0,0,unlabeled
8098,1.0238268011164564e-09,0,0,unlabeled
8099,8.362209813483901e-10,0,0,train
8100,0.0768897607922554,0,0,unlabeled
8101,7.953693966555875e-06,0,0,unlabeled
8102,4.755896043207031e-06,0,0,unlabeled
8103,0.051530852913856506,0,0,unlabeled
8104,6.689028396067442e-06,0,0,unlabeled
8105,4.266556061338633e-06,0,0,train
8106,1.3108417078910861e-05,0,0,unlabeled
8107,1.6725392626426583e-08,0,0,unlabeled
8108,1.3054750169771978e-08,0,0,unlabeled
8109,0.0019412614637985826,0,0,unlabeled
8110,9.23044069622847e-07,0,0,train
8111,5.757252097282617e-07,0,0,train
8112,0.002797454595565796,0,0,val
8113,1.2160335245425813e-06,0,0,unlabeled
8114,7.490654070352321e-07,0,0,unlabeled
8115,1.357763608211826e-06,0,0,unlabeled
8116,2.9589326544510186e-09,0,0,unlabeled
8117,2.191882231272757e-09,0,0,unlabeled
8118,0.0017133996589109302,0,0,unlabeled
8119,6.859293080196949e-07,0,0,unlabeled
8120,4.936621849083167e-07,0,0,unlabeled
8121,0.0010926608229056,0,0,unlabeled
8122,5.451366291708837e-07,0,0,unlabeled
8123,3.7166233823882067e-07,0,0,unlabeled
8124,9.48781917031738e-07,0,0,train
8125,2.2431765334118836e-09,0,0,train
8126,1.8507910759524293e-09,0,0,unlabeled
8127,0.00020936901273671538,0,0,train
8128,1.5856143420478475e-07,0,0,unlabeled
8129,1.1225753837607044e-07,0,0,unlabeled
8130,0.00023426733969245106,0,0,train
8131,1.8416967861867306e-07,0,0,val
8132,1.265001401407062e-07,0,0,unlabeled
8133,2.2877308936131158e-07,0,0,unlabeled
8134,5.310975548233898e-10,0,0,unlabeled
8135,4.843286327549379e-10,0,0,unlabeled
8136,0.00015441150753758848,0,0,unlabeled
8137,2.1381727322022925e-07,0,0,unlabeled
8138,1.4653072355486074e-07,0,0,train
8139,0.00027048171614296734,0,0,unlabeled
8140,3.3278982414230995e-07,0,0,train
8141,2.1611353417938517e-07,0,0,train
8142,4.243569549089443e-07,0,0,unlabeled
8143,1.23442445154609e-09,0,0,unlabeled
8144,1.0517928750175543e-09,0,0,train
8145,1.3670895896211732e-05,0,0,unlabeled
8146,3.706926676727562e-08,0,0,train
8147,2.4563899359009156e-08,0,0,unlabeled
8148,3.262240352341905e-05,0,0,unlabeled
8149,7.06038747466664e-08,0,0,unlabeled
8150,4.912931927947284e-08,0,0,unlabeled
8151,7.122823575400616e-08,0,0,unlabeled
8152,2.418484856825387e-10,0,0,train
8153,1.9997581368613737e-10,0,0,unlabeled
8154,0.010173700749874115,0,0,unlabeled
8155,2.208937075920403e-06,0,0,unlabeled
8156,1.8174057458963944e-06,0,0,unlabeled
8157,0.009357870556414127,0,0,unlabeled
8158,2.06860204343684e-06,0,0,unlabeled
8159,1.6148336499099969e-06,0,0,unlabeled
8160,3.6806172829528805e-06,0,0,unlabeled
8161,6.461078783104313e-09,0,0,unlabeled
8162,5.694697602365295e-09,0,0,unlabeled
8163,0.0005092407227493823,0,0,unlabeled
8164,3.895266047493351e-07,0,0,unlabeled
8165,2.8806576324313937e-07,0,0,unlabeled
8166,0.000721925578545779,0,0,train
8167,4.6444321810668043e-07,0,0,unlabeled
8168,3.5754044347413583e-07,0,0,train
8169,5.193605829845183e-07,0,0,unlabeled
8170,1.3009702204413998e-09,0,0,unlabeled
8171,1.1119237752765798e-09,0,0,unlabeled
8172,0.00035850447602570057,0,0,unlabeled
8173,2.7513155487213226e-07,0,0,unlabeled
8174,2.2958593604016642e-07,0,0,unlabeled
8175,0.0002572174998931587,0,0,unlabeled
8176,2.3208495747439883e-07,0,0,unlabeled
8177,1.7759850834409008e-07,0,0,unlabeled
8178,3.7171867006691173e-07,0,0,unlabeled
8179,9.486167407146695e-10,0,0,unlabeled
8180,8.978770504874944e-10,0,0,unlabeled
8181,7.176630606409162e-05,0,0,unlabeled
8182,7.866191964467362e-08,0,0,unlabeled
8183,6.449286615861638e-08,0,0,train
8184,7.406614167848602e-05,0,0,unlabeled
8185,8.971999676532505e-08,0,0,unlabeled
8186,7.099020393752653e-08,0,0,unlabeled
8187,1.1455549042693747e-07,0,0,unlabeled
8188,2.655805853013504e-10,0,0,unlabeled
8189,2.7434152172212123e-10,0,0,unlabeled
8190,4.604494461091235e-05,0,0,unlabeled
8191,9.39157089874243e-08,0,0,unlabeled
8192,7.433340698526081e-08,0,0,train
8193,7.809405360603705e-05,0,0,unlabeled
8194,1.4806312265136512e-07,0,0,unlabeled
8195,1.069484767413087e-07,0,0,train
8196,1.8403430601665605e-07,0,0,unlabeled
8197,5.602996400178029e-10,0,0,unlabeled
8198,5.229773836212814e-10,0,0,unlabeled
8199,6.761424629075918e-06,0,0,unlabeled
8200,1.937176818955777e-08,0,0,unlabeled
8201,1.5413531784247425e-08,0,0,unlabeled
8202,1.5180830814642832e-05,0,0,val
8203,3.629291001061574e-08,0,0,train
8204,2.83729768568719e-08,0,0,unlabeled
8205,3.8248892053616146e-08,0,0,unlabeled
8206,1.2388937098428698e-10,0,0,unlabeled
8207,1.1210184169829773e-10,0,0,unlabeled
8208,0.38837698101997375,0,0,unlabeled
8209,6.707216380164027e-05,0,0,unlabeled
8210,3.3715838071657345e-05,0,0,unlabeled
8211,0.29969075322151184,0,0,unlabeled
8212,2.6818572223419324e-05,0,0,unlabeled
8213,2.1485480829142034e-05,0,0,unlabeled
8214,6.548349483637139e-05,0,0,unlabeled
8215,6.198244761890237e-08,0,0,train
8216,4.983974477568154e-08,0,0,unlabeled
8217,0.09109935909509659,0,0,unlabeled
8218,8.992042239697184e-06,0,0,unlabeled
8219,6.740173375874292e-06,0,0,unlabeled
8220,0.058936458081007004,0,0,unlabeled
8221,7.63393927627476e-06,0,0,unlabeled
8222,5.780843821412418e-06,0,0,unlabeled
8223,1.2907679774798453e-05,0,0,unlabeled
8224,1.652914960459384e-08,0,0,unlabeled
8225,1.5152703980447768e-08,0,0,train
8226,0.02730286680161953,0,0,unlabeled
8227,3.6074079616810195e-06,0,0,unlabeled
8228,2.867615876311902e-06,0,0,unlabeled
8229,0.00963535811752081,0,0,unlabeled
8230,2.019808334807749e-06,0,0,unlabeled
8231,1.5180858099483885e-06,0,0,unlabeled
8232,4.464659923542058e-06,0,0,unlabeled
8233,7.96314925111119e-09,0,0,unlabeled
8234,7.039863358926368e-09,0,0,unlabeled
8235,0.010015192441642284,0,0,unlabeled
8236,1.571333200445224e-06,0,0,unlabeled
8237,1.2555321973195532e-06,0,0,train
8238,0.005066212732344866,0,0,unlabeled
8239,1.238770664713229e-06,0,0,unlabeled
8240,9.828142992773792e-07,0,0,unlabeled
8241,2.277022758789826e-06,0,0,unlabeled
8242,3.85529830282394e-09,0,0,unlabeled
8243,3.2866540600196004e-09,0,0,unlabeled
8244,0.0027538156136870384,0,0,unlabeled
8245,1.2926769841214991e-06,0,0,train
8246,9.947767694029608e-07,0,0,unlabeled
8247,0.0029810185078531504,0,0,unlabeled
8248,1.4367193443831638e-06,0,0,unlabeled
8249,1.0851550769075402e-06,0,0,train
8250,2.355631750106113e-06,0,0,unlabeled
8251,5.256437507483724e-09,0,0,unlabeled
8252,4.701480982305384e-09,0,0,unlabeled
8253,0.000510787358507514,0,0,unlabeled
8254,3.826900467629457e-07,0,0,unlabeled
8255,2.974098549657356e-07,0,0,unlabeled
8256,0.0008807032136246562,0,0,unlabeled
8257,5.523863251255534e-07,0,0,unlabeled
8258,4.3475478150867275e-07,0,0,val
8259,7.344328878389206e-07,0,0,unlabeled
8260,1.5440890788198658e-09,0,0,unlabeled
8261,1.4157146566162737e-09,0,0,unlabeled
8262,0.20353609323501587,0,0,train
8263,1.4456512872129679e-05,0,0,train
8264,1.0420406397315674e-05,0,0,unlabeled
8265,0.09787217527627945,0,0,unlabeled
8266,8.74758006830234e-06,0,0,train
8267,6.311185188678792e-06,0,0,unlabeled
8268,2.1644058506353758e-05,0,0,unlabeled
8269,1.8626876041594187e-08,0,0,unlabeled
8270,1.5634595840197107e-08,0,0,train
8271,0.011373310349881649,0,0,unlabeled
8272,2.108442231474328e-06,0,0,unlabeled
8273,1.435942522221012e-06,0,0,unlabeled
8274,0.00930603314191103,0,0,unlabeled
8275,2.1172070319153136e-06,0,0,train
8276,1.4621024320149445e-06,0,0,unlabeled
8277,2.8383778953866567e-06,0,0,unlabeled
8278,4.057314928473943e-09,0,0,unlabeled
8279,3.2716247488906447e-09,0,0,unlabeled
8280,0.006973354611545801,0,0,unlabeled
8281,1.1633611620709416e-06,0,0,unlabeled
8282,9.150384698841663e-07,0,0,unlabeled
8283,0.0024775336496531963,0,0,unlabeled
8284,6.84693475250242e-07,0,0,val
8285,5.285545512379031e-07,0,0,unlabeled
8286,1.5145732277233037e-06,0,0,unlabeled
8287,2.5431128314323814e-09,0,0,unlabeled
8288,2.238667473619671e-09,0,0,unlabeled
8289,0.0011522684944793582,0,0,unlabeled
8290,3.4421796613059996e-07,0,0,unlabeled
8291,2.773555820567708e-07,0,0,unlabeled
8292,0.0008060959517024457,0,0,train
8293,3.274458038049488e-07,0,0,train
8294,2.432366272842046e-07,0,0,train
8295,5.098789870316978e-07,0,0,unlabeled
8296,8.243328242230064e-10,0,0,train
8297,7.404538093780388e-10,0,0,unlabeled
8298,0.0005307469982653856,0,0,unlabeled
8299,3.398095032025594e-07,0,0,unlabeled
8300,2.790317807921383e-07,0,0,unlabeled
8301,0.0005702755297534168,0,0,unlabeled
8302,4.1476320689071144e-07,0,0,unlabeled
8303,3.0133779205243627e-07,0,0,unlabeled
8304,5.919941372667381e-07,0,0,train
8305,1.3377028373895428e-09,0,0,val
8306,1.1622804940714104e-09,0,0,unlabeled
8307,6.38930214336142e-05,0,0,train
8308,7.56683391500701e-08,0,0,val
8309,6.195880786208363e-08,0,0,unlabeled
8310,0.00010574521729722619,0,0,unlabeled
8311,1.197846017930715e-07,0,0,train
8312,9.175046500331518e-08,0,0,unlabeled
8313,1.3628108774810244e-07,0,0,train
8314,3.155833094847793e-10,0,0,unlabeled
8315,2.848557223433801e-10,0,0,unlabeled
8316,0.022604165598750114,0,0,unlabeled
8317,2.9965865451231366e-06,0,0,unlabeled
8318,2.210401589763933e-06,0,0,unlabeled
8319,0.013701618649065495,0,0,unlabeled
8320,1.9846158920699963e-06,0,0,unlabeled
8321,1.5920039686534437e-06,0,0,unlabeled
8322,4.788719252246665e-06,0,0,unlabeled
8323,5.875825603851581e-09,0,0,unlabeled
8324,5.283295578806246e-09,0,0,unlabeled
8325,0.0007465470698662102,0,0,unlabeled
8326,3.7008626918577647e-07,0,0,unlabeled
8327,2.820434303885122e-07,0,0,unlabeled
8328,0.0007268451736308634,0,0,unlabeled
8329,3.837743918211345e-07,0,0,unlabeled
8330,2.995313082010398e-07,0,0,val
8331,5.227754513725813e-07,0,0,unlabeled
8332,1.070528665714221e-09,0,0,unlabeled
8333,8.925548078408951e-10,0,0,unlabeled
8334,0.0003685522242449224,0,0,unlabeled
8335,1.995442033830841e-07,0,0,unlabeled
8336,1.7482008729530207e-07,0,0,unlabeled
8337,0.00015728875587228686,0,0,unlabeled
8338,1.2753181977132044e-07,0,0,unlabeled
8339,1.0543006112584408e-07,0,0,train
8340,2.795375735331618e-07,0,0,unlabeled
8341,6.3845961850717e-10,0,0,train
8342,5.805196323649398e-10,0,0,train
8343,4.958627323503606e-05,0,0,train
8344,4.6993939406547725e-08,0,0,unlabeled
8345,4.0000404766260544e-08,0,0,unlabeled
8346,3.998548709205352e-05,0,0,unlabeled
8347,4.678189213791484e-08,0,0,unlabeled
8348,3.685038407752472e-08,0,0,unlabeled
8349,7.092565112998273e-08,0,0,unlabeled
8350,1.53706256056374e-10,0,0,unlabeled
8351,1.5104123507470035e-10,0,0,unlabeled
8352,5.283021891955286e-05,0,0,unlabeled
8353,7.728257145345196e-08,0,0,unlabeled
8354,6.371645611125132e-08,0,0,unlabeled
8355,6.1028520576655865e-05,0,0,unlabeled
8356,9.468099904097471e-08,0,0,unlabeled
8357,7.234287835444775e-08,0,0,unlabeled
8358,1.4814278870289854e-07,0,0,unlabeled
8359,3.7681008313583675e-10,0,0,val
8360,3.6473515874213547e-10,0,0,unlabeled
8361,5.402300303103402e-06,0,0,unlabeled
8362,1.3184548564026954e-08,0,0,unlabeled
8363,1.067426058654064e-08,0,0,unlabeled
8364,9.40944937610766e-06,0,0,unlabeled
8365,2.05218722015843e-08,0,0,unlabeled
8366,1.712963459965522e-08,0,0,unlabeled
8367,2.551203337475272e-08,0,0,unlabeled
8368,7.47150952218334e-11,0,0,unlabeled
8369,7.325823975223855e-11,0,0,train
8370,0.004093231167644262,0,0,unlabeled
8371,9.981256425817264e-07,0,0,unlabeled
8372,8.790277661319124e-07,0,0,unlabeled
8373,0.0025432740803807974,0,0,unlabeled
8374,7.338090881603421e-07,0,0,unlabeled
8375,6.739060154359322e-07,0,0,unlabeled
8376,1.480182504565164e-06,0,0,unlabeled
8377,2.3838901963557646e-09,0,0,train
8378,2.2950628064677403e-09,0,0,val
8379,0.00020603666780516505,0,0,unlabeled
8380,1.624324852400605e-07,0,0,unlabeled
8381,1.4311450513559976e-07,0,0,unlabeled
8382,0.00021159180323593318,0,0,unlabeled
8383,1.726296972037744e-07,0,0,unlabeled
8384,1.4918371959993237e-07,0,0,unlabeled
8385,2.2562036861017987e-07,0,0,unlabeled
8386,4.736707692742925e-10,0,0,unlabeled
8387,4.511340190305191e-10,0,0,unlabeled
8388,9.300587407778949e-05,0,0,unlabeled
8389,8.784262917060914e-08,0,0,unlabeled
8390,8.927275985115557e-08,0,0,val
8391,4.635263030650094e-05,0,0,unlabeled
8392,6.199591950917238e-08,0,0,train
8393,5.395553515086249e-08,0,0,unlabeled
8394,1.211713964721639e-07,0,0,unlabeled
8395,2.8198313128946495e-10,0,0,unlabeled
8396,2.873473681219707e-10,0,0,unlabeled
8397,1.924325442814734e-05,0,0,unlabeled
8398,2.5079788912307777e-08,0,0,unlabeled
8399,2.326115833284348e-08,0,0,unlabeled
8400,1.6358535503968596e-05,0,0,unlabeled
8401,2.4913727969533284e-08,0,0,val
8402,2.256041398140951e-08,0,0,unlabeled
8403,3.6227206123840006e-08,0,0,unlabeled
8404,8.267336121248192e-11,0,0,train
8405,8.676481061398178e-11,0,0,unlabeled
8406,1.868872823251877e-05,0,0,unlabeled
8407,3.582393759415936e-08,0,0,unlabeled
8408,3.312635499241878e-08,0,0,unlabeled
8409,2.1800749891554005e-05,0,0,unlabeled
8410,4.4983536895415455e-08,0,0,unlabeled
8411,3.770657031054725e-08,0,0,unlabeled
8412,6.501691984794888e-08,0,0,unlabeled
8413,1.767947177544471e-10,0,0,unlabeled
8414,1.7845139255179276e-10,0,0,unlabeled
8415,2.9410357456072234e-06,0,0,unlabeled
8416,7.2381216575934104e-09,0,0,train
8417,6.624209625272215e-09,0,0,unlabeled
8418,4.878783329331782e-06,0,0,unlabeled
8419,1.1678900513345525e-08,0,0,unlabeled
8420,1.036741803517316e-08,0,0,unlabeled
8421,1.383788372777417e-08,0,0,train
8422,3.9501089899030006e-11,0,0,unlabeled
8423,4.080967161423921e-11,0,0,unlabeled
8424,0.11922560632228851,0,0,train
8425,1.1076094779127743e-05,0,0,unlabeled
8426,9.520082130620722e-06,0,0,unlabeled
8427,0.04897752031683922,0,0,unlabeled
8428,7.377523161267163e-06,0,0,unlabeled
8429,6.149837645352818e-06,0,0,unlabeled
8430,1.5392328350571916e-05,0,0,unlabeled
8431,2.5323055652393123e-08,0,0,unlabeled
8432,2.0792152000126407e-08,0,0,unlabeled
8433,0.007142954505980015,0,0,unlabeled
8434,1.9974233964603627e-06,0,0,val
8435,1.8268101484864019e-06,0,0,unlabeled
8436,0.006142960395663977,0,0,val
8437,1.902896428873646e-06,0,0,unlabeled
8438,1.5955789649524377e-06,0,0,unlabeled
8439,2.782587216643151e-06,0,0,unlabeled
8440,5.870761654591661e-09,0,0,unlabeled
8441,5.463433261354567e-09,0,0,train
8442,0.0022599073126912117,0,0,unlabeled
8443,1.051272988661367e-06,0,0,unlabeled
8444,8.885078273124236e-07,0,0,unlabeled
8445,0.0012312192702665925,0,0,train
8446,7.094187139955466e-07,0,0,unlabeled
8447,5.767710149484628e-07,0,0,unlabeled
8448,1.1403507187424111e-06,0,0,unlabeled
8449,3.1678482059760427e-09,0,0,unlabeled
8450,2.7207904818027373e-09,0,0,unlabeled
8451,0.0006764040444977582,0,0,unlabeled
8452,3.924843952063384e-07,0,0,unlabeled
8453,3.144133415844408e-07,0,0,unlabeled
8454,0.0004834712599404156,0,0,train
8455,3.280603095845436e-07,0,0,unlabeled
8456,2.6602856451063417e-07,0,0,unlabeled
8457,4.864830884798721e-07,0,0,unlabeled
8458,1.2411625061048426e-09,0,0,train
8459,1.0797750471525092e-09,0,0,unlabeled
8460,0.0003840179997496307,0,0,unlabeled
8461,4.998797180633119e-07,0,0,unlabeled
8462,3.82778750918078e-07,0,0,unlabeled
8463,0.0004207520396448672,0,0,unlabeled
8464,5.646230647471384e-07,0,0,unlabeled
8465,4.215178535105224e-07,0,0,unlabeled
8466,7.240649892992224e-07,0,0,unlabeled
8467,2.3275084082285957e-09,0,0,train
8468,2.0434018921378083e-09,0,0,train
8469,6.701302481815219e-05,0,0,unlabeled
8470,1.1864914029047213e-07,0,0,unlabeled
8471,9.52831840095314e-08,0,0,unlabeled
8472,0.00011586629261728376,0,0,unlabeled
8473,1.7181571365654236e-07,0,0,unlabeled
8474,1.3619637684314512e-07,0,0,unlabeled
8475,2.0668950639901595e-07,0,0,unlabeled
8476,5.932397906249776e-10,0,0,unlabeled
8477,5.491523347167515e-10,0,0,unlabeled
8478,0.03735923394560814,0,0,unlabeled
8479,4.517274646786973e-06,0,0,unlabeled
8480,3.640252998593496e-06,0,0,unlabeled
8481,0.019479703158140182,0,0,unlabeled
8482,3.1764830055180937e-06,0,0,unlabeled
8483,2.3418585897161392e-06,0,0,unlabeled
8484,6.351839601848042e-06,0,0,unlabeled
8485,8.543765694923877e-09,0,0,unlabeled
8486,7.164254078873e-09,0,0,unlabeled
8487,0.0015480725560337305,0,0,unlabeled
8488,6.645756798207003e-07,0,0,unlabeled
8489,5.251520178717328e-07,0,0,unlabeled
8490,0.0015048541827127337,0,0,unlabeled
8491,6.807549652876332e-07,0,0,train
8492,5.088651846563153e-07,0,0,unlabeled
8493,8.525462362740654e-07,0,0,unlabeled
8494,1.7357579817911528e-09,0,0,unlabeled
8495,1.4457754993202343e-09,0,0,unlabeled
8496,0.0009059349540621042,0,0,unlabeled
8497,4.438769849457458e-07,0,0,unlabeled
8498,3.652653504104819e-07,0,0,unlabeled
8499,0.00044755684211850166,0,0,unlabeled
8500,2.897270974244748e-07,0,0,unlabeled
8501,2.3521180025909416e-07,0,0,val
8502,4.756821283535828e-07,0,0,unlabeled
8503,1.1601676286332463e-09,0,0,unlabeled
8504,1.004851757357983e-09,0,0,unlabeled
8505,0.00014120842388365418,0,0,unlabeled
8506,1.0946400408329282e-07,0,0,unlabeled
8507,8.933612605233066e-08,0,0,unlabeled
8508,0.00011516165977809578,0,0,unlabeled
8509,1.0705480235628784e-07,0,0,unlabeled
8510,8.23076788947219e-08,0,0,val
8511,1.3954431210549956e-07,0,0,unlabeled
8512,3.1900626584757674e-10,0,0,unlabeled
8513,2.861468562098679e-10,0,0,unlabeled
8514,0.00011740947229554877,0,0,unlabeled
8515,1.591408818057971e-07,0,0,unlabeled
8516,1.2760858680849196e-07,0,0,unlabeled
8517,0.0001258361735381186,0,0,unlabeled
8518,1.9096542303032038e-07,0,0,unlabeled
8519,1.3877483695523551e-07,0,0,unlabeled
8520,2.2623247275532776e-07,0,0,unlabeled
8521,6.845845001990369e-10,0,0,train
8522,5.940131164727802e-10,0,0,unlabeled
8523,1.4223096513887867e-05,0,0,train
8524,2.9440831994520522e-08,0,0,unlabeled
8525,2.4615022908847095e-08,0,0,unlabeled
8526,2.443518678774126e-05,0,0,unlabeled
8527,4.600349257088965e-08,0,0,unlabeled
8528,3.528986880496632e-08,0,0,train
8529,4.942114983919055e-08,0,0,unlabeled
8530,1.4707260409529965e-10,0,0,train
8531,1.3361567408054498e-10,0,0,train
8532,0.0053067076951265335,0,0,unlabeled
8533,1.4094911193751614e-06,0,0,unlabeled
8534,1.106219087887439e-06,0,0,unlabeled
8535,0.0034157545305788517,0,0,train
8536,1.0053191772385617e-06,0,0,train
8537,8.038704777391104e-07,0,0,unlabeled
8538,1.9274730220786296e-06,0,0,unlabeled
8539,3.2333733468448145e-09,0,0,train
8540,2.9809454904494714e-09,0,0,unlabeled
8541,0.00017684728663880378,0,0,unlabeled
8542,1.7073993774374685e-07,0,0,unlabeled
8543,1.3564458356540854e-07,0,0,unlabeled
8544,0.0001827169762691483,0,0,unlabeled
8545,1.7847921185421e-07,0,0,train
8546,1.4653240043571714e-07,0,0,train
8547,2.2400570287572918e-07,0,0,unlabeled
8548,5.682445070043229e-10,0,0,unlabeled
8549,4.92397844720216e-10,0,0,unlabeled
8550,9.063905599759892e-05,0,0,unlabeled
8551,1.0658944660235647e-07,0,0,train
8552,9.130600631124253e-08,0,0,train
8553,4.985102714272216e-05,0,0,unlabeled
8554,7.365063225961421e-08,0,0,unlabeled
8555,6.174291655725028e-08,0,0,train
8556,1.2445107699932123e-07,0,0,unlabeled
8557,3.6278344217599567e-10,0,0,unlabeled
8558,3.342978394105245e-10,0,0,unlabeled
8559,1.24559137475444e-05,0,0,train
8560,2.1472470024264112e-08,0,0,unlabeled
8561,1.8327254380778868e-08,0,0,unlabeled
8562,1.2192560461699031e-05,0,0,unlabeled
8563,2.1730638621875187e-08,0,0,unlabeled
8564,1.736977672806006e-08,0,0,unlabeled
8565,2.8002977714436383e-08,0,0,unlabeled
8566,8.156646191803674e-11,0,0,unlabeled
8567,7.993880557499722e-11,0,0,unlabeled
8568,1.9466297089820728e-05,0,0,unlabeled
8569,4.4605808824371707e-08,0,0,unlabeled
8570,3.6086522214873185e-08,0,0,unlabeled
8571,2.2907530365046114e-05,0,0,unlabeled
8572,5.6020827088332226e-08,0,0,unlabeled
8573,4.2388730747688896e-08,0,0,unlabeled
8574,7.039665916863669e-08,0,0,unlabeled
8575,2.405121102277974e-10,0,0,unlabeled
8576,2.2255787490710333e-10,0,0,unlabeled
8577,2.0493882857408607e-06,0,0,unlabeled
8578,6.790720430416286e-09,0,0,train
8579,5.5145550348356664e-09,0,0,train
8580,3.6047256344318157e-06,0,0,val
8581,1.1040480529800334e-08,0,0,unlabeled
8582,8.94126372941173e-09,0,0,unlabeled
8583,1.2038395169611249e-08,0,0,train
8584,4.671442052628372e-11,0,0,unlabeled
8585,4.5644467372429887e-11,0,0,unlabeled
8586,0.0007461474160663784,0,0,unlabeled
8587,4.250479435086163e-07,0,0,val
8588,3.8658231460431125e-07,0,0,unlabeled
8589,0.0004801294708158821,0,0,unlabeled
8590,3.5093844985567557e-07,0,0,unlabeled
8591,3.046027075015445e-07,0,0,train
8592,6.087774977459048e-07,0,0,unlabeled
8593,1.21204790648477e-09,0,0,unlabeled
8594,1.157014151154101e-09,0,0,unlabeled
8595,4.311996963224374e-05,0,0,train
8596,6.635606553118123e-08,0,0,unlabeled
8597,5.991832807694664e-08,0,0,train
8598,4.712904046755284e-05,0,0,train
8599,7.09818124278172e-08,0,0,train
8600,6.183684320149041e-08,0,0,train
8601,8.948262575358967e-08,0,0,train
8602,2.3177609831392942e-10,0,0,val
8603,2.2767887575270152e-10,0,0,unlabeled
8604,2.6178355255979113e-05,0,0,train
8605,4.54312996112094e-08,0,0,unlabeled
8606,4.390479446669815e-08,0,0,unlabeled
8607,1.716043334454298e-05,0,0,unlabeled
8608,3.5432314859917824e-08,0,0,unlabeled
8609,3.0666040373716896e-08,0,0,train
8610,5.5315915403753024e-08,0,0,unlabeled
8611,1.665626248037455e-10,0,0,unlabeled
8612,1.6789653001225702e-10,0,0,train
8613,5.212047199165681e-06,0,0,train
8614,1.0519157989108407e-08,0,0,train
8615,9.840531056681812e-09,0,0,train
8616,4.980913217877969e-06,0,0,unlabeled
8617,1.0843120179515608e-08,0,0,train
8618,9.648118748373236e-09,0,0,unlabeled
8619,1.4176853468939044e-08,0,0,unlabeled
8620,4.308034484701295e-11,0,0,unlabeled
8621,4.4442439312009085e-11,0,0,unlabeled
8622,6.808069429098396e-06,0,0,unlabeled
8623,1.9278182605830807e-08,0,0,train
8624,1.706542285262458e-08,0,0,unlabeled
8625,8.44038549985271e-06,0,0,unlabeled
8626,2.4688750599466402e-08,0,0,train
8627,1.9819283991751036e-08,0,0,val
8628,3.103113499491883e-08,0,0,train
8629,1.1099039048945158e-10,0,0,unlabeled
8630,1.0674676420574514e-10,0,0,train
8631,9.000268050840532e-07,0,0,unlabeled
8632,2.817198474502902e-09,0,0,unlabeled
8633,2.576070912141404e-09,0,0,unlabeled
8634,1.3807020877720788e-06,0,0,unlabeled
8635,4.375171336334915e-09,0,0,unlabeled
8636,3.811785553864411e-09,0,0,unlabeled
8637,4.928509600432562e-09,0,0,unlabeled
8638,2.5496818198411653e-11,0,0,unlabeled
8639,2.57692357036321e-11,0,0,unlabeled
8640,0.33412638306617737,0,0,unlabeled
8641,5.438615698949434e-05,0,0,unlabeled
8642,4.658004399971105e-05,0,0,unlabeled
8643,0.3733915686607361,0,0,unlabeled
8644,6.36440672678873e-05,0,0,unlabeled
8645,5.913062341278419e-05,0,0,unlabeled
8646,0.00012880553549621254,0,0,unlabeled
8647,1.5094872196641518e-07,0,0,train
8648,1.7144448349881714e-07,0,0,unlabeled
8649,0.06452538818120956,0,0,unlabeled
8650,1.2131135008530691e-05,0,0,unlabeled
8651,9.625027814763598e-06,0,0,unlabeled
8652,0.12562784552574158,0,0,unlabeled
8653,2.228521043434739e-05,0,0,unlabeled
8654,1.5894136595306918e-05,0,0,train
8655,2.6213056116830558e-05,0,0,unlabeled
8656,5.1857654170817113e-08,0,0,unlabeled
8657,6.651128359180802e-08,0,0,unlabeled
8658,0.04322180896997452,0,0,unlabeled
8659,1.1537483260326553e-05,0,0,unlabeled
8660,7.605453902215231e-06,0,0,val
8661,0.03530201315879822,0,0,unlabeled
8662,9.643854355090298e-06,0,0,val
8663,1.0187003681494389e-05,0,0,unlabeled
8664,1.5586259905830957e-05,0,0,train
8665,2.620210537429557e-08,0,0,unlabeled
8666,2.699350609702833e-08,0,0,train
8667,0.01915617100894451,0,0,train
8668,3.607896587709547e-06,0,0,unlabeled
8669,2.9388713755906792e-06,0,0,train
8670,0.02422250062227249,0,0,unlabeled
8671,4.138657914154464e-06,0,0,train
8672,3.893056145898299e-06,0,0,unlabeled
8673,8.985423846752383e-06,0,0,unlabeled
8674,1.6001484581806835e-08,0,0,unlabeled
8675,1.5777217754475714e-08,0,0,unlabeled
8676,0.005307530984282494,0,0,unlabeled
8677,3.724219595824252e-06,0,0,unlabeled
8678,3.2221478249994107e-06,0,0,train
8679,0.01771518588066101,0,0,unlabeled
8680,6.148301054054173e-06,0,0,unlabeled
8681,5.320357104210416e-06,0,0,train
8682,9.701035196485464e-06,0,0,unlabeled
8683,1.8626700182267086e-08,0,0,unlabeled
8684,3.108936752482805e-08,0,0,unlabeled
8685,0.001230342430062592,0,0,unlabeled
8686,1.6200193613258307e-06,0,0,unlabeled
8687,1.0670391930034384e-06,0,0,unlabeled
8688,0.005082175135612488,0,0,unlabeled
8689,1.964579951163614e-06,0,0,unlabeled
8690,1.6750076383686974e-06,0,0,unlabeled
8691,2.767855676211184e-06,0,0,unlabeled
8692,9.042606663456354e-09,0,0,unlabeled
8693,7.3106716236281954e-09,0,0,unlabeled
8694,0.1503579318523407,0,0,train
8695,1.6383954061893746e-05,0,0,unlabeled
8696,1.3768686585535761e-05,0,0,train
8697,0.1221245750784874,0,0,unlabeled
8698,2.070818663924001e-05,0,0,unlabeled
8699,1.4661204659205396e-05,0,0,unlabeled
8700,3.6381261452334e-05,0,0,train
8701,3.978234275336945e-08,0,0,train
8702,3.7488064208446303e-08,0,0,train
8703,0.010345738381147385,0,0,unlabeled
8704,3.627084879553877e-06,0,0,train
8705,2.113473101417185e-06,0,0,unlabeled
8706,0.01349227037280798,0,0,unlabeled
8707,6.034629222995136e-06,0,0,unlabeled
8708,3.0861021969030844e-06,0,0,unlabeled
8709,5.804410648124758e-06,0,0,train
8710,9.01359076266317e-09,0,0,unlabeled
8711,1.1407292888065967e-08,0,0,unlabeled
8712,0.008764523081481457,0,0,val
8713,2.1895828012929996e-06,0,0,val
8714,1.6369443756047986e-06,0,0,unlabeled
8715,0.005972469225525856,0,0,unlabeled
8716,3.0830221930955304e-06,0,0,unlabeled
8717,2.3018758383841487e-06,0,0,val
8718,5.5608857110200915e-06,0,0,unlabeled
8719,6.7187793106882054e-09,0,0,unlabeled
8720,6.679488517846721e-09,0,0,unlabeled
8721,0.002045738510787487,0,0,unlabeled
8722,6.554465699082357e-07,0,0,unlabeled
8723,5.430128453554062e-07,0,0,unlabeled
8724,0.0019453854765743017,0,0,train
8725,7.676660516153788e-07,0,0,unlabeled
8726,7.8669410186194e-07,0,0,train
8727,1.3030913805778255e-06,0,0,unlabeled
8728,2.6359741056580788e-09,0,0,unlabeled
8729,2.0293917657454585e-09,0,0,unlabeled
8730,0.0011529751354828477,0,0,unlabeled
8731,8.445791763733723e-07,0,0,unlabeled
8732,6.856867003079969e-07,0,0,unlabeled
8733,0.001993489218875766,0,0,unlabeled
8734,1.2753137070831144e-06,0,0,val
8735,1.2920631888846401e-06,0,0,unlabeled
8736,1.9176015939592617e-06,0,0,train
8737,5.268341762842965e-09,0,0,unlabeled
8738,4.0097938303063074e-09,0,0,unlabeled
8739,0.00022279330005403608,0,0,unlabeled
8740,2.0753014950969373e-07,0,0,unlabeled
8741,1.5415449183819874e-07,0,0,unlabeled
8742,0.0003690294688567519,0,0,unlabeled
8743,4.119733603147324e-07,0,0,val
8744,2.669480636541266e-07,0,0,train
8745,5.984373956380296e-07,0,0,unlabeled
8746,9.832027414446998e-10,0,0,unlabeled
8747,8.434373199861511e-10,0,0,unlabeled
8748,0.010773488320410252,0,0,unlabeled
8749,6.649340775766177e-06,0,0,train
8750,3.620062670961488e-06,0,0,unlabeled
8751,0.018046032637357712,0,0,val
8752,4.739270480058622e-06,0,0,train
8753,3.5801031117443927e-06,0,0,val
8754,7.1322083385894075e-06,0,0,unlabeled
8755,1.9457976563330703e-08,0,0,unlabeled
8756,1.232705226783537e-08,0,0,train
8757,0.0008484295103698969,0,0,unlabeled
8758,7.190307655946526e-07,0,0,unlabeled
8759,4.514866418503516e-07,0,0,unlabeled
8760,0.0019458540482446551,0,0,train
8761,8.434748792751634e-07,0,0,train
8762,6.720858323205903e-07,0,0,unlabeled
8763,1.0885391930059996e-06,0,0,unlabeled
8764,2.5563406946815803e-09,0,0,unlabeled
8765,3.3954883349451848e-09,0,0,unlabeled
8766,0.0004916150355711579,0,0,unlabeled
8767,3.626033162618114e-07,0,0,unlabeled
8768,3.050521399927675e-07,0,0,unlabeled
8769,0.0004668413894250989,0,0,unlabeled
8770,5.214027396505116e-07,0,0,unlabeled
8771,3.631078300259105e-07,0,0,unlabeled
8772,6.999699166954088e-07,0,0,unlabeled
8773,1.6645568257089849e-09,0,0,unlabeled
8774,1.486537115624742e-09,0,0,unlabeled
8775,8.967668691184372e-05,0,0,unlabeled
8776,9.924603716626734e-08,0,0,train
8777,7.937176604855267e-08,0,0,unlabeled
8778,0.00012454715033527464,0,0,unlabeled
8779,1.2678891891937383e-07,0,0,unlabeled
8780,1.0543750761371484e-07,0,0,unlabeled
8781,1.9369910830846493e-07,0,0,unlabeled
8782,5.835926186747997e-10,0,0,train
8783,4.2204029160330947e-10,0,0,unlabeled
8784,0.0001059502101270482,0,0,unlabeled
8785,2.647312555836834e-07,0,0,unlabeled
8786,1.5565288435936964e-07,0,0,unlabeled
8787,0.00031003591720946133,0,0,val
8788,3.021858674401301e-07,0,0,unlabeled
8789,3.3527842902003613e-07,0,0,unlabeled
8790,6.047390570529387e-07,0,0,unlabeled
8791,1.1132479382780502e-09,0,0,unlabeled
8792,1.086833401053866e-09,0,0,unlabeled
8793,2.0479721570154652e-05,0,0,unlabeled
8794,5.218280563212829e-08,0,0,train
8795,2.7263707735869502e-08,0,0,unlabeled
8796,3.50339432770852e-05,0,0,unlabeled
8797,6.114137818258314e-08,0,0,unlabeled
8798,5.036975281313971e-08,0,0,unlabeled
8799,8.53116546295496e-08,0,0,unlabeled
8800,2.2631374552162242e-10,0,0,unlabeled
8801,2.0532422984054222e-10,0,0,unlabeled
8802,0.0031920946203172207,0,0,unlabeled
8803,1.5188009001576575e-06,0,0,unlabeled
8804,1.1248488362980424e-06,0,0,unlabeled
8805,0.004492451436817646,0,0,unlabeled
8806,1.4336492313304916e-06,0,0,unlabeled
8807,1.4251172615331598e-06,0,0,unlabeled
8808,2.4475823465763824e-06,0,0,train
8809,4.915985840625581e-09,0,0,unlabeled
8810,4.9314623495888554e-09,0,0,unlabeled
8811,0.000291228701826185,0,0,unlabeled
8812,2.3830619966247468e-07,0,0,unlabeled
8813,2.143270592114277e-07,0,0,train
8814,0.00032058116630651057,0,0,unlabeled
8815,3.3158787005049817e-07,0,0,train
8816,2.794245688164665e-07,0,0,unlabeled
8817,4.5639748691428395e-07,0,0,train
8818,1.0005506423382826e-09,0,0,val
8819,1.6598044050297744e-09,0,0,val
8820,0.00011630220978986472,0,0,unlabeled
8821,1.4689869942685618e-07,0,0,unlabeled
8822,1.5084150106758898e-07,0,0,unlabeled
8823,0.00011776513565564528,0,0,unlabeled
8824,1.7141408648058132e-07,0,0,unlabeled
8825,1.682572445815822e-07,0,0,unlabeled
8826,2.999563548655715e-07,0,0,train
8827,6.817490461052955e-10,0,0,unlabeled
8828,7.143891589400653e-10,0,0,train
8829,3.077072324231267e-05,0,0,unlabeled
8830,4.748634907514315e-08,0,0,unlabeled
8831,4.141825371561936e-08,0,0,unlabeled
8832,3.883710814989172e-05,0,0,unlabeled
8833,5.680228909454854e-08,0,0,unlabeled
8834,5.569407335315191e-08,0,0,unlabeled
8835,8.934277673233737e-08,0,0,unlabeled
8836,2.9906194187745427e-10,0,0,unlabeled
8837,2.334825666139295e-10,0,0,unlabeled
8838,3.581587952794507e-05,0,0,unlabeled
8839,8.470283319184091e-08,0,0,unlabeled
8840,7.351407305122848e-08,0,0,train
8841,7.629671017639339e-05,0,0,unlabeled
8842,1.2832543916374561e-07,0,0,unlabeled
8843,1.6237331124102639e-07,0,0,unlabeled
8844,1.8975688931277546e-07,0,0,unlabeled
8845,4.7631804056536e-10,0,0,train
8846,5.276102332807397e-10,0,0,unlabeled
8847,1.0521683179831598e-05,0,0,unlabeled
8848,1.899813639738568e-08,0,0,unlabeled
8849,1.6014643833273112e-08,0,0,unlabeled
8850,1.4656326129625086e-05,0,0,unlabeled
8851,2.9471957319060493e-08,0,0,unlabeled
8852,2.7258405310703893e-08,0,0,train
8853,4.314479440381547e-08,0,0,unlabeled
8854,1.1409893169167518e-10,0,0,unlabeled
8855,1.1233277502631367e-10,0,0,train
8856,0.36501336097717285,0,0,unlabeled
8857,8.221231837524101e-05,0,0,unlabeled
8858,6.94027403369546e-05,0,0,val
8859,0.39834973216056824,0,0,unlabeled
8860,8.737192547414452e-05,0,0,train
8861,6.0003920225426555e-05,0,0,unlabeled
8862,0.00016854310524649918,0,0,unlabeled
8863,3.012762874732289e-07,0,0,unlabeled
8864,1.5664780050883564e-07,0,0,val
8865,0.08543307334184647,0,0,unlabeled
8866,1.9828506992780603e-05,0,0,unlabeled
8867,1.5528074072790332e-05,0,0,train
8868,0.16322919726371765,0,0,train
8869,3.1765270250616595e-05,0,0,unlabeled
8870,1.8707200069911778e-05,0,0,unlabeled
8871,3.384265801287256e-05,0,0,train
8872,4.9303363169883596e-08,0,0,unlabeled
8873,5.827723015272568e-08,0,0,unlabeled
8874,0.0382474884390831,0,0,unlabeled
8875,1.2233708730491344e-05,0,0,train
8876,1.3091152140987106e-05,0,0,unlabeled
8877,0.04677406698465347,0,0,unlabeled
8878,1.2103851986466907e-05,0,0,unlabeled
8879,7.333987923630048e-06,0,0,unlabeled
8880,2.485320328560192e-05,0,0,train
8881,3.1998279581557654e-08,0,0,unlabeled
8882,2.9784860799964008e-08,0,0,unlabeled
8883,0.02945324033498764,0,0,unlabeled
8884,4.719511252915254e-06,0,0,unlabeled
8885,3.6642020404542563e-06,0,0,unlabeled
8886,0.026411376893520355,0,0,unlabeled
8887,5.321478511177702e-06,0,0,val
8888,3.8018513350834837e-06,0,0,unlabeled
8889,9.079427400138229e-06,0,0,unlabeled
8890,1.5398752495343615e-08,0,0,unlabeled
8891,1.2690730244457882e-08,0,0,unlabeled
8892,0.004863372538238764,0,0,unlabeled
8893,2.902273536165012e-06,0,0,unlabeled
8894,2.3529330519522773e-06,0,0,unlabeled
8895,0.010666672140359879,0,0,unlabeled
8896,5.05286561747198e-06,0,0,unlabeled
8897,4.351050392870093e-06,0,0,unlabeled
8898,7.235347766254563e-06,0,0,train
8899,1.903861779339877e-08,0,0,unlabeled
8900,1.6905964628222137e-08,0,0,unlabeled
8901,0.0014472295297309756,0,0,unlabeled
8902,9.786203918338288e-07,0,0,unlabeled
8903,7.185845447565953e-07,0,0,train
8904,0.0033807053696364164,0,0,unlabeled
8905,1.7006111647788202e-06,0,0,unlabeled
8906,1.3163033827368054e-06,0,0,val
8907,2.2429737782658776e-06,0,0,unlabeled
8908,4.9096793297565e-09,0,0,unlabeled
8909,4.791594232500529e-09,0,0,unlabeled
8910,0.2316780537366867,0,0,unlabeled
8911,3.346511221025139e-05,0,0,unlabeled
8912,2.140079959644936e-05,0,0,unlabeled
8913,0.26247185468673706,0,0,unlabeled
8914,3.0346944186021574e-05,0,0,unlabeled
8915,2.2665370124741457e-05,0,0,train
8916,5.0344624469289556e-05,0,0,unlabeled
8917,5.199979824510592e-08,0,0,unlabeled
8918,4.774136641572113e-08,0,0,unlabeled
8919,0.023538364097476006,0,0,train
8920,4.9771429075917695e-06,0,0,unlabeled
8921,3.3153050935652573e-06,0,0,unlabeled
8922,0.030531374737620354,0,0,unlabeled
8923,8.724901817913633e-06,0,0,unlabeled
8924,4.496167548495578e-06,0,0,train
8925,8.10131950856885e-06,0,0,unlabeled
8926,1.1748944928058336e-08,0,0,unlabeled
8927,1.0821033846752925e-08,0,0,unlabeled
8928,0.022005265578627586,0,0,unlabeled
8929,3.6818321405007737e-06,0,0,unlabeled
8930,2.9979096325405408e-06,0,0,train
8931,0.013073337264358997,0,0,unlabeled
8932,3.3172591429320164e-06,0,0,val
8933,2.8564904823724646e-06,0,0,unlabeled
8934,6.0723091337422375e-06,0,0,unlabeled
8935,9.272771883672704e-09,0,0,unlabeled
8936,8.42744629636627e-09,0,0,unlabeled
8937,0.004494693595916033,0,0,unlabeled
8938,1.0977653346344596e-06,0,0,train
8939,8.584358965890715e-07,0,0,unlabeled
8940,0.004057824146002531,0,0,unlabeled
8941,1.173304326584912e-06,0,0,unlabeled
8942,9.667681979408371e-07,0,0,unlabeled
8943,1.8832560044756974e-06,0,0,unlabeled
8944,2.8811366625802748e-09,0,0,unlabeled
8945,3.5986913449193025e-09,0,0,unlabeled
8946,0.0013381451135501266,0,0,unlabeled
8947,9.886397265290725e-07,0,0,unlabeled
8948,7.551477665401762e-07,0,0,unlabeled
8949,0.0023800781928002834,0,0,unlabeled
8950,1.4804380725763622e-06,0,0,unlabeled
8951,1.2374646303214831e-06,0,0,unlabeled
8952,1.964800958376145e-06,0,0,val
8953,4.953503385252134e-09,0,0,unlabeled
8954,5.779181577736381e-09,0,0,train
8955,0.00021322598331607878,0,0,train
8956,2.3483795530410134e-07,0,0,unlabeled
8957,1.6318598738962464e-07,0,0,unlabeled
8958,0.00042017389205284417,0,0,unlabeled
8959,4.038351733015588e-07,0,0,unlabeled
8960,3.6549394621943065e-07,0,0,unlabeled
8961,4.616052251549263e-07,0,0,unlabeled
8962,1.38936551152824e-09,0,0,unlabeled
8963,1.0023154528582268e-09,0,0,unlabeled
8964,0.0300870593637228,0,0,unlabeled
8965,6.6294528551225085e-06,0,0,unlabeled
8966,4.022073426313e-06,0,0,unlabeled
8967,0.028513219207525253,0,0,train
8968,5.644670181936817e-06,0,0,train
8969,4.421179255587049e-06,0,0,train
8970,1.0031413694377989e-05,0,0,train
8971,1.615832800894168e-08,0,0,unlabeled
8972,1.3980001156710387e-08,0,0,unlabeled
8973,0.0012658450286835432,0,0,unlabeled
8974,8.108245879157039e-07,0,0,unlabeled
8975,5.713750965696818e-07,0,0,unlabeled
8976,0.00208133808337152,0,0,unlabeled
8977,1.1361616998328827e-06,0,0,unlabeled
8978,7.723702424300427e-07,0,0,unlabeled
8979,1.3254752957436722e-06,0,0,unlabeled
8980,2.6540145636744228e-09,0,0,unlabeled
8981,2.6616238102405987e-09,0,0,unlabeled
8982,0.0008060901309363544,0,0,unlabeled
8983,5.047386366641149e-07,0,0,train
8984,4.144093566083029e-07,0,0,unlabeled
8985,0.00064322748221457,0,0,unlabeled
8986,4.837806955038104e-07,0,0,unlabeled
8987,3.567471651422238e-07,0,0,train
8988,7.739444640719739e-07,0,0,unlabeled
8989,1.903436075423315e-09,0,0,unlabeled
8990,2.014048483545139e-09,0,0,unlabeled
8991,0.00014911364996805787,0,0,unlabeled
8992,1.3218658523328486e-07,0,0,unlabeled
8993,9.815153845238456e-08,0,0,unlabeled
8994,0.00015382823767140508,0,0,unlabeled
8995,1.5051847412905772e-07,0,0,train
8996,1.2910638247376482e-07,0,0,unlabeled
8997,2.0306481474108296e-07,0,0,unlabeled
8998,5.770257605064444e-10,0,0,unlabeled
8999,7.64885599302545e-10,0,0,unlabeled
9000,9.578265598975122e-05,0,0,train
9001,1.8710846916292212e-07,0,0,unlabeled
9002,1.3509409768630576e-07,0,0,train
9003,0.0001797408622223884,0,0,train
9004,2.5776554934964224e-07,0,0,unlabeled
9005,2.3429346640568838e-07,0,0,train
9006,3.753837347630906e-07,0,0,unlabeled
9007,1.2120826564654408e-09,0,0,unlabeled
9008,1.5600392089254456e-09,0,0,unlabeled
9009,1.3253261386125814e-05,0,0,unlabeled
9010,3.763471667639351e-08,0,0,unlabeled
9011,2.6501515648647e-08,0,0,train
9012,2.5618792278692126e-05,0,0,unlabeled
9013,6.407989161516525e-08,0,0,unlabeled
9014,6.768366489495747e-08,0,0,unlabeled
9015,7.742627872175945e-08,0,0,unlabeled
9016,3.5795899577806267e-10,0,0,train
9017,2.3212248789761247e-10,0,0,unlabeled
9018,0.004910796880722046,0,0,unlabeled
9019,1.6682243995091994e-06,0,0,train
9020,1.4860777355352184e-06,0,0,unlabeled
9021,0.005588856991380453,0,0,unlabeled
9022,1.829920734053303e-06,0,0,unlabeled
9023,1.6147737369465176e-06,0,0,unlabeled
9024,2.8348827072477434e-06,0,0,train
9025,5.53746914988551e-09,0,0,unlabeled
9026,6.08123240652958e-09,0,0,unlabeled
9027,0.00034551910357549787,0,0,train
9028,3.123180931652314e-07,0,0,unlabeled
9029,2.457916252751602e-07,0,0,unlabeled
9030,0.0004386725777294487,0,0,unlabeled
9031,4.04934667130874e-07,0,0,unlabeled
9032,3.398441776880645e-07,0,0,unlabeled
9033,4.5285142391549016e-07,0,0,unlabeled
9034,1.1869872862391162e-09,0,0,val
9035,1.2334948618075714e-09,0,0,unlabeled
9036,0.0001814924762584269,0,0,unlabeled
9037,2.027312149266436e-07,0,0,unlabeled
9038,1.874060018280943e-07,0,0,unlabeled
9039,0.00014537824608851224,0,0,unlabeled
9040,1.894908763233616e-07,0,0,train
9041,1.7792314110920415e-07,0,0,unlabeled
9042,2.9724708383582765e-07,0,0,unlabeled
9043,8.671819928807167e-10,0,0,unlabeled
9044,9.733749362084154e-10,0,0,unlabeled
9045,4.376228025648743e-05,0,0,unlabeled
9046,5.964773919231448e-08,0,0,unlabeled
9047,5.4563958684639147e-08,0,0,unlabeled
9048,4.132538742851466e-05,0,0,unlabeled
9049,7.09988725589028e-08,0,0,unlabeled
9050,6.133667795893416e-08,0,0,val
9051,1.0568978581204647e-07,0,0,val
9052,2.6746554970813463e-10,0,0,unlabeled
9053,4.23680007743954e-10,0,0,train
9054,3.07333939417731e-05,0,0,train
9055,7.746394459218209e-08,0,0,unlabeled
9056,6.981032640851481e-08,0,0,unlabeled
9057,5.232491821516305e-05,0,0,train
9058,1.1890866602470851e-07,0,0,unlabeled
9059,1.0878298439820355e-07,0,0,unlabeled
9060,1.776776201722896e-07,0,0,train
9061,5.569582572917398e-10,0,0,train
9062,7.906451604533515e-10,0,0,unlabeled
9063,5.9934604905720335e-06,0,0,unlabeled
9064,1.85969852850576e-08,0,0,unlabeled
9065,1.4791193159169325e-08,0,0,train
9066,1.2738532859657425e-05,0,0,unlabeled
9067,3.1857119608957873e-08,0,0,unlabeled
9068,3.817163829467063e-08,0,0,unlabeled
9069,4.0680649959767834e-08,0,0,val
9070,1.8129445167325287e-10,0,0,train
9071,1.2474654642602445e-10,0,0,unlabeled
9072,0.21867012977600098,0,0,unlabeled
9073,2.7711874281521887e-05,0,0,train
9074,2.4048058548942208e-05,0,0,unlabeled
9075,0.15133342146873474,0,0,unlabeled
9076,1.839754986576736e-05,0,0,val
9077,1.824575156206265e-05,0,0,val
9078,4.2066865717060864e-05,0,0,train
9079,5.0025072084736166e-08,0,0,unlabeled
9080,5.578241513148896e-08,0,0,unlabeled
9081,0.039933741092681885,0,0,unlabeled
9082,5.454426172946114e-06,0,0,unlabeled
9083,5.285326096782228e-06,0,0,train
9084,0.03380909562110901,0,0,unlabeled
9085,5.993917511659674e-06,0,0,unlabeled
9086,5.443731879495317e-06,0,0,unlabeled
9087,1.0539427421463188e-05,0,0,train
9088,1.4127158998178402e-08,0,0,val
9089,2.0158095637157203e-08,0,0,train
9090,0.010090500116348267,0,0,train
9091,2.3817699457140407e-06,0,0,unlabeled
9092,2.322964974155184e-06,0,0,unlabeled
9093,0.0042196414433419704,0,0,unlabeled
9094,1.5274233646778157e-06,0,0,unlabeled
9095,1.4920934745532577e-06,0,0,train
9096,3.539858653311967e-06,0,0,unlabeled
9097,7.447855665532188e-09,0,0,unlabeled
9098,7.438444082907836e-09,0,0,unlabeled
9099,0.004263840615749359,0,0,unlabeled
9100,1.034722913573205e-06,0,0,unlabeled
9101,9.366673339172849e-07,0,0,unlabeled
9102,0.002714901464059949,0,0,unlabeled
9103,9.504111062597076e-07,0,0,train
9104,8.614341027168848e-07,0,0,unlabeled
9105,1.82687460892339e-06,0,0,unlabeled
9106,3.915114454855484e-09,0,0,unlabeled
9107,3.217433652835666e-09,0,0,unlabeled
9108,0.001266671810299158,0,0,unlabeled
9109,9.770928954822011e-07,0,0,unlabeled
9110,9.144077921519056e-07,0,0,unlabeled
9111,0.0017763932701200247,0,0,unlabeled
9112,1.2838507927881437e-06,0,0,unlabeled
9113,1.3828090459355735e-06,0,0,unlabeled
9114,1.852540549407422e-06,0,0,train
9115,4.866076430687372e-09,0,0,unlabeled
9116,5.208185438476676e-09,0,0,unlabeled
9117,0.0003873721871059388,0,0,unlabeled
9118,3.141567503917031e-07,0,0,unlabeled
9119,2.6653341933524644e-07,0,0,unlabeled
9120,0.0005903983255848289,0,0,unlabeled
9121,4.48149990006641e-07,0,0,train
9122,4.909621225124283e-07,0,0,unlabeled
9123,6.542973665091267e-07,0,0,unlabeled
9124,1.4235183032340615e-09,0,0,unlabeled
9125,1.382924996740087e-09,0,0,unlabeled
9126,0.07326193153858185,0,0,unlabeled
9127,7.721494512225036e-06,0,0,unlabeled
9128,6.907641363795847e-06,0,0,val
9129,0.03897961601614952,0,0,unlabeled
9130,5.6839307944756e-06,0,0,unlabeled
9131,5.238312951405533e-06,0,0,unlabeled
9132,1.221171442011837e-05,0,0,train
9133,1.4291532401955465e-08,0,0,unlabeled
9134,1.4381633661741944e-08,0,0,unlabeled
9135,0.004701660014688969,0,0,unlabeled
9136,1.3669323379872367e-06,0,0,train
9137,1.0791713975777384e-06,0,0,unlabeled
9138,0.004022843204438686,0,0,unlabeled
9139,1.9247286218160298e-06,0,0,unlabeled
9140,1.0423003686810262e-06,0,0,train
9141,2.0619488623196958e-06,0,0,unlabeled
9142,3.0623594771128637e-09,0,0,unlabeled
9143,2.923282949041095e-09,0,0,unlabeled
9144,0.0022009778767824173,0,0,unlabeled
9145,6.352805712595e-07,0,0,unlabeled
9146,6.342647793644574e-07,0,0,train
9147,0.0009519137092866004,0,0,unlabeled
9148,4.930242880618607e-07,0,0,unlabeled
9149,5.760772410212667e-07,0,0,unlabeled
9150,1.0364155969000421e-06,0,0,unlabeled
9151,1.9556156694022775e-09,0,0,train
9152,2.612130289847414e-09,0,0,unlabeled
9153,0.00048077289829961956,0,0,train
9154,2.104624030607738e-07,0,0,unlabeled
9155,1.926065777979602e-07,0,0,unlabeled
9156,0.00031716813100501895,0,0,unlabeled
9157,1.9763194814004237e-07,0,0,unlabeled
9158,1.731434622342931e-07,0,0,unlabeled
9159,3.627461637734086e-07,0,0,val
9160,6.295798882227643e-10,0,0,unlabeled
9161,6.006610764330844e-10,0,0,unlabeled
9162,0.0002431537868687883,0,0,unlabeled
9163,2.5020906946338073e-07,0,0,unlabeled
9164,2.2910386121566262e-07,0,0,unlabeled
9165,0.0002722041681408882,0,0,unlabeled
9166,2.9977019266880234e-07,0,0,unlabeled
9167,2.7261037871539884e-07,0,0,unlabeled
9168,4.553032795229228e-07,0,0,unlabeled
9169,1.110550318372816e-09,0,0,train
9170,1.131929217024208e-09,0,0,unlabeled
9171,4.151831308263354e-05,0,0,unlabeled
9172,5.9080576875203406e-08,0,0,train
9173,6.28036929128939e-08,0,0,unlabeled
9174,5.834220792166889e-05,0,0,unlabeled
9175,8.266765405551268e-08,0,0,unlabeled
9176,7.304571170152485e-08,0,0,train
9177,1.1887953377254235e-07,0,0,unlabeled
9178,2.6502142147499796e-10,0,0,unlabeled
9179,2.53338072742082e-10,0,0,unlabeled
9180,0.008303330279886723,0,0,unlabeled
9181,2.2392293885786785e-06,0,0,unlabeled
9182,1.6981559838313842e-06,0,0,unlabeled
9183,0.0048785279504954815,0,0,unlabeled
9184,1.2925611372338608e-06,0,0,unlabeled
9185,1.3080955341138178e-06,0,0,unlabeled
9186,2.876838379961555e-06,0,0,train
9187,4.606133252593736e-09,0,0,train
9188,6.0276508229151204e-09,0,0,unlabeled
9189,0.0003913284162990749,0,0,unlabeled
9190,2.646234804615233e-07,0,0,train
9191,2.2861908632876293e-07,0,0,train
9192,0.00037074106512591243,0,0,unlabeled
9193,2.716288918236387e-07,0,0,unlabeled
9194,3.0292133601506066e-07,0,0,train
9195,4.100444925825286e-07,0,0,unlabeled
9196,1.0445856402085951e-09,0,0,train
9197,8.551261365674634e-10,0,0,unlabeled
9198,0.00013573003525380045,0,0,unlabeled
9199,1.2131199866871611e-07,0,0,unlabeled
9200,1.1964668544806045e-07,0,0,unlabeled
9201,7.514659955631942e-05,0,0,unlabeled
9202,9.950552026793957e-08,0,0,unlabeled
9203,1.1090908458299964e-07,0,0,unlabeled
9204,1.905042950056668e-07,0,0,val
9205,6.011883213474789e-10,0,0,unlabeled
9206,5.049475282348226e-10,0,0,unlabeled
9207,2.666196996869985e-05,0,0,train
9208,3.216950617002112e-08,0,0,unlabeled
9209,3.5538910481136554e-08,0,0,unlabeled
9210,2.3132461137720384e-05,0,0,val
9211,4.186956559237842e-08,0,0,unlabeled
9212,2.8857083833599972e-08,0,0,unlabeled
9213,6.876762626006894e-08,0,0,train
9214,1.315507008881056e-10,0,0,unlabeled
9215,1.2770091928349103e-10,0,0,train
9216,2.6730862373369746e-05,0,0,unlabeled
9217,5.66164608528652e-08,0,0,unlabeled
9218,5.942460035157637e-08,0,0,unlabeled
9219,3.573822323232889e-05,0,0,unlabeled
9220,8.182306743265144e-08,0,0,unlabeled
9221,6.223299209295874e-08,0,0,train
9222,1.1178534720102107e-07,0,0,train
9223,3.0136210193987267e-10,0,0,unlabeled
9224,3.237098644692793e-10,0,0,unlabeled
9225,3.887806087732315e-06,0,0,unlabeled
9226,1.0370424519123844e-08,0,0,unlabeled
9227,8.796196659943689e-09,0,0,unlabeled
9228,7.780608029861469e-06,0,0,unlabeled
9229,1.5536468112031798e-08,0,0,unlabeled
9230,1.4177529372716435e-08,0,0,unlabeled
9231,2.233857365752101e-08,0,0,unlabeled
9232,6.499623061984039e-11,0,0,unlabeled
9233,6.078153258481933e-11,0,0,unlabeled
9234,0.001640194677747786,0,0,train
9235,6.623668014071882e-07,0,0,unlabeled
9236,6.853408649476478e-07,0,0,unlabeled
9237,0.0010835195425897837,0,0,unlabeled
9238,5.352911216505163e-07,0,0,unlabeled
9239,6.967816261749249e-07,0,0,val
9240,1.048578496920527e-06,0,0,unlabeled
9241,2.2504662577915724e-09,0,0,unlabeled
9242,2.028579304536038e-09,0,0,val
9243,0.00011498676030896604,0,0,unlabeled
9244,1.1111107056649416e-07,0,0,unlabeled
9245,1.3427205658445018e-07,0,0,unlabeled
9246,0.00010097777703776956,0,0,train
9247,1.484809644125562e-07,0,0,unlabeled
9248,1.0975585951200628e-07,0,0,unlabeled
9249,2.135436147909786e-07,0,0,train
9250,3.600192644004352e-10,0,0,unlabeled
9251,4.029772071589832e-10,0,0,unlabeled
9252,4.1234252421418205e-05,0,0,unlabeled
9253,5.779349976364756e-08,0,0,unlabeled
9254,7.605467544635758e-08,0,0,unlabeled
9255,2.527288052078802e-05,0,0,unlabeled
9256,5.669848235356767e-08,0,0,unlabeled
9257,4.760260807756822e-08,0,0,unlabeled
9258,1.0529078764420774e-07,0,0,unlabeled
9259,2.267596388438875e-10,0,0,unlabeled
9260,2.63676719347572e-10,0,0,unlabeled
9261,1.0466039384482428e-05,0,0,unlabeled
9262,2.1203696576321818e-08,0,0,unlabeled
9263,1.65128586360197e-08,0,0,val
9264,1.0800808013300411e-05,0,0,unlabeled
9265,1.7153926279434017e-08,0,0,train
9266,1.6017240866972315e-08,0,0,train
9267,2.8700366527800725e-08,0,0,unlabeled
9268,6.571800048593701e-11,0,0,unlabeled
9269,7.038272048509597e-11,0,0,unlabeled
9270,1.1048644410038833e-05,0,0,unlabeled
9271,3.343963683732909e-08,0,0,unlabeled
9272,2.6014816967290244e-08,0,0,unlabeled
9273,1.705542854324449e-05,0,0,unlabeled
9274,3.443531326752236e-08,0,0,unlabeled
9275,3.328710107552979e-08,0,0,unlabeled
9276,5.3709005243263164e-08,0,0,unlabeled
9277,1.479425332240325e-10,0,0,unlabeled
9278,1.596841686657413e-10,0,0,train
9279,2.180771843995899e-06,0,0,train
9280,5.7888680515816304e-09,0,0,unlabeled
9281,5.284505277813878e-09,0,0,unlabeled
9282,3.214067419321509e-06,0,0,unlabeled
9283,7.975704541252071e-09,0,0,unlabeled
9284,7.777317456714172e-09,0,0,unlabeled
9285,1.1877351546729642e-08,0,0,unlabeled
9286,3.3225585477358877e-11,0,0,unlabeled
9287,3.351346283819723e-11,0,0,train
9288,0.07367975264787674,0,0,unlabeled
9289,1.1294860996713396e-05,0,0,unlabeled
9290,1.0845386896107811e-05,0,0,unlabeled
9291,0.044181838631629944,0,0,unlabeled
9292,8.659399099997245e-06,0,0,unlabeled
9293,8.326260285684839e-06,0,0,unlabeled
9294,1.6596330169704743e-05,0,0,unlabeled
9295,2.99332754138959e-08,0,0,unlabeled
9296,3.057190056665604e-08,0,0,unlabeled
9297,0.006558104883879423,0,0,unlabeled
9298,2.028326662184554e-06,0,0,train
9299,2.115374400091241e-06,0,0,train
9300,0.006763043347746134,0,0,unlabeled
9301,2.3118000171962194e-06,0,0,train
9302,2.2146575702208793e-06,0,0,unlabeled
9303,3.575203663785942e-06,0,0,val
9304,7.148175384941169e-09,0,0,train
9305,1.0887344359389317e-08,0,0,train
9306,0.0018374273786321282,0,0,unlabeled
9307,1.17066781513131e-06,0,0,unlabeled
9308,1.0580409934846102e-06,0,0,train
9309,0.0010598469525575638,0,0,train
9310,8.201563446164073e-07,0,0,unlabeled
9311,7.652247404621448e-07,0,0,unlabeled
9312,1.3462830565913464e-06,0,0,unlabeled
9313,3.986474261807871e-09,0,0,unlabeled
9314,3.8034486671278955e-09,0,0,unlabeled
9315,0.0006312972982414067,0,0,unlabeled
9316,4.051857729336916e-07,0,0,unlabeled
9317,3.319492236641963e-07,0,0,unlabeled
9318,0.00048552430234849453,0,0,unlabeled
9319,3.800440993018128e-07,0,0,unlabeled
9320,3.2228930990640947e-07,0,0,train
9321,5.677055128217035e-07,0,0,val
9322,1.9218149294175646e-09,0,0,val
9323,1.393707593777549e-09,0,0,unlabeled
9324,0.00034800986759364605,0,0,val
9325,5.789212877971295e-07,0,0,unlabeled
9326,4.84111637888418e-07,0,0,unlabeled
9327,0.0004902672371827066,0,0,unlabeled
9328,7.474027938769723e-07,0,0,train
9329,7.805109021319367e-07,0,0,unlabeled
9330,8.830053275232785e-07,0,0,val
9331,3.0095499425897287e-09,0,0,val
9332,2.9835165449298984e-09,0,0,train
9333,9.872703230939806e-05,0,0,train
9334,1.416076429450186e-07,0,0,unlabeled
9335,1.181525419724494e-07,0,0,unlabeled
9336,0.0001443892251700163,0,0,unlabeled
9337,2.1361734070524108e-07,0,0,unlabeled
9338,2.3102563773136353e-07,0,0,train
9339,2.6341089665038453e-07,0,0,unlabeled
9340,7.738059082385007e-10,0,0,unlabeled
9341,7.258247336494605e-10,0,0,unlabeled
9342,0.02248353138566017,0,0,unlabeled
9343,3.942846888094209e-06,0,0,unlabeled
9344,3.3980993521254277e-06,0,0,unlabeled
9345,0.01304547768086195,0,0,unlabeled
9346,3.1066633709997404e-06,0,0,unlabeled
9347,2.6972152227244806e-06,0,0,unlabeled
9348,5.493730441230582e-06,0,0,unlabeled
9349,8.53946424683727e-09,0,0,val
9350,8.232302839417116e-09,0,0,unlabeled
9351,0.0011722617782652378,0,0,unlabeled
9352,5.81145513933734e-07,0,0,unlabeled
9353,4.934932462674624e-07,0,0,unlabeled
9354,0.0011171272490173578,0,0,val
9355,9.549511332807015e-07,0,0,train
9356,5.061373826720228e-07,0,0,unlabeled
9357,8.399949251725047e-07,0,0,unlabeled
9358,1.671712435147299e-09,0,0,unlabeled
9359,1.5742701586773933e-09,0,0,unlabeled
9360,0.0005316021852195263,0,0,unlabeled
9361,3.5648835705615056e-07,0,0,unlabeled
9362,3.230219647321064e-07,0,0,unlabeled
9363,0.00029426865512505174,0,0,unlabeled
9364,2.818079281041719e-07,0,0,unlabeled
9365,3.3220922546206566e-07,0,0,unlabeled
9366,4.612043937868293e-07,0,0,unlabeled
9367,1.1500264074371103e-09,0,0,unlabeled
9368,1.5099321792888531e-09,0,0,train
9369,0.00010228589962935075,0,0,unlabeled
9370,9.093147923522338e-08,0,0,train
9371,7.796004553028979e-08,0,0,unlabeled
9372,7.714190724072978e-05,0,0,unlabeled
9373,8.959294461874379e-08,0,0,train
9374,7.410846336597388e-08,0,0,unlabeled
9375,1.298519549663979e-07,0,0,unlabeled
9376,3.0837279951789753e-10,0,0,unlabeled
9377,2.818395516968053e-10,0,0,unlabeled
9378,9.131609840551391e-05,0,0,unlabeled
9379,1.5639879791251587e-07,0,0,unlabeled
9380,1.3261727360713849e-07,0,0,val
9381,0.00010549463331699371,0,0,unlabeled
9382,1.9098781933735154e-07,0,0,unlabeled
9383,1.5956290155827446e-07,0,0,unlabeled
9384,2.3743575638945913e-07,0,0,train
9385,7.363455400977159e-10,0,0,unlabeled
9386,6.921773154644484e-10,0,0,unlabeled
9387,1.3807831237500068e-05,0,0,unlabeled
9388,2.9544789725832743e-08,0,0,train
9389,3.357480693466641e-08,0,0,val
9390,2.1383621060522273e-05,0,0,unlabeled
9391,4.410161125179002e-08,0,0,unlabeled
9392,3.593569175563971e-08,0,0,unlabeled
9393,5.575635242394128e-08,0,0,unlabeled
9394,1.5419134025140835e-10,0,0,unlabeled
9395,1.4460146968708898e-10,0,0,unlabeled
9396,0.0027243115473538637,0,0,unlabeled
9397,1.4480564232144388e-06,0,0,unlabeled
9398,9.746593150339322e-07,0,0,val
9399,0.0018739571096375585,0,0,unlabeled
9400,8.358205150216236e-07,0,0,unlabeled
9401,7.885237209848128e-07,0,0,unlabeled
9402,1.5190356634775526e-06,0,0,unlabeled
9403,2.971981105659438e-09,0,0,unlabeled
9404,3.973091189379829e-09,0,0,unlabeled
9405,0.0001205391381517984,0,0,unlabeled
9406,1.371499536162446e-07,0,0,unlabeled
9407,1.1974006497439404e-07,0,0,unlabeled
9408,0.00013596021744888276,0,0,unlabeled
9409,1.6159597748810484e-07,0,0,unlabeled
9410,1.8074139518375887e-07,0,0,unlabeled
9411,2.0574887571456202e-07,0,0,unlabeled
9412,6.740827895868051e-10,0,0,unlabeled
9413,5.120596169305713e-10,0,0,unlabeled
9414,4.960906517226249e-05,0,0,val
9415,7.659958356498464e-08,0,0,unlabeled
9416,6.951137976329846e-08,0,0,unlabeled
9417,3.154544174321927e-05,0,0,unlabeled
9418,6.665936780336779e-08,0,0,unlabeled
9419,7.319828654317462e-08,0,0,unlabeled
9420,1.0156258412052921e-07,0,0,unlabeled
9421,4.2352565898795547e-10,0,0,unlabeled
9422,3.1406832690095143e-10,0,0,unlabeled
9423,8.370262548851315e-06,0,0,unlabeled
9424,1.6704797545230576e-08,0,0,unlabeled
9425,1.923700843065035e-08,0,0,unlabeled
9426,8.75225305208005e-06,0,0,train
9427,2.4348302929411147e-08,0,0,unlabeled
9428,1.483190104067944e-08,0,0,unlabeled
9429,3.31992850988172e-08,0,0,unlabeled
9430,7.928917938881952e-11,0,0,val
9431,7.251158007370861e-11,0,0,unlabeled
9432,1.2590533515322022e-05,0,0,unlabeled
9433,3.826348660140866e-08,0,0,unlabeled
9434,3.910429313691566e-08,0,0,unlabeled
9435,1.776079079718329e-05,0,0,unlabeled
9436,6.070330726970496e-08,0,0,unlabeled
9437,4.0353985042429485e-08,0,0,train
9438,6.427991650070908e-08,0,0,unlabeled
9439,2.205897409179869e-10,0,0,unlabeled
9440,2.128268811185663e-10,0,0,unlabeled
9441,1.78866321220994e-06,0,0,unlabeled
9442,6.096190663384959e-09,0,0,unlabeled
9443,4.879301851445916e-09,0,0,train
9444,3.850689154205611e-06,0,0,unlabeled
9445,9.895905428436436e-09,0,0,train
9446,8.274664509144714e-09,0,0,train
9447,1.1987255632561755e-08,0,0,unlabeled
9448,4.478638987448491e-11,0,0,unlabeled
9449,4.0736570366961544e-11,0,0,unlabeled
9450,0.0005619279108941555,0,0,unlabeled
9451,4.033898335364938e-07,0,0,unlabeled
9452,3.980690337357373e-07,0,0,unlabeled
9453,0.00039738850318826735,0,0,unlabeled
9454,3.4374363622191595e-07,0,0,train
9455,4.549378331830667e-07,0,0,unlabeled
9456,5.971342034172267e-07,0,0,unlabeled
9457,1.6381126455300432e-09,0,0,unlabeled
9458,1.281567851840748e-09,0,0,train
9459,3.830034620477818e-05,0,0,val
9460,5.773730649138997e-08,0,0,unlabeled
9461,7.66402123986154e-08,0,0,unlabeled
9462,3.8408717955462635e-05,0,0,train
9463,9.202826589671531e-08,0,0,unlabeled
9464,6.046906975143429e-08,0,0,unlabeled
9465,1.1944261757435015e-07,0,0,unlabeled
9466,2.2668356081112506e-10,0,0,unlabeled
9467,2.521887143558388e-10,0,0,unlabeled
9468,1.5669855201849714e-05,0,0,unlabeled
9469,3.487254218725866e-08,0,0,unlabeled
9470,4.571903389205545e-08,0,0,train
9471,1.1640321645245422e-05,0,0,unlabeled
9472,3.895406663900758e-08,0,0,val
9473,2.8798083917536133e-08,0,0,unlabeled
9474,6.047714151691252e-08,0,0,unlabeled
9475,1.5330514635536474e-10,0,0,unlabeled
9476,1.6386868251228037e-10,0,0,unlabeled
9477,3.67574875781429e-06,0,0,unlabeled
9478,1.1264871702110213e-08,0,0,unlabeled
9479,7.758738540530885e-09,0,0,unlabeled
9480,4.443968464329373e-06,0,0,unlabeled
9481,8.546209961934892e-09,0,0,unlabeled
9482,7.633847332044752e-09,0,0,val
9483,1.2421459416600555e-08,0,0,unlabeled
9484,3.89795799804471e-11,0,0,unlabeled
9485,3.9662804290907516e-11,0,0,unlabeled
9486,5.622589014819823e-06,0,0,unlabeled
9487,2.3874539678558904e-08,0,0,unlabeled
9488,1.570563945563208e-08,0,0,val
9489,9.650708307162859e-06,0,0,unlabeled
9490,2.3215459776793068e-08,0,0,unlabeled
9491,2.035494617302902e-08,0,0,unlabeled
9492,3.137363080440991e-08,0,0,unlabeled
9493,1.1021911161535058e-10,0,0,unlabeled
9494,1.0982837556072766e-10,0,0,unlabeled
9495,9.905612614602433e-07,0,0,unlabeled
9496,3.208651788710881e-09,0,0,unlabeled
9497,2.8744615576670185e-09,0,0,unlabeled
9498,1.4950231843613437e-06,0,0,unlabeled
9499,4.679491016901238e-09,0,0,unlabeled
9500,4.175207735102049e-09,0,0,train
9501,6.267131702486495e-09,0,0,unlabeled
9502,2.2724185380629258e-11,0,0,unlabeled
9503,2.2199136626155358e-11,0,0,val
9504,0.7806421518325806,0,0,unlabeled
9505,0.0005160073633305728,0,0,unlabeled
9506,0.00026313442504033446,0,0,unlabeled
9507,0.7793273329734802,0,0,unlabeled
9508,0.000920252176001668,0,0,unlabeled
9509,0.0008621521410532296,0,0,unlabeled
9510,0.00168983347248286,0,0,unlabeled
9511,6.555809477504226e-07,0,0,unlabeled
9512,5.531749707188283e-07,0,0,unlabeled
9513,0.20949171483516693,0,0,unlabeled
9514,4.790013190358877e-05,0,0,unlabeled
9515,3.796585588133894e-05,0,0,unlabeled
9516,0.3465798497200012,0,0,unlabeled
9517,0.00011187027848791331,0,0,unlabeled
9518,6.449021748267114e-05,0,0,train
9519,0.00013199452951084822,0,0,train
9520,1.3644442731219897e-07,0,0,unlabeled
9521,1.6801256208509585e-07,0,0,val
9522,0.21309328079223633,0,0,unlabeled
9523,4.510227881837636e-05,0,0,unlabeled
9524,3.678918074001558e-05,0,0,unlabeled
9525,0.21130096912384033,0,0,val
9526,5.670320024364628e-05,0,0,unlabeled
9527,3.54241237801034e-05,0,0,train
9528,9.085713827516884e-05,0,0,unlabeled
9529,1.6828371940391662e-07,0,0,train
9530,1.037495849232073e-07,0,0,unlabeled
9531,0.08385507017374039,0,0,unlabeled
9532,1.789479938452132e-05,0,0,train
9533,1.578322371642571e-05,0,0,unlabeled
9534,0.10778551548719406,0,0,unlabeled
9535,2.992457666550763e-05,0,0,unlabeled
9536,1.4569021914212499e-05,0,0,unlabeled
9537,4.612048724084161e-05,0,0,unlabeled
9538,5.2148681817243414e-08,0,0,unlabeled
9539,4.169185530145114e-08,0,0,unlabeled
9540,0.03421015292406082,0,0,val
9541,1.794760646589566e-05,0,0,unlabeled
9542,1.0568636753305327e-05,0,0,unlabeled
9543,0.11764700710773468,0,0,unlabeled
9544,3.0267288821050897e-05,0,0,unlabeled
9545,2.3552505808766e-05,0,0,train
9546,4.485491808736697e-05,0,0,unlabeled
9547,1.1741041561208476e-07,0,0,train
9548,7.080048192165123e-08,0,0,unlabeled
9549,0.006530581507831812,0,0,unlabeled
9550,3.576438075469923e-06,0,0,train
9551,2.4620080694148783e-06,0,0,train
9552,0.024036545306444168,0,0,unlabeled
9553,1.3087284060020465e-05,0,0,unlabeled
9554,6.2241988416644745e-06,0,0,unlabeled
9555,1.6036494344007224e-05,0,0,unlabeled
9556,2.06603143482198e-08,0,0,val
9557,1.720776765523624e-08,0,0,unlabeled
9558,0.4314884841442108,0,0,unlabeled
9559,9.305351704824716e-05,0,0,unlabeled
9560,7.04010744811967e-05,0,0,unlabeled
9561,0.4808189570903778,0,0,train
9562,0.00014129435294307768,0,0,val
9563,0.0001408492389600724,0,0,train
9564,0.00019811467791441828,0,0,unlabeled
9565,2.4853812874425785e-07,0,0,unlabeled
9566,1.4390802505204192e-07,0,0,unlabeled
9567,0.03690163418650627,0,0,unlabeled
9568,1.1508044735819567e-05,0,0,unlabeled
9569,1.0947890586976428e-05,0,0,unlabeled
9570,0.06886444985866547,0,0,unlabeled
9571,2.3923075787024572e-05,0,0,unlabeled
9572,1.8199178157374263e-05,0,0,unlabeled
9573,3.1556606700178236e-05,0,0,unlabeled
9574,3.3939166144136834e-08,0,0,unlabeled
9575,2.7274838387825184e-08,0,0,unlabeled
9576,0.06256002932786942,0,0,unlabeled
9577,1.3340530131245032e-05,0,0,train
9578,1.2647119547182228e-05,0,0,unlabeled
9579,0.0641990527510643,0,0,unlabeled
9580,1.1560524399101269e-05,0,0,unlabeled
9581,1.0560868759057485e-05,0,0,unlabeled
9582,2.2511605493491516e-05,0,0,unlabeled
9583,3.23117390621519e-08,0,0,unlabeled
9584,2.7556003701079135e-08,0,0,unlabeled
9585,0.010593269020318985,0,0,unlabeled
9586,4.3462810026539955e-06,0,0,unlabeled
9587,2.072057441182551e-06,0,0,train
9588,0.017966032028198242,0,0,unlabeled
9589,4.0985123632708564e-06,0,0,unlabeled
9590,2.8329641281743534e-06,0,0,unlabeled
9591,6.256006599869579e-06,0,0,unlabeled
9592,8.54076809275739e-09,0,0,unlabeled
9593,7.259427725614387e-09,0,0,train
9594,0.0075513641349971294,0,0,unlabeled
9595,5.930819497734774e-06,0,0,unlabeled
9596,2.5311142053396907e-06,0,0,unlabeled
9597,0.02409968711435795,0,0,train
9598,7.518210622947663e-06,0,0,unlabeled
9599,4.977034222974908e-06,0,0,unlabeled
9600,9.798150131246075e-06,0,0,unlabeled
9601,1.8618848685036937e-08,0,0,unlabeled
9602,1.491735446279563e-08,0,0,unlabeled
9603,0.0006578085012733936,0,0,unlabeled
9604,7.531900223511911e-07,0,0,unlabeled
9605,5.099028044242004e-07,0,0,train
9606,0.0019412098918110132,0,0,unlabeled
9607,1.4704212389915483e-06,0,0,unlabeled
9608,9.716458180264453e-07,0,0,train
9609,1.8522562186262803e-06,0,0,train
9610,3.675910464906451e-09,0,0,unlabeled
9611,3.039878571087229e-09,0,0,unlabeled
9612,0.09131179749965668,0,0,unlabeled
9613,2.5280858608311974e-05,0,0,unlabeled
9614,1.2846572644775733e-05,0,0,train
9615,0.1250346451997757,0,0,train
9616,2.4022159777814522e-05,0,0,unlabeled
9617,2.6297509975847788e-05,0,0,unlabeled
9618,4.1250303183915094e-05,0,0,unlabeled
9619,5.394030822003515e-08,0,0,unlabeled
9620,4.411448273344831e-08,0,0,train
9621,0.0030882616993039846,0,0,unlabeled
9622,1.9076915123150684e-06,0,0,unlabeled
9623,2.1692553673346993e-06,0,0,unlabeled
9624,0.006865988951176405,0,0,unlabeled
9625,5.759828582085902e-06,0,0,unlabeled
9626,2.444435949655599e-06,0,0,unlabeled
9627,6.304585895122727e-06,0,0,train
9628,8.696503961402868e-09,0,0,train
9629,7.346919517203787e-09,0,0,unlabeled
9630,0.003661008086055517,0,0,train
9631,1.6377704241676838e-06,0,0,train
9632,1.8411221844871761e-06,0,0,unlabeled
9633,0.004216550849378109,0,0,unlabeled
9634,2.0131833480263595e-06,0,0,unlabeled
9635,1.557733298795938e-06,0,0,unlabeled
9636,4.3756008381024e-06,0,0,unlabeled
9637,7.3098775921209835e-09,0,0,train
9638,6.289416543125981e-09,0,0,unlabeled
9639,0.00043485863716341555,0,0,train
9640,6.41516123778274e-07,0,0,unlabeled
9641,2.7803511670754233e-07,0,0,unlabeled
9642,0.001077153137885034,0,0,unlabeled
9643,5.712426514037361e-07,0,0,unlabeled
9644,4.029400031413388e-07,0,0,unlabeled
9645,7.993074859768967e-07,0,0,unlabeled
9646,1.6513856948563443e-09,0,0,unlabeled
9647,1.3953300737057361e-09,0,0,unlabeled
9648,0.0005733621655963361,0,0,train
9649,8.116694516502321e-07,0,0,unlabeled
9650,5.488104761752766e-07,0,0,unlabeled
9651,0.0016059490153566003,0,0,unlabeled
9652,1.4121914091447252e-06,0,0,unlabeled
9653,1.0607840295051574e-06,0,0,unlabeled
9654,1.9742053609661525e-06,0,0,unlabeled
9655,4.92353979808513e-09,0,0,unlabeled
9656,4.083953619726799e-09,0,0,unlabeled
9657,4.645507942768745e-05,0,0,val
9658,1.2277277505745587e-07,0,0,unlabeled
9659,8.445181975957894e-08,0,0,unlabeled
9660,0.0001445710804546252,0,0,train
9661,2.5990991048274736e-07,0,0,unlabeled
9662,1.7308748567756993e-07,0,0,unlabeled
9663,3.086356059611717e-07,0,0,unlabeled
9664,8.387175953750159e-10,0,0,unlabeled
9665,7.210421704151315e-10,0,0,unlabeled
9666,0.018042607232928276,0,0,unlabeled
9667,4.605771664500935e-06,0,0,unlabeled
9668,3.9307055885728914e-06,0,0,unlabeled
9669,0.02493804320693016,0,0,unlabeled
9670,6.854526418464957e-06,0,0,val
9671,9.2309501269483e-06,0,0,train
9672,1.0572890460025519e-05,0,0,unlabeled
9673,2.9081524743901355e-08,0,0,unlabeled
9674,1.796338366943928e-08,0,0,train
9675,0.0008350528660230339,0,0,unlabeled
9676,7.782661555211234e-07,0,0,unlabeled
9677,1.0402269481346593e-06,0,0,unlabeled
9678,0.0015387425664812326,0,0,unlabeled
9679,2.014414349105209e-06,0,0,unlabeled
9680,9.772298881216557e-07,0,0,unlabeled
9681,2.23954566536122e-06,0,0,unlabeled
9682,3.6571963235587646e-09,0,0,unlabeled
9683,3.2921001480445966e-09,0,0,unlabeled
9684,0.0008798862108960748,0,0,unlabeled
9685,7.224496698654548e-07,0,0,unlabeled
9686,9.884719247565954e-07,0,0,unlabeled
9687,0.0011137892724946141,0,0,unlabeled
9688,1.335918113909429e-06,0,0,unlabeled
9689,7.662288226129021e-07,0,0,train
9690,1.8347542436458752e-06,0,0,unlabeled
9691,3.441336993148525e-09,0,0,unlabeled
9692,3.2414624318022334e-09,0,0,unlabeled
9693,0.00014373096928466111,0,0,unlabeled
9694,3.2622210710542277e-07,0,0,train
9695,1.6660652590871905e-07,0,0,train
9696,0.00033888814505189657,0,0,unlabeled
9697,2.709264776967757e-07,0,0,unlabeled
9698,2.1697201191273052e-07,0,0,unlabeled
9699,3.894575399954192e-07,0,0,unlabeled
9700,8.535828710520832e-10,0,0,unlabeled
9701,8.009941043773949e-10,0,0,unlabeled
9702,0.00018867994367610663,0,0,train
9703,5.964996034890646e-07,0,0,unlabeled
9704,2.8912401717207104e-07,0,0,unlabeled
9705,0.0008126306347548962,0,0,val
9706,6.953007414267631e-07,0,0,unlabeled
9707,5.309482276061317e-07,0,0,unlabeled
9708,9.07155992990738e-07,0,0,train
9709,2.4104911400257834e-09,0,0,unlabeled
9710,1.979264308005213e-09,0,0,unlabeled
9711,2.399584809609223e-05,0,0,unlabeled
9712,7.282049097057097e-08,0,0,unlabeled
9713,5.456999829789311e-08,0,0,unlabeled
9714,6.349723844323307e-05,0,0,unlabeled
9715,1.3409980681444722e-07,0,0,unlabeled
9716,9.835637371224948e-08,0,0,unlabeled
9717,1.7326321710697812e-07,0,0,unlabeled
9718,4.4380707442392975e-10,0,0,unlabeled
9719,4.022223665245406e-10,0,0,unlabeled
9720,0.7686928510665894,0,0,unlabeled
9721,0.0004590220341924578,0,0,val
9722,0.00030290670110844076,0,0,unlabeled
9723,0.8174659013748169,0,0,unlabeled
9724,0.0005133048398420215,0,0,train
9725,0.000543209898751229,0,0,unlabeled
9726,0.0014123725704848766,0,0,train
9727,6.199236963766452e-07,0,0,unlabeled
9728,5.293001095196814e-07,0,0,unlabeled
9729,0.2782860994338989,0,0,unlabeled
9730,0.0001132995166699402,0,0,unlabeled
9731,5.9290756325935945e-05,0,0,val
9732,0.41180023550987244,0,0,unlabeled
9733,0.00011097831156803295,0,0,unlabeled
9734,7.128068682504818e-05,0,0,val
9735,0.00020643742755055428,0,0,unlabeled
9736,1.5374237705145788e-07,0,0,unlabeled
9737,1.3270027920952998e-07,0,0,unlabeled
9738,0.21736352145671844,0,0,unlabeled
9739,6.0955291701247916e-05,0,0,unlabeled
9740,3.706838106154464e-05,0,0,train
9741,0.23134110867977142,0,0,val
9742,5.2072846301598474e-05,0,0,train
9743,2.9932254619779997e-05,0,0,val
9744,0.00010053504229290411,0,0,unlabeled
9745,1.260374915545981e-07,0,0,unlabeled
9746,1.0604476585740485e-07,0,0,unlabeled
9747,0.11323888599872589,0,0,unlabeled
9748,3.0773691833019257e-05,0,0,unlabeled
9749,1.2067822353856172e-05,0,0,unlabeled
9750,0.15783138573169708,0,0,val
9751,2.783819400065113e-05,0,0,train
9752,1.619599606783595e-05,0,0,unlabeled
9753,4.193028871668503e-05,0,0,val
9754,5.0135877671664275e-08,0,0,unlabeled
9755,4.130992792283905e-08,0,0,unlabeled
9756,0.02393949218094349,0,0,unlabeled
9757,1.6541154764126986e-05,0,0,train
9758,7.15902342562913e-06,0,0,unlabeled
9759,0.09519565850496292,0,0,unlabeled
9760,2.5657225705799647e-05,0,0,unlabeled
9761,1.531043199065607e-05,0,0,unlabeled
9762,3.155452577630058e-05,0,0,unlabeled
9763,7.050294215105168e-08,0,0,unlabeled
9764,5.605706832056967e-08,0,0,unlabeled
9765,0.004828940145671368,0,0,unlabeled
9766,3.6123105928709265e-06,0,0,unlabeled
9767,2.212603476436925e-06,0,0,unlabeled
9768,0.01775105856359005,0,0,unlabeled
9769,7.823569831089117e-06,0,0,unlabeled
9770,4.707163498096634e-06,0,0,unlabeled
9771,9.275522643292788e-06,0,0,unlabeled
9772,1.8847991611892212e-08,0,0,unlabeled
9773,1.5604863179419226e-08,0,0,unlabeled
9774,0.5979674458503723,0,0,unlabeled
9775,0.000181093011633493,0,0,unlabeled
9776,0.00015579610771965235,0,0,unlabeled
9777,0.6764458417892456,0,0,unlabeled
9778,0.00028457463486120105,0,0,val
9779,0.00012130822869949043,0,0,train
9780,0.0004314420511946082,0,0,val
9781,2.429231926726061e-07,0,0,unlabeled
9782,1.8942401425192656e-07,0,0,train
9783,0.07293353229761124,0,0,train
9784,2.707671228563413e-05,0,0,unlabeled
9785,9.833226613409352e-06,0,0,unlabeled
9786,0.15916532278060913,0,0,unlabeled
9787,3.098107845289633e-05,0,0,unlabeled
9788,1.6536578186787665e-05,0,0,unlabeled
9789,3.412353544263169e-05,0,0,unlabeled
9790,4.246309615041355e-08,0,0,val
9791,3.24230491344224e-08,0,0,unlabeled
9792,0.12104125320911407,0,0,unlabeled
9793,2.7541125746211037e-05,0,0,unlabeled
9794,1.2213134141347837e-05,0,0,unlabeled
9795,0.13202135264873505,0,0,unlabeled
9796,1.942951712408103e-05,0,0,unlabeled
9797,1.1346412065904588e-05,0,0,unlabeled
9798,3.040218689420726e-05,0,0,train
9799,4.038139422846143e-08,0,0,unlabeled
9800,3.516516144941306e-08,0,0,val
9801,0.02718771994113922,0,0,unlabeled
9802,5.263184903014917e-06,0,0,unlabeled
9803,3.018507868546294e-06,0,0,unlabeled
9804,0.027999790385365486,0,0,unlabeled
9805,5.732877070840914e-06,0,0,unlabeled
9806,3.63547906090389e-06,0,0,unlabeled
9807,8.185605111066252e-06,0,0,unlabeled
9808,1.1401029453850242e-08,0,0,unlabeled
9809,8.914748939048422e-09,0,0,train
9810,0.01089155487716198,0,0,unlabeled
9811,5.13566737936344e-06,0,0,unlabeled
9812,2.953754574264167e-06,0,0,unlabeled
9813,0.022675152868032455,0,0,unlabeled
9814,8.61956323205959e-06,0,0,unlabeled
9815,5.024073743697954e-06,0,0,unlabeled
9816,1.0093654964293819e-05,0,0,unlabeled
9817,2.1008373707331884e-08,0,0,unlabeled
9818,1.684040817906407e-08,0,0,unlabeled
9819,0.000897303456440568,0,0,unlabeled
9820,8.657992793814628e-07,0,0,unlabeled
9821,5.217808052293549e-07,0,0,unlabeled
9822,0.00213041203096509,0,0,unlabeled
9823,1.6524535340067814e-06,0,0,unlabeled
9824,1.0200662927672965e-06,0,0,unlabeled
9825,1.8616117358760675e-06,0,0,unlabeled
9826,4.264879560622603e-09,0,0,unlabeled
9827,3.3188254366933734e-09,0,0,val
9828,0.12550194561481476,0,0,unlabeled
9829,2.0037741705891676e-05,0,0,unlabeled
9830,1.2190826964797452e-05,0,0,unlabeled
9831,0.20100635290145874,0,0,val
9832,2.7810119718196802e-05,0,0,train
9833,1.7615571778151207e-05,0,0,unlabeled
9834,4.537483982858248e-05,0,0,unlabeled
9835,5.2306070585927955e-08,0,0,unlabeled
9836,4.5837168727302924e-08,0,0,unlabeled
9837,0.00561967957764864,0,0,unlabeled
9838,2.4693351861060364e-06,0,0,unlabeled
9839,1.4688583860333893e-06,0,0,train
9840,0.00870098453015089,0,0,unlabeled
9841,4.093894858669955e-06,0,0,unlabeled
9842,2.372489007029799e-06,0,0,unlabeled
9843,4.367796464066487e-06,0,0,unlabeled
9844,9.474472761894503e-09,0,0,unlabeled
9845,7.129833612395942e-09,0,0,unlabeled
9846,0.006540965288877487,0,0,unlabeled
9847,2.402543714197236e-06,0,0,unlabeled
9848,1.5047714896354591e-06,0,0,unlabeled
9849,0.005200316663831472,0,0,unlabeled
9850,2.4980759008030873e-06,0,0,unlabeled
9851,1.5307759895222262e-06,0,0,unlabeled
9852,3.876750724884914e-06,0,0,unlabeled
9853,8.911604787442684e-09,0,0,unlabeled
9854,7.206425234329572e-09,0,0,unlabeled
9855,0.0006580781191587448,0,0,unlabeled
9856,5.114286523166811e-07,0,0,val
9857,3.08669172000009e-07,0,0,unlabeled
9858,0.0008732831920497119,0,0,unlabeled
9859,6.867219894957088e-07,0,0,unlabeled
9860,4.1272130602010293e-07,0,0,unlabeled
9861,8.531188200322504e-07,0,0,unlabeled
9862,1.949689965030643e-09,0,0,unlabeled
9863,1.7367085547448369e-09,0,0,train
9864,0.0005376872140914202,0,0,unlabeled
9865,7.106240218490711e-07,0,0,train
9866,4.5754890720672847e-07,0,0,unlabeled
9867,0.001311606029048562,0,0,train
9868,1.3087543493384146e-06,0,0,unlabeled
9869,8.151851034199353e-07,0,0,unlabeled
9870,1.6512736920049065e-06,0,0,unlabeled
9871,4.68363348105072e-09,0,0,unlabeled
9872,4.031957434591504e-09,0,0,train
9873,4.299481588532217e-05,0,0,unlabeled
9874,1.1709574465612604e-07,0,0,unlabeled
9875,7.213798625116397e-08,0,0,unlabeled
9876,0.00011742537753889337,0,0,unlabeled
9877,2.412307651411538e-07,0,0,unlabeled
9878,1.598623526888332e-07,0,0,unlabeled
9879,2.5550949089847563e-07,0,0,train
9880,9.064202721731363e-10,0,0,unlabeled
9881,6.921668238568657e-10,0,0,unlabeled
9882,0.03852926567196846,0,0,unlabeled
9883,7.06408945916337e-06,0,0,unlabeled
9884,5.526905169972451e-06,0,0,unlabeled
9885,0.04188781604170799,0,0,unlabeled
9886,8.848303878039587e-06,0,0,unlabeled
9887,6.816313998569967e-06,0,0,unlabeled
9888,1.4075461876927875e-05,0,0,train
9889,2.440344282206297e-08,0,0,unlabeled
9890,2.248125063886164e-08,0,0,unlabeled
9891,0.0014131973730400205,0,0,unlabeled
9892,1.0469567541804281e-06,0,0,unlabeled
9893,7.794635621394264e-07,0,0,unlabeled
9894,0.002366619184613228,0,0,unlabeled
9895,1.5937175703584217e-06,0,0,unlabeled
9896,1.087384475795261e-06,0,0,unlabeled
9897,1.7719278275762917e-06,0,0,unlabeled
9898,4.2578971459761306e-09,0,0,train
9899,3.773871437573462e-09,0,0,unlabeled
9900,0.0012531803222373128,0,0,unlabeled
9901,8.598459544373327e-07,0,0,train
9902,7.009384717093781e-07,0,0,unlabeled
9903,0.0012358586536720395,0,0,unlabeled
9904,9.437949870516604e-07,0,0,unlabeled
9905,7.006270266174397e-07,0,0,unlabeled
9906,1.4222022173271398e-06,0,0,unlabeled
9907,3.772215872999141e-09,0,0,unlabeled
9908,3.5401630515963234e-09,0,0,unlabeled
9909,0.00021888014452997595,0,0,unlabeled
9910,2.4065056436484156e-07,0,0,unlabeled
9911,1.6996968099647347e-07,0,0,unlabeled
9912,0.0002640940365381539,0,0,unlabeled
9913,2.859584640191315e-07,0,0,train
9914,2.155828724426101e-07,0,0,unlabeled
9915,3.922161226910248e-07,0,0,unlabeled
9916,9.486385010859522e-10,0,0,unlabeled
9917,9.221302055273384e-10,0,0,unlabeled
9918,0.0001695506798569113,0,0,unlabeled
9919,3.4419693406562146e-07,0,0,unlabeled
9920,2.4161778355846764e-07,0,0,unlabeled
9921,0.00040856978739611804,0,0,unlabeled
9922,5.930288011768425e-07,0,0,unlabeled
9923,4.1461569821876765e-07,0,0,unlabeled
9924,7.35804860596545e-07,0,0,train
9925,2.1694679386285998e-09,0,0,unlabeled
9926,1.99935490385883e-09,0,0,unlabeled
9927,2.129493441316299e-05,0,0,train
9928,6.668276597565637e-08,0,0,unlabeled
9929,4.681384879745565e-08,0,0,unlabeled
9930,5.208168659009971e-05,0,0,unlabeled
9931,1.2271915750261542e-07,0,0,unlabeled
9932,8.897324477175061e-08,0,0,unlabeled
9933,1.446523043568959e-07,0,0,unlabeled
9934,4.611660220366076e-10,0,0,unlabeled
9935,3.971505901922967e-10,0,0,unlabeled
9936,0.5829250812530518,0,0,unlabeled
9937,0.00014335264859255403,0,0,unlabeled
9938,0.00012679904466494918,0,0,unlabeled
9939,0.5059559345245361,0,0,unlabeled
9940,0.00011350832210155204,0,0,unlabeled
9941,0.0001353902043774724,0,0,train
9942,0.0003122313064523041,0,0,unlabeled
9943,2.961218115160591e-07,0,0,unlabeled
9944,2.0209824924677378e-07,0,0,unlabeled
9945,0.1291511356830597,0,0,train
9946,2.1077919882372953e-05,0,0,unlabeled
9947,2.3539931135019287e-05,0,0,train
9948,0.15620224177837372,0,0,unlabeled
9949,4.043519948027097e-05,0,0,unlabeled
9950,2.0941535694873892e-05,0,0,unlabeled
9951,6.029174255672842e-05,0,0,unlabeled
9952,5.247884971026906e-08,0,0,unlabeled
9953,4.7879520792548647e-08,0,0,unlabeled
9954,0.05638747289776802,0,0,train
9955,1.1516959602886345e-05,0,0,unlabeled
9956,1.1626186278590467e-05,0,0,unlabeled
9957,0.03733239695429802,0,0,train
9958,1.299879568250617e-05,0,0,unlabeled
9959,6.668995865766192e-06,0,0,unlabeled
9960,2.1126963474671356e-05,0,0,unlabeled
9961,3.448125696081661e-08,0,0,unlabeled
9962,2.9462686512715663e-08,0,0,unlabeled
9963,0.02483425661921501,0,0,unlabeled
9964,6.836078227934195e-06,0,0,train
9965,3.4882500585808884e-06,0,0,unlabeled
9966,0.024114178493618965,0,0,unlabeled
9967,5.089252681500511e-06,0,0,unlabeled
9968,3.5592386211646954e-06,0,0,unlabeled
9969,8.80412153492216e-06,0,0,unlabeled
9970,1.2457119780151515e-08,0,0,unlabeled
9971,1.0860942367685311e-08,0,0,unlabeled
9972,0.00906876940280199,0,0,unlabeled
9973,6.95660810379195e-06,0,0,train
9974,3.3571207040949957e-06,0,0,unlabeled
9975,0.021372998133301735,0,0,unlabeled
9976,7.248981091834139e-06,0,0,unlabeled
9977,4.816832642973168e-06,0,0,unlabeled
9978,1.0385732821305282e-05,0,0,unlabeled
9979,2.3466773413360897e-08,0,0,unlabeled
9980,1.9424122754685413e-08,0,0,unlabeled
9981,0.0013826722279191017,0,0,unlabeled
9982,1.2300474736548495e-06,0,0,val
9983,8.749705102673033e-07,0,0,train
9984,0.003472493728622794,0,0,unlabeled
9985,2.148555495296023e-06,0,0,unlabeled
9986,1.4854982737233513e-06,0,0,unlabeled
9987,2.872479626603308e-06,0,0,unlabeled
9988,5.608185471572824e-09,0,0,unlabeled
9989,4.919352925014664e-09,0,0,unlabeled
9990,0.28872978687286377,0,0,val
9991,3.604043376981281e-05,0,0,unlabeled
9992,3.740833199117333e-05,0,0,unlabeled
9993,0.23755665123462677,0,0,train
9994,4.654336589737795e-05,0,0,unlabeled
9995,2.3709466404397972e-05,0,0,val
9996,7.504862878704444e-05,0,0,unlabeled
9997,5.962954219285166e-08,0,0,unlabeled
9998,5.0833598663757584e-08,0,0,unlabeled
9999,0.020248206332325935,0,0,unlabeled
10000,7.3987380346807186e-06,0,0,unlabeled
10001,3.6294516121415654e-06,0,0,unlabeled
10002,0.02882865071296692,0,0,unlabeled
10003,6.032482360751601e-06,0,0,unlabeled
10004,3.7763361433462705e-06,0,0,unlabeled
10005,8.224588782468345e-06,0,0,unlabeled
10006,1.0780903281215615e-08,0,0,unlabeled
10007,8.342078139378373e-09,0,0,unlabeled
10008,0.017432764172554016,0,0,unlabeled
10009,5.4025995268602856e-06,0,0,unlabeled
10010,2.855006187019171e-06,0,0,unlabeled
10011,0.013238309882581234,0,0,unlabeled
10012,2.9824652756360592e-06,0,0,unlabeled
10013,1.9504482224874664e-06,0,0,unlabeled
10014,5.6995422710315324e-06,0,0,unlabeled
10015,9.24606879948442e-09,0,0,unlabeled
10016,7.551072656042379e-09,0,0,unlabeled
10017,0.0037410901859402657,0,0,unlabeled
10018,1.0476799161551753e-06,0,0,val
10019,6.763764872630418e-07,0,0,unlabeled
10020,0.0022831549867987633,0,0,unlabeled
10021,9.351491598863504e-07,0,0,unlabeled
10022,6.417100735234271e-07,0,0,unlabeled
10023,1.664572437221068e-06,0,0,train
10024,2.4395938602594924e-09,0,0,unlabeled
10025,2.141993915572016e-09,0,0,unlabeled
10026,0.002249784767627716,0,0,unlabeled
10027,1.2396983493090374e-06,0,0,unlabeled
10028,8.66833659074473e-07,0,0,train
10029,0.0024911288637667894,0,0,unlabeled
10030,1.6440660601801937e-06,0,0,unlabeled
10031,1.0697515335778007e-06,0,0,unlabeled
10032,2.2414387785829604e-06,0,0,unlabeled
10033,4.9766004650564355e-09,0,0,val
10034,4.301289990849e-09,0,0,unlabeled
10035,0.00015934190014377236,0,0,unlabeled
10036,2.1974868502638856e-07,0,0,unlabeled
10037,1.5529479924225598e-07,0,0,unlabeled
10038,0.000288385315798223,0,0,unlabeled
10039,3.492766609269893e-07,0,0,unlabeled
10040,2.484843264483061e-07,0,0,unlabeled
10041,4.511680913310556e-07,0,0,unlabeled
10042,1.0152723106671147e-09,0,0,train
10043,8.862121592123628e-10,0,0,unlabeled
10044,0.061906397342681885,0,0,unlabeled
10045,8.273552339232992e-06,0,0,unlabeled
10046,6.4040332290460356e-06,0,0,unlabeled
10047,0.06078314408659935,0,0,unlabeled
10048,7.778418876114301e-06,0,0,train
10049,6.01439387537539e-06,0,0,unlabeled
10050,1.6138763385242783e-05,0,0,unlabeled
10051,1.9048172816837905e-08,0,0,unlabeled
10052,1.6982527384357127e-08,0,0,unlabeled
10053,0.0024583064951002598,0,0,unlabeled
10054,9.77693275672209e-07,0,0,unlabeled
10055,7.1289792913376e-07,0,0,unlabeled
10056,0.002135534305125475,0,0,unlabeled
10057,1.1817975291705807e-06,0,0,unlabeled
10058,8.001326818884991e-07,0,0,unlabeled
10059,1.686802647782315e-06,0,0,train
10060,2.9836872972310857e-09,0,0,unlabeled
10061,2.645957897229323e-09,0,0,unlabeled
10062,0.0013307089684531093,0,0,unlabeled
10063,5.703760734832031e-07,0,0,unlabeled
10064,4.6132004172250163e-07,0,0,train
10065,0.0006094760028645396,0,0,unlabeled
10066,4.6974494694040914e-07,0,0,unlabeled
10067,3.56439386450802e-07,0,0,unlabeled
10068,9.77248532763042e-07,0,0,unlabeled
10069,2.1606596511958287e-09,0,0,unlabeled
10070,1.9726009714560178e-09,0,0,unlabeled
10071,0.0001256374962395057,0,0,unlabeled
10072,1.241866840473449e-07,0,0,train
10073,8.998684819516711e-08,0,0,unlabeled
10074,0.00011274221469648182,0,0,unlabeled
10075,1.3416300248536572e-07,0,0,unlabeled
10076,9.953570412335466e-08,0,0,unlabeled
10077,2.1275732819958648e-07,0,0,train
10078,4.948099152635166e-10,0,0,unlabeled
10079,4.4263706588942853e-10,0,0,unlabeled
10080,0.00014945313159842044,0,0,unlabeled
10081,2.3211283917135006e-07,0,0,train
10082,1.7182618705646746e-07,0,0,unlabeled
10083,0.0002294764999533072,0,0,unlabeled
10084,3.282089551248646e-07,0,0,train
10085,2.3961817419149156e-07,0,0,unlabeled
10086,4.991622972738696e-07,0,0,unlabeled
10087,1.320182851927143e-09,0,0,val
10088,1.2016734274311602e-09,0,0,unlabeled
10089,1.4013477084517945e-05,0,0,unlabeled
10090,3.7478198322560274e-08,0,0,unlabeled
10091,2.6567612110284244e-08,0,0,train
10092,2.586550726846326e-05,0,0,unlabeled
10093,6.443593036919992e-08,0,0,unlabeled
10094,4.733695391223591e-08,0,0,unlabeled
10095,8.29612929464929e-08,0,0,unlabeled
10096,2.470309234947621e-10,0,0,unlabeled
10097,2.2295471024946778e-10,0,0,unlabeled
10098,0.016240090131759644,0,0,unlabeled
10099,2.6459142645762768e-06,0,0,unlabeled
10100,2.533130327719846e-06,0,0,unlabeled
10101,0.008928797207772732,0,0,unlabeled
10102,2.432313522149343e-06,0,0,train
10103,2.2323722532746615e-06,0,0,unlabeled
10104,4.717292540590279e-06,0,0,val
10105,7.69474794992675e-09,0,0,unlabeled
10106,7.53948725673581e-09,0,0,unlabeled
10107,0.0004834693972952664,0,0,unlabeled
10108,3.8190475493138365e-07,0,0,unlabeled
10109,3.340967964504671e-07,0,0,train
10110,0.0004980865633115172,0,0,val
10111,4.4449373604038556e-07,0,0,train
10112,3.515088735639438e-07,0,0,unlabeled
10113,6.247715305107704e-07,0,0,unlabeled
10114,1.2702734419889339e-09,0,0,unlabeled
10115,1.2581112818210727e-09,0,0,unlabeled
10116,0.00025015644496306777,0,0,unlabeled
10117,2.4248527097370243e-07,0,0,unlabeled
10118,2.2867124016556772e-07,0,0,unlabeled
10119,0.00015978753799572587,0,0,unlabeled
10120,2.1380587611474766e-07,0,0,unlabeled
10121,1.7953867370579246e-07,0,0,unlabeled
10122,3.9627556702725997e-07,0,0,unlabeled
10123,9.489208308011143e-10,0,0,unlabeled
10124,9.763965191922352e-10,0,0,train
10125,4.3659321818267927e-05,0,0,unlabeled
10126,6.277937814047618e-08,0,0,unlabeled
10127,5.165765415426904e-08,0,0,val
10128,3.971157275373116e-05,0,0,unlabeled
10129,6.542830988109927e-08,0,0,train
10130,5.7399443420536045e-08,0,0,train
10131,1.0443097409051916e-07,0,0,unlabeled
10132,2.488876882367208e-10,0,0,unlabeled
10133,2.5318155905118545e-10,0,0,train
10134,5.512243660632521e-05,0,0,unlabeled
10135,1.190233618331149e-07,0,0,unlabeled
10136,9.410774737261818e-08,0,0,unlabeled
10137,8.42291337903589e-05,0,0,train
10138,1.598429975047111e-07,0,0,unlabeled
10139,1.2958474826518795e-07,0,0,unlabeled
10140,2.360058601880155e-07,0,0,val
10141,6.321994594493674e-10,0,0,train
10142,6.105473904227665e-10,0,0,unlabeled
10143,7.463318524969509e-06,0,0,unlabeled
10144,2.1146385975612247e-08,0,0,unlabeled
10145,1.691599571529423e-08,0,0,train
10146,1.3314550415088888e-05,0,0,unlabeled
10147,3.55584433009426e-08,0,0,unlabeled
10148,2.823617606395601e-08,0,0,unlabeled
10149,4.533375275173057e-08,0,0,unlabeled
10150,1.3080883598526327e-10,0,0,train
10151,1.2641193647411342e-10,0,0,unlabeled
10152,0.21838973462581635,0,0,unlabeled
10153,4.082082159584388e-05,0,0,unlabeled
10154,3.452006421866827e-05,0,0,unlabeled
10155,0.19151292741298676,0,0,val
10156,3.79009943571873e-05,0,0,unlabeled
10157,4.7466517571592703e-05,0,0,unlabeled
10158,7.38532908144407e-05,0,0,unlabeled
10159,1.486117326976455e-07,0,0,unlabeled
10160,9.31562311734524e-08,0,0,unlabeled
10161,0.020798908546566963,0,0,unlabeled
10162,6.263421255425783e-06,0,0,unlabeled
10163,7.843620551284403e-06,0,0,unlabeled
10164,0.024635570123791695,0,0,unlabeled
10165,1.2274681466806214e-05,0,0,unlabeled
10166,6.476352155004861e-06,0,0,unlabeled
10167,1.570333552081138e-05,0,0,unlabeled
10168,2.2725780368659798e-08,0,0,train
10169,2.0149906632127568e-08,0,0,unlabeled
10170,0.01041968073695898,0,0,unlabeled
10171,4.738470579468412e-06,0,0,unlabeled
10172,5.0893154366349336e-06,0,0,unlabeled
10173,0.0072608767077326775,0,0,train
10174,5.67803635931341e-06,0,0,unlabeled
10175,2.8801737244066317e-06,0,0,train
10176,7.2495204221922904e-06,0,0,unlabeled
10177,1.7157331555495148e-08,0,0,unlabeled
10178,1.3898430850645127e-08,0,0,unlabeled
10179,0.002518032444640994,0,0,train
10180,2.1594410100078676e-06,0,0,unlabeled
10181,1.1065619673900073e-06,0,0,train
10182,0.003436816856265068,0,0,unlabeled
10183,1.5346759028034285e-06,0,0,unlabeled
10184,1.0321800800738856e-06,0,0,unlabeled
10185,2.2148160496726632e-06,0,0,train
10186,4.983562895688465e-09,0,0,unlabeled
10187,4.173623224801304e-09,0,0,unlabeled
10188,0.0015648931730538607,0,0,unlabeled
10189,3.1535341804556083e-06,0,0,train
10190,1.4746874512638897e-06,0,0,unlabeled
10191,0.004499223083257675,0,0,unlabeled
10192,3.1514330203208374e-06,0,0,val
10193,1.9806075215456076e-06,0,0,unlabeled
10194,3.4647375741769793e-06,0,0,unlabeled
10195,1.1912494990440337e-08,0,0,unlabeled
10196,9.408616996608998e-09,0,0,unlabeled
10197,0.00021411568741314113,0,0,unlabeled
10198,4.30885478408527e-07,0,0,unlabeled
10199,3.124295062661986e-07,0,0,unlabeled
10200,0.0005322062061168253,0,0,unlabeled
10201,7.284548928510048e-07,0,0,val
10202,5.14757005021238e-07,0,0,unlabeled
10203,8.572978345000593e-07,0,0,unlabeled
10204,2.501065354820753e-09,0,0,unlabeled
10205,2.1813224559963373e-09,0,0,val
10206,0.12770090997219086,0,0,unlabeled
10207,1.9989167412859388e-05,0,0,unlabeled
10208,2.1691481379093602e-05,0,0,unlabeled
10209,0.10131602734327316,0,0,unlabeled
10210,2.6807090762304142e-05,0,0,unlabeled
10211,1.2765992323693354e-05,0,0,unlabeled
10212,3.824030500254594e-05,0,0,unlabeled
10213,4.0952034652264047e-08,0,0,unlabeled
10214,3.316504404438092e-08,0,0,unlabeled
10215,0.00502625759691,0,0,train
10216,3.5710056636162335e-06,0,0,unlabeled
10217,1.6544009895369527e-06,0,0,val
10218,0.008299050852656364,0,0,unlabeled
10219,2.8087740702176234e-06,0,0,train
10220,1.8795597043208545e-06,0,0,unlabeled
10221,3.467404894763604e-06,0,0,train
10222,6.528479978840096e-09,0,0,train
10223,5.368696154306463e-09,0,0,unlabeled
10224,0.004318374674767256,0,0,train
10225,2.910338707806659e-06,0,0,unlabeled
10226,1.3489433285940322e-06,0,0,unlabeled
10227,0.00406309450045228,0,0,val
10228,1.5382524907181505e-06,0,0,unlabeled
10229,1.0332240663046832e-06,0,0,unlabeled
10230,2.301783752045594e-06,0,0,unlabeled
10231,5.42468159281384e-09,0,0,unlabeled
10232,4.405769971072004e-09,0,0,train
10233,0.000729363935533911,0,0,unlabeled
10234,3.9906873894324235e-07,0,0,unlabeled
10235,2.774031884200667e-07,0,0,unlabeled
10236,0.000465551158413291,0,0,unlabeled
10237,3.691394567795214e-07,0,0,unlabeled
10238,2.7230845489611966e-07,0,0,unlabeled
10239,5.512827669917897e-07,0,0,unlabeled
10240,1.246338809934855e-09,0,0,unlabeled
10241,1.0708410824733505e-09,0,0,unlabeled
10242,0.0007241235580295324,0,0,unlabeled
10243,7.304367954930058e-07,0,0,train
10244,4.93479092256166e-07,0,0,unlabeled
10245,0.0007543495739810169,0,0,unlabeled
10246,9.805495437831269e-07,0,0,unlabeled
10247,6.359497888297483e-07,0,0,unlabeled
10248,1.161097770818742e-06,0,0,train
10249,3.3603877458432407e-09,0,0,unlabeled
10250,2.7425273163572683e-09,0,0,train
10251,4.7305773478001356e-05,0,0,val
10252,1.0962217089627302e-07,0,0,unlabeled
10253,7.848282734812528e-08,0,0,unlabeled
10254,8.836609777063131e-05,0,0,val
10255,1.7799594331791013e-07,0,0,unlabeled
10256,1.2636967028356594e-07,0,0,unlabeled
10257,2.026140890620809e-07,0,0,unlabeled
10258,6.207632741173086e-10,0,0,unlabeled
10259,5.30511412577539e-10,0,0,unlabeled
10260,0.017650704830884933,0,0,unlabeled
10261,4.308873030822724e-06,0,0,unlabeled
10262,3.33885782310972e-06,0,0,val
10263,0.02112622559070587,0,0,unlabeled
10264,4.292246558179613e-06,0,0,train
10265,3.3393926059943624e-06,0,0,train
10266,7.380787792499177e-06,0,0,unlabeled
10267,1.1864627502689018e-08,0,0,unlabeled
10268,1.0343084611008635e-08,0,0,val
10269,0.0006508301594294608,0,0,unlabeled
10270,4.5118056846149557e-07,0,0,unlabeled
10271,3.598752016387152e-07,0,0,unlabeled
10272,0.0005937567912042141,0,0,unlabeled
10273,5.776407192570332e-07,0,0,unlabeled
10274,4.1537438733030285e-07,0,0,unlabeled
10275,7.424575301229197e-07,0,0,unlabeled
10276,1.7889313363994575e-09,0,0,val
10277,1.5852984480702048e-09,0,0,unlabeled
10278,0.0003836425603367388,0,0,unlabeled
10279,3.320850510135642e-07,0,0,unlabeled
10280,2.5342657750115904e-07,0,0,unlabeled
10281,0.00020246024359948933,0,0,unlabeled
10282,2.912771890350996e-07,0,0,train
10283,2.1007639361414476e-07,0,0,unlabeled
10284,4.541913369848771e-07,0,0,unlabeled
10285,1.3495297102039672e-09,0,0,val
10286,1.175285979648777e-09,0,0,unlabeled
10287,3.107440352323465e-05,0,0,train
10288,5.961543791954682e-08,0,0,unlabeled
10289,4.1744534939880396e-08,0,0,unlabeled
10290,3.313564229756594e-05,0,0,unlabeled
10291,6.924553019871382e-08,0,0,unlabeled
10292,4.944566356357427e-08,0,0,train
10293,8.771823445385962e-08,0,0,unlabeled
10294,2.791655795419956e-10,0,0,unlabeled
10295,2.4553944988348064e-10,0,0,train
10296,5.822893217555247e-05,0,0,unlabeled
10297,1.4496812639208656e-07,0,0,unlabeled
10298,9.873870254750727e-08,0,0,unlabeled
10299,9.217372280545533e-05,0,0,unlabeled
10300,2.110424617285389e-07,0,0,unlabeled
10301,1.4612241727718356e-07,0,0,train
10302,2.6032466848846525e-07,0,0,val
10303,8.938326190310875e-10,0,0,unlabeled
10304,7.570334914497323e-10,0,0,unlabeled
10305,5.323311143001774e-06,0,0,unlabeled
10306,2.0266350375663933e-08,0,0,unlabeled
10307,1.4310162832487094e-08,0,0,unlabeled
10308,1.0696621757233515e-05,0,0,unlabeled
10309,3.710966112180358e-08,0,0,unlabeled
10310,2.5877536558027714e-08,0,0,unlabeled
10311,4.0697024417113425e-08,0,0,val
10312,1.601508509141425e-10,0,0,unlabeled
10313,1.4278275783929928e-10,0,0,unlabeled
10314,0.004859293811023235,0,0,unlabeled
10315,1.4931538316886872e-06,0,0,unlabeled
10316,1.376641876049689e-06,0,0,unlabeled
10317,0.00268941861577332,0,0,unlabeled
10318,1.4105411310083582e-06,0,0,unlabeled
10319,1.2499541526267421e-06,0,0,unlabeled
10320,2.3885074824647745e-06,0,0,unlabeled
10321,4.975746037416684e-09,0,0,unlabeled
10322,4.771075534648617e-09,0,0,unlabeled
10323,0.00013237808889243752,0,0,unlabeled
10324,1.924481267678857e-07,0,0,val
10325,1.7376261496337975e-07,0,0,unlabeled
10326,0.0001435258163837716,0,0,unlabeled
10327,2.3567480411657016e-07,0,0,unlabeled
10328,1.8769432585941104e-07,0,0,unlabeled
10329,3.0230521019802836e-07,0,0,train
10330,7.95144339260645e-10,0,0,unlabeled
10331,7.824689229884996e-10,0,0,unlabeled
10332,7.084975368343294e-05,0,0,unlabeled
10333,1.3790777586564218e-07,0,0,train
10334,1.20873849596137e-07,0,0,train
10335,5.6395660067209974e-05,0,0,unlabeled
10336,1.2808934002350725e-07,0,0,train
10337,1.0377075909673295e-07,0,0,unlabeled
10338,1.951886900997124e-07,0,0,unlabeled
10339,5.983752382476837e-10,0,0,unlabeled
10340,5.909224776168287e-10,0,0,unlabeled
10341,1.2501111996243708e-05,0,0,unlabeled
10342,2.875872873175922e-08,0,0,unlabeled
10343,2.340713933790539e-08,0,0,unlabeled
10344,1.2875886568508577e-05,0,0,unlabeled
10345,3.103373913404539e-08,0,0,unlabeled
10346,2.599631443445105e-08,0,0,unlabeled
10347,4.3516955372524535e-08,0,0,unlabeled
10348,1.38499114954449e-10,0,0,unlabeled
10349,1.383042985692029e-10,0,0,unlabeled
10350,2.266348928969819e-05,0,0,train
10351,7.072260643781192e-08,0,0,val
10352,5.25456584909989e-08,0,0,unlabeled
10353,3.56710770574864e-05,0,0,train
10354,9.869369677062423e-08,0,0,unlabeled
10355,7.435226478946788e-08,0,0,train
10356,1.2603905474861676e-07,0,0,unlabeled
10357,4.3776898772662776e-10,0,0,train
10358,3.9348088676227633e-10,0,0,unlabeled
10359,2.9745515348622575e-06,0,0,unlabeled
10360,1.1166234159531996e-08,0,0,unlabeled
10361,8.911247739717965e-09,0,0,unlabeled
10362,5.320276159181958e-06,0,0,unlabeled
10363,1.8608339757975045e-08,0,0,train
10364,1.4402331771634636e-08,0,0,unlabeled
10365,2.25030429845674e-08,0,0,unlabeled
10366,8.413175711652343e-11,0,0,train
10367,8.058390760234957e-11,0,0,unlabeled
10368,0.026992501690983772,0,0,train
10369,4.741924385598395e-06,0,0,unlabeled
10370,4.659952537622303e-06,0,0,unlabeled
10371,0.042195361107587814,0,0,unlabeled
10372,7.309702596103307e-06,0,0,unlabeled
10373,9.003497325466014e-06,0,0,unlabeled
10374,1.2911263183923438e-05,0,0,train
10375,2.536719456713854e-08,0,0,unlabeled
10376,2.008728294811135e-08,0,0,unlabeled
10377,0.0030864861328154802,0,0,unlabeled
10378,1.0725985930548632e-06,0,0,unlabeled
10379,9.742921065480914e-07,0,0,unlabeled
10380,0.007829604670405388,0,0,train
10381,2.578728071966907e-06,0,0,unlabeled
10382,1.7749382550391601e-06,0,0,unlabeled
10383,2.58289242083265e-06,0,0,unlabeled
10384,4.825943644704012e-09,0,0,unlabeled
10385,6.271962504911244e-09,0,0,unlabeled
10386,0.002608988434076309,0,0,train
10387,9.220728429681913e-07,0,0,unlabeled
10388,1.0820610896189464e-06,0,0,val
10389,0.0031739501282572746,0,0,unlabeled
10390,1.35178413529502e-06,0,0,unlabeled
10391,9.588944749339134e-07,0,0,unlabeled
10392,2.0391551061038626e-06,0,0,unlabeled
10393,3.954530480854146e-09,0,0,unlabeled
10394,3.742767873404773e-09,0,0,unlabeled
10395,0.0008863570401445031,0,0,unlabeled
10396,4.6536720788026287e-07,0,0,unlabeled
10397,3.286255036982766e-07,0,0,unlabeled
10398,0.0012057957937940955,0,0,unlabeled
10399,5.126498763274867e-07,0,0,val
10400,4.514521378951031e-07,0,0,unlabeled
10401,8.01294959273946e-07,0,0,unlabeled
10402,1.5025344302088683e-09,0,0,unlabeled
10403,1.2916316904920677e-09,0,0,train
10404,0.0005123611772432923,0,0,unlabeled
10405,6.062762736291916e-07,0,0,unlabeled
10406,4.019850905478961e-07,0,0,unlabeled
10407,0.0019451502012088895,0,0,val
10408,8.617546427558409e-07,0,0,val
10409,8.344346724697971e-07,0,0,train
10410,1.520954924671969e-06,0,0,unlabeled
10411,2.6856270540775995e-09,0,0,train
10412,2.5043687124082226e-09,0,0,train
10413,0.00011740029731299728,0,0,unlabeled
10414,1.6099484412279708e-07,0,0,unlabeled
10415,1.006813405979301e-07,0,0,unlabeled
10416,0.00034924561623483896,0,0,unlabeled
10417,2.4395095010731893e-07,0,0,unlabeled
10418,2.0511292575520201e-07,0,0,unlabeled
10419,3.317390735446679e-07,0,0,unlabeled
10420,6.128691443230139e-10,0,0,val
10421,5.690493076748737e-10,0,0,unlabeled
10422,0.008000586181879044,0,0,unlabeled
10423,1.5810995819265372e-06,0,0,unlabeled
10424,1.7921428252520855e-06,0,0,train
10425,0.010971362702548504,0,0,train
10426,3.0537657949025743e-06,0,0,unlabeled
10427,1.832002226365148e-06,0,0,unlabeled
10428,4.110161171411164e-06,0,0,val
10429,5.544306791449571e-09,0,0,unlabeled
10430,5.118802270942524e-09,0,0,train
10431,0.0005035208305343986,0,0,unlabeled
10432,2.6405703579257533e-07,0,0,unlabeled
10433,2.136026893140297e-07,0,0,unlabeled
10434,0.0009445772157050669,0,0,unlabeled
10435,6.187519261402485e-07,0,0,train
10436,3.5873279102816014e-07,0,0,unlabeled
10437,6.059676138647774e-07,0,0,train
10438,1.0243033088386255e-09,0,0,unlabeled
10439,9.08670583221749e-10,0,0,unlabeled
10440,0.0006077992147766054,0,0,unlabeled
10441,3.330631841436116e-07,0,0,unlabeled
10442,2.2360616469541128e-07,0,0,unlabeled
10443,0.0007617627270519733,0,0,unlabeled
10444,3.045396965717373e-07,0,0,train
10445,2.946617314592004e-07,0,0,val
10446,5.130377758177929e-07,0,0,val
10447,9.004685330715745e-10,0,0,val
10448,8.600922751789142e-10,0,0,unlabeled
10449,0.00014803778321947902,0,0,unlabeled
10450,7.643365762532994e-08,0,0,unlabeled
10451,6.229355875575493e-08,0,0,unlabeled
10452,0.00015426671598106623,0,0,train
10453,9.310685555874443e-08,0,0,unlabeled
10454,8.39736387092671e-08,0,0,unlabeled
10455,1.5028022914975736e-07,0,0,train
10456,2.39115227618214e-10,0,0,unlabeled
10457,2.31846389309176e-10,0,0,unlabeled
10458,0.00012605605297721922,0,0,unlabeled
10459,1.2737002919038787e-07,0,0,unlabeled
10460,1.0213078383003449e-07,0,0,train
10461,0.00022161260130815208,0,0,unlabeled
10462,1.939785931881488e-07,0,0,unlabeled
10463,1.6801543267774832e-07,0,0,unlabeled
10464,2.903594236158824e-07,0,0,unlabeled
10465,5.742194497670994e-10,0,0,train
10466,5.340780595552985e-10,0,0,unlabeled
10467,1.5329336747527122e-05,0,0,unlabeled
10468,2.3860017961396807e-08,0,0,unlabeled
10469,1.9346364510397507e-08,0,0,unlabeled
10470,3.7148285628063604e-05,0,0,unlabeled
10471,4.4859643111294645e-08,0,0,unlabeled
10472,3.538659143487166e-08,0,0,unlabeled
10473,5.916403722494579e-08,0,0,unlabeled
10474,1.1416075723635899e-10,0,0,unlabeled
10475,1.0385318993666459e-10,0,0,unlabeled
10476,0.0008544111624360085,0,0,train
10477,4.952362360199913e-07,0,0,unlabeled
10478,3.4913446711470897e-07,0,0,train
10479,0.0016076151514425874,0,0,train
10480,5.376086846808903e-07,0,0,unlabeled
10481,4.864510856350535e-07,0,0,val
10482,8.93217929842649e-07,0,0,train
10483,1.6175804029572305e-09,0,0,unlabeled
10484,1.4804224512943165e-09,0,0,unlabeled
10485,6.097348887124099e-05,0,0,unlabeled
10486,6.072149005831307e-08,0,0,unlabeled
10487,4.8143249387067044e-08,0,0,train
10488,0.00010299992572981864,0,0,train
10489,1.0638349579039641e-07,0,0,unlabeled
10490,8.113368465956228e-08,0,0,unlabeled
10491,1.2542130889414693e-07,0,0,unlabeled
10492,2.7855920348152097e-10,0,0,val
10493,2.638960994172379e-10,0,0,unlabeled
10494,4.5881322876084596e-05,0,0,train
10495,4.955054677679982e-08,0,0,train
10496,4.3885702183388275e-08,0,0,unlabeled
10497,4.850565528613515e-05,0,0,unlabeled
10498,6.173667799203031e-08,0,0,unlabeled
10499,5.305179229253554e-08,0,0,unlabeled
10500,1.0045614828868565e-07,0,0,val
10501,2.2402893429251947e-10,0,0,unlabeled
10502,2.251989428270207e-10,0,0,train
10503,7.734893188171554e-06,0,0,unlabeled
10504,1.1330703486578386e-08,0,0,unlabeled
10505,9.68658220301677e-09,0,0,unlabeled
10506,1.2460108337108977e-05,0,0,unlabeled
10507,1.6697756066719194e-08,0,0,unlabeled
10508,1.499892299250405e-08,0,0,unlabeled
10509,2.354042827334979e-08,0,0,unlabeled
10510,5.227338006896787e-11,0,0,unlabeled
10511,5.0842149934560155e-11,0,0,unlabeled
10512,1.2006247743556742e-05,0,0,val
10513,2.7860147966407567e-08,0,0,unlabeled
10514,2.146940047964563e-08,0,0,train
10515,2.8743081202264875e-05,0,0,unlabeled
10516,4.5457305475338217e-08,0,0,unlabeled
10517,4.00229183128431e-08,0,0,unlabeled
10518,6.695282195323671e-08,0,0,unlabeled
10519,1.5373470552138002e-10,0,0,train
10520,1.457430842677354e-10,0,0,unlabeled
10521,1.742046038089029e-06,0,0,unlabeled
10522,4.588561086649179e-09,0,0,unlabeled
10523,3.599892828276552e-09,0,0,unlabeled
10524,4.401772002893267e-06,0,0,unlabeled
10525,8.805580264947821e-09,0,0,unlabeled
10526,7.228836640393865e-09,0,0,unlabeled
10527,1.1168514113535366e-08,0,0,unlabeled
10528,2.840618192057054e-11,0,0,unlabeled
10529,2.7007731120964884e-11,0,0,unlabeled
10530,0.00021337872021831572,0,0,train
10531,1.4212147902981087e-07,0,0,unlabeled
10532,1.4067056497424346e-07,0,0,unlabeled
10533,0.0002506410819478333,0,0,val
10534,2.021582048428172e-07,0,0,unlabeled
10535,1.9240152937527455e-07,0,0,unlabeled
10536,3.1678291634307243e-07,0,0,unlabeled
10537,6.614421232953305e-10,0,0,unlabeled
10538,6.496652105170142e-10,0,0,unlabeled
10539,1.4167578228807542e-05,0,0,unlabeled
10540,2.4825309807852136e-08,0,0,unlabeled
10541,2.275397292805792e-08,0,0,unlabeled
10542,2.6607083782437257e-05,0,0,unlabeled
10543,4.3933951587860065e-08,0,0,unlabeled
10544,3.648579394166518e-08,0,0,unlabeled
10545,5.0444739940758154e-08,0,0,train
10546,1.203560584528418e-10,0,0,val
10547,1.2652554004510819e-10,0,0,unlabeled
10548,1.101423185900785e-05,0,0,unlabeled
10549,1.95776994615926e-08,0,0,unlabeled
10550,2.0094832464678802e-08,0,0,unlabeled
10551,1.4656900020781904e-05,0,0,unlabeled
10552,2.6417234622044816e-08,0,0,unlabeled
10553,2.5183375385040563e-08,0,0,unlabeled
10554,4.1597012057081884e-08,0,0,unlabeled
10555,9.698181840933628e-11,0,0,unlabeled
10556,1.0439617226243314e-10,0,0,unlabeled
10557,3.1407455480803037e-06,0,0,unlabeled
10558,5.5633955220457665e-09,0,0,unlabeled
10559,5.310300199568019e-09,0,0,unlabeled
10560,4.579008418659214e-06,0,0,unlabeled
10561,7.758974795990525e-09,0,0,unlabeled
10562,7.709938465438881e-09,0,0,unlabeled
10563,1.107171154757225e-08,0,0,unlabeled
10564,2.6086275500825096e-11,0,0,unlabeled
10565,2.734198804865695e-11,0,0,unlabeled
10566,4.652430106943939e-06,0,0,unlabeled
10567,1.214788891701346e-08,0,0,unlabeled
10568,1.0519017656918095e-08,0,0,unlabeled
10569,1.0178418961004354e-05,0,0,unlabeled
10570,2.0505360964762076e-08,0,0,unlabeled
10571,1.862378518069363e-08,0,0,unlabeled
10572,2.9080693408900515e-08,0,0,unlabeled
10573,6.985644701584803e-11,0,0,unlabeled
10574,6.94182628047102e-11,0,0,train
10575,9.084978955797851e-07,0,0,train
10576,2.37341901687671e-09,0,0,unlabeled
10577,2.0977131143240513e-09,0,0,unlabeled
10578,2.006633849305217e-06,0,0,unlabeled
10579,4.2844470193870166e-09,0,0,unlabeled
10580,3.78113407251135e-09,0,0,unlabeled
10581,5.652019741120284e-09,0,0,unlabeled
10582,1.4278213160412445e-11,0,0,unlabeled
10583,1.4363737629863316e-11,0,0,unlabeled
10584,0.03808552026748657,0,0,train
10585,6.940082130313385e-06,0,0,train
10586,6.999738161539426e-06,0,0,unlabeled
10587,0.05318327248096466,0,0,unlabeled
10588,7.595009265060071e-06,0,0,unlabeled
10589,6.780363491998287e-06,0,0,unlabeled
10590,1.875298039522022e-05,0,0,unlabeled
10591,2.842643986866733e-08,0,0,unlabeled
10592,2.2716552194879114e-08,0,0,unlabeled
10593,0.00487614655867219,0,0,unlabeled
10594,1.859333565334964e-06,0,0,unlabeled
10595,1.4826873666606843e-06,0,0,val
10596,0.011695302091538906,0,0,unlabeled
10597,2.222950342911645e-06,0,0,unlabeled
10598,1.9112460449832724e-06,0,0,unlabeled
10599,3.1054814826347865e-06,0,0,unlabeled
10600,5.334115371624648e-09,0,0,unlabeled
10601,5.1019686253539476e-09,0,0,unlabeled
10602,0.00330021302215755,0,0,unlabeled
10603,1.413762561242038e-06,0,0,unlabeled
10604,9.90262833511224e-07,0,0,unlabeled
10605,0.004258699715137482,0,0,unlabeled
10606,1.1156452046634513e-06,0,0,unlabeled
10607,9.196270411848673e-07,0,0,val
10608,1.954660092451377e-06,0,0,unlabeled
10609,4.445850798617812e-09,0,0,unlabeled
10610,4.108470452734991e-09,0,0,unlabeled
10611,0.0015856766840443015,0,0,unlabeled
10612,4.860346507484792e-07,0,0,val
10613,3.907387906565418e-07,0,0,train
10614,0.001618485082872212,0,0,unlabeled
10615,5.495898562912771e-07,0,0,unlabeled
10616,4.512855866778409e-07,0,0,unlabeled
10617,8.709254757377494e-07,0,0,unlabeled
10618,1.508236757707948e-09,0,0,val
10619,1.4907761691773658e-09,0,0,unlabeled
10620,0.00045562241575680673,0,0,val
10621,4.3369593072384305e-07,0,0,unlabeled
10622,3.372676644630701e-07,0,0,unlabeled
10623,0.001049793092533946,0,0,unlabeled
10624,7.19032243523543e-07,0,0,unlabeled
10625,5.652264576383459e-07,0,0,val
10626,9.980875574910897e-07,0,0,unlabeled
10627,2.6309310285910215e-09,0,0,unlabeled
10628,2.4206965321127427e-09,0,0,unlabeled
10629,9.174394654110074e-05,0,0,unlabeled
10630,1.1659351883963609e-07,0,0,unlabeled
10631,8.909279358704225e-08,0,0,unlabeled
10632,0.0002766119141597301,0,0,unlabeled
10633,2.1657550064446696e-07,0,0,unlabeled
10634,1.7349188397020043e-07,0,0,unlabeled
10635,2.789838902117481e-07,0,0,unlabeled
10636,6.375627248367266e-10,0,0,unlabeled
10637,5.836683358850792e-10,0,0,val
10638,0.01779842935502529,0,0,unlabeled
10639,3.6004000776301837e-06,0,0,unlabeled
10640,2.089898316626204e-06,0,0,unlabeled
10641,0.026031557470560074,0,0,unlabeled
10642,3.3961684948735638e-06,0,0,unlabeled
10643,2.640510047058342e-06,0,0,val
10644,5.357429017749382e-06,0,0,unlabeled
10645,7.245773758768337e-09,0,0,unlabeled
10646,6.471105429284307e-09,0,0,val
10647,0.0012661006767302752,0,0,unlabeled
10648,4.462457923182228e-07,0,0,unlabeled
10649,3.303726430203824e-07,0,0,train
10650,0.0019178433576598763,0,0,unlabeled
10651,6.345255769701907e-07,0,0,unlabeled
10652,4.5705391471528856e-07,0,0,unlabeled
10653,7.869814453442814e-07,0,0,unlabeled
10654,1.3453714808875361e-09,0,0,unlabeled
10655,1.1547588441018775e-09,0,0,unlabeled
10656,0.0015352031914517283,0,0,unlabeled
10657,4.5221230493552866e-07,0,0,unlabeled
10658,3.571413458303141e-07,0,0,train
10659,0.0011523799039423466,0,0,unlabeled
10660,4.0236781728708593e-07,0,0,unlabeled
10661,3.130740822143707e-07,0,0,train
10662,6.883907417432056e-07,0,0,unlabeled
10663,1.250377024142324e-09,0,0,train
10664,1.1881424732962387e-09,0,0,unlabeled
10665,0.00027497930568642914,0,0,unlabeled
10666,1.0924896542974238e-07,0,0,unlabeled
10667,8.984158483826832e-08,0,0,unlabeled
10668,0.0002668335509952158,0,0,unlabeled
10669,1.3093844586364867e-07,0,0,unlabeled
10670,1.0436466624241802e-07,0,0,unlabeled
10671,1.9842892129418033e-07,0,0,unlabeled
10672,3.0849106602559573e-10,0,0,unlabeled
10673,2.998604420323403e-10,0,0,unlabeled
10674,0.000131427965243347,0,0,unlabeled
10675,1.434142546941075e-07,0,0,unlabeled
10676,1.0677604223019443e-07,0,0,unlabeled
10677,0.00026743614580482244,0,0,unlabeled
10678,2.3144376370964892e-07,0,0,unlabeled
10679,1.742285604677818e-07,0,0,train
10680,3.0311466048260627e-07,0,0,unlabeled
10681,6.700475174703513e-10,0,0,unlabeled
10682,6.236625105238147e-10,0,0,unlabeled
10683,1.7743794160196558e-05,0,0,unlabeled
10684,2.8434579135705462e-08,0,0,unlabeled
10685,2.1297204000347847e-08,0,0,unlabeled
10686,3.994474172941409e-05,0,0,train
10687,4.9759957931883037e-08,0,0,unlabeled
10688,3.8569478277850067e-08,0,0,train
10689,6.298783716829348e-08,0,0,unlabeled
10690,1.334926474916287e-10,0,0,unlabeled
10691,1.198152826953347e-10,0,0,unlabeled
10692,0.0016833801055327058,0,0,unlabeled
10693,5.545123826777854e-07,0,0,unlabeled
10694,4.550927599211718e-07,0,0,unlabeled
10695,0.002078709192574024,0,0,train
10696,6.517198016808834e-07,0,0,unlabeled
10697,5.5372026963596e-07,0,0,unlabeled
10698,1.1152355909871403e-06,0,0,unlabeled
10699,1.987018549698405e-09,0,0,unlabeled
10700,1.8904795506813343e-09,0,0,train
10701,7.652762724319473e-05,0,0,unlabeled
10702,7.953210001687694e-08,0,0,unlabeled
10703,5.951159565142916e-08,0,0,unlabeled
10704,0.00013827966176904738,0,0,val
10705,1.2925767123306287e-07,0,0,train
10706,9.644755749604883e-08,0,0,unlabeled
10707,1.4027202155375562e-07,0,0,unlabeled
10708,3.4127706216580123e-10,0,0,unlabeled
10709,3.066378817528914e-10,0,0,unlabeled
10710,6.211277650436386e-05,0,0,unlabeled
10711,6.872972591054349e-08,0,0,unlabeled
10712,5.442239725539366e-08,0,0,unlabeled
10713,6.087373913032934e-05,0,0,unlabeled
10714,7.522870504317325e-08,0,0,train
10715,5.852785989191034e-08,0,0,unlabeled
10716,1.1260600274454191e-07,0,0,val
10717,3.055344865998677e-10,0,0,unlabeled
10718,2.869289250639895e-10,0,0,unlabeled
10719,1.1136817192891613e-05,0,0,unlabeled
10720,1.598062127072808e-08,0,0,train
10721,1.2316382580479512e-08,0,0,unlabeled
10722,1.490963222749997e-05,0,0,unlabeled
10723,2.1610480516187636e-08,0,0,unlabeled
10724,1.6939015523576018e-08,0,0,train
10725,2.7947802294647772e-08,0,0,unlabeled
10726,6.493675736019e-11,0,0,unlabeled
10727,6.541611002885972e-11,0,0,train
10728,1.158351187768858e-05,0,0,unlabeled
10729,2.7328736607046267e-08,0,0,unlabeled
10730,2.0678369239135463e-08,0,0,unlabeled
10731,2.4688084522495046e-05,0,0,unlabeled
10732,4.754017624009066e-08,0,0,unlabeled
10733,3.597656572651431e-08,0,0,unlabeled
10734,6.31448102694776e-08,0,0,unlabeled
10735,1.764776935697654e-10,0,0,train
10736,1.6293803806188834e-10,0,0,unlabeled
10737,1.5692457964178175e-06,0,0,unlabeled
10738,4.91592988538514e-09,0,0,unlabeled
10739,3.534913473046686e-09,0,0,unlabeled
10740,3.897934220731258e-06,0,0,unlabeled
10741,9.399648170926866e-09,0,0,train
10742,7.276117486298972e-09,0,0,unlabeled
10743,1.0936984651266357e-08,0,0,unlabeled
10744,3.442896315264399e-11,0,0,train
10745,2.99926680713547e-11,0,0,train
10746,0.00027249136473983526,0,0,unlabeled
10747,1.9856123856243357e-07,0,0,unlabeled
10748,1.8076430308155977e-07,0,0,unlabeled
10749,0.00039329315768554807,0,0,unlabeled
10750,2.524007811643969e-07,0,0,unlabeled
10751,2.2434350910316425e-07,0,0,unlabeled
10752,3.81765971724235e-07,0,0,unlabeled
10753,7.849353389488556e-10,0,0,unlabeled
10754,8.06759159477366e-10,0,0,unlabeled
10755,2.0216071789036505e-05,0,0,unlabeled
10756,3.431042117085781e-08,0,0,unlabeled
10757,2.7992134832288684e-08,0,0,train
10758,3.5014672903344035e-05,0,0,unlabeled
10759,5.125301427710838e-08,0,0,unlabeled
10760,4.246018292519693e-08,0,0,unlabeled
10761,5.641317457616424e-08,0,0,val
10762,1.4368539691389515e-10,0,0,train
10763,1.4478361565206654e-10,0,0,unlabeled
10764,1.4882612049404997e-05,0,0,train
10765,2.7643919153774732e-08,0,0,unlabeled
10766,2.5266514214195013e-08,0,0,unlabeled
10767,1.6506453903275542e-05,0,0,unlabeled
10768,3.07066621019203e-08,0,0,unlabeled
10769,2.684040900646778e-08,0,0,unlabeled
10770,4.674291531614472e-08,0,0,unlabeled
10771,1.2548632966069562e-10,0,0,val
10772,1.3405475340899642e-10,0,0,unlabeled
10773,4.196873305772897e-06,0,0,val
10774,7.333940121867499e-09,0,0,unlabeled
10775,6.322130374769586e-09,0,0,unlabeled
10776,5.148432592250174e-06,0,0,unlabeled
10777,9.44196454355506e-09,0,0,train
10778,8.32419644325455e-09,0,0,unlabeled
10779,1.2951204553246498e-08,0,0,val
10780,3.0341056056482074e-11,0,0,unlabeled
10781,3.4171131202409555e-11,0,0,train
10782,4.093738880328601e-06,0,0,unlabeled
10783,1.1818551470810235e-08,0,0,unlabeled
10784,9.91727677757126e-09,0,0,unlabeled
10785,8.568143130105454e-06,0,0,unlabeled
10786,2.0373978060206355e-08,0,0,unlabeled
10787,1.6814924563846034e-08,0,0,unlabeled
10788,2.687985833915718e-08,0,0,train
10789,7.883844271860951e-11,0,0,unlabeled
10790,7.816988029096805e-11,0,0,unlabeled
10791,8.00557813818159e-07,0,0,unlabeled
10792,2.4035542445233204e-09,0,0,unlabeled
10793,1.9810431073352675e-09,0,0,unlabeled
10794,1.736257672746433e-06,0,0,unlabeled
10795,4.349585580598614e-09,0,0,unlabeled
10796,3.709436091625662e-09,0,0,unlabeled
10797,5.4450612907430695e-09,0,0,unlabeled
10798,1.6649107439925537e-11,0,0,unlabeled
10799,1.52016316201653e-11,0,0,unlabeled
10800,0.013657405972480774,0,0,unlabeled
10801,2.828345031957724e-06,0,0,unlabeled
10802,2.2658125544694485e-06,0,0,train
10803,0.012006038799881935,0,0,train
10804,1.962035412361729e-06,0,0,unlabeled
10805,1.9214458006899804e-06,0,0,unlabeled
10806,4.308096777094761e-06,0,0,unlabeled
10807,6.691934117952769e-09,0,0,train
10808,6.934780305556387e-09,0,0,unlabeled
10809,0.0017459184164181352,0,0,unlabeled
10810,4.710351504400023e-07,0,0,unlabeled
10811,4.6470685788335686e-07,0,0,unlabeled
10812,0.001778080826625228,0,0,unlabeled
10813,5.580386073233967e-07,0,0,unlabeled
10814,5.526771928998642e-07,0,0,val
10815,9.468828352510172e-07,0,0,unlabeled
10816,1.5433618827387363e-09,0,0,unlabeled
10817,1.6266517022245353e-09,0,0,train
10818,0.0006103285122662783,0,0,unlabeled
10819,2.750195164935576e-07,0,0,unlabeled
10820,2.682421893496212e-07,0,0,unlabeled
10821,0.0003257207863498479,0,0,train
10822,2.2039995428713155e-07,0,0,unlabeled
10823,2.0021154512050998e-07,0,0,unlabeled
10824,4.3785587422462413e-07,0,0,unlabeled
10825,1.0331663302665106e-09,0,0,unlabeled
10826,1.0738435696211468e-09,0,0,unlabeled
10827,0.0002112561633111909,0,0,unlabeled
10828,1.0858667565116775e-07,0,0,unlabeled
10829,9.915937937421404e-08,0,0,train
10830,0.00016720668645575643,0,0,unlabeled
10831,1.1116597420368635e-07,0,0,unlabeled
10832,1.0686303397733354e-07,0,0,unlabeled
10833,1.9830237363294145e-07,0,0,unlabeled
10834,3.747051557922987e-10,0,0,unlabeled
10835,3.742601784040289e-10,0,0,unlabeled
10836,0.00010473865404492244,0,0,unlabeled
10837,1.4058659303373133e-07,0,0,unlabeled
10838,1.208193367574495e-07,0,0,unlabeled
10839,0.00018006988102570176,0,0,unlabeled
10840,1.8904054854829155e-07,0,0,train
10841,1.6744756692332885e-07,0,0,unlabeled
10842,2.936728265012789e-07,0,0,train
10843,7.075479091511738e-10,0,0,unlabeled
10844,6.974146260496639e-10,0,0,unlabeled
10845,2.4805585780995898e-05,0,0,unlabeled
10846,3.637593692928931e-08,0,0,unlabeled
10847,3.197638065444153e-08,0,0,unlabeled
10848,5.08537377754692e-05,0,0,unlabeled
10849,5.9347915026819464e-08,0,0,unlabeled
10850,5.2067377964704065e-08,0,0,unlabeled
10851,8.500077797179983e-08,0,0,unlabeled
10852,1.6911043398959436e-10,0,0,unlabeled
10853,1.6817824910475565e-10,0,0,unlabeled
10854,0.0038993852213025093,0,0,unlabeled
10855,7.233079486468341e-07,0,0,unlabeled
10856,6.556859943884774e-07,0,0,unlabeled
10857,0.002657664706930518,0,0,unlabeled
10858,6.192518640091293e-07,0,0,train
10859,5.49619699086179e-07,0,0,unlabeled
10860,1.2814582532882923e-06,0,0,unlabeled
10861,1.8077794816662163e-09,0,0,unlabeled
10862,1.7595078727339342e-09,0,0,unlabeled
10863,0.00023771548876538873,0,0,train
10864,1.1615470185688537e-07,0,0,train
10865,9.876922035800817e-08,0,0,unlabeled
10866,0.000246601237449795,0,0,val
10867,1.4063408571018954e-07,0,0,unlabeled
10868,1.1825682122434955e-07,0,0,unlabeled
10869,2.0444561243948556e-07,0,0,unlabeled
10870,3.4926495029452553e-10,0,0,unlabeled
10871,3.240483992250631e-10,0,0,unlabeled
10872,0.00013625650899484754,0,0,unlabeled
10873,7.809801161329233e-08,0,0,val
10874,7.275593816302717e-08,0,0,unlabeled
10875,8.382400119444355e-05,0,0,unlabeled
10876,6.762481774558182e-08,0,0,unlabeled
10877,6.063572755010682e-08,0,0,unlabeled
10878,1.286804689470955e-07,0,0,unlabeled
10879,2.638769480700631e-10,0,0,unlabeled
10880,2.6468147118485774e-10,0,0,unlabeled
10881,2.9716382414335385e-05,0,0,unlabeled
10882,2.2786764475313248e-08,0,0,unlabeled
10883,2.082060568397992e-08,0,0,train
10884,2.7855614462168887e-05,0,0,unlabeled
10885,2.5044082363478992e-08,0,0,unlabeled
10886,2.2315404635264713e-08,0,0,train
10887,4.316570212381521e-08,0,0,unlabeled
10888,7.22524470808672e-11,0,0,unlabeled
10889,7.432961884878964e-11,0,0,unlabeled
10890,2.555166975071188e-05,0,0,unlabeled
10891,3.438458051618909e-08,0,0,unlabeled
10892,3.0797227879020284e-08,0,0,val
10893,3.603359800763428e-05,0,0,unlabeled
10894,4.7978890194144697e-08,0,0,unlabeled
10895,4.111122109407006e-08,0,0,unlabeled
10896,7.253257905404098e-08,0,0,unlabeled
10897,1.6001770741791432e-10,0,0,unlabeled
10898,1.594188114850681e-10,0,0,unlabeled
10899,4.251661266607698e-06,0,0,train
10900,7.344999719549605e-09,0,0,unlabeled
10901,6.267311114527274e-09,0,0,unlabeled
10902,7.50835943108541e-06,0,0,unlabeled
10903,1.1347876416323288e-08,0,0,unlabeled
10904,1.0024536756247926e-08,0,0,unlabeled
10905,1.6369140709571184e-08,0,0,train
10906,3.369060933011703e-11,0,0,unlabeled
10907,3.299275436186022e-11,0,0,unlabeled
10908,0.00039194035343825817,0,0,unlabeled
10909,1.7092663995299517e-07,0,0,unlabeled
10910,1.5967769684266386e-07,0,0,train
10911,0.0003239018260501325,0,0,unlabeled
10912,1.5697379751600238e-07,0,0,unlabeled
10913,1.539940370776094e-07,0,0,unlabeled
10914,3.110805835149222e-07,0,0,unlabeled
10915,5.203664721342705e-10,0,0,unlabeled
10916,5.505366718061566e-10,0,0,unlabeled
10917,2.2620821255259216e-05,0,0,unlabeled
10918,2.5347508980644307e-08,0,0,train
10919,2.236001428457257e-08,0,0,unlabeled
10920,2.785468677757308e-05,0,0,val
10921,3.081414590155873e-08,0,0,unlabeled
10922,2.7357316412235377e-08,0,0,unlabeled
10923,4.476894588378855e-08,0,0,train
10924,9.146588347830331e-11,0,0,unlabeled
10925,9.063922529195523e-11,0,0,val
10926,1.1328906111884862e-05,0,0,unlabeled
10927,1.4864018460514217e-08,0,0,unlabeled
10928,1.453989462163463e-08,0,0,unlabeled
10929,8.390635230171029e-06,0,0,unlabeled
10930,1.372100921770425e-08,0,0,unlabeled
10931,1.2518905911917955e-08,0,0,train
10932,2.5764162359109832e-08,0,0,train
10933,6.500627813821325e-11,0,0,unlabeled
10934,6.840985417033707e-11,0,0,unlabeled
10935,2.378220187893021e-06,0,0,train
10936,3.485284727489102e-09,0,0,unlabeled
10937,3.2717120124203802e-09,0,0,train
10938,2.4721039153519087e-06,0,0,unlabeled
10939,4.261041297581869e-09,0,0,unlabeled
10940,3.903259049309327e-09,0,0,unlabeled
10941,6.653802842038203e-09,0,0,unlabeled
10942,1.5251525736781346e-11,0,0,unlabeled
10943,1.6475300290696993e-11,0,0,unlabeled
10944,3.300260914329556e-06,0,0,unlabeled
10945,7.363360587930856e-09,0,0,unlabeled
10946,6.567797417034171e-09,0,0,unlabeled
10947,4.942637588101206e-06,0,0,unlabeled
10948,1.0753424817266932e-08,0,0,unlabeled
10949,9.259340849609998e-09,0,0,unlabeled
10950,1.69206426647861e-08,0,0,unlabeled
10951,4.389702837337417e-11,0,0,unlabeled
10952,4.4671641385996e-11,0,0,unlabeled
10953,4.764993377648352e-07,0,0,train
10954,1.3273510068856353e-09,0,0,unlabeled
10955,1.1360647977909366e-09,0,0,unlabeled
10956,9.021271125675412e-07,0,0,unlabeled
10957,2.241141050518536e-09,0,0,unlabeled
10958,2.0036954317959044e-09,0,0,unlabeled
10959,3.074092980170917e-09,0,0,unlabeled
10960,8.745344726168724e-12,0,0,unlabeled
10961,8.78372635043645e-12,0,0,unlabeled
10962,8.199333387892693e-05,0,0,val
10963,6.863501766929403e-08,0,0,train
10964,6.984682698885081e-08,0,0,unlabeled
10965,7.638916576979682e-05,0,0,unlabeled
10966,6.590777701376282e-08,0,0,unlabeled
10967,6.746095948528819e-08,0,0,unlabeled
10968,1.2005403959847172e-07,0,0,unlabeled
10969,2.1530273397463162e-10,0,0,unlabeled
10970,2.428270085008677e-10,0,0,unlabeled
10971,7.447108146152459e-06,0,0,unlabeled
10972,1.0816349593767427e-08,0,0,unlabeled
10973,1.0616717283085109e-08,0,0,train
10974,8.825483746477403e-06,0,0,unlabeled
10975,1.3118524933020126e-08,0,0,unlabeled
10976,1.2521101488971453e-08,0,0,unlabeled
10977,1.822953343832978e-08,0,0,unlabeled
10978,4.0166786563489154e-11,0,0,val
10979,4.340630979648985e-11,0,0,train
10980,3.7320630781323416e-06,0,0,unlabeled
10981,6.723727796753565e-09,0,0,train
10982,7.317466188538901e-09,0,0,unlabeled
10983,2.974965809698915e-06,0,0,unlabeled
10984,6.387656625861382e-09,0,0,unlabeled
10985,6.455806111915763e-09,0,0,unlabeled
10986,1.1457446547069594e-08,0,0,unlabeled
10987,2.963182477166981e-11,0,0,unlabeled
10988,3.487488423048468e-11,0,0,unlabeled
10989,1.0537060006754473e-06,0,0,val
10990,1.7465445756315034e-09,0,0,unlabeled
10991,1.8244201704931129e-09,0,0,unlabeled
10992,1.0485796337889042e-06,0,0,unlabeled
10993,2.1261070681788397e-09,0,0,unlabeled
10994,2.188991210516633e-09,0,0,val
10995,3.264885917175775e-09,0,0,unlabeled
10996,7.899043398540417e-12,0,0,unlabeled
10997,9.116278044951631e-12,0,0,unlabeled
10998,1.46532556755119e-06,0,0,val
10999,3.5397103026468812e-09,0,0,train
11000,3.4095906098485784e-09,0,0,unlabeled
11001,2.0911204501317116e-06,0,0,unlabeled
11002,5.209486619861536e-09,0,0,train
11003,4.817758636477265e-09,0,0,unlabeled
11004,7.799942913777613e-09,0,0,unlabeled
11005,2.091913621493635e-11,0,0,unlabeled
11006,2.229873403980509e-11,0,0,unlabeled
11007,2.667867136096902e-07,0,0,unlabeled
11008,7.133312274199e-10,0,0,train
11009,6.685539344353231e-10,0,0,unlabeled
11010,4.770604391524103e-07,0,0,unlabeled
11011,1.1796001953001678e-09,0,0,unlabeled
11012,1.1059485549580472e-09,0,0,unlabeled
11013,1.594550824712826e-09,0,0,unlabeled
11014,4.431122135883925e-12,0,0,unlabeled
11015,4.670905155712557e-12,0,0,unlabeled
11016,0.0037946177180856466,0,0,unlabeled
11017,1.1326338835715433e-06,0,0,unlabeled
11018,1.2095254078303697e-06,0,0,unlabeled
11019,0.0026367653626948595,0,0,unlabeled
11020,9.760350394572015e-07,0,0,unlabeled
11021,1.015461634779058e-06,0,0,train
11022,1.8245710862174747e-06,0,0,unlabeled
11023,4.157605371091222e-09,0,0,unlabeled
11024,4.03697475448439e-09,0,0,unlabeled
11025,0.00029751507099717855,0,0,unlabeled
11026,1.9563577779990737e-07,0,0,unlabeled
11027,2.009244326472981e-07,0,0,train
11028,0.000363712984835729,0,0,unlabeled
11029,2.6083188231496024e-07,0,0,unlabeled
11030,2.4386582708757487e-07,0,0,unlabeled
11031,3.5298188549859333e-07,0,0,unlabeled
11032,8.104653059781697e-10,0,0,unlabeled
11033,8.831125275499119e-10,0,0,train
11034,0.00012185765808681026,0,0,train
11035,1.4926239089163573e-07,0,0,unlabeled
11036,1.3826519307258422e-07,0,0,unlabeled
11037,9.122244955506176e-05,0,0,val
11038,1.2753072553550737e-07,0,0,unlabeled
11039,1.0925625559821128e-07,0,0,unlabeled
11040,1.8961831926844752e-07,0,0,val
11041,5.824661308828638e-10,0,0,unlabeled
11042,5.655240720159327e-10,0,0,val
11043,3.913251930498518e-05,0,0,unlabeled
11044,4.674604525689574e-08,0,0,unlabeled
11045,4.1590432431348745e-08,0,0,unlabeled
11046,3.813018702203408e-05,0,0,unlabeled
11047,4.833675149029659e-08,0,0,unlabeled
11048,4.3381124470442955e-08,0,0,train
11049,6.986601164271633e-08,0,0,train
11050,1.8389423317444198e-10,0,0,unlabeled
11051,1.7563685228427772e-10,0,0,unlabeled
11052,3.550654582795687e-05,0,0,train
11053,8.75530830057869e-08,0,0,train
11054,6.89667558617657e-08,0,0,unlabeled
11055,5.824403342558071e-05,0,0,unlabeled
11056,1.1524166865228835e-07,0,0,unlabeled
11057,9.375141019063449e-08,0,0,unlabeled
11058,1.4757833355361072e-07,0,0,unlabeled
11059,4.506481299237919e-10,0,0,unlabeled
11060,4.1981720877437567e-10,0,0,val
11061,7.485544756491436e-06,0,0,unlabeled
11062,1.7611572644682383e-08,0,0,train
11063,1.5114514084757502e-08,0,0,unlabeled
11064,1.577094735694118e-05,0,0,train
11065,2.8612312519271654e-08,0,0,val
11066,2.4166105561107543e-08,0,0,unlabeled
11067,3.626924538480125e-08,0,0,unlabeled
11068,9.730885541792134e-11,0,0,unlabeled
11069,9.515808974125406e-11,0,0,train
11070,0.0010678793769329786,0,0,unlabeled
11071,3.954706357944815e-07,0,0,unlabeled
11072,3.745348067241139e-07,0,0,unlabeled
11073,0.0008250825339928269,0,0,unlabeled
11074,3.830628259038349e-07,0,0,unlabeled
11075,3.2339582389795396e-07,0,0,unlabeled
11076,6.293648766586557e-07,0,0,unlabeled
11077,1.1115866005440012e-09,0,0,unlabeled
11078,1.0438048203553763e-09,0,0,unlabeled
11079,6.315043719951063e-05,0,0,unlabeled
11080,5.7978098766398034e-08,0,0,unlabeled
11081,5.083030174546366e-08,0,0,unlabeled
11082,7.64688229537569e-05,0,0,unlabeled
11083,7.546583447037847e-08,0,0,unlabeled
11084,6.279614694904012e-08,0,0,unlabeled
11085,9.555746771638951e-08,0,0,unlabeled
11086,2.0053575466860707e-10,0,0,unlabeled
11087,1.8862429673749403e-10,0,0,unlabeled
11088,4.014369915239513e-05,0,0,unlabeled
11089,4.808029885339238e-08,0,0,train
11090,4.1352183899334705e-08,0,0,unlabeled
11091,3.0043302103877068e-05,0,0,unlabeled
11092,4.084220606159761e-08,0,0,unlabeled
11093,3.634687573139672e-08,0,0,unlabeled
11094,6.264732377303517e-08,0,0,unlabeled
11095,1.6169347805128353e-10,0,0,unlabeled
11096,1.5683233878238667e-10,0,0,unlabeled
11097,8.45168688101694e-06,0,0,val
11098,1.0601985067637543e-08,0,0,unlabeled
11099,9.608762674417903e-09,0,0,unlabeled
11100,8.338465704582632e-06,0,0,unlabeled
11101,1.1763519935925615e-08,0,0,unlabeled
11102,1.0140072781439358e-08,0,0,unlabeled
11103,1.6891362975002266e-08,0,0,train
11104,3.7547975145768575e-11,0,0,unlabeled
11105,3.730505140908669e-11,0,0,unlabeled
11106,1.1159132554894313e-05,0,0,unlabeled
11107,2.255301545517341e-08,0,0,train
11108,1.8983900673674725e-08,0,0,unlabeled
11109,1.6018459064071067e-05,0,0,unlabeled
11110,3.1416629298064436e-08,0,0,unlabeled
11111,2.5394838232273287e-08,0,0,train
11112,3.980336416020691e-08,0,0,unlabeled
11113,1.1167820834767639e-10,0,0,unlabeled
11114,1.0603390387942113e-10,0,0,unlabeled
11115,1.673857809691981e-06,0,0,unlabeled
11116,3.825938676982332e-09,0,0,val
11117,3.289131189632144e-09,0,0,unlabeled
11118,2.989750100823585e-06,0,0,unlabeled
11119,6.309001321369578e-09,0,0,unlabeled
11120,5.252338564076808e-09,0,0,unlabeled
11121,7.858960593409847e-09,0,0,unlabeled
11122,2.1026782745514616e-11,0,0,unlabeled
11123,2.04755084415309e-11,0,0,train
11124,0.0001463385997340083,0,0,unlabeled
11125,1.1297054669512363e-07,0,0,unlabeled
11126,1.0225864599533452e-07,0,0,unlabeled
11127,0.00013480856432579458,0,0,train
11128,1.0901541003249804e-07,0,0,unlabeled
11129,1.0076433909489424e-07,0,0,train
11130,1.799505895405673e-07,0,0,unlabeled
11131,3.540120419032178e-10,0,0,val
11132,3.696734862668194e-10,0,0,train
11133,8.867243195709307e-06,0,0,unlabeled
11134,1.4116519508888814e-08,0,0,unlabeled
11135,1.276241068381978e-08,0,0,unlabeled
11136,1.199548933072947e-05,0,0,unlabeled
11137,1.8630785802997707e-08,0,0,unlabeled
11138,1.68080926954417e-08,0,0,unlabeled
11139,2.3556056660822833e-08,0,0,unlabeled
11140,6.057437190731818e-11,0,0,unlabeled
11141,6.014012898791776e-11,0,0,unlabeled
11142,5.068633072369266e-06,0,0,unlabeled
11143,1.0256274052267145e-08,0,0,unlabeled
11144,9.29194587939719e-09,0,0,unlabeled
11145,4.196665486233542e-06,0,0,unlabeled
11146,9.672200818044985e-09,0,0,unlabeled
11147,8.721487532170613e-09,0,0,unlabeled
11148,1.4431507544543365e-08,0,0,unlabeled
11149,4.643113671320975e-11,0,0,train
11150,4.6532385583608615e-11,0,0,unlabeled
11151,9.383679753227625e-07,0,0,train
11152,1.9847419263641086e-09,0,0,unlabeled
11153,1.8003643020847448e-09,0,0,unlabeled
11154,1.1004760835930938e-06,0,0,unlabeled
11155,2.4985669089261364e-09,0,0,unlabeled
11156,2.2001001021010325e-09,0,0,unlabeled
11157,3.1758520258051703e-09,0,0,unlabeled
11158,1.008341240366084e-11,0,0,unlabeled
11159,1.0513746991069883e-11,0,0,unlabeled
11160,1.7840192185758497e-06,0,0,unlabeled
11161,5.311475259617282e-09,0,0,unlabeled
11162,4.373660988932215e-09,0,0,unlabeled
11163,2.8307383672654396e-06,0,0,unlabeled
11164,7.897683396151933e-09,0,0,unlabeled
11165,6.349539116712322e-09,0,0,unlabeled
11166,1.051787457129194e-08,0,0,unlabeled
11167,3.3494866602534756e-11,0,0,unlabeled
11168,3.1667755223674376e-11,0,0,unlabeled
11169,2.3886957478680415e-07,0,0,unlabeled
11170,8.445673049806146e-10,0,0,train
11171,7.045058425525497e-10,0,0,unlabeled
11172,4.6293970967781206e-07,0,0,unlabeled
11173,1.528325466182423e-09,0,0,unlabeled
11174,1.2550744887818155e-09,0,0,train
11175,1.769260404849149e-09,0,0,unlabeled
11176,6.465260618537805e-12,0,0,unlabeled
11177,6.337019017171874e-12,0,0,train
11178,3.454430407145992e-05,0,0,unlabeled
11179,4.2707426928245695e-08,0,0,unlabeled
11180,4.2891503682085386e-08,0,0,unlabeled
11181,3.280487362644635e-05,0,0,unlabeled
11182,4.293308464298207e-08,0,0,unlabeled
11183,4.215523929929077e-08,0,0,unlabeled
11184,7.010896752035478e-08,0,0,unlabeled
11185,1.4960650773776507e-10,0,0,unlabeled
11186,1.6677338676718279e-10,0,0,unlabeled
11187,3.1202591799228685e-06,0,0,unlabeled
11188,5.986461104612317e-09,0,0,unlabeled
11189,6.036878108517385e-09,0,0,unlabeled
11190,3.838303655356867e-06,0,0,unlabeled
11191,7.739686225249898e-09,0,0,unlabeled
11192,7.489594722187576e-09,0,0,train
11193,9.646057286261112e-09,0,0,val
11194,2.75609552541356e-11,0,0,unlabeled
11195,2.9806469792337253e-11,0,0,unlabeled
11196,1.7624480506128748e-06,0,0,unlabeled
11197,4.359943073239947e-09,0,0,unlabeled
11198,4.473145853722826e-09,0,0,unlabeled
11199,1.6125251249832218e-06,0,0,unlabeled
11200,4.298656985923799e-09,0,0,unlabeled
11201,4.225955141379245e-09,0,0,unlabeled
11202,6.278246367230622e-09,0,0,unlabeled
11203,2.1844300673867778e-11,0,0,unlabeled
11204,2.3959627684644325e-11,0,0,unlabeled
11205,4.1306270759378094e-07,0,0,unlabeled
11206,9.358802621761697e-10,0,0,unlabeled
11207,9.56616896807816e-10,0,0,unlabeled
11208,4.3979898123325256e-07,0,0,unlabeled
11209,1.1461067650486711e-09,0,0,unlabeled
11210,1.1409811984108842e-09,0,0,unlabeled
11211,1.5297048072682173e-09,0,0,unlabeled
11212,5.06687443738163e-12,0,0,unlabeled
11213,5.679383612705591e-12,0,0,unlabeled
11214,8.254230010606989e-07,0,0,unlabeled
11215,2.4661910291712275e-09,0,0,val
11216,2.236200558058954e-09,0,0,unlabeled
11217,1.2422357258401462e-06,0,0,unlabeled
11218,3.682823157546977e-09,0,0,unlabeled
11219,3.1551667944995643e-09,0,0,unlabeled
11220,4.795251751232854e-09,0,0,unlabeled
11221,1.6368116931286814e-11,0,0,unlabeled
11222,1.6273265721067354e-11,0,0,unlabeled
11223,1.314278534891855e-07,0,0,unlabeled
11224,4.312994128508052e-10,0,0,unlabeled
11225,3.991340868925164e-10,0,0,unlabeled
11226,2.3646769875540485e-07,0,0,unlabeled
11227,7.223857068083817e-10,0,0,unlabeled
11228,6.3534605354576e-10,0,0,train
11229,9.103567899515497e-10,0,0,unlabeled
11230,3.267728101996603e-12,0,0,unlabeled
11231,3.3651417156305152e-12,0,0,unlabeled
11232,0.0009693343890830874,0,0,unlabeled
11233,6.800664777983911e-07,0,0,unlabeled
11234,6.600205324502895e-07,0,0,unlabeled
11235,0.0013524964451789856,0,0,unlabeled
11236,9.547125046083238e-07,0,0,unlabeled
11237,1.1000521453752299e-06,0,0,unlabeled
11238,1.5152058949752245e-06,0,0,unlabeled
11239,5.089333399155294e-09,0,0,unlabeled
11240,3.6883696097333996e-09,0,0,unlabeled
11241,0.00011645657650660723,0,0,unlabeled
11242,1.7086958337131364e-07,0,0,unlabeled
11243,1.4292409389327076e-07,0,0,unlabeled
11244,0.0002459503593854606,0,0,unlabeled
11245,3.662650840396964e-07,0,0,unlabeled
11246,2.452392777740897e-07,0,0,unlabeled
11247,3.3709821423144604e-07,0,0,unlabeled
11248,1.0040643871889188e-09,0,0,unlabeled
11249,1.2467572529928361e-09,0,0,unlabeled
11250,0.00011095598165411502,0,0,unlabeled
11251,1.547196291085129e-07,0,0,unlabeled
11252,1.759416932145541e-07,0,0,unlabeled
11253,0.00013071544526610523,0,0,train
11254,2.1825142937359487e-07,0,0,train
11255,1.5706304168361385e-07,0,0,val
11256,3.116902576039138e-07,0,0,unlabeled
11257,7.638707999468863e-10,0,0,unlabeled
11258,7.238379895468938e-10,0,0,unlabeled
11259,4.105611878912896e-05,0,0,unlabeled
11260,7.324842954403721e-08,0,0,unlabeled
11261,5.081789211658361e-08,0,0,train
11262,5.743128349422477e-05,0,0,unlabeled
11263,7.965978454649303e-08,0,0,unlabeled
11264,6.848658529179374e-08,0,0,train
11265,1.189530109968473e-07,0,0,unlabeled
11266,3.038891360773732e-10,0,0,unlabeled
11267,2.510627816754152e-10,0,0,unlabeled
11268,3.192056465195492e-05,0,0,unlabeled
11269,1.0145532769456622e-07,0,0,unlabeled
11270,6.796127394181894e-08,0,0,unlabeled
11271,8.823406824376434e-05,0,0,unlabeled
11272,1.2840561680604878e-07,0,0,unlabeled
11273,1.3246345531570114e-07,0,0,unlabeled
11274,2.289662432986006e-07,0,0,unlabeled
11275,5.011689951928133e-10,0,0,unlabeled
11276,4.782625961929909e-10,0,0,unlabeled
11277,8.882782822183799e-06,0,0,unlabeled
11278,2.6244471484915266e-08,0,0,unlabeled
11279,1.721768327911377e-08,0,0,unlabeled
11280,2.122083787980955e-05,0,0,unlabeled
11281,3.6961743887786724e-08,0,0,unlabeled
11282,3.149750682496233e-08,0,0,unlabeled
11283,5.0354191927226566e-08,0,0,unlabeled
11284,1.2069376054135716e-10,0,0,unlabeled
11285,1.1344878508845468e-10,0,0,unlabeled
11286,0.0002501204435247928,0,0,train
11287,2.232132914059548e-07,0,0,unlabeled
11288,2.3314977681820892e-07,0,0,unlabeled
11289,0.00031725401640869677,0,0,unlabeled
11290,3.76282628167246e-07,0,0,unlabeled
11291,2.3338802179750928e-07,0,0,unlabeled
11292,4.6559313204852515e-07,0,0,val
11293,1.0165822628138699e-09,0,0,unlabeled
11294,8.672729756575848e-10,0,0,val
11295,2.1316025595297106e-05,0,0,unlabeled
11296,3.9750865710175276e-08,0,0,unlabeled
11297,3.020996430791456e-08,0,0,unlabeled
11298,3.713266414706595e-05,0,0,unlabeled
11299,8.631398884517694e-08,0,0,unlabeled
11300,4.8133795615967756e-08,0,0,unlabeled
11301,7.761479992041131e-08,0,0,unlabeled
11302,2.0251413046512567e-10,0,0,unlabeled
11303,1.6877819974947528e-10,0,0,unlabeled
11304,2.876866710721515e-05,0,0,unlabeled
11305,5.1233172371212277e-08,0,0,unlabeled
11306,3.481087063050836e-08,0,0,unlabeled
11307,3.8413883885368705e-05,0,0,unlabeled
11308,4.695200672699684e-08,0,0,train
11309,4.612870441178529e-08,0,0,unlabeled
11310,7.562621107126688e-08,0,0,unlabeled
11311,1.687141398809544e-10,0,0,unlabeled
11312,1.587894260524081e-10,0,0,unlabeled
11313,8.431061360170133e-06,0,0,unlabeled
11314,1.1574011082871039e-08,0,0,unlabeled
11315,9.329577110861464e-09,0,0,unlabeled
11316,9.895860785036348e-06,0,0,unlabeled
11317,1.4618256827247933e-08,0,0,unlabeled
11318,1.2869918464275543e-08,0,0,val
11319,2.2301957613990453e-08,0,0,unlabeled
11320,4.774365625070942e-11,0,0,unlabeled
11321,4.4355297212916867e-11,0,0,unlabeled
11322,8.910194992495235e-06,0,0,val
11323,1.903008772785597e-08,0,0,unlabeled
11324,1.61829092348853e-08,0,0,unlabeled
11325,1.4600801478081848e-05,0,0,unlabeled
11326,2.846094737662952e-08,0,0,unlabeled
11327,2.4861179781510145e-08,0,0,val
11328,4.088117577794037e-08,0,0,unlabeled
11329,1.0393998162161466e-10,0,0,unlabeled
11330,9.79159808789376e-11,0,0,unlabeled
11331,1.4619379271607613e-06,0,0,unlabeled
11332,3.6870049235915303e-09,0,0,unlabeled
11333,3.0590840971456146e-09,0,0,unlabeled
11334,2.9315988285816275e-06,0,0,unlabeled
11335,6.821708087301204e-09,0,0,train
11336,5.387704504755675e-09,0,0,unlabeled
11337,8.661921846453424e-09,0,0,unlabeled
11338,2.213525196470556e-11,0,0,unlabeled
11339,2.0512017431806306e-11,0,0,unlabeled
11340,4.2604013287927955e-05,0,0,unlabeled
11341,8.21417529550672e-08,0,0,unlabeled
11342,5.692083249186908e-08,0,0,unlabeled
11343,7.52385167288594e-05,0,0,unlabeled
11344,8.74586163490676e-08,0,0,unlabeled
11345,7.8347767384912e-08,0,0,val
11346,1.391339736755981e-07,0,0,unlabeled
11347,3.2864394539089403e-10,0,0,unlabeled
11348,2.9161589809589827e-10,0,0,unlabeled
11349,4.609327334037516e-06,0,0,unlabeled
11350,1.0478627743282232e-08,0,0,unlabeled
11351,8.342189161680835e-09,0,0,unlabeled
11352,7.152656053222017e-06,0,0,unlabeled
11353,1.7989611578173026e-08,0,0,unlabeled
11354,1.3006186350139615e-08,0,0,unlabeled
11355,2.0077669304896517e-08,0,0,val
11356,6.185787299051171e-11,0,0,unlabeled
11357,5.7118792334831525e-11,0,0,unlabeled
11358,4.474506113183452e-06,0,0,train
11359,8.639400306265088e-09,0,0,train
11360,8.026248110581946e-09,0,0,unlabeled
11361,4.818086836166913e-06,0,0,train
11362,1.1140196320980067e-08,0,0,unlabeled
11363,9.750404039721161e-09,0,0,train
11364,1.7399951701690952e-08,0,0,val
11365,4.875640863266639e-11,0,0,unlabeled
11366,4.8973852750933133e-11,0,0,unlabeled
11367,8.978887535704416e-07,0,0,unlabeled
11368,2.013875732842507e-09,0,0,unlabeled
11369,1.7263382945387207e-09,0,0,unlabeled
11370,1.4135670198811567e-06,0,0,unlabeled
11371,3.019163141715353e-09,0,0,unlabeled
11372,2.752027272734381e-09,0,0,unlabeled
11373,4.112939766542922e-09,0,0,unlabeled
11374,1.1934423935211491e-11,0,0,unlabeled
11375,1.1413849032582135e-11,0,0,unlabeled
11376,1.4562258456862764e-06,0,0,unlabeled
11377,4.649259643940695e-09,0,0,unlabeled
11378,3.822962391097917e-09,0,0,unlabeled
11379,2.9807108603563393e-06,0,0,train
11380,7.513360600341912e-09,0,0,train
11381,6.89683021803944e-09,0,0,unlabeled
11382,1.0750451195917776e-08,0,0,unlabeled
11383,3.099447434817826e-11,0,0,unlabeled
11384,3.0357789199131346e-11,0,0,train
11385,2.320451102377774e-07,0,0,unlabeled
11386,8.396684458844561e-10,0,0,train
11387,6.858562051625938e-10,0,0,train
11388,5.175085107111954e-07,0,0,unlabeled
11389,1.5272967335278054e-09,0,0,unlabeled
11390,1.3162403389443966e-09,0,0,train
11391,1.8855856875887866e-09,0,0,unlabeled
11392,6.33041102177101e-12,0,0,unlabeled
11393,6.179121450622382e-12,0,0,unlabeled
11394,1.5974628695403226e-05,0,0,val
11395,2.5963608152324014e-08,0,0,unlabeled
11396,2.530254050725489e-08,0,0,unlabeled
11397,1.8305847333977e-05,0,0,train
11398,3.58314551363037e-08,0,0,unlabeled
11399,3.2147667639037536e-08,0,0,val
11400,5.494797861160805e-08,0,0,unlabeled
11401,1.4646876766999384e-10,0,0,unlabeled
11402,1.3915846253098607e-10,0,0,unlabeled
11403,1.6510940668013063e-06,0,0,unlabeled
11404,4.712775059090291e-09,0,0,unlabeled
11405,4.207625359242684e-09,0,0,unlabeled
11406,2.677696102182381e-06,0,0,unlabeled
11407,8.048675503857794e-09,0,0,unlabeled
11408,6.418836573374165e-09,0,0,unlabeled
11409,8.503413972960061e-09,0,0,train
11410,2.923285918887686e-11,0,0,unlabeled
11411,2.9544686142024545e-11,0,0,unlabeled
11412,1.5563923625450116e-06,0,0,unlabeled
11413,3.743588550264576e-09,0,0,unlabeled
11414,3.869383924381964e-09,0,0,unlabeled
11415,1.967075149877928e-06,0,0,unlabeled
11416,5.014274329084856e-09,0,0,train
11417,4.899959105131302e-09,0,0,unlabeled
11418,7.615596153698334e-09,0,0,unlabeled
11419,2.2704558719222057e-11,0,0,unlabeled
11420,2.4184652544501084e-11,0,0,unlabeled
11421,4.222432608003146e-07,0,0,train
11422,1.0688311347095691e-09,0,0,unlabeled
11423,1.0255838400752282e-09,0,0,unlabeled
11424,6.294033028098056e-07,0,0,unlabeled
11425,1.507975078141044e-09,0,0,unlabeled
11426,1.4854996122082298e-09,0,0,unlabeled
11427,2.0566375269481796e-09,0,0,unlabeled
11428,6.3448560641554685e-12,0,0,unlabeled
11429,6.4293032703277575e-12,0,0,unlabeled
11430,7.011223033259739e-07,0,0,unlabeled
11431,2.263268239488525e-09,0,0,unlabeled
11432,2.0592674232489117e-09,0,0,unlabeled
11433,1.3706878689845325e-06,0,0,unlabeled
11434,3.636142276164378e-09,0,0,unlabeled
11435,3.4855638375574927e-09,0,0,train
11436,5.060778018872725e-09,0,0,unlabeled
11437,1.5448238174786688e-11,0,0,unlabeled
11438,1.5497169519873566e-11,0,0,unlabeled
11439,1.3677417598501052e-07,0,0,unlabeled
11440,4.625720084749929e-10,0,0,val
11441,4.3467801580376886e-10,0,0,unlabeled
11442,2.7760324883274734e-07,0,0,unlabeled
11443,8.078139268619111e-10,0,0,unlabeled
11444,7.388750722370219e-10,0,0,train
11445,1.0285947649180116e-09,0,0,train
11446,3.3935666776674367e-12,0,0,unlabeled
11447,3.4803035019875805e-12,0,0,unlabeled
11448,0.001428635441698134,0,0,unlabeled
11449,9.611604809833807e-07,0,0,train
11450,1.0019452929554973e-06,0,0,unlabeled
11451,0.001823924481868744,0,0,unlabeled
11452,9.657159125708858e-07,0,0,unlabeled
11453,9.173155035568925e-07,0,0,unlabeled
11454,2.0954346382495714e-06,0,0,unlabeled
11455,5.909070122100957e-09,0,0,unlabeled
11456,4.4127923537473634e-09,0,0,unlabeled
11457,0.00018749934679362923,0,0,unlabeled
11458,2.8493380455074657e-07,0,0,unlabeled
11459,2.21840437575338e-07,0,0,unlabeled
11460,0.00037440352025441825,0,0,unlabeled
11461,3.214694004327612e-07,0,0,unlabeled
11462,2.7497338805915206e-07,0,0,unlabeled
11463,4.0546447621636617e-07,0,0,val
11464,1.1313076031527203e-09,0,0,unlabeled
11465,1.0262157790208448e-09,0,0,train
11466,0.00015000795247033238,0,0,unlabeled
11467,2.3508823687734548e-07,0,0,train
11468,1.6764361987497978e-07,0,0,unlabeled
11469,0.00018123412155546248,0,0,unlabeled
11470,1.89956054441609e-07,0,0,unlabeled
11471,1.5851350099183037e-07,0,0,unlabeled
11472,3.030010873317224e-07,0,0,unlabeled
11473,9.48984113513518e-10,0,0,val
11474,8.594706613074266e-10,0,0,unlabeled
11475,6.944398046471179e-05,0,0,unlabeled
11476,7.830325898794399e-08,0,0,unlabeled
11477,6.155795517770457e-08,0,0,unlabeled
11478,7.553931209258735e-05,0,0,unlabeled
11479,8.93363036880146e-08,0,0,train
11480,7.248416977745364e-08,0,0,unlabeled
11481,1.295599219020005e-07,0,0,unlabeled
11482,3.120572411585698e-10,0,0,unlabeled
11483,2.947541377640306e-10,0,0,unlabeled
11484,2.85869919025572e-05,0,0,train
11485,7.847609140299028e-08,0,0,val
11486,6.383420725342148e-08,0,0,val
11487,5.652514300891198e-05,0,0,unlabeled
11488,1.19167836487577e-07,0,0,unlabeled
11489,9.711541792967182e-08,0,0,train
11490,1.6180584339053894e-07,0,0,unlabeled
11491,5.487345577925851e-10,0,0,val
11492,5.068493957871567e-10,0,0,unlabeled
11493,7.199053925432963e-06,0,0,train
11494,2.113541874848579e-08,0,0,unlabeled
11495,1.6464424490436613e-08,0,0,unlabeled
11496,1.743748362059705e-05,0,0,unlabeled
11497,3.630994527270559e-08,0,0,unlabeled
11498,3.0278666685035205e-08,0,0,train
11499,4.541675124869471e-08,0,0,unlabeled
11500,1.34206715185492e-10,0,0,unlabeled
11501,1.2393475135041854e-10,0,0,unlabeled
11502,0.0005529612535610795,0,0,unlabeled
11503,4.255338694747479e-07,0,0,train
11504,2.782855403893336e-07,0,0,unlabeled
11505,0.000728524406440556,0,0,unlabeled
11506,4.0584399130239035e-07,0,0,train
11507,3.2193418064707657e-07,0,0,unlabeled
11508,5.896519041925785e-07,0,0,unlabeled
11509,1.3407911447771426e-09,0,0,unlabeled
11510,1.1296602542287815e-09,0,0,train
11511,4.5924043661216274e-05,0,0,unlabeled
11512,6.636378202529158e-08,0,0,unlabeled
11513,4.8133145469364536e-08,0,0,unlabeled
11514,6.475329428212717e-05,0,0,unlabeled
11515,8.798314610203306e-08,0,0,unlabeled
11516,6.31873433576402e-08,0,0,unlabeled
11517,9.840254477921917e-08,0,0,unlabeled
11518,2.7031399341126416e-10,0,0,unlabeled
11519,2.2335565341702335e-10,0,0,train
11520,6.247526471270248e-05,0,0,unlabeled
11521,6.92451322947818e-08,0,0,unlabeled
11522,5.6357027489184475e-08,0,0,unlabeled
11523,5.101742863189429e-05,0,0,unlabeled
11524,6.209059932871241e-08,0,0,unlabeled
11525,5.106283040845483e-08,0,0,unlabeled
11526,1.0146616347128656e-07,0,0,train
11527,2.4773913476217047e-10,0,0,unlabeled
11528,2.274696542237109e-10,0,0,train
11529,1.3528286217479035e-05,0,0,unlabeled
11530,1.7101982052736275e-08,0,0,unlabeled
11531,1.3830787182200766e-08,0,0,train
11532,1.537283242214471e-05,0,0,unlabeled
11533,2.092367701322928e-08,0,0,unlabeled
11534,1.687091710778077e-08,0,0,unlabeled
11535,2.9402224654972997e-08,0,0,unlabeled
11536,6.25437202028678e-11,0,0,unlabeled
11537,5.859748103409501e-11,0,0,unlabeled
11538,9.464455615670886e-06,0,0,unlabeled
11539,2.3208155397469454e-08,0,0,train
11540,1.7870874557956995e-08,0,0,train
11541,1.6957146726781502e-05,0,0,unlabeled
11542,3.480025156932243e-08,0,0,unlabeled
11543,2.790625863724472e-08,0,0,unlabeled
11544,4.4166512225274346e-08,0,0,unlabeled
11545,1.2542458738273865e-10,0,0,unlabeled
11546,1.1974309044315845e-10,0,0,unlabeled
11547,1.6959612594291684e-06,0,0,unlabeled
11548,4.7977768424800615e-09,0,0,unlabeled
11549,3.6701868211252986e-09,0,0,unlabeled
11550,3.4157128538936377e-06,0,0,val
11551,8.017036812191236e-09,0,0,unlabeled
11552,6.331652535607191e-09,0,0,train
11553,9.62618962319084e-09,0,0,unlabeled
11554,2.7789626502738862e-11,0,0,unlabeled
11555,2.5319881608032446e-11,0,0,unlabeled
11556,7.575399649795145e-05,0,0,train
11557,9.26586380955996e-08,0,0,unlabeled
11558,7.66206227353905e-08,0,0,unlabeled
11559,9.061140735866502e-05,0,0,unlabeled
11560,1.0842980202596664e-07,0,0,unlabeled
11561,9.136785195096309e-08,0,0,unlabeled
11562,1.7051765155429166e-07,0,0,unlabeled
11563,4.198179581749173e-10,0,0,unlabeled
11564,3.9196249024264773e-10,0,0,unlabeled
11565,5.444349426397821e-06,0,0,unlabeled
11566,1.4548494853272587e-08,0,0,unlabeled
11567,1.0688011364834438e-08,0,0,unlabeled
11568,9.28046847548103e-06,0,0,unlabeled
11569,2.2702474566926867e-08,0,0,unlabeled
11570,1.7006382080353433e-08,0,0,train
11571,2.36163426592384e-08,0,0,unlabeled
11572,7.764533460630219e-11,0,0,unlabeled
11573,6.825163351154018e-11,0,0,unlabeled
11574,5.340666120901005e-06,0,0,train
11575,1.2516686354047124e-08,0,0,unlabeled
11576,1.0208283107715488e-08,0,0,unlabeled
11577,5.58960209673387e-06,0,0,train
11578,1.4159342143216236e-08,0,0,unlabeled
11579,1.1411187550436352e-08,0,0,unlabeled
11580,2.052774306093852e-08,0,0,unlabeled
11581,6.884889186542509e-11,0,0,unlabeled
11582,6.414901249085503e-11,0,0,unlabeled
11583,1.1956836942772497e-06,0,0,train
11584,2.9322964056888168e-09,0,0,train
11585,2.261447251683535e-09,0,0,unlabeled
11586,1.6358582115572062e-06,0,0,unlabeled
11587,4.105329409753722e-09,0,0,unlabeled
11588,3.252920377505575e-09,0,0,unlabeled
11589,5.0261665940354305e-09,0,0,unlabeled
11590,1.5303978570524457e-11,0,0,unlabeled
11591,1.483875522456657e-11,0,0,unlabeled
11592,1.4418169484997634e-06,0,0,unlabeled
11593,4.89398166436672e-09,0,0,train
11594,3.940082926590094e-09,0,0,unlabeled
11595,2.703499148992705e-06,0,0,unlabeled
11596,8.34451263642677e-09,0,0,train
11597,6.689305553919667e-09,0,0,unlabeled
11598,1.0484265899890488e-08,0,0,train
11599,3.8077922759338634e-11,0,0,unlabeled
11600,3.614192278789119e-11,0,0,unlabeled
11601,2.1952060080820957e-07,0,0,unlabeled
11602,9.652125765313713e-10,0,0,unlabeled
11603,7.213544206408073e-10,0,0,unlabeled
11604,4.805793309969886e-07,0,0,val
11605,1.775087854483104e-09,0,0,train
11606,1.4194325714811384e-09,0,0,unlabeled
11607,2.0241461839987096e-09,0,0,unlabeled
11608,7.989730405055795e-12,0,0,unlabeled
11609,7.158042821669985e-12,0,0,unlabeled
11610,1.8894943423219956e-05,0,0,unlabeled
11611,3.745818943912127e-08,0,0,train
11612,3.375066626176704e-08,0,0,unlabeled
11613,2.617653262859676e-05,0,0,unlabeled
11614,4.490526350764412e-08,0,0,unlabeled
11615,4.0974459381004635e-08,0,0,unlabeled
11616,6.762843440810684e-08,0,0,unlabeled
11617,1.7797346929526725e-10,0,0,unlabeled
11618,1.7561005427602083e-10,0,0,train
11619,2.3110967504180735e-06,0,0,unlabeled
11620,6.638071425868475e-09,0,0,unlabeled
11621,5.4412407912707295e-09,0,0,unlabeled
11622,3.4596955629240256e-06,0,0,unlabeled
11623,9.870645634180164e-09,0,0,unlabeled
11624,8.031179277168121e-09,0,0,unlabeled
11625,1.020261919393306e-08,0,0,train
11626,3.499675896301291e-11,0,0,unlabeled
11627,3.395296890862376e-11,0,0,unlabeled
11628,2.034314775301027e-06,0,0,unlabeled
11629,5.494250387982902e-09,0,0,unlabeled
11630,5.010230008650751e-09,0,0,unlabeled
11631,2.218928102593054e-06,0,0,unlabeled
11632,6.270515218176342e-09,0,0,unlabeled
11633,5.572975414480652e-09,0,0,unlabeled
11634,9.122189226218325e-09,0,0,unlabeled
11635,2.984748559420325e-11,0,0,unlabeled
11636,3.162164280423596e-11,0,0,unlabeled
11637,5.77644073018746e-07,0,0,val
11638,1.4199333930875468e-09,0,0,unlabeled
11639,1.2304799401618993e-09,0,0,unlabeled
11640,7.164393309722072e-07,0,0,unlabeled
11641,1.915407166208638e-09,0,0,unlabeled
11642,1.6954877501973442e-09,0,0,unlabeled
11643,2.4665252063016396e-09,0,0,train
11644,7.440163068972439e-12,0,0,unlabeled
11645,8.17219989596163e-12,0,0,unlabeled
11646,6.552909326273948e-07,0,0,unlabeled
11647,2.3477235711055755e-09,0,0,val
11648,2.066964599478638e-09,0,0,unlabeled
11649,1.2197351679787971e-06,0,0,train
11650,3.866690523324223e-09,0,0,unlabeled
11651,3.32566285621283e-09,0,0,unlabeled
11652,4.952860788165481e-09,0,0,unlabeled
11653,1.831730080115168e-11,0,0,unlabeled
11654,1.8644693428049308e-11,0,0,unlabeled
11655,1.2648482083932322e-07,0,0,unlabeled
11656,5.15337050810416e-10,0,0,unlabeled
11657,4.3998141241452515e-10,0,0,unlabeled
11658,2.589771099792415e-07,0,0,unlabeled
11659,8.718788468975447e-10,0,0,unlabeled
11660,7.835113668974714e-10,0,0,unlabeled
11661,1.0416927320733294e-09,0,0,unlabeled
11662,4.136629840750805e-12,0,0,unlabeled
11663,3.85388075618831e-12,0,0,unlabeled
11664,0.0005489711184054613,0,0,unlabeled
11665,4.4615430283556634e-07,0,0,unlabeled
11666,3.6499025668490503e-07,0,0,unlabeled
11667,0.00044751522364094853,0,0,unlabeled
11668,3.06086349155521e-07,0,0,unlabeled
11669,3.135473320980964e-07,0,0,unlabeled
11670,5.906238698116795e-07,0,0,unlabeled
11671,1.4227230504815225e-09,0,0,unlabeled
11672,1.3897497597170627e-09,0,0,train
11673,7.805451605236158e-05,0,0,train
11674,8.182494326547385e-08,0,0,unlabeled
11675,7.507949106866363e-08,0,0,unlabeled
11676,7.966974226292223e-05,0,0,unlabeled
11677,9.580018911492516e-08,0,0,val
11678,8.799757722499635e-08,0,0,unlabeled
11679,1.4056662678285647e-07,0,0,unlabeled
11680,3.370393131252314e-10,0,0,unlabeled
11681,3.293341710453035e-10,0,0,unlabeled
11682,3.8085596315795556e-05,0,0,unlabeled
11683,5.177918538379345e-08,0,0,unlabeled
11684,5.039666106654295e-08,0,0,train
11685,2.3641685402253643e-05,0,0,train
11686,4.018822252760401e-08,0,0,val
11687,3.775017276552717e-08,0,0,unlabeled
11688,7.850828609434757e-08,0,0,unlabeled
11689,2.2645019193134885e-10,0,0,unlabeled
11690,2.2316958003809617e-10,0,0,unlabeled
11691,1.4371850738825742e-05,0,0,unlabeled
11692,1.8670414547727887e-08,0,0,unlabeled
11693,1.676784222581773e-08,0,0,unlabeled
11694,1.301298470934853e-05,0,0,unlabeled
11695,2.052954606313051e-08,0,0,unlabeled
11696,1.904842683586594e-08,0,0,train
11697,3.3161057899633306e-08,0,0,unlabeled
11698,7.931520717985308e-11,0,0,unlabeled
11699,7.660853895696818e-11,0,0,unlabeled
11700,9.599232726031914e-06,0,0,unlabeled
11701,2.5478186671534786e-08,0,0,unlabeled
11702,2.3275804394984334e-08,0,0,unlabeled
11703,1.423221328877844e-05,0,0,unlabeled
11704,3.250459457149191e-08,0,0,unlabeled
11705,2.967671797193816e-08,0,0,unlabeled
11706,4.867851544076984e-08,0,0,val
11707,1.4504951406646427e-10,0,0,unlabeled
11708,1.464905557968521e-10,0,0,unlabeled
11709,2.6642007924237987e-06,0,0,unlabeled
11710,6.5883609678962785e-09,0,0,unlabeled
11711,5.795718127643568e-09,0,0,train
11712,4.826608801522525e-06,0,0,train
11713,1.0294629149143475e-08,0,0,unlabeled
11714,9.458241301274484e-09,0,0,unlabeled
11715,1.3953788347009777e-08,0,0,unlabeled
11716,3.6428721150727483e-11,0,0,unlabeled
11717,3.5922001484500754e-11,0,0,unlabeled
11718,0.00014510817709378898,0,0,unlabeled
11719,1.0936217620383104e-07,0,0,train
11720,1.0122278837343401e-07,0,0,val
11721,0.00010325187031412497,0,0,train
11722,9.33212689346874e-08,0,0,unlabeled
11723,8.266292184089252e-08,0,0,unlabeled
11724,1.7567076326940878e-07,0,0,unlabeled
11725,3.5294342448644045e-10,0,0,unlabeled
11726,3.270855530868033e-10,0,0,unlabeled
11727,1.3132718777342234e-05,0,0,unlabeled
11728,1.9738815026926204e-08,0,0,val
11729,1.600511723154341e-08,0,0,unlabeled
11730,1.4363040463649668e-05,0,0,val
11731,2.285201006202442e-08,0,0,unlabeled
11732,1.8317994232575074e-08,0,0,train
11733,2.992625169895291e-08,0,0,train
11734,7.505016746955917e-11,0,0,unlabeled
11735,6.627590143359896e-11,0,0,unlabeled
11736,1.062999217538163e-05,0,0,unlabeled
11737,1.374203950632591e-08,0,0,unlabeled
11738,1.3232591022926954e-08,0,0,unlabeled
11739,6.9513362177531235e-06,0,0,unlabeled
11740,1.2036903029866153e-08,0,0,unlabeled
11741,1.094180390737165e-08,0,0,unlabeled
11742,2.1750251377739005e-08,0,0,train
11743,5.479341980141328e-11,0,0,train
11744,5.4933640969423436e-11,0,0,unlabeled
11745,2.6863360744755482e-06,0,0,unlabeled
11746,3.888946498165069e-09,0,0,unlabeled
11747,3.480740362604706e-09,0,0,unlabeled
11748,2.6828488444152754e-06,0,0,unlabeled
11749,4.531730102286247e-09,0,0,unlabeled
11750,3.989121033498577e-09,0,0,unlabeled
11751,7.1693535552697085e-09,0,0,unlabeled
11752,1.5870455991051635e-11,0,0,unlabeled
11753,1.5221825536149147e-11,0,0,unlabeled
11754,2.5732838366820943e-06,0,0,unlabeled
11755,5.801015223738659e-09,0,0,train
11756,5.4164206453322095e-09,0,0,unlabeled
11757,3.3356432140863035e-06,0,0,train
11758,7.783135025363208e-09,0,0,unlabeled
11759,7.143295732703336e-09,0,0,unlabeled
11760,1.1115744769085723e-08,0,0,unlabeled
11761,3.1604458633482935e-11,0,0,unlabeled
11762,3.2000187222269716e-11,0,0,unlabeled
11763,4.923133474221686e-07,0,0,train
11764,1.299983010127903e-09,0,0,unlabeled
11765,1.132324345398672e-09,0,0,unlabeled
11766,7.732886047051579e-07,0,0,train
11767,1.991674158929868e-09,0,0,unlabeled
11768,1.7922887618482264e-09,0,0,unlabeled
11769,2.618735450710119e-09,0,0,unlabeled
11770,7.304013296960399e-12,0,0,unlabeled
11771,7.06549228846054e-12,0,0,unlabeled
11772,2.6372850697953254e-05,0,0,unlabeled
11773,3.114527657999133e-08,0,0,unlabeled
11774,2.985191116522401e-08,0,0,unlabeled
11775,2.363327621424105e-05,0,0,unlabeled
11776,2.918816299768423e-08,0,0,unlabeled
11777,2.828646827879311e-08,0,0,unlabeled
11778,5.4324914344761055e-08,0,0,train
11779,1.1534793259437848e-10,0,0,val
11780,1.2007859984120017e-10,0,0,unlabeled
11781,2.3582954327139305e-06,0,0,unlabeled
11782,4.893291105645403e-09,0,0,unlabeled
11783,4.212467263897679e-09,0,0,unlabeled
11784,2.745239953583223e-06,0,0,unlabeled
11785,6.0239040422516155e-09,0,0,unlabeled
11786,5.353991916479117e-09,0,0,unlabeled
11787,8.076709967497209e-09,0,0,unlabeled
11788,2.260163931011583e-11,0,0,unlabeled
11789,2.163090366547049e-11,0,0,unlabeled
11790,1.5279595118045108e-06,0,0,unlabeled
11791,2.995593550991771e-09,0,0,unlabeled
11792,3.0287605756740277e-09,0,0,unlabeled
11793,1.1677418569888687e-06,0,0,unlabeled
11794,2.9006113066998296e-09,0,0,unlabeled
11795,2.7733948471109215e-09,0,0,unlabeled
11796,5.1494528641171655e-09,0,0,unlabeled
11797,1.5805478453811972e-11,0,0,unlabeled
11798,1.6842660946481125e-11,0,0,unlabeled
11799,3.287524634743022e-07,0,0,unlabeled
11800,7.039672178521528e-10,0,0,unlabeled
11801,6.591210910400491e-10,0,0,unlabeled
11802,3.6211847032063815e-07,0,0,unlabeled
11803,8.977127929910012e-10,0,0,unlabeled
11804,8.228609460481096e-10,0,0,unlabeled
11805,1.306226460329185e-09,0,0,unlabeled
11806,3.842628906042256e-12,0,0,unlabeled
11807,3.940204499480737e-12,0,0,train
11808,4.957829560225946e-07,0,0,val
11809,1.4273382475948893e-09,0,0,unlabeled
11810,1.352059908477088e-09,0,0,unlabeled
11811,6.897575985931326e-07,0,0,unlabeled
11812,2.0424355540171746e-09,0,0,unlabeled
11813,1.9247019533708e-09,0,0,unlabeled
11814,3.0753359858692875e-09,0,0,unlabeled
11815,9.843125446662437e-12,0,0,train
11816,1.0263773338181625e-11,0,0,unlabeled
11817,7.646004718253607e-08,0,0,unlabeled
11818,2.805207732770043e-10,0,0,unlabeled
11819,2.4635851691989785e-10,0,0,unlabeled
11820,1.3531202114336338e-07,0,0,val
11821,4.674028941664687e-10,0,0,unlabeled
11822,4.298777722677727e-10,0,0,unlabeled
11823,5.912189626755548e-10,0,0,unlabeled
11824,2.1693901015862327e-12,0,0,unlabeled
11825,2.183912556005807e-12,0,0,train
11826,8.37336847325787e-06,0,0,unlabeled
11827,1.3219472627667983e-08,0,0,unlabeled
11828,1.331802401693949e-08,0,0,train
11829,7.518698112107813e-06,0,0,unlabeled
11830,1.2885639222304235e-08,0,0,train
11831,1.2946586913642477e-08,0,0,unlabeled
11832,2.2223911599894564e-08,0,0,unlabeled
11833,5.142056919149596e-11,0,0,unlabeled
11834,5.535171626602775e-11,0,0,train
11835,9.99147573566006e-07,0,0,unlabeled
11836,2.2212289785272787e-09,0,0,unlabeled
11837,2.143894395345569e-09,0,0,unlabeled
11838,1.1014514029739075e-06,0,0,train
11839,2.7092834642417074e-09,0,0,unlabeled
11840,2.541343135931129e-09,0,0,unlabeled
11841,3.5083611571451456e-09,0,0,unlabeled
11842,1.0433838688872488e-11,0,0,unlabeled
11843,1.0827892402143213e-11,0,0,val
11844,6.477479246314033e-07,0,0,train
11845,1.4171575024590766e-09,0,0,unlabeled
11846,1.6036612038305975e-09,0,0,unlabeled
11847,5.221939431976352e-07,0,0,unlabeled
11848,1.4168195505703807e-09,0,0,unlabeled
11849,1.4667543846158537e-09,0,0,unlabeled
11850,2.444176860905145e-09,0,0,unlabeled
11851,7.612245035704124e-12,0,0,val
11852,8.739075435526544e-12,0,0,unlabeled
11853,1.6964192184332205e-07,0,0,train
11854,3.677409210478544e-10,0,0,unlabeled
11855,3.711203566680865e-10,0,0,unlabeled
11856,1.7340487090677925e-07,0,0,unlabeled
11857,4.801600783643778e-10,0,0,unlabeled
11858,4.936061559490668e-10,0,0,unlabeled
11859,6.766178728412342e-10,0,0,unlabeled
11860,2.0288545149460546e-12,0,0,unlabeled
11861,2.2325492149422033e-12,0,0,unlabeled
11862,2.499588731552649e-07,0,0,unlabeled
11863,7.385946854121528e-10,0,0,unlabeled
11864,7.474962870901436e-10,0,0,unlabeled
11865,3.484535682218848e-07,0,0,unlabeled
11866,1.0485780022051472e-09,0,0,unlabeled
11867,1.0380948323174266e-09,0,0,train
11868,1.4915640944579422e-09,0,0,unlabeled
11869,4.9977196860118145e-12,0,0,unlabeled
11870,5.3779732403502756e-12,0,0,unlabeled
11871,4.5405919024688046e-08,0,0,unlabeled
11872,1.582002168154517e-10,0,0,train
11873,1.49995654785684e-10,0,0,train
11874,7.894328746260726e-08,0,0,unlabeled
11875,2.5586566199109484e-10,0,0,unlabeled
11876,2.4733548542599237e-10,0,0,unlabeled
11877,3.172096751935527e-10,0,0,unlabeled
11878,1.1520642296050654e-12,0,0,unlabeled
11879,1.2103621056802627e-12,0,0,unlabeled
11880,0.00017214706167578697,0,0,unlabeled
11881,1.9455681865565566e-07,0,0,train
11882,2.0118194754559227e-07,0,0,unlabeled
11883,0.0001233015354955569,0,0,unlabeled
11884,1.6664814950217988e-07,0,0,unlabeled
11885,1.6491679843966267e-07,0,0,unlabeled
11886,2.907223972670181e-07,0,0,unlabeled
11887,8.37200808678773e-10,0,0,unlabeled
11888,7.96357035870443e-10,0,0,unlabeled
11889,1.9391902242205106e-05,0,0,unlabeled
11890,3.62641259243901e-08,0,0,unlabeled
11891,3.643537738184932e-08,0,0,unlabeled
11892,2.35083880397724e-05,0,0,val
11893,4.5934225312294075e-08,0,0,train
11894,4.257493202430851e-08,0,0,unlabeled
11895,5.6653949087603905e-08,0,0,unlabeled
11896,1.8340592933263622e-10,0,0,unlabeled
11897,1.8880245977737076e-10,0,0,unlabeled
11898,1.113251710194163e-05,0,0,unlabeled
11899,2.7340153252453092e-08,0,0,unlabeled
11900,2.5730280128755112e-08,0,0,unlabeled
11901,8.788016202743165e-06,0,0,train
11902,2.3279090655137225e-08,0,0,val
11903,2.025877421374389e-08,0,0,val
11904,3.4057251241392805e-08,0,0,unlabeled
11905,1.276561079066596e-10,0,0,unlabeled
11906,1.211811484491676e-10,0,0,unlabeled
11907,4.1810540096776094e-06,0,0,unlabeled
11908,8.337114998369088e-09,0,0,val
11909,7.31160643141493e-09,0,0,unlabeled
11910,4.1406237869523466e-06,0,0,unlabeled
11911,9.12963837862435e-09,0,0,train
11912,8.099140913486735e-09,0,0,unlabeled
11913,1.2285904738007503e-08,0,0,unlabeled
11914,4.088704028126777e-11,0,0,unlabeled
11915,3.711909599135588e-11,0,0,train
11916,4.264765721018193e-06,0,0,unlabeled
11917,1.540424499069104e-08,0,0,unlabeled
11918,1.3110320828957356e-08,0,0,unlabeled
11919,6.109624791861279e-06,0,0,unlabeled
11920,1.939839044950986e-08,0,0,unlabeled
11921,1.6789606149814063e-08,0,0,unlabeled
11922,2.4306309853727726e-08,0,0,unlabeled
11923,9.257212357782763e-11,0,0,train
11924,8.994244238280658e-11,0,0,unlabeled
11925,1.0245960311294766e-06,0,0,unlabeled
11926,3.3626126327845896e-09,0,0,unlabeled
11927,2.925202080561462e-09,0,0,val
11928,1.82081998900685e-06,0,0,unlabeled
11929,5.207807962648303e-09,0,0,unlabeled
11930,4.581669266201516e-09,0,0,unlabeled
11931,6.298780164115669e-09,0,0,unlabeled
11932,2.1774915204275658e-11,0,0,unlabeled
11933,2.1501576560889468e-11,0,0,unlabeled
11934,5.25242394360248e-05,0,0,unlabeled
11935,6.180147238410427e-08,0,0,unlabeled
11936,5.8796178592501747e-08,0,0,unlabeled
11937,4.4021497160429135e-05,0,0,unlabeled
11938,5.791411439304284e-08,0,0,unlabeled
11939,4.951805010477983e-08,0,0,unlabeled
11940,9.17380447162941e-08,0,0,unlabeled
11941,2.1313478759665827e-10,0,0,unlabeled
11942,1.94129545771915e-10,0,0,unlabeled
11943,5.093301751912804e-06,0,0,train
11944,9.977858539400586e-09,0,0,unlabeled
11945,8.568996179292299e-09,0,0,unlabeled
11946,5.948395937593887e-06,0,0,unlabeled
11947,1.257922299657821e-08,0,0,unlabeled
11948,1.0136765205004394e-08,0,0,unlabeled
11949,1.4455666885737628e-08,0,0,unlabeled
11950,4.360570932115948e-11,0,0,unlabeled
11951,4.0049664973285104e-11,0,0,val
11952,4.171988621237688e-06,0,0,train
11953,8.177871713144214e-09,0,0,unlabeled
11954,7.1880159602244476e-09,0,0,unlabeled
11955,3.1819586183701176e-06,0,0,val
11956,7.3023667113147894e-09,0,0,unlabeled
11957,6.497126836535472e-09,0,0,train
11958,1.0488945711983888e-08,0,0,train
11959,3.4136214688285094e-11,0,0,unlabeled
11960,3.2620565970642446e-11,0,0,train
11961,9.83282006927766e-07,0,0,unlabeled
11962,1.881565570016619e-09,0,0,unlabeled
11963,1.6977240724358467e-09,0,0,unlabeled
11964,9.94564288703259e-07,0,0,unlabeled
11965,2.169380897143469e-09,0,0,val
11966,1.8223578202025692e-09,0,0,unlabeled
11967,2.918876251811753e-09,0,0,unlabeled
11968,8.634676307295308e-12,0,0,unlabeled
11969,8.373804254169226e-12,0,0,unlabeled
11970,1.318695808549819e-06,0,0,unlabeled
11971,3.758413136267791e-09,0,0,unlabeled
11972,3.3250979747379006e-09,0,0,unlabeled
11973,1.7358189552396652e-06,0,0,unlabeled
11974,5.165102567872282e-09,0,0,unlabeled
11975,4.404350217868114e-09,0,0,unlabeled
11976,6.149279307976485e-09,0,0,unlabeled
11977,2.2118454637287677e-11,0,0,unlabeled
11978,2.1397906016518142e-11,0,0,unlabeled
11979,2.243490797582126e-07,0,0,unlabeled
11980,7.101654264651813e-10,0,0,unlabeled
11981,6.390516449350514e-10,0,0,unlabeled
11982,3.5997030067846936e-07,0,0,unlabeled
11983,1.1564890156634533e-09,0,0,unlabeled
11984,9.985697824177464e-10,0,0,unlabeled
11985,1.3353194106002775e-09,0,0,unlabeled
11986,4.7677929312928136e-12,0,0,val
11987,4.749069627135727e-12,0,0,unlabeled
11988,1.285510188608896e-05,0,0,unlabeled
11989,1.9775443504954637e-08,0,0,unlabeled
11990,1.8517136268769718e-08,0,0,unlabeled
11991,1.2247881386429071e-05,0,0,train
11992,1.9532047090820015e-08,0,0,unlabeled
11993,1.8544245250495806e-08,0,0,unlabeled
11994,3.05867722261155e-08,0,0,unlabeled
11995,7.721336070520834e-11,0,0,unlabeled
11996,7.842165805627133e-11,0,0,unlabeled
11997,1.091437297873199e-06,0,0,unlabeled
11998,2.751964656155792e-09,0,0,unlabeled
11999,2.482222205557605e-09,0,0,train
12000,1.3806677543470869e-06,0,0,unlabeled
12001,3.6069927045190298e-09,0,0,unlabeled
12002,3.2506815017541157e-09,0,0,unlabeled
12003,4.247336704565896e-09,0,0,unlabeled
12004,1.4570272072189638e-11,0,0,unlabeled
12005,1.4383146583474282e-11,0,0,train
12006,7.418256018354441e-07,0,0,unlabeled
12007,2.0099268915885204e-09,0,0,unlabeled
12008,1.8790908828947295e-09,0,0,unlabeled
12009,6.442031690312433e-07,0,0,unlabeled
12010,1.9986838850627464e-09,0,0,unlabeled
12011,1.8538681700874804e-09,0,0,unlabeled
12012,2.8258897444288777e-09,0,0,unlabeled
12013,1.1102781888316926e-11,0,0,train
12014,1.1192146168181871e-11,0,0,unlabeled
12015,1.4209534526798961e-07,0,0,unlabeled
12016,4.013992471740835e-10,0,0,unlabeled
12017,3.734800246846248e-10,0,0,unlabeled
12018,1.6470241348542913e-07,0,0,unlabeled
12019,5.431625704765963e-10,0,0,train
12020,4.777848117143435e-10,0,0,unlabeled
12021,6.481638559208136e-10,0,0,unlabeled
12022,2.605841540812004e-12,0,0,unlabeled
12023,2.619330967401634e-12,0,0,unlabeled
12024,2.839431374468404e-07,0,0,unlabeled
12025,1.0010315909525502e-09,0,0,unlabeled
12026,8.926773764628138e-10,0,0,unlabeled
12027,4.1560221575309697e-07,0,0,unlabeled
12028,1.5025056754325306e-09,0,0,unlabeled
12029,1.2949519234695117e-09,0,0,unlabeled
12030,1.831337193003435e-09,0,0,unlabeled
12031,7.385065649290201e-12,0,0,train
12032,7.328531878569855e-12,0,0,unlabeled
12033,4.0645286247809054e-08,0,0,unlabeled
12034,1.7899852433611585e-10,0,0,unlabeled
12035,1.558542322976919e-10,0,0,unlabeled
12036,7.577969540761842e-08,0,0,unlabeled
12037,3.1855448834328115e-10,0,0,unlabeled
12038,2.789691533333638e-10,0,0,unlabeled
12039,3.510347845736561e-10,0,0,unlabeled
12040,1.5957409005284973e-12,0,0,unlabeled
12041,1.5992907952816493e-12,0,0,unlabeled
12042,4.423283826326951e-06,0,0,unlabeled
12043,8.16588574537036e-09,0,0,train
12044,8.224706249393421e-09,0,0,unlabeled
12045,4.009325039078249e-06,0,0,unlabeled
12046,8.263309148048847e-09,0,0,unlabeled
12047,8.081055824504801e-09,0,0,unlabeled
12048,1.2684946426588795e-08,0,0,unlabeled
12049,3.515619045879603e-11,0,0,train
12050,3.8130543861258914e-11,0,0,unlabeled
12051,4.798689587914851e-07,0,0,train
12052,1.2718759379026778e-09,0,0,unlabeled
12053,1.2719342246114707e-09,0,0,unlabeled
12054,5.50350307548797e-07,0,0,unlabeled
12055,1.6193243412843117e-09,0,0,unlabeled
12056,1.5745765802321898e-09,0,0,train
12057,1.9194228428887072e-09,0,0,unlabeled
12058,7.105779506466625e-12,0,0,unlabeled
12059,7.586530362257982e-12,0,0,unlabeled
12060,3.2044948738985113e-07,0,0,unlabeled
12061,9.182655191786182e-10,0,0,unlabeled
12062,9.628388086824202e-10,0,0,unlabeled
12063,2.94615944085308e-07,0,0,train
12064,9.375257237209667e-10,0,0,unlabeled
12065,9.531381239824555e-10,0,0,train
12066,1.3433585355215882e-09,0,0,unlabeled
12067,5.566858172351141e-12,0,0,unlabeled
12068,5.966594406048298e-12,0,0,unlabeled
12069,7.274650215549627e-08,0,0,train
12070,2.0729447325340544e-10,0,0,unlabeled
12071,2.1399142180467123e-10,0,0,unlabeled
12072,7.888413477985523e-08,0,0,unlabeled
12073,2.693145706444966e-10,0,0,unlabeled
12074,2.6148308518436636e-10,0,0,unlabeled
12075,3.352831345893037e-10,0,0,unlabeled
12076,1.388274478014706e-12,0,0,unlabeled
12077,1.5093338905092235e-12,0,0,train
12078,1.4472017539901572e-07,0,0,unlabeled
12079,4.962067423619487e-10,0,0,unlabeled
12080,4.863374147845434e-10,0,0,train
12081,2.077273535405766e-07,0,0,unlabeled
12082,7.436694038354119e-10,0,0,unlabeled
12083,6.709529598580843e-10,0,0,unlabeled
12084,9.138502177208352e-10,0,0,unlabeled
12085,3.852925357233916e-12,0,0,unlabeled
12086,3.991755710697209e-12,0,0,val
12087,2.4071798776503783e-08,0,0,unlabeled
12088,9.96506765993388e-11,0,0,train
12089,9.694871988541465e-11,0,0,unlabeled
12090,4.0926892097559175e-08,0,0,unlabeled
12091,1.6470566577275747e-10,0,0,unlabeled
12092,1.5454436341766353e-10,0,0,unlabeled
12093,1.933959520306061e-10,0,0,unlabeled
12094,8.615144730418633e-13,0,0,unlabeled
12095,9.048522022804539e-13,0,0,unlabeled
12096,0.0013676936505362391,0,0,unlabeled
12097,8.343280910594331e-07,0,0,unlabeled
12098,8.688332400197396e-07,0,0,unlabeled
12099,0.001882511074654758,0,0,unlabeled
12100,1.098242933039728e-06,0,0,unlabeled
12101,1.555401013320079e-06,0,0,unlabeled
12102,1.765593765412632e-06,0,0,unlabeled
12103,6.668070096083056e-09,0,0,unlabeled
12104,4.437235023857511e-09,0,0,unlabeled
12105,0.00015362742124125361,0,0,unlabeled
12106,2.060687478433465e-07,0,0,unlabeled
12107,1.8553362224338343e-07,0,0,unlabeled
12108,0.00031538426992483437,0,0,unlabeled
12109,4.887370437245409e-07,0,0,unlabeled
12110,3.023495764864492e-07,0,0,val
12111,3.8030410109968216e-07,0,0,unlabeled
12112,1.148233508274643e-09,0,0,unlabeled
12113,1.7771644156283628e-09,0,0,unlabeled
12114,0.00013849555398337543,0,0,unlabeled
12115,1.8793970468777843e-07,0,0,unlabeled
12116,2.68600814479214e-07,0,0,unlabeled
12117,0.00016471781418658793,0,0,train
12118,3.025168666681566e-07,0,0,val
12119,1.9087256930561125e-07,0,0,unlabeled
12120,4.196519114429975e-07,0,0,unlabeled
12121,8.795320027843445e-10,0,0,unlabeled
12122,8.846972043841106e-10,0,0,unlabeled
12123,5.166245682630688e-05,0,0,unlabeled
12124,1.0231698865936778e-07,0,0,unlabeled
12125,6.291651288847788e-08,0,0,unlabeled
12126,6.306498107733205e-05,0,0,unlabeled
12127,8.994908995418882e-08,0,0,val
12128,8.125044814732973e-08,0,0,unlabeled
12129,1.2968860119144665e-07,0,0,unlabeled
12130,4.149562082833569e-10,0,0,val
12131,3.081946364780208e-10,0,0,unlabeled
12132,4.2262079659849405e-05,0,0,unlabeled
12133,1.450487445708859e-07,0,0,unlabeled
12134,8.703361231710005e-08,0,0,unlabeled
12135,0.00013523214147426188,0,0,unlabeled
12136,1.555871449454571e-07,0,0,unlabeled
12137,1.905173832028595e-07,0,0,unlabeled
12138,3.253614693221607e-07,0,0,unlabeled
12139,5.914569389808833e-10,0,0,train
12140,6.006931618784961e-10,0,0,unlabeled
12141,1.274250553251477e-05,0,0,unlabeled
12142,3.855211971881545e-08,0,0,train
12143,2.226770057234262e-08,0,0,unlabeled
12144,2.5574290702934377e-05,0,0,unlabeled
12145,4.5025597472658774e-08,0,0,train
12146,3.928610681214195e-08,0,0,unlabeled
12147,5.906007416456305e-08,0,0,unlabeled
12148,1.489723761016748e-10,0,0,unlabeled
12149,1.4882554910666812e-10,0,0,unlabeled
12150,0.0003500784805510193,0,0,unlabeled
12151,2.73813611784135e-07,0,0,unlabeled
12152,3.405517929877533e-07,0,0,unlabeled
12153,0.0004327465721871704,0,0,unlabeled
12154,4.97726261983189e-07,0,0,unlabeled
12155,2.934407348220702e-07,0,0,train
12156,6.193268973220256e-07,0,0,train
12157,1.1787635312288103e-09,0,0,unlabeled
12158,1.0838544506341918e-09,0,0,unlabeled
12159,2.888266863010358e-05,0,0,unlabeled
12160,4.774627981873891e-08,0,0,train
12161,4.020908050961225e-08,0,0,unlabeled
12162,4.570576493279077e-05,0,0,unlabeled
12163,1.1919591713649424e-07,0,0,unlabeled
12164,6.239569927402044e-08,0,0,unlabeled
12165,9.104827825012762e-08,0,0,unlabeled
12166,2.344540950272034e-10,0,0,unlabeled
12167,2.1799530236510378e-10,0,0,unlabeled
12168,3.6860154068563133e-05,0,0,train
12169,7.318669759115437e-08,0,0,unlabeled
12170,4.5094697753711444e-08,0,0,unlabeled
12171,5.2067378419451416e-05,0,0,unlabeled
12172,5.5140215948767946e-08,0,0,unlabeled
12173,6.808075880826436e-08,0,0,train
12174,8.630691894495612e-08,0,0,unlabeled
12175,1.9834314746169923e-10,0,0,unlabeled
12176,2.034397927896947e-10,0,0,unlabeled
12177,1.2130081813666038e-05,0,0,unlabeled
12178,1.3942588417137358e-08,0,0,unlabeled
12179,1.2093399170964858e-08,0,0,unlabeled
12180,1.1619989891187288e-05,0,0,unlabeled
12181,1.7140257213554833e-08,0,0,unlabeled
12182,1.630849588707406e-08,0,0,unlabeled
12183,2.5018776383944896e-08,0,0,unlabeled
12184,5.698581537205705e-11,0,0,unlabeled
12185,5.7448650003788515e-11,0,0,unlabeled
12186,1.2957617400388699e-05,0,0,train
12187,2.329112547272416e-08,0,0,unlabeled
12188,2.095338835772509e-08,0,0,unlabeled
12189,1.7761249182512984e-05,0,0,unlabeled
12190,3.5347870408486415e-08,0,0,unlabeled
12191,3.1535137168248184e-08,0,0,unlabeled
12192,4.851714052733769e-08,0,0,unlabeled
12193,1.3024815948003976e-10,0,0,unlabeled
12194,1.2776475710740698e-10,0,0,unlabeled
12195,1.7913175724970642e-06,0,0,unlabeled
12196,4.604859604739886e-09,0,0,train
12197,3.972848716671251e-09,0,0,unlabeled
12198,3.4944100661959965e-06,0,0,unlabeled
12199,8.50990478085123e-09,0,0,train
12200,7.20883086557933e-09,0,0,unlabeled
12201,1.0505845082775522e-08,0,0,train
12202,2.843377269745595e-11,0,0,train
12203,2.8186683889708242e-11,0,0,val
12204,5.732709541916847e-05,0,0,train
12205,1.0961234409023746e-07,0,0,unlabeled
12206,7.3641786002554e-08,0,0,unlabeled
12207,0.00010584519623080269,0,0,unlabeled
12208,1.0222316149111066e-07,0,0,unlabeled
12209,9.574372938914166e-08,0,0,train
12210,1.5664092245515349e-07,0,0,unlabeled
12211,3.771811196706665e-10,0,0,train
12212,3.623194522184292e-10,0,0,val
12213,6.474882866314147e-06,0,0,unlabeled
12214,1.2611993227551466e-08,0,0,unlabeled
12215,1.086610090794693e-08,0,0,val
12216,8.699776117282454e-06,0,0,unlabeled
12217,2.101205964777364e-08,0,0,unlabeled
12218,1.662650639389085e-08,0,0,unlabeled
12219,2.2837717494894605e-08,0,0,unlabeled
12220,7.174461719161584e-11,0,0,val
12221,7.243858984873341e-11,0,0,unlabeled
12222,6.1866085161454976e-06,0,0,unlabeled
12223,1.068169375173511e-08,0,0,unlabeled
12224,1.064656718341439e-08,0,0,unlabeled
12225,5.453052835946437e-06,0,0,unlabeled
12226,1.2778778923916434e-08,0,0,unlabeled
12227,1.2054433007335774e-08,0,0,unlabeled
12228,1.959327811107414e-08,0,0,unlabeled
12229,5.652822307466998e-11,0,0,unlabeled
12230,6.237799859976079e-11,0,0,unlabeled
12231,1.06656807474792e-06,0,0,unlabeled
12232,2.412082755753886e-09,0,0,unlabeled
12233,2.2517028241964e-09,0,0,unlabeled
12234,1.5473483472305816e-06,0,0,val
12235,3.4504334944784887e-09,0,0,unlabeled
12236,3.4400768900155754e-09,0,0,unlabeled
12237,4.531583108757786e-09,0,0,unlabeled
12238,1.423951234702514e-11,0,0,unlabeled
12239,1.5027994473837403e-11,0,0,unlabeled
12240,1.799536335056473e-06,0,0,unlabeled
12241,5.793949320320735e-09,0,0,unlabeled
12242,5.055828644628946e-09,0,0,unlabeled
12243,3.523822670103982e-06,0,0,unlabeled
12244,9.060197037058515e-09,0,0,unlabeled
12245,8.7593807762687e-09,0,0,unlabeled
12246,1.2792582104736994e-08,0,0,unlabeled
12247,3.8929796886133516e-11,0,0,unlabeled
12248,4.056575561572906e-11,0,0,unlabeled
12249,2.862282713067543e-07,0,0,unlabeled
12250,1.053421239127772e-09,0,0,unlabeled
12251,9.120896260483846e-10,0,0,unlabeled
12252,5.957832627245807e-07,0,0,unlabeled
12253,1.9052195376900727e-09,0,0,unlabeled
12254,1.7639703031591125e-09,0,0,train
12255,2.3152877393073368e-09,0,0,train
12256,8.137482875036905e-12,0,0,unlabeled
12257,8.53906095138468e-12,0,0,train
12258,2.289093390572816e-05,0,0,unlabeled
12259,3.225582645427494e-08,0,0,train
12260,3.332165832148348e-08,0,0,unlabeled
12261,2.2204385459190235e-05,0,0,unlabeled
12262,4.1902080027966804e-08,0,0,unlabeled
12263,4.094805561294379e-08,0,0,train
12264,6.364685845028362e-08,0,0,unlabeled
12265,1.7016099640443372e-10,0,0,unlabeled
12266,1.7635386206915626e-10,0,0,unlabeled
12267,2.130841494363267e-06,0,0,unlabeled
12268,5.824464022197162e-09,0,0,unlabeled
12269,5.699316130147736e-09,0,0,unlabeled
12270,3.3199908102687914e-06,0,0,unlabeled
12271,9.485122909325128e-09,0,0,train
12272,8.576370724711069e-09,0,0,unlabeled
12273,1.0110292159026812e-08,0,0,unlabeled
12274,3.559740696656988e-11,0,0,unlabeled
12275,3.9129227635825714e-11,0,0,unlabeled
12276,1.8462811794961453e-06,0,0,unlabeled
12277,4.672756848123072e-09,0,0,unlabeled
12278,5.1952873114657905e-09,0,0,train
12279,2.191057319578249e-06,0,0,train
12280,5.94478111182184e-09,0,0,unlabeled
12281,6.211496650365689e-09,0,0,unlabeled
12282,8.726495970279302e-09,0,0,val
12283,2.75868859006545e-11,0,0,unlabeled
12284,3.155687169908994e-11,0,0,unlabeled
12285,5.1780517651423e-07,0,0,unlabeled
12286,1.3043094382325648e-09,0,0,unlabeled
12287,1.3541270327266375e-09,0,0,unlabeled
12288,7.057793709464022e-07,0,0,unlabeled
12289,1.7983361466633596e-09,0,0,train
12290,1.9378412208226337e-09,0,0,unlabeled
12291,2.4088917527365084e-09,0,0,unlabeled
12292,7.787251746216306e-12,0,0,train
12293,8.64532143790564e-12,0,0,unlabeled
12294,8.975882224149245e-07,0,0,unlabeled
12295,2.8203759327993794e-09,0,0,unlabeled
12296,2.7068405294983222e-09,0,0,unlabeled
12297,1.6038782177929534e-06,0,0,unlabeled
12298,4.465618541615868e-09,0,0,unlabeled
12299,4.503836859015564e-09,0,0,unlabeled
12300,6.06962169413805e-09,0,0,unlabeled
12301,1.9599565026506838e-11,0,0,unlabeled
12302,2.072078099379926e-11,0,0,unlabeled
12303,1.7384564898748067e-07,0,0,unlabeled
12304,5.856812257398758e-10,0,0,unlabeled
12305,5.790124490978599e-10,0,0,unlabeled
12306,3.413503861793288e-07,0,0,unlabeled
12307,1.0240669423566828e-09,0,0,unlabeled
12308,1.0035436925903696e-09,0,0,unlabeled
12309,1.305222818714924e-09,0,0,unlabeled
12310,4.438430092207346e-12,0,0,unlabeled
12311,4.813360647559772e-12,0,0,unlabeled
12312,0.002169315004721284,0,0,unlabeled
12313,1.1882119679285097e-06,0,0,unlabeled
12314,1.486656174165546e-06,0,0,unlabeled
12315,0.002570508513599634,0,0,unlabeled
12316,1.1308378589092172e-06,0,0,unlabeled
12317,1.1011500191671075e-06,0,0,unlabeled
12318,2.7328951546223834e-06,0,0,unlabeled
12319,7.84369991180256e-09,0,0,unlabeled
12320,5.192543284238127e-09,0,0,unlabeled
12321,0.00025782297598198056,0,0,unlabeled
12322,3.9665403051003523e-07,0,0,unlabeled
12323,3.2595778520772e-07,0,0,unlabeled
12324,0.0005950110498815775,0,0,train
12325,3.7027618304819043e-07,0,0,unlabeled
12326,3.3895437923092686e-07,0,0,val
12327,4.4776768959309265e-07,0,0,unlabeled
12328,1.2780576597037907e-09,0,0,unlabeled
12329,1.2599579157779317e-09,0,0,unlabeled
12330,0.00020319066243246198,0,0,unlabeled
12331,3.382481850167096e-07,0,0,unlabeled
12332,2.1715686671086587e-07,0,0,unlabeled
12333,0.00027872525970451534,0,0,unlabeled
12334,2.187769894135272e-07,0,0,unlabeled
12335,1.932575770524636e-07,0,0,unlabeled
12336,3.4022457384708105e-07,0,0,unlabeled
12337,1.0442628983753366e-09,0,0,unlabeled
12338,1.0189720178743755e-09,0,0,unlabeled
12339,0.00010666895832400769,0,0,val
12340,9.08276405198194e-08,0,0,unlabeled
12341,7.596493389883108e-08,0,0,unlabeled
12342,8.613138925284147e-05,0,0,unlabeled
12343,9.989288685119391e-08,0,0,unlabeled
12344,8.759617742271075e-08,0,0,unlabeled
12345,1.4166100470447418e-07,0,0,unlabeled
12346,3.55494578219151e-10,0,0,train
12347,3.5374275730859495e-10,0,0,train
12348,4.551803431240842e-05,0,0,unlabeled
12349,9.936384515185637e-08,0,0,unlabeled
12350,8.337389090229408e-08,0,0,unlabeled
12351,7.326154445763677e-05,0,0,unlabeled
12352,1.4395139658063272e-07,0,0,unlabeled
12353,1.203321176035388e-07,0,0,unlabeled
12354,1.9324041033996764e-07,0,0,unlabeled
12355,6.41833142189796e-10,0,0,unlabeled
12356,6.275429620394846e-10,0,0,unlabeled
12357,9.38472385314526e-06,0,0,val
12358,2.62189008282121e-08,0,0,unlabeled
12359,2.2068677552056215e-08,0,0,train
12360,2.203661460953299e-05,0,0,unlabeled
12361,4.4174427671350713e-08,0,0,unlabeled
12362,3.771325651769075e-08,0,0,unlabeled
12363,5.4930168857936224e-08,0,0,unlabeled
12364,1.6597719032507285e-10,0,0,unlabeled
12365,1.648826075673071e-10,0,0,unlabeled
12366,0.000738389790058136,0,0,unlabeled
12367,5.789019610347168e-07,0,0,unlabeled
12368,3.4375506174910697e-07,0,0,unlabeled
12369,0.001090695965103805,0,0,unlabeled
12370,4.426759403486358e-07,0,0,unlabeled
12371,3.7548937825704343e-07,0,0,unlabeled
12372,6.442769517889246e-07,0,0,unlabeled
12373,1.4887444610423017e-09,0,0,unlabeled
12374,1.324104159650119e-09,0,0,unlabeled
12375,6.81903911754489e-05,0,0,unlabeled
12376,7.574299587531641e-08,0,0,unlabeled
12377,6.013505782220818e-08,0,0,unlabeled
12378,7.789427763782442e-05,0,0,unlabeled
12379,9.938241873896914e-08,0,0,train
12380,7.82659199671798e-08,0,0,train
12381,1.1102421382247485e-07,0,0,train
12382,3.069860754489895e-10,0,0,unlabeled
12383,2.724127867725912e-10,0,0,unlabeled
12384,8.802472439128906e-05,0,0,unlabeled
12385,7.912659327757865e-08,0,0,unlabeled
12386,6.777499805821208e-08,0,0,train
12387,5.58311803615652e-05,0,0,unlabeled
12388,6.857743528598803e-08,0,0,unlabeled
12389,6.121115347923478e-08,0,0,unlabeled
12390,1.0794693139359879e-07,0,0,val
12391,2.7084298692692244e-10,0,0,unlabeled
12392,2.705589918772233e-10,0,0,unlabeled
12393,1.533651811769232e-05,0,0,unlabeled
12394,1.924390780061458e-08,0,0,unlabeled
12395,1.6991338114280552e-08,0,0,unlabeled
12396,1.6554235116927885e-05,0,0,unlabeled
12397,2.3167732621232062e-08,0,0,train
12398,2.010917121708644e-08,0,0,unlabeled
12399,3.1817044998661004e-08,0,0,val
12400,7.198559109911074e-11,0,0,unlabeled
12401,7.405027285800614e-11,0,0,unlabeled
12402,1.1357010407664347e-05,0,0,train
12403,2.7657470980102516e-08,0,0,unlabeled
12404,2.2547725464505675e-08,0,0,unlabeled
12405,1.9571540178731084e-05,0,0,unlabeled
12406,4.1608441136986585e-08,0,0,unlabeled
12407,3.4080059663210704e-08,0,0,unlabeled
12408,5.1517339727524813e-08,0,0,unlabeled
12409,1.5173770573362333e-10,0,0,train
12410,1.5550445653378375e-10,0,0,unlabeled
12411,2.016798134718556e-06,0,0,unlabeled
12412,5.700946381637095e-09,0,0,unlabeled
12413,4.656741658948249e-09,0,0,unlabeled
12414,3.951346570829628e-06,0,0,unlabeled
12415,9.767751052436324e-09,0,0,unlabeled
12416,8.189438460703968e-09,0,0,unlabeled
12417,1.1543299649474648e-08,0,0,train
12418,3.4363550199811854e-11,0,0,unlabeled
12419,3.364687695128765e-11,0,0,unlabeled
12420,0.00010870632831938565,0,0,unlabeled
12421,1.0978810394135508e-07,0,0,train
12422,9.631537523091538e-08,0,0,unlabeled
12423,0.00011196590639883652,0,0,unlabeled
12424,1.2245529035226355e-07,0,0,unlabeled
12425,1.1053106874214791e-07,0,0,train
12426,1.9004069429229276e-07,0,0,unlabeled
12427,4.5790637948073254e-10,0,0,unlabeled
12428,4.6510489903894836e-10,0,0,unlabeled
12429,6.661247425654437e-06,0,0,unlabeled
12430,1.7084085257579318e-08,0,0,unlabeled
12431,1.390381410004693e-08,0,0,train
12432,1.106179115595296e-05,0,0,unlabeled
12433,2.5807247894249485e-08,0,0,val
12434,2.0993272897840143e-08,0,0,unlabeled
12435,2.6554845433679475e-08,0,0,val
12436,8.848048682619236e-11,0,0,unlabeled
12437,8.547391960878059e-11,0,0,unlabeled
12438,6.391311671904987e-06,0,0,train
12439,1.499154578255002e-08,0,0,unlabeled
12440,1.340963162732578e-08,0,0,unlabeled
12441,6.430722805816913e-06,0,0,unlabeled
12442,1.5831899347062972e-08,0,0,unlabeled
12443,1.403632321483883e-08,0,0,unlabeled
12444,2.2466590365866068e-08,0,0,train
12445,7.748850866517998e-11,0,0,unlabeled
12446,8.015163532881786e-11,0,0,unlabeled
12447,1.4117482578512863e-06,0,0,train
12448,3.3980862568228076e-09,0,0,unlabeled
12449,2.9133528922642427e-09,0,0,val
12450,1.8253367670695297e-06,0,0,unlabeled
12451,4.605843262339704e-09,0,0,unlabeled
12452,4.044998558327961e-09,0,0,val
12453,5.541589853663709e-09,0,0,val
12454,1.7817277167542223e-11,0,0,unlabeled
12455,1.92687792804902e-11,0,0,unlabeled
12456,1.8332291347178398e-06,0,0,unlabeled
12457,6.151414488897444e-09,0,0,unlabeled
12458,5.2212745238477964e-09,0,0,unlabeled
12459,3.225413138352451e-06,0,0,train
12460,1.012884087714383e-08,0,0,unlabeled
12461,8.635594461736673e-09,0,0,unlabeled
12462,1.2716826702785511e-08,0,0,unlabeled
12463,4.6999609065734305e-11,0,0,unlabeled
12464,4.760989172347685e-11,0,0,unlabeled
12465,2.728064600887592e-07,0,0,val
12466,1.1980870739947136e-09,0,0,train
12467,9.75726277552269e-10,0,0,unlabeled
12468,5.833250042996951e-07,0,0,unlabeled
12469,2.189329384449934e-09,0,0,unlabeled
12470,1.9011865415308193e-09,0,0,unlabeled
12471,2.466515658383628e-09,0,0,unlabeled
12472,1.022120495880463e-11,0,0,unlabeled
12473,9.868164445314687e-12,0,0,val
12474,2.3487818907597102e-05,0,0,unlabeled
12475,4.511215223601539e-08,0,0,unlabeled
12476,4.371377571033008e-08,0,0,unlabeled
12477,3.1106719688978046e-05,0,0,unlabeled
12478,5.124470447981366e-08,0,0,unlabeled
12479,5.0135877671664275e-08,0,0,train
12480,7.613769525960379e-08,0,0,val
12481,2.032009283059466e-10,0,0,train
12482,2.2224992679564792e-10,0,0,unlabeled
12483,2.8795775506296195e-06,0,0,unlabeled
12484,8.09450728667116e-09,0,0,val
12485,7.373282873146536e-09,0,0,unlabeled
12486,4.225234079058282e-06,0,0,unlabeled
12487,1.1351968254302847e-08,0,0,unlabeled
12488,1.054151343993226e-08,0,0,unlabeled
12489,1.1970141322592553e-08,0,0,unlabeled
12490,4.2767272362409514e-11,0,0,unlabeled
12491,4.4966134982171724e-11,0,0,unlabeled
12492,2.4045768896030495e-06,0,0,unlabeled
12493,6.684293119008089e-09,0,0,unlabeled
12494,6.623969373009686e-09,0,0,val
12495,2.485327513568336e-06,0,0,unlabeled
12496,7.166550908266345e-09,0,0,unlabeled
12497,7.085070308221475e-09,0,0,unlabeled
12498,1.0051820709122694e-08,0,0,unlabeled
12499,3.552998173450561e-11,0,0,unlabeled
12500,4.043636259165595e-11,0,0,unlabeled
12501,6.909656917741813e-07,0,0,unlabeled
12502,1.69450831144502e-09,0,0,val
12503,1.6348665754506442e-09,0,0,unlabeled
12504,8.09942036994471e-07,0,0,unlabeled
12505,2.23059903881051e-09,0,0,train
12506,2.211151706177361e-09,0,0,unlabeled
12507,2.8723738942915134e-09,0,0,unlabeled
12508,9.114974400259435e-12,0,0,train
12509,1.0834709865403802e-11,0,0,unlabeled
12510,8.466468557344342e-07,0,0,unlabeled
12511,2.9702358350647273e-09,0,0,unlabeled
12512,2.8320950029581127e-09,0,0,unlabeled
12513,1.482287302678742e-06,0,0,unlabeled
12514,4.803206277159688e-09,0,0,unlabeled
12515,4.342738169071936e-09,0,0,unlabeled
12516,6.054255763388028e-09,0,0,unlabeled
12517,2.3536979656957335e-11,0,0,unlabeled
12518,2.4976447993152462e-11,0,0,train
12519,1.6557109461246e-07,0,0,unlabeled
12520,6.489790926877959e-10,0,0,train
12521,6.043799349875201e-10,0,0,unlabeled
12522,3.2352940593227686e-07,0,0,unlabeled
12523,1.111539971176967e-09,0,0,unlabeled
12524,1.0681810991286511e-09,0,0,unlabeled
12525,1.35429756298322e-09,0,0,unlabeled
12526,5.367008920620364e-12,0,0,unlabeled
12527,5.395491345372427e-12,0,0,unlabeled
12528,0.0007547367713414133,0,0,unlabeled
12529,5.996176923872554e-07,0,0,unlabeled
12530,4.6828367317175434e-07,0,0,train
12531,0.0006482218741439283,0,0,train
12532,3.6397460689840955e-07,0,0,train
12533,3.828024830454524e-07,0,0,unlabeled
12534,6.832401595602278e-07,0,0,train
12535,1.7022440124137006e-09,0,0,unlabeled
12536,1.7248735773023327e-09,0,0,unlabeled
12537,0.00011076623195549473,0,0,unlabeled
12538,9.907505216233403e-08,0,0,unlabeled
12539,9.704857717451887e-08,0,0,unlabeled
12540,0.00010055834718514234,0,0,unlabeled
12541,1.1586362091975388e-07,0,0,unlabeled
12542,1.1296806690097583e-07,0,0,unlabeled
12543,1.6169386185538315e-07,0,0,unlabeled
12544,4.071033510300026e-10,0,0,unlabeled
12545,4.3376202629730187e-10,0,0,unlabeled
12546,5.257430166238919e-05,0,0,unlabeled
12547,6.569604238393367e-08,0,0,unlabeled
12548,6.675568187120007e-08,0,0,unlabeled
12549,2.9431590519379824e-05,0,0,unlabeled
12550,5.102739564222247e-08,0,0,unlabeled
12551,4.973091449755884e-08,0,0,unlabeled
12552,9.367668951654196e-08,0,0,unlabeled
12553,2.7960306292484916e-10,0,0,train
12554,2.9453384176036934e-10,0,0,train
12555,1.7801472495193593e-05,0,0,unlabeled
12556,2.3662826365011824e-08,0,0,unlabeled
12557,2.248613739652683e-08,0,0,unlabeled
12558,1.544658880447969e-05,0,0,unlabeled
12559,2.5029850192481717e-08,0,0,val
12560,2.477592353500313e-08,0,0,unlabeled
12561,3.942286852520738e-08,0,0,unlabeled
12562,1.0237267283885743e-10,0,0,unlabeled
12563,1.0412591622266376e-10,0,0,unlabeled
12564,1.261477609659778e-05,0,0,unlabeled
12565,3.3080326033996243e-08,0,0,unlabeled
12566,3.1333446059989e-08,0,0,unlabeled
12567,1.8341912436881103e-05,0,0,unlabeled
12568,4.1971588871092536e-08,0,0,train
12569,3.951855731543219e-08,0,0,unlabeled
12570,6.128802709781667e-08,0,0,unlabeled
12571,1.8858616057659816e-10,0,0,unlabeled
12572,2.015992095483199e-10,0,0,unlabeled
12573,3.4564206998766167e-06,0,0,unlabeled
12574,8.808586748898506e-09,0,0,unlabeled
12575,8.111106453156935e-09,0,0,train
12576,6.134244813438272e-06,0,0,unlabeled
12577,1.3487019501212671e-08,0,0,unlabeled
12578,1.2834642681980313e-08,0,0,unlabeled
12579,1.8382463551347428e-08,0,0,train
12580,5.0217632135973744e-11,0,0,unlabeled
12581,5.226969204685794e-11,0,0,val
12582,0.00019700685515999794,0,0,unlabeled
12583,1.3339267468381877e-07,0,0,unlabeled
12584,1.2972546414857788e-07,0,0,unlabeled
12585,0.00012851048086304218,0,0,unlabeled
12586,1.1364927843260375e-07,0,0,unlabeled
12587,1.0629506164150371e-07,0,0,val
12588,2.0451093973861134e-07,0,0,unlabeled
12589,4.25885382515645e-10,0,0,unlabeled
12590,4.249603446915273e-10,0,0,val
12591,1.660817360971123e-05,0,0,unlabeled
12592,2.410565791421959e-08,0,0,unlabeled
12593,2.1243165448936452e-08,0,0,val
12594,1.7384500097250566e-05,0,0,unlabeled
12595,2.8029001342133597e-08,0,0,val
12596,2.4399721354484427e-08,0,0,train
12597,3.625665812023726e-08,0,0,train
12598,9.359493041705136e-11,0,0,unlabeled
12599,9.021081104343409e-11,0,0,unlabeled
12600,1.2586729098984506e-05,0,0,unlabeled
12601,1.7750851455389238e-08,0,0,unlabeled
12602,1.7785692918437235e-08,0,0,unlabeled
12603,8.083978173090145e-06,0,0,unlabeled
12604,1.489060608150794e-08,0,0,train
12605,1.4564542460959728e-08,0,0,unlabeled
12606,2.6003206698987924e-08,0,0,unlabeled
12607,6.98940350041255e-11,0,0,unlabeled
12608,7.596815537747048e-11,0,0,unlabeled
12609,3.1757317628944293e-06,0,0,unlabeled
12610,4.9866528684106015e-09,0,0,unlabeled
12611,4.8225943238833224e-09,0,0,unlabeled
12612,3.0837131816952024e-06,0,0,unlabeled
12613,5.587077467339441e-09,0,0,unlabeled
12614,5.25858379063493e-09,0,0,unlabeled
12615,8.699092113317874e-09,0,0,unlabeled
12616,2.0377288398321092e-11,0,0,unlabeled
12617,2.1490056262285506e-11,0,0,train
12618,3.1784527436684584e-06,0,0,unlabeled
12619,7.619199493547058e-09,0,0,unlabeled
12620,7.424594716809452e-09,0,0,unlabeled
12621,4.062500920554157e-06,0,0,train
12622,1.013612749289905e-08,0,0,unlabeled
12623,9.65758140125672e-09,0,0,train
12624,1.4188024088923612e-08,0,0,unlabeled
12625,4.3219847839504055e-11,0,0,unlabeled
12626,4.563515537681084e-11,0,0,unlabeled
12627,6.183395839798322e-07,0,0,unlabeled
12628,1.7000992835747297e-09,0,0,unlabeled
12629,1.6078510745032304e-09,0,0,unlabeled
12630,9.596858490112936e-07,0,0,unlabeled
12631,2.6577124945248443e-09,0,0,unlabeled
12632,2.5239381695740803e-09,0,0,unlabeled
12633,3.4500320378327842e-09,0,0,train
12634,1.0178500403634771e-11,0,0,unlabeled
12635,1.0566095741404435e-11,0,0,val
12636,3.1661322282161564e-05,0,0,unlabeled
12637,3.8499138099723496e-08,0,0,unlabeled
12638,3.8086113818280865e-08,0,0,train
12639,2.7989848604192957e-05,0,0,unlabeled
12640,3.507794232859851e-08,0,0,unlabeled
12641,3.6215745069512195e-08,0,0,unlabeled
12642,6.335436353310797e-08,0,0,unlabeled
12643,1.391972231923333e-10,0,0,unlabeled
12644,1.584656850184274e-10,0,0,unlabeled
12645,2.8017111617373303e-06,0,0,unlabeled
12646,6.022180976117397e-09,0,0,unlabeled
12647,5.603983055380013e-09,0,0,unlabeled
12648,3.2498733162356075e-06,0,0,unlabeled
12649,7.292790371593583e-09,0,0,unlabeled
12650,7.097582077619791e-09,0,0,unlabeled
12651,9.517035159944953e-09,0,0,train
12652,2.8687573150332213e-11,0,0,unlabeled
12653,2.971983770194697e-11,0,0,unlabeled
12654,1.837039235397242e-06,0,0,unlabeled
12655,3.913456669835114e-09,0,0,unlabeled
12656,4.2270351663376005e-09,0,0,unlabeled
12657,1.357735072815558e-06,0,0,unlabeled
12658,3.593471520346725e-09,0,0,unlabeled
12659,3.68952335350059e-09,0,0,unlabeled
12660,6.187244494526567e-09,0,0,unlabeled
12661,2.0633227765243234e-11,0,0,unlabeled
12662,2.3440567195609496e-11,0,0,unlabeled
12663,3.9775142113285256e-07,0,0,unlabeled
12664,9.042739335107797e-10,0,0,train
12665,9.212565710292608e-10,0,0,unlabeled
12666,4.1371558268110675e-07,0,0,unlabeled
12667,1.124202841928934e-09,0,0,unlabeled
12668,1.1081446871230582e-09,0,0,unlabeled
12669,1.5920740281671897e-09,0,0,unlabeled
12670,5.0385598471258675e-12,0,0,unlabeled
12671,5.688143098897536e-12,0,0,unlabeled
12672,6.337937179523578e-07,0,0,unlabeled
12673,1.913132541275786e-09,0,0,unlabeled
12674,1.9413668450596333e-09,0,0,unlabeled
12675,8.619692266620405e-07,0,0,unlabeled
12676,2.7067836860794614e-09,0,0,unlabeled
12677,2.6194797442258277e-09,0,0,unlabeled
12678,4.035219713927063e-09,0,0,unlabeled
12679,1.3675525989409465e-11,0,0,unlabeled
12680,1.501667713788013e-11,0,0,train
12681,1.0021176422014832e-07,0,0,unlabeled
12682,3.8045783190554516e-10,0,0,unlabeled
12683,3.5851926982743976e-10,0,0,unlabeled
12684,1.728431868741609e-07,0,0,unlabeled
12685,6.325021617570314e-10,0,0,unlabeled
12686,6.172555244710054e-10,0,0,unlabeled
12687,7.982701721864771e-10,0,0,unlabeled
12688,3.078882201273947e-12,0,0,unlabeled
12689,3.333042609271475e-12,0,0,unlabeled
12690,9.843086445471272e-06,0,0,unlabeled
12691,1.6462164964536896e-08,0,0,unlabeled
12692,1.7904993043771356e-08,0,0,unlabeled
12693,8.807330232230015e-06,0,0,unlabeled
12694,1.5611739456744544e-08,0,0,train
12695,1.7156249754179953e-08,0,0,unlabeled
12696,2.6367096950252744e-08,0,0,train
12697,6.402067070920836e-11,0,0,unlabeled
12698,7.514943528574847e-11,0,0,unlabeled
12699,1.2449064570319024e-06,0,0,unlabeled
12700,2.815952138135458e-09,0,0,unlabeled
12701,2.982901925463466e-09,0,0,unlabeled
12702,1.3731267927141744e-06,0,0,unlabeled
12703,3.3954949962833325e-09,0,0,unlabeled
12704,3.58060181504527e-09,0,0,unlabeled
12705,4.363071681723341e-09,0,0,unlabeled
12706,1.3670440647539639e-11,0,0,unlabeled
12707,1.5671505759762283e-11,0,0,unlabeled
12708,7.802414643265365e-07,0,0,unlabeled
12709,1.888187828313903e-09,0,0,unlabeled
12710,2.277949828766168e-09,0,0,unlabeled
12711,6.236280114535475e-07,0,0,unlabeled
12712,1.8198639262223537e-09,0,0,unlabeled
12713,2.0339647743838896e-09,0,0,unlabeled
12714,2.987457170533503e-09,0,0,unlabeled
12715,1.0252855855985565e-11,0,0,unlabeled
12716,1.2330795239046122e-11,0,0,unlabeled
12717,2.1288359164373105e-07,0,0,unlabeled
12718,4.948552123629213e-10,0,0,unlabeled
12719,5.390507484825946e-10,0,0,unlabeled
12720,2.1136736449989257e-07,0,0,unlabeled
12721,6.065717927938863e-10,0,0,unlabeled
12722,6.81360301513223e-10,0,0,unlabeled
12723,8.575172238955986e-10,0,0,train
12724,2.7947429526858913e-12,0,0,val
12725,3.3100139382874483e-12,0,0,unlabeled
12726,3.2966673302325944e-07,0,0,unlabeled
12727,1.0099340252978095e-09,0,0,val
12728,1.075579847409358e-09,0,0,unlabeled
12729,4.418181163146073e-07,0,0,unlabeled
12730,1.425991325021414e-09,0,0,unlabeled
12731,1.4427012917650472e-09,0,0,val
12732,1.9752852686849565e-09,0,0,unlabeled
12733,7.044889845098101e-12,0,0,train
12734,8.010344991482565e-12,0,0,unlabeled
12735,6.263226737246441e-08,0,0,unlabeled
12736,2.172236834852015e-10,0,0,unlabeled
12737,2.2204950378412747e-10,0,0,unlabeled
12738,1.0498078495402297e-07,0,0,unlabeled
12739,3.526076930437938e-10,0,0,unlabeled
12740,3.659504366204658e-10,0,0,unlabeled
12741,4.5396780778972357e-10,0,0,val
12742,1.6609800557523813e-12,0,0,unlabeled
12743,1.8418682377896456e-12,0,0,unlabeled
12744,0.0002242790360469371,0,0,unlabeled
12745,2.0259957977941667e-07,0,0,unlabeled
12746,2.183809328926145e-07,0,0,train
12747,0.0001332819228991866,0,0,unlabeled
12748,1.703941023833977e-07,0,0,train
12749,1.779869478468754e-07,0,0,unlabeled
12750,2.8682097763521597e-07,0,0,val
12751,8.391128902829337e-10,0,0,unlabeled
12752,8.44554426393529e-10,0,0,unlabeled
12753,1.964907642104663e-05,0,0,unlabeled
12754,3.7104712191649014e-08,0,0,unlabeled
12755,3.883092958290035e-08,0,0,unlabeled
12756,2.3891932869446464e-05,0,0,unlabeled
12757,4.6601467573736954e-08,0,0,unlabeled
12758,4.5486096666991216e-08,0,0,unlabeled
12759,5.639972044946262e-08,0,0,unlabeled
12760,1.865274185108845e-10,0,0,unlabeled
12761,2.0448628901270638e-10,0,0,unlabeled
12762,1.1550154340511654e-05,0,0,unlabeled
12763,2.9009724400452797e-08,0,0,train
12764,2.9125155620590704e-08,0,0,train
12765,8.933798198995646e-06,0,0,unlabeled
12766,2.4291155753530802e-08,0,0,unlabeled
12767,2.2854710124420308e-08,0,0,unlabeled
12768,3.4212007449241355e-08,0,0,unlabeled
12769,1.331965926443246e-10,0,0,train
12770,1.388649473188508e-10,0,0,unlabeled
12771,4.074789103469811e-06,0,0,unlabeled
12772,8.515165461631113e-09,0,0,unlabeled
12773,8.013000929452119e-09,0,0,unlabeled
12774,3.9671217564318795e-06,0,0,val
12775,9.186214455780828e-09,0,0,unlabeled
12776,8.789236893846919e-09,0,0,unlabeled
12777,1.2077033595403464e-08,0,0,val
12778,4.264525538255626e-11,0,0,unlabeled
12779,4.229466429861439e-11,0,0,unlabeled
12780,4.5040424083708785e-06,0,0,unlabeled
12781,1.5888016235976465e-08,0,0,unlabeled
12782,1.4676646564737439e-08,0,0,unlabeled
12783,6.242823928914731e-06,0,0,unlabeled
12784,2.042822089265428e-08,0,0,unlabeled
12785,1.8541131296956337e-08,0,0,unlabeled
12786,2.5201636333349597e-08,0,0,unlabeled
12787,9.772343351199808e-11,0,0,unlabeled
12788,9.98430227383551e-11,0,0,unlabeled
12789,1.0704985697884695e-06,0,0,val
12790,3.517829361143754e-09,0,0,val
12791,3.252064395553589e-09,0,0,unlabeled
12792,1.8107450614479603e-06,0,0,unlabeled
12793,5.376207035112657e-09,0,0,unlabeled
12794,5.071222997088398e-09,0,0,unlabeled
12795,6.625346493649431e-09,0,0,unlabeled
12796,2.3836873447313778e-11,0,0,unlabeled
12797,2.4709768953190547e-11,0,0,unlabeled
12798,5.5250158766284585e-05,0,0,unlabeled
12799,6.967957233428024e-08,0,0,train
12800,6.777059979867772e-08,0,0,train
12801,4.675061791203916e-05,0,0,unlabeled
12802,6.469960567301314e-08,0,0,unlabeled
12803,5.817405934749331e-08,0,0,val
12804,9.842450054975416e-08,0,0,unlabeled
12805,2.396590148556754e-10,0,0,unlabeled
12806,2.4276586296778646e-10,0,0,train
12807,5.545501153392252e-06,0,0,train
12808,1.1178466152728106e-08,0,0,unlabeled
12809,1.0233665470593678e-08,0,0,train
12810,6.506395038741175e-06,0,0,unlabeled
12811,1.3940725018812827e-08,0,0,train
12812,1.2232871604567208e-08,0,0,unlabeled
12813,1.5976718614751917e-08,0,0,train
12814,5.097411034937771e-11,0,0,unlabeled
12815,5.0838565995858787e-11,0,0,unlabeled
12816,4.342469310358865e-06,0,0,unlabeled
12817,9.366861064563636e-09,0,0,unlabeled
12818,8.909123216938042e-09,0,0,unlabeled
12819,3.3192686714755837e-06,0,0,unlabeled
12820,8.206717083680815e-09,0,0,unlabeled
12821,8.04350364091988e-09,0,0,unlabeled
12822,1.1341319883229062e-08,0,0,unlabeled
12823,4.03076946819958e-11,0,0,unlabeled
12824,4.2256767529558203e-11,0,0,unlabeled
12825,1.0631154054863146e-06,0,0,unlabeled
12826,2.148724975725713e-09,0,0,unlabeled
12827,2.097201079465094e-09,0,0,train
12828,9.972826546800206e-07,0,0,unlabeled
12829,2.443477642444236e-09,0,0,unlabeled
12830,2.300492907281182e-09,0,0,unlabeled
12831,3.2934692750785644e-09,0,0,unlabeled
12832,1.0290195778805966e-11,0,0,train
12833,1.078230473655628e-11,0,0,unlabeled
12834,1.4649986042059027e-06,0,0,val
12835,4.343699178122051e-09,0,0,unlabeled
12836,4.169923073504833e-09,0,0,unlabeled
12837,1.8643193016032455e-06,0,0,unlabeled
12838,5.975589356665978e-09,0,0,unlabeled
12839,5.41523315078507e-09,0,0,unlabeled
12840,7.15844938881105e-09,0,0,unlabeled
12841,2.7551599890429657e-11,0,0,unlabeled
12842,2.786573922997082e-11,0,0,train
12843,2.5509461920592e-07,0,0,unlabeled
12844,8.356406122622673e-10,0,0,train
12845,8.095630277260568e-10,0,0,unlabeled
12846,4.1101617398453527e-07,0,0,unlabeled
12847,1.36272393369552e-09,0,0,unlabeled
12848,1.2532757054373178e-09,0,0,unlabeled
12849,1.6107302158729908e-09,0,0,unlabeled
12850,5.939049165654131e-12,0,0,unlabeled
12851,6.279099202394223e-12,0,0,unlabeled
12852,1.5317544239223935e-05,0,0,unlabeled
12853,2.3943904636780644e-08,0,0,unlabeled
12854,2.345956673366345e-08,0,0,train
12855,1.4186980479280464e-05,0,0,unlabeled
12856,2.2841810221052583e-08,0,0,train
12857,2.3157172179821828e-08,0,0,unlabeled
12858,3.521133606909643e-08,0,0,unlabeled
12859,9.343797263694498e-11,0,0,unlabeled
12860,1.0259648686172795e-10,0,0,train
12861,1.340161134066875e-06,0,0,unlabeled
12862,3.4222826794660932e-09,0,0,val
12863,3.319477581698038e-09,0,0,unlabeled
12864,1.6703098708603648e-06,0,0,train
12865,4.419354215912108e-09,0,0,unlabeled
12866,4.404921760681191e-09,0,0,unlabeled
12867,5.101608469004759e-09,0,0,unlabeled
12868,1.8734203424686235e-11,0,0,unlabeled
12869,1.969733924578332e-11,0,0,unlabeled
12870,9.214390388478932e-07,0,0,unlabeled
12871,2.608744775756122e-09,0,0,unlabeled
12872,2.6987057033522888e-09,0,0,unlabeled
12873,7.79404103923298e-07,0,0,unlabeled
12874,2.5080686416600884e-09,0,0,val
12875,2.5410329396180487e-09,0,0,unlabeled
12876,3.46047079879952e-09,0,0,unlabeled
12877,1.4334672338023324e-11,0,0,unlabeled
12878,1.5422713453561165e-11,0,0,unlabeled
12879,1.8363598996984365e-07,0,0,unlabeled
12880,5.344703568610498e-10,0,0,train
12881,5.43624811832899e-10,0,0,unlabeled
12882,2.0310800152856245e-07,0,0,train
12883,6.874906199882957e-10,0,0,train
12884,6.610360592240738e-10,0,0,unlabeled
12885,8.211317181761046e-10,0,0,unlabeled
12886,3.454201334684992e-12,0,0,train
12887,3.7445259566670774e-12,0,0,unlabeled
12888,3.7715099665547314e-07,0,0,unlabeled
12889,1.3260528231029411e-09,0,0,val
12890,1.2700530627185458e-09,0,0,unlabeled
12891,5.240763130132109e-07,0,0,unlabeled
12892,1.95236560251999e-09,0,0,unlabeled
12893,1.771428226327032e-09,0,0,unlabeled
12894,2.374926699744151e-09,0,0,unlabeled
12895,9.923978305792502e-12,0,0,unlabeled
12896,1.0408892497926203e-11,0,0,unlabeled
12897,5.56127623951852e-08,0,0,unlabeled
12898,2.4309579349512944e-10,0,0,unlabeled
12899,2.342685767597885e-10,0,0,unlabeled
12900,9.982888116155664e-08,0,0,val
12901,4.2232048413914924e-10,0,0,unlabeled
12902,3.903226908352764e-10,0,0,unlabeled
12903,4.716027568463232e-10,0,0,unlabeled
12904,2.1840665127143e-12,0,0,unlabeled
12905,2.345280653709425e-12,0,0,unlabeled
12906,4.3114509935548995e-06,0,0,unlabeled
12907,8.544808416388605e-09,0,0,unlabeled
12908,9.208581452924136e-09,0,0,unlabeled
12909,3.923245458281599e-06,0,0,unlabeled
12910,8.747226054595103e-09,0,0,unlabeled
12911,9.190701533157153e-09,0,0,unlabeled
12912,1.3089707096014536e-08,0,0,train
12913,3.983011490071853e-11,0,0,unlabeled
12914,4.571940395714513e-11,0,0,unlabeled
12915,5.007190111427917e-07,0,0,train
12916,1.39869538173798e-09,0,0,train
12917,1.5228083238838508e-09,0,0,train
12918,5.850509410265659e-07,0,0,train
12919,1.8085658526345583e-09,0,0,unlabeled
12920,1.898190049587356e-09,0,0,unlabeled
12921,2.18255835626735e-09,0,0,unlabeled
12922,8.434251561051376e-12,0,0,train
12923,9.549150532806028e-12,0,0,unlabeled
12924,3.9253231420843804e-07,0,0,val
12925,1.2100153101712863e-09,0,0,unlabeled
12926,1.3579058988355541e-09,0,0,unlabeled
12927,3.590949120280129e-07,0,0,unlabeled
12928,1.2595421372552096e-09,0,0,unlabeled
12929,1.3545843335904806e-09,0,0,unlabeled
12930,1.7010235442427302e-09,0,0,unlabeled
12931,7.605743292116163e-12,0,0,train
12932,8.419672944959267e-12,0,0,unlabeled
12933,8.990038224965247e-08,0,0,unlabeled
12934,2.738417270720106e-10,0,0,unlabeled
12935,2.9642749366232124e-10,0,0,unlabeled
12936,9.985649285226827e-08,0,0,unlabeled
12937,3.473231424688805e-10,0,0,unlabeled
12938,3.663911118945151e-10,0,0,unlabeled
12939,4.365990624588534e-10,0,0,unlabeled
12940,1.8699100427788107e-12,0,0,unlabeled
12941,2.129573861003875e-12,0,0,unlabeled
12942,1.7593951895378268e-07,0,0,val
12943,6.388176654326116e-10,0,0,unlabeled
12944,6.421649878518565e-10,0,0,unlabeled
12945,2.500459288512502e-07,0,0,unlabeled
12946,9.35423294379234e-10,0,0,unlabeled
12947,8.95066076811446e-10,0,0,val
12948,1.1368450625326432e-09,0,0,unlabeled
12949,5.017433083592815e-12,0,0,unlabeled
12950,5.378917363602076e-12,0,0,unlabeled
12951,2.5817341153810958e-08,0,0,train
12952,1.0419604068445665e-10,0,0,unlabeled
12953,1.0845735420872415e-10,0,0,unlabeled
12954,4.164893852021123e-08,0,0,train
12955,1.6484959231011231e-10,0,0,unlabeled
12956,1.6420627357849327e-10,0,0,unlabeled
12957,2.0113986864966904e-10,0,0,unlabeled
12958,1.2487877485561905e-12,0,0,train
12959,1.357810456951991e-12,0,0,train
