Original_Index,Anomaly_Score,Detection_Result,True_Label,Split
0,0.9999778270721436,1,1,unlabeled
1,0.06282223016023636,0,0,train
2,0.011951092630624771,0,0,unlabeled
3,0.9999775886535645,1,1,unlabeled
4,0.1266864687204361,0,0,unlabeled
5,0.020487893372774124,0,0,train
6,0.4453365206718445,0,0,unlabeled
7,3.835047834854777e-07,0,0,unlabeled
8,1.0472298583863449e-07,0,0,unlabeled
9,0.9998466968536377,1,1,unlabeled
10,0.0012152281124144793,0,0,unlabeled
11,0.00019420002354308963,0,0,train
12,0.9999326467514038,1,1,unlabeled
13,0.01923271268606186,0,0,unlabeled
14,0.0024233772419393063,0,0,unlabeled
15,0.06714703142642975,0,0,unlabeled
16,1.4909922185779578e-07,0,0,unlabeled
17,3.883455335085273e-08,0,0,unlabeled
18,0.9998866319656372,1,1,unlabeled
19,0.00045620041782967746,0,0,val
20,7.500570063712075e-05,0,0,unlabeled
21,0.9999200105667114,1,1,train
22,0.0020619388669729233,0,0,unlabeled
23,0.000293102755676955,0,0,train
24,0.006593109108507633,0,0,unlabeled
25,1.4592294483861679e-08,0,0,val
26,3.922065339168057e-09,0,0,unlabeled
27,0.9998188614845276,1,1,unlabeled
28,0.0003046118072234094,0,0,unlabeled
29,4.7252935473807156e-05,0,0,unlabeled
30,0.9999356269836426,1,1,unlabeled
31,0.007690164726227522,0,0,unlabeled
32,0.0009771883487701416,0,0,unlabeled
33,0.022090034559369087,0,0,unlabeled
34,3.0337460543705674e-08,0,0,unlabeled
35,7.922865030707271e-09,0,0,unlabeled
36,0.6530744433403015,0,1,unlabeled
37,7.399447099487588e-07,0,0,unlabeled
38,2.5363718236803834e-07,0,0,unlabeled
39,0.982765257358551,1,1,unlabeled
40,7.030458618828561e-06,0,0,unlabeled
41,2.1048901999165537e-06,0,0,train
42,9.971952749765478e-06,0,0,unlabeled
43,3.4729996656324147e-10,0,0,train
44,1.1432133711908321e-10,0,0,unlabeled
45,0.8786020874977112,1,1,unlabeled
46,1.8349048787058564e-06,0,0,train
47,5.510903520189459e-07,0,0,unlabeled
48,0.9992642998695374,1,1,val
49,5.608673018286936e-05,0,0,unlabeled
50,1.2522649740276393e-05,0,0,unlabeled
51,8.823987445794046e-05,0,0,train
52,1.4199578179940886e-09,0,0,unlabeled
53,4.018566035490778e-10,0,0,val
54,0.9999520778656006,1,1,unlabeled
55,0.005801371764391661,0,0,unlabeled
56,0.0010994671611115336,0,0,val
57,0.9999157190322876,1,1,unlabeled
58,0.003976552747189999,0,0,unlabeled
59,0.0006595193408429623,0,0,unlabeled
60,0.036639049649238586,0,0,train
61,5.331676078412784e-08,0,0,train
62,1.6087843945911118e-08,0,0,unlabeled
63,0.9996439218521118,1,1,unlabeled
64,0.00017418022616766393,0,0,unlabeled
65,3.226511398679577e-05,0,0,train
66,0.9997641444206238,1,1,unlabeled
67,0.0009047347120940685,0,0,unlabeled
68,0.00013357926218304783,0,0,unlabeled
69,0.0048051876947283745,0,0,unlabeled
70,2.8748251779120437e-08,0,0,unlabeled
71,7.942140278771603e-09,0,0,unlabeled
72,0.9992257356643677,1,1,unlabeled
73,1.5815799997653812e-05,0,0,unlabeled
74,4.096577868040185e-06,0,0,unlabeled
75,0.9991946816444397,1,1,val
76,2.630699054861907e-05,0,0,unlabeled
77,5.778473678219598e-06,0,0,train
78,0.00011525240552145988,0,0,unlabeled
79,1.0731064925550982e-09,0,0,unlabeled
80,3.3243163777285645e-10,0,0,unlabeled
81,0.9992399215698242,1,1,train
82,2.2962056391406804e-05,0,0,train
83,5.293155027175089e-06,0,0,unlabeled
84,0.9997246861457825,1,1,unlabeled
85,0.00018871015345212072,0,0,unlabeled
86,3.215377000742592e-05,0,0,unlabeled
87,0.0006356039084494114,0,0,unlabeled
88,3.732323783367519e-09,0,0,train
89,1.0275869044562569e-09,0,0,unlabeled
90,0.013162030838429928,0,0,train
91,3.952337834789432e-08,0,0,unlabeled
92,1.4083278543353117e-08,0,0,unlabeled
93,0.17244723439216614,0,0,val
94,1.9942413587159535e-07,0,0,unlabeled
95,6.463029222913974e-08,0,0,unlabeled
96,3.326463797748147e-07,0,0,unlabeled
97,1.582073881623014e-11,0,0,unlabeled
98,5.54892156529041e-12,0,0,unlabeled
99,0.057260092347860336,0,0,train
100,1.060718730627741e-07,0,0,val
101,3.5777365070543965e-08,0,0,unlabeled
102,0.8492476344108582,1,0,unlabeled
103,1.4812952713327832e-06,0,0,train
104,4.5810733695361705e-07,0,0,unlabeled
105,2.572363882791251e-06,0,0,train
106,6.89037993328867e-11,0,0,unlabeled
107,2.1323999857547626e-11,0,0,unlabeled
108,0.9994317889213562,1,1,unlabeled
109,3.069326703553088e-05,0,0,train
110,7.682236173423007e-06,0,0,unlabeled
111,0.999265730381012,1,1,unlabeled
112,4.540133159025572e-05,0,0,unlabeled
113,9.719909030536655e-06,0,0,unlabeled
114,0.0005685499054379761,0,0,train
115,3.4574956231381293e-09,0,0,unlabeled
116,1.0059775235049528e-09,0,0,unlabeled
117,0.11286972463130951,0,0,val
118,1.856922295928598e-07,0,0,train
119,5.151321147423005e-08,0,0,unlabeled
120,0.335763543844223,0,0,unlabeled
121,6.74384295962227e-07,0,0,val
122,1.6843544869971083e-07,0,0,unlabeled
123,2.7781536573456833e-06,0,0,val
124,1.2151722683650945e-10,0,0,train
125,3.361050673889032e-11,0,0,train
126,0.49069857597351074,0,0,unlabeled
127,1.868504426738582e-07,0,0,unlabeled
128,5.2013387374927333e-08,0,0,unlabeled
129,0.6066992282867432,0,0,val
130,3.954797023197898e-07,0,0,unlabeled
131,1.0500841085558932e-07,0,0,unlabeled
132,1.5832360986678395e-06,0,0,unlabeled
133,3.114582550201028e-11,0,0,unlabeled
134,9.0881182787661e-12,0,0,unlabeled
135,0.009088248014450073,0,0,val
136,2.024355616470075e-08,0,0,train
137,5.530534252784491e-09,0,0,unlabeled
138,0.08695710450410843,0,0,unlabeled
139,1.154916304813014e-07,0,0,unlabeled
140,2.8309191435482717e-08,0,0,unlabeled
141,3.3561590839781275e-07,0,0,val
142,8.318437952348212e-12,0,0,unlabeled
143,2.2807936095325942e-12,0,0,unlabeled
144,7.372184336418286e-05,0,0,unlabeled
145,1.4826944116919094e-09,0,0,unlabeled
146,5.418959725389527e-10,0,0,unlabeled
147,0.0008817283669486642,0,0,unlabeled
148,8.80146711068619e-09,0,0,unlabeled
149,2.9009379343136743e-09,0,0,unlabeled
150,2.346158112231933e-08,0,0,unlabeled
151,8.25692758523594e-13,0,0,unlabeled
152,2.8319488139076643e-13,0,0,unlabeled
153,7.958261448948178e-06,0,0,train
154,3.1883654050268717e-10,0,0,unlabeled
155,1.0176157833052812e-10,0,0,unlabeled
156,0.0003833259688690305,0,0,val
157,5.1743618278976555e-09,0,0,train
158,1.4323289221351843e-09,0,0,unlabeled
159,1.1660337584373792e-08,0,0,unlabeled
160,3.62203458415325e-13,0,0,unlabeled
161,1.0484319033603196e-13,0,0,unlabeled
162,0.9993124008178711,1,1,unlabeled
163,2.8206733986735344e-05,0,0,unlabeled
164,7.3454116318316665e-06,0,0,unlabeled
165,0.9988332390785217,1,1,unlabeled
166,3.214739263057709e-05,0,0,unlabeled
167,7.684836418775376e-06,0,0,unlabeled
168,0.0003831936919596046,0,0,unlabeled
169,2.799623644023086e-09,0,0,unlabeled
170,8.265622075676049e-10,0,0,unlabeled
171,0.3097081184387207,0,0,unlabeled
172,3.5948997378909553e-07,0,0,unlabeled
173,1.0135726569160397e-07,0,0,train
174,0.6295063495635986,0,0,val
175,1.2065288501617033e-06,0,0,unlabeled
176,3.078448855831084e-07,0,0,unlabeled
177,5.562142177950591e-06,0,0,unlabeled
178,1.8296500425840634e-10,0,0,unlabeled
179,4.93020659020349e-11,0,0,unlabeled
180,0.38995611667633057,0,0,unlabeled
181,1.6592390750247432e-07,0,0,unlabeled
182,4.6703352296617595e-08,0,0,unlabeled
183,0.47816574573516846,0,0,unlabeled
184,2.6820254106496577e-07,0,0,unlabeled
185,7.260469203629327e-08,0,0,unlabeled
186,1.1642368917819113e-06,0,0,unlabeled
187,2.17288635001589e-11,0,0,unlabeled
188,6.252997251932069e-12,0,0,unlabeled
189,0.02864621765911579,0,0,unlabeled
190,3.837552853269699e-08,0,0,unlabeled
191,1.0090393409711851e-08,0,0,unlabeled
192,0.2189529538154602,0,0,unlabeled
193,1.937787317274342e-07,0,0,val
194,4.806681985769501e-08,0,0,unlabeled
195,6.353448043228127e-07,0,0,unlabeled
196,1.0067346262188082e-11,0,0,unlabeled
197,2.738252766892879e-12,0,0,train
198,9.964284981833771e-05,0,0,unlabeled
199,1.6291171744953203e-09,0,0,unlabeled
200,5.839366767901311e-10,0,0,unlabeled
201,0.0011102525750175118,0,0,train
202,9.174256021537985e-09,0,0,unlabeled
203,2.8901185888940972e-09,0,0,unlabeled
204,2.6991651580487996e-08,0,0,train
205,7.075549456232733e-13,0,0,unlabeled
206,2.328293807751791e-13,0,0,unlabeled
207,2.7746516934712417e-05,0,0,unlabeled
208,6.780842554121591e-10,0,0,unlabeled
209,2.0563069302870218e-10,0,0,unlabeled
210,0.002731460379436612,0,0,unlabeled
211,1.0176808729056575e-08,0,0,unlabeled
212,2.6843622880079465e-09,0,0,val
213,2.964713097242111e-08,0,0,unlabeled
214,3.9625860101880073e-13,0,0,unlabeled
215,1.1143567486956649e-13,0,0,unlabeled
216,0.9999752044677734,1,1,unlabeled
217,0.02767549827694893,0,0,unlabeled
218,0.005483116488903761,0,0,unlabeled
219,0.999971866607666,1,1,unlabeled
220,0.04438591003417969,0,0,unlabeled
221,0.007597200106829405,0,0,unlabeled
222,0.2408718317747116,0,0,unlabeled
223,1.6289151005821623e-07,0,0,unlabeled
224,4.6496523964378866e-08,0,0,unlabeled
225,0.9998192191123962,1,1,unlabeled
226,0.0006418597185984254,0,0,unlabeled
227,0.00011202389578102157,0,0,train
228,0.9999094009399414,1,1,unlabeled
229,0.007103326264768839,0,0,unlabeled
230,0.0009164599468931556,0,0,unlabeled
231,0.035084180533885956,0,0,unlabeled
232,8.049340038951414e-08,0,0,unlabeled
233,2.2284440959197127e-08,0,0,unlabeled
234,0.9997161030769348,1,1,unlabeled
235,4.954637915943749e-05,0,0,unlabeled
236,9.616926035960205e-06,0,0,unlabeled
237,0.999809205532074,1,1,unlabeled
238,0.000179037349880673,0,0,unlabeled
239,2.744288940448314e-05,0,0,unlabeled
240,0.000701764365658164,0,0,train
241,3.126364278571714e-09,0,0,unlabeled
242,8.604286172442244e-10,0,0,unlabeled
243,0.999645471572876,1,1,train
244,5.41782719665207e-05,0,0,unlabeled
245,1.040609731717268e-05,0,0,train
246,0.9998877048492432,1,1,val
247,0.0012742752442136407,0,0,unlabeled
248,0.00016313287778757513,0,0,train
249,0.003253176109865308,0,0,train
250,9.3385326138673e-09,0,0,train
251,2.3947224203624273e-09,0,0,unlabeled
252,0.031745411455631256,0,0,unlabeled
253,6.296189525301088e-08,0,0,train
254,2.3841593588258547e-08,0,0,unlabeled
255,0.44688311219215393,0,0,unlabeled
256,4.851233370573027e-07,0,0,unlabeled
257,1.5426759603087703e-07,0,0,unlabeled
258,7.037852469693462e-07,0,0,unlabeled
259,3.2496304258611275e-11,0,0,unlabeled
260,1.0798233834874438e-11,0,0,unlabeled
261,0.09478055685758591,0,0,unlabeled
262,1.4605789999677654e-07,0,0,unlabeled
263,4.736513403713616e-08,0,0,unlabeled
264,0.938911497592926,1,0,unlabeled
265,2.9515808819269296e-06,0,0,unlabeled
266,8.177235031325836e-07,0,0,unlabeled
267,4.4378189159033354e-06,0,0,unlabeled
268,1.3834150491831565e-10,0,0,unlabeled
269,3.9661364470422455e-11,0,0,unlabeled
270,0.9999504089355469,1,1,unlabeled
271,0.00350266438908875,0,0,unlabeled
272,0.0007827951922081411,0,0,unlabeled
273,0.999914288520813,1,1,unlabeled
274,0.00216731452383101,0,0,unlabeled
275,0.00041244999738410115,0,0,unlabeled
276,0.02395639941096306,0,0,unlabeled
277,2.8382775241198033e-08,0,0,unlabeled
278,9.283850133101623e-09,0,0,unlabeled
279,0.9995951056480408,1,1,unlabeled
280,9.780630352906883e-05,0,0,train
281,2.032221163972281e-05,0,0,unlabeled
282,0.9997238516807556,1,1,unlabeled
283,0.00041855082963593304,0,0,val
284,6.7569111706689e-05,0,0,train
285,0.0028717578388750553,0,0,unlabeled
286,1.5974709555166555e-08,0,0,unlabeled
287,4.532759056985469e-09,0,0,train
288,0.9930751323699951,1,1,unlabeled
289,3.4286626942048315e-06,0,0,unlabeled
290,1.0236554999210057e-06,0,0,unlabeled
291,0.9934200644493103,1,1,unlabeled
292,4.6822392505418975e-06,0,0,unlabeled
293,1.2607274584297556e-06,0,0,unlabeled
294,1.672898360993713e-05,0,0,unlabeled
295,3.0455585275923625e-10,0,0,unlabeled
296,9.084466512376821e-11,0,0,unlabeled
297,0.9953199028968811,1,1,unlabeled
298,5.6921439863799606e-06,0,0,train
299,1.5046825865283608e-06,0,0,unlabeled
300,0.9993731379508972,1,1,train
301,3.753300552489236e-05,0,0,unlabeled
302,7.404031748592388e-06,0,0,unlabeled
303,0.00014216848649084568,0,0,train
304,1.0244597392627952e-09,0,0,unlabeled
305,2.798639930912117e-10,0,0,train
306,0.0005050534964539111,0,0,unlabeled
307,4.611135029364277e-09,0,0,unlabeled
308,1.7487444825547982e-09,0,0,unlabeled
309,0.003633095882833004,0,0,unlabeled
310,1.955952200205502e-08,0,0,unlabeled
311,6.281791531392855e-09,0,0,unlabeled
312,3.412669258295864e-08,0,0,unlabeled
313,1.8064876851353606e-12,0,0,unlabeled
314,6.385499225734781e-13,0,0,val
315,0.0014905034331604838,0,0,unlabeled
316,1.0857442056533273e-08,0,0,unlabeled
317,3.779670354475684e-09,0,0,unlabeled
318,0.08575978875160217,0,0,unlabeled
319,1.2402998095240036e-07,0,0,unlabeled
320,3.772987966499386e-08,0,0,unlabeled
321,2.3789452541223e-07,0,0,unlabeled
322,7.75048775158993e-12,0,0,unlabeled
323,2.3348679760448743e-12,0,0,unlabeled
324,0.9990239143371582,1,1,train
325,1.6100870197988115e-05,0,0,unlabeled
326,4.4131415961601306e-06,0,0,unlabeled
327,0.99885094165802,1,1,unlabeled
328,2.0340301489341073e-05,0,0,unlabeled
329,5.080818937130971e-06,0,0,unlabeled
330,0.00025567738339304924,0,0,unlabeled
331,1.5824829224797554e-09,0,0,unlabeled
332,4.848286216940778e-10,0,0,train
333,0.07530606538057327,0,0,train
334,9.638152675961464e-08,0,0,unlabeled
335,2.8569994370286622e-08,0,0,train
336,0.1607280671596527,0,0,unlabeled
337,3.0935052564018406e-07,0,0,unlabeled
338,7.71594415027721e-08,0,0,unlabeled
339,1.5660448298149277e-06,0,0,unlabeled
340,5.347984902148717e-11,0,0,unlabeled
341,1.5488452534406782e-11,0,0,train
342,0.11151447892189026,0,0,unlabeled
343,4.877321657659195e-08,0,0,unlabeled
344,1.4252604429998428e-08,0,0,unlabeled
345,0.12632888555526733,0,0,train
346,7.964413839545159e-08,0,0,train
347,2.1777148973001204e-08,0,0,unlabeled
348,3.7987780387993553e-07,0,0,unlabeled
349,6.790140932161348e-12,0,0,unlabeled
350,2.0262598023068623e-12,0,0,unlabeled
351,0.0014356955653056502,0,0,unlabeled
352,5.557848403725529e-09,0,0,unlabeled
353,1.500898960671293e-09,0,0,train
354,0.017177224159240723,0,0,unlabeled
355,2.8349987246656383e-08,0,0,unlabeled
356,6.849949496512409e-09,0,0,unlabeled
357,9.855524751856137e-08,0,0,unlabeled
358,1.9959149350629035e-12,0,0,unlabeled
359,5.275440457738756e-13,0,0,unlabeled
360,5.148103809915483e-06,0,0,train
361,1.7391804663091648e-10,0,0,unlabeled
362,6.513398154162076e-11,0,0,unlabeled
363,3.053998079849407e-05,0,0,val
364,8.026350695189421e-10,0,0,unlabeled
365,2.671244891949698e-10,0,0,unlabeled
366,2.291121958819531e-09,0,0,unlabeled
367,9.011143746332287e-14,0,0,unlabeled
368,2.96033068392966e-14,0,0,unlabeled
369,7.545236258010846e-07,0,0,unlabeled
370,2.9857619848749906e-11,0,0,unlabeled
371,9.929753200244029e-12,0,0,unlabeled
372,1.344094198429957e-05,0,0,train
373,4.0075129326133663e-10,0,0,unlabeled
374,1.1039880121188617e-10,0,0,unlabeled
375,1.0605316624889838e-09,0,0,train
376,3.3355513717834434e-14,0,0,unlabeled
377,9.52686839600413e-15,0,0,train
378,0.9990350008010864,1,1,unlabeled
379,1.4432683201448526e-05,0,0,unlabeled
380,4.1496723497402854e-06,0,0,unlabeled
381,0.9981093406677246,1,1,unlabeled
382,1.3855661563866306e-05,0,0,unlabeled
383,3.7717688883276423e-06,0,0,unlabeled
384,0.00017760723130777478,0,0,unlabeled
385,1.1615093331585058e-09,0,0,unlabeled
386,3.566892892159501e-10,0,0,unlabeled
387,0.20232859253883362,0,0,unlabeled
388,1.8507800803035934e-07,0,0,unlabeled
389,5.3432721358603885e-08,0,0,unlabeled
390,0.4298979938030243,0,0,val
391,5.452660616356297e-07,0,0,unlabeled
392,1.3831478895554028e-07,0,0,unlabeled
393,3.318103836136288e-06,0,0,unlabeled
394,7.399775930894137e-11,0,0,unlabeled
395,2.0911277917590176e-11,0,0,unlabeled
396,0.06809183955192566,0,0,unlabeled
397,3.9623920145004377e-08,0,0,unlabeled
398,1.1188959980756863e-08,0,0,unlabeled
399,0.08418373018503189,0,0,unlabeled
400,5.345545872614821e-08,0,0,unlabeled
401,1.4314394114478546e-08,0,0,train
402,2.7178279538020433e-07,0,0,unlabeled
403,4.318859506136086e-12,0,0,unlabeled
404,1.2244541318373603e-12,0,0,train
405,0.005026550963521004,0,0,unlabeled
406,9.196734040983756e-09,0,0,unlabeled
407,2.522283049088969e-09,0,0,unlabeled
408,0.055721014738082886,0,0,unlabeled
409,4.6028858946556284e-08,0,0,unlabeled
410,1.0809873884909393e-08,0,0,unlabeled
411,1.8371936505445774e-07,0,0,train
412,2.1359563423528627e-12,0,0,unlabeled
413,5.451316481552837e-13,0,0,unlabeled
414,6.560082965734182e-06,0,0,unlabeled
415,1.6781744049954028e-10,0,0,unlabeled
416,5.966677152358102e-11,0,0,unlabeled
417,3.5551573091652244e-05,0,0,train
418,7.315424932485826e-10,0,0,unlabeled
419,2.2257784504375877e-10,0,0,unlabeled
420,2.559502387811108e-09,0,0,unlabeled
421,6.564110962680586e-14,0,0,unlabeled
422,2.047664880537592e-14,0,0,unlabeled
423,1.9847032035613665e-06,0,0,train
424,5.545443618193424e-11,0,0,unlabeled
425,1.70778374081193e-11,0,0,unlabeled
426,6.153724098112434e-05,0,0,unlabeled
427,7.211328756362434e-10,0,0,unlabeled
428,1.85242182704215e-10,0,0,unlabeled
429,2.259239906265975e-09,0,0,train
430,7.344686382519672e-14,0,0,unlabeled
431,1.8569815010780616e-14,0,0,unlabeled
432,0.9999637603759766,1,1,val
433,0.0041453479789197445,0,0,unlabeled
434,0.0009351848857477307,0,0,unlabeled
435,0.9999258518218994,1,1,train
436,0.0017771298298612237,0,0,unlabeled
437,0.0003657796769402921,0,0,unlabeled
438,0.020497867837548256,0,0,unlabeled
439,2.0793855526335392e-08,0,0,unlabeled
440,7.0532766294206795e-09,0,0,unlabeled
441,0.9997754693031311,1,1,unlabeled
442,0.00014240658492781222,0,0,unlabeled
443,2.9658061976078898e-05,0,0,train
444,0.999755322933197,1,1,unlabeled
445,0.00031732689240016043,0,0,unlabeled
446,5.2443261665757746e-05,0,0,val
447,0.0030123547185212374,0,0,val
448,1.1140664391007249e-08,0,0,unlabeled
449,3.2833458174508223e-09,0,0,unlabeled
450,0.997008740901947,1,1,unlabeled
451,4.01955458073644e-06,0,0,unlabeled
452,1.1903522363354568e-06,0,0,unlabeled
453,0.9932323694229126,1,1,unlabeled
454,3.5310247312736465e-06,0,0,unlabeled
455,9.877331876850803e-07,0,0,unlabeled
456,1.7209697034559213e-05,0,0,unlabeled
457,2.120108810732546e-10,0,0,train
458,6.56776577567797e-11,0,0,val
459,0.9979700446128845,1,1,unlabeled
460,6.334592853818322e-06,0,0,unlabeled
461,1.6933222468651365e-06,0,0,train
462,0.9989219903945923,1,1,unlabeled
463,1.757840254867915e-05,0,0,unlabeled
464,3.719743745023152e-06,0,0,unlabeled
465,9.90436747088097e-05,0,0,unlabeled
466,6.033882282707737e-10,0,0,train
467,1.6896856136483507e-10,0,0,train
468,0.0017903500702232122,0,0,unlabeled
469,7.163297510714983e-09,0,0,unlabeled
470,2.763509865388869e-09,0,0,unlabeled
471,0.00665774242952466,0,0,unlabeled
472,1.7143101160854712e-08,0,0,train
473,5.91453908072026e-09,0,0,unlabeled
474,4.631640138086368e-08,0,0,unlabeled
475,1.6977439419585405e-12,0,0,unlabeled
476,5.98792174698326e-13,0,0,val
477,0.004843207076191902,0,0,unlabeled
478,1.654476200485533e-08,0,0,val
479,5.709216654992133e-09,0,0,train
480,0.11376748234033585,0,0,train
481,1.1398380905802696e-07,0,0,train
482,3.401518355872213e-08,0,0,unlabeled
483,2.7910894573324185e-07,0,0,unlabeled
484,6.104453748045913e-12,0,0,unlabeled
485,1.850371852268884e-12,0,0,unlabeled
486,0.9998984336853027,1,1,unlabeled
487,0.000267369847279042,0,0,val
488,6.457378913182765e-05,0,0,unlabeled
489,0.9996829032897949,1,1,train
490,4.788939986610785e-05,0,0,unlabeled
491,1.1468886441434734e-05,0,0,unlabeled
492,0.000869609706569463,0,0,unlabeled
493,2.43698017321492e-09,0,0,train
494,8.58399240577512e-10,0,0,unlabeled
495,0.9982683658599854,1,0,unlabeled
496,1.2074106962245423e-05,0,0,unlabeled
497,3.6631752209359547e-06,0,0,unlabeled
498,0.9963212013244629,1,0,unlabeled
499,1.2272482308617327e-05,0,0,unlabeled
500,3.3114024517999496e-06,0,0,unlabeled
501,0.00011246218491578475,0,0,unlabeled
502,1.2584521202896326e-09,0,0,unlabeled
503,4.112168938696925e-10,0,0,unlabeled
504,0.8447725772857666,1,0,val
505,2.886055483486416e-07,0,0,unlabeled
506,9.364507036480063e-08,0,0,unlabeled
507,0.6392714977264404,0,0,unlabeled
508,1.6598293939296127e-07,0,0,unlabeled
509,5.08050064240706e-08,0,0,train
510,8.444221180070599e-07,0,0,unlabeled
511,1.3706993005901946e-11,0,0,train
512,4.577696728624847e-12,0,0,unlabeled
513,0.8958622813224792,1,0,unlabeled
514,4.821837933377537e-07,0,0,unlabeled
515,1.4714001395077503e-07,0,0,train
516,0.9281436800956726,1,0,unlabeled
517,7.470892455785361e-07,0,0,unlabeled
518,2.16186293755527e-07,0,0,unlabeled
519,3.277521273048478e-06,0,0,train
520,3.990402799858295e-11,0,0,unlabeled
521,1.185307321044382e-11,0,0,unlabeled
522,2.322560794709716e-05,0,0,train
523,3.6920208557056355e-10,0,0,train
524,1.4169727891033546e-10,0,0,unlabeled
525,4.365307540865615e-05,0,0,unlabeled
526,5.72024427825113e-10,0,0,unlabeled
527,2.027754214539712e-10,0,0,train
528,1.8192428674623784e-09,0,0,unlabeled
529,6.782044408492824e-14,0,0,unlabeled
530,2.4835985183583112e-14,0,0,unlabeled
531,4.8183857870753855e-05,0,0,unlabeled
532,6.717660872013198e-10,0,0,unlabeled
533,2.4695129274832084e-10,0,0,unlabeled
534,0.0005366079858504236,0,0,unlabeled
535,2.7775717281741663e-09,0,0,unlabeled
536,8.964072262251932e-10,0,0,unlabeled
537,8.332170509106618e-09,0,0,val
538,1.8983019366494713e-13,0,0,val
539,6.183005767535638e-14,0,0,unlabeled
540,0.997968852519989,1,1,unlabeled
541,5.677105036738794e-06,0,0,unlabeled
542,1.8196395785707864e-06,0,0,train
543,0.9942610263824463,1,1,unlabeled
544,3.699878334373352e-06,0,0,unlabeled
545,1.16712055842072e-06,0,0,unlabeled
546,5.816926568513736e-05,0,0,unlabeled
547,3.2252844839320005e-10,0,0,unlabeled
548,1.0354167523374258e-10,0,0,unlabeled
549,0.07089567929506302,0,0,train
550,5.563939708963517e-08,0,0,unlabeled
551,1.6942408365139272e-08,0,0,unlabeled
552,0.06932884454727173,0,0,unlabeled
553,8.46246734909073e-08,0,0,unlabeled
554,2.2785114239809445e-08,0,0,unlabeled
555,6.396821277121489e-07,0,0,unlabeled
556,1.3261931483543599e-11,0,0,train
557,4.018967884183988e-12,0,0,unlabeled
558,0.022930167615413666,0,0,unlabeled
559,1.1620351791918893e-08,0,0,unlabeled
560,3.6118457114042712e-09,0,0,unlabeled
561,0.01206290815025568,0,0,unlabeled
562,9.09761954659416e-09,0,0,unlabeled
563,2.752195360500309e-09,0,0,unlabeled
564,6.655176321146428e-08,0,0,unlabeled
565,8.180024040939371e-13,0,0,unlabeled
566,2.57520133689626e-13,0,0,train
567,0.00045435538049787283,0,0,unlabeled
568,1.432246987675967e-09,0,0,unlabeled
569,4.0396611056259246e-10,0,0,unlabeled
570,0.0010918930638581514,0,0,unlabeled
571,2.9462892126019824e-09,0,0,unlabeled
572,7.682381952811568e-10,0,0,unlabeled
573,1.589759435205451e-08,0,0,unlabeled
574,2.002228271418341e-13,0,0,train
575,5.517907704648446e-14,0,0,unlabeled
576,1.4504447563012945e-06,0,0,unlabeled
577,3.0037892312373415e-11,0,0,unlabeled
578,1.2200022242447872e-11,0,0,unlabeled
579,2.682240165086114e-06,0,0,unlabeled
580,5.773281852583523e-11,0,0,unlabeled
581,2.0121265764672103e-11,0,0,unlabeled
582,2.959263945001567e-10,0,0,unlabeled
583,7.814437980166108e-15,0,0,unlabeled
584,2.760561902022938e-15,0,0,unlabeled
585,1.9521642968811648e-07,0,0,unlabeled
586,5.9280943869033376e-12,0,0,unlabeled
587,1.9703756855282695e-12,0,0,unlabeled
588,1.405322109349072e-06,0,0,train
589,3.124107916807617e-11,0,0,train
590,8.920638533416181e-12,0,0,unlabeled
591,1.4488223121222887e-10,0,0,unlabeled
592,6.0029305440042254e-15,0,0,unlabeled
593,1.657923104528378e-15,0,0,unlabeled
594,0.9974008798599243,1,1,unlabeled
595,4.252658982295543e-06,0,0,train
596,1.391122282257129e-06,0,0,unlabeled
597,0.989766538143158,1,1,unlabeled
598,2.0997993033233797e-06,0,0,unlabeled
599,6.776205623282294e-07,0,0,unlabeled
600,2.9618944608955644e-05,0,0,val
601,1.8051084238468462e-10,0,0,train
602,5.772401306947117e-11,0,0,unlabeled
603,0.18499676883220673,0,0,unlabeled
604,8.286513519806249e-08,0,0,unlabeled
605,2.4971532397444207e-08,0,0,unlabeled
606,0.16620665788650513,0,0,unlabeled
607,1.1308706859836093e-07,0,0,unlabeled
608,3.0261809058629296e-08,0,0,unlabeled
609,1.156592134066159e-06,0,0,unlabeled
610,1.2054278582251943e-11,0,0,unlabeled
611,3.521529855915473e-12,0,0,unlabeled
612,0.014838297851383686,0,0,train
613,7.833683035585182e-09,0,0,unlabeled
614,2.387840147832776e-09,0,0,unlabeled
615,0.005380835384130478,0,0,unlabeled
616,4.835009281833891e-09,0,0,unlabeled
617,1.4048422425361196e-09,0,0,unlabeled
618,3.850707130936826e-08,0,0,unlabeled
619,3.872484472845772e-13,0,0,unlabeled
620,1.1588516604654764e-13,0,0,train
621,0.001130943768657744,0,0,train
622,1.9526449346329855e-09,0,0,unlabeled
623,5.392821744720777e-10,0,0,train
624,0.002789784222841263,0,0,unlabeled
625,3.3811542454742494e-09,0,0,unlabeled
626,8.407710638813626e-10,0,0,unlabeled
627,2.4553267863325345e-08,0,0,unlabeled
628,3.1815931725125146e-13,0,0,unlabeled
629,7.718938742308154e-14,0,0,unlabeled
630,1.56082637658983e-06,0,0,unlabeled
631,2.567224904881371e-11,0,0,train
632,9.653515833929482e-12,0,0,unlabeled
633,2.7979624519502977e-06,0,0,unlabeled
634,4.173865766898821e-11,0,0,unlabeled
635,1.3707856898192983e-11,0,0,train
636,2.948356558896137e-10,0,0,val
637,1.0218693567102394e-14,0,0,unlabeled
638,3.280062455167051e-15,0,0,unlabeled
639,5.325639449438313e-07,0,0,unlabeled
640,7.731323393989076e-12,0,0,train
641,2.413671042547638e-12,0,0,unlabeled
642,4.233349500282202e-06,0,0,unlabeled
643,7.846011340628678e-11,0,0,unlabeled
644,1.9198528183883568e-11,0,0,train
645,2.0351405005669676e-09,0,0,unlabeled
646,6.814886162846831e-15,0,0,unlabeled
647,1.6899327972424733e-15,0,0,unlabeled
648,0.9999061822891235,1,1,unlabeled
649,0.0016208483139052987,0,0,val
650,0.00032832403667271137,0,0,unlabeled
651,0.9998013377189636,1,1,unlabeled
652,0.0006909775547683239,0,0,val
653,0.00012236277689225972,0,0,unlabeled
654,0.007463900372385979,0,0,unlabeled
655,2.0886671947550894e-08,0,0,unlabeled
656,6.505012972723989e-09,0,0,unlabeled
657,0.9700988531112671,1,0,unlabeled
658,5.457943643705221e-06,0,0,unlabeled
659,1.6086914911284111e-06,0,0,unlabeled
660,0.9620589017868042,1,0,unlabeled
661,8.53414530865848e-06,0,0,unlabeled
662,2.295262447660207e-06,0,0,unlabeled
663,5.1190385420341045e-05,0,0,unlabeled
664,1.686502049125238e-09,0,0,unlabeled
665,4.879066595186998e-10,0,0,unlabeled
666,0.8358871936798096,1,0,unlabeled
667,8.452931865576829e-07,0,0,unlabeled
668,2.390357281001343e-07,0,0,train
669,0.622002363204956,0,0,unlabeled
670,6.955971798561222e-07,0,0,unlabeled
671,1.8746962382465426e-07,0,0,val
672,2.688335143830045e-06,0,0,unlabeled
673,7.906161142434698e-11,0,0,train
674,2.2674613922579745e-11,0,0,unlabeled
675,0.20833924412727356,0,0,unlabeled
676,2.0447642157250812e-07,0,0,unlabeled
677,5.434833383333171e-08,0,0,unlabeled
678,0.4511975944042206,0,0,unlabeled
679,4.5552476990451396e-07,0,0,unlabeled
680,1.1654449139086864e-07,0,0,unlabeled
681,1.6705550933693303e-06,0,0,val
682,4.350692722754346e-11,0,0,unlabeled
683,1.132370846396169e-11,0,0,unlabeled
684,0.00042124628089368343,0,0,train
685,5.3467865690493e-09,0,0,unlabeled
686,1.927405568480367e-09,0,0,unlabeled
687,0.0014837047783657908,0,0,unlabeled
688,1.3452669200830769e-08,0,0,unlabeled
689,4.327152858252248e-09,0,0,unlabeled
690,4.166848555087199e-08,0,0,unlabeled
691,1.6515313422393874e-12,0,0,unlabeled
692,5.230075270437617e-13,0,0,unlabeled
693,9.660988871473819e-05,0,0,train
694,2.5829050009917864e-09,0,0,unlabeled
695,7.61740837074143e-10,0,0,unlabeled
696,0.002895399695262313,0,0,unlabeled
697,1.873594790424704e-08,0,0,unlabeled
698,4.7967700922413314e-09,0,0,unlabeled
699,5.221625798412788e-08,0,0,unlabeled
700,1.378104227955923e-12,0,0,unlabeled
701,3.6796984187979775e-13,0,0,unlabeled
702,0.9998161196708679,1,1,train
703,0.00019486906239762902,0,0,unlabeled
704,4.1549203160684556e-05,0,0,unlabeled
705,0.9991311430931091,1,1,unlabeled
706,3.687070056912489e-05,0,0,unlabeled
707,9.40529480430996e-06,0,0,unlabeled
708,0.0006929543451406062,0,0,unlabeled
709,3.2843165964635546e-09,0,0,train
710,1.1180506520602762e-09,0,0,unlabeled
711,0.8960351943969727,1,0,unlabeled
712,1.9841922949126456e-06,0,0,unlabeled
713,5.968136633782706e-07,0,0,train
714,0.7446917295455933,1,0,unlabeled
715,1.7397499050275655e-06,0,0,train
716,4.6986238544377557e-07,0,0,unlabeled
717,1.0884440598601941e-05,0,0,unlabeled
718,3.4390257308558603e-10,0,0,unlabeled
719,1.0342700307308661e-10,0,0,unlabeled
720,0.23321284353733063,0,0,unlabeled
721,1.1732982585499485e-07,0,0,unlabeled
722,3.584047547633418e-08,0,0,unlabeled
723,0.051877543330192566,0,0,unlabeled
724,5.4508721092361156e-08,0,0,unlabeled
725,1.5852025470053377e-08,0,0,unlabeled
726,2.919643975474173e-07,0,0,unlabeled
727,7.33877021652507e-12,0,0,unlabeled
728,2.3248425753963353e-12,0,0,unlabeled
729,0.02205095998942852,0,0,unlabeled
730,3.688090188802562e-08,0,0,train
731,1.0126426808199085e-08,0,0,unlabeled
732,0.02936471998691559,0,0,unlabeled
733,5.0973895326933416e-08,0,0,unlabeled
734,1.3294190637225256e-08,0,0,unlabeled
735,2.3672944848840416e-07,0,0,train
736,4.788033684810511e-12,0,0,unlabeled
737,1.310264396980898e-12,0,0,unlabeled
738,1.593795786902774e-05,0,0,train
739,3.944614912487765e-10,0,0,unlabeled
740,1.473053345968367e-10,0,0,unlabeled
741,2.288222276547458e-05,0,0,unlabeled
742,6.175440159239542e-10,0,0,unlabeled
743,2.006356053518843e-10,0,0,unlabeled
744,2.3948458771627656e-09,0,0,unlabeled
745,8.493715713403516e-14,0,0,train
746,2.8206214084227146e-14,0,0,unlabeled
747,4.1520434024278075e-06,0,0,unlabeled
748,1.9206083945455532e-10,0,0,unlabeled
749,6.228431659316414e-11,0,0,unlabeled
750,3.1184776162263006e-05,0,0,unlabeled
751,8.057964850927135e-10,0,0,unlabeled
752,2.2647309028123175e-10,0,0,unlabeled
753,2.7573812122483332e-09,0,0,unlabeled
754,1.6038169056709073e-13,0,0,unlabeled
755,4.152784005887443e-14,0,0,unlabeled
756,0.9971117973327637,1,1,unlabeled
757,6.249381840461865e-06,0,0,train
758,1.7578233837411972e-06,0,0,unlabeled
759,0.9919460415840149,1,1,unlabeled
760,4.348096808826085e-06,0,0,train
761,1.2476400570449186e-06,0,0,unlabeled
762,5.992409205646254e-05,0,0,unlabeled
763,3.873457665726221e-10,0,0,unlabeled
764,1.1216235579203371e-10,0,0,train
765,0.0033690675627440214,0,0,unlabeled
766,1.4598223074813177e-08,0,0,unlabeled
767,4.1779961712506974e-09,0,0,unlabeled
768,0.0027626059018075466,0,0,val
769,1.8557759773329963e-08,0,0,unlabeled
770,4.747582327269129e-09,0,0,unlabeled
771,1.5684810250604642e-07,0,0,unlabeled
772,3.88007941748425e-12,0,0,train
773,1.098500522316026e-12,0,0,unlabeled
774,0.0043639917857944965,0,0,train
775,6.511915007223479e-09,0,0,unlabeled
776,1.787601178193654e-09,0,0,unlabeled
777,0.001589354476891458,0,0,unlabeled
778,4.759105998175528e-09,0,0,unlabeled
779,1.269663041369995e-09,0,0,unlabeled
780,3.4869351850375097e-08,0,0,unlabeled
781,5.043662969911322e-13,0,0,unlabeled
782,1.4154552096384831e-13,0,0,unlabeled
783,7.191012173279887e-06,0,0,unlabeled
784,1.717505998533042e-10,0,0,train
785,4.452490459661007e-11,0,0,unlabeled
786,1.3335633411770687e-05,0,0,unlabeled
787,3.0340438494924626e-10,0,0,unlabeled
788,7.300019616574005e-11,0,0,train
789,1.9143040486113705e-09,0,0,unlabeled
790,7.585134641696287e-14,0,0,unlabeled
791,1.7692456589948717e-14,0,0,unlabeled
792,1.8031784065897227e-06,0,0,unlabeled
793,4.2260715760189527e-11,0,0,unlabeled
794,1.472726801621249e-11,0,0,unlabeled
795,3.6264589198253816e-06,0,0,unlabeled
796,8.083097385869209e-11,0,0,unlabeled
797,2.4775414358968462e-11,0,0,train
798,5.15655573796181e-10,0,0,unlabeled
799,1.9174198429634977e-14,0,0,unlabeled
800,5.4513625940264855e-15,0,0,train
801,6.468454927244238e-08,0,0,unlabeled
802,2.0269207319512095e-12,0,0,unlabeled
803,6.013238409811883e-13,0,0,unlabeled
804,5.019831519348372e-07,0,0,train
805,2.3588932890339365e-11,0,0,train
806,5.281675270751851e-12,0,0,unlabeled
807,4.811199216803175e-10,0,0,unlabeled
808,4.054865303118951e-15,0,0,val
809,9.289609385280517e-16,0,0,unlabeled
810,0.9970480799674988,1,1,train
811,4.426782197697321e-06,0,0,unlabeled
812,1.2958627166881342e-06,0,0,train
813,0.9823369979858398,1,1,unlabeled
814,2.254558921777061e-06,0,0,unlabeled
815,6.179616889312456e-07,0,0,train
816,3.1433519325219095e-05,0,0,unlabeled
817,1.6555413984153944e-10,0,0,unlabeled
818,4.766313732584848e-11,0,0,unlabeled
819,0.006692835129797459,0,0,unlabeled
820,1.798456850110597e-08,0,0,unlabeled
821,4.961465016606326e-09,0,0,unlabeled
822,0.005505891516804695,0,0,train
823,1.8981657134986563e-08,0,0,unlabeled
824,4.796696817521706e-09,0,0,val
825,1.966978402379027e-07,0,0,unlabeled
826,5.336824298457499e-12,0,0,unlabeled
827,1.368115473340814e-12,0,0,val
828,0.0015693757450208068,0,0,unlabeled
829,3.2782956349564074e-09,0,0,train
830,8.743717971881892e-10,0,0,train
831,0.00045062106801196933,0,0,val
832,1.7696248910681334e-09,0,0,unlabeled
833,4.433282074778333e-10,0,0,unlabeled
834,1.613833866542791e-08,0,0,unlabeled
835,3.5417765183350103e-13,0,0,unlabeled
836,9.012829003084144e-14,0,0,unlabeled
837,1.0703876796469558e-05,0,0,unlabeled
838,1.5052127599890497e-10,0,0,train
839,3.769083656290917e-11,0,0,unlabeled
840,1.811701076803729e-05,0,0,train
841,4.289408273017159e-10,0,0,unlabeled
842,9.181826132742543e-11,0,0,unlabeled
843,1.3396338260918128e-08,0,0,train
844,5.6297658592233124e-14,0,0,unlabeled
845,1.2373962125127383e-14,0,0,unlabeled
846,1.7979787116928492e-06,0,0,unlabeled
847,2.486142715307782e-11,0,0,unlabeled
848,8.25812942334414e-12,0,0,unlabeled
849,3.0424025680986233e-06,0,0,unlabeled
850,7.812799712736407e-11,0,0,unlabeled
851,2.1129218166771047e-11,0,0,unlabeled
852,2.5350446186678255e-09,0,0,unlabeled
853,1.1619118549786346e-14,0,0,unlabeled
854,3.0396429527589953e-15,0,0,unlabeled
855,1.1754598006064043e-07,0,0,unlabeled
856,4.31890070581864e-12,0,0,unlabeled
857,1.1205659880900165e-12,0,0,unlabeled
858,1.097606491384795e-05,0,0,unlabeled
859,8.638171428154706e-11,0,0,unlabeled
860,1.8493847078748793e-11,0,0,unlabeled
861,7.27475357731322e-10,0,0,val
862,3.722927490650094e-15,0,0,train
863,8.590763793357172e-16,0,0,unlabeled
864,0.9999908208847046,1,1,unlabeled
865,0.2932595908641815,0,0,unlabeled
866,0.0663219466805458,0,0,train
867,0.9999924898147583,1,1,unlabeled
868,0.5620396733283997,0,0,unlabeled
869,0.15144401788711548,0,0,unlabeled
870,0.8465355634689331,1,0,unlabeled
871,1.017533350022859e-06,0,0,unlabeled
872,2.753833143742668e-07,0,0,unlabeled
873,0.9999020099639893,1,1,unlabeled
874,0.0020206393674016,0,0,unlabeled
875,0.0003112262056674808,0,0,unlabeled
876,0.9999617338180542,1,1,unlabeled
877,0.04148636385798454,0,0,unlabeled
878,0.005585850216448307,0,0,unlabeled
879,0.115742027759552,0,0,unlabeled
880,1.6278465864161262e-07,0,0,unlabeled
881,4.263385022795774e-08,0,0,train
882,0.999948263168335,1,1,val
883,0.0019012648845091462,0,0,train
884,0.0002903858257923275,0,0,unlabeled
885,0.999968409538269,1,1,unlabeled
886,0.013010198250412941,0,0,unlabeled
887,0.0017375958850607276,0,0,unlabeled
888,0.031580179929733276,0,0,unlabeled
889,3.1599018512906696e-08,0,0,unlabeled
890,8.409606344628173e-09,0,0,unlabeled
891,0.9998563528060913,1,1,unlabeled
892,0.00034955638693645597,0,0,val
893,5.276808951748535e-05,0,0,unlabeled
894,0.999956488609314,1,1,unlabeled
895,0.011715971864759922,0,0,unlabeled
896,0.001537191797979176,0,0,unlabeled
897,0.02711881324648857,0,0,unlabeled
898,3.233899192878198e-08,0,0,unlabeled
899,8.241760163230083e-09,0,0,unlabeled
900,0.9004476070404053,1,1,unlabeled
901,1.5842057337067672e-06,0,0,unlabeled
902,5.235917228674225e-07,0,0,unlabeled
903,0.9975447058677673,1,1,train
904,2.298392246302683e-05,0,0,val
905,5.5595278354303446e-06,0,0,unlabeled
906,2.8638645744649693e-05,0,0,unlabeled
907,7.4413053496869e-10,0,0,unlabeled
908,2.4001123311023775e-10,0,0,unlabeled
909,0.9215402007102966,1,1,val
910,2.0005575152026722e-06,0,0,train
911,5.698084919458779e-07,0,0,unlabeled
912,0.9995656609535217,1,1,unlabeled
913,8.956498641055077e-05,0,0,unlabeled
914,1.673421502346173e-05,0,0,unlabeled
915,0.00013000579201616347,0,0,unlabeled
916,1.7414651942715409e-09,0,0,unlabeled
917,4.787472085432398e-10,0,0,val
918,0.9999839067459106,1,1,unlabeled
919,0.05068236216902733,0,0,unlabeled
920,0.009821129962801933,0,0,unlabeled
921,0.9999765157699585,1,1,unlabeled
922,0.05015788972377777,0,0,unlabeled
923,0.008377164602279663,0,0,unlabeled
924,0.30315136909484863,0,0,unlabeled
925,1.820552881781623e-07,0,0,unlabeled
926,5.4911204472318786e-08,0,0,unlabeled
927,0.999810516834259,1,1,unlabeled
928,0.0003982787602581084,0,0,unlabeled
929,6.623475201195106e-05,0,0,unlabeled
930,0.9998855590820312,1,1,unlabeled
931,0.002577572362497449,0,0,unlabeled
932,0.00036849037860520184,0,0,train
933,0.011918256059288979,0,0,unlabeled
934,3.869540776690883e-08,0,0,train
935,1.0644840564566493e-08,0,0,unlabeled
936,0.9998056292533875,1,1,unlabeled
937,7.23999401088804e-05,0,0,unlabeled
938,1.3879703146812972e-05,0,0,unlabeled
939,0.9998195767402649,1,1,unlabeled
940,0.00016070525452960283,0,0,train
941,2.802008020807989e-05,0,0,unlabeled
942,0.0006370971095748246,0,0,unlabeled
943,2.921967556801519e-09,0,0,unlabeled
944,8.739317047812278e-10,0,0,unlabeled
945,0.9995211362838745,1,1,unlabeled
946,3.281927274656482e-05,0,0,unlabeled
947,6.854872935946332e-06,0,0,train
948,0.9998407363891602,1,1,unlabeled
949,0.00040576214087195694,0,0,unlabeled
950,6.112286791903898e-05,0,0,unlabeled
951,0.0012280915398150682,0,0,unlabeled
952,4.886687499094933e-09,0,0,val
953,1.287091877522073e-09,0,0,unlabeled
954,0.08070286363363266,0,0,train
955,1.0323026344849495e-07,0,0,unlabeled
956,3.6361228694659076e-08,0,0,unlabeled
957,0.6448698043823242,0,0,unlabeled
958,6.105408942858048e-07,0,0,unlabeled
959,1.919792254057029e-07,0,0,unlabeled
960,9.379447760693438e-07,0,0,unlabeled
961,3.84883618032017e-11,0,0,unlabeled
962,1.3647619492851426e-11,0,0,unlabeled
963,0.12993715703487396,0,0,unlabeled
964,1.4424384175981686e-07,0,0,unlabeled
965,4.5000092541158665e-08,0,0,val
966,0.9410661458969116,1,0,unlabeled
967,2.250908892165171e-06,0,0,unlabeled
968,6.919667043803202e-07,0,0,unlabeled
969,3.925685632566456e-06,0,0,train
970,1.0273885214795442e-10,0,0,train
971,3.009225854611053e-11,0,0,unlabeled
972,0.9998099207878113,1,1,unlabeled
973,0.00013136131747160107,0,0,unlabeled
974,2.453009619785007e-05,0,0,unlabeled
975,0.9998107552528381,1,1,train
976,0.00027601810870692134,0,0,unlabeled
977,4.484901364776306e-05,0,0,unlabeled
978,0.0034808828495442867,0,0,unlabeled
979,8.174425580875777e-09,0,0,unlabeled
980,2.3743154109467923e-09,0,0,unlabeled
981,0.22612442076206207,0,0,unlabeled
982,2.1323793930605461e-07,0,0,unlabeled
983,5.8129355551272965e-08,0,0,train
984,0.5631321668624878,0,0,unlabeled
985,8.406369147451187e-07,0,0,unlabeled
986,2.1201094568823464e-07,0,0,val
987,3.0502092158712912e-06,0,0,unlabeled
988,1.312599473557441e-10,0,0,val
989,3.6133925712666937e-11,0,0,unlabeled
990,0.7992103695869446,1,0,val
991,3.844949674203235e-07,0,0,unlabeled
992,1.0790453330855598e-07,0,0,unlabeled
993,0.9069095849990845,1,0,unlabeled
994,8.986031616586843e-07,0,0,unlabeled
995,2.398040521711664e-07,0,0,unlabeled
996,3.1460456284548854e-06,0,0,val
997,6.31073943102578e-11,0,0,unlabeled
998,1.754659958996818e-11,0,0,unlabeled
999,0.011144082061946392,0,0,unlabeled
1000,1.843052643835108e-08,0,0,unlabeled
1001,4.760394745062513e-09,0,0,unlabeled
1002,0.12791703641414642,0,0,train
1003,1.1854046277903763e-07,0,0,unlabeled
1004,2.920063302269682e-08,0,0,unlabeled
1005,3.363981022630469e-07,0,0,unlabeled
1006,7.575541756399407e-12,0,0,unlabeled
1007,1.9545870998116666e-12,0,0,unlabeled
1008,0.0003407339099794626,0,0,unlabeled
1009,2.968910228773325e-09,0,0,train
1010,1.0283242035669105e-09,0,0,unlabeled
1011,0.005096514243632555,0,0,unlabeled
1012,1.988532005725574e-08,0,0,unlabeled
1013,6.264394336596979e-09,0,0,unlabeled
1014,5.18123748349808e-08,0,0,unlabeled
1015,1.4347000150405353e-12,0,0,train
1016,4.757616284441213e-13,0,0,unlabeled
1017,9.182457688439172e-06,0,0,unlabeled
1018,3.2309674380393005e-10,0,0,val
1019,9.61876481242463e-11,0,0,unlabeled
1020,0.0007855989970266819,0,0,train
1021,5.536381575410587e-09,0,0,unlabeled
1022,1.4394003766682317e-09,0,0,unlabeled
1023,1.3913127538955905e-08,0,0,unlabeled
1024,3.3504164611945775e-13,0,0,unlabeled
1025,9.379727761637743e-14,0,0,train
1026,0.9997627139091492,1,1,unlabeled
1027,0.00010606786963762715,0,0,unlabeled
1028,2.0522187696769834e-05,0,0,unlabeled
1029,0.9997237324714661,1,1,unlabeled
1030,0.00016356496780645102,0,0,unlabeled
1031,2.8515820304164663e-05,0,0,unlabeled
1032,0.0019330086652189493,0,0,unlabeled
1033,6.61649401934028e-09,0,0,unlabeled
1034,1.9234356329889124e-09,0,0,train
1035,0.4206037223339081,0,0,unlabeled
1036,3.843164790851006e-07,0,0,unlabeled
1037,1.0518681392568396e-07,0,0,unlabeled
1038,0.779229462146759,1,0,unlabeled
1039,1.3869773738406366e-06,0,0,unlabeled
1040,3.5918804996981635e-07,0,0,unlabeled
1041,6.2516592151951045e-06,0,0,unlabeled
1042,1.7680752695259372e-10,0,0,val
1043,4.704498943186586e-11,0,0,unlabeled
1044,0.6962562799453735,0,0,unlabeled
1045,3.0682429041917203e-07,0,0,unlabeled
1046,8.701054099446992e-08,0,0,unlabeled
1047,0.8104150891304016,1,0,unlabeled
1048,5.895636263630877e-07,0,0,train
1049,1.5761703764383128e-07,0,0,unlabeled
1050,2.2926853944227332e-06,0,0,train
1051,3.821142707804981e-11,0,0,unlabeled
1052,1.0653984638953062e-11,0,0,unlabeled
1053,0.0294368714094162,0,0,unlabeled
1054,3.249387248160929e-08,0,0,unlabeled
1055,8.443583610073802e-09,0,0,unlabeled
1056,0.3339623212814331,0,0,unlabeled
1057,1.800316198341534e-07,0,0,train
1058,4.3742051758499656e-08,0,0,unlabeled
1059,5.887590077691129e-07,0,0,unlabeled
1060,8.515525957986103e-12,0,0,train
1061,2.1255159091126963e-12,0,0,train
1062,0.00036333297612145543,0,0,unlabeled
1063,3.096354062037676e-09,0,0,unlabeled
1064,1.0523668603212855e-09,0,0,unlabeled
1065,0.007192439865320921,0,0,unlabeled
1066,1.814319539050757e-08,0,0,unlabeled
1067,5.587418527852606e-09,0,0,unlabeled
1068,5.924986368199825e-08,0,0,unlabeled
1069,1.1035174510287682e-12,0,0,train
1070,3.359329687254581e-13,0,0,unlabeled
1071,3.661575465230271e-05,0,0,unlabeled
1072,6.236089977740278e-10,0,0,unlabeled
1073,1.751090106250075e-10,0,0,unlabeled
1074,0.006082040723413229,0,0,unlabeled
1075,1.1014945400233955e-08,0,0,unlabeled
1076,2.7486282139221885e-09,0,0,unlabeled
1077,2.982738322998557e-08,0,0,unlabeled
1078,6.984305169800697e-13,0,0,unlabeled
1079,1.7223353819539877e-13,0,0,unlabeled
1080,0.9999887943267822,1,1,unlabeled
1081,0.12705951929092407,0,0,unlabeled
1082,0.02568162977695465,0,0,unlabeled
1083,0.9999897480010986,1,1,train
1084,0.2656290829181671,0,0,unlabeled
1085,0.054735906422138214,0,0,train
1086,0.6619635820388794,0,0,unlabeled
1087,3.9907669702188286e-07,0,0,unlabeled
1088,1.1421079193496553e-07,0,0,unlabeled
1089,0.9998841285705566,1,1,unlabeled
1090,0.0010329969227313995,0,0,unlabeled
1091,0.00017345877131447196,0,0,unlabeled
1092,0.9999474287033081,1,1,unlabeled
1093,0.015226999297738075,0,0,unlabeled
1094,0.001947097945958376,0,0,unlabeled
1095,0.056303445249795914,0,0,unlabeled
1096,8.695894848642638e-08,0,0,train
1097,2.432643952943181e-08,0,0,unlabeled
1098,0.9998693466186523,1,1,val
1099,0.00018123032350558788,0,0,unlabeled
1100,3.0871040507918224e-05,0,0,unlabeled
1101,0.9999196529388428,1,1,unlabeled
1102,0.0008400123915635049,0,0,train
1103,0.00012094774865545332,0,0,unlabeled
1104,0.002521946094930172,0,0,unlabeled
1105,6.474981439907879e-09,0,0,unlabeled
1106,1.7041995592492754e-09,0,0,train
1107,0.9997020363807678,1,1,train
1108,6.310216122074053e-05,0,0,train
1109,1.0782880963233765e-05,0,0,unlabeled
1110,0.9999212026596069,1,1,unlabeled
1111,0.0018363597337156534,0,0,unlabeled
1112,0.00023251363018061966,0,0,unlabeled
1113,0.004326408728957176,0,0,unlabeled
1114,9.519014021464045e-09,0,0,unlabeled
1115,2.4125106357075765e-09,0,0,unlabeled
1116,0.1316719502210617,0,0,unlabeled
1117,1.274135286166711e-07,0,0,unlabeled
1118,4.579024448503333e-08,0,0,unlabeled
1119,0.8345819115638733,1,0,unlabeled
1120,1.087715304493031e-06,0,0,val
1121,3.420731786718534e-07,0,0,unlabeled
1122,1.51768904288474e-06,0,0,unlabeled
1123,6.268379565410598e-11,0,0,unlabeled
1124,2.0579538073661752e-11,0,0,unlabeled
1125,0.13950875401496887,0,0,unlabeled
1126,1.5711248124716803e-07,0,0,unlabeled
1127,4.753492532927339e-08,0,0,unlabeled
1128,0.9669315814971924,1,0,unlabeled
1129,3.3575879569980316e-06,0,0,train
1130,9.466986057304894e-07,0,0,unlabeled
1131,5.226740995567525e-06,0,0,unlabeled
1132,1.6199754038215275e-10,0,0,unlabeled
1133,4.402497810751527e-11,0,0,train
1134,0.9999815225601196,1,1,train
1135,0.02713855169713497,0,0,unlabeled
1136,0.005843134596943855,0,0,unlabeled
1137,0.9999746084213257,1,1,train
1138,0.023905446752905846,0,0,unlabeled
1139,0.0044341967441141605,0,0,train
1140,0.18757954239845276,0,0,unlabeled
1141,9.340977413785367e-08,0,0,train
1142,3.067657416977454e-08,0,0,train
1143,0.9997914433479309,1,1,unlabeled
1144,0.00022891053231433034,0,0,val
1145,4.242699651513249e-05,0,0,unlabeled
1146,0.9998633861541748,1,1,unlabeled
1147,0.0011265551438555121,0,0,unlabeled
1148,0.00017005082918331027,0,0,unlabeled
1149,0.0072123515419662,0,0,train
1150,2.1664298799350945e-08,0,0,unlabeled
1151,6.246617001437471e-09,0,0,unlabeled
1152,0.9986991882324219,1,1,train
1153,1.114793212764198e-05,0,0,unlabeled
1154,2.859409505617805e-06,0,0,unlabeled
1155,0.9990531802177429,1,1,unlabeled
1156,1.7962845959118567e-05,0,0,unlabeled
1157,3.970475518144667e-06,0,0,val
1158,7.420852489303797e-05,0,0,unlabeled
1159,7.532052204162198e-10,0,0,unlabeled
1160,2.2797305709865157e-10,0,0,train
1161,0.9975589513778687,1,1,unlabeled
1162,7.730801371508278e-06,0,0,unlabeled
1163,1.8245328874400002e-06,0,0,unlabeled
1164,0.9996728897094727,1,1,unlabeled
1165,6.737293733749539e-05,0,0,unlabeled
1166,1.1521870874275919e-05,0,0,unlabeled
1167,0.0002379465731792152,0,0,train
1168,1.4194080355522942e-09,0,0,unlabeled
1169,3.5805594600368806e-10,0,0,unlabeled
1170,0.002929707057774067,0,0,unlabeled
1171,1.1420595136257816e-08,0,0,unlabeled
1172,4.219189886356389e-09,0,0,unlabeled
1173,0.02851879969239235,0,0,unlabeled
1174,5.157288995860654e-08,0,0,train
1175,1.703813623521455e-08,0,0,unlabeled
1176,8.810876295228809e-08,0,0,unlabeled
1177,4.24694958020555e-12,0,0,unlabeled
1178,1.4460599601431867e-12,0,0,unlabeled
1179,0.0031569928396493196,0,0,unlabeled
1180,1.4280551852152712e-08,0,0,unlabeled
1181,4.7368549083159905e-09,0,0,unlabeled
1182,0.19997602701187134,0,0,unlabeled
1183,1.8147441949167842e-07,0,0,unlabeled
1184,5.3540951228114864e-08,0,0,train
1185,4.140080136494362e-07,0,0,unlabeled
1186,9.87641132071948e-12,0,0,unlabeled
1187,2.7895342286088365e-12,0,0,unlabeled
1188,0.9997355341911316,1,1,unlabeled
1189,5.8928082580678165e-05,0,0,train
1190,1.1752422324207146e-05,0,0,unlabeled
1191,0.9997431635856628,1,1,train
1192,9.780900290934369e-05,0,0,train
1193,1.8439339328324422e-05,0,0,train
1194,0.0013529937714338303,0,0,unlabeled
1195,3.472842236007523e-09,0,0,unlabeled
1196,1.0368935710047822e-09,0,0,unlabeled
1197,0.15206316113471985,0,0,unlabeled
1198,1.1461821003422301e-07,0,0,val
1199,3.2981663622422275e-08,0,0,train
1200,0.35615384578704834,0,0,unlabeled
1201,3.688790854994295e-07,0,0,unlabeled
1202,9.493742680888317e-08,0,0,unlabeled
1203,1.6971650893538026e-06,0,0,unlabeled
1204,5.806511174655249e-11,0,0,unlabeled
1205,1.650272453412871e-11,0,0,unlabeled
1206,0.31366270780563354,0,0,unlabeled
1207,9.347803597847815e-08,0,0,unlabeled
1208,2.597078996302571e-08,0,0,unlabeled
1209,0.427355021238327,0,0,unlabeled
1210,1.7160741094812693e-07,0,0,unlabeled
1211,4.672883235912195e-08,0,0,unlabeled
1212,6.955062872293638e-07,0,0,unlabeled
1213,1.2730178890196786e-11,0,0,unlabeled
1214,3.6290905176816768e-12,0,0,unlabeled
1215,0.0018890458159148693,0,0,train
1216,5.218009579976979e-09,0,0,unlabeled
1217,1.374462876846394e-09,0,0,unlabeled
1218,0.025255070999264717,0,0,train
1219,2.80794605345136e-08,0,0,train
1220,6.734495627824799e-09,0,0,unlabeled
1221,1.0339559253225161e-07,0,0,train
1222,1.7535750412508988e-12,0,0,train
1223,4.371233464171148e-13,0,0,unlabeled
1224,1.538333344797138e-05,0,0,unlabeled
1225,3.3591684989175974e-10,0,0,unlabeled
1226,1.1852764603137445e-10,0,0,train
1227,0.0001525607513030991,0,0,unlabeled
1228,1.6859876827979292e-09,0,0,unlabeled
1229,5.171971739770242e-10,0,0,train
1230,5.092771093728743e-09,0,0,unlabeled
1231,1.4521290257491631e-13,0,0,val
1232,4.6063853957351714e-14,0,0,unlabeled
1233,8.634155506115349e-07,0,0,unlabeled
1234,3.109388788113954e-11,0,0,unlabeled
1235,9.702691775026473e-12,0,0,unlabeled
1236,2.5673085474409163e-05,0,0,unlabeled
1237,4.356001115368713e-10,0,0,unlabeled
1238,1.1057962184812808e-10,0,0,unlabeled
1239,1.3311616253730563e-09,0,0,unlabeled
1240,6.570173008077496e-14,0,0,unlabeled
1241,1.6201576958827478e-14,0,0,unlabeled
1242,0.9997082352638245,1,1,unlabeled
1243,4.49718463642057e-05,0,0,unlabeled
1244,9.677674825070426e-06,0,0,unlabeled
1245,0.9996243715286255,1,1,unlabeled
1246,5.1637580327223986e-05,0,0,unlabeled
1247,1.0620812645356636e-05,0,0,unlabeled
1248,0.0008467435254715383,0,0,unlabeled
1249,2.5480022536328306e-09,0,0,train
1250,7.482737207631374e-10,0,0,unlabeled
1251,0.29516512155532837,0,0,unlabeled
1252,1.9601432654781092e-07,0,0,train
1253,5.515051881843647e-08,0,0,unlabeled
1254,0.6211146712303162,0,0,unlabeled
1255,6.076841145841172e-07,0,0,val
1256,1.5415993459555466e-07,0,0,train
1257,3.939498128602281e-06,0,0,val
1258,6.451737755153175e-11,0,0,unlabeled
1259,1.7731200188664253e-11,0,0,val
1260,0.19007286429405212,0,0,unlabeled
1261,6.85243506381994e-08,0,0,unlabeled
1262,1.9050535371434307e-08,0,0,unlabeled
1263,0.27522894740104675,0,0,train
1264,9.995958549779971e-08,0,0,unlabeled
1265,2.6544919151660906e-08,0,0,unlabeled
1266,5.067150254944863e-07,0,0,unlabeled
1267,6.767642869720536e-12,0,0,train
1268,1.8172838451083195e-12,0,0,unlabeled
1269,0.005000160541385412,0,0,unlabeled
1270,8.076649571364669e-09,0,0,train
1271,2.0712345172313462e-09,0,0,unlabeled
1272,0.09786685556173325,0,0,unlabeled
1273,4.154294330760422e-08,0,0,unlabeled
1274,9.367450815034317e-09,0,0,unlabeled
1275,1.7794791062897275e-07,0,0,unlabeled
1276,3.1516675120385473e-12,0,0,val
1277,6.849608770800875e-13,0,0,unlabeled
1278,1.5954668924678117e-05,0,0,unlabeled
1279,2.920038377762779e-10,0,0,unlabeled
1280,9.750226320770494e-11,0,0,unlabeled
1281,0.00020522672275546938,0,0,unlabeled
1282,1.3980073765296197e-09,0,0,unlabeled
1283,3.943877724399414e-10,0,0,unlabeled
1284,5.356524557242892e-09,0,0,unlabeled
1285,1.8907461317094199e-13,0,0,train
1286,5.186196049976506e-14,0,0,unlabeled
1287,2.672076334420126e-06,0,0,unlabeled
1288,4.6822979521410346e-11,0,0,train
1289,1.382904988439515e-11,0,0,unlabeled
1290,0.00013801739260088652,0,0,unlabeled
1291,1.2199964372072714e-09,0,0,unlabeled
1292,2.664903853144551e-10,0,0,unlabeled
1293,1.7926794271261315e-08,0,0,unlabeled
1294,7.828629508977586e-14,0,0,unlabeled
1295,1.7646521993219116e-14,0,0,unlabeled
1296,0.999985933303833,1,1,unlabeled
1297,0.03285875543951988,0,0,unlabeled
1298,0.007248647511005402,0,0,unlabeled
1299,0.9999773502349854,1,1,unlabeled
1300,0.020371293649077415,0,0,train
1301,0.004026126582175493,0,0,unlabeled
1302,0.1523149311542511,0,0,unlabeled
1303,6.650329709145808e-08,0,0,unlabeled
1304,2.1519458215379927e-08,0,0,unlabeled
1305,0.9998700618743896,1,1,train
1306,0.0003141596098430455,0,0,unlabeled
1307,5.9542500821407884e-05,0,0,train
1308,0.9998761415481567,1,1,unlabeled
1309,0.0008302589412778616,0,0,unlabeled
1310,0.00013681060227099806,0,0,unlabeled
1311,0.006616959348320961,0,0,train
1312,1.499820889705461e-08,0,0,unlabeled
1313,4.411454757047295e-09,0,0,unlabeled
1314,0.999340832233429,1,1,unlabeled
1315,1.4373330486705527e-05,0,0,unlabeled
1316,3.255481487940415e-06,0,0,train
1317,0.9989039897918701,1,1,unlabeled
1318,1.475383214710746e-05,0,0,unlabeled
1319,3.215695187464007e-06,0,0,unlabeled
1320,7.341785385506228e-05,0,0,unlabeled
1321,5.377065459555297e-10,0,0,unlabeled
1322,1.5849893619801492e-10,0,0,unlabeled
1323,0.998744010925293,1,1,train
1324,8.132445145747624e-06,0,0,unlabeled
1325,1.999939286179142e-06,0,0,train
1326,0.9994158744812012,1,1,unlabeled
1327,2.791742008412257e-05,0,0,unlabeled
1328,5.395200332714012e-06,0,0,train
1329,0.00016311064246110618,0,0,unlabeled
1330,7.289560066681133e-10,0,0,unlabeled
1331,1.8932209966404656e-10,0,0,train
1332,0.009810248389840126,0,0,unlabeled
1333,1.77958039415671e-08,0,0,unlabeled
1334,6.79775702394636e-09,0,0,unlabeled
1335,0.04407939314842224,0,0,train
1336,4.596630986952732e-08,0,0,unlabeled
1337,1.557191886547571e-08,0,0,val
1338,1.2259458515018196e-07,0,0,unlabeled
1339,3.7882748153694745e-12,0,0,unlabeled
1340,1.2999959182052878e-12,0,0,unlabeled
1341,0.009763911366462708,0,0,unlabeled
1342,2.097942441992018e-08,0,0,unlabeled
1343,6.883753567166195e-09,0,0,unlabeled
1344,0.29865124821662903,0,0,unlabeled
1345,1.5971149025517661e-07,0,0,unlabeled
1346,4.564541100648967e-08,0,0,unlabeled
1347,3.906732217728859e-07,0,0,unlabeled
1348,7.112233978839866e-12,0,0,unlabeled
1349,2.0594331361784013e-12,0,0,unlabeled
1350,0.9999667406082153,1,1,train
1351,0.0028268517926335335,0,0,unlabeled
1352,0.0006273832987062633,0,0,unlabeled
1353,0.9999260902404785,1,1,unlabeled
1354,0.0006158914184197783,0,0,unlabeled
1355,0.00013856688747182488,0,0,unlabeled
1356,0.0104097044095397,0,0,train
1357,9.39036581826258e-09,0,0,train
1358,3.2554900997183722e-09,0,0,unlabeled
1359,0.9995299577713013,1,0,unlabeled
1360,2.843847505573649e-05,0,0,unlabeled
1361,7.104815267666709e-06,0,0,unlabeled
1362,0.9991557598114014,1,0,unlabeled
1363,3.200728679075837e-05,0,0,unlabeled
1364,7.234995337057626e-06,0,0,unlabeled
1365,0.0003277223731856793,0,0,unlabeled
1366,2.1097708025052953e-09,0,0,unlabeled
1367,6.628642634787241e-10,0,0,unlabeled
1368,0.9724364280700684,1,0,unlabeled
1369,9.120266781792452e-07,0,0,unlabeled
1370,2.9075374641251983e-07,0,0,val
1371,0.9293463230133057,1,0,unlabeled
1372,5.361443982110359e-07,0,0,unlabeled
1373,1.6379780731767823e-07,0,0,unlabeled
1374,2.3006359697319567e-06,0,0,train
1375,4.081504231812083e-11,0,0,train
1376,1.3235777057696296e-11,0,0,unlabeled
1377,0.9585123658180237,1,0,unlabeled
1378,7.612512717969366e-07,0,0,unlabeled
1379,2.1991768051066174e-07,0,0,unlabeled
1380,0.9732195138931274,1,0,unlabeled
1381,1.2359445236143074e-06,0,0,train
1382,3.4676386917453783e-07,0,0,unlabeled
1383,5.757395683758659e-06,0,0,unlabeled
1384,5.858116769452693e-11,0,0,unlabeled
1385,1.567332721941206e-11,0,0,unlabeled
1386,0.00015172528219409287,0,0,unlabeled
1387,1.0222306334739528e-09,0,0,unlabeled
1388,3.9161654474817453e-10,0,0,unlabeled
1389,0.0003183295775670558,0,0,unlabeled
1390,1.6181542772386592e-09,0,0,unlabeled
1391,5.730323437980189e-10,0,0,unlabeled
1392,5.3627196017203005e-09,0,0,train
1393,1.6491978139035468e-13,0,0,unlabeled
1394,5.876650891172702e-14,0,0,unlabeled
1395,0.00011212274694116786,0,0,val
1396,1.048329978381446e-09,0,0,unlabeled
1397,3.692366135066294e-10,0,0,val
1398,0.0021429730113595724,0,0,unlabeled
1399,4.512986429006105e-09,0,0,unlabeled
1400,1.376010416720419e-09,0,0,unlabeled
1401,1.541203431543181e-08,0,0,train
1402,5.173640921056488e-13,0,0,train
1403,1.468907189893648e-13,0,0,unlabeled
1404,0.9996899366378784,1,1,unlabeled
1405,2.5480663680355065e-05,0,0,unlabeled
1406,5.943196811131202e-06,0,0,val
1407,0.9995125532150269,1,1,unlabeled
1408,1.7403475794708356e-05,0,0,unlabeled
1409,4.3885811464861035e-06,0,0,unlabeled
1410,0.0004022138600703329,0,0,unlabeled
1411,9.849820958862665e-10,0,0,unlabeled
1412,3.062743392234779e-10,0,0,unlabeled
1413,0.16657494008541107,0,0,unlabeled
1414,7.88409693086578e-08,0,0,unlabeled
1415,2.352911465663965e-08,0,0,unlabeled
1416,0.21040822565555573,0,0,unlabeled
1417,1.2509221392065228e-07,0,0,unlabeled
1418,3.33479164282835e-08,0,0,unlabeled
1419,1.023128561428166e-06,0,0,unlabeled
1420,1.5644267131742495e-11,0,0,unlabeled
1421,4.508093117555623e-12,0,0,unlabeled
1422,0.10643724352121353,0,0,unlabeled
1423,2.873296089944688e-08,0,0,unlabeled
1424,8.73710526150262e-09,0,0,unlabeled
1425,0.07640746235847473,0,0,unlabeled
1426,2.5865544373004923e-08,0,0,unlabeled
1427,7.402211288365379e-09,0,0,unlabeled
1428,1.6316887752054754e-07,0,0,unlabeled
1429,1.872479818768036e-12,0,0,unlabeled
1430,5.459807410866657e-13,0,0,unlabeled
1431,0.0007475274032913148,0,0,unlabeled
1432,1.6581019890438142e-09,0,0,unlabeled
1433,4.4574552382492527e-10,0,0,unlabeled
1434,0.0025061664637178183,0,0,unlabeled
1435,3.59607721378552e-09,0,0,unlabeled
1436,8.675343776687328e-10,0,0,unlabeled
1437,2.203809756906594e-08,0,0,unlabeled
1438,4.22038841591324e-13,0,0,unlabeled
1439,9.807377756047495e-14,0,0,unlabeled
1440,4.219753918732749e-06,0,0,unlabeled
1441,7.24019871833903e-11,0,0,unlabeled
1442,2.7485047224273806e-11,0,0,val
1443,1.1736349733837415e-05,0,0,unlabeled
1444,1.4198135722676142e-10,0,0,unlabeled
1445,4.690539276430705e-11,0,0,val
1446,9.252009158799979e-10,0,0,unlabeled
1447,3.036619892170245e-14,0,0,unlabeled
1448,9.472041647394253e-15,0,0,unlabeled
1449,3.0890095104041393e-07,0,0,train
1450,6.400928398431205e-12,0,0,train
1451,1.944617643995228e-12,0,0,unlabeled
1452,2.9979812552483054e-06,0,0,unlabeled
1453,7.074773406001711e-11,0,0,unlabeled
1454,1.748065928119935e-11,0,0,unlabeled
1455,1.6554160264803386e-09,0,0,unlabeled
1456,8.39253119040359e-15,0,0,unlabeled
1457,2.0334076219694075e-15,0,0,unlabeled
1458,0.9995935559272766,1,1,train
1459,1.5436809917446226e-05,0,0,unlabeled
1460,4.11975179304136e-06,0,0,unlabeled
1461,0.9989988207817078,1,1,unlabeled
1462,7.911178727226797e-06,0,0,unlabeled
1463,2.2506490040541394e-06,0,0,unlabeled
1464,0.000236863037571311,0,0,unlabeled
1465,4.842427014928319e-10,0,0,unlabeled
1466,1.4693464500670217e-10,0,0,unlabeled
1467,0.3309885263442993,0,0,unlabeled
1468,1.0424629692806775e-07,0,0,unlabeled
1469,3.0448529031446014e-08,0,0,val
1470,0.4511989653110504,0,0,val
1471,1.491797263497574e-07,0,0,val
1472,3.898572842331305e-08,0,0,unlabeled
1473,1.574171051288431e-06,0,0,unlabeled
1474,2.2465741073007806e-11,0,0,train
1475,5.753217780651854e-12,0,0,train
1476,0.06314992904663086,0,0,unlabeled
1477,1.7681648145639883e-08,0,0,unlabeled
1478,5.165920136107616e-09,0,0,unlabeled
1479,0.036442771553993225,0,0,val
1480,1.1286486412132035e-08,0,0,unlabeled
1481,3.1270266376282052e-09,0,0,unlabeled
1482,9.897760122612453e-08,0,0,train
1483,1.3902938045609603e-12,0,0,unlabeled
1484,3.5387109366923075e-13,0,0,unlabeled
1485,0.002076166681945324,0,0,unlabeled
1486,1.8996570982920957e-09,0,0,unlabeled
1487,4.944759046665581e-10,0,0,unlabeled
1488,0.008460734970867634,0,0,unlabeled
1489,5.7862852287371425e-09,0,0,unlabeled
1490,1.2385280578897095e-09,0,0,unlabeled
1491,1.8280286440131022e-07,0,0,unlabeled
1492,3.1516540137215e-13,0,0,train
1493,6.696871518701436e-14,0,0,val
1494,5.066037829237757e-06,0,0,unlabeled
1495,5.081112960936274e-11,0,0,unlabeled
1496,1.8094335058060906e-11,0,0,val
1497,1.38760242407443e-05,0,0,train
1498,1.6819941273116257e-10,0,0,unlabeled
1499,4.859857308248117e-11,0,0,unlabeled
1500,5.577877271178977e-09,0,0,unlabeled
1501,2.0205613508847593e-14,0,0,unlabeled
1502,5.8221478785552665e-15,0,0,unlabeled
1503,7.722053396719275e-07,0,0,unlabeled
1504,1.534762074373308e-11,0,0,unlabeled
1505,4.126149508870691e-12,0,0,unlabeled
1506,0.00017612420197110623,0,0,unlabeled
1507,2.860404690885332e-10,0,0,train
1508,6.571587024550851e-11,0,0,unlabeled
1509,2.90155766080602e-09,0,0,unlabeled
1510,8.03979871907964e-15,0,0,unlabeled
1511,1.9394991966896914e-15,0,0,unlabeled
1512,0.9999502897262573,1,1,unlabeled
1513,0.006171088665723801,0,0,unlabeled
1514,0.0010694712400436401,0,0,unlabeled
1515,0.9999128580093384,1,1,unlabeled
1516,0.0035575914662331343,0,0,unlabeled
1517,0.0006016523693688214,0,0,unlabeled
1518,0.03022562526166439,0,0,unlabeled
1519,4.251204543948006e-08,0,0,val
1520,1.2769057811112816e-08,0,0,unlabeled
1521,0.9746013283729553,1,0,unlabeled
1522,5.110832717036828e-06,0,0,train
1523,1.4515352404487203e-06,0,0,unlabeled
1524,0.9776387810707092,1,0,unlabeled
1525,8.903892194211949e-06,0,0,val
1526,2.3254717689269455e-06,0,0,unlabeled
1527,5.5141466873465106e-05,0,0,unlabeled
1528,1.4785318525056823e-09,0,0,train
1529,4.17354956150362e-10,0,0,unlabeled
1530,0.9205238819122314,1,0,unlabeled
1531,1.2607985127033317e-06,0,0,unlabeled
1532,3.594831241571228e-07,0,0,train
1533,0.8399624824523926,1,0,unlabeled
1534,1.1802117114712019e-06,0,0,train
1535,3.1392525556839246e-07,0,0,unlabeled
1536,4.0693371374800336e-06,0,0,unlabeled
1537,1.247860426101255e-10,0,0,unlabeled
1538,3.3484135603112364e-11,0,0,unlabeled
1539,0.15126319229602814,0,0,train
1540,1.343996700597927e-07,0,0,train
1541,3.445042651151198e-08,0,0,unlabeled
1542,0.5076491832733154,0,0,unlabeled
1543,3.6804587466576777e-07,0,0,unlabeled
1544,9.196299544100839e-08,0,0,train
1545,1.2604509720404167e-06,0,0,unlabeled
1546,2.923843459012865e-11,0,0,unlabeled
1547,7.263529621520659e-12,0,0,train
1548,0.0012307872530072927,0,0,unlabeled
1549,8.67399130299873e-09,0,0,unlabeled
1550,2.9904729803575947e-09,0,0,unlabeled
1551,0.0061110202223062515,0,0,unlabeled
1552,2.4888795024935462e-08,0,0,unlabeled
1553,7.608888630272759e-09,0,0,val
1554,7.42472536785499e-08,0,0,unlabeled
1555,2.3311257438263233e-12,0,0,unlabeled
1556,7.06805002980565e-13,0,0,train
1557,9.890795627143234e-05,0,0,unlabeled
1558,2.0490884544699384e-09,0,0,train
1559,5.895501864472408e-10,0,0,train
1560,0.005377587396651506,0,0,train
1561,1.750641054343305e-08,0,0,unlabeled
1562,4.287864285856813e-09,0,0,unlabeled
1563,4.749304949314137e-08,0,0,unlabeled
1564,2.1718742256038315e-12,0,0,unlabeled
1565,4.959505570979739e-13,0,0,unlabeled
1566,0.9999203681945801,1,1,unlabeled
1567,0.0010090647265315056,0,0,unlabeled
1568,0.00020503858104348183,0,0,unlabeled
1569,0.9997853636741638,1,1,unlabeled
1570,0.00023515286738984287,0,0,unlabeled
1571,4.6612349251518026e-05,0,0,unlabeled
1572,0.004075558856129646,0,0,train
1573,8.51943848800829e-09,0,0,unlabeled
1574,2.8138475993699785e-09,0,0,unlabeled
1575,0.93875652551651,1,0,unlabeled
1576,2.233801296824822e-06,0,0,unlabeled
1577,6.669630465694354e-07,0,0,unlabeled
1578,0.879269540309906,1,0,unlabeled
1579,2.1735440896009095e-06,0,0,unlabeled
1580,5.802666578347271e-07,0,0,unlabeled
1581,1.5851419448154047e-05,0,0,train
1582,3.4761341027866877e-10,0,0,unlabeled
1583,9.925706784263966e-11,0,0,unlabeled
1584,0.5101608633995056,0,0,unlabeled
1585,2.230077313924994e-07,0,0,train
1586,6.836234689444609e-08,0,0,unlabeled
1587,0.17815528810024261,0,0,train
1588,1.161297760177149e-07,0,0,unlabeled
1589,3.4006490068350104e-08,0,0,unlabeled
1590,6.111520178819774e-07,0,0,unlabeled
1591,1.3485969285742527e-11,0,0,train
1592,3.975374283232691e-12,0,0,unlabeled
1593,0.023212427273392677,0,0,unlabeled
1594,3.255739855489992e-08,0,0,unlabeled
1595,8.544287055656241e-09,0,0,unlabeled
1596,0.06367304921150208,0,0,unlabeled
1597,4.9091386955524285e-08,0,0,unlabeled
1598,1.211898403852274e-08,0,0,train
1599,2.3741856125525373e-07,0,0,unlabeled
1600,7.721494450774191e-12,0,0,val
1601,1.7801641237491506e-12,0,0,unlabeled
1602,5.2656640036730096e-05,0,0,unlabeled
1603,7.900315956987924e-10,0,0,unlabeled
1604,2.8551611075400274e-10,0,0,unlabeled
1605,0.0001273347152164206,0,0,unlabeled
1606,1.2606958810224e-09,0,0,unlabeled
1607,3.9688857755848517e-10,0,0,train
1608,5.356524557242892e-09,0,0,unlabeled
1609,2.8130636383662255e-13,0,0,unlabeled
1610,8.432055102975192e-14,0,0,train
1611,6.154695256554987e-06,0,0,train
1612,1.7997933698943314e-10,0,0,unlabeled
1613,5.395195748492121e-11,0,0,unlabeled
1614,7.101364462869242e-05,0,0,unlabeled
1615,1.619123723983762e-09,0,0,unlabeled
1616,3.99266619766081e-10,0,0,unlabeled
1617,2.1095628355283225e-08,0,0,train
1618,1.9064480896724412e-13,0,0,unlabeled
1619,4.427037011175798e-14,0,0,train
1620,0.998869001865387,1,1,unlabeled
1621,1.2587041055667214e-05,0,0,unlabeled
1622,3.145931486869813e-06,0,0,train
1623,0.9980872273445129,1,1,val
1624,9.721187780087348e-06,0,0,val
1625,2.5033464225998614e-06,0,0,unlabeled
1626,0.00026181660359725356,0,0,train
1627,6.685628717306713e-10,0,0,unlabeled
1628,1.846907626834593e-10,0,0,val
1629,0.0047818501479923725,0,0,unlabeled
1630,1.3755858674358024e-08,0,0,unlabeled
1631,3.804892401149118e-09,0,0,train
1632,0.00695431511849165,0,0,unlabeled
1633,1.8716944438779137e-08,0,0,unlabeled
1634,4.655515972729063e-09,0,0,unlabeled
1635,1.6724584384064656e-07,0,0,unlabeled
1636,5.799092976654929e-12,0,0,unlabeled
1637,1.442145990300514e-12,0,0,unlabeled
1638,0.010282432660460472,0,0,unlabeled
1639,9.423073876746457e-09,0,0,train
1640,2.53618592793714e-09,0,0,unlabeled
1641,0.006092539057135582,0,0,train
1642,7.585342132188089e-09,0,0,train
1643,1.8665207157653185e-09,0,0,train
1644,6.303975652599547e-08,0,0,unlabeled
1645,1.2986229929942694e-12,0,0,unlabeled
1646,3.1315144162664954e-13,0,0,train
1647,6.4631240093149245e-06,0,0,unlabeled
1648,1.1369747504597072e-10,0,0,unlabeled
1649,2.7637812177738752e-11,0,0,unlabeled
1650,1.9873676137649454e-05,0,0,unlabeled
1651,4.0583111871050903e-10,0,0,unlabeled
1652,8.747683827303732e-11,0,0,unlabeled
1653,1.1916473141582173e-08,0,0,train
1654,6.441117035354757e-14,0,0,unlabeled
1655,1.3269881578932465e-14,0,0,unlabeled
1656,3.802997071034042e-06,0,0,unlabeled
1657,6.190909590531035e-11,0,0,unlabeled
1658,1.9719179414345867e-11,0,0,unlabeled
1659,1.155370227934327e-05,0,0,unlabeled
1660,2.23084023476261e-10,0,0,train
1661,5.934964325549075e-11,0,0,unlabeled
1662,6.642365324438515e-09,0,0,unlabeled
1663,2.928996563518471e-14,0,0,unlabeled
1664,7.466066881487571e-15,0,0,unlabeled
1665,7.252358358300626e-08,0,0,unlabeled
1666,3.120723948354942e-12,0,0,unlabeled
1667,7.946549234610911e-13,0,0,unlabeled
1668,8.592773156124167e-06,0,0,unlabeled
1669,7.310441835217674e-11,0,0,unlabeled
1670,1.584244888053199e-11,0,0,unlabeled
1671,5.965041793842829e-10,0,0,unlabeled
1672,4.181298946540285e-15,0,0,unlabeled
1673,9.200631750545005e-16,0,0,unlabeled
1674,0.998812198638916,1,1,unlabeled
1675,7.581874797324417e-06,0,0,unlabeled
1676,2.057352503470611e-06,0,0,unlabeled
1677,0.9968235492706299,1,1,unlabeled
1678,4.060695573571138e-06,0,0,unlabeled
1679,1.0817515203598305e-06,0,0,unlabeled
1680,0.00010194003698416054,0,0,unlabeled
1681,4.1217099178147976e-10,0,0,unlabeled
1682,1.0098044622708358e-10,0,0,unlabeled
1683,0.011454225517809391,0,0,unlabeled
1684,1.3596065606691354e-08,0,0,unlabeled
1685,3.5855503011106293e-09,0,0,unlabeled
1686,0.01226874440908432,0,0,unlabeled
1687,2.544550170568982e-08,0,0,unlabeled
1688,5.741168873640845e-09,0,0,unlabeled
1689,1.0110139783137129e-06,0,0,unlabeled
1690,3.922575805836992e-12,0,0,unlabeled
1691,9.280680607695602e-13,0,0,unlabeled
1692,0.004345244262367487,0,0,unlabeled
1693,4.02287758660691e-09,0,0,unlabeled
1694,1.0496284952310475e-09,0,0,train
1695,0.0020142404828220606,0,0,unlabeled
1696,4.12023393181471e-09,0,0,unlabeled
1697,8.663008088660717e-10,0,0,unlabeled
1698,1.5131365671550157e-07,0,0,val
1699,4.5135886673174086e-13,0,0,unlabeled
1700,1.0092214607418382e-13,0,0,unlabeled
1701,9.46290310821496e-06,0,0,unlabeled
1702,1.6761367294115814e-10,0,0,val
1703,3.6740985254191116e-11,0,0,unlabeled
1704,0.000511717633344233,0,0,train
1705,9.509064646806564e-10,0,0,unlabeled
1706,2.0133983369419184e-10,0,0,unlabeled
1707,1.1905817665081031e-08,0,0,train
1708,4.647465816050647e-14,0,0,val
1709,9.71165625674418e-15,0,0,unlabeled
1710,3.188738901371835e-06,0,0,unlabeled
1711,5.7175583711988054e-11,0,0,train
1712,1.6667342853105005e-11,0,0,unlabeled
1713,0.00013170510646887124,0,0,unlabeled
1714,3.242685286952707e-10,0,0,unlabeled
1715,8.301229842411217e-11,0,0,unlabeled
1716,4.186123891969373e-09,0,0,unlabeled
1717,1.6137858058337326e-14,0,0,unlabeled
1718,4.119443095017619e-15,0,0,val
1719,2.1056791865703417e-06,0,0,unlabeled
1720,2.1951770262651493e-11,0,0,unlabeled
1721,5.723043133148975e-12,0,0,unlabeled
1722,3.053643013117835e-05,0,0,unlabeled
1723,1.584626596606853e-10,0,0,unlabeled
1724,3.2969228042079024e-11,0,0,train
1725,7.818706238005291e-10,0,0,train
1726,3.898247217105737e-15,0,0,val
1727,8.596796785523991e-16,0,0,train
1728,0.9997851252555847,1,1,unlabeled
1729,0.00013060355558991432,0,0,unlabeled
1730,2.300328378623817e-05,0,0,unlabeled
1731,0.9998676776885986,1,1,unlabeled
1732,0.0007649835315532982,0,0,unlabeled
1733,0.00010300865687895566,0,0,unlabeled
1734,0.0032598611433058977,0,0,unlabeled
1735,8.255842232074428e-09,0,0,unlabeled
1736,2.3050650277411933e-09,0,0,train
1737,0.9984727501869202,1,1,unlabeled
1738,1.7329148249700665e-05,0,0,unlabeled
1739,3.926524641428841e-06,0,0,unlabeled
1740,0.9997982382774353,1,1,unlabeled
1741,0.0003569709660951048,0,0,unlabeled
1742,4.8590889491606504e-05,0,0,unlabeled
1743,0.0015495938714593649,0,0,unlabeled
1744,7.110658284403826e-09,0,0,val
1745,1.8488962583163016e-09,0,0,unlabeled
1746,0.9947169423103333,1,1,unlabeled
1747,3.140119815725484e-06,0,0,unlabeled
1748,7.877788448240608e-07,0,0,unlabeled
1749,0.9993645548820496,1,1,train
1750,2.044687971647363e-05,0,0,unlabeled
1751,3.947222467104439e-06,0,0,unlabeled
1752,5.194364712224342e-05,0,0,val
1753,4.1347250623324783e-10,0,0,unlabeled
1754,1.1230471413936627e-10,0,0,unlabeled
1755,0.997786283493042,1,1,unlabeled
1756,6.7906589720223565e-06,0,0,train
1757,1.5553968069070834e-06,0,0,unlabeled
1758,0.9998077750205994,1,1,unlabeled
1759,0.00013669532199855894,0,0,unlabeled
1760,2.0791016140719876e-05,0,0,unlabeled
1761,0.0004840437031816691,0,0,train
1762,1.5647954043629397e-09,0,0,unlabeled
1763,4.1596182054348674e-10,0,0,val
1764,0.0783717930316925,0,1,unlabeled
1765,6.7367210476732e-08,0,0,unlabeled
1766,2.1149896056726902e-08,0,0,unlabeled
1767,0.8820467591285706,1,1,unlabeled
1768,8.294164786093461e-07,0,0,train
1769,2.3340584220932215e-07,0,0,unlabeled
1770,1.3209375993028516e-06,0,0,unlabeled
1771,2.6210663847670013e-11,0,0,unlabeled
1772,7.928658597722293e-12,0,0,unlabeled
1773,0.606796145439148,0,1,unlabeled
1774,3.120236442555324e-07,0,0,unlabeled
1775,8.50695442977667e-08,0,0,unlabeled
1776,0.9978173971176147,1,1,train
1777,7.493214980058838e-06,0,0,unlabeled
1778,1.830872292885033e-06,0,0,train
1779,1.63047243404435e-05,0,0,unlabeled
1780,1.3965621714628895e-10,0,0,unlabeled
1781,3.7273260866665936e-11,0,0,unlabeled
1782,0.9993622899055481,1,1,unlabeled
1783,2.1072375602670945e-05,0,0,unlabeled
1784,5.045801117375959e-06,0,0,unlabeled
1785,0.999350368976593,1,1,unlabeled
1786,3.538127930369228e-05,0,0,unlabeled
1787,6.91923150952789e-06,0,0,unlabeled
1788,0.00024858867982402444,0,0,val
1789,1.4698909867050247e-09,0,0,train
1790,4.4809231325437793e-10,0,0,unlabeled
1791,0.9943422079086304,1,1,unlabeled
1792,5.672175575455185e-06,0,0,unlabeled
1793,1.4132556316326372e-06,0,0,unlabeled
1794,0.9991328120231628,1,1,unlabeled
1795,3.548779204720631e-05,0,0,unlabeled
1796,7.032007943053031e-06,0,0,unlabeled
1797,0.00017595819372218102,0,0,unlabeled
1798,1.67524893956994e-09,0,0,train
1799,4.554274457557739e-10,0,0,unlabeled
1800,0.8970029354095459,1,1,unlabeled
1801,3.8154541925905505e-07,0,0,unlabeled
1802,1.0964286900616571e-07,0,0,unlabeled
1803,0.96723473072052,1,1,unlabeled
1804,1.0532770602367236e-06,0,0,unlabeled
1805,2.787684536542656e-07,0,0,train
1806,2.8607569220184814e-06,0,0,unlabeled
1807,3.881820559437088e-11,0,0,unlabeled
1808,1.160290266644104e-11,0,0,unlabeled
1809,0.9774673581123352,1,1,unlabeled
1810,1.330448640146642e-06,0,0,unlabeled
1811,3.4435649354236375e-07,0,0,unlabeled
1812,0.998555600643158,1,1,unlabeled
1813,9.791462616703939e-06,0,0,unlabeled
1814,2.30526984523749e-06,0,0,train
1815,3.3190161047969013e-05,0,0,unlabeled
1816,2.3004829985406872e-10,0,0,unlabeled
1817,6.064940216710113e-11,0,0,val
1818,0.0009229660499840975,0,0,unlabeled
1819,4.2352747975371585e-09,0,0,unlabeled
1820,1.391213810819636e-09,0,0,unlabeled
1821,0.028186587616801262,0,0,train
1822,3.174629625846137e-08,0,0,train
1823,9.267592027129012e-09,0,0,train
1824,5.954270676511442e-08,0,0,unlabeled
1825,1.3848207519942535e-12,0,0,unlabeled
1826,4.4231819270636186e-13,0,0,unlabeled
1827,0.01685963198542595,0,0,unlabeled
1828,2.238151886047035e-08,0,0,unlabeled
1829,6.613150471679319e-09,0,0,unlabeled
1830,0.761509895324707,1,0,unlabeled
1831,3.504427752432093e-07,0,0,unlabeled
1832,9.58248520532834e-08,0,0,unlabeled
1833,9.64037440098764e-07,0,0,unlabeled
1834,7.640521895724284e-12,0,0,unlabeled
1835,2.100328157922382e-12,0,0,train
1836,0.8986486792564392,1,1,val
1837,5.05873913425603e-07,0,0,unlabeled
1838,1.4551719118571782e-07,0,0,unlabeled
1839,0.9557217955589294,1,1,unlabeled
1840,1.1987870038865367e-06,0,0,unlabeled
1841,3.1203228445519926e-07,0,0,unlabeled
1842,6.787188794987742e-06,0,0,train
1843,7.804816515299962e-11,0,0,unlabeled
1844,2.2120184156593226e-11,0,0,unlabeled
1845,0.004068487323820591,0,0,unlabeled
1846,1.1460811855101838e-08,0,0,train
1847,3.1290965374353163e-09,0,0,unlabeled
1848,0.036150481551885605,0,0,unlabeled
1849,6.157733167810875e-08,0,0,unlabeled
1850,1.5015553245234514e-08,0,0,unlabeled
1851,2.800688321258349e-07,0,0,train
1852,6.8338741783524615e-12,0,0,unlabeled
1853,1.8760726479272183e-12,0,0,unlabeled
1854,0.004751189146190882,0,0,unlabeled
1855,5.052473994737738e-09,0,0,train
1856,1.3715403257563707e-09,0,0,unlabeled
1857,0.02389122173190117,0,0,unlabeled
1858,1.7976852006995614e-08,0,0,unlabeled
1859,4.6396921860036855e-09,0,0,unlabeled
1860,7.097761312024886e-08,0,0,unlabeled
1861,8.798528854277177e-13,0,0,unlabeled
1862,2.591831914020015e-13,0,0,unlabeled
1863,0.00032122881384566426,0,0,unlabeled
1864,1.4213994425915644e-09,0,0,unlabeled
1865,3.675894588717199e-10,0,0,unlabeled
1866,0.009388136677443981,0,0,unlabeled
1867,1.1438755720405425e-08,0,0,val
1868,2.63407429201834e-09,0,0,unlabeled
1869,4.258248864630332e-08,0,0,unlabeled
1870,4.548901945226891e-13,0,0,unlabeled
1871,1.170237409579833e-13,0,0,unlabeled
1872,6.670350558124483e-06,0,0,train
1873,1.3621880012859577e-10,0,0,unlabeled
1874,4.398133593430664e-11,0,0,val
1875,0.0001344239863101393,0,0,unlabeled
1876,1.0825280671866722e-09,0,0,val
1877,3.1055025218051924e-10,0,0,unlabeled
1878,3.563059181033168e-09,0,0,unlabeled
1879,5.315627088888289e-14,0,0,unlabeled
1880,1.6076231329226892e-14,0,0,unlabeled
1881,2.9728303161391523e-06,0,0,unlabeled
1882,5.6519920688113956e-11,0,0,unlabeled
1883,1.5721500490339935e-11,0,0,unlabeled
1884,0.0002574879035819322,0,0,train
1885,1.168602548062836e-09,0,0,unlabeled
1886,2.750079330926525e-10,0,0,train
1887,3.807302917380184e-09,0,0,unlabeled
1888,6.59293244455704e-14,0,0,unlabeled
1889,1.5748248313588765e-14,0,0,unlabeled
1890,0.7882347106933594,1,1,unlabeled
1891,3.2037371511250967e-07,0,0,unlabeled
1892,9.052963889644161e-08,0,0,unlabeled
1893,0.8638953566551208,1,1,unlabeled
1894,6.329082111733442e-07,0,0,unlabeled
1895,1.6336053931809147e-07,0,0,train
1896,3.712372745212633e-06,0,0,train
1897,3.9443497079627576e-11,0,0,unlabeled
1898,1.093732309581652e-11,0,0,unlabeled
1899,0.006376158911734819,0,0,train
1900,1.4243283885662095e-08,0,0,train
1901,3.77897091397017e-09,0,0,unlabeled
1902,0.07710854709148407,0,0,unlabeled
1903,7.065964524599622e-08,0,0,train
1904,1.6400923286141733e-08,0,0,unlabeled
1905,4.4109944496995013e-07,0,0,unlabeled
1906,5.457582302748065e-12,0,0,unlabeled
1907,1.442198357265445e-12,0,0,unlabeled
1908,0.0017103943973779678,0,0,unlabeled
1909,2.781452401734441e-09,0,0,unlabeled
1910,7.489605047261705e-10,0,0,unlabeled
1911,0.009351497516036034,0,0,unlabeled
1912,8.113535621134815e-09,0,0,unlabeled
1913,2.0616137685891545e-09,0,0,unlabeled
1914,3.853565289091421e-08,0,0,unlabeled
1915,3.576588081689175e-13,0,0,unlabeled
1916,9.744447951451005e-14,0,0,unlabeled
1917,0.0006304071866907179,0,0,unlabeled
1918,1.6754535536733783e-09,0,0,unlabeled
1919,4.146184229281147e-10,0,0,unlabeled
1920,0.022109108045697212,0,0,unlabeled
1921,1.2484973055393311e-08,0,0,unlabeled
1922,2.8046955868887835e-09,0,0,train
1923,5.628708876770361e-08,0,0,unlabeled
1924,6.197283354894556e-13,0,0,train
1925,1.3867150429249658e-13,0,0,val
1926,6.055793164705392e-06,0,0,unlabeled
1927,8.829739023274996e-11,0,0,unlabeled
1928,2.739047877398093e-11,0,0,unlabeled
1929,0.00013558722275774926,0,0,unlabeled
1930,6.888491443923783e-10,0,0,unlabeled
1931,1.8401914714250012e-10,0,0,unlabeled
1932,2.924292363815084e-09,0,0,unlabeled
1933,5.291692309491135e-14,0,0,unlabeled
1934,1.419956800117984e-14,0,0,unlabeled
1935,8.57104441820411e-06,0,0,unlabeled
1936,6.929061491245392e-11,0,0,unlabeled
1937,1.7641534066914488e-11,0,0,unlabeled
1938,0.0013831345131620765,0,0,unlabeled
1939,2.257960263207792e-09,0,0,train
1940,4.67872962595095e-10,0,0,unlabeled
1941,4.344786930232658e-08,0,0,unlabeled
1942,5.029145977160192e-14,0,0,train
1943,1.0878489881366131e-14,0,0,unlabeled
1944,0.9998432397842407,1,1,unlabeled
1945,0.00015123994671739638,0,0,unlabeled
1946,2.7851097911479883e-05,0,0,unlabeled
1947,0.9998928308486938,1,1,unlabeled
1948,0.0006333541823551059,0,0,unlabeled
1949,9.323372796643525e-05,0,0,val
1950,0.003437494160607457,0,0,unlabeled
1951,6.741911473540085e-09,0,0,train
1952,1.9228965086881544e-09,0,0,unlabeled
1953,0.9993135929107666,1,1,unlabeled
1954,2.4319735530298203e-05,0,0,val
1955,5.387472810980398e-06,0,0,unlabeled
1956,0.9998302459716797,1,1,train
1957,0.0004032560100313276,0,0,unlabeled
1958,5.413726466940716e-05,0,0,unlabeled
1959,0.002093709772452712,0,0,unlabeled
1960,7.0833006127202225e-09,0,0,unlabeled
1961,1.9283248331447567e-09,0,0,unlabeled
1962,0.9858086109161377,1,1,unlabeled
1963,1.3823635072185425e-06,0,0,unlabeled
1964,3.659829701518902e-07,0,0,train
1965,0.9982940554618835,1,1,train
1966,6.913783181516919e-06,0,0,unlabeled
1967,1.5112316305021523e-06,0,0,train
1968,1.6989471987471916e-05,0,0,unlabeled
1969,1.6730131169317985e-10,0,0,train
1970,4.445354154225534e-11,0,0,unlabeled
1971,0.9965954422950745,1,1,unlabeled
1972,4.014241312688682e-06,0,0,unlabeled
1973,9.795130608836189e-07,0,0,unlabeled
1974,0.9997825026512146,1,1,unlabeled
1975,6.883360038045794e-05,0,0,unlabeled
1976,1.1167212505824864e-05,0,0,unlabeled
1977,0.0002560103312134743,0,0,unlabeled
1978,8.390023675808322e-10,0,0,unlabeled
1979,2.1075255429714446e-10,0,0,unlabeled
1980,0.004175969399511814,0,0,unlabeled
1981,1.0007323858474138e-08,0,0,unlabeled
1982,3.2615499190313813e-09,0,0,unlabeled
1983,0.18726898729801178,0,0,unlabeled
1984,9.99731284423433e-08,0,0,unlabeled
1985,2.910060992178387e-08,0,0,unlabeled
1986,1.828522044888814e-07,0,0,unlabeled
1987,4.03363583853511e-12,0,0,unlabeled
1988,1.1891087073334639e-12,0,0,unlabeled
1989,0.04854196682572365,0,0,train
1990,4.4267036258816006e-08,0,0,unlabeled
1991,1.2620342104696647e-08,0,0,unlabeled
1992,0.9368740320205688,1,0,unlabeled
1993,8.48475281145511e-07,0,0,unlabeled
1994,2.202639990400712e-07,0,0,unlabeled
1995,2.2867895950184902e-06,0,0,unlabeled
1996,1.9138787776817878e-11,0,0,unlabeled
1997,4.997109063348271e-12,0,0,unlabeled
1998,0.9996553659439087,1,1,train
1999,2.9403285225271247e-05,0,0,unlabeled
2000,7.116683264030144e-06,0,0,unlabeled
2001,0.9996558427810669,1,1,unlabeled
2002,4.258041371940635e-05,0,0,unlabeled
2003,9.192822290060576e-06,0,0,unlabeled
2004,0.00038240800495259464,0,0,unlabeled
2005,1.3788794550606553e-09,0,0,train
2006,4.312731005651216e-10,0,0,unlabeled
2007,0.9977420568466187,1,1,train
2008,7.43143664294621e-06,0,0,unlabeled
2009,1.8980480263053323e-06,0,0,unlabeled
2010,0.9994865655899048,1,1,unlabeled
2011,4.1286588384537026e-05,0,0,unlabeled
2012,7.93977960711345e-06,0,0,train
2013,0.0002682773629203439,0,0,unlabeled
2014,1.6184074080882738e-09,0,0,unlabeled
2015,4.4953385458512685e-10,0,0,unlabeled
2016,0.7586772441864014,1,1,val
2017,2.057567058955101e-07,0,0,unlabeled
2018,5.9270991670246076e-08,0,0,unlabeled
2019,0.9190830588340759,1,1,unlabeled
2020,4.772333568325848e-07,0,0,unlabeled
2021,1.2881810107501224e-07,0,0,val
2022,1.33602384266851e-06,0,0,unlabeled
2023,1.8223559813956847e-11,0,0,unlabeled
2024,5.506642884733903e-12,0,0,unlabeled
2025,0.9639339447021484,1,1,unlabeled
2026,7.136584372346988e-07,0,0,unlabeled
2027,1.857999194498916e-07,0,0,unlabeled
2028,0.9979051351547241,1,1,train
2029,5.120356036059093e-06,0,0,unlabeled
2030,1.1652888360913494e-06,0,0,unlabeled
2031,2.276553823321592e-05,0,0,unlabeled
2032,1.0141879697167511e-10,0,0,unlabeled
2033,2.4965873118842907e-11,0,0,unlabeled
2034,8.32279838505201e-05,0,0,unlabeled
2035,7.799790258111727e-10,0,0,unlabeled
2036,2.7022994952830004e-10,0,0,train
2037,0.001168360118754208,0,0,unlabeled
2038,4.549110865781358e-09,0,0,unlabeled
2039,1.3338226079184778e-09,0,0,unlabeled
2040,1.1815734168862946e-08,0,0,unlabeled
2041,2.412565318962029e-13,0,0,unlabeled
2042,7.392005708711444e-14,0,0,unlabeled
2043,0.0008448886801488698,0,0,unlabeled
2044,3.7130321040024228e-09,0,0,unlabeled
2045,1.0955016893632319e-09,0,0,unlabeled
2046,0.15491123497486115,0,0,unlabeled
2047,4.555086619006943e-08,0,0,unlabeled
2048,1.1919677689320451e-08,0,0,unlabeled
2049,1.5605121461703675e-07,0,0,unlabeled
2050,2.066610337719821e-12,0,0,unlabeled
2051,4.981890009032874e-13,0,0,unlabeled
2052,0.9334692358970642,1,1,unlabeled
2053,5.282763595459983e-07,0,0,unlabeled
2054,1.5124858521176066e-07,0,0,unlabeled
2055,0.9683675765991211,1,1,unlabeled
2056,1.1302879556751577e-06,0,0,unlabeled
2057,3.033642599348241e-07,0,0,train
2058,6.607953764614649e-06,0,0,unlabeled
2059,6.056963264278181e-11,0,0,unlabeled
2060,1.7880428040961682e-11,0,0,unlabeled
2061,0.006167828105390072,0,0,unlabeled
2062,1.1047621484294723e-08,0,0,unlabeled
2063,3.1199609562548858e-09,0,0,unlabeled
2064,0.042425449937582016,0,0,unlabeled
2065,4.908435968786762e-08,0,0,unlabeled
2066,1.167633900678311e-08,0,0,unlabeled
2067,3.4032646567538904e-07,0,0,unlabeled
2068,4.728362233002992e-12,0,0,unlabeled
2069,1.2629610898762245e-12,0,0,unlabeled
2070,0.0019174817716702819,0,0,train
2071,2.5523361202317574e-09,0,0,train
2072,7.068262641851675e-10,0,0,unlabeled
2073,0.0075436304323375225,0,0,unlabeled
2074,6.656582840491865e-09,0,0,unlabeled
2075,1.7501661231378307e-09,0,0,unlabeled
2076,3.4004411730848005e-08,0,0,unlabeled
2077,3.4683337473730147e-13,0,0,unlabeled
2078,9.428173980462543e-14,0,0,val
2079,0.00014394191384781152,0,0,train
2080,7.031526472189853e-10,0,0,unlabeled
2081,1.7344564673393847e-10,0,0,unlabeled
2082,0.00550822913646698,0,0,unlabeled
2083,5.068428787780022e-09,0,0,unlabeled
2084,1.113309555655917e-09,0,0,unlabeled
2085,2.7133911117971365e-08,0,0,unlabeled
2086,3.1582611417606266e-13,0,0,unlabeled
2087,7.118103036250073e-14,0,0,unlabeled
2088,1.252678544005903e-06,0,0,unlabeled
2089,2.458889515610796e-11,0,0,unlabeled
2090,8.10571141457439e-12,0,0,unlabeled
2091,1.3318093806446996e-05,0,0,unlabeled
2092,1.6246200218450468e-10,0,0,unlabeled
2093,4.379215740035747e-11,0,0,unlabeled
2094,7.194101425689325e-10,0,0,unlabeled
2095,1.7822108535053144e-14,0,0,unlabeled
2096,4.79776190225544e-15,0,0,unlabeled
2097,5.035284971199872e-07,0,0,train
2098,7.99588954075725e-12,0,0,unlabeled
2099,2.2330091335037716e-12,0,0,unlabeled
2100,2.4042234144872054e-05,0,0,unlabeled
2101,2.3945340155151484e-10,0,0,unlabeled
2102,4.9373491406434766e-11,0,0,unlabeled
2103,4.411101262036254e-09,0,0,unlabeled
2104,1.1550004049422184e-14,0,0,unlabeled
2105,2.454620165980026e-15,0,0,unlabeled
2106,0.8757073283195496,1,1,unlabeled
2107,3.279702411873586e-07,0,0,unlabeled
2108,9.339338902236705e-08,0,0,unlabeled
2109,0.9079676866531372,1,1,unlabeled
2110,5.616799967356201e-07,0,0,val
2111,1.4621008403992164e-07,0,0,train
2112,4.687189175456297e-06,0,0,unlabeled
2113,2.6034731662183397e-11,0,0,val
2114,7.279007258054193e-12,0,0,unlabeled
2115,0.010738920420408249,0,0,unlabeled
2116,1.3962252687349519e-08,0,0,unlabeled
2117,3.7160574617445263e-09,0,0,train
2118,0.14430394768714905,0,0,unlabeled
2119,5.953896220489696e-08,0,0,unlabeled
2120,1.3385534458620896e-08,0,0,unlabeled
2121,5.307968535817054e-07,0,0,val
2122,6.683594216266853e-12,0,0,unlabeled
2123,1.5991353206901149e-12,0,0,unlabeled
2124,0.0007084989338181913,0,0,unlabeled
2125,1.2494234535864734e-09,0,0,unlabeled
2126,3.351028343701046e-10,0,0,train
2127,0.0038544919807463884,0,0,unlabeled
2128,3.0275824070002955e-09,0,0,unlabeled
2129,7.100502963375277e-10,0,0,train
2130,2.073480587228005e-08,0,0,train
2131,2.537864666682377e-13,0,0,train
2132,6.07385642432609e-14,0,0,unlabeled
2133,0.0004216106317471713,0,0,unlabeled
2134,7.582126038130355e-10,0,0,unlabeled
2135,1.7742846081247876e-10,0,0,unlabeled
2136,0.022263748571276665,0,0,unlabeled
2137,7.978732341484829e-09,0,0,unlabeled
2138,1.5414406417946225e-09,0,0,unlabeled
2139,2.1273540085076093e-07,0,0,unlabeled
2140,2.0912889746749902e-13,0,0,train
2141,4.198459749348363e-14,0,0,val
2142,1.3413949773166678e-06,0,0,unlabeled
2143,1.4663081512877874e-11,0,0,unlabeled
2144,4.41930563324644e-12,0,0,unlabeled
2145,1.6287491234834306e-05,0,0,unlabeled
2146,1.65118960171462e-10,0,0,unlabeled
2147,3.881687332674133e-11,0,0,val
2148,3.991792230095825e-09,0,0,unlabeled
2149,9.884594126552144e-15,0,0,unlabeled
2150,2.3920583124958233e-15,0,0,unlabeled
2151,1.334894250248908e-06,0,0,unlabeled
2152,1.6506565211904523e-11,0,0,unlabeled
2153,3.978515000085947e-12,0,0,unlabeled
2154,0.0017734261928126216,0,0,train
2155,7.744836438838831e-10,0,0,unlabeled
2156,1.5220642801683226e-10,0,0,unlabeled
2157,6.831903931470151e-09,0,0,train
2158,8.798082942252424e-15,0,0,unlabeled
2159,1.879733822480849e-15,0,0,train
2160,0.99945467710495,1,1,train
2161,1.3660677723237313e-05,0,0,train
2162,3.572201194401714e-06,0,0,unlabeled
2163,0.9990884065628052,1,1,unlabeled
2164,1.333821546722902e-05,0,0,unlabeled
2165,3.3564388104423415e-06,0,0,unlabeled
2166,0.00011256946891080588,0,0,unlabeled
2167,5.306834416352046e-10,0,0,val
2168,1.7105555860652544e-10,0,0,unlabeled
2169,0.9966751337051392,1,1,train
2170,3.8763851080148015e-06,0,0,unlabeled
2171,1.0904343525908189e-06,0,0,unlabeled
2172,0.9984530210494995,1,1,unlabeled
2173,1.104567309084814e-05,0,0,unlabeled
2174,2.658028734003892e-06,0,0,unlabeled
2175,8.569415513193235e-05,0,0,unlabeled
2176,5.773493905181226e-10,0,0,unlabeled
2177,1.7011395070376523e-10,0,0,unlabeled
2178,0.6931074857711792,0,1,val
2179,1.142741936632774e-07,0,0,unlabeled
2180,3.401926917945275e-08,0,0,unlabeled
2181,0.7277300357818604,1,1,unlabeled
2182,1.6676199265930336e-07,0,0,unlabeled
2183,4.707700895778544e-08,0,0,unlabeled
2184,6.168700110720238e-07,0,0,train
2185,6.476614817368942e-12,0,0,unlabeled
2186,1.9250660093783623e-12,0,0,unlabeled
2187,0.9366530776023865,1,1,unlabeled
2188,3.8234131238823466e-07,0,0,unlabeled
2189,1.0200501776580495e-07,0,0,unlabeled
2190,0.9883916974067688,1,1,unlabeled
2191,1.2769932027367759e-06,0,0,unlabeled
2192,3.138932527235738e-07,0,0,unlabeled
2193,6.555304935318418e-06,0,0,train
2194,2.911566820973377e-11,0,0,unlabeled
2195,7.950964539538141e-12,0,0,unlabeled
2196,0.00011075904330937192,0,0,val
2197,6.393516271963051e-10,0,0,unlabeled
2198,2.1967486163454453e-10,0,0,unlabeled
2199,0.000877868034876883,0,0,unlabeled
2200,2.314978653217281e-09,0,0,unlabeled
2201,6.901906268730329e-10,0,0,unlabeled
2202,7.710247551528937e-09,0,0,unlabeled
2203,1.1133773753207316e-13,0,0,train
2204,3.577459576947946e-14,0,0,train
2205,0.001194689655676484,0,0,train
2206,2.7987159256781524e-09,0,0,unlabeled
2207,8.331690337648467e-10,0,0,unlabeled
2208,0.12245696783065796,0,0,unlabeled
2209,2.696489431741611e-08,0,0,unlabeled
2210,6.8285950227675585e-09,0,0,unlabeled
2211,9.645012255532492e-08,0,0,unlabeled
2212,9.534604009098224e-13,0,0,unlabeled
2213,2.352658812123515e-13,0,0,unlabeled
2214,0.9955829977989197,1,1,unlabeled
2215,2.1686328182113357e-06,0,0,unlabeled
2216,6.963106216062442e-07,0,0,unlabeled
2217,0.9818515777587891,1,1,unlabeled
2218,1.192011836792517e-06,0,0,unlabeled
2219,3.6568920336321753e-07,0,0,unlabeled
2220,7.783516593917739e-06,0,0,train
2221,7.178102556792965e-11,0,0,unlabeled
2222,2.4258289821332824e-11,0,0,train
2223,0.9583145976066589,1,0,unlabeled
2224,7.306394422812446e-07,0,0,unlabeled
2225,2.2877480887473212e-07,0,0,val
2226,0.963639497756958,1,0,unlabeled
2227,1.172427460005565e-06,0,0,unlabeled
2228,3.224058104933647e-07,0,0,unlabeled
2229,9.782838787941728e-06,0,0,unlabeled
2230,6.739384744713917e-11,0,0,unlabeled
2231,2.0248700285940835e-11,0,0,unlabeled
2232,0.04357935115695,0,0,train
2233,1.0419674900674636e-08,0,0,unlabeled
2234,3.2220026646712085e-09,0,0,unlabeled
2235,0.029064210131764412,0,0,unlabeled
2236,9.02762931076495e-09,0,0,unlabeled
2237,2.6543791609157097e-09,0,0,unlabeled
2238,4.8960473009174166e-08,0,0,unlabeled
2239,4.4125987586074444e-13,0,0,unlabeled
2240,1.3759524390092454e-13,0,0,train
2241,0.27061519026756287,0,0,train
2242,3.5201196624257136e-08,0,0,unlabeled
2243,9.902286990381981e-09,0,0,train
2244,0.6465219259262085,0,0,unlabeled
2245,8.181199007140094e-08,0,0,unlabeled
2246,2.1189224597151224e-08,0,0,unlabeled
2247,5.446564728117664e-07,0,0,unlabeled
2248,3.5472748870224446e-12,0,0,unlabeled
2249,8.995316427493072e-13,0,0,unlabeled
2250,2.074515123240417e-06,0,0,unlabeled
2251,3.485300589800566e-11,0,0,unlabeled
2252,1.1987397185997395e-11,0,0,unlabeled
2253,7.263540737767471e-06,0,0,unlabeled
2254,7.080105252077473e-11,0,0,unlabeled
2255,2.125440101696796e-11,0,0,train
2256,3.6643027501170877e-10,0,0,unlabeled
2257,1.1051318483923898e-14,0,0,unlabeled
2258,3.2597427700371308e-15,0,0,unlabeled
2259,1.8924065443570726e-05,0,0,unlabeled
2260,1.1909326302905754e-10,0,0,unlabeled
2261,3.6513934237314416e-11,0,0,val
2262,0.0007045569946058095,0,0,unlabeled
2263,1.1802484545242464e-09,0,0,unlabeled
2264,2.91289020681873e-10,0,0,unlabeled
2265,2.4993926928118526e-08,0,0,unlabeled
2266,4.049133261758292e-14,0,0,unlabeled
2267,1.0307721812056504e-14,0,0,unlabeled
2268,0.7783312201499939,1,1,unlabeled
2269,1.4464966113791888e-07,0,0,unlabeled
2270,4.4742915150663976e-08,0,0,unlabeled
2271,0.6810486912727356,0,1,unlabeled
2272,1.402589049348535e-07,0,0,unlabeled
2273,4.0476784590737225e-08,0,0,train
2274,1.46668878642231e-06,0,0,unlabeled
2275,7.813257853206412e-12,0,0,train
2276,2.3812822373681097e-12,0,0,val
2277,0.0020955409854650497,0,0,unlabeled
2278,3.4005633864353513e-09,0,0,unlabeled
2279,9.68807367662805e-10,0,0,unlabeled
2280,0.007777138147503138,0,0,unlabeled
2281,7.76289788007034e-09,0,0,unlabeled
2282,1.8616318486763817e-09,0,0,unlabeled
2283,9.48516358789675e-08,0,0,unlabeled
2284,1.1104131936862105e-12,0,0,unlabeled
2285,2.8960560620634734e-13,0,0,unlabeled
2286,0.0001819166209315881,0,0,unlabeled
2287,3.723767960650548e-10,0,0,unlabeled
2288,1.0863748789446959e-10,0,0,unlabeled
2289,0.00027709759888239205,0,0,unlabeled
2290,4.27450325135581e-10,0,0,train
2291,1.1393170434859101e-10,0,0,unlabeled
2292,4.563032618420948e-09,0,0,unlabeled
2293,4.641636874120822e-14,0,0,unlabeled
2294,1.2446346172667946e-14,0,0,unlabeled
2295,2.682703961909283e-05,0,0,unlabeled
2296,8.993162464721038e-11,0,0,unlabeled
2297,2.3097102355706944e-11,0,0,val
2298,0.00026534232893027365,0,0,unlabeled
2299,4.926495877910497e-10,0,0,unlabeled
2300,1.0647084602855017e-10,0,0,unlabeled
2301,2.061233139727392e-08,0,0,unlabeled
2302,2.159175073977726e-14,0,0,unlabeled
2303,4.782486086568182e-15,0,0,unlabeled
2304,2.6302856781512673e-07,0,0,unlabeled
2305,2.481739857021492e-12,0,0,unlabeled
2306,8.287473897243547e-13,0,0,unlabeled
2307,1.1375429949112004e-06,0,0,train
2308,1.3493792888619183e-11,0,0,unlabeled
2309,3.721726052341445e-12,0,0,unlabeled
2310,5.730651508883966e-10,0,0,unlabeled
2311,1.319650015009651e-15,0,0,unlabeled
2312,3.690404495969963e-16,0,0,train
2313,1.0851835696712442e-07,0,0,unlabeled
2314,1.7336940260140321e-12,0,0,unlabeled
2315,4.468403728627446e-13,0,0,train
2316,2.6260520826326683e-05,0,0,train
2317,4.529729716318265e-11,0,0,unlabeled
2318,9.738883310905777e-12,0,0,unlabeled
2319,5.237210665143266e-10,0,0,unlabeled
2320,9.279268171785726e-16,0,0,unlabeled
2321,2.123404528508042e-16,0,0,unlabeled
2322,0.546258807182312,0,1,unlabeled
2323,6.859548307147634e-08,0,0,unlabeled
2324,2.0739078010478806e-08,0,0,unlabeled
2325,0.5028215646743774,0,1,unlabeled
2326,5.075725795222752e-08,0,0,unlabeled
2327,1.408193650576095e-08,0,0,unlabeled
2328,8.445614980701066e-07,0,0,unlabeled
2329,4.282986292014623e-12,0,0,unlabeled
2330,1.1592700540838385e-12,0,0,unlabeled
2331,0.005774565506726503,0,0,unlabeled
2332,3.1286611079650584e-09,0,0,train
2333,8.29260993207015e-10,0,0,unlabeled
2334,0.021779373288154602,0,0,val
2335,1.0667055683200033e-08,0,0,train
2336,2.376449259600122e-09,0,0,unlabeled
2337,6.558742029483255e-07,0,0,unlabeled
2338,6.173370191778216e-13,0,0,unlabeled
2339,1.4949902481329463e-13,0,0,unlabeled
2340,9.748598677106202e-05,0,0,val
2341,1.4988754681866112e-10,0,0,unlabeled
2342,4.040521736636826e-11,0,0,unlabeled
2343,0.00016775555559433997,0,0,unlabeled
2344,2.6903373973041766e-10,0,0,train
2345,6.198460494877267e-11,0,0,unlabeled
2346,1.5262926922332554e-08,0,0,unlabeled
2347,1.6436105135329143e-14,0,0,train
2348,4.124947115108878e-15,0,0,unlabeled
2349,7.065631507430226e-05,0,0,unlabeled
2350,1.3848855395792725e-10,0,0,unlabeled
2351,3.100008791334652e-11,0,0,unlabeled
2352,0.012620456516742706,0,0,unlabeled
2353,1.0721552534675993e-09,0,0,unlabeled
2354,2.2110534236841062e-10,0,0,unlabeled
2355,2.0597870076244362e-08,0,0,unlabeled
2356,1.2976635384461237e-14,0,0,unlabeled
2357,2.8922825133427966e-15,0,0,train
2358,2.724237617712788e-07,0,0,val
2359,2.5680560108987116e-12,0,0,unlabeled
2360,7.646918038020645e-13,0,0,unlabeled
2361,1.5387735402327962e-05,0,0,unlabeled
2362,2.4185849503699508e-11,0,0,unlabeled
2363,6.309472475735101e-12,0,0,unlabeled
2364,3.7980743550214413e-10,0,0,train
2365,7.438771456520538e-16,0,0,unlabeled
2366,2.0186910068460153e-16,0,0,unlabeled
2367,3.979330813308479e-06,0,0,unlabeled
2368,1.1325263643557903e-11,0,0,unlabeled
2369,2.971954063055171e-12,0,0,unlabeled
2370,0.0001592999615240842,0,0,unlabeled
2371,9.493402591820299e-11,0,0,unlabeled
2372,1.9532016629075777e-11,0,0,unlabeled
2373,7.148485692276552e-10,0,0,train
2374,7.016071840291896e-16,0,0,train
2375,1.6730046849729185e-16,0,0,unlabeled
2376,0.9979896545410156,1,1,unlabeled
2377,7.948628081067e-06,0,0,unlabeled
2378,2.2247656943363836e-06,0,0,unlabeled
2379,0.9964385032653809,1,1,train
2380,8.397975761909038e-06,0,0,unlabeled
2381,2.1953283066977747e-06,0,0,train
2382,6.177159957587719e-05,0,0,unlabeled
2383,5.129706659445787e-10,0,0,unlabeled
2384,1.521736209264546e-10,0,0,unlabeled
2385,0.5493307709693909,0,0,unlabeled
2386,3.8261416079876653e-07,0,0,unlabeled
2387,1.0604921385493071e-07,0,0,unlabeled
2388,0.7561253309249878,1,0,unlabeled
2389,8.822401582619932e-07,0,0,unlabeled
2390,2.218876460347019e-07,0,0,unlabeled
2391,6.084836513764458e-06,0,0,unlabeled
2392,8.673205209586143e-11,0,0,unlabeled
2393,2.487252591387712e-11,0,0,train
2394,0.037196096032857895,0,0,unlabeled
2395,2.545720434454779e-08,0,0,unlabeled
2396,6.858878354165654e-09,0,0,unlabeled
2397,0.055035386234521866,0,0,unlabeled
2398,3.587337360499987e-08,0,0,unlabeled
2399,9.062946837445907e-09,0,0,unlabeled
2400,1.6171283334642794e-07,0,0,unlabeled
2401,2.2947440388859652e-12,0,0,unlabeled
2402,6.242042473181275e-13,0,0,train
2403,0.014382869936525822,0,0,unlabeled
2404,1.546943195762651e-08,0,0,unlabeled
2405,3.8454355255623796e-09,0,0,unlabeled
2406,0.12707467377185822,0,0,unlabeled
2407,5.290911175848123e-08,0,0,train
2408,1.2312413311121873e-08,0,0,train
2409,2.499700997304899e-07,0,0,unlabeled
2410,4.025466158324997e-12,0,0,train
2411,9.108156936998846e-13,0,0,unlabeled
2412,3.390361598576419e-05,0,0,unlabeled
2413,4.598599556704386e-10,0,0,val
2414,1.4424199334950316e-10,0,0,unlabeled
2415,0.00040884228656068444,0,0,unlabeled
2416,1.818403094766552e-09,0,0,unlabeled
2417,4.742720105532783e-10,0,0,unlabeled
2418,7.36302352422058e-09,0,0,unlabeled
2419,1.7568683053498235e-13,0,0,train
2420,4.5439312848418595e-14,0,0,unlabeled
2421,4.301831722841598e-05,0,0,unlabeled
2422,4.20721402161206e-10,0,0,unlabeled
2423,1.0711755787928823e-10,0,0,train
2424,0.003401831490918994,0,0,train
2425,6.359441417913558e-09,0,0,unlabeled
2426,1.3124974440614778e-09,0,0,unlabeled
2427,1.1512960895743163e-07,0,0,unlabeled
2428,2.5753829407601514e-13,0,0,train
2429,5.355693441359312e-14,0,0,unlabeled
2430,0.9916315674781799,1,1,unlabeled
2431,2.129512949977652e-06,0,0,train
2432,6.704271413582319e-07,0,0,train
2433,0.9636472463607788,1,1,unlabeled
2434,1.3784141401629313e-06,0,0,unlabeled
2435,3.9226850390150503e-07,0,0,unlabeled
2436,1.2341410183580592e-05,0,0,unlabeled
2437,8.703995857395341e-11,0,0,unlabeled
2438,2.698775231069206e-11,0,0,unlabeled
2439,0.3173651695251465,0,0,unlabeled
2440,1.5788211271683394e-07,0,0,unlabeled
2441,4.3617419009933656e-08,0,0,unlabeled
2442,0.42964833974838257,0,0,unlabeled
2443,2.1358047774810984e-07,0,0,unlabeled
2444,5.2053369614668554e-08,0,0,train
2445,2.0740105810546083e-06,0,0,unlabeled
2446,3.321076053053318e-11,0,0,train
2447,8.633408224434369e-12,0,0,unlabeled
2448,0.0026738629676401615,0,0,train
2449,3.863594333353149e-09,0,0,unlabeled
2450,1.124998538770683e-09,0,0,unlabeled
2451,0.0021206228993833065,0,0,unlabeled
2452,3.069756893125941e-09,0,0,unlabeled
2453,8.180410793201531e-10,0,0,unlabeled
2454,2.49421141518269e-08,0,0,unlabeled
2455,4.202419120157008e-13,0,0,unlabeled
2456,1.1576476539529312e-13,0,0,unlabeled
2457,0.0022032891865819693,0,0,unlabeled
2458,2.9336946205660297e-09,0,0,train
2459,7.14844461402464e-10,0,0,unlabeled
2460,0.012512804009020329,0,0,unlabeled
2461,1.0050689169815996e-08,0,0,train
2462,2.0690709146009567e-09,0,0,unlabeled
2463,2.699737251532497e-07,0,0,unlabeled
2464,4.957491123343261e-13,0,0,train
2465,1.1024333708290271e-13,0,0,train
2466,2.9163318231439916e-06,0,0,unlabeled
2467,3.5802093928394285e-11,0,0,unlabeled
2468,1.0869691431658612e-11,0,0,unlabeled
2469,9.887700798572041e-06,0,0,unlabeled
2470,1.5448542445284374e-10,0,0,unlabeled
2471,3.7211744102760846e-11,0,0,unlabeled
2472,3.9204794965996825e-09,0,0,unlabeled
2473,1.288665592150736e-14,0,0,unlabeled
2474,3.4314098786659758e-15,0,0,unlabeled
2475,3.0651949600724038e-06,0,0,unlabeled
2476,6.164715959933176e-11,0,0,unlabeled
2477,1.5364520419836047e-11,0,0,unlabeled
2478,0.0009439537534490228,0,0,unlabeled
2479,1.0105776215851847e-09,0,0,unlabeled
2480,2.214548266987748e-10,0,0,unlabeled
2481,9.550531032687104e-09,0,0,unlabeled
2482,2.2160394450455173e-14,0,0,train
2483,4.867908512265831e-15,0,0,unlabeled
2484,0.7300448417663574,1,1,unlabeled
2485,1.6344687026048632e-07,0,0,train
2486,4.5225014844163525e-08,0,0,unlabeled
2487,0.7806488871574402,1,1,unlabeled
2488,1.7445285038775182e-07,0,0,unlabeled
2489,4.411726450825881e-08,0,0,unlabeled
2490,2.620611212478252e-06,0,0,unlabeled
2491,1.3498553837199001e-11,0,0,unlabeled
2492,3.4402749746198502e-12,0,0,unlabeled
2493,0.00022975476167630404,0,0,unlabeled
2494,9.645445553374543e-10,0,0,unlabeled
2495,2.473703741845412e-10,0,0,unlabeled
2496,0.0007457006140612066,0,0,unlabeled
2497,3.2364273483409534e-09,0,0,train
2498,6.783235084739658e-10,0,0,unlabeled
2499,1.5979134104782133e-07,0,0,train
2500,3.746030991912813e-13,0,0,train
2501,8.843782233229278e-14,0,0,unlabeled
2502,6.208843842614442e-05,0,0,unlabeled
2503,1.9545592921943467e-10,0,0,unlabeled
2504,4.900197261847872e-11,0,0,train
2505,0.00013034466246608645,0,0,unlabeled
2506,4.1396727712417203e-10,0,0,train
2507,8.798722167524531e-11,0,0,unlabeled
2508,2.1222067658754895e-08,0,0,unlabeled
2509,2.941593298696858e-14,0,0,unlabeled
2510,6.742507621020424e-15,0,0,unlabeled
2511,1.6993548115351587e-06,0,0,unlabeled
2512,2.3153029840572437e-11,0,0,train
2513,4.963775918076507e-12,0,0,unlabeled
2514,9.866012260317802e-05,0,0,train
2515,2.063434145771481e-10,0,0,train
2516,4.1258212124528626e-11,0,0,train
2517,3.2639955183100255e-09,0,0,unlabeled
2518,6.673902610974036e-15,0,0,unlabeled
2519,1.4592548090025526e-15,0,0,train
2520,5.557241706810601e-07,0,0,unlabeled
2521,5.904194234213067e-12,0,0,train
2522,1.5905902896878876e-12,0,0,unlabeled
2523,2.7209449399379082e-05,0,0,unlabeled
2524,5.856943402493542e-11,0,0,train
2525,1.3889692347668348e-11,0,0,unlabeled
2526,8.828985320619154e-10,0,0,unlabeled
2527,1.805393128832128e-15,0,0,unlabeled
2528,4.406553118121141e-16,0,0,unlabeled
2529,7.077799750732083e-07,0,0,train
2530,5.4280156758235165e-12,0,0,unlabeled
2531,1.3143593201661585e-12,0,0,unlabeled
2532,1.6438136299257167e-05,0,0,unlabeled
2533,4.7260296370810195e-11,0,0,train
2534,9.07834744878766e-12,0,0,unlabeled
2535,2.991754899372978e-10,0,0,unlabeled
2536,6.546287780107756e-16,0,0,train
2537,1.4015318165179973e-16,0,0,unlabeled
2538,0.6956650614738464,0,1,unlabeled
2539,7.171134086547681e-08,0,0,train
2540,1.8554823455474434e-08,0,0,unlabeled
2541,0.6301020383834839,0,1,unlabeled
2542,8.765901782226138e-08,0,0,val
2543,1.9256537697742715e-08,0,0,unlabeled
2544,5.993563718220685e-06,0,0,unlabeled
2545,3.686001157077179e-12,0,0,train
2546,8.857308875058478e-13,0,0,train
2547,0.0004023095534648746,0,0,unlabeled
2548,1.2308860597443072e-09,0,0,unlabeled
2549,2.828779155361616e-10,0,0,train
2550,0.015560001134872437,0,0,unlabeled
2551,5.679284154069819e-09,0,0,unlabeled
2552,1.1550715939279144e-09,0,0,unlabeled
2553,1.3558870648466836e-07,0,0,unlabeled
2554,2.3788572023689114e-13,0,0,unlabeled
2555,5.662256010200914e-14,0,0,train
2556,2.5229750463040546e-05,0,0,unlabeled
2557,1.0921547693998335e-10,0,0,unlabeled
2558,2.363009093953039e-11,0,0,unlabeled
2559,0.0008056870428845286,0,0,unlabeled
2560,3.361450007233202e-10,0,0,unlabeled
2561,6.713699041149823e-11,0,0,unlabeled
2562,6.401560170843368e-09,0,0,unlabeled
2563,9.524034223762617e-15,0,0,unlabeled
2564,2.228011112260478e-15,0,0,val
2565,3.183848093613051e-05,0,0,unlabeled
2566,1.0034971464900622e-10,0,0,unlabeled
2567,2.152295355828393e-11,0,0,unlabeled
2568,0.00018012071086559445,0,0,unlabeled
2569,2.4660767872219935e-10,0,0,unlabeled
2570,4.967870559369203e-11,0,0,train
2571,2.1993744603321375e-09,0,0,unlabeled
2572,3.988316889068496e-15,0,0,unlabeled
2573,9.166404207937642e-16,0,0,val
2574,9.381859854329377e-06,0,0,unlabeled
2575,4.322124602662569e-11,0,0,unlabeled
2576,1.293124114731814e-11,0,0,unlabeled
2577,3.4234159102197737e-05,0,0,unlabeled
2578,1.0170859293667789e-10,0,0,train
2579,2.4399730499946592e-11,0,0,unlabeled
2580,9.928097233213862e-10,0,0,unlabeled
2581,2.651446270724692e-15,0,0,unlabeled
2582,6.898002858982935e-16,0,0,unlabeled
2583,1.5308052070395206e-06,0,0,unlabeled
2584,7.934574004775374e-12,0,0,unlabeled
2585,1.870234652909253e-12,0,0,unlabeled
2586,3.105576979578473e-05,0,0,train
2587,7.367047250017578e-11,0,0,train
2588,1.4459753706896894e-11,0,0,val
2589,3.962856987005381e-10,0,0,train
2590,7.556059579331249e-16,0,0,train
2591,1.6717607376805368e-16,0,0,unlabeled
2592,0.23957780003547668,0,0,unlabeled
2593,1.1217620965453534e-07,0,0,unlabeled
2594,3.201689935394825e-08,0,0,unlabeled
2595,0.4152527451515198,0,0,unlabeled
2596,2.462648467371764e-07,0,0,unlabeled
2597,6.508776095870417e-08,0,0,unlabeled
2598,1.0611453262754367e-06,0,0,unlabeled
2599,2.1743414360675395e-11,0,0,unlabeled
2600,6.539948704115117e-12,0,0,unlabeled
2601,0.0058845714665949345,0,0,unlabeled
2602,1.6388884915841118e-08,0,0,unlabeled
2603,4.4031156498647306e-09,0,0,train
2604,0.0833466574549675,0,0,unlabeled
2605,1.0644174608387402e-07,0,0,train
2606,2.597881731958296e-08,0,0,unlabeled
2607,3.961894208259764e-07,0,0,unlabeled
2608,1.025860559694669e-11,0,0,unlabeled
2609,2.857778683834633e-12,0,0,unlabeled
2610,0.0018949934747070074,0,0,train
2611,3.5827130151488973e-09,0,0,unlabeled
2612,9.871581330145318e-10,0,0,unlabeled
2613,0.00839594192802906,0,0,unlabeled
2614,1.1546691602859482e-08,0,0,unlabeled
2615,3.061541686832925e-09,0,0,train
2616,3.491700084623517e-08,0,0,unlabeled
2617,6.029168050231126e-13,0,0,unlabeled
2618,1.7704552559248687e-13,0,0,val
2619,0.0014559251721948385,0,0,unlabeled
2620,3.917758562010931e-09,0,0,train
2621,1.045691977452634e-09,0,0,unlabeled
2622,0.03246987238526344,0,0,unlabeled
2623,2.7292273330203898e-08,0,0,unlabeled
2624,6.865815471712722e-09,0,0,unlabeled
2625,9.886854002161272e-08,0,0,unlabeled
2626,1.1136625475971496e-12,0,0,unlabeled
2627,2.9884197872386e-13,0,0,unlabeled
2628,2.254341779917013e-06,0,0,unlabeled
2629,5.675141606653611e-11,0,0,unlabeled
2630,1.858550466304898e-11,0,0,unlabeled
2631,2.5838509827735834e-05,0,0,unlabeled
2632,4.4543274624331275e-10,0,0,unlabeled
2633,1.3101407458915304e-10,0,0,train
2634,1.0756618928908779e-09,0,0,unlabeled
2635,2.3484655924587913e-14,0,0,unlabeled
2636,7.451414058533019e-15,0,0,unlabeled
2637,5.913667337154038e-06,0,0,train
2638,1.178722536243626e-10,0,0,unlabeled
2639,3.302221690537621e-11,0,0,unlabeled
2640,0.0005178903811611235,0,0,train
2641,2.0494441699270283e-09,0,0,unlabeled
2642,5.239678690927008e-10,0,0,train
2643,6.359950788237256e-09,0,0,unlabeled
2644,5.458242703843853e-14,0,0,unlabeled
2645,1.4316562732953446e-14,0,0,train
2646,0.040000446140766144,0,0,unlabeled
2647,2.8108717131658523e-08,0,0,unlabeled
2648,9.021278835064095e-09,0,0,train
2649,0.028703095391392708,0,0,unlabeled
2650,3.1602635175431715e-08,0,0,train
2651,9.142412160656477e-09,0,0,train
2652,1.8818576563717215e-07,0,0,unlabeled
2653,3.3764571000238774e-12,0,0,train
2654,1.1379301364036754e-12,0,0,val
2655,0.0010829407256096601,0,0,unlabeled
2656,5.114117573867816e-09,0,0,unlabeled
2657,1.4320258312494616e-09,0,0,train
2658,0.005350414663553238,0,0,unlabeled
2659,1.9237116788417552e-08,0,0,unlabeled
2660,5.019527460348172e-09,0,0,unlabeled
2661,9.383888510683391e-08,0,0,unlabeled
2662,1.9969848257667122e-12,0,0,val
2663,5.710119876933817e-13,0,0,unlabeled
2664,7.375706627499312e-05,0,0,unlabeled
2665,4.4007961164105325e-10,0,0,unlabeled
2666,1.3844787816186255e-10,0,0,unlabeled
2667,0.0001279881689697504,0,0,unlabeled
2668,7.465274509677045e-10,0,0,train
2669,2.203967286451558e-10,0,0,val
2670,3.1460147820183693e-09,0,0,unlabeled
2671,5.1986843649376446e-14,0,0,val
2672,1.7254252565016177e-14,0,0,train
2673,0.00011966896272497252,0,0,unlabeled
2674,6.921245243596275e-10,0,0,unlabeled
2675,1.9027492081935549e-10,0,0,val
2676,0.0012417352991178632,0,0,unlabeled
2677,3.3272871124978565e-09,0,0,unlabeled
2678,8.835910336735253e-10,0,0,unlabeled
2679,1.5663429664414252e-08,0,0,unlabeled
2680,1.2937395566740145e-13,0,0,unlabeled
2681,3.552626942626702e-14,0,0,train
2682,1.4200659848029318e-07,0,0,train
2683,3.719264046048165e-12,0,0,unlabeled
2684,1.2949846273438426e-12,0,0,unlabeled
2685,7.414492415591667e-07,0,0,val
2686,1.829341886305791e-11,0,0,unlabeled
2687,5.7420899632343314e-12,0,0,unlabeled
2688,5.556093779501836e-11,0,0,unlabeled
2689,1.3248200923614544e-15,0,0,unlabeled
2690,4.3976698600868113e-16,0,0,unlabeled
2691,4.30817266305894e-07,0,0,unlabeled
2692,8.913461115034327e-12,0,0,unlabeled
2693,2.7263130988885997e-12,0,0,val
2694,1.0251666026306339e-05,0,0,unlabeled
2695,1.03983210930636e-10,0,0,unlabeled
2696,2.818060888809537e-11,0,0,val
2697,4.031617262256759e-10,0,0,unlabeled
2698,7.646268905851187e-15,0,0,unlabeled
2699,1.953257341093706e-15,0,0,unlabeled
2700,0.00020869159197900444,0,0,unlabeled
2701,9.464895533994877e-10,0,0,unlabeled
2702,2.759052986078814e-10,0,0,unlabeled
2703,0.00028519582701846957,0,0,unlabeled
2704,1.6790556722767747e-09,0,0,unlabeled
2705,4.5604545140243147e-10,0,0,val
2706,1.3696142886487905e-08,0,0,unlabeled
2707,1.6012279664082835e-13,0,0,unlabeled
2708,4.914332694038945e-14,0,0,unlabeled
2709,5.426293228083523e-07,0,0,unlabeled
2710,1.4665263795010652e-11,0,0,val
2711,4.112980789283682e-12,0,0,unlabeled
2712,2.0528350432869047e-06,0,0,unlabeled
2713,5.994281460086626e-11,0,0,unlabeled
2714,1.490826039007853e-11,0,0,unlabeled
2715,3.969272133197421e-10,0,0,val
2716,1.0033516071206606e-14,0,0,unlabeled
2717,2.7793277052111202e-15,0,0,train
2718,5.711920039175311e-07,0,0,unlabeled
2719,6.533801711477993e-12,0,0,unlabeled
2720,1.8912087607764194e-12,0,0,train
2721,1.2612399586942047e-06,0,0,unlabeled
2722,1.5557853616510187e-11,0,0,unlabeled
2723,4.204281454228687e-12,0,0,unlabeled
2724,9.405234230319692e-11,0,0,unlabeled
2725,1.3055650217671144e-15,0,0,train
2726,3.8392138911215587e-16,0,0,unlabeled
2727,6.070631997090459e-08,0,0,unlabeled
2728,1.0354256514688576e-12,0,0,unlabeled
2729,2.7362728510955947e-13,0,0,val
2730,3.911317492111266e-07,0,0,unlabeled
2731,6.081780478534027e-12,0,0,unlabeled
2732,1.4385690989132671e-12,0,0,val
2733,3.7490437837517376e-11,0,0,unlabeled
2734,8.99446181360094e-16,0,0,train
2735,2.156300508852541e-16,0,0,unlabeled
2736,5.748750808720615e-09,0,0,unlabeled
2737,1.2784207286536953e-13,0,0,unlabeled
2738,4.2685957714469133e-14,0,0,train
2739,4.271744558081991e-08,0,0,unlabeled
2740,7.378937955451748e-13,0,0,unlabeled
2741,2.141768614674286e-13,0,0,train
2742,3.886582462114818e-12,0,0,unlabeled
2743,1.45317687114997e-16,0,0,unlabeled
2744,4.171226652771358e-17,0,0,unlabeled
2745,1.3643131069329684e-09,0,0,unlabeled
2746,3.136522346101206e-14,0,0,unlabeled
2747,8.680071770942113e-15,0,0,unlabeled
2748,4.411002407778142e-08,0,0,unlabeled
2749,9.219512089528314e-13,0,0,unlabeled
2750,1.9938669042641327e-13,0,0,unlabeled
2751,2.541170919523328e-11,0,0,unlabeled
2752,7.761814867177853e-17,0,0,train
2753,1.783826902371425e-17,0,0,unlabeled
2754,0.00013344991020858288,0,0,unlabeled
2755,6.569648158816221e-10,0,0,unlabeled
2756,1.9234421000380308e-10,0,0,unlabeled
2757,0.00015842670109122992,0,0,train
2758,9.547557189293343e-10,0,0,unlabeled
2759,2.5542437609438196e-10,0,0,unlabeled
2760,1.0114961312979176e-08,0,0,unlabeled
2761,8.859062029971387e-14,0,0,unlabeled
2762,2.570434811451517e-14,0,0,val
2763,1.0050325727206655e-06,0,0,unlabeled
2764,1.9456204009005162e-11,0,0,unlabeled
2765,5.160948925164721e-12,0,0,unlabeled
2766,4.4201715354574844e-06,0,0,unlabeled
2767,8.068449380838061e-11,0,0,unlabeled
2768,1.9535295256445373e-11,0,0,unlabeled
2769,7.058980067142784e-10,0,0,unlabeled
2770,1.9525954271970743e-14,0,0,unlabeled
2771,4.784274173119836e-15,0,0,unlabeled
2772,4.451228221569181e-07,0,0,unlabeled
2773,4.07606413899142e-12,0,0,unlabeled
2774,1.135616774228243e-12,0,0,val
2775,8.662799473313498e-07,0,0,unlabeled
2776,8.828101444313674e-12,0,0,unlabeled
2777,2.2862816240892814e-12,0,0,unlabeled
2778,7.036446425523479e-11,0,0,unlabeled
2779,1.430178920780391e-15,0,0,unlabeled
2780,3.77555724755303e-16,0,0,train
2781,1.4169883399972605e-07,0,0,unlabeled
2782,1.3758796619384173e-12,0,0,unlabeled
2783,3.445132362982911e-13,0,0,unlabeled
2784,1.0986503866661224e-06,0,0,unlabeled
2785,1.4426613549611833e-11,0,0,unlabeled
2786,3.006005817526858e-12,0,0,val
2787,5.875688269263435e-10,0,0,val
2788,9.38818390330842e-16,0,0,unlabeled
2789,2.0853309269245533e-16,0,0,unlabeled
2790,7.065907414727235e-09,0,0,unlabeled
2791,9.531744425868294e-14,0,0,unlabeled
2792,2.989182320179036e-14,0,0,unlabeled
2793,6.550322950715781e-08,0,0,unlabeled
2794,1.1642668166361725e-12,0,0,train
2795,2.997370689324097e-13,0,0,unlabeled
2796,4.251425600454439e-11,0,0,unlabeled
2797,1.1655420846658449e-16,0,0,unlabeled
2798,3.080013959158344e-17,0,0,unlabeled
2799,4.433132083647706e-09,0,0,unlabeled
2800,9.479745412049531e-14,0,0,unlabeled
2801,2.2835991317316992e-14,0,0,unlabeled
2802,2.5241020011890214e-06,0,0,unlabeled
2803,5.7256968263863506e-12,0,0,unlabeled
2804,1.1661537620971663e-12,0,0,unlabeled
2805,5.4009099276219885e-11,0,0,unlabeled
2806,8.76664872901665e-17,0,0,train
2807,2.007133738589098e-17,0,0,train
2808,0.12208211421966553,0,0,unlabeled
2809,5.3166569813356546e-08,0,0,val
2810,1.5799109576164483e-08,0,0,unlabeled
2811,0.17814180254936218,0,0,train
2812,9.701914649440369e-08,0,0,train
2813,2.6684313425562323e-08,0,0,train
2814,4.6520125351889874e-07,0,0,val
2815,7.595044385078076e-12,0,0,unlabeled
2816,2.3838819373372955e-12,0,0,unlabeled
2817,0.0032373506110161543,0,0,train
2818,9.763895469916406e-09,0,0,train
2819,2.7127431412310443e-09,0,0,unlabeled
2820,0.0319790355861187,0,0,unlabeled
2821,5.353769694238508e-08,0,0,unlabeled
2822,1.3493889561289052e-08,0,0,unlabeled
2823,2.3705794660600077e-07,0,0,unlabeled
2824,5.0362448586471764e-12,0,0,unlabeled
2825,1.398736053197236e-12,0,0,unlabeled
2826,0.00020474767370615155,0,0,train
2827,8.142304608327322e-10,0,0,train
2828,2.298483070539703e-10,0,0,unlabeled
2829,0.0006699293153360486,0,0,val
2830,2.079575178726145e-09,0,0,unlabeled
2831,5.494331101196792e-10,0,0,train
2832,7.53593631941385e-09,0,0,unlabeled
2833,1.2190170205726714e-13,0,0,unlabeled
2834,3.457005393211164e-14,0,0,unlabeled
2835,0.0002417407085886225,0,0,unlabeled
2836,1.129806803668032e-09,0,0,unlabeled
2837,3.0011107488014943e-10,0,0,unlabeled
2838,0.006283074617385864,0,0,unlabeled
2839,7.929759071600984e-09,0,0,unlabeled
2840,1.950523298432927e-09,0,0,unlabeled
2841,3.232444001355361e-08,0,0,unlabeled
2842,2.7832087762941216e-13,0,0,unlabeled
2843,7.099865400456151e-14,0,0,unlabeled
2844,1.8972269799633068e-07,0,0,unlabeled
2845,5.155635900838673e-12,0,0,unlabeled
2846,1.7667252209807582e-12,0,0,unlabeled
2847,1.4298969972514897e-06,0,0,unlabeled
2848,3.590288830124244e-11,0,0,unlabeled
2849,1.0470162063735966e-11,0,0,unlabeled
2850,1.0212752865612629e-10,0,0,unlabeled
2851,2.4460581451909427e-15,0,0,unlabeled
2852,7.363418346741611e-16,0,0,unlabeled
2853,4.987236366105208e-07,0,0,train
2854,1.189304384141554e-11,0,0,unlabeled
2855,3.4113612542435723e-12,0,0,unlabeled
2856,1.7020933228195645e-05,0,0,unlabeled
2857,1.8585620542577175e-10,0,0,unlabeled
2858,4.590263238957171e-11,0,0,unlabeled
2859,6.32522700882987e-10,0,0,unlabeled
2860,1.4001947591288887e-14,0,0,unlabeled
2861,3.261608571861695e-15,0,0,unlabeled
2862,0.025945356115698814,0,0,unlabeled
2863,1.666053606186324e-08,0,0,unlabeled
2864,5.597263541545772e-09,0,0,train
2865,0.01413719356060028,0,0,unlabeled
2866,1.578564656767867e-08,0,0,unlabeled
2867,5.035464933911271e-09,0,0,unlabeled
2868,9.63763895356351e-08,0,0,unlabeled
2869,1.5161779167230383e-12,0,0,unlabeled
2870,5.317282530080403e-13,0,0,unlabeled
2871,0.0006695600459352136,0,0,train
2872,3.0637845593872726e-09,0,0,unlabeled
2873,9.090849739656903e-10,0,0,unlabeled
2874,0.0025916018057614565,0,0,unlabeled
2875,1.0785283777181576e-08,0,0,train
2876,2.725677905601742e-09,0,0,unlabeled
2877,7.524736389541431e-08,0,0,unlabeled
2878,9.031607384711593e-13,0,0,train
2879,2.579669876150159e-13,0,0,unlabeled
2880,1.1340603123244364e-05,0,0,unlabeled
2881,1.2355026723920304e-10,0,0,unlabeled
2882,3.9089394915370335e-11,0,0,train
2883,1.4575398381566629e-05,0,0,val
2884,1.729026227748065e-10,0,0,unlabeled
2885,5.077557818644607e-11,0,0,unlabeled
2886,8.652176197720962e-10,0,0,train
2887,1.3345622418042997e-14,0,0,unlabeled
2888,4.159996491433313e-15,0,0,unlabeled
2889,2.275173392263241e-05,0,0,unlabeled
2890,1.939448601717686e-10,0,0,val
2891,5.355109758409249e-11,0,0,unlabeled
2892,0.0003368227044120431,0,0,unlabeled
2893,9.406118106625172e-10,0,0,unlabeled
2894,2.2795869358827048e-10,0,0,unlabeled
2895,5.908529665532569e-09,0,0,unlabeled
2896,6.823356577022668e-14,0,0,unlabeled
2897,1.5884483398759253e-14,0,0,unlabeled
2898,1.4292894867651285e-08,0,0,unlabeled
2899,4.677464470435877e-13,0,0,train
2900,1.672637180670511e-13,0,0,unlabeled
2901,7.457425255097405e-08,0,0,unlabeled
2902,1.891832827546902e-12,0,0,unlabeled
2903,5.729823083014396e-13,0,0,unlabeled
2904,7.928718445682215e-12,0,0,unlabeled
2905,4.255056775642177e-16,0,0,unlabeled
2906,1.2605062571049747e-16,0,0,unlabeled
2907,5.8234675748281006e-08,0,0,unlabeled
2908,1.0556884142906564e-12,0,0,unlabeled
2909,3.165461599438646e-13,0,0,unlabeled
2910,1.216576379192702e-06,0,0,unlabeled
2911,2.1003893069249102e-11,0,0,unlabeled
2912,4.9356330654448666e-12,0,0,val
2913,4.937021902406968e-10,0,0,unlabeled
2914,1.399422519190877e-15,0,0,unlabeled
2915,3.1691060095161844e-16,0,0,unlabeled
2916,0.00010738610581029207,0,0,unlabeled
2917,4.545743226280763e-10,0,0,unlabeled
2918,1.389452164435312e-10,0,0,unlabeled
2919,0.00011595495016081259,0,0,unlabeled
2920,6.714369060745184e-10,0,0,unlabeled
2921,1.9325804845315986e-10,0,0,unlabeled
2922,6.5074701183220895e-09,0,0,unlabeled
2923,6.096849641899077e-14,0,0,unlabeled
2924,1.8229546629275513e-14,0,0,unlabeled
2925,2.951581450361118e-07,0,0,unlabeled
2926,7.354225735334285e-12,0,0,unlabeled
2927,2.0786003127049035e-12,0,0,unlabeled
2928,1.1983207741650403e-06,0,0,unlabeled
2929,2.661681985927089e-11,0,0,unlabeled
2930,6.371317536058019e-12,0,0,train
2931,2.622572714550131e-10,0,0,unlabeled
2932,8.5033239469374e-15,0,0,unlabeled
2933,2.1906173604962793e-15,0,0,unlabeled
2934,1.3518844355075998e-07,0,0,unlabeled
2935,1.673308084974845e-12,0,0,unlabeled
2936,4.772950155766675e-13,0,0,unlabeled
2937,2.564963210716087e-07,0,0,unlabeled
2938,3.0757189330155033e-12,0,0,unlabeled
2939,8.048336845069282e-13,0,0,unlabeled
2940,2.976953752953371e-11,0,0,train
2941,6.592724243858605e-16,0,0,unlabeled
2942,1.781658630375352e-16,0,0,unlabeled
2943,1.9439763576656333e-08,0,0,unlabeled
2944,2.5921186854946376e-13,0,0,unlabeled
2945,6.614395581814106e-14,0,0,unlabeled
2946,1.9132836825974664e-07,0,0,unlabeled
2947,3.0511255414561456e-12,0,0,unlabeled
2948,6.230076675904639e-13,0,0,unlabeled
2949,1.2547962668918444e-10,0,0,train
2950,3.020707425344007e-16,0,0,unlabeled
2951,6.555730609282865e-17,0,0,unlabeled
2952,7.72182595643045e-10,0,0,train
2953,1.6601737345967038e-14,0,0,unlabeled
2954,5.24752665636858e-15,0,0,unlabeled
2955,6.890557902039518e-09,0,0,unlabeled
2956,1.8452076075859553e-13,0,0,unlabeled
2957,4.776507897433051e-14,0,0,unlabeled
2958,6.603561013979187e-12,0,0,train
2959,3.0617862071801255e-17,0,0,unlabeled
2960,7.93218727271193e-18,0,0,unlabeled
2961,1.9748434831878825e-10,0,0,unlabeled
2962,9.372122252804347e-15,0,0,unlabeled
2963,2.388128714895274e-15,0,0,unlabeled
2964,1.28685982758725e-07,0,0,val
2965,6.108120194532607e-13,0,0,unlabeled
2966,1.2801165563767342e-13,0,0,unlabeled
2967,5.488282571464165e-12,0,0,train
2968,1.8107226799885866e-17,0,0,unlabeled
2969,4.151112846278457e-18,0,0,train
2970,6.024547110428102e-05,0,0,unlabeled
2971,2.8649965733151816e-10,0,0,unlabeled
2972,8.444750454472683e-11,0,0,unlabeled
2973,8.23929876787588e-05,0,0,unlabeled
2974,3.742230691994308e-10,0,0,unlabeled
2975,1.0095618785399552e-10,0,0,train
2976,5.526759050411556e-09,0,0,unlabeled
2977,5.863551018423646e-14,0,0,unlabeled
2978,1.5937500884993794e-14,0,0,unlabeled
2979,7.614734158778447e-07,0,0,train
2980,8.885910236788863e-12,0,0,unlabeled
2981,2.388455752622143e-12,0,0,unlabeled
2982,3.441271246629185e-06,0,0,unlabeled
2983,6.490072368414701e-11,0,0,unlabeled
2984,1.3692595668413077e-11,0,0,unlabeled
2985,3.5802949494012637e-09,0,0,unlabeled
2986,8.721727157222185e-15,0,0,train
2987,2.0769645972160654e-15,0,0,unlabeled
2988,1.2454273701223428e-07,0,0,unlabeled
2989,9.706073835283324e-13,0,0,val
2990,2.6591017799129646e-13,0,0,unlabeled
2991,3.1559426361127407e-07,0,0,unlabeled
2992,3.573548791949155e-12,0,0,unlabeled
2993,8.068364227599434e-13,0,0,unlabeled
2994,1.9880219692680612e-10,0,0,unlabeled
2995,4.294224902612196e-16,0,0,unlabeled
2996,1.0454748335203028e-16,0,0,train
2997,5.9424035470101444e-08,0,0,unlabeled
2998,7.429935030937862e-13,0,0,unlabeled
2999,1.6577318402537233e-13,0,0,unlabeled
3000,7.713303602940869e-06,0,0,unlabeled
3001,1.647036847185479e-11,0,0,unlabeled
3002,3.208463226003766e-12,0,0,unlabeled
3003,2.493766304567657e-10,0,0,unlabeled
3004,3.044248323832776e-16,0,0,unlabeled
3005,6.67888787632466e-17,0,0,train
3006,1.1809532241002785e-09,0,0,unlabeled
3007,2.780140687433895e-14,0,0,unlabeled
3008,7.766917737759248e-15,0,0,unlabeled
3009,1.845212835860366e-07,0,0,unlabeled
3010,7.065421381638459e-13,0,0,unlabeled
3011,1.7199849671693107e-13,0,0,train
3012,7.771389434751974e-12,0,0,unlabeled
3013,2.7214746733168268e-17,0,0,unlabeled
3014,6.822835087292057e-18,0,0,unlabeled
3015,2.1713942643941664e-08,0,0,unlabeled
3016,1.5914420931247009e-13,0,0,train
3017,4.149736042530043e-14,0,0,unlabeled
3018,9.696675533632515e-07,0,0,train
3019,2.1712573145676872e-12,0,0,unlabeled
3020,4.432692006419575e-13,0,0,unlabeled
3021,1.276592200005755e-11,0,0,unlabeled
3022,2.3989916940681285e-17,0,0,unlabeled
3023,5.506530998007848e-18,0,0,unlabeled
3024,0.02591945417225361,0,0,unlabeled
3025,1.187954890013998e-08,0,0,unlabeled
3026,3.959579775170141e-09,0,0,unlabeled
3027,0.009553695097565651,0,0,unlabeled
3028,8.783940685930247e-09,0,0,unlabeled
3029,2.7977176131344095e-09,0,0,unlabeled
3030,6.69763196015083e-08,0,0,unlabeled
3031,7.765829537591251e-13,0,0,unlabeled
3032,2.6668372913631055e-13,0,0,unlabeled
3033,0.0008271907572634518,0,0,unlabeled
3034,2.4182416069606916e-09,0,0,unlabeled
3035,7.199619234121712e-10,0,0,unlabeled
3036,0.0018342414405196905,0,0,unlabeled
3037,5.336293185109753e-09,0,0,unlabeled
3038,1.4432544048759155e-09,0,0,train
3039,4.393336539010306e-08,0,0,unlabeled
3040,4.491997594203989e-13,0,0,unlabeled
3041,1.3505468716024788e-13,0,0,unlabeled
3042,1.2626884199562483e-05,0,0,unlabeled
3043,8.832451436902033e-11,0,0,unlabeled
3044,2.7099321051049508e-11,0,0,unlabeled
3045,1.1847420864796732e-05,0,0,unlabeled
3046,9.08243966146749e-11,0,0,train
3047,2.6398456337561882e-11,0,0,unlabeled
3048,5.396535995849661e-10,0,0,unlabeled
3049,6.402896113565917e-15,0,0,unlabeled
3050,1.9837441744477565e-15,0,0,unlabeled
3051,2.716166818572674e-05,0,0,unlabeled
3052,1.3823493738573944e-10,0,0,unlabeled
3053,3.830716993613592e-11,0,0,unlabeled
3054,0.00011480335524538532,0,0,val
3055,3.676581539213686e-10,0,0,unlabeled
3056,9.482454405018714e-11,0,0,val
3057,2.8927769069042597e-09,0,0,train
3058,2.9969862041286793e-14,0,0,unlabeled
3059,7.372106363681599e-15,0,0,train
3060,2.441606028469323e-08,0,0,unlabeled
3061,4.647645658086008e-13,0,0,unlabeled
3062,1.6526680740071298e-13,0,0,train
3063,6.88514916191707e-08,0,0,train
3064,1.185641320365638e-12,0,0,unlabeled
3065,3.791113473497476e-13,0,0,unlabeled
3066,6.94171760004525e-12,0,0,unlabeled
3067,2.6218647567725786e-16,0,0,unlabeled
3068,7.961811257425414e-17,0,0,unlabeled
3069,8.229355330513499e-08,0,0,unlabeled
3070,1.025105130988968e-12,0,0,unlabeled
3071,3.0262774165963624e-13,0,0,unlabeled
3072,1.064603793565766e-06,0,0,train
3073,1.355627242405344e-11,0,0,unlabeled
3074,3.214300570500428e-12,0,0,train
3075,4.1283340634912236e-10,0,0,unlabeled
3076,8.496898778516003e-16,0,0,unlabeled
3077,2.0640104458976725e-16,0,0,val
3078,0.0024147387593984604,0,0,unlabeled
3079,2.2466661864228854e-09,0,0,unlabeled
3080,7.98576205163215e-10,0,0,train
3081,0.0003491537063382566,0,0,unlabeled
3082,9.151810975716046e-10,0,0,train
3083,3.055513897454176e-10,0,0,unlabeled
3084,1.0258855986933213e-08,0,0,unlabeled
3085,1.0018529517270836e-13,0,0,unlabeled
3086,3.577432471893634e-14,0,0,unlabeled
3087,6.431788642657921e-05,0,0,unlabeled
3088,4.35943420251661e-10,0,0,unlabeled
3089,1.389446890875945e-10,0,0,unlabeled
3090,0.00010406745423097163,0,0,unlabeled
3091,5.972088379380125e-10,0,0,unlabeled
3092,1.7154073994607444e-10,0,0,val
3093,7.670043267182791e-09,0,0,unlabeled
3094,1.108410780693847e-13,0,0,unlabeled
3095,3.26666557031504e-14,0,0,unlabeled
3096,8.67295909756649e-07,0,0,unlabeled
3097,8.488217941027276e-12,0,0,unlabeled
3098,2.7728457550890706e-12,0,0,train
3099,5.421684363682289e-07,0,0,unlabeled
3100,5.374220599790869e-12,0,0,unlabeled
3101,1.634427402447125e-12,0,0,unlabeled
3102,5.961921928365754e-11,0,0,unlabeled
3103,1.1874253132070577e-15,0,0,unlabeled
3104,3.605081014308465e-16,0,0,unlabeled
3105,2.1813209514220944e-06,0,0,unlabeled
3106,1.3234742295142876e-11,0,0,unlabeled
3107,3.758450148327874e-12,0,0,unlabeled
3108,7.263201950991061e-06,0,0,val
3109,4.5929430397828597e-11,0,0,unlabeled
3110,1.1169135928634777e-11,0,0,unlabeled
3111,2.469222160073059e-09,0,0,train
3112,2.9777710076103314e-15,0,0,unlabeled
3113,7.390743629620035e-16,0,0,unlabeled
3114,1.6716869000177326e-09,0,0,unlabeled
3115,2.9918003296124096e-14,0,0,unlabeled
3116,1.0758726198887951e-14,0,0,unlabeled
3117,4.4830792411687526e-09,0,0,val
3118,1.1351592680165085e-13,0,0,unlabeled
3119,3.37501802492781e-14,0,0,unlabeled
3120,4.922208474145151e-12,0,0,unlabeled
3121,2.6715664001861948e-17,0,0,unlabeled
3122,8.164556368848489e-18,0,0,unlabeled
3123,6.473932057105003e-09,0,0,unlabeled
3124,1.3684122194754234e-13,0,0,unlabeled
3125,3.916373722176979e-14,0,0,train
3126,9.646601029089652e-07,0,0,unlabeled
3127,2.858912759307053e-12,0,0,train
3128,7.376095177355491e-13,0,0,unlabeled
3129,3.41642894530203e-11,0,0,unlabeled
3130,7.406376019708307e-17,0,0,val
3131,1.9296745607961622e-17,0,0,unlabeled
3132,3.577778261387721e-05,0,0,unlabeled
3133,1.3662419806603765e-10,0,0,train
3134,4.2924015036804875e-11,0,0,unlabeled
3135,2.4883347577997483e-05,0,0,unlabeled
3136,1.0833351576922112e-10,0,0,unlabeled
3137,3.210417695576062e-11,0,0,unlabeled
3138,2.251805852893085e-09,0,0,unlabeled
3139,2.0472979458648413e-14,0,0,unlabeled
3140,5.827346119752566e-15,0,0,unlabeled
3141,2.3434216700479737e-07,0,0,val
3142,2.6895343591126775e-12,0,0,unlabeled
3143,7.629523640466374e-13,0,0,unlabeled
3144,6.452300453929638e-07,0,0,unlabeled
3145,1.0729929965369589e-11,0,0,unlabeled
3146,2.4833737496954278e-12,0,0,train
3147,8.656549921326473e-10,0,0,unlabeled
3148,1.951172157735803e-15,0,0,unlabeled
3149,4.900680111115982e-16,0,0,unlabeled
3150,4.4382016284316705e-08,0,0,unlabeled
3151,3.0805547457553317e-13,0,0,unlabeled
3152,8.983926206044754e-14,0,0,val
3153,7.070629237659887e-08,0,0,train
3154,6.922726823212211e-13,0,0,unlabeled
3155,1.73468552890077e-13,0,0,unlabeled
3156,6.237407118581118e-11,0,0,unlabeled
3157,1.0222346979022579e-16,0,0,unlabeled
3158,2.704966298959861e-17,0,0,unlabeled
3159,1.0106475656357361e-08,0,0,unlabeled
3160,1.2440608710296425e-13,0,0,unlabeled
3161,2.896264161117955e-14,0,0,train
3162,8.481055715492403e-07,0,0,unlabeled
3163,1.5218623887133798e-12,0,0,unlabeled
3164,3.264082526401729e-13,0,0,unlabeled
3165,3.2578970771135474e-11,0,0,unlabeled
3166,4.3479418792424914e-17,0,0,train
3167,1.0217742726296986e-17,0,0,unlabeled
3168,3.0123281646865507e-10,0,0,unlabeled
3169,6.938860446105812e-15,0,0,unlabeled
3170,2.1251559014753884e-15,0,0,unlabeled
3171,2.8011150732254464e-08,0,0,unlabeled
3172,8.610999283412135e-14,0,0,train
3173,2.4533999303162114e-14,0,0,unlabeled
3174,1.5805980656258267e-12,0,0,unlabeled
3175,4.8920834546202895e-18,0,0,unlabeled
3176,1.3942622431021516e-18,0,0,unlabeled
3177,3.795433745068522e-09,0,0,unlabeled
3178,2.8872571515700315e-14,0,0,train
3179,8.041424175305421e-15,0,0,train
3180,6.376837546895331e-08,0,0,unlabeled
3181,1.7789276182764852e-13,0,0,unlabeled
3182,3.99412016590002e-14,0,0,train
3183,1.5103158524168436e-12,0,0,unlabeled
3184,3.422567524712937e-18,0,0,unlabeled
3185,8.4873936915920895e-19,0,0,unlabeled
3186,3.993107020505704e-05,0,0,unlabeled
3187,8.368636339461943e-11,0,0,unlabeled
3188,2.4815472593475718e-11,0,0,unlabeled
3189,3.007684244948905e-05,0,0,unlabeled
3190,1.0443401698978505e-10,0,0,unlabeled
3191,2.826388255383616e-11,0,0,train
3192,1.394729398640493e-08,0,0,unlabeled
3193,9.963032765599681e-15,0,0,val
3194,2.7295768015376653e-15,0,0,val
3195,6.708384034936898e-07,0,0,unlabeled
3196,6.1539753327954916e-12,0,0,train
3197,1.5595042618388177e-12,0,0,unlabeled
3198,2.02228402486071e-05,0,0,train
3199,4.256415359060739e-11,0,0,unlabeled
3200,9.521088778496889e-12,0,0,unlabeled
3201,1.4011359850130134e-09,0,0,unlabeled
3202,1.8916460703345597e-15,0,0,unlabeled
3203,4.853480788317012e-16,0,0,unlabeled
3204,5.52506449480461e-08,0,0,unlabeled
3205,3.919021140594281e-13,0,0,unlabeled
3206,9.944963011735905e-14,0,0,unlabeled
3207,1.2739790236082627e-06,0,0,unlabeled
3208,1.5837697906612158e-12,0,0,unlabeled
3209,3.8477313240962985e-13,0,0,unlabeled
3210,4.3530918453216216e-11,0,0,unlabeled
3211,6.313825940480917e-17,0,0,train
3212,1.6490403030977467e-17,0,0,train
3213,8.845231604936998e-07,0,0,train
3214,1.6642939196925832e-12,0,0,unlabeled
3215,3.953172424825402e-13,0,0,train
3216,3.4177719498984516e-06,0,0,unlabeled
3217,3.793704933530151e-12,0,0,unlabeled
3218,8.280332257533385e-13,0,0,unlabeled
3219,4.7572130262851786e-11,0,0,train
3220,4.5477999648916337e-17,0,0,unlabeled
3221,1.0812525291392016e-17,0,0,unlabeled
3222,4.103617357031908e-08,0,0,unlabeled
3223,2.2426631135930714e-13,0,0,unlabeled
3224,7.447480945745738e-14,0,0,val
3225,1.0812331652232388e-07,0,0,val
3226,4.094052841966539e-13,0,0,unlabeled
3227,1.199006036600378e-13,0,0,unlabeled
3228,4.992993865582385e-12,0,0,unlabeled
3229,1.9175083883467323e-17,0,0,unlabeled
3230,5.607645969676637e-18,0,0,unlabeled
3231,1.7408648744776656e-08,0,0,train
3232,8.22722762854923e-14,0,0,unlabeled
3233,2.1597519034148062e-14,0,0,train
3234,2.807033752105781e-07,0,0,unlabeled
3235,5.062244568844465e-13,0,0,val
3236,1.1133817121294215e-13,0,0,train
3237,3.803812733543799e-12,0,0,unlabeled
3238,6.450841212478997e-18,0,0,unlabeled
3239,1.6152945187509415e-18,0,0,unlabeled
3240,0.00736920116469264,0,0,unlabeled
3241,7.912897004302977e-09,0,0,unlabeled
3242,2.426942424804679e-09,0,0,unlabeled
3243,0.0028507320675998926,0,0,train
3244,6.613705583191631e-09,0,0,unlabeled
3245,1.912267899584208e-09,0,0,unlabeled
3246,6.333309698902667e-08,0,0,train
3247,6.338853053566851e-13,0,0,unlabeled
3248,1.923200639540601e-13,0,0,unlabeled
3249,1.445619545847876e-05,0,0,unlabeled
3250,2.878877414236314e-10,0,0,unlabeled
3251,8.194882966661154e-11,0,0,unlabeled
3252,3.5068136639893055e-05,0,0,unlabeled
3253,6.204365909923126e-10,0,0,unlabeled
3254,1.6094917065778702e-10,0,0,unlabeled
3255,6.148892062185496e-09,0,0,unlabeled
3256,1.7680625572554648e-13,0,0,train
3257,4.622280138396988e-14,0,0,unlabeled
3258,1.7925805195773137e-06,0,0,train
3259,2.3530469239751994e-11,0,0,unlabeled
3260,6.659544443676779e-12,0,0,unlabeled
3261,1.6799476725282148e-06,0,0,train
3262,2.678145726020542e-11,0,0,unlabeled
3263,6.9977504693619075e-12,0,0,train
3264,2.0275105205858068e-10,0,0,unlabeled
3265,5.6802740950549074e-15,0,0,unlabeled
3266,1.457196624819843e-15,0,0,train
3267,6.147323006189254e-07,0,0,val
3268,8.015007060824253e-12,0,0,train
3269,1.9949443572780945e-12,0,0,unlabeled
3270,2.140285232599126e-06,0,0,unlabeled
3271,4.435005140912551e-11,0,0,unlabeled
3272,9.44141032716006e-12,0,0,unlabeled
3273,1.779508207455649e-09,0,0,unlabeled
3274,4.6569312398296245e-15,0,0,unlabeled
3275,1.0416894829836927e-15,0,0,train
3276,2.0303106751384803e-08,0,0,unlabeled
3277,3.4297448236499106e-13,0,0,train
3278,1.0612599801772607e-13,0,0,train
3279,7.952012737177938e-08,0,0,unlabeled
3280,2.1342257388451413e-12,0,0,unlabeled
3281,5.363588262766172e-13,0,0,unlabeled
3282,7.381083938495792e-11,0,0,unlabeled
3283,3.151204232873761e-16,0,0,unlabeled
3284,8.147230740046321e-17,0,0,unlabeled
3285,1.3455441205678653e-08,0,0,unlabeled
3286,4.518670322899848e-13,0,0,train
3287,1.0589145120649956e-13,0,0,unlabeled
3288,3.018810502908309e-06,0,0,unlabeled
3289,1.3630761450111883e-11,0,0,unlabeled
3290,2.8128020745921134e-12,0,0,unlabeled
3291,1.2694009732250322e-10,0,0,unlabeled
3292,3.8786800678098927e-16,0,0,train
3293,8.30164749330874e-17,0,0,unlabeled
3294,0.0011208256473764777,0,0,unlabeled
3295,1.8324589623475163e-09,0,0,unlabeled
3296,6.108757943934506e-10,0,0,unlabeled
3297,0.00028654601192101836,0,0,unlabeled
3298,9.851268689686776e-10,0,0,train
3299,3.0276270379658854e-10,0,0,val
3300,1.5746854487019846e-08,0,0,unlabeled
3301,1.8549929387684516e-13,0,0,unlabeled
3302,5.72280870153423e-14,0,0,unlabeled
3303,7.884628757892642e-06,0,0,val
3304,9.491031571773334e-11,0,0,unlabeled
3305,2.7381180656149695e-11,0,0,unlabeled
3306,1.0386585017840844e-05,0,0,unlabeled
3307,2.358858663953356e-10,0,0,unlabeled
3308,5.6217162869298676e-11,0,0,unlabeled
3309,1.4350916899275035e-08,0,0,train
3310,4.141204726685298e-14,0,0,unlabeled
3311,1.0599810112488835e-14,0,0,unlabeled
3312,3.5820119137497386e-07,0,0,unlabeled
3313,3.490188606875e-12,0,0,train
3314,1.0514824688029334e-12,0,0,train
3315,2.79833358263204e-07,0,0,unlabeled
3316,4.8671643972098e-12,0,0,val
3317,1.2598839072702761e-12,0,0,unlabeled
3318,2.9492791542296004e-10,0,0,train
3319,8.516954401124616e-16,0,0,unlabeled
3320,2.375751922409553e-16,0,0,unlabeled
3321,2.0346685403183074e-07,0,0,unlabeled
3322,3.3218729416500947e-12,0,0,unlabeled
3323,7.827782476030332e-13,0,0,unlabeled
3324,7.027582796581555e-06,0,0,train
3325,2.5698996750089798e-11,0,0,unlabeled
3326,5.613688333627742e-12,0,0,unlabeled
3327,4.63187377341967e-10,0,0,unlabeled
3328,8.706065623906572e-16,0,0,train
3329,1.9877429375824053e-16,0,0,train
3330,2.8003499519257957e-09,0,0,train
3331,7.466583232772217e-14,0,0,unlabeled
3332,2.216102803109972e-14,0,0,unlabeled
3333,1.3864692505194398e-07,0,0,unlabeled
3334,7.494566490844068e-13,0,0,unlabeled
3335,2.0052704071890637e-13,0,0,unlabeled
3336,9.469923976934691e-12,0,0,unlabeled
3337,4.0542275799538974e-17,0,0,unlabeled
3338,1.1410288188234074e-17,0,0,unlabeled
3339,6.144604469682236e-08,0,0,unlabeled
3340,5.928384953085564e-13,0,0,unlabeled
3341,1.6008311484131538e-13,0,0,train
3342,7.318906227737898e-07,0,0,unlabeled
3343,3.1103244979568956e-12,0,0,unlabeled
3344,6.935017339039506e-13,0,0,unlabeled
3345,2.0114205440124877e-11,0,0,unlabeled
3346,6.254782450101372e-17,0,0,unlabeled
3347,1.4560172108501302e-17,0,0,unlabeled
3348,5.7522156566847116e-05,0,0,unlabeled
3349,1.3715945046399725e-10,0,0,unlabeled
3350,3.7674884045824086e-11,0,0,unlabeled
3351,6.603022484341636e-05,0,0,unlabeled
3352,2.378143793002607e-10,0,0,unlabeled
3353,5.772962316519248e-11,0,0,unlabeled
3354,2.746606497794346e-08,0,0,unlabeled
3355,2.0159882200025334e-14,0,0,unlabeled
3356,5.170843916620701e-15,0,0,unlabeled
3357,8.6782478092573e-08,0,0,unlabeled
3358,1.9112766924678226e-12,0,0,unlabeled
3359,4.613844029055514e-13,0,0,unlabeled
3360,2.6807185804500477e-06,0,0,unlabeled
3361,1.5531496228016195e-11,0,0,unlabeled
3362,3.3405017033777407e-12,0,0,unlabeled
3363,4.1358766411647707e-10,0,0,unlabeled
3364,1.1846833616776771e-15,0,0,train
3365,2.979803674925505e-16,0,0,unlabeled
3366,4.237902828663209e-08,0,0,unlabeled
3367,4.4948859087914905e-13,0,0,train
3368,1.0394339740055908e-13,0,0,unlabeled
3369,9.685603572506807e-07,0,0,unlabeled
3370,2.1949954874533883e-12,0,0,unlabeled
3371,4.934219265811945e-13,0,0,unlabeled
3372,5.850947504271176e-11,0,0,unlabeled
3373,9.600223778576957e-17,0,0,unlabeled
3374,2.373105903978894e-17,0,0,unlabeled
3375,6.467703173029804e-08,0,0,unlabeled
3376,3.8174747651192886e-13,0,0,unlabeled
3377,8.626270948637951e-14,0,0,unlabeled
3378,2.408480099802546e-07,0,0,unlabeled
3379,8.814064929307808e-13,0,0,train
3380,1.8713184485059237e-13,0,0,unlabeled
3381,9.771482234466333e-12,0,0,unlabeled
3382,2.606784261589002e-17,0,0,unlabeled
3383,6.0169059854464354e-18,0,0,unlabeled
3384,5.95524802804448e-08,0,0,unlabeled
3385,4.2008323902775757e-13,0,0,train
3386,1.2766175649155803e-13,0,0,unlabeled
3387,1.922241636975741e-07,0,0,unlabeled
3388,9.358342009310738e-13,0,0,unlabeled
3389,2.5023437640568635e-13,0,0,unlabeled
3390,1.0489349840103745e-11,0,0,unlabeled
3391,3.4665213795631366e-17,0,0,unlabeled
3392,9.190167684185637e-18,0,0,val
3393,3.2209395151028275e-09,0,0,unlabeled
3394,3.636958559294877e-14,0,0,unlabeled
3395,9.327289645939124e-15,0,0,unlabeled
3396,4.632541106275312e-08,0,0,unlabeled
3397,2.492954031142053e-13,0,0,unlabeled
3398,5.1681054591022277e-14,0,0,unlabeled
3399,1.5429326653132458e-12,0,0,unlabeled
3400,5.6871169334373626e-18,0,0,unlabeled
3401,1.2971931152069367e-18,0,0,unlabeled
3402,8.351634460268542e-05,0,0,val
3403,1.6301762717496615e-10,0,0,unlabeled
3404,4.0250150434850696e-11,0,0,train
3405,0.0014538399409502745,0,0,train
3406,3.961353189918526e-10,0,0,train
3407,9.35333754892298e-11,0,0,unlabeled
3408,1.709568842045428e-08,0,0,train
3409,1.220151468739588e-14,0,0,unlabeled
3410,3.2102457644896153e-15,0,0,unlabeled
3411,4.7197090680128895e-06,0,0,unlabeled
3412,1.893501501426531e-11,0,0,unlabeled
3413,4.737922727759969e-12,0,0,unlabeled
3414,7.419327175739454e-06,0,0,unlabeled
3415,3.34785150990502e-11,0,0,unlabeled
3416,7.313562082333913e-12,0,0,unlabeled
3417,5.74115421869692e-10,0,0,unlabeled
3418,1.3239562246343734e-15,0,0,unlabeled
3419,3.354119710415797e-16,0,0,train
3420,5.415635314420797e-06,0,0,val
3421,2.6783193718404874e-11,0,0,unlabeled
3422,7.0545982250314054e-12,0,0,unlabeled
3423,3.877619747072458e-06,0,0,unlabeled
3424,1.9405022727569943e-11,0,0,unlabeled
3425,4.769985188085579e-12,0,0,unlabeled
3426,2.4947843790812385e-10,0,0,unlabeled
3427,1.1727454910773118e-15,0,0,unlabeled
3428,3.2426260870576935e-16,0,0,unlabeled
3429,4.2778273723342863e-07,0,0,unlabeled
3430,2.749693701897815e-12,0,0,unlabeled
3431,6.738799514065252e-13,0,0,unlabeled
3432,9.678807373347809e-07,0,0,unlabeled
3433,5.448554368098213e-12,0,0,unlabeled
3434,1.2590671777737428e-12,0,0,unlabeled
3435,5.572385261554125e-11,0,0,unlabeled
3436,2.022367526883793e-16,0,0,unlabeled
3437,5.058017208987407e-17,0,0,unlabeled
3438,8.085175551286738e-08,0,0,unlabeled
3439,5.098329527650214e-13,0,0,unlabeled
3440,1.56981442818796e-13,0,0,unlabeled
3441,2.398870719844126e-07,0,0,unlabeled
3442,1.108058306567572e-12,0,0,train
3443,2.982531756290374e-13,0,0,unlabeled
3444,1.1453562057117672e-11,0,0,unlabeled
3445,4.03477229194665e-17,0,0,unlabeled
3446,1.0810215803121768e-17,0,0,unlabeled
3447,9.90566828562578e-09,0,0,unlabeled
3448,8.079032099350333e-14,0,0,unlabeled
3449,2.0640478529902057e-14,0,0,train
3450,1.3089712069813686e-07,0,0,unlabeled
3451,5.739240463084605e-13,0,0,unlabeled
3452,1.2204617199675083e-13,0,0,train
3453,3.004613051416083e-12,0,0,unlabeled
3454,1.0509203123852496e-17,0,0,unlabeled
3455,2.490296096876885e-18,0,0,unlabeled
3456,0.4446927607059479,0,0,unlabeled
3457,1.5898646665846172e-07,0,0,unlabeled
3458,4.514332019311951e-08,0,0,unlabeled
3459,0.6059991717338562,0,0,unlabeled
3460,3.238035048980237e-07,0,0,unlabeled
3461,8.393664785444344e-08,0,0,unlabeled
3462,1.300225108025188e-06,0,0,unlabeled
3463,2.3912375551882192e-11,0,0,train
3464,7.071707368994096e-12,0,0,unlabeled
3465,0.01042202115058899,0,0,unlabeled
3466,1.899143420303062e-08,0,0,unlabeled
3467,5.198201424860827e-09,0,0,unlabeled
3468,0.1348496675491333,0,0,unlabeled
3469,1.1000191335597265e-07,0,0,unlabeled
3470,2.6781551198951092e-08,0,0,train
3471,4.801143518307072e-07,0,0,unlabeled
3472,9.102638781621764e-12,0,0,unlabeled
3473,2.4209698915728106e-12,0,0,unlabeled
3474,0.0037160003557801247,0,0,unlabeled
3475,4.1592711497173696e-09,0,0,unlabeled
3476,1.149331407823695e-09,0,0,unlabeled
3477,0.016115352511405945,0,0,unlabeled
3478,1.2334437471395177e-08,0,0,unlabeled
3479,3.1685853940643938e-09,0,0,unlabeled
3480,4.3120607529090194e-08,0,0,unlabeled
3481,5.240999691527581e-13,0,0,unlabeled
3482,1.4682236004238958e-13,0,0,unlabeled
3483,0.002244460629299283,0,0,unlabeled
3484,3.80935816224337e-09,0,0,unlabeled
3485,9.946368173530118e-10,0,0,unlabeled
3486,0.06769052892923355,0,0,train
3487,2.5368937173197992e-08,0,0,unlabeled
3488,6.206653413443064e-09,0,0,unlabeled
3489,1.1008817324409392e-07,0,0,unlabeled
3490,7.610817900384481e-13,0,0,unlabeled
3491,1.9783956103133077e-13,0,0,unlabeled
3492,2.660582822500146e-06,0,0,unlabeled
3493,5.6347052024285915e-11,0,0,val
3494,1.8516507771515478e-11,0,0,unlabeled
3495,5.07482691318728e-05,0,0,unlabeled
3496,4.3235370839056486e-10,0,0,unlabeled
3497,1.208112082595747e-10,0,0,train
3498,1.2767469304009182e-09,0,0,unlabeled
3499,1.6911556587084244e-14,0,0,unlabeled
3500,5.1168633539251315e-15,0,0,unlabeled
3501,8.22964921098901e-06,0,0,unlabeled
3502,1.1182058751169066e-10,0,0,unlabeled
3503,3.030213580057506e-11,0,0,train
3504,0.0015353653579950333,0,0,unlabeled
3505,1.9641011039794876e-09,0,0,unlabeled
3506,4.720824842152638e-10,0,0,unlabeled
3507,6.610868297229899e-09,0,0,unlabeled
3508,7.84477192407318e-14,0,0,unlabeled
3509,1.8262851964761552e-14,0,0,unlabeled
3510,0.08017919957637787,0,0,unlabeled
3511,3.384936775319147e-08,0,0,unlabeled
3512,1.0703863573269246e-08,0,0,val
3513,0.052903592586517334,0,0,train
3514,3.416245064613577e-08,0,0,val
3515,9.53789758284529e-09,0,0,unlabeled
3516,2.1352224166548694e-07,0,0,unlabeled
3517,3.06925470282271e-12,0,0,unlabeled
3518,9.8707196929948e-13,0,0,unlabeled
3519,0.001614380395039916,0,0,unlabeled
3520,5.233978139784767e-09,0,0,unlabeled
3521,1.4523008351474687e-09,0,0,train
3522,0.009155003353953362,0,0,unlabeled
3523,1.7905401605844418e-08,0,0,val
3524,4.488255100909555e-09,0,0,unlabeled
3525,1.1928096910196473e-07,0,0,unlabeled
3526,1.4528916264522351e-12,0,0,val
3527,3.946866704990226e-13,0,0,unlabeled
3528,0.00011702965275617316,0,0,unlabeled
3529,4.2086906182348116e-10,0,0,unlabeled
3530,1.2897724555038792e-10,0,0,unlabeled
3531,0.00022321367578115314,0,0,unlabeled
3532,6.675256458699153e-10,0,0,train
3533,1.8805886015105244e-10,0,0,unlabeled
3534,3.5884166749156066e-09,0,0,unlabeled
3535,3.629080136445875e-14,0,0,unlabeled
3536,1.1345157601458204e-14,0,0,unlabeled
3537,0.00017012316675391048,0,0,unlabeled
3538,6.028670895830146e-10,0,0,unlabeled
3539,1.6057417895343207e-10,0,0,unlabeled
3540,0.0030616538133472204,0,0,unlabeled
3541,2.749897198839335e-09,0,0,unlabeled
3542,6.8444216960728e-10,0,0,train
3543,1.587944176151268e-08,0,0,unlabeled
3544,1.616349605158482e-13,0,0,unlabeled
3545,3.9148578720145724e-14,0,0,unlabeled
3546,1.610897442105852e-07,0,0,unlabeled
3547,3.1341572132720374e-12,0,0,train
3548,1.0583013415263465e-12,0,0,unlabeled
3549,1.0672661119315308e-06,0,0,train
3550,1.556708408012586e-11,0,0,unlabeled
3551,4.461763424001841e-12,0,0,train
3552,6.088120285685505e-11,0,0,unlabeled
3553,1.892512161523127e-15,0,0,train
3554,5.5584123119663785e-16,0,0,unlabeled
3555,6.125091545072792e-07,0,0,unlabeled
3556,6.894701823356719e-12,0,0,unlabeled
3557,2.0596334967398766e-12,0,0,unlabeled
3558,1.805810461519286e-05,0,0,unlabeled
3559,1.501800211967108e-10,0,0,unlabeled
3560,3.5689253635728946e-11,0,0,unlabeled
3561,3.38356676010676e-09,0,0,unlabeled
3562,5.637489190339672e-15,0,0,unlabeled
3563,1.323052440479653e-15,0,0,unlabeled
3564,0.000418055773479864,0,0,train
3565,1.0339155087635277e-09,0,0,unlabeled
3566,3.064092868321211e-10,0,0,unlabeled
3567,0.0005976844695396721,0,0,train
3568,1.6694563509389582e-09,0,0,unlabeled
3569,4.403953035581054e-10,0,0,unlabeled
3570,1.7767177951100166e-08,0,0,val
3571,1.2646647780650139e-13,0,0,unlabeled
3572,3.6959588086424647e-14,0,0,unlabeled
3573,6.34416039702046e-07,0,0,val
3574,1.383147762989978e-11,0,0,unlabeled
3575,3.783241948884797e-12,0,0,unlabeled
3576,3.061414417970809e-06,0,0,train
3577,5.4152682338326485e-11,0,0,train
3578,1.2592791392984637e-11,0,0,unlabeled
3579,4.5647449709029786e-10,0,0,unlabeled
3580,1.5179240378743533e-14,0,0,unlabeled
3581,3.764643016269421e-15,0,0,unlabeled
3582,7.81878043198958e-07,0,0,unlabeled
3583,6.3663250018941575e-12,0,0,unlabeled
3584,1.784811664781727e-12,0,0,val
3585,1.8500157921153004e-06,0,0,train
3586,1.458175420687713e-11,0,0,unlabeled
3587,3.689363051173622e-12,0,0,unlabeled
3588,1.2968198737084435e-10,0,0,unlabeled
3589,2.077075346773919e-15,0,0,unlabeled
3590,5.432055113268534e-16,0,0,unlabeled
3591,8.254932737372656e-08,0,0,val
3592,8.282211721999388e-13,0,0,unlabeled
3593,2.08548564702149e-13,0,0,unlabeled
3594,6.811530397499155e-07,0,0,unlabeled
3595,1.002108118708378e-11,0,0,unlabeled
3596,2.048303584037403e-12,0,0,unlabeled
3597,3.902370926400778e-10,0,0,unlabeled
3598,7.681757151121419e-16,0,0,unlabeled
3599,1.721744945991401e-16,0,0,unlabeled
3600,8.175049970304826e-09,0,0,unlabeled
3601,1.0633531002338797e-13,0,0,unlabeled
3602,3.4339125645635807e-14,0,0,train
3603,7.900820975237366e-08,0,0,val
3604,1.317182691043528e-12,0,0,unlabeled
3605,3.379812163646634e-13,0,0,unlabeled
3606,4.578729756454791e-11,0,0,unlabeled
3607,1.329147424870299e-16,0,0,unlabeled
3608,3.5622499992371635e-17,0,0,unlabeled
3609,1.9377819349131187e-09,0,0,train
3610,5.854298708134198e-14,0,0,unlabeled
3611,1.4737192518296353e-14,0,0,train
3612,1.2134975122535252e-06,0,0,unlabeled
3613,3.792706600169726e-12,0,0,unlabeled
3614,7.83023114663689e-13,0,0,unlabeled
3615,3.264023426541307e-11,0,0,unlabeled
3616,7.534410343641715e-17,0,0,train
3617,1.7758358413457952e-17,0,0,unlabeled
3618,0.0003274237969890237,0,0,unlabeled
3619,7.149958403118717e-10,0,0,unlabeled
3620,2.0201183781320964e-10,0,0,train
3621,0.0005362321971915662,0,0,unlabeled
3622,1.0077443324263413e-09,0,0,unlabeled
3623,2.516030439547734e-10,0,0,train
3624,1.3785329322502093e-08,0,0,unlabeled
3625,1.4000324337348768e-13,0,0,unlabeled
3626,3.532410637867994e-14,0,0,unlabeled
3627,1.729312316456344e-06,0,0,unlabeled
3628,1.730926166287894e-11,0,0,unlabeled
3629,4.321430366327483e-12,0,0,unlabeled
3630,7.745146831439342e-06,0,0,unlabeled
3631,1.376862929225453e-10,0,0,unlabeled
3632,2.8342266034098174e-11,0,0,unlabeled
3633,6.329213153577484e-09,0,0,unlabeled
3634,1.6062040139228594e-14,0,0,unlabeled
3635,3.697804493434532e-15,0,0,train
3636,7.075619805618771e-07,0,0,unlabeled
3637,3.5813550475910505e-12,0,0,unlabeled
3638,9.486984765480488e-13,0,0,unlabeled
3639,1.7519960238132626e-06,0,0,train
3640,1.568989729805459e-11,0,0,unlabeled
3641,3.4433738412692483e-12,0,0,unlabeled
3642,7.772850141307686e-10,0,0,unlabeled
3643,1.2300350938604485e-15,0,0,unlabeled
3644,3.0005750403745484e-16,0,0,unlabeled
3645,2.1231748803529626e-07,0,0,train
3646,2.3280286119004012e-12,0,0,train
3647,5.108150773029674e-13,0,0,unlabeled
3648,2.6924688427243382e-05,0,0,unlabeled
3649,4.7393807628415274e-11,0,0,unlabeled
3650,9.389492655609288e-12,0,0,unlabeled
3651,6.53834653085994e-10,0,0,unlabeled
3652,8.037401933476266e-16,0,0,unlabeled
3653,1.8226781860796116e-16,0,0,unlabeled
3654,1.0300992947520626e-08,0,0,unlabeled
3655,1.6570173510220554e-13,0,0,unlabeled
3656,4.69319915775198e-14,0,0,unlabeled
3657,1.7435835388823762e-06,0,0,unlabeled
3658,4.1837952373391385e-12,0,0,unlabeled
3659,1.0382614906712107e-12,0,0,train
3660,4.407765819003373e-11,0,0,unlabeled
3661,1.0759659682135384e-16,0,0,unlabeled
3662,2.838524535023898e-17,0,0,val
3663,1.5538901720901777e-07,0,0,unlabeled
3664,7.977012063051236e-13,0,0,unlabeled
3665,2.0184785646300968e-13,0,0,unlabeled
3666,7.4203467193001416e-06,0,0,train
3667,1.2363153036043517e-11,0,0,unlabeled
3668,2.5157974661849103e-12,0,0,train
3669,6.937021790331954e-11,0,0,unlabeled
3670,9.19189169401832e-17,0,0,unlabeled
3671,2.1686978286523427e-17,0,0,train
3672,0.29587456583976746,0,0,val
3673,7.669636659102252e-08,0,0,unlabeled
3674,2.2682216993530346e-08,0,0,unlabeled
3675,0.3835545480251312,0,0,unlabeled
3676,1.3016861544201674e-07,0,0,unlabeled
3677,3.4325740472240795e-08,0,0,unlabeled
3678,6.603466431442939e-07,0,0,unlabeled
3679,8.19860065254252e-12,0,0,unlabeled
3680,2.4813282938768166e-12,0,0,unlabeled
3681,0.006498655304312706,0,0,unlabeled
3682,1.086900258684409e-08,0,0,unlabeled
3683,3.015330429789742e-09,0,0,train
3684,0.06881440430879593,0,0,unlabeled
3685,5.7065729919258956e-08,0,0,train
3686,1.3814230648279135e-08,0,0,train
3687,3.4160797213189653e-07,0,0,unlabeled
3688,3.90599358413013e-12,0,0,unlabeled
3689,1.0346457848461887e-12,0,0,unlabeled
3690,0.0004410195106174797,0,0,train
3691,9.22768861322254e-10,0,0,unlabeled
3692,2.5534352410261363e-10,0,0,unlabeled
3693,0.001691583194769919,0,0,train
3694,2.2550508127494595e-09,0,0,unlabeled
3695,5.684331338962068e-10,0,0,unlabeled
3696,1.0096359304156977e-08,0,0,unlabeled
3697,9.904207174445817e-14,0,0,unlabeled
3698,2.6289730890296722e-14,0,0,unlabeled
3699,0.00044332133256830275,0,0,unlabeled
3700,1.1038854275113863e-09,0,0,unlabeled
3701,2.834930901141064e-10,0,0,unlabeled
3702,0.01954548805952072,0,0,unlabeled
3703,7.561074433226622e-09,0,0,unlabeled
3704,1.7242058891753231e-09,0,0,unlabeled
3705,3.829013550671334e-08,0,0,unlabeled
3706,3.6966095332338633e-13,0,0,val
3707,8.21943221492906e-14,0,0,unlabeled
3708,2.6101452021976e-07,0,0,unlabeled
3709,5.222044151265148e-12,0,0,unlabeled
3710,1.724104799899484e-12,0,0,unlabeled
3711,2.618787448227522e-06,0,0,unlabeled
3712,3.6195869218547116e-11,0,0,unlabeled
3713,9.794377114902275e-12,0,0,unlabeled
3714,1.3280113120295312e-10,0,0,unlabeled
3715,4.027333767717871e-15,0,0,unlabeled
3716,1.0698191295246528e-15,0,0,unlabeled
3717,8.27682924864348e-07,0,0,train
3718,1.0531247748857275e-11,0,0,unlabeled
3719,2.9308322262167064e-12,0,0,unlabeled
3720,4.267269105184823e-05,0,0,train
3721,3.076648935618209e-10,0,0,unlabeled
3722,6.493588999845201e-11,0,0,unlabeled
3723,5.830977922727243e-09,0,0,unlabeled
3724,1.1450899500527537e-14,0,0,train
3725,2.4694030084919816e-15,0,0,train
3726,0.05858318507671356,0,0,unlabeled
3727,1.916043679273116e-08,0,0,train
3728,6.295814092283081e-09,0,0,unlabeled
3729,0.03094850666821003,0,0,unlabeled
3730,1.7245191941128724e-08,0,0,val
3731,5.0657900096950925e-09,0,0,unlabeled
3732,1.4892343358496873e-07,0,0,unlabeled
3733,1.2013804664631755e-12,0,0,unlabeled
3734,3.997056049857839e-13,0,0,unlabeled
3735,0.001071064849384129,0,0,unlabeled
3736,3.045316221417238e-09,0,0,unlabeled
3737,8.636644177606456e-10,0,0,unlabeled
3738,0.009360412135720253,0,0,val
3739,1.002455540799474e-08,0,0,unlabeled
3740,2.38517716688591e-09,0,0,unlabeled
3741,8.896714120965044e-08,0,0,unlabeled
3742,1.2298352440598403e-12,0,0,unlabeled
3743,3.090194116220357e-13,0,0,unlabeled
3744,1.599883944436442e-05,0,0,train
3745,1.0988138871015352e-10,0,0,val
3746,3.3503300828074956e-11,0,0,unlabeled
3747,3.699855733430013e-05,0,0,unlabeled
3748,1.545160666083234e-10,0,0,train
3749,4.155151570039983e-11,0,0,unlabeled
3750,1.1686516199205244e-09,0,0,unlabeled
3751,1.8469990483880802e-14,0,0,unlabeled
3752,5.0113141548512995e-15,0,0,unlabeled
3753,5.230880560702644e-05,0,0,unlabeled
3754,1.615526046272464e-10,0,0,unlabeled
3755,4.130073019692482e-11,0,0,unlabeled
3756,0.0012555902358144522,0,0,unlabeled
3757,1.2701644180879157e-09,0,0,train
3758,2.621952654990878e-10,0,0,unlabeled
3759,4.425902133675663e-08,0,0,unlabeled
3760,4.344574965628803e-14,0,0,train
3761,9.235518708301804e-15,0,0,unlabeled
3762,2.3919437097674745e-08,0,0,unlabeled
3763,3.8629746645403584e-13,0,0,unlabeled
3764,1.310956145071998e-13,0,0,unlabeled
3765,1.478151006040207e-07,0,0,unlabeled
3766,3.4032574935255466e-12,0,0,unlabeled
3767,8.736103203690893e-13,0,0,unlabeled
3768,8.497375025839915e-11,0,0,unlabeled
3769,3.8404741173283955e-16,0,0,train
3770,1.0353030266149627e-16,0,0,unlabeled
3771,8.427047504255825e-08,0,0,unlabeled
3772,1.7420339259652251e-12,0,0,train
3773,4.593446391483458e-13,0,0,unlabeled
3774,2.860952190530952e-05,0,0,val
3775,6.846793965120668e-11,0,0,unlabeled
3776,1.513021131993586e-11,0,0,train
3777,6.088448634145038e-10,0,0,unlabeled
3778,1.0986161321489309e-15,0,0,unlabeled
3779,2.504751334507239e-16,0,0,unlabeled
3780,0.0001994870399357751,0,0,unlabeled
3781,4.661253605320326e-10,0,0,unlabeled
3782,1.3936589382534947e-10,0,0,unlabeled
3783,0.0003968323871959001,0,0,val
3784,6.849762979044272e-10,0,0,unlabeled
3785,1.8476158103464257e-10,0,0,unlabeled
3786,1.0236554714992963e-08,0,0,unlabeled
3787,9.100355966842541e-14,0,0,unlabeled
3788,2.3942048633907552e-14,0,0,unlabeled
3789,4.979095251655963e-07,0,0,unlabeled
3790,6.575219969190416e-12,0,0,train
3791,1.7312653047274473e-12,0,0,unlabeled
3792,2.387601170994458e-06,0,0,unlabeled
3793,4.6078071913591145e-11,0,0,train
3794,9.444003738756646e-12,0,0,unlabeled
3795,2.5215856069848996e-09,0,0,unlabeled
3796,7.068325620445369e-15,0,0,unlabeled
3797,1.708744551968044e-15,0,0,train
3798,2.415378332898399e-07,0,0,unlabeled
3799,1.5748264237808174e-12,0,0,train
3800,4.251956588468414e-13,0,0,unlabeled
3801,7.067095566526405e-07,0,0,unlabeled
3802,6.20292792824495e-12,0,0,unlabeled
3803,1.3590412432581966e-12,0,0,unlabeled
3804,3.7706385236369044e-10,0,0,unlabeled
3805,6.082336600556645e-16,0,0,unlabeled
3806,1.5129911615115166e-16,0,0,train
3807,3.6342512998999155e-08,0,0,unlabeled
3808,5.038576977520193e-13,0,0,unlabeled
3809,1.1001962551713748e-13,0,0,unlabeled
3810,5.747531758970581e-06,0,0,unlabeled
3811,1.1996865306729276e-11,0,0,train
3812,2.2910746650534053e-12,0,0,unlabeled
3813,1.7551193831621958e-10,0,0,train
3814,2.678762077422018e-16,0,0,unlabeled
3815,6.001848485883888e-17,0,0,train
3816,1.5096528471758575e-09,0,0,unlabeled
3817,3.4094326347615736e-14,0,0,unlabeled
3818,9.908530430608603e-15,0,0,unlabeled
3819,2.538172054755705e-07,0,0,train
3820,8.730706587377346e-13,0,0,unlabeled
3821,2.1447978755442104e-13,0,0,unlabeled
3822,9.389169997042757e-12,0,0,unlabeled
3823,3.127514971270324e-17,0,0,unlabeled
3824,8.116794960279677e-18,0,0,unlabeled
3825,1.1715467707062999e-08,0,0,unlabeled
3826,1.1126470973949268e-13,0,0,unlabeled
3827,3.003521232723336e-14,0,0,unlabeled
3828,5.564072012020915e-07,0,0,unlabeled
3829,1.5946121376467226e-12,0,0,unlabeled
3830,3.230783696128725e-13,0,0,unlabeled
3831,8.575473664507172e-12,0,0,unlabeled
3832,2.235372556491057e-17,0,0,unlabeled
3833,5.2393578640078145e-18,0,0,train
3834,0.0003774468204937875,0,0,unlabeled
3835,3.498042688843128e-10,0,0,unlabeled
3836,9.801540135079279e-11,0,0,unlabeled
3837,0.0006056498386897147,0,0,unlabeled
3838,8.155950914634502e-10,0,0,unlabeled
3839,1.8754876818238841e-10,0,0,unlabeled
3840,7.165323268054635e-08,0,0,unlabeled
3841,5.54887319632099e-14,0,0,unlabeled
3842,1.3805127627533088e-14,0,0,unlabeled
3843,1.4417620377571438e-06,0,0,unlabeled
3844,1.7543386882090672e-11,0,0,train
3845,4.107931876606852e-12,0,0,unlabeled
3846,0.0001270544162252918,0,0,unlabeled
3847,2.350101502290869e-10,0,0,train
3848,4.4895955009227606e-11,0,0,unlabeled
3849,5.1115827126579916e-09,0,0,unlabeled
3850,8.761275125529489e-15,0,0,val
3851,2.135101974100285e-15,0,0,unlabeled
3852,2.770692617559689e-07,0,0,unlabeled
3853,1.9383704710773664e-12,0,0,unlabeled
3854,4.52783264440898e-13,0,0,val
3855,1.1238677871006075e-05,0,0,unlabeled
3856,1.3854027300364002e-11,0,0,train
3857,2.880708909261398e-12,0,0,unlabeled
3858,2.5537516545881545e-10,0,0,unlabeled
3859,3.892613230396634e-16,0,0,unlabeled
3860,9.523261570896043e-17,0,0,unlabeled
3861,2.36071650761005e-06,0,0,unlabeled
3862,6.189041466819756e-12,0,0,unlabeled
3863,1.3970430715048998e-12,0,0,unlabeled
3864,3.1832893000682816e-05,0,0,unlabeled
3865,3.37392232208078e-11,0,0,unlabeled
3866,6.549435039443496e-12,0,0,train
3867,2.683905320211011e-10,0,0,unlabeled
3868,3.0828481446347467e-16,0,0,unlabeled
3869,6.949131091168185e-17,0,0,unlabeled
3870,1.3829129841269605e-07,0,0,unlabeled
3871,8.7421042627156e-13,0,0,unlabeled
3872,2.6998946156021886e-13,0,0,unlabeled
3873,9.847647106653312e-07,0,0,unlabeled
3874,3.974783176208252e-12,0,0,unlabeled
3875,9.939564362543285e-13,0,0,unlabeled
3876,2.616490878126765e-11,0,0,unlabeled
3877,1.147104427335385e-16,0,0,train
3878,3.0577125080994243e-17,0,0,train
3879,5.7441290834958636e-08,0,0,unlabeled
3880,3.138085494583387e-13,0,0,unlabeled
3881,8.188981041662088e-14,0,0,unlabeled
3882,2.147748546121875e-06,0,0,train
3883,4.41242398521724e-12,0,0,unlabeled
3884,9.11088478966482e-13,0,0,unlabeled
3885,2.257307708808387e-11,0,0,unlabeled
3886,4.421266477461642e-17,0,0,unlabeled
3887,1.052412794364479e-17,0,0,val
3888,0.05562575161457062,0,0,unlabeled
3889,1.3077204208400417e-08,0,0,unlabeled
3890,4.295304556478641e-09,0,0,train
3891,0.023754073306918144,0,0,val
3892,8.93146268055034e-09,0,0,unlabeled
3893,2.740603077810988e-09,0,0,unlabeled
3894,8.683380769980431e-08,0,0,unlabeled
3895,6.143486869399084e-13,0,0,unlabeled
3896,2.005052482552394e-13,0,0,val
3897,0.0015471301740035415,0,0,unlabeled
3898,2.324619829963126e-09,0,0,unlabeled
3899,6.660516582712717e-10,0,0,unlabeled
3900,0.005422754678875208,0,0,train
3901,4.865556846311847e-09,0,0,unlabeled
3902,1.2420054984474405e-09,0,0,unlabeled
3903,5.260502078385798e-08,0,0,unlabeled
3904,6.013892725822978e-13,0,0,unlabeled
3905,1.6070875370494814e-13,0,0,train
3906,2.4514776669093408e-05,0,0,train
3907,8.288066760675505e-11,0,0,unlabeled
3908,2.4723533983972423e-11,0,0,unlabeled
3909,2.50123212026665e-05,0,0,unlabeled
3910,8.204345536277913e-11,0,0,unlabeled
3911,2.219727353314216e-11,0,0,unlabeled
3912,7.13761383330791e-10,0,0,unlabeled
3913,9.521382163604764e-15,0,0,unlabeled
3914,2.6107080093682594e-15,0,0,unlabeled
3915,6.178538751555607e-05,0,0,val
3916,1.1475938255234297e-10,0,0,unlabeled
3917,2.981317970274233e-11,0,0,unlabeled
3918,0.0004110148292966187,0,0,unlabeled
3919,5.238569578125407e-10,0,0,unlabeled
3920,1.1747386396976367e-10,0,0,unlabeled
3921,2.5223419797271163e-08,0,0,unlabeled
3922,2.1215324215819766e-14,0,0,unlabeled
3923,4.866887414047916e-15,0,0,unlabeled
3924,3.643023305244242e-08,0,0,unlabeled
3925,3.796801469144878e-13,0,0,unlabeled
3926,1.2753399681805777e-13,0,0,unlabeled
3927,1.340507225222609e-07,0,0,unlabeled
3928,2.19611807038278e-12,0,0,unlabeled
3929,5.898192090986187e-13,0,0,unlabeled
3930,8.216498315061216e-11,0,0,unlabeled
3931,2.417522822807807e-16,0,0,unlabeled
3932,6.784220393782673e-17,0,0,unlabeled
3933,1.2211383193516667e-07,0,0,unlabeled
3934,1.6981779480881865e-12,0,0,unlabeled
3935,4.449531563512077e-13,0,0,unlabeled
3936,2.9261376766953617e-05,0,0,unlabeled
3937,4.46054894409631e-11,0,0,unlabeled
3938,1.0040173553660381e-11,0,0,unlabeled
3939,4.768198058613393e-10,0,0,unlabeled
3940,7.22992754244111e-16,0,0,unlabeled
3941,1.7475779950447792e-16,0,0,unlabeled
3942,0.0036585009656846523,0,0,unlabeled
3943,1.9336801049263386e-09,0,0,unlabeled
3944,6.556566956028576e-10,0,0,unlabeled
3945,0.0009636079194024205,0,0,unlabeled
3946,7.616841046775846e-10,0,0,unlabeled
3947,2.4103841145262095e-10,0,0,unlabeled
3948,1.3233147022617686e-08,0,0,unlabeled
3949,1.276186730077289e-13,0,0,train
3950,4.005999294765493e-14,0,0,train
3951,0.00017042011313606054,0,0,train
3952,3.463467013187227e-10,0,0,unlabeled
3953,1.053533232875381e-10,0,0,unlabeled
3954,0.00030211699777282774,0,0,unlabeled
3955,8.083410607540031e-10,0,0,unlabeled
3956,1.9955972985208348e-10,0,0,unlabeled
3957,5.594224106175716e-08,0,0,unlabeled
3958,7.116310714533683e-14,0,0,unlabeled
3959,1.9437591794913174e-14,0,0,unlabeled
3960,1.3340810482986853e-06,0,0,unlabeled
3961,6.619715626349221e-12,0,0,unlabeled
3962,1.9962805280354656e-12,0,0,unlabeled
3963,1.2469121202229871e-06,0,0,unlabeled
3964,8.632798469132563e-12,0,0,unlabeled
3965,2.2259969475330044e-12,0,0,unlabeled
3966,6.125500662257366e-10,0,0,unlabeled
3967,9.197191737987968e-16,0,0,unlabeled
3968,2.549957218204405e-16,0,0,unlabeled
3969,4.235703727317741e-06,0,0,unlabeled
3970,1.9511798426963267e-11,0,0,train
3971,4.867313583428734e-12,0,0,train
3972,0.00041685099131427705,0,0,unlabeled
3973,1.254621545543344e-10,0,0,unlabeled
3974,2.8991373537956555e-11,0,0,train
3975,2.7362208054881876e-09,0,0,unlabeled
3976,2.162108137315831e-15,0,0,unlabeled
3977,5.298919004014695e-16,0,0,unlabeled
3978,2.8720066325149674e-09,0,0,unlabeled
3979,5.422639537378503e-14,0,0,unlabeled
3980,1.681746986136913e-14,0,0,unlabeled
3981,1.797233437628165e-07,0,0,unlabeled
3982,4.748939956555898e-13,0,0,train
3983,1.2810740424203104e-13,0,0,train
3984,6.471144800568318e-12,0,0,unlabeled
3985,2.510374872270844e-17,0,0,unlabeled
3986,7.437004697993798e-18,0,0,unlabeled
3987,2.660676727828104e-07,0,0,unlabeled
3988,1.2007070684938448e-12,0,0,train
3989,3.5218903531378243e-13,0,0,unlabeled
3990,3.163963128827163e-06,0,0,unlabeled
3991,5.569247753939299e-12,0,0,unlabeled
3992,1.3918114707620055e-12,0,0,train
3993,3.927727934560643e-11,0,0,unlabeled
3994,7.255313649265913e-17,0,0,unlabeled
3995,1.9136648109124434e-17,0,0,unlabeled
3996,0.00013423377822618932,0,0,train
3997,1.4473529319491973e-10,0,0,unlabeled
3998,4.248061624689825e-11,0,0,train
3999,0.00015475672262255102,0,0,unlabeled
4000,1.975845875801241e-10,0,0,unlabeled
4001,4.990044488728529e-11,0,0,unlabeled
4002,2.641612262266335e-08,0,0,train
4003,1.595571886962334e-14,0,0,unlabeled
4004,4.232330564029989e-15,0,0,unlabeled
4005,4.859887781094585e-07,0,0,unlabeled
4006,4.849937292050743e-12,0,0,unlabeled
4007,1.2123582303000258e-12,0,0,unlabeled
4008,1.6498473996762186e-05,0,0,unlabeled
4009,3.66502037052463e-11,0,0,unlabeled
4010,8.097058613876218e-12,0,0,unlabeled
4011,1.1417823353454537e-09,0,0,unlabeled
4012,1.9012459182422663e-15,0,0,unlabeled
4013,4.888021733114858e-16,0,0,unlabeled
4014,1.1551321676961379e-07,0,0,unlabeled
4015,6.56272453915252e-13,0,0,train
4016,1.6608460754689164e-13,0,0,unlabeled
4017,2.7845062504638918e-06,0,0,unlabeled
4018,2.8235473854831827e-12,0,0,unlabeled
4019,6.677130636595363e-13,0,0,train
4020,8.37692415434077e-11,0,0,train
4021,9.959641033920638e-17,0,0,unlabeled
4022,2.6270791379179904e-17,0,0,unlabeled
4023,6.145571092019964e-07,0,0,unlabeled
4024,1.3946255175006916e-12,0,0,unlabeled
4025,3.2873684785612867e-13,0,0,val
4026,3.1295662665797863e-06,0,0,unlabeled
4027,3.354273456213086e-12,0,0,unlabeled
4028,7.089976934541997e-13,0,0,unlabeled
4029,4.3220007434063845e-11,0,0,unlabeled
4030,4.7246726865513973e-17,0,0,unlabeled
4031,1.1420999349986023e-17,0,0,val
4032,5.427043348049665e-08,0,0,unlabeled
4033,2.87269665520673e-13,0,0,unlabeled
4034,9.708457860335348e-14,0,0,unlabeled
4035,1.742016451089512e-07,0,0,train
4036,5.608633674679397e-13,0,0,val
4037,1.6485468860242408e-13,0,0,unlabeled
4038,7.0251248394936905e-12,0,0,unlabeled
4039,2.314668902424473e-17,0,0,unlabeled
4040,6.878078758091717e-18,0,0,train
4041,1.0845748299459501e-08,0,0,unlabeled
4042,6.439421614207533e-14,0,0,train
4043,1.7414141892271688e-14,0,0,unlabeled
4044,1.7736289237291203e-07,0,0,train
4045,4.105415280734187e-13,0,0,unlabeled
4046,9.026609212696435e-14,0,0,unlabeled
4047,2.6190161150907443e-12,0,0,unlabeled
4048,6.949763884336788e-18,0,0,unlabeled
4049,1.7817247055626827e-18,0,0,train
4050,0.0002553445810917765,0,0,unlabeled
4051,1.821220674269597e-10,0,0,train
4052,4.709068551767004e-11,0,0,unlabeled
4053,0.005068717524409294,0,0,train
4054,3.745615206884878e-10,0,0,unlabeled
4055,9.369424680549798e-11,0,0,unlabeled
4056,1.757506140620535e-08,0,0,unlabeled
4057,1.0811717427101127e-14,0,0,val
4058,2.9461455502169344e-15,0,0,val
4059,3.192032454535365e-05,0,0,unlabeled
4060,5.0085435798763456e-11,0,0,unlabeled
4061,1.2764436209400376e-11,0,0,unlabeled
4062,7.739936700090766e-05,0,0,unlabeled
4063,8.75357702989632e-11,0,0,unlabeled
4064,1.953816448907464e-11,0,0,unlabeled
4065,1.8049854944024446e-09,0,0,unlabeled
4066,2.169436666375475e-15,0,0,unlabeled
4067,5.7329519210776e-16,0,0,unlabeled
4068,1.4472999282588717e-05,0,0,unlabeled
4069,4.2570894726035036e-11,0,0,unlabeled
4070,1.175939554065586e-11,0,0,val
4071,1.2943834917678032e-05,0,0,train
4072,2.720450253956841e-11,0,0,unlabeled
4073,7.0898187494450315e-12,0,0,unlabeled
4074,3.883555699246699e-10,0,0,unlabeled
4075,1.2399518379695466e-15,0,0,train
4076,3.5737802352316626e-16,0,0,unlabeled
4077,5.7707966334419325e-06,0,0,unlabeled
4078,1.2107482551260151e-11,0,0,unlabeled
4079,2.9899663474275417e-12,0,0,unlabeled
4080,1.7162119547720067e-05,0,0,unlabeled
4081,2.7147794429138727e-11,0,0,unlabeled
4082,6.317998207938658e-12,0,0,val
4083,2.6972635236433007e-10,0,0,unlabeled
4084,4.274840818312077e-16,0,0,unlabeled
4085,1.0921222614145772e-16,0,0,unlabeled
4086,7.944886704081e-08,0,0,unlabeled
4087,3.6868850528982977e-13,0,0,train
4088,1.2427991307514125e-13,0,0,unlabeled
4089,2.3375314128770697e-07,0,0,unlabeled
4090,7.410757120809852e-13,0,0,unlabeled
4091,2.1637276388999926e-13,0,0,unlabeled
4092,7.539734461770031e-12,0,0,unlabeled
4093,3.2328918256091695e-17,0,0,unlabeled
4094,9.70182935106705e-18,0,0,train
4095,3.287721739297922e-08,0,0,unlabeled
4096,1.3984497696135911e-13,0,0,train
4097,3.7918422606452937e-14,0,0,unlabeled
4098,4.5637011680810247e-07,0,0,unlabeled
4099,9.777275560354792e-13,0,0,unlabeled
4100,2.1690829200057132e-13,0,0,unlabeled
4101,5.982559499878581e-12,0,0,unlabeled
4102,1.3283357621660375e-17,0,0,unlabeled
4103,3.4409077732544628e-18,0,0,unlabeled
4104,0.01966768689453602,0,0,unlabeled
4105,8.7301748052937e-09,0,0,unlabeled
4106,2.5754862686966362e-09,0,0,unlabeled
4107,0.01130453497171402,0,0,unlabeled
4108,7.0129124729589876e-09,0,0,train
4109,1.8659440659263282e-09,0,0,unlabeled
4110,8.62229967424355e-08,0,0,train
4111,9.246278872762637e-13,0,0,unlabeled
4112,2.481757746357338e-13,0,0,train
4113,3.065453711315058e-05,0,0,unlabeled
4114,2.451211178478019e-10,0,0,unlabeled
4115,6.554499304423089e-11,0,0,unlabeled
4116,8.20354835013859e-05,0,0,unlabeled
4117,9.152107960375133e-10,0,0,train
4118,2.0325904848128573e-10,0,0,unlabeled
4119,4.453975677165545e-08,0,0,unlabeled
4120,1.2731573336820928e-13,0,0,unlabeled
4121,3.134088312223976e-14,0,0,unlabeled
4122,2.7029730063077295e-06,0,0,unlabeled
4123,1.937329290047085e-11,0,0,unlabeled
4124,5.0291316250339335e-12,0,0,unlabeled
4125,3.2170969461731147e-06,0,0,unlabeled
4126,4.4285304590108154e-11,0,0,unlabeled
4127,9.561179105388451e-12,0,0,unlabeled
4128,1.8638524057479344e-09,0,0,unlabeled
4129,4.524858474561945e-15,0,0,train
4130,1.0795515380886047e-15,0,0,unlabeled
4131,8.454873636765114e-07,0,0,unlabeled
4132,1.2156213535785554e-11,0,0,unlabeled
4133,2.642529424445872e-12,0,0,unlabeled
4134,5.7205867051379755e-05,0,0,unlabeled
4135,1.2255187142873325e-10,0,0,unlabeled
4136,2.5129452338457092e-11,0,0,train
4137,1.8441348448305916e-09,0,0,unlabeled
4138,3.571792248904457e-15,0,0,unlabeled
4139,8.023341186551845e-16,0,0,train
4140,2.9117655842014756e-08,0,0,unlabeled
4141,5.434674520306271e-13,0,0,unlabeled
4142,1.5198600841412335e-13,0,0,train
4143,1.8883202983488445e-06,0,0,unlabeled
4144,7.102636187528155e-12,0,0,unlabeled
4145,1.7112421505857678e-12,0,0,unlabeled
4146,7.532954121591828e-11,0,0,train
4147,2.6721081042257436e-16,0,0,unlabeled
4148,7.018906091942748e-17,0,0,unlabeled
4149,4.107227482563758e-07,0,0,unlabeled
4150,3.1439701102947692e-12,0,0,unlabeled
4151,7.779750693485965e-13,0,0,unlabeled
4152,8.120688107737806e-06,0,0,val
4153,2.5465712871763913e-11,0,0,unlabeled
4154,5.260823460889741e-12,0,0,unlabeled
4155,1.488766471213765e-10,0,0,unlabeled
4156,3.64852321659077e-16,0,0,unlabeled
4157,8.020920260509473e-17,0,0,unlabeled
4158,0.007074264343827963,0,0,unlabeled
4159,2.1176242981368887e-09,0,0,unlabeled
4160,6.488639625601422e-10,0,0,unlabeled
4161,0.001751744537614286,0,0,val
4162,1.841533592283895e-09,0,0,unlabeled
4163,4.772355843840614e-10,0,0,unlabeled
4164,1.7025683973770356e-07,0,0,unlabeled
4165,1.5757329523222868e-13,0,0,unlabeled
4166,4.528754826119315e-14,0,0,unlabeled
4167,1.7085154468077235e-05,0,0,unlabeled
4168,1.684983680361185e-10,0,0,unlabeled
4169,4.219475116529203e-11,0,0,train
4170,0.0004539317451417446,0,0,unlabeled
4171,7.0049149814011e-10,0,0,unlabeled
4172,1.5475497272543492e-10,0,0,unlabeled
4173,1.9061983991264242e-08,0,0,unlabeled
4174,4.078144479014931e-14,0,0,unlabeled
4175,1.0532658187463462e-14,0,0,unlabeled
4176,6.649307806583238e-07,0,0,unlabeled
4177,5.9844885123838676e-12,0,0,unlabeled
4178,1.538240021470294e-12,0,0,unlabeled
4179,8.447930667898618e-06,0,0,unlabeled
4180,1.7178033301368245e-11,0,0,unlabeled
4181,4.01016242781993e-12,0,0,unlabeled
4182,3.6581435103322235e-10,0,0,train
4183,7.335298970475137e-16,0,0,unlabeled
4184,2.0508169813019008e-16,0,0,unlabeled
4185,7.618040854140418e-06,0,0,unlabeled
4186,2.6422886448274063e-11,0,0,train
4187,6.172654401503941e-12,0,0,unlabeled
4188,2.6107352823601104e-05,0,0,unlabeled
4189,4.7788027007777956e-11,0,0,train
4190,1.0363389833789594e-11,0,0,unlabeled
4191,4.6129711162024023e-10,0,0,unlabeled
4192,8.465032869644704e-16,0,0,unlabeled
4193,1.9774722660502529e-16,0,0,train
4194,2.9762915687570057e-07,0,0,unlabeled
4195,2.0611624386435157e-12,0,0,val
4196,6.592483178281816e-13,0,0,unlabeled
4197,6.77303432894405e-07,0,0,unlabeled
4198,3.596270633718368e-12,0,0,unlabeled
4199,9.856666264435043e-13,0,0,unlabeled
4200,2.7737995927923365e-11,0,0,unlabeled
4201,1.5199273025583453e-16,0,0,train
4202,4.539428566220352e-17,0,0,unlabeled
4203,1.5429584721005085e-07,0,0,unlabeled
4204,1.1806586524415463e-12,0,0,unlabeled
4205,3.249075542031271e-13,0,0,unlabeled
4206,1.630001293051464e-06,0,0,unlabeled
4207,6.52817210011758e-12,0,0,unlabeled
4208,1.4739933449151033e-12,0,0,train
4209,3.679435228720607e-11,0,0,unlabeled
4210,1.220671753433483e-16,0,0,train
4211,2.890801687992759e-17,0,0,unlabeled
4212,0.00037138722836971283,0,0,unlabeled
4213,2.8924060369028837e-10,0,0,unlabeled
4214,6.908909555569664e-11,0,0,unlabeled
4215,0.009846555069088936,0,0,unlabeled
4216,7.920398781280369e-10,0,0,unlabeled
4217,1.8350601593830618e-10,0,0,unlabeled
4218,3.403718196182126e-08,0,0,unlabeled
4219,2.0458107254160522e-14,0,0,unlabeled
4220,5.283863522772842e-15,0,0,unlabeled
4221,3.963903509429656e-06,0,0,val
4222,1.7452905440307198e-11,0,0,train
4223,4.264222221855851e-12,0,0,unlabeled
4224,7.924650162749458e-06,0,0,train
4225,3.098241455057327e-11,0,0,unlabeled
4226,6.608689723935912e-12,0,0,train
4227,5.479836029387286e-10,0,0,unlabeled
4228,1.3698810804850807e-15,0,0,unlabeled
4229,3.5380912960924907e-16,0,0,unlabeled
4230,1.1705609722412191e-05,0,0,unlabeled
4231,4.8100037841614096e-11,0,0,unlabeled
4232,1.2380616497276176e-11,0,0,unlabeled
4233,1.1161740076204296e-05,0,0,val
4234,4.13500726714755e-11,0,0,unlabeled
4235,1.0078432012561311e-11,0,0,unlabeled
4236,5.843622807866211e-10,0,0,unlabeled
4237,1.9006731122116855e-15,0,0,unlabeled
4238,5.294857481032611e-16,0,0,unlabeled
4239,3.710202634010784e-07,0,0,unlabeled
4240,2.5630548031174705e-12,0,0,unlabeled
4241,6.001838023968198e-13,0,0,val
4242,1.0801587677633506e-06,0,0,unlabeled
4243,5.14923867434014e-12,0,0,unlabeled
4244,1.1755489160228394e-12,0,0,val
4245,4.898281780185698e-11,0,0,train
4246,2.2334900919402333e-16,0,0,train
4247,5.680788588161026e-17,0,0,unlabeled
4248,1.142975207812924e-07,0,0,unlabeled
4249,6.859322680165258e-13,0,0,unlabeled
4250,2.1657633640041057e-13,0,0,unlabeled
4251,4.1273582951362187e-07,0,0,train
4252,1.5940100801803414e-12,0,0,unlabeled
4253,4.2882971479363263e-13,0,0,unlabeled
4254,1.5560139982051524e-11,0,0,unlabeled
4255,5.658663161136457e-17,0,0,unlabeled
4256,1.5231245541492097e-17,0,0,train
4257,6.5862253428861095e-09,0,0,unlabeled
4258,6.561031828510727e-14,0,0,unlabeled
4259,1.7471198031598738e-14,0,0,unlabeled
4260,8.847403165646028e-08,0,0,unlabeled
4261,5.133418104659448e-13,0,0,unlabeled
4262,1.085718564748997e-13,0,0,unlabeled
4263,2.5687761379816765e-12,0,0,unlabeled
4264,1.1737288400807924e-17,0,0,unlabeled
4265,2.81741128755588e-18,0,0,unlabeled
4266,0.3094193935394287,0,0,unlabeled
4267,4.663703023766175e-08,0,0,unlabeled
4268,1.3392633668729559e-08,0,0,unlabeled
4269,0.1489601731300354,0,0,unlabeled
4270,2.7945565861386967e-08,0,0,unlabeled
4271,7.532185541947456e-09,0,0,unlabeled
4272,5.63412811516173e-07,0,0,unlabeled
4273,1.3571269759024562e-12,0,0,unlabeled
4274,4.1570105647689704e-13,0,0,unlabeled
4275,4.789958620676771e-05,0,0,train
4276,4.3416675810092897e-10,0,0,unlabeled
4277,1.2269078808468947e-10,0,0,unlabeled
4278,6.409776688087732e-05,0,0,unlabeled
4279,6.755656034584945e-10,0,0,unlabeled
4280,1.6718870732290725e-10,0,0,unlabeled
4281,1.0668744110375883e-08,0,0,unlabeled
4282,6.652910508738938e-14,0,0,unlabeled
4283,1.951076527716058e-14,0,0,unlabeled
4284,9.347093509859405e-06,0,0,unlabeled
4285,4.194928085454741e-11,0,0,unlabeled
4286,1.1068612172648873e-11,0,0,unlabeled
4287,5.868189418833936e-06,0,0,unlabeled
4288,3.005921553334012e-11,0,0,unlabeled
4289,7.3331176200786e-12,0,0,train
4290,3.6172972950332394e-10,0,0,unlabeled
4291,1.8005716055381196e-15,0,0,unlabeled
4292,5.083261239270198e-16,0,0,train
4293,7.469973297702381e-07,0,0,unlabeled
4294,4.9986915648392305e-12,0,0,train
4295,1.2085926877347664e-12,0,0,train
4296,1.9451838397799293e-06,0,0,train
4297,9.528973096695204e-12,0,0,train
4298,2.22670601575381e-12,0,0,train
4299,7.702037618795288e-11,0,0,unlabeled
4300,3.7560490199865793e-16,0,0,unlabeled
4301,9.81788146751926e-17,0,0,unlabeled
4302,9.720641713784062e-08,0,0,train
4303,5.754026812312962e-13,0,0,unlabeled
4304,1.8614966610253775e-13,0,0,unlabeled
4305,2.7758363785324036e-07,0,0,unlabeled
4306,1.3927010586445299e-12,0,0,unlabeled
4307,3.8418497983611077e-13,0,0,unlabeled
4308,1.0848647501171538e-11,0,0,unlabeled
4309,5.497991268081912e-17,0,0,train
4310,1.5218293547460742e-17,0,0,unlabeled
4311,1.371922930815117e-08,0,0,unlabeled
4312,1.1704785090379394e-13,0,0,unlabeled
4313,3.1286530712080346e-14,0,0,train
4314,1.7156011722363473e-07,0,0,unlabeled
4315,9.8018284027529e-13,0,0,unlabeled
4316,2.1336873782563937e-13,0,0,unlabeled
4317,4.227504631082457e-12,0,0,unlabeled
4318,1.9214844801151522e-17,0,0,unlabeled
4319,4.7353157713389334e-18,0,0,unlabeled
4320,0.9998314380645752,1,1,unlabeled
4321,0.0005429397569969296,0,0,train
4322,9.433389641344547e-05,0,0,unlabeled
4323,0.9997360110282898,1,1,unlabeled
4324,0.0004282661830075085,0,0,unlabeled
4325,7.01547905919142e-05,0,0,unlabeled
4326,0.0034216761123389006,0,0,unlabeled
4327,1.5391556473787205e-08,0,0,val
4328,4.403031717004069e-09,0,0,unlabeled
4329,0.9981206059455872,1,1,unlabeled
4330,2.1492303858394735e-05,0,0,val
4331,5.044382305641193e-06,0,0,unlabeled
4332,0.9989296793937683,1,1,unlabeled
4333,7.327580533456057e-05,0,0,unlabeled
4334,1.3937720723333769e-05,0,0,unlabeled
4335,0.000528705888427794,0,0,unlabeled
4336,6.491899018357117e-09,0,0,unlabeled
4337,1.7911611083221146e-09,0,0,unlabeled
4338,0.9984877109527588,1,1,unlabeled
4339,9.216646503773518e-06,0,0,unlabeled
4340,2.233270834040013e-06,0,0,unlabeled
4341,0.9979432225227356,1,1,unlabeled
4342,1.4388168892764952e-05,0,0,unlabeled
4343,3.279200200267951e-06,0,0,unlabeled
4344,5.817608689540066e-05,0,0,unlabeled
4345,6.823591691684783e-10,0,0,unlabeled
4346,1.894546602931868e-10,0,0,unlabeled
4347,0.9982490539550781,1,1,unlabeled
4348,1.1891940630448516e-05,0,0,unlabeled
4349,2.8890069643239258e-06,0,0,unlabeled
4350,0.9992915391921997,1,1,unlabeled
4351,4.369580710772425e-05,0,0,unlabeled
4352,9.173258149530739e-06,0,0,unlabeled
4353,0.00020943528215866536,0,0,train
4354,1.444923514171137e-09,0,0,train
4355,4.08572009558128e-10,0,0,unlabeled
4356,0.19618311524391174,0,1,unlabeled
4357,1.6373080313769606e-07,0,0,unlabeled
4358,5.255126822589773e-08,0,0,unlabeled
4359,0.7147619128227234,0,1,unlabeled
4360,6.752234753548692e-07,0,0,unlabeled
4361,2.0684963430994685e-07,0,0,unlabeled
4362,1.4328154520626413e-06,0,0,unlabeled
4363,3.745334598015404e-11,0,0,unlabeled
4364,1.2051519504563402e-11,0,0,unlabeled
4365,0.6482445001602173,0,1,unlabeled
4366,4.3977840391562495e-07,0,0,unlabeled
4367,1.3122270559051685e-07,0,0,unlabeled
4368,0.9917407035827637,1,1,train
4369,4.794906999450177e-06,0,0,unlabeled
4370,1.3270853287394857e-06,0,0,unlabeled
4371,1.195946242660284e-05,0,0,unlabeled
4372,1.505870428353262e-10,0,0,train
4373,4.381229753991356e-11,0,0,unlabeled
4374,0.9997921586036682,1,1,unlabeled
4375,0.00018848988111130893,0,0,unlabeled
4376,3.690169251058251e-05,0,0,unlabeled
4377,0.9992597699165344,1,1,unlabeled
4378,6.673694588243961e-05,0,0,unlabeled
4379,1.3290180504554883e-05,0,0,unlabeled
4380,0.0008081078412942588,0,0,unlabeled
4381,5.0107651361486205e-09,0,0,unlabeled
4382,1.4911686330165708e-09,0,0,unlabeled
4383,0.9967949986457825,1,1,unlabeled
4384,1.2778062227880582e-05,0,0,unlabeled
4385,3.0519520350935636e-06,0,0,unlabeled
4386,0.9958330988883972,1,1,unlabeled
4387,1.965355477295816e-05,0,0,unlabeled
4388,4.410129349707859e-06,0,0,unlabeled
4389,0.00014822396042291075,0,0,unlabeled
4390,2.43721731685298e-09,0,0,train
4391,6.812109210052597e-10,0,0,unlabeled
4392,0.9866337776184082,1,1,unlabeled
4393,1.6195282341868733e-06,0,0,unlabeled
4394,4.53017293011726e-07,0,0,unlabeled
4395,0.9637479782104492,1,1,unlabeled
4396,1.3338992630451685e-06,0,0,unlabeled
4397,3.8885741560079623e-07,0,0,unlabeled
4398,6.329623374767834e-06,0,0,unlabeled
4399,9.127922723228821e-11,0,0,unlabeled
4400,2.8285833744701172e-11,0,0,unlabeled
4401,0.9928311109542847,1,1,unlabeled
4402,3.164171403113869e-06,0,0,unlabeled
4403,8.593205507168022e-07,0,0,unlabeled
4404,0.9951410293579102,1,1,unlabeled
4405,6.918882263562409e-06,0,0,unlabeled
4406,1.779185481609602e-06,0,0,unlabeled
4407,3.325343277538195e-05,0,0,train
4408,3.0849928167597795e-10,0,0,train
4409,8.593604300388691e-11,0,0,val
4410,0.005899446550756693,0,0,unlabeled
4411,1.4710137996587491e-08,0,0,unlabeled
4412,4.917008133986656e-09,0,0,train
4413,0.021004680544137955,0,0,unlabeled
4414,3.747026511291551e-08,0,0,unlabeled
4415,1.1461446014493504e-08,0,0,unlabeled
4416,1.1213192152581541e-07,0,0,unlabeled
4417,2.692187618669184e-12,0,0,unlabeled
4418,8.906047015318219e-13,0,0,unlabeled
4419,0.036318425089120865,0,0,val
4420,4.231473837990052e-08,0,0,train
4421,1.3175396773590364e-08,0,0,unlabeled
4422,0.5809083580970764,0,0,unlabeled
4423,2.993020018493553e-07,0,0,train
4424,8.954699382002218e-08,0,0,unlabeled
4425,9.852157063505729e-07,0,0,unlabeled
4426,1.0204159565929682e-11,0,0,unlabeled
4427,3.05155054870776e-12,0,0,train
4428,0.9968460202217102,1,1,unlabeled
4429,5.75607782593579e-06,0,0,unlabeled
4430,1.5585728760925122e-06,0,0,unlabeled
4431,0.9917070269584656,1,1,unlabeled
4432,5.248698926152429e-06,0,0,unlabeled
4433,1.3789386912321788e-06,0,0,unlabeled
4434,5.292476635077037e-05,0,0,unlabeled
4435,5.690026227966882e-10,0,0,val
4436,1.6177399697614447e-10,0,0,unlabeled
4437,0.03126358985900879,0,0,train
4438,5.585833307009125e-08,0,0,unlabeled
4439,1.512512604051608e-08,0,0,val
4440,0.04768996313214302,0,0,unlabeled
4441,1.1200260274790708e-07,0,0,unlabeled
4442,2.85128347599084e-08,0,0,unlabeled
4443,7.617239816681831e-07,0,0,unlabeled
4444,2.2194775531336752e-11,0,0,unlabeled
4445,6.207401346408625e-12,0,0,unlabeled
4446,0.16780985891819,0,0,unlabeled
4447,5.3651362463824626e-08,0,0,unlabeled
4448,1.452994347062031e-08,0,0,unlabeled
4449,0.13562366366386414,0,0,unlabeled
4450,6.389731055378434e-08,0,0,unlabeled
4451,1.721013198618948e-08,0,0,unlabeled
4452,4.138382507790084e-07,0,0,unlabeled
4453,4.878745411135421e-12,0,0,train
4454,1.4124920851010803e-12,0,0,unlabeled
4455,0.0028441103640943766,0,0,unlabeled
4456,6.204073255133835e-09,0,0,unlabeled
4457,1.6187902129871645e-09,0,0,unlabeled
4458,0.010924610309302807,0,0,train
4459,1.967405260927535e-08,0,0,unlabeled
4460,4.8770503191519765e-09,0,0,unlabeled
4461,1.0111376980148634e-07,0,0,unlabeled
4462,1.2039082838283255e-12,0,0,unlabeled
4463,3.383269413324147e-13,0,0,unlabeled
4464,0.00011284353240625933,0,0,unlabeled
4465,1.0237447556349366e-09,0,0,train
4466,3.333822107265405e-10,0,0,unlabeled
4467,0.0006333780474960804,0,0,unlabeled
4468,3.291095396207311e-09,0,0,unlabeled
4469,1.0099995284562624e-09,0,0,unlabeled
4470,1.5615313486705418e-08,0,0,train
4471,2.244165004652507e-13,0,0,unlabeled
4472,7.133134144118869e-14,0,0,unlabeled
4473,1.3064687664154917e-05,0,0,unlabeled
4474,2.3038815299969428e-10,0,0,unlabeled
4475,6.846232608603842e-11,0,0,unlabeled
4476,0.0003515508724376559,0,0,unlabeled
4477,2.0072759010503205e-09,0,0,train
4478,5.386109336313893e-10,0,0,unlabeled
4479,8.181272548313245e-09,0,0,unlabeled
4480,8.109090249329778e-14,0,0,unlabeled
4481,2.3690618761976374e-14,0,0,unlabeled
4482,0.9807657599449158,1,1,unlabeled
4483,2.132150711986469e-06,0,0,unlabeled
4484,6.002996997267473e-07,0,0,unlabeled
4485,0.9363821148872375,1,1,unlabeled
4486,1.6750524309827597e-06,0,0,unlabeled
4487,4.4440596980166447e-07,0,0,val
4488,1.3801722161588259e-05,0,0,unlabeled
4489,1.9519329208517178e-10,0,0,unlabeled
4490,5.4911544061786444e-11,0,0,unlabeled
4491,0.02216729335486889,0,0,val
4492,4.534326336624872e-08,0,0,unlabeled
4493,1.21138290509748e-08,0,0,unlabeled
4494,0.038852911442518234,0,0,unlabeled
4495,8.505641346800985e-08,0,0,unlabeled
4496,2.2357966145136743e-08,0,0,unlabeled
4497,6.639997991442215e-07,0,0,unlabeled
4498,1.3773034795994121e-11,0,0,unlabeled
4499,3.848173515952347e-12,0,0,unlabeled
4500,0.027155183255672455,0,0,unlabeled
4501,1.8453354400094213e-08,0,0,val
4502,4.9723118955569134e-09,0,0,unlabeled
4503,0.020878156647086143,0,0,unlabeled
4504,1.95640748046344e-08,0,0,unlabeled
4505,5.3247224407471094e-09,0,0,unlabeled
4506,1.3167928614166158e-07,0,0,unlabeled
4507,1.457576897720414e-12,0,0,unlabeled
4508,4.107772878358257e-13,0,0,unlabeled
4509,0.002745634177699685,0,0,unlabeled
4510,5.521185286738728e-09,0,0,train
4511,1.4433617634423968e-09,0,0,unlabeled
4512,0.01058892160654068,0,0,unlabeled
4513,1.4191191333168263e-08,0,0,unlabeled
4514,3.585139740636123e-09,0,0,unlabeled
4515,7.991437911414323e-08,0,0,unlabeled
4516,6.535268745437584e-13,0,0,unlabeled
4517,1.7565835667542745e-13,0,0,unlabeled
4518,5.1059090765193105e-05,0,0,unlabeled
4519,5.26601873218624e-10,0,0,unlabeled
4520,1.659211656956927e-10,0,0,unlabeled
4521,0.00027197328745387495,0,0,val
4522,1.480092048922188e-09,0,0,unlabeled
4523,4.4258136044916796e-10,0,0,unlabeled
4524,7.914286115351388e-09,0,0,unlabeled
4525,8.494282886664997e-14,0,0,unlabeled
4526,2.6058982174805706e-14,0,0,unlabeled
4527,2.421116005280055e-05,0,0,unlabeled
4528,2.1018534135386346e-10,0,0,unlabeled
4529,5.97576571559344e-11,0,0,unlabeled
4530,0.0007638335810042918,0,0,train
4531,1.892965562078075e-09,0,0,unlabeled
4532,4.906465789211722e-10,0,0,unlabeled
4533,8.65328608767868e-09,0,0,unlabeled
4534,9.730815464384715e-14,0,0,unlabeled
4535,2.5256943617709554e-14,0,0,unlabeled
4536,0.9998944997787476,1,1,unlabeled
4537,0.0008014586637727916,0,0,unlabeled
4538,0.00014734490832779557,0,0,train
4539,0.9998051524162292,1,1,unlabeled
4540,0.0005224688211455941,0,0,unlabeled
4541,8.688107482157648e-05,0,0,unlabeled
4542,0.004984036087989807,0,0,unlabeled
4543,1.4093354927524615e-08,0,0,unlabeled
4544,4.175844559028974e-09,0,0,unlabeled
4545,0.9990836381912231,1,1,train
4546,3.466947964625433e-05,0,0,unlabeled
4547,7.843216735636815e-06,0,0,unlabeled
4548,0.999244213104248,1,1,unlabeled
4549,9.082594624487683e-05,0,0,unlabeled
4550,1.6491600035806186e-05,0,0,unlabeled
4551,0.0008306127856485546,0,0,unlabeled
4552,6.926663687067958e-09,0,0,unlabeled
4553,2.043581082133983e-09,0,0,unlabeled
4554,0.9965415596961975,1,1,unlabeled
4555,4.529141733655706e-06,0,0,train
4556,1.1708117426678655e-06,0,0,train
4557,0.9956151247024536,1,1,unlabeled
4558,5.47725221622386e-06,0,0,unlabeled
4559,1.4066708899918012e-06,0,0,unlabeled
4560,2.3574888473376632e-05,0,0,unlabeled
4561,2.9551633362601137e-10,0,0,val
4562,8.067956719370883e-11,0,0,unlabeled
4563,0.9979619979858398,1,1,unlabeled
4564,7.517142876167782e-06,0,0,val
4565,1.8958174905492342e-06,0,0,unlabeled
4566,0.9992727637290955,1,1,train
4567,2.8490976546891034e-05,0,0,train
4568,6.003580438118661e-06,0,0,val
4569,0.0001446204405510798,0,0,train
4570,8.481899071988153e-10,0,0,unlabeled
4571,2.2963971002543104e-10,0,0,train
4572,0.01024248544126749,0,0,val
4573,2.3468786025659938e-08,0,0,unlabeled
4574,7.899777720865586e-09,0,0,train
4575,0.07153164595365524,0,0,train
4576,8.630509995555258e-08,0,0,unlabeled
4577,2.6096120819829594e-08,0,0,train
4578,2.0063319539076474e-07,0,0,unlabeled
4579,5.709033940037855e-12,0,0,unlabeled
4580,1.7863648928140297e-12,0,0,unlabeled
4581,0.04969734326004982,0,0,train
4582,6.268485464033802e-08,0,0,train
4583,1.8620447406192397e-08,0,0,train
4584,0.7958884239196777,1,0,unlabeled
4585,6.258521239033144e-07,0,0,unlabeled
4586,1.756132945729405e-07,0,0,unlabeled
4587,1.6850083284225548e-06,0,0,unlabeled
4588,2.0876366607636143e-11,0,0,unlabeled
4589,5.9261493282058986e-12,0,0,train
4590,0.9998812675476074,1,1,train
4591,0.0003680487279780209,0,0,unlabeled
4592,7.407899829559028e-05,0,0,unlabeled
4593,0.9996774196624756,1,1,unlabeled
4594,0.00010267160541843623,0,0,unlabeled
4595,2.1312203898560256e-05,0,0,unlabeled
4596,0.0015644842060282826,0,0,unlabeled
4597,5.215283316317709e-09,0,0,unlabeled
4598,1.6479121400791996e-09,0,0,unlabeled
4599,0.9987385869026184,1,1,train
4600,1.841298035287764e-05,0,0,train
4601,4.543937848211499e-06,0,0,unlabeled
4602,0.9977967739105225,1,1,unlabeled
4603,2.5744406229932792e-05,0,0,unlabeled
4604,5.511572908289963e-06,0,0,unlabeled
4605,0.0002985422033816576,0,0,unlabeled
4606,2.5910757983638177e-09,0,0,unlabeled
4607,7.607316998559099e-10,0,0,unlabeled
4608,0.9678690433502197,1,1,unlabeled
4609,8.492694405504153e-07,0,0,train
4610,2.548638633470546e-07,0,0,train
4611,0.9160639047622681,1,1,unlabeled
4612,6.337804165923444e-07,0,0,unlabeled
4613,1.826580415809076e-07,0,0,unlabeled
4614,3.5198359000787605e-06,0,0,unlabeled
4615,4.2897005392283916e-11,0,0,unlabeled
4616,1.3005224501483337e-11,0,0,unlabeled
4617,0.9895040988922119,1,1,unlabeled
4618,1.8373668808635557e-06,0,0,train
4619,4.873625698564865e-07,0,0,train
4620,0.9952442049980164,1,1,unlabeled
4621,4.097027158422861e-06,0,0,unlabeled
4622,1.03881529867067e-06,0,0,unlabeled
4623,2.2973315935814753e-05,0,0,unlabeled
4624,1.4570224193821701e-10,0,0,unlabeled
4625,3.9653801076067197e-11,0,0,unlabeled
4626,0.00037115573650225997,0,0,unlabeled
4627,2.5981825579890483e-09,0,0,unlabeled
4628,9.021927094288174e-10,0,0,unlabeled
4629,0.0010309626813977957,0,0,unlabeled
4630,5.471369579623797e-09,0,0,train
4631,1.6983328077202486e-09,0,0,val
4632,1.7907007432427235e-08,0,0,val
4633,4.699292712774528e-13,0,0,train
4634,1.539198862766586e-13,0,0,unlabeled
4635,0.0019355005351826549,0,0,unlabeled
4636,6.620533454793076e-09,0,0,val
4637,2.0582189286244557e-09,0,0,unlabeled
4638,0.05231132358312607,0,0,unlabeled
4639,4.136315112646116e-08,0,0,train
4640,1.1492947038505008e-08,0,0,unlabeled
4641,1.4990263252911973e-07,0,0,unlabeled
4642,1.4542944756432141e-12,0,0,train
4643,4.2256801356665985e-13,0,0,unlabeled
4644,0.9986376166343689,1,1,unlabeled
4645,7.110822025424568e-06,0,0,unlabeled
4646,1.9119734133710153e-06,0,0,unlabeled
4647,0.9961652755737305,1,1,unlabeled
4648,5.3888452384853736e-06,0,0,unlabeled
4649,1.47113519233244e-06,0,0,unlabeled
4650,8.198848081519827e-05,0,0,val
4651,4.4999365345077535e-10,0,0,train
4652,1.349387546145664e-10,0,0,unlabeled
4653,0.05619289353489876,0,0,unlabeled
4654,5.845266315418485e-08,0,0,unlabeled
4655,1.5923298235520633e-08,0,0,unlabeled
4656,0.06876175850629807,0,0,unlabeled
4657,1.03185577415843e-07,0,0,val
4658,2.568526547008787e-08,0,0,train
4659,9.010867074721318e-07,0,0,val
4660,1.714536498886865e-11,0,0,train
4661,4.877052321022868e-12,0,0,unlabeled
4662,0.0961049273610115,0,0,unlabeled
4663,2.6580078582583155e-08,0,0,unlabeled
4664,7.341147689743366e-09,0,0,unlabeled
4665,0.06588111072778702,0,0,unlabeled
4666,2.678947019774114e-08,0,0,unlabeled
4667,7.4086665691197595e-09,0,0,unlabeled
4668,2.038632658241113e-07,0,0,unlabeled
4669,1.9011328969420482e-12,0,0,unlabeled
4670,5.459973835900134e-13,0,0,unlabeled
4671,0.0017780376365408301,0,0,unlabeled
4672,3.420846717006043e-09,0,0,unlabeled
4673,8.842806487052712e-10,0,0,unlabeled
4674,0.006756966467946768,0,0,unlabeled
4675,9.36791533234782e-09,0,0,unlabeled
4676,2.3282675787328344e-09,0,0,val
4677,5.6291714400913406e-08,0,0,unlabeled
4678,4.57873376800283e-13,0,0,unlabeled
4679,1.2533042366511676e-13,0,0,train
4680,1.4938367712602485e-05,0,0,unlabeled
4681,1.9596435585356176e-10,0,0,train
4682,6.317314726889123e-11,0,0,train
4683,4.966729102306999e-05,0,0,unlabeled
4684,4.905520989417766e-10,0,0,unlabeled
4685,1.4598236508511775e-10,0,0,unlabeled
4686,2.42954523166361e-09,0,0,unlabeled
4687,3.6037301344004485e-14,0,0,unlabeled
4688,1.1404604914795353e-14,0,0,train
4689,1.7322271332886885e-06,0,0,unlabeled
4690,3.3615377842410865e-11,0,0,train
4691,9.75544818537788e-12,0,0,unlabeled
4692,2.3737791707389988e-05,0,0,unlabeled
4693,2.463712012179542e-10,0,0,unlabeled
4694,6.255719553482919e-11,0,0,train
4695,1.1758578555287613e-09,0,0,unlabeled
4696,2.425270304951075e-14,0,0,unlabeled
4697,6.325669578665901e-15,0,0,unlabeled
4698,0.9922952651977539,1,1,unlabeled
4699,2.533698307161103e-06,0,0,unlabeled
4700,7.361509233305696e-07,0,0,unlabeled
4701,0.9743590950965881,1,1,unlabeled
4702,1.7939504459718592e-06,0,0,unlabeled
4703,4.96113557346689e-07,0,0,unlabeled
4704,1.8784750864142552e-05,0,0,unlabeled
4705,1.4926733460374209e-10,0,0,train
4706,4.353772550813595e-11,0,0,val
4707,0.057770587503910065,0,0,unlabeled
4708,5.190901575247153e-08,0,0,unlabeled
4709,1.4378396251402137e-08,0,0,train
4710,0.06561936438083649,0,0,unlabeled
4711,8.47391845582024e-08,0,0,unlabeled
4712,2.1458797405671248e-08,0,0,unlabeled
4713,8.731416869522945e-07,0,0,unlabeled
4714,1.0148977144797122e-11,0,0,unlabeled
4715,2.8615530084374896e-12,0,0,unlabeled
4716,0.01993749290704727,0,0,unlabeled
4717,1.0051168786162634e-08,0,0,unlabeled
4718,2.695814238506955e-09,0,0,unlabeled
4719,0.010441573336720467,0,0,train
4720,8.24899526463696e-09,0,0,unlabeled
4721,2.196888226890792e-09,0,0,unlabeled
4722,6.709804978299871e-08,0,0,train
4723,5.475471421753642e-13,0,0,unlabeled
4724,1.492736462866892e-13,0,0,unlabeled
4725,0.0020879225339740515,0,0,train
4726,3.0342190981968997e-09,0,0,train
4727,7.645749033891036e-10,0,0,unlabeled
4728,0.007674516178667545,0,0,unlabeled
4729,7.48585282650538e-09,0,0,unlabeled
4730,1.7656430761903152e-09,0,0,unlabeled
4731,5.7604761849461283e-08,0,0,train
4732,5.0246037799212e-13,0,0,train
4733,1.2004591385620517e-13,0,0,unlabeled
4734,7.655497029190883e-06,0,0,unlabeled
4735,9.070581091785712e-11,0,0,unlabeled
4736,2.8014901162776162e-11,0,0,unlabeled
4737,2.1404166545835324e-05,0,0,unlabeled
4738,2.1001059224978746e-10,0,0,unlabeled
4739,5.882244691335359e-11,0,0,unlabeled
4740,1.3708131296752413e-09,0,0,train
4741,2.8575469627253186e-14,0,0,unlabeled
4742,7.894045524680857e-15,0,0,unlabeled
4743,3.0368228181032464e-06,0,0,val
4744,2.724906064677235e-11,0,0,train
4745,7.623781814181108e-12,0,0,unlabeled
4746,5.224957931204699e-05,0,0,unlabeled
4747,3.801176318152244e-10,0,0,unlabeled
4748,8.475280199871094e-11,0,0,unlabeled
4749,1.0444426656874839e-08,0,0,unlabeled
4750,1.6520588201488287e-14,0,0,train
4751,3.9274283491715946e-15,0,0,unlabeled
4752,0.9998717308044434,1,1,unlabeled
4753,0.00020531714835669845,0,0,unlabeled
4754,4.262079528416507e-05,0,0,unlabeled
4755,0.9995813965797424,1,1,unlabeled
4756,5.683274503098801e-05,0,0,unlabeled
4757,1.3078312804282177e-05,0,0,unlabeled
4758,0.0007196327787823975,0,0,unlabeled
4759,2.865653936368062e-09,0,0,unlabeled
4760,9.133047096376856e-10,0,0,unlabeled
4761,0.9991342425346375,1,1,unlabeled
4762,1.565078491694294e-05,0,0,unlabeled
4763,3.976094831159571e-06,0,0,unlabeled
4764,0.9974173307418823,1,1,train
4765,1.4761967577214818e-05,0,0,train
4766,3.522240149322897e-06,0,0,train
4767,0.000192889929166995,0,0,unlabeled
4768,1.4447830709585219e-09,0,0,unlabeled
4769,4.375828033253981e-10,0,0,unlabeled
4770,0.9700971841812134,1,1,unlabeled
4771,7.772655976623355e-07,0,0,unlabeled
4772,2.2753894768356986e-07,0,0,unlabeled
4773,0.8935477137565613,1,1,unlabeled
4774,4.7344724407594185e-07,0,0,val
4775,1.409497372151236e-07,0,0,unlabeled
4776,2.4832115741446614e-06,0,0,unlabeled
4777,2.89049634921712e-11,0,0,unlabeled
4778,8.490193791066414e-12,0,0,unlabeled
4779,0.9930617213249207,1,1,train
4780,1.6790428389867884e-06,0,0,unlabeled
4781,4.498323278312455e-07,0,0,unlabeled
4782,0.9894900918006897,1,1,unlabeled
4783,2.0766290163010126e-06,0,0,unlabeled
4784,5.630400323752838e-07,0,0,unlabeled
4785,1.5379739124909975e-05,0,0,unlabeled
4786,8.43515604587175e-11,0,0,train
4787,2.375340896199063e-11,0,0,unlabeled
4788,0.0010918747866526246,0,0,unlabeled
4789,3.7016334442085963e-09,0,0,unlabeled
4790,1.2554073336445981e-09,0,0,train
4791,0.0018012078944593668,0,0,unlabeled
4792,5.634152699940387e-09,0,0,unlabeled
4793,1.7642359795289053e-09,0,0,unlabeled
4794,2.4418204347398387e-08,0,0,unlabeled
4795,4.241523582013129e-13,0,0,unlabeled
4796,1.398407214678321e-13,0,0,unlabeled
4797,0.0066020130179822445,0,0,unlabeled
4798,9.779812515375852e-09,0,0,unlabeled
4799,2.9690971903306718e-09,0,0,unlabeled
4800,0.09073173254728317,0,0,unlabeled
4801,3.767055645198525e-08,0,0,unlabeled
4802,1.0580066600596183e-08,0,0,unlabeled
4803,1.6437634542398882e-07,0,0,val
4804,1.1970710880881974e-12,0,0,unlabeled
4805,3.492084280163482e-13,0,0,unlabeled
4806,0.9997599720954895,1,1,unlabeled
4807,3.860955985146575e-05,0,0,unlabeled
4808,9.386763849761337e-06,0,0,unlabeled
4809,0.9973823428153992,1,1,unlabeled
4810,7.370033472398063e-06,0,0,unlabeled
4811,1.99216128748958e-06,0,0,unlabeled
4812,0.00012177901226095855,0,0,train
4813,5.774518085921443e-10,0,0,unlabeled
4814,1.915212571867997e-10,0,0,val
4815,0.9955307841300964,1,0,unlabeled
4816,4.185298621450784e-06,0,0,unlabeled
4817,1.2334975281191873e-06,0,0,unlabeled
4818,0.9796200394630432,1,0,unlabeled
4819,2.7128951387567213e-06,0,0,unlabeled
4820,7.395728971459903e-07,0,0,unlabeled
4821,3.165920861647464e-05,0,0,unlabeled
4822,2.8079752412146775e-10,0,0,unlabeled
4823,8.599556483579462e-11,0,0,unlabeled
4824,0.5526056885719299,0,0,unlabeled
4825,8.522708583313943e-08,0,0,unlabeled
4826,2.6384903151210892e-08,0,0,unlabeled
4827,0.22406546771526337,0,0,unlabeled
4828,3.726613684307267e-08,0,0,unlabeled
4829,1.1332627281035457e-08,0,0,unlabeled
4830,2.792319264699472e-07,0,0,unlabeled
4831,2.685259349946567e-12,0,0,unlabeled
4832,8.279448090661723e-13,0,0,unlabeled
4833,0.8913690447807312,1,0,unlabeled
4834,2.1066963995508559e-07,0,0,unlabeled
4835,5.9116651129897946e-08,0,0,unlabeled
4836,0.8122783303260803,1,0,unlabeled
4837,1.979990855716096e-07,0,0,unlabeled
4838,5.52630794459219e-08,0,0,unlabeled
4839,1.5442818721567164e-06,0,0,unlabeled
4840,7.385996328435063e-12,0,0,unlabeled
4841,2.0921877511709264e-12,0,0,unlabeled
4842,3.372088394826278e-05,0,0,unlabeled
4843,2.820105537981732e-10,0,0,unlabeled
4844,9.482490487267015e-11,0,0,unlabeled
4845,2.9178949262131937e-05,0,0,unlabeled
4846,2.417908095964094e-10,0,0,unlabeled
4847,7.624818137985656e-11,0,0,unlabeled
4848,1.3446224134128215e-09,0,0,unlabeled
4849,2.496535930188084e-14,0,0,unlabeled
4850,8.173450353761002e-15,0,0,unlabeled
4851,0.00011709987302310765,0,0,unlabeled
4852,5.384249712747646e-10,0,0,unlabeled
4853,1.72105746321094e-10,0,0,train
4854,0.0005888203158974648,0,0,train
4855,1.3363538053923207e-09,0,0,unlabeled
4856,3.903994350018536e-10,0,0,train
4857,8.315643285072838e-09,0,0,unlabeled
4858,1.0948832579503812e-13,0,0,train
4859,3.1358281178976363e-14,0,0,unlabeled
4860,0.9974452257156372,1,1,val
4861,2.9205900773376925e-06,0,0,train
4862,8.660305184093886e-07,0,0,train
4863,0.9910156726837158,1,1,unlabeled
4864,1.51089443534147e-06,0,0,unlabeled
4865,4.344464343830623e-07,0,0,unlabeled
4866,2.556707477197051e-05,0,0,unlabeled
4867,1.0695586777353938e-10,0,0,unlabeled
4868,3.246984972560263e-11,0,0,train
4869,0.10360924154520035,0,0,unlabeled
4870,4.0087481778527945e-08,0,0,unlabeled
4871,1.1025602653091937e-08,0,0,unlabeled
4872,0.06670335680246353,0,0,unlabeled
4873,4.282864196625269e-08,0,0,unlabeled
4874,1.1001886512929104e-08,0,0,unlabeled
4875,5.259187787487463e-07,0,0,unlabeled
4876,4.639844931875192e-12,0,0,unlabeled
4877,1.3390230764465105e-12,0,0,unlabeled
4878,0.03281279653310776,0,0,unlabeled
4879,7.214827402179935e-09,0,0,unlabeled
4880,2.0585015914065252e-09,0,0,unlabeled
4881,0.011552310548722744,0,0,unlabeled
4882,4.498771577488014e-09,0,0,unlabeled
4883,1.2865543075335495e-09,0,0,unlabeled
4884,4.193422142861891e-08,0,0,unlabeled
4885,2.6780766731841765e-13,0,0,unlabeled
4886,7.848992858655937e-14,0,0,unlabeled
4887,0.001002102275379002,0,0,unlabeled
4888,1.1065436344992463e-09,0,0,unlabeled
4889,2.9690164216056303e-10,0,0,train
4890,0.0012984576169401407,0,0,unlabeled
4891,1.522843184886824e-09,0,0,unlabeled
4892,3.829601358251722e-10,0,0,train
4893,1.654854919763693e-08,0,0,unlabeled
4894,1.2403009934207343e-13,0,0,val
4895,3.073457693859513e-14,0,0,train
4896,5.271207101031905e-06,0,0,unlabeled
4897,4.08204962887293e-11,0,0,train
4898,1.3686798222556362e-11,0,0,unlabeled
4899,6.243591087695677e-06,0,0,unlabeled
4900,5.058688537507017e-11,0,0,unlabeled
4901,1.593123376275596e-11,0,0,unlabeled
4902,5.190688989742398e-10,0,0,unlabeled
4903,8.220979913530282e-15,0,0,unlabeled
4904,2.455575407386292e-15,0,0,unlabeled
4905,8.013208798729465e-07,0,0,unlabeled
4906,7.2204885299964605e-12,0,0,unlabeled
4907,2.0963619295349956e-12,0,0,train
4908,4.93754032504512e-06,0,0,unlabeled
4909,4.868392494694618e-11,0,0,train
4910,1.1506154536100599e-11,0,0,unlabeled
4911,2.0770183351004334e-09,0,0,unlabeled
4912,3.5091268456424523e-15,0,0,unlabeled
4913,8.609594923961411e-16,0,0,unlabeled
4914,0.9898208379745483,1,1,val
4915,1.093222749659617e-06,0,0,unlabeled
4916,3.318482413305901e-07,0,0,unlabeled
4917,0.944777250289917,1,1,unlabeled
4918,4.655704799461091e-07,0,0,unlabeled
4919,1.3361383821575146e-07,0,0,train
4920,6.607947398151737e-06,0,0,unlabeled
4921,2.8182759945205582e-11,0,0,train
4922,8.358310571443539e-12,0,0,unlabeled
4923,0.09992162883281708,0,0,train
4924,3.011004068298462e-08,0,0,unlabeled
4925,8.278091101487917e-09,0,0,unlabeled
4926,0.058220162987709045,0,0,unlabeled
4927,2.8185541012248905e-08,0,0,train
4928,7.173647897928959e-09,0,0,train
4929,4.4220720951670955e-07,0,0,unlabeled
4930,4.087048841722174e-12,0,0,unlabeled
4931,1.052003970047899e-12,0,0,unlabeled
4932,0.0048828329890966415,0,0,train
4933,2.1824999585362548e-09,0,0,unlabeled
4934,5.967157878927765e-10,0,0,unlabeled
4935,0.0012621519854292274,0,0,train
4936,1.040864505696959e-09,0,0,train
4937,2.807439836161052e-10,0,0,unlabeled
4938,1.381170111613983e-08,0,0,train
4939,1.1329679599006437e-13,0,0,unlabeled
4940,2.860748069639582e-14,0,0,train
4941,0.0009799102554097772,0,0,unlabeled
4942,6.612150826867946e-10,0,0,unlabeled
4943,1.659721110547352e-10,0,0,val
4944,0.001347203622572124,0,0,unlabeled
4945,1.3514720453855489e-09,0,0,unlabeled
4946,2.973578605569571e-10,0,0,unlabeled
4947,8.711332810662498e-08,0,0,unlabeled
4948,5.488622726343255e-14,0,0,unlabeled
4949,1.2499494101976365e-14,0,0,train
4950,2.509803152861423e-06,0,0,unlabeled
4951,1.3886671326734934e-11,0,0,unlabeled
4952,4.486374379636393e-12,0,0,unlabeled
4953,3.1334216146206018e-06,0,0,unlabeled
4954,3.0422536018148705e-11,0,0,unlabeled
4955,8.568035170242183e-12,0,0,unlabeled
4956,1.8494111797551227e-09,0,0,train
4957,3.1593301905136857e-15,0,0,unlabeled
4958,8.644940550059149e-16,0,0,val
4959,1.1914561355297337e-06,0,0,unlabeled
4960,9.34762423715485e-12,0,0,unlabeled
4961,2.3610031030935064e-12,0,0,train
4962,0.00011212124809389934,0,0,val
4963,1.0415471263236498e-10,0,0,train
4964,2.340447106952137e-11,0,0,train
4965,2.085549288821653e-09,0,0,unlabeled
4966,1.7687589538633794e-15,0,0,train
4967,4.385791811188346e-16,0,0,unlabeled
4968,0.9996119141578674,1,1,unlabeled
4969,5.4626409109914675e-05,0,0,unlabeled
4970,1.2297738976485562e-05,0,0,unlabeled
4971,0.9960790276527405,1,1,unlabeled
4972,1.4659317457699217e-05,0,0,train
4973,3.921304141840665e-06,0,0,unlabeled
4974,0.00020119860710110515,0,0,unlabeled
4975,1.6628305399279952e-09,0,0,unlabeled
4976,5.19330356496539e-10,0,0,train
4977,0.6784176230430603,0,0,unlabeled
4978,8.297836870951869e-07,0,0,train
4979,2.419761528926756e-07,0,0,train
4980,0.37624025344848633,0,0,train
4981,6.379282240231987e-07,0,0,unlabeled
4982,1.8443648741595098e-07,0,0,unlabeled
4983,5.540690381167224e-06,0,0,unlabeled
4984,1.43962189391722e-10,0,0,unlabeled
4985,4.4740457866288e-11,0,0,unlabeled
4986,0.2778809070587158,0,0,unlabeled
4987,1.3053522707195953e-07,0,0,unlabeled
4988,3.6468890129981446e-08,0,0,unlabeled
4989,0.06299421936273575,0,0,val
4990,6.538215302498429e-08,0,0,unlabeled
4991,1.8667316581399973e-08,0,0,unlabeled
4992,4.0713101157052733e-07,0,0,unlabeled
4993,7.315613392844256e-12,0,0,unlabeled
4994,2.076294214684027e-12,0,0,unlabeled
4995,0.03266430273652077,0,0,unlabeled
4996,3.911607748818824e-08,0,0,train
4997,1.0756173729475904e-08,0,0,train
4998,0.029251713305711746,0,0,train
4999,4.407545617368669e-08,0,0,unlabeled
5000,1.1822790746407463e-08,0,0,unlabeled
5001,2.599086599275324e-07,0,0,unlabeled
5002,3.7278361821047046e-12,0,0,unlabeled
5003,1.0502638255610597e-12,0,0,unlabeled
5004,0.00021880421263631433,0,0,unlabeled
5005,1.9411150464776483e-09,0,0,train
5006,6.25994811542796e-10,0,0,unlabeled
5007,0.00033208588138222694,0,0,unlabeled
5008,2.752399863581445e-09,0,0,unlabeled
5009,8.28533686103583e-10,0,0,unlabeled
5010,1.3251760577759342e-08,0,0,unlabeled
5011,2.4326425747921154e-13,0,0,unlabeled
5012,7.43312001034481e-14,0,0,unlabeled
5013,7.705236930632964e-05,0,0,unlabeled
5014,1.0634221281335954e-09,0,0,unlabeled
5015,2.9983357463514437e-10,0,0,unlabeled
5016,0.000848038645926863,0,0,unlabeled
5017,4.246429430310172e-09,0,0,unlabeled
5018,1.1039505976029318e-09,0,0,unlabeled
5019,1.9018584040964015e-08,0,0,unlabeled
5020,4.1708853710208105e-13,0,0,unlabeled
5021,1.0449123120578885e-13,0,0,unlabeled
5022,0.999519944190979,1,1,unlabeled
5023,2.162414966733195e-05,0,0,unlabeled
5024,5.717747626476921e-06,0,0,unlabeled
5025,0.9901093244552612,1,1,unlabeled
5026,4.380836799100507e-06,0,0,train
5027,1.288207272409636e-06,0,0,unlabeled
5028,6.793718785047531e-05,0,0,train
5029,4.618861404459551e-10,0,0,unlabeled
5030,1.4870950304501918e-10,0,0,train
5031,0.7355892658233643,1,0,unlabeled
5032,5.689841486855585e-07,0,0,val
5033,1.6387781442972482e-07,0,0,unlabeled
5034,0.22362065315246582,0,0,unlabeled
5035,2.863317547507904e-07,0,0,unlabeled
5036,7.780185029560016e-08,0,0,unlabeled
5037,3.3087410429288866e-06,0,0,unlabeled
5038,5.129048921692636e-11,0,0,unlabeled
5039,1.5283791593434515e-11,0,0,unlabeled
5040,0.08846908062696457,0,0,unlabeled
5041,3.106583790213335e-08,0,0,unlabeled
5042,9.147766988348849e-09,0,0,train
5043,0.006947176065295935,0,0,train
5044,9.469125039629489e-09,0,0,unlabeled
5045,2.7912365752058577e-09,0,0,train
5046,8.755760205758634e-08,0,0,unlabeled
5047,9.959641618373372e-13,0,0,unlabeled
5048,2.950923468254818e-13,0,0,unlabeled
5049,0.011354892514646053,0,0,unlabeled
5050,1.2582415109818612e-08,0,0,unlabeled
5051,3.3413800615278433e-09,0,0,train
5052,0.004072775132954121,0,0,train
5053,9.220937791099004e-09,0,0,train
5054,2.3942656746100965e-09,0,0,train
5055,8.283495844807476e-08,0,0,unlabeled
5056,1.2574926993788593e-12,0,0,unlabeled
5057,3.199581712857308e-13,0,0,unlabeled
5058,2.000488166231662e-05,0,0,unlabeled
5059,2.2810658917293836e-10,0,0,unlabeled
5060,7.200001012064305e-11,0,0,unlabeled
5061,1.3095611393509898e-05,0,0,unlabeled
5062,1.9157021802218566e-10,0,0,unlabeled
5063,5.670456465489693e-11,0,0,unlabeled
5064,1.4887162613774763e-09,0,0,unlabeled
5065,3.9908458753391135e-14,0,0,unlabeled
5066,1.1538070202228318e-14,0,0,unlabeled
5067,8.38737832964398e-06,0,0,train
5068,1.1339708338997667e-10,0,0,unlabeled
5069,3.32843197448085e-11,0,0,unlabeled
5070,3.016355913132429e-05,0,0,train
5071,5.14123632555652e-10,0,0,unlabeled
5072,1.2349984923609725e-10,0,0,unlabeled
5073,1.4484396793079668e-08,0,0,unlabeled
5074,4.143013989060633e-14,0,0,unlabeled
5075,1.0412053401268658e-14,0,0,unlabeled
5076,0.9977287650108337,1,1,train
5077,3.2897121400310425e-06,0,0,val
5078,8.915838520806574e-07,0,0,unlabeled
5079,0.9868239164352417,1,1,unlabeled
5080,1.4604594298361917e-06,0,0,unlabeled
5081,3.9356950765068177e-07,0,0,train
5082,2.575936377979815e-05,0,0,unlabeled
5083,9.123762856333428e-11,0,0,unlabeled
5084,2.59806603314372e-11,0,0,unlabeled
5085,0.00480910437181592,0,0,unlabeled
5086,9.353454011318263e-09,0,0,unlabeled
5087,2.4841686485643777e-09,0,0,unlabeled
5088,0.0016487521352246404,0,0,unlabeled
5089,7.605667207144506e-09,0,0,unlabeled
5090,1.8660473166676184e-09,0,0,unlabeled
5091,1.0663946881095399e-07,0,0,unlabeled
5092,2.0086016183640254e-12,0,0,val
5093,5.224571318108995e-13,0,0,unlabeled
5094,0.006028897128999233,0,0,unlabeled
5095,3.709323070921755e-09,0,0,unlabeled
5096,9.534618650164361e-10,0,0,unlabeled
5097,0.0012362883426249027,0,0,unlabeled
5098,1.6877603759013482e-09,0,0,unlabeled
5099,4.364916761367965e-10,0,0,unlabeled
5100,2.373116636533723e-08,0,0,train
5101,2.278105818136894e-13,0,0,unlabeled
5102,5.583813983021588e-14,0,0,unlabeled
5103,1.0999317055393476e-05,0,0,unlabeled
5104,9.6248037317892e-11,0,0,train
5105,2.3628559178701103e-11,0,0,unlabeled
5106,1.2015972060908098e-05,0,0,unlabeled
5107,1.933568444245637e-10,0,0,unlabeled
5108,4.297406874798071e-11,0,0,unlabeled
5109,1.0459398680495724e-08,0,0,train
5110,2.245126895267409e-14,0,0,unlabeled
5111,5.184393479161454e-15,0,0,unlabeled
5112,5.4738266044296324e-06,0,0,unlabeled
5113,3.4980945223805904e-11,0,0,train
5114,1.0326807117766457e-11,0,0,unlabeled
5115,7.358046332228696e-06,0,0,unlabeled
5116,8.005034135560862e-11,0,0,unlabeled
5117,2.0312524232068974e-11,0,0,unlabeled
5118,4.713736956318826e-09,0,0,unlabeled
5119,7.846489706890211e-15,0,0,unlabeled
5120,1.9414162440075646e-15,0,0,unlabeled
5121,1.7896051929255918e-07,0,0,unlabeled
5122,4.075745817233578e-12,0,0,unlabeled
5123,9.763502940157709e-13,0,0,unlabeled
5124,1.2353928468655795e-05,0,0,train
5125,5.070695599518338e-11,0,0,train
5126,1.0651790213755952e-11,0,0,unlabeled
5127,7.658125245058045e-10,0,0,unlabeled
5128,1.522069078305037e-15,0,0,unlabeled
5129,3.65560017686508e-16,0,0,unlabeled
5130,0.984809935092926,1,1,unlabeled
5131,8.825060149320052e-07,0,0,train
5132,2.406347334726888e-07,0,0,unlabeled
5133,0.86495441198349,1,1,unlabeled
5134,3.018267022980581e-07,0,0,train
5135,7.983561545188422e-08,0,0,unlabeled
5136,5.419375611381838e-06,0,0,unlabeled
5137,2.9737018403253046e-11,0,0,unlabeled
5138,7.565087445371432e-12,0,0,train
5139,0.0026401947252452374,0,0,unlabeled
5140,4.5949626326091675e-09,0,0,unlabeled
5141,1.2049922171186722e-09,0,0,unlabeled
5142,0.000808869837783277,0,0,train
5143,5.228150801173115e-09,0,0,unlabeled
5144,1.2030287876996226e-09,0,0,unlabeled
5145,3.5352866234461544e-07,0,0,unlabeled
5146,7.953857841455636e-13,0,0,unlabeled
5147,1.9902155823977447e-13,0,0,unlabeled
5148,0.0005610005464404821,0,0,unlabeled
5149,7.496622211888848e-10,0,0,unlabeled
5150,1.8328145945378793e-10,0,0,unlabeled
5151,0.00011865755368489772,0,0,unlabeled
5152,4.789088570156252e-10,0,0,unlabeled
5153,1.066346386191519e-10,0,0,train
5154,3.319415853297869e-08,0,0,train
5155,4.671060427016184e-14,0,0,unlabeled
5156,1.0572591555761766e-14,0,0,unlabeled
5157,7.314800768654095e-06,0,0,unlabeled
5158,7.954032571477754e-11,0,0,unlabeled
5159,1.753555807504359e-11,0,0,unlabeled
5160,7.841851765988395e-05,0,0,train
5161,2.5148452764689466e-10,0,0,unlabeled
5162,5.437262098895168e-11,0,0,unlabeled
5163,5.908811218091614e-09,0,0,unlabeled
5164,9.841064256359798e-15,0,0,unlabeled
5165,2.321914243584274e-15,0,0,unlabeled
5166,2.3417044303641887e-06,0,0,unlabeled
5167,1.9821862901059362e-11,0,0,unlabeled
5168,5.183985619244824e-12,0,0,unlabeled
5169,3.022952842002269e-05,0,0,unlabeled
5170,6.842916511207164e-11,0,0,unlabeled
5171,1.669009028204549e-11,0,0,train
5172,1.703793328644565e-09,0,0,unlabeled
5173,2.709130908498604e-15,0,0,unlabeled
5174,6.681464709368885e-16,0,0,unlabeled
5175,3.359013362569385e-06,0,0,unlabeled
5176,1.625756820833324e-11,0,0,unlabeled
5177,3.9689041983481665e-12,0,0,train
5178,2.217395740444772e-05,0,0,val
5179,6.184277395737681e-11,0,0,unlabeled
5180,1.3103800163005719e-11,0,0,unlabeled
5181,5.629176014210202e-10,0,0,unlabeled
5182,8.475760012526088e-16,0,0,train
5183,2.0902450415076083e-16,0,0,val
5184,0.9999374151229858,1,1,unlabeled
5185,0.0033589876256883144,0,0,unlabeled
5186,0.0005543483421206474,0,0,unlabeled
5187,0.9999204874038696,1,1,unlabeled
5188,0.0037737064994871616,0,0,unlabeled
5189,0.0005719847977161407,0,0,unlabeled
5190,0.02755104750394821,0,0,train
5191,4.223515048806803e-08,0,0,unlabeled
5192,1.1567588664718187e-08,0,0,unlabeled
5193,0.9991078972816467,1,1,val
5194,4.006059680250473e-05,0,0,unlabeled
5195,7.851441296224948e-06,0,0,unlabeled
5196,0.9995953440666199,1,1,unlabeled
5197,0.00017111310444306582,0,0,val
5198,2.7322739697410725e-05,0,0,unlabeled
5199,0.001099676126614213,0,0,unlabeled
5200,8.72330119250364e-09,0,0,unlabeled
5201,2.3923532044278772e-09,0,0,unlabeled
5202,0.9996090531349182,1,1,train
5203,3.270042725489475e-05,0,0,unlabeled
5204,6.179544016049476e-06,0,0,unlabeled
5205,0.9996609687805176,1,1,train
5206,6.838014087406918e-05,0,0,unlabeled
5207,1.1849883776449133e-05,0,0,unlabeled
5208,0.0002775571483653039,0,0,unlabeled
5209,1.6240632172426217e-09,0,0,unlabeled
5210,4.3442441310936886e-10,0,0,unlabeled
5211,0.9984819293022156,1,1,unlabeled
5212,1.3742671399086248e-05,0,0,unlabeled
5213,3.0857784167892532e-06,0,0,unlabeled
5214,0.999578058719635,1,1,unlabeled
5215,7.30360989109613e-05,0,0,unlabeled
5216,1.3249027688289061e-05,0,0,unlabeled
5217,0.00029447523411363363,0,0,unlabeled
5218,1.815630645829458e-09,0,0,unlabeled
5219,4.926186125686627e-10,0,0,unlabeled
5220,0.5837254524230957,0,1,unlabeled
5221,3.97530300233484e-07,0,0,train
5222,1.2268603200027428e-07,0,0,unlabeled
5223,0.951897382736206,1,1,unlabeled
5224,1.8708273046286195e-06,0,0,unlabeled
5225,5.428435656540387e-07,0,0,unlabeled
5226,3.5190269045415334e-06,0,0,unlabeled
5227,8.342228990931844e-11,0,0,train
5228,2.584276889705528e-11,0,0,unlabeled
5229,0.7151852250099182,0,1,unlabeled
5230,5.120249966239498e-07,0,0,unlabeled
5231,1.463985910277188e-07,0,0,unlabeled
5232,0.9950933456420898,1,1,val
5233,6.8188041950634215e-06,0,0,unlabeled
5234,1.7148272490885574e-06,0,0,unlabeled
5235,1.7890293747768737e-05,0,0,unlabeled
5236,1.8851495364735626e-10,0,0,unlabeled
5237,5.1603804562816435e-11,0,0,unlabeled
5238,0.9999381303787231,1,1,unlabeled
5239,0.0018319617956876755,0,0,unlabeled
5240,0.0003268820291850716,0,0,train
5241,0.9998712539672852,1,1,unlabeled
5242,0.0007468964904546738,0,0,unlabeled
5243,0.00012017418339382857,0,0,unlabeled
5244,0.009603762999176979,0,0,unlabeled
5245,1.6944831315868214e-08,0,0,unlabeled
5246,5.087247068047418e-09,0,0,unlabeled
5247,0.9990636706352234,1,1,train
5248,2.5480154363322072e-05,0,0,unlabeled
5249,5.606857484963257e-06,0,0,unlabeled
5250,0.9989691972732544,1,1,unlabeled
5251,5.031832552049309e-05,0,0,unlabeled
5252,9.699860129330773e-06,0,0,unlabeled
5253,0.00044190537300892174,0,0,unlabeled
5254,3.902142164946554e-09,0,0,train
5255,1.080265432662486e-09,0,0,train
5256,0.9981175661087036,1,1,train
5257,5.709083779947832e-06,0,0,unlabeled
5258,1.4879682339596911e-06,0,0,unlabeled
5259,0.9961524605751038,1,1,unlabeled
5260,4.99644193041604e-06,0,0,val
5261,1.3325666259333957e-06,0,0,unlabeled
5262,2.6161185814999044e-05,0,0,unlabeled
5263,2.655537456597301e-10,0,0,unlabeled
5264,7.887498987280139e-11,0,0,unlabeled
5265,0.9962343573570251,1,1,val
5266,4.677820470533334e-06,0,0,unlabeled
5267,1.1884113746418734e-06,0,0,unlabeled
5268,0.9982119798660278,1,1,unlabeled
5269,1.2649144991883077e-05,0,0,unlabeled
5270,2.911399178628926e-06,0,0,unlabeled
5271,6.604427471756935e-05,0,0,unlabeled
5272,4.2777573150409864e-10,0,0,unlabeled
5273,1.1517578557551644e-10,0,0,val
5274,0.048113856464624405,0,0,unlabeled
5275,4.54247128800489e-08,0,0,train
5276,1.4893333677434839e-08,0,0,unlabeled
5277,0.2050233632326126,0,0,val
5278,1.2565079998694273e-07,0,0,unlabeled
5279,3.7524404916666754e-08,0,0,unlabeled
5280,3.619385893216531e-07,0,0,unlabeled
5281,7.062487747400148e-12,0,0,unlabeled
5282,2.249106716839533e-12,0,0,unlabeled
5283,0.08040928840637207,0,0,unlabeled
5284,6.270039420996909e-08,0,0,unlabeled
5285,1.917806002893485e-08,0,0,unlabeled
5286,0.8326957821846008,1,0,unlabeled
5287,5.032179046793317e-07,0,0,unlabeled
5288,1.4307002516034117e-07,0,0,unlabeled
5289,1.707693854768877e-06,0,0,unlabeled
5290,1.509924824061315e-11,0,0,train
5291,4.148513563922984e-12,0,0,unlabeled
5292,0.9995260238647461,1,1,unlabeled
5293,2.1433947040350176e-05,0,0,val
5294,4.859947694058064e-06,0,0,train
5295,0.999285876750946,1,1,train
5296,2.17578617593972e-05,0,0,unlabeled
5297,4.7238745537470095e-06,0,0,unlabeled
5298,0.00034996250178664923,0,0,unlabeled
5299,1.4804732995088443e-09,0,0,train
5300,4.1255240890158973e-10,0,0,unlabeled
5301,0.07481999695301056,0,0,train
5302,7.953301661700607e-08,0,0,unlabeled
5303,2.1247624104603346e-08,0,0,unlabeled
5304,0.14108148217201233,0,0,unlabeled
5305,1.7061199741874589e-07,0,0,unlabeled
5306,4.250434315622442e-08,0,0,val
5307,1.1388183338567615e-06,0,0,unlabeled
5308,2.8348108582765263e-11,0,0,unlabeled
5309,7.780629439346765e-12,0,0,train
5310,0.5512686967849731,0,0,val
5311,1.3140366661446023e-07,0,0,train
5312,3.441351381638924e-08,0,0,unlabeled
5313,0.5683698654174805,0,0,unlabeled
5314,1.8761807041300926e-07,0,0,unlabeled
5315,4.762040006767165e-08,0,0,unlabeled
5316,1.1024319519492565e-06,0,0,val
5317,1.0853449215753042e-11,0,0,unlabeled
5318,3.0239534834497483e-12,0,0,val
5319,0.0035654145758599043,0,0,unlabeled
5320,7.145912306327773e-09,0,0,val
5321,1.8117284339425055e-09,0,0,unlabeled
5322,0.025412023067474365,0,0,unlabeled
5323,2.3167601170825947e-08,0,0,unlabeled
5324,5.557923010712784e-09,0,0,train
5325,1.1681245126737849e-07,0,0,unlabeled
5326,1.2997529484984338e-12,0,0,unlabeled
5327,3.440634279219812e-13,0,0,unlabeled
5328,0.0006012967205606401,0,0,unlabeled
5329,2.4621209515629516e-09,0,0,unlabeled
5330,7.635809762263079e-10,0,0,unlabeled
5331,0.0057012480683624744,0,0,train
5332,8.533699968893416e-09,0,0,train
5333,2.4082715821549527e-09,0,0,unlabeled
5334,3.93581096602702e-08,0,0,unlabeled
5335,4.297017386009627e-13,0,0,train
5336,1.287025363670355e-13,0,0,unlabeled
5337,1.8078195353155024e-05,0,0,unlabeled
5338,2.428811873844694e-10,0,0,unlabeled
5339,6.978999322893031e-11,0,0,unlabeled
5340,0.0007201565313152969,0,0,unlabeled
5341,2.4190118796951765e-09,0,0,unlabeled
5342,6.033306632069468e-10,0,0,unlabeled
5343,1.0704434671993113e-08,0,0,unlabeled
5344,1.785740473677841e-13,0,0,train
5345,4.362069584121393e-14,0,0,unlabeled
5346,0.9971518516540527,1,1,unlabeled
5347,6.295519597188104e-06,0,0,unlabeled
5348,1.6616968423477374e-06,0,0,train
5349,0.9935287833213806,1,1,unlabeled
5350,5.309358130034525e-06,0,0,val
5351,1.3624226085084956e-06,0,0,unlabeled
5352,6.263913383008912e-05,0,0,unlabeled
5353,4.67377025969995e-10,0,0,unlabeled
5354,1.2752299216600704e-10,0,0,train
5355,0.047308631241321564,0,0,unlabeled
5356,5.9359582138540645e-08,0,0,unlabeled
5357,1.5884136672639215e-08,0,0,unlabeled
5358,0.11804492026567459,0,0,unlabeled
5359,1.15458817617764e-07,0,0,unlabeled
5360,2.885537497832047e-08,0,0,unlabeled
5361,9.230748787558696e-07,0,0,unlabeled
5362,1.518569124614455e-11,0,0,unlabeled
5363,4.115546445304652e-12,0,0,unlabeled
5364,0.12191358953714371,0,0,train
5365,4.441377754460518e-08,0,0,unlabeled
5366,1.1561258617120984e-08,0,0,unlabeled
5367,0.15954062342643738,0,0,unlabeled
5368,4.9297625537292333e-08,0,0,unlabeled
5369,1.2398452042816643e-08,0,0,unlabeled
5370,3.1115152410166047e-07,0,0,unlabeled
5371,2.847467921174296e-12,0,0,unlabeled
5372,7.605420199868762e-13,0,0,unlabeled
5373,0.0037782606668770313,0,0,unlabeled
5374,5.803041158713995e-09,0,0,unlabeled
5375,1.4224841304866231e-09,0,0,unlabeled
5376,0.018346453085541725,0,0,unlabeled
5377,1.6405650171691377e-08,0,0,unlabeled
5378,3.880292087643511e-09,0,0,train
5379,9.526756628019939e-08,0,0,unlabeled
5380,1.2203413193162538e-12,0,0,unlabeled
5381,2.873272095509777e-13,0,0,unlabeled
5382,0.0002584419271443039,0,0,unlabeled
5383,1.114016989767208e-09,0,0,unlabeled
5384,3.3681565869692065e-10,0,0,train
5385,0.0018636954482644796,0,0,unlabeled
5386,3.5690856936554383e-09,0,0,val
5387,9.69613389578683e-10,0,0,val
5388,2.034970592035279e-08,0,0,unlabeled
5389,2.8985041905689457e-13,0,0,unlabeled
5390,7.582906606231829e-14,0,0,unlabeled
5391,3.067421494051814e-05,0,0,unlabeled
5392,2.063414300534916e-10,0,0,unlabeled
5393,5.5276706822926513e-11,0,0,unlabeled
5394,0.0019421384204179049,0,0,unlabeled
5395,3.2636908731120684e-09,0,0,train
5396,7.056017992113084e-10,0,0,unlabeled
5397,7.353426667577878e-08,0,0,unlabeled
5398,1.0580322425471356e-13,0,0,unlabeled
5399,2.410687446917966e-14,0,0,unlabeled
5400,0.9999593496322632,1,1,unlabeled
5401,0.005587963853031397,0,0,unlabeled
5402,0.0009562251507304609,0,0,unlabeled
5403,0.9999407529830933,1,1,unlabeled
5404,0.004609852097928524,0,0,train
5405,0.000723920005839318,0,0,unlabeled
5406,0.040069255977869034,0,0,unlabeled
5407,3.875693010968462e-08,0,0,unlabeled
5408,1.1128748589328552e-08,0,0,unlabeled
5409,0.9995567202568054,1,1,unlabeled
5410,6.50629008305259e-05,0,0,unlabeled
5411,1.1593713679758366e-05,0,0,unlabeled
5412,0.9996627569198608,1,1,unlabeled
5413,0.0002026609145104885,0,0,unlabeled
5414,3.149110125377774e-05,0,0,unlabeled
5415,0.0015518182190135121,0,0,unlabeled
5416,8.579250199147737e-09,0,0,unlabeled
5417,2.44308151486905e-09,0,0,unlabeled
5418,0.9991276860237122,1,1,unlabeled
5419,1.3062520338280592e-05,0,0,unlabeled
5420,2.7962898911937373e-06,0,0,unlabeled
5421,0.9991990923881531,1,1,train
5422,1.9874358258675784e-05,0,0,train
5423,3.94044127460802e-06,0,0,unlabeled
5424,8.587830234318972e-05,0,0,unlabeled
5425,6.391955298390428e-10,0,0,unlabeled
5426,1.70235353591508e-10,0,0,unlabeled
5427,0.9978874325752258,1,1,unlabeled
5428,8.442615580861457e-06,0,0,unlabeled
5429,1.9273313682788284e-06,0,0,unlabeled
5430,0.9994841814041138,1,1,train
5431,3.912848842446692e-05,0,0,unlabeled
5432,7.138856744859368e-06,0,0,unlabeled
5433,0.0001926827826537192,0,0,unlabeled
5434,9.11802633396519e-10,0,0,unlabeled
5435,2.325208636744236e-10,0,0,unlabeled
5436,0.046868808567523956,0,0,train
5437,5.299607863662459e-08,0,0,unlabeled
5438,1.719949871414883e-08,0,0,unlabeled
5439,0.3466885983943939,0,0,unlabeled
5440,2.125622415860562e-07,0,0,train
5441,6.188723489231052e-08,0,0,train
5442,4.7321569240921235e-07,0,0,train
5443,1.1089110532602753e-11,0,0,train
5444,3.3775009698755465e-12,0,0,train
5445,0.06427934020757675,0,0,unlabeled
5446,6.587346490505297e-08,0,0,unlabeled
5447,1.942964189538543e-08,0,0,unlabeled
5448,0.8862241506576538,1,0,unlabeled
5449,7.557363801424799e-07,0,0,unlabeled
5450,1.9436582476828335e-07,0,0,unlabeled
5451,1.991690396607737e-06,0,0,unlabeled
5452,2.2045084507871238e-11,0,0,train
5453,5.761244779856067e-12,0,0,unlabeled
5454,0.9999630451202393,1,1,unlabeled
5455,0.0039352914318442345,0,0,unlabeled
5456,0.0007541155791841447,0,0,unlabeled
5457,0.9999219179153442,1,1,unlabeled
5458,0.0013056695461273193,0,0,unlabeled
5459,0.00022765377070754766,0,0,unlabeled
5460,0.020654235035181046,0,0,unlabeled
5461,1.778372471505918e-08,0,0,train
5462,5.648711276506901e-09,0,0,unlabeled
5463,0.9995601773262024,1,1,unlabeled
5464,3.887946513714269e-05,0,0,train
5465,8.428738510701805e-06,0,0,unlabeled
5466,0.9993977546691895,1,1,unlabeled
5467,6.451390072470531e-05,0,0,unlabeled
5468,1.1617254131124355e-05,0,0,unlabeled
5469,0.0007817638106644154,0,0,unlabeled
5470,3.7647049921929465e-09,0,0,unlabeled
5471,1.059692555926972e-09,0,0,unlabeled
5472,0.9948970675468445,1,1,unlabeled
5473,2.8544072847580537e-06,0,0,unlabeled
5474,7.802667596479296e-07,0,0,val
5475,0.9894485473632812,1,1,unlabeled
5476,2.1454516172525473e-06,0,0,train
5477,5.907123181714269e-07,0,0,unlabeled
5478,1.190810144180432e-05,0,0,unlabeled
5479,1.174646768742349e-10,0,0,unlabeled
5480,3.4165198448121714e-11,0,0,unlabeled
5481,0.9940270185470581,1,1,unlabeled
5482,2.56427347267163e-06,0,0,unlabeled
5483,6.5393993509133e-07,0,0,train
5484,0.9978508949279785,1,1,unlabeled
5485,6.3919096646714024e-06,0,0,unlabeled
5486,1.4401116459339391e-06,0,0,unlabeled
5487,4.2296756873838603e-05,0,0,train
5488,1.7834284049556004e-10,0,0,unlabeled
5489,4.4883791128214057e-11,0,0,unlabeled
5490,0.002595340134575963,0,0,unlabeled
5491,7.303968541094719e-09,0,0,unlabeled
5492,2.5169388795376335e-09,0,0,unlabeled
5493,0.008963227272033691,0,0,unlabeled
5494,1.6618104226040487e-08,0,0,unlabeled
5495,4.981643098034283e-09,0,0,unlabeled
5496,5.567347116652854e-08,0,0,unlabeled
5497,1.0474110728048158e-12,0,0,unlabeled
5498,3.3048962329827736e-13,0,0,unlabeled
5499,0.00389643432572484,0,0,train
5500,8.965103326374901e-09,0,0,unlabeled
5501,2.6750497372773907e-09,0,0,unlabeled
5502,0.16150055825710297,0,0,unlabeled
5503,6.030136745494019e-08,0,0,unlabeled
5504,1.5684147314232177e-08,0,0,unlabeled
5505,2.388436257660942e-07,0,0,unlabeled
5506,3.2833720551433965e-12,0,0,train
5507,7.898586298904497e-13,0,0,unlabeled
5508,0.9997270703315735,1,1,unlabeled
5509,2.8571757866302505e-05,0,0,unlabeled
5510,5.9643693930411246e-06,0,0,unlabeled
5511,0.9995939135551453,1,1,unlabeled
5512,2.522258182580117e-05,0,0,train
5513,5.350535502657294e-06,0,0,unlabeled
5514,0.0005376016488298774,0,0,unlabeled
5515,1.1718568337926172e-09,0,0,unlabeled
5516,3.4254613034967463e-10,0,0,unlabeled
5517,0.1341199427843094,0,0,train
5518,8.270692575251815e-08,0,0,unlabeled
5519,2.2443932934379518e-08,0,0,unlabeled
5520,0.18915212154388428,0,0,unlabeled
5521,1.4655839208899124e-07,0,0,unlabeled
5522,3.5032609702057016e-08,0,0,train
5523,1.3119283721607644e-06,0,0,unlabeled
5524,1.9043239207761076e-11,0,0,train
5525,5.219743474255134e-12,0,0,unlabeled
5526,0.32755571603775024,0,0,unlabeled
5527,6.480940584197015e-08,0,0,val
5528,1.7332975943418205e-08,0,0,unlabeled
5529,0.33269986510276794,0,0,unlabeled
5530,6.939851004972297e-08,0,0,unlabeled
5531,1.790130355061592e-08,0,0,train
5532,4.6958999178059457e-07,0,0,val
5533,3.850691900758596e-12,0,0,unlabeled
5534,1.047906661617859e-12,0,0,unlabeled
5535,0.002279939828440547,0,0,unlabeled
5536,3.606311249626515e-09,0,0,train
5537,8.912755533607708e-10,0,0,unlabeled
5538,0.012660949490964413,0,0,unlabeled
5539,1.0150675855413738e-08,0,0,unlabeled
5540,2.31511565473852e-09,0,0,val
5541,7.166703852590217e-08,0,0,unlabeled
5542,8.340342847780458e-13,0,0,unlabeled
5543,1.8985265020244474e-13,0,0,unlabeled
5544,5.9508725826162845e-05,0,0,unlabeled
5545,4.2633155339366624e-10,0,0,unlabeled
5546,1.3305846702227342e-10,0,0,unlabeled
5547,0.0003160726628266275,0,0,unlabeled
5548,1.15537346356831e-09,0,0,unlabeled
5549,3.2047478559782405e-10,0,0,unlabeled
5550,6.964073762105727e-09,0,0,unlabeled
5551,1.184011385029632e-13,0,0,unlabeled
5552,3.192612529055207e-14,0,0,unlabeled
5553,2.235599822597578e-06,0,0,unlabeled
5554,3.195291600754935e-11,0,0,unlabeled
5555,8.874595502916804e-12,0,0,unlabeled
5556,5.2217350457794964e-05,0,0,train
5557,4.668451736300483e-10,0,0,unlabeled
5558,9.827485353275378e-11,0,0,unlabeled
5559,1.069280397558714e-08,0,0,unlabeled
5560,2.7457184543036063e-14,0,0,unlabeled
5561,6.163362819378926e-15,0,0,unlabeled
5562,0.9988151788711548,1,1,unlabeled
5563,7.843905223126058e-06,0,0,unlabeled
5564,2.0066929664608324e-06,0,0,unlabeled
5565,0.9974824786186218,1,1,unlabeled
5566,5.715708084608195e-06,0,0,unlabeled
5567,1.4650851198894088e-06,0,0,train
5568,0.00010115598706761375,0,0,unlabeled
5569,3.3085215123129785e-10,0,0,val
5570,9.366083603135067e-11,0,0,unlabeled
5571,0.10990332812070847,0,0,unlabeled
5572,6.513246830763819e-08,0,0,train
5573,1.758998458001315e-08,0,0,unlabeled
5574,0.19222374260425568,0,0,unlabeled
5575,1.0748057377441e-07,0,0,unlabeled
5576,2.5298581007859866e-08,0,0,train
5577,1.1788022220571293e-06,0,0,unlabeled
5578,1.7453606268591493e-11,0,0,unlabeled
5579,4.2892564500185415e-12,0,0,train
5580,0.08029772341251373,0,0,unlabeled
5581,2.1542987838074623e-08,0,0,unlabeled
5582,5.5867790393904215e-09,0,0,unlabeled
5583,0.0652175173163414,0,0,unlabeled
5584,1.8887108765852645e-08,0,0,unlabeled
5585,4.532413111490996e-09,0,0,unlabeled
5586,1.6756737863943272e-07,0,0,unlabeled
5587,1.7568492233915878e-12,0,0,unlabeled
5588,4.1156780674483917e-13,0,0,unlabeled
5589,0.0029128387104719877,0,0,unlabeled
5590,2.7806301705624037e-09,0,0,unlabeled
5591,6.568721122590659e-10,0,0,unlabeled
5592,0.01849486120045185,0,0,train
5593,1.0790901505686179e-08,0,0,unlabeled
5594,2.085978945132183e-09,0,0,train
5595,3.7570606536974083e-07,0,0,unlabeled
5596,4.2461696593727727e-13,0,0,unlabeled
5597,8.725225403294345e-14,0,0,unlabeled
5598,2.557182961027138e-05,0,0,unlabeled
5599,1.6768722521653956e-10,0,0,unlabeled
5600,4.979795395487763e-11,0,0,train
5601,0.00014945898146834224,0,0,unlabeled
5602,7.185544936838539e-10,0,0,unlabeled
5603,1.68751790319277e-10,0,0,unlabeled
5604,2.3042618479962584e-08,0,0,unlabeled
5605,4.644116308964025e-14,0,0,unlabeled
5606,1.1193836859497118e-14,0,0,unlabeled
5607,3.6342487419460667e-06,0,0,unlabeled
5608,4.649733723049998e-11,0,0,unlabeled
5609,1.1038673447538727e-11,0,0,unlabeled
5610,0.0021499095018953085,0,0,unlabeled
5611,1.0568222963414087e-09,0,0,unlabeled
5612,2.0938187295094224e-10,0,0,unlabeled
5613,1.1942503874706745e-08,0,0,unlabeled
5614,1.5093410530198255e-14,0,0,unlabeled
5615,3.450758228763632e-15,0,0,unlabeled
5616,0.9999586343765259,1,1,unlabeled
5617,0.0021545158233493567,0,0,unlabeled
5618,0.00040235117194242775,0,0,unlabeled
5619,0.9999141693115234,1,1,unlabeled
5620,0.0006782489363104105,0,0,unlabeled
5621,0.00012716921628452837,0,0,unlabeled
5622,0.008082330226898193,0,0,train
5623,9.251538202192933e-09,0,0,unlabeled
5624,2.905079288240131e-09,0,0,unlabeled
5625,0.9996445178985596,1,1,train
5626,3.248794382670894e-05,0,0,unlabeled
5627,6.983315870456863e-06,0,0,unlabeled
5628,0.9993091821670532,1,1,unlabeled
5629,3.4176555345766246e-05,0,0,val
5630,6.723378191964002e-06,0,0,val
5631,0.000556287937797606,0,0,unlabeled
5632,2.062769954846999e-09,0,0,unlabeled
5633,6.032523924837108e-10,0,0,unlabeled
5634,0.9945504069328308,1,1,unlabeled
5635,2.2948443074710667e-06,0,0,unlabeled
5636,6.099537017689727e-07,0,0,unlabeled
5637,0.9848120212554932,1,1,unlabeled
5638,1.532775854684587e-06,0,0,train
5639,4.0985568716678245e-07,0,0,unlabeled
5640,8.257518857135437e-06,0,0,unlabeled
5641,7.179239147614425e-11,0,0,unlabeled
5642,2.032477137980937e-11,0,0,unlabeled
5643,0.995090126991272,1,1,unlabeled
5644,2.3028308078210102e-06,0,0,unlabeled
5645,5.78816923280101e-07,0,0,unlabeled
5646,0.9957709908485413,1,1,unlabeled
5647,3.057265757888672e-06,0,0,val
5648,7.493183034057438e-07,0,0,unlabeled
5649,2.1796613509650342e-05,0,0,unlabeled
5650,1.0225480184811175e-10,0,0,unlabeled
5651,2.6796634355896742e-11,0,0,val
5652,0.006989126093685627,0,0,unlabeled
5653,9.667110667521683e-09,0,0,val
5654,3.2210010214583917e-09,0,0,unlabeled
5655,0.018234077841043472,0,0,train
5656,1.5480708270843024e-08,0,0,unlabeled
5657,4.7828199178923114e-09,0,0,unlabeled
5658,6.312964018206912e-08,0,0,unlabeled
5659,8.999365380506219e-13,0,0,unlabeled
5660,2.7849239841309936e-13,0,0,unlabeled
5661,0.015178275294601917,0,0,unlabeled
5662,1.239935087937738e-08,0,0,unlabeled
5663,3.5578302526317884e-09,0,0,unlabeled
5664,0.23234550654888153,0,0,unlabeled
5665,5.439749273250527e-08,0,0,train
5666,1.403656302301215e-08,0,0,unlabeled
5667,2.464307442551217e-07,0,0,unlabeled
5668,2.669795591200841e-12,0,0,unlabeled
5669,6.515305872936694e-13,0,0,train
5670,0.9999415874481201,1,1,train
5671,0.00048666022485122085,0,0,unlabeled
5672,0.00010247217869618908,0,0,unlabeled
5673,0.999817430973053,1,1,unlabeled
5674,7.491299038520083e-05,0,0,unlabeled
5675,1.5330799215007573e-05,0,0,train
5676,0.001748551381751895,0,0,unlabeled
5677,2.3158046591476023e-09,0,0,train
5678,7.489590614362385e-10,0,0,unlabeled
5679,0.9990957975387573,1,0,val
5680,1.0578589353826828e-05,0,0,train
5681,2.8391630166879622e-06,0,0,unlabeled
5682,0.9967706203460693,1,0,val
5683,6.550643320224481e-06,0,0,unlabeled
5684,1.6142515733008622e-06,0,0,unlabeled
5685,0.00011731870472431183,0,0,unlabeled
5686,4.8745085745594e-10,0,0,unlabeled
5687,1.41929107355665e-10,0,0,train
5688,0.9181685447692871,1,0,unlabeled
5689,3.120135545486846e-07,0,0,val
5690,9.300160286329628e-08,0,0,train
5691,0.7546899318695068,1,0,unlabeled
5692,1.3717166780224943e-07,0,0,unlabeled
5693,4.0143490309674235e-08,0,0,unlabeled
5694,9.555560609442182e-07,0,0,unlabeled
5695,7.949873398471752e-12,0,0,unlabeled
5696,2.276113325594409e-12,0,0,unlabeled
5697,0.9564343094825745,1,0,unlabeled
5698,3.830610353361408e-07,0,0,train
5699,1.0198265698591058e-07,0,0,unlabeled
5700,0.9420747756958008,1,0,val
5701,3.4835221640605596e-07,0,0,unlabeled
5702,9.037763959440781e-08,0,0,unlabeled
5703,3.3770004392863484e-06,0,0,unlabeled
5704,1.896957417535372e-11,0,0,train
5705,4.552472114560668e-12,0,0,unlabeled
5706,0.0002826583222486079,0,0,unlabeled
5707,9.078962581732242e-10,0,0,unlabeled
5708,3.0245103643800064e-10,0,0,unlabeled
5709,0.00027149065863341093,0,0,val
5710,7.665943435597455e-10,0,0,unlabeled
5711,2.313834124301195e-10,0,0,unlabeled
5712,5.530914393148123e-09,0,0,unlabeled
5713,1.178113867312397e-13,0,0,unlabeled
5714,3.389810947131838e-14,0,0,train
5715,0.00041696307016536593,0,0,val
5716,8.338749135639034e-10,0,0,unlabeled
5717,2.5004917580950803e-10,0,0,unlabeled
5718,0.0034746541641652584,0,0,unlabeled
5719,3.74535291669531e-09,0,0,unlabeled
5720,9.407499224067806e-10,0,0,unlabeled
5721,1.0559125485087861e-07,0,0,train
5722,1.6412649776580135e-13,0,0,unlabeled
5723,4.0814512956410115e-14,0,0,train
5724,0.9997193217277527,1,1,unlabeled
5725,1.3356951058085542e-05,0,0,unlabeled
5726,3.174126959493151e-06,0,0,train
5727,0.9994751811027527,1,1,unlabeled
5728,7.680594535486307e-06,0,0,unlabeled
5729,1.8865741822082782e-06,0,0,unlabeled
5730,0.00024753905017860234,0,0,unlabeled
5731,3.284910121692519e-10,0,0,unlabeled
5732,9.332416089913309e-11,0,0,unlabeled
5733,0.2779422700405121,0,0,unlabeled
5734,6.543093178379422e-08,0,0,unlabeled
5735,1.77472969653536e-08,0,0,unlabeled
5736,0.2663151025772095,0,0,unlabeled
5737,7.21389525892846e-08,0,0,unlabeled
5738,1.7392718376640914e-08,0,0,train
5739,1.0929643394774757e-06,0,0,unlabeled
5740,1.052994323680334e-11,0,0,unlabeled
5741,2.595414768519211e-12,0,0,unlabeled
5742,0.18336500227451324,0,0,unlabeled
5743,2.146264499458539e-08,0,0,unlabeled
5744,5.809707825932264e-09,0,0,train
5745,0.10672168433666229,0,0,val
5746,1.4122741198718813e-08,0,0,train
5747,3.626521971611396e-09,0,0,unlabeled
5748,1.6850775352850178e-07,0,0,unlabeled
5749,1.1440564207793047e-12,0,0,unlabeled
5750,2.8050375607338585e-13,0,0,unlabeled
5751,0.002089868765324354,0,0,unlabeled
5752,1.333143595516617e-09,0,0,unlabeled
5753,3.2804900462757303e-10,0,0,unlabeled
5754,0.006627308204770088,0,0,unlabeled
5755,3.094653866497765e-09,0,0,unlabeled
5756,6.416507325468501e-10,0,0,unlabeled
5757,1.6259893698133965e-07,0,0,val
5758,1.3646381117130013e-13,0,0,unlabeled
5759,2.9429624427528e-14,0,0,unlabeled
5760,2.536678221076727e-05,0,0,unlabeled
5761,9.891969882103169e-11,0,0,unlabeled
5762,3.0903151565508935e-11,0,0,unlabeled
5763,7.110655133146793e-05,0,0,unlabeled
5764,2.2502204266583448e-10,0,0,train
5765,5.93619875477458e-11,0,0,unlabeled
5766,1.2073531507894586e-08,0,0,unlabeled
5767,1.614543392101757e-14,0,0,unlabeled
5768,4.312777518195466e-15,0,0,unlabeled
5769,1.4634360923082568e-06,0,0,unlabeled
5770,1.5633768585265884e-11,0,0,unlabeled
5771,3.913063015975604e-12,0,0,unlabeled
5772,0.000211375838262029,0,0,unlabeled
5773,1.872613869524642e-10,0,0,unlabeled
5774,4.049285906582156e-11,0,0,unlabeled
5775,3.371037893273865e-09,0,0,unlabeled
5776,4.040875706962099e-15,0,0,unlabeled
5777,9.284367310128197e-16,0,0,unlabeled
5778,0.9989833235740662,1,1,unlabeled
5779,3.940885108022485e-06,0,0,unlabeled
5780,1.0679350452846847e-06,0,0,unlabeled
5781,0.9970011115074158,1,1,train
5782,1.7169858210763778e-06,0,0,unlabeled
5783,4.5941990833853197e-07,0,0,unlabeled
5784,4.8508201871300116e-05,0,0,unlabeled
5785,1.168766888826056e-10,0,0,unlabeled
5786,2.94757933338996e-11,0,0,unlabeled
5787,0.28891894221305847,0,0,val
5788,4.11049470017133e-08,0,0,unlabeled
5789,1.0662519756010624e-08,0,0,val
5790,0.2616942524909973,0,0,unlabeled
5791,5.651105539072887e-08,0,0,unlabeled
5792,1.225685863914805e-08,0,0,unlabeled
5793,3.9237843338923994e-06,0,0,unlabeled
5794,4.095453143282413e-12,0,0,unlabeled
5795,9.580451666366119e-13,0,0,train
5796,0.03374283388257027,0,0,unlabeled
5797,5.180839757201738e-09,0,0,unlabeled
5798,1.326553755731652e-09,0,0,unlabeled
5799,0.019806746393442154,0,0,train
5800,4.152018728831308e-09,0,0,unlabeled
5801,9.084991092755956e-10,0,0,unlabeled
5802,2.582153229013784e-07,0,0,unlabeled
5803,2.1509142665750158e-13,0,0,unlabeled
5804,4.7174307374938523e-14,0,0,unlabeled
5805,0.0024892124347388744,0,0,unlabeled
5806,1.1812932854127212e-09,0,0,unlabeled
5807,2.4742369264529884e-10,0,0,unlabeled
5808,0.06712764501571655,0,0,unlabeled
5809,3.6138168013621907e-09,0,0,unlabeled
5810,7.127695100805909e-10,0,0,unlabeled
5811,9.991955352006698e-08,0,0,unlabeled
5812,4.861101077875338e-14,0,0,unlabeled
5813,1.0691139745960636e-14,0,0,unlabeled
5814,1.136110495281173e-05,0,0,unlabeled
5815,5.613283796113144e-11,0,0,unlabeled
5816,1.549805596356979e-11,0,0,train
5817,0.0004066558612976223,0,0,unlabeled
5818,1.8956131109248986e-10,0,0,unlabeled
5819,4.827853741784516e-11,0,0,unlabeled
5820,4.777185758086944e-09,0,0,unlabeled
5821,5.3261999235425066e-15,0,0,unlabeled
5822,1.4014898089777694e-15,0,0,val
5823,2.804686846502591e-05,0,0,unlabeled
5824,5.6064999864879894e-11,0,0,unlabeled
5825,1.4146874643961027e-11,0,0,unlabeled
5826,0.0006901553133502603,0,0,unlabeled
5827,2.383115926818391e-10,0,0,unlabeled
5828,4.9599366280794754e-11,0,0,unlabeled
5829,2.3720883035593943e-09,0,0,unlabeled
5830,2.0315699839903393e-15,0,0,train
5831,4.807580072905301e-16,0,0,unlabeled
5832,0.9998360872268677,1,1,unlabeled
5833,0.0002496791712474078,0,0,unlabeled
5834,4.4904609239893034e-05,0,0,unlabeled
5835,0.9993343949317932,1,1,unlabeled
5836,6.251215381780639e-05,0,0,unlabeled
5837,1.2070318916812539e-05,0,0,train
5838,0.001032382482662797,0,0,unlabeled
5839,3.5255138808309994e-09,0,0,unlabeled
5840,1.0741980638329096e-09,0,0,unlabeled
5841,0.7394914031028748,1,0,unlabeled
5842,8.64799915234471e-07,0,0,unlabeled
5843,2.4574333679083793e-07,0,0,train
5844,0.5769110321998596,0,0,unlabeled
5845,7.194765885287779e-07,0,0,unlabeled
5846,1.9633012016129214e-07,0,0,unlabeled
5847,6.1965938584762625e-06,0,0,unlabeled
5848,1.2991817344154555e-10,0,0,unlabeled
5849,3.817937285766071e-11,0,0,unlabeled
5850,0.47105544805526733,0,0,train
5851,2.2327354542994726e-07,0,0,train
5852,6.006834496474767e-08,0,0,train
5853,0.23477599024772644,0,0,unlabeled
5854,1.2206679400605935e-07,0,0,unlabeled
5855,3.286110583644586e-08,0,0,train
5856,6.706362114528019e-07,0,0,unlabeled
5857,1.1740234652501957e-11,0,0,unlabeled
5858,3.109963024952589e-12,0,0,unlabeled
5859,0.025646572932600975,0,0,unlabeled
5860,2.9384006339228108e-08,0,0,unlabeled
5861,7.648640831803277e-09,0,0,train
5862,0.036236472427845,0,0,train
5863,3.7938644226187535e-08,0,0,unlabeled
5864,9.315920479480155e-09,0,0,unlabeled
5865,2.1982667419706559e-07,0,0,unlabeled
5866,5.070035537235729e-12,0,0,unlabeled
5867,1.2254519230966987e-12,0,0,unlabeled
5868,0.0007403320632874966,0,0,unlabeled
5869,3.3115978848030636e-09,0,0,train
5870,1.0351862700375136e-09,0,0,unlabeled
5871,0.0013675530208274722,0,0,train
5872,5.039634931591763e-09,0,0,unlabeled
5873,1.4038028517404655e-09,0,0,train
5874,2.576873470161445e-08,0,0,unlabeled
5875,6.828425086653767e-13,0,0,unlabeled
5876,1.817341985449819e-13,0,0,unlabeled
5877,8.07386459200643e-05,0,0,val
5878,8.156775255230286e-10,0,0,unlabeled
5879,2.1308194098068611e-10,0,0,unlabeled
5880,0.001550066750496626,0,0,unlabeled
5881,5.9289622100777706e-09,0,0,unlabeled
5882,1.2932339643612067e-09,0,0,unlabeled
5883,1.0970793340447926e-07,0,0,train
5884,3.688073880580428e-13,0,0,unlabeled
5885,8.029534204418223e-14,0,0,train
5886,0.9998372793197632,1,1,unlabeled
5887,0.00012195913586765528,0,0,unlabeled
5888,2.4875396775314584e-05,0,0,train
5889,0.9989963173866272,1,1,unlabeled
5890,1.8290942534804344e-05,0,0,unlabeled
5891,4.447325864020968e-06,0,0,unlabeled
5892,0.0005916288355365396,0,0,train
5893,1.1540366440243588e-09,0,0,unlabeled
5894,3.591687780524211e-10,0,0,unlabeled
5895,0.8660068511962891,1,0,unlabeled
5896,7.322201440729259e-07,0,0,unlabeled
5897,2.0706812620119308e-07,0,0,unlabeled
5898,0.5289264917373657,0,0,unlabeled
5899,3.8449422845587833e-07,0,0,unlabeled
5900,9.895608599208572e-08,0,0,unlabeled
5901,4.873812031291891e-06,0,0,unlabeled
5902,8.780164095778531e-11,0,0,val
5903,2.3171407501076935e-11,0,0,unlabeled
5904,0.28798219561576843,0,0,unlabeled
5905,6.99241340385015e-08,0,0,train
5906,1.9992146604863592e-08,0,0,unlabeled
5907,0.04400767758488655,0,0,unlabeled
5908,2.178387958906569e-08,0,0,train
5909,5.946119596700328e-09,0,0,unlabeled
5910,2.2914733222023642e-07,0,0,unlabeled
5911,3.354721448550757e-12,0,0,unlabeled
5912,8.827255875039353e-13,0,0,unlabeled
5913,0.01724155806005001,0,0,unlabeled
5914,1.1506260833016313e-08,0,0,unlabeled
5915,2.9142919188984706e-09,0,0,train
5916,0.01271212287247181,0,0,unlabeled
5917,1.446297570595334e-08,0,0,unlabeled
5918,3.143957094664529e-09,0,0,unlabeled
5919,5.279081847220368e-07,0,0,unlabeled
5920,1.1160888836389549e-12,0,0,unlabeled
5921,2.4598674334443127e-13,0,0,unlabeled
5922,0.0001013472574413754,0,0,unlabeled
5923,4.689790777945291e-10,0,0,unlabeled
5924,1.4259279867978591e-10,0,0,train
5925,8.265874203061685e-05,0,0,unlabeled
5926,7.086540798617591e-10,0,0,unlabeled
5927,1.8284919411915013e-10,0,0,train
5928,2.455209546781134e-08,0,0,unlabeled
5929,7.28651419258132e-14,0,0,unlabeled
5930,1.92117965280977e-14,0,0,unlabeled
5931,1.0996905075444374e-05,0,0,train
5932,1.9702685316591584e-10,0,0,unlabeled
5933,5.017665102857727e-11,0,0,unlabeled
5934,0.0011989338090643287,0,0,val
5935,1.575303443246412e-09,0,0,train
5936,3.45184020256184e-10,0,0,train
5937,2.008142274689817e-08,0,0,train
5938,4.2660401036384576e-14,0,0,train
5939,1.0045349968512696e-14,0,0,train
5940,0.9993126392364502,1,1,unlabeled
5941,7.157603704399662e-06,0,0,unlabeled
5942,1.7624141719352338e-06,0,0,unlabeled
5943,0.9980772733688354,1,1,train
5944,3.35622780767153e-06,0,0,val
5945,8.415304364461917e-07,0,0,unlabeled
5946,0.0001349818194285035,0,0,unlabeled
5947,2.4668531106719627e-10,0,0,unlabeled
5948,6.125007445678676e-11,0,0,train
5949,0.010253652930259705,0,0,unlabeled
5950,9.31904864387434e-09,0,0,unlabeled
5951,2.3491031342359747e-09,0,0,unlabeled
5952,0.006151149515062571,0,0,unlabeled
5953,1.1934419674730634e-08,0,0,unlabeled
5954,2.5301511996644876e-09,0,0,unlabeled
5955,7.250227440636081e-07,0,0,val
5956,1.7072551055166696e-12,0,0,unlabeled
5957,4.031495731866841e-13,0,0,unlabeled
5958,0.017647860571742058,0,0,unlabeled
5959,5.694773985709389e-09,0,0,unlabeled
5960,1.3584732228011376e-09,0,0,val
5961,0.009856844320893288,0,0,unlabeled
5962,4.484935089976716e-09,0,0,unlabeled
5963,9.436414982744168e-10,0,0,unlabeled
5964,2.775513507913274e-07,0,0,train
5965,3.0077250911218767e-13,0,0,unlabeled
5966,6.604058391725814e-14,0,0,unlabeled
5967,1.248033731826581e-05,0,0,train
5968,1.276855843279634e-10,0,0,train
5969,2.6587697321556192e-11,0,0,val
5970,0.00030051605426706374,0,0,unlabeled
5971,4.851339330258497e-10,0,0,train
5972,9.678520485056907e-11,0,0,unlabeled
5973,1.0729209520832228e-08,0,0,unlabeled
5974,1.857466681550249e-14,0,0,unlabeled
5975,4.065072050133366e-15,0,0,unlabeled
5976,1.5427171092596836e-05,0,0,unlabeled
5977,9.272976136953659e-11,0,0,unlabeled
5978,2.3871226176308546e-11,0,0,unlabeled
5979,0.0005300164921209216,0,0,train
5980,3.5211372706456245e-10,0,0,unlabeled
5981,8.107384902311665e-11,0,0,unlabeled
5982,8.021579844808002e-09,0,0,train
5983,1.0331814817208206e-14,0,0,unlabeled
5984,2.4503168150915005e-15,0,0,unlabeled
5985,3.3965570764848962e-06,0,0,train
5986,2.130033996405878e-11,0,0,unlabeled
5987,5.1097615721973355e-12,0,0,unlabeled
5988,3.487095091259107e-05,0,0,unlabeled
5989,9.194320998995309e-11,0,0,unlabeled
5990,1.799833546090035e-11,0,0,unlabeled
5991,7.72738040222265e-10,0,0,unlabeled
5992,1.5315160367657642e-15,0,0,unlabeled
5993,3.49449795136866e-16,0,0,train
5994,0.9965863227844238,1,1,unlabeled
5995,1.5269297364284284e-06,0,0,unlabeled
5996,4.019953792067099e-07,0,0,train
5997,0.9826931953430176,1,1,unlabeled
5998,7.490925781894475e-07,0,0,unlabeled
5999,1.6947569747571833e-07,0,0,unlabeled
6000,9.2971560661681e-05,0,0,unlabeled
6001,3.559693512178441e-11,0,0,unlabeled
6002,8.34177865671748e-12,0,0,unlabeled
6003,0.00514518516138196,0,0,unlabeled
6004,6.2453660021333235e-09,0,0,unlabeled
6005,1.415220718392618e-09,0,0,unlabeled
6006,0.028324097394943237,0,0,unlabeled
6007,1.1116805254118844e-08,0,0,unlabeled
6008,2.387840147832776e-09,0,0,unlabeled
6009,3.6126198210695293e-07,0,0,unlabeled
6010,6.586651796897103e-13,0,0,unlabeled
6011,1.6244038720473336e-13,0,0,train
6012,0.0023561655543744564,0,0,unlabeled
6013,1.7858869938436328e-09,0,0,train
6014,3.690323879812496e-10,0,0,unlabeled
6015,0.010079984553158283,0,0,unlabeled
6016,1.8030551496295288e-09,0,0,unlabeled
6017,3.6744018938605905e-10,0,0,unlabeled
6018,5.170950601041113e-08,0,0,train
6019,6.01885823624769e-14,0,0,train
6020,1.3440651044395457e-14,0,0,unlabeled
6021,0.00015131611144170165,0,0,unlabeled
6022,3.695339034770484e-10,0,0,unlabeled
6023,7.836454402054827e-11,0,0,unlabeled
6024,0.0002423830155748874,0,0,unlabeled
6025,3.5222788574706954e-10,0,0,unlabeled
6026,7.242007687979779e-11,0,0,unlabeled
6027,4.273730702664125e-09,0,0,train
6028,8.095192979764177e-15,0,0,unlabeled
6029,1.90207304591526e-15,0,0,unlabeled
6030,0.0001763779582688585,0,0,train
6031,3.833240669326443e-10,0,0,train
6032,1.0499184160961406e-10,0,0,unlabeled
6033,0.00027915980899706483,0,0,unlabeled
6034,3.799864312092893e-10,0,0,unlabeled
6035,9.314082144440405e-11,0,0,unlabeled
6036,5.087043231100097e-09,0,0,unlabeled
6037,1.0674919065020716e-14,0,0,train
6038,2.696233137810763e-15,0,0,unlabeled
6039,4.83027406517067e-06,0,0,train
6040,1.9989600252845463e-11,0,0,unlabeled
6041,4.797961507263526e-12,0,0,unlabeled
6042,3.311024556751363e-05,0,0,unlabeled
6043,9.786688126567356e-11,0,0,unlabeled
6044,1.9839905759932996e-11,0,0,unlabeled
6045,6.667608687394022e-10,0,0,unlabeled
6046,1.3140339748111182e-15,0,0,unlabeled
6047,3.169710314584491e-16,0,0,unlabeled
6048,0.3770093321800232,0,0,unlabeled
6049,1.9142729001941916e-07,0,0,train
6050,5.46996261618915e-08,0,0,unlabeled
6051,0.35872483253479004,0,0,unlabeled
6052,2.652822388427012e-07,0,0,unlabeled
6053,6.967849941474924e-08,0,0,unlabeled
6054,9.522719892629539e-07,0,0,unlabeled
6055,2.849338300026094e-11,0,0,unlabeled
6056,8.264651983613813e-12,0,0,unlabeled
6057,0.045594461262226105,0,0,train
6058,4.2935457855719505e-08,0,0,unlabeled
6059,1.2065796362037418e-08,0,0,unlabeled
6060,0.20542871952056885,0,0,unlabeled
6061,1.7665169593783503e-07,0,0,unlabeled
6062,4.505866968429473e-08,0,0,unlabeled
6063,6.115630526437599e-07,0,0,unlabeled
6064,2.2694818246904447e-11,0,0,unlabeled
6065,6.710149363237106e-12,0,0,train
6066,0.018103305250406265,0,0,unlabeled
6067,1.2125966009080003e-08,0,0,unlabeled
6068,3.3666940346677166e-09,0,0,unlabeled
6069,0.04117807000875473,0,0,train
6070,2.697564482900816e-08,0,0,unlabeled
6071,7.42611039328267e-09,0,0,unlabeled
6072,7.51032587231748e-08,0,0,unlabeled
6073,1.5765936733219688e-12,0,0,train
6074,4.566278995546402e-13,0,0,unlabeled
6075,0.034206196665763855,0,0,unlabeled
6076,2.415352540197091e-08,0,0,train
6077,6.904543159436116e-09,0,0,unlabeled
6078,0.2097252607345581,0,0,train
6079,1.1065510108210219e-07,0,0,unlabeled
6080,2.9526814770974852e-08,0,0,unlabeled
6081,3.6221689470039564e-07,0,0,unlabeled
6082,5.79574235826108e-12,0,0,unlabeled
6083,1.6259700834006519e-12,0,0,unlabeled
6084,9.161980415228754e-05,0,0,unlabeled
6085,8.125331518726853e-10,0,0,unlabeled
6086,2.565136159038417e-10,0,0,unlabeled
6087,0.0014513402711600065,0,0,unlabeled
6088,5.142699599502976e-09,0,0,val
6089,1.455070730571606e-09,0,0,unlabeled
6090,1.083970779802712e-08,0,0,unlabeled
6091,2.242350727842124e-13,0,0,unlabeled
6092,6.998636831742969e-14,0,0,unlabeled
6093,0.0013445081422105432,0,0,train
6094,3.709145879327025e-09,0,0,unlabeled
6095,1.0798575367232388e-09,0,0,unlabeled
6096,0.17456485331058502,0,0,unlabeled
6097,4.691208843610184e-08,0,0,unlabeled
6098,1.2481855549140164e-08,0,0,unlabeled
6099,1.5603633585214993e-07,0,0,unlabeled
6100,1.0367534738695006e-12,0,0,train
6101,2.8506456093216337e-13,0,0,train
6102,0.3221447765827179,0,0,unlabeled
6103,1.1522494958171592e-07,0,0,unlabeled
6104,3.4353966782418865e-08,0,0,unlabeled
6105,0.11537187546491623,0,0,train
6106,9.348695328981194e-08,0,0,unlabeled
6107,2.4947965471255884e-08,0,0,unlabeled
6108,4.692305139997188e-07,0,0,train
6109,9.875771207756845e-12,0,0,unlabeled
6110,3.1006518966952834e-12,0,0,unlabeled
6111,0.028947168961167336,0,0,unlabeled
6112,3.072312537710786e-08,0,0,unlabeled
6113,8.512031079987992e-09,0,0,unlabeled
6114,0.061069611459970474,0,0,unlabeled
6115,7.654919187416453e-08,0,0,unlabeled
6116,1.890462364428913e-08,0,0,unlabeled
6117,3.575707978598075e-07,0,0,unlabeled
6118,9.667925314482684e-12,0,0,unlabeled
6119,2.7193906848577143e-12,0,0,unlabeled
6120,0.003161333967000246,0,0,unlabeled
6121,2.9736821893777687e-09,0,0,unlabeled
6122,9.261242883695786e-10,0,0,val
6123,0.0028719312977045774,0,0,unlabeled
6124,3.881328591859301e-09,0,0,unlabeled
6125,1.1328061821913593e-09,0,0,unlabeled
6126,1.7062689039448742e-08,0,0,unlabeled
6127,2.4767072615873575e-13,0,0,unlabeled
6128,7.78145316194731e-14,0,0,unlabeled
6129,0.012495636008679867,0,0,unlabeled
6130,9.18416542816658e-09,0,0,train
6131,2.479633609553389e-09,0,0,unlabeled
6132,0.055791232734918594,0,0,unlabeled
6133,3.130823600372423e-08,0,0,unlabeled
6134,8.19440693078377e-09,0,0,unlabeled
6135,1.358013150820625e-07,0,0,val
6136,1.257255259103085e-12,0,0,unlabeled
6137,3.316274663732466e-13,0,0,unlabeled
6138,7.041617209324613e-06,0,0,unlabeled
6139,1.0430899199942445e-10,0,0,train
6140,3.317214211651098e-11,0,0,unlabeled
6141,3.7137553590582684e-05,0,0,unlabeled
6142,3.749539567721172e-10,0,0,unlabeled
6143,1.0765727892492194e-10,0,0,train
6144,1.2313275954412006e-09,0,0,unlabeled
6145,2.0528660016469122e-14,0,0,unlabeled
6146,6.458607164572727e-15,0,0,unlabeled
6147,8.029999298742041e-05,0,0,train
6148,4.847703904964362e-10,0,0,unlabeled
6149,1.4490157684843297e-10,0,0,unlabeled
6150,0.006211983971297741,0,0,unlabeled
6151,4.551576004985236e-09,0,0,train
6152,1.210105238236281e-09,0,0,train
6153,1.896602164208616e-08,0,0,unlabeled
6154,1.8512533899502776e-13,0,0,train
6155,4.740856280683117e-14,0,0,unlabeled
6156,0.010783336125314236,0,0,train
6157,9.50798284549137e-09,0,0,unlabeled
6158,2.6660289531577064e-09,0,0,unlabeled
6159,0.006560954265296459,0,0,train
6160,1.073385558214568e-08,0,0,unlabeled
6161,2.730595305422412e-09,0,0,unlabeled
6162,8.001031659432556e-08,0,0,unlabeled
6163,1.1673308803958338e-12,0,0,unlabeled
6164,3.377202489017461e-13,0,0,val
6165,1.2188304026494734e-05,0,0,unlabeled
6166,2.1885475376404173e-10,0,0,train
6167,6.289590376296061e-11,0,0,train
6168,3.790949267568067e-05,0,0,unlabeled
6169,6.292545373653979e-10,0,0,unlabeled
6170,1.5894364990831633e-10,0,0,unlabeled
6171,4.5329833220364435e-09,0,0,unlabeled
6172,1.0231160536833261e-13,0,0,unlabeled
6173,2.8621399141785103e-14,0,0,unlabeled
6174,1.5739138689241372e-05,0,0,unlabeled
6175,1.0354463814143955e-10,0,0,unlabeled
6176,2.84567248237666e-11,0,0,unlabeled
6177,2.46575891651446e-05,0,0,val
6178,1.7467903512535798e-10,0,0,unlabeled
6179,4.5162887318817013e-11,0,0,unlabeled
6180,1.098263369136987e-09,0,0,unlabeled
6181,1.2998781060867201e-14,0,0,train
6182,3.681744325238117e-15,0,0,unlabeled
6183,2.636737917782739e-06,0,0,unlabeled
6184,2.6835098379529576e-11,0,0,unlabeled
6185,7.518380883142495e-12,0,0,unlabeled
6186,1.2668375347857364e-05,0,0,unlabeled
6187,1.2642156765885204e-10,0,0,unlabeled
6188,3.054282868286684e-11,0,0,train
6189,8.00619903706945e-10,0,0,unlabeled
6190,1.4133639191730302e-14,0,0,unlabeled
6191,3.5362175003944866e-15,0,0,unlabeled
6192,6.366804541357851e-07,0,0,unlabeled
6193,6.9376934752618524e-12,0,0,unlabeled
6194,2.1448439812415954e-12,0,0,unlabeled
6195,3.09138363263628e-06,0,0,unlabeled
6196,3.06630693058807e-11,0,0,unlabeled
6197,8.322359294765658e-12,0,0,unlabeled
6198,1.8032364490494501e-10,0,0,unlabeled
6199,3.3074277603522325e-15,0,0,unlabeled
6200,9.261409540884053e-16,0,0,unlabeled
6201,3.0961234642745694e-07,0,0,train
6202,2.9124372184774483e-12,0,0,val
6203,8.050548617501152e-13,0,0,unlabeled
6204,8.091791642073076e-06,0,0,unlabeled
6205,5.970718364167737e-11,0,0,unlabeled
6206,1.2768186681555438e-11,0,0,unlabeled
6207,1.7132175678113981e-09,0,0,unlabeled
6208,2.637052004577289e-15,0,0,unlabeled
6209,6.221280179455097e-16,0,0,unlabeled
6210,0.001072719576768577,0,0,unlabeled
6211,2.3172050944708644e-09,0,0,unlabeled
6212,6.45326680981384e-10,0,0,unlabeled
6213,0.0007066961261443794,0,0,val
6214,2.2681991840300952e-09,0,0,unlabeled
6215,5.584112616752179e-10,0,0,unlabeled
6216,1.9866593703454782e-08,0,0,unlabeled
6217,2.4521286693876543e-13,0,0,unlabeled
6218,6.738912135565919e-14,0,0,val
6219,6.0696052059938665e-06,0,0,unlabeled
6220,9.577008630579087e-11,0,0,unlabeled
6221,2.672532681269324e-11,0,0,unlabeled
6222,1.9302786313346587e-05,0,0,unlabeled
6223,2.8146243669091575e-10,0,0,unlabeled
6224,7.02401609098402e-11,0,0,unlabeled
6225,2.444787705613294e-09,0,0,unlabeled
6226,8.020825350467733e-14,0,0,unlabeled
6227,1.9674444229822105e-14,0,0,unlabeled
6228,2.997560841322411e-06,0,0,unlabeled
6229,2.441690946652919e-11,0,0,unlabeled
6230,6.5718598098174486e-12,0,0,unlabeled
6231,4.511355200520484e-06,0,0,unlabeled
6232,3.590439404121959e-11,0,0,unlabeled
6233,8.939288545506408e-12,0,0,unlabeled
6234,3.044112462102788e-10,0,0,unlabeled
6235,5.877466329791024e-15,0,0,unlabeled
6236,1.4601568990913784e-15,0,0,unlabeled
6237,1.796340370674443e-06,0,0,unlabeled
6238,1.3350479576013097e-11,0,0,unlabeled
6239,3.3740497375200906e-12,0,0,unlabeled
6240,9.514844350633211e-06,0,0,train
6241,1.055506237968018e-10,0,0,unlabeled
6242,2.1661701946062983e-11,0,0,train
6243,3.5796117181519094e-09,0,0,unlabeled
6244,6.946568022409352e-15,0,0,unlabeled
6245,1.6333467612011498e-15,0,0,unlabeled
6246,2.6694118560044444e-07,0,0,train
6247,2.0482567465035517e-12,0,0,unlabeled
6248,5.902750076919316e-13,0,0,unlabeled
6249,1.4736835964868078e-06,0,0,unlabeled
6250,1.7504848265348372e-11,0,0,unlabeled
6251,4.10180136384275e-12,0,0,unlabeled
6252,5.837862970814456e-10,0,0,unlabeled
6253,1.2176912827201116e-15,0,0,unlabeled
6254,3.111273246855621e-16,0,0,unlabeled
6255,3.666208101549273e-07,0,0,unlabeled
6256,3.226573305412095e-12,0,0,unlabeled
6257,7.822588063421954e-13,0,0,val
6258,0.0001697695697657764,0,0,unlabeled
6259,1.1120631498995337e-10,0,0,unlabeled
6260,2.284630817861455e-11,0,0,unlabeled
6261,1.3164337397952863e-09,0,0,unlabeled
6262,1.2378064093932699e-15,0,0,unlabeled
6263,2.902095284157619e-16,0,0,val
6264,0.7297373414039612,1,0,unlabeled
6265,3.5825615896101226e-07,0,0,unlabeled
6266,1.0157692287293685e-07,0,0,train
6267,0.6469809412956238,0,0,unlabeled
6268,4.5392243919195607e-07,0,0,unlabeled
6269,1.174606012455115e-07,0,0,unlabeled
6270,1.6972669527604012e-06,0,0,val
6271,3.753494390301704e-11,0,0,unlabeled
6272,1.1102146979524719e-11,0,0,unlabeled
6273,0.19663338363170624,0,0,unlabeled
6274,1.0502443359428071e-07,0,0,unlabeled
6275,2.9563501868778985e-08,0,0,unlabeled
6276,0.47196465730667114,0,0,unlabeled
6277,3.281795102338947e-07,0,0,unlabeled
6278,8.570945908559224e-08,0,0,unlabeled
6279,1.490617023591767e-06,0,0,unlabeled
6280,3.7507677519421634e-11,0,0,unlabeled
6281,1.1094610473383337e-11,0,0,unlabeled
6282,0.020031003281474113,0,0,unlabeled
6283,1.0587233312264743e-08,0,0,unlabeled
6284,2.9475710761062146e-09,0,0,unlabeled
6285,0.03749043494462967,0,0,train
6286,2.0046215354341257e-08,0,0,unlabeled
6287,5.3405591060595725e-09,0,0,unlabeled
6288,6.587873713215231e-08,0,0,train
6289,1.0481085400623757e-12,0,0,unlabeled
6290,2.9072688809313185e-13,0,0,val
6291,0.08576010912656784,0,0,unlabeled
6292,3.156456074293601e-08,0,0,unlabeled
6293,8.808066276344562e-09,0,0,train
6294,0.4795793294906616,0,0,unlabeled
6295,1.4376756496403686e-07,0,0,unlabeled
6296,3.775701529207254e-08,0,0,unlabeled
6297,5.539314429370279e-07,0,0,train
6298,4.725224551915819e-12,0,0,unlabeled
6299,1.2711635129919463e-12,0,0,unlabeled
6300,1.4066029507375788e-05,0,0,unlabeled
6301,2.2121882103931512e-10,0,0,unlabeled
6302,7.162511556080275e-11,0,0,val
6303,0.00018469718634150922,0,0,unlabeled
6304,1.196753252052929e-09,0,0,unlabeled
6305,3.3742653116064503e-10,0,0,unlabeled
6306,2.99601055075982e-09,0,0,unlabeled
6307,5.320181415639086e-14,0,0,unlabeled
6308,1.61506685846316e-14,0,0,unlabeled
6309,0.00021299169748090208,0,0,unlabeled
6310,1.0545389006466621e-09,0,0,unlabeled
6311,3.0694743968773253e-10,0,0,train
6312,0.039719656109809875,0,0,unlabeled
6313,1.288037942970277e-08,0,0,unlabeled
6314,3.242414559068152e-09,0,0,unlabeled
6315,4.70158134646681e-08,0,0,unlabeled
6316,4.771020275899651e-13,0,0,unlabeled
6317,1.1769257172566244e-13,0,0,unlabeled
6318,0.7461072206497192,1,0,unlabeled
6319,2.583549871815194e-07,0,0,unlabeled
6320,8.115937788488736e-08,0,0,train
6321,0.43019333481788635,0,0,unlabeled
6322,1.8617151908983942e-07,0,0,unlabeled
6323,5.3157037882556324e-08,0,0,unlabeled
6324,9.801466376302415e-07,0,0,unlabeled
6325,1.5875238623674903e-11,0,0,unlabeled
6326,5.068710642180951e-12,0,0,unlabeled
6327,0.16913552582263947,0,0,unlabeled
6328,7.055742656802977e-08,0,0,val
6329,2.0182911342203624e-08,0,0,unlabeled
6330,0.24317242205142975,0,0,unlabeled
6331,1.5641431616586488e-07,0,0,unlabeled
6332,3.859935659988878e-08,0,0,unlabeled
6333,1.1683266620821087e-06,0,0,unlabeled
6334,1.3027866112291786e-11,0,0,unlabeled
6335,3.630391777129094e-12,0,0,unlabeled
6336,0.0035138800740242004,0,0,unlabeled
6337,2.8695263942779548e-09,0,0,unlabeled
6338,8.851833710465939e-10,0,0,unlabeled
6339,0.002824852243065834,0,0,unlabeled
6340,3.247508262305132e-09,0,0,unlabeled
6341,9.187209881744707e-10,0,0,val
6342,1.727076792690241e-08,0,0,unlabeled
6343,1.8449333044363164e-13,0,0,unlabeled
6344,5.453559628085074e-14,0,0,unlabeled
6345,0.026154065504670143,0,0,unlabeled
6346,1.0264180616559315e-08,0,0,unlabeled
6347,2.7715176820208853e-09,0,0,unlabeled
6348,0.1801270693540573,0,0,unlabeled
6349,3.38391075160871e-08,0,0,unlabeled
6350,8.213921098843002e-09,0,0,unlabeled
6351,2.191511896398879e-07,0,0,train
6352,1.6141999846161492e-12,0,0,unlabeled
6353,3.8243252965461383e-13,0,0,unlabeled
6354,1.9106228137388825e-06,0,0,unlabeled
6355,3.3487903422502185e-11,0,0,unlabeled
6356,1.091119382345962e-11,0,0,unlabeled
6357,8.149432687787339e-06,0,0,unlabeled
6358,1.016306483414553e-10,0,0,unlabeled
6359,2.841945775933219e-11,0,0,train
6360,4.5084677657847294e-10,0,0,unlabeled
6361,1.2200258537535102e-14,0,0,unlabeled
6362,3.563163947787251e-15,0,0,unlabeled
6363,2.3646309273317456e-05,0,0,unlabeled
6364,1.4125986491642095e-10,0,0,unlabeled
6365,4.0272878781832944e-11,0,0,unlabeled
6366,0.0016175744822248816,0,0,unlabeled
6367,1.8461088213683752e-09,0,0,unlabeled
6368,4.1984521415017184e-10,0,0,unlabeled
6369,4.394685504394147e-08,0,0,unlabeled
6370,5.055834630075459e-14,0,0,unlabeled
6371,1.1806146812671885e-14,0,0,val
6372,0.052459824830293655,0,0,unlabeled
6373,1.7058264134561796e-08,0,0,unlabeled
6374,4.8588795209525415e-09,0,0,unlabeled
6375,0.029708489775657654,0,0,unlabeled
6376,1.7269648822093586e-08,0,0,unlabeled
6377,4.493188932030989e-09,0,0,unlabeled
6378,1.6396722912759287e-07,0,0,unlabeled
6379,1.3841578707859958e-12,0,0,unlabeled
6380,3.9642947128118444e-13,0,0,train
6381,3.919889059034176e-05,0,0,val
6382,3.8109551625531424e-10,0,0,unlabeled
6383,1.0782927328811809e-10,0,0,unlabeled
6384,0.00012907195196021348,0,0,unlabeled
6385,9.728663430408346e-10,0,0,unlabeled
6386,2.306194124557237e-10,0,0,unlabeled
6387,1.060783016981759e-08,0,0,train
6388,2.1903481903663008e-13,0,0,unlabeled
6389,5.737540976179234e-14,0,0,unlabeled
6390,1.8058810383081436e-05,0,0,unlabeled
6391,9.68236046894333e-11,0,0,train
6392,2.6305570569040704e-11,0,0,unlabeled
6393,2.6096153305843472e-05,0,0,unlabeled
6394,1.2486724154658901e-10,0,0,train
6395,3.214670196705072e-11,0,0,unlabeled
6396,1.2328643661518868e-09,0,0,unlabeled
6397,1.580183500596386e-14,0,0,unlabeled
6398,4.152211835131573e-15,0,0,unlabeled
6399,4.078766778548015e-06,0,0,unlabeled
6400,2.6240527112308953e-11,0,0,train
6401,6.727129270300836e-12,0,0,unlabeled
6402,3.5080982343060896e-05,0,0,unlabeled
6403,1.879763705803228e-10,0,0,unlabeled
6404,3.90892457291514e-11,0,0,train
6405,7.439989957447324e-09,0,0,unlabeled
6406,1.0363156730322509e-14,0,0,train
6407,2.3917756152496772e-15,0,0,unlabeled
6408,2.4789497388155723e-07,0,0,unlabeled
6409,2.197186443203547e-12,0,0,unlabeled
6410,6.454475625847222e-13,0,0,unlabeled
6411,1.4547351838700706e-06,0,0,unlabeled
6412,1.591747393614451e-11,0,0,unlabeled
6413,3.775420514412486e-12,0,0,train
6414,5.503518751837078e-10,0,0,unlabeled
6415,1.2191832253775816e-15,0,0,train
6416,3.1357114708728876e-16,0,0,unlabeled
6417,1.252440426924295e-07,0,0,unlabeled
6418,1.6733462488913164e-12,0,0,train
6419,4.1079214140558873e-13,0,0,unlabeled
6420,4.0528280806029215e-05,0,0,unlabeled
6421,5.248267792579142e-11,0,0,unlabeled
6422,1.1019278371715568e-11,0,0,unlabeled
6423,6.595197166170408e-10,0,0,unlabeled
6424,7.574905003616473e-16,0,0,unlabeled
6425,1.7885906686063423e-16,0,0,unlabeled
6426,0.004262430127710104,0,0,train
6427,4.084288907080236e-09,0,0,unlabeled
6428,1.1205250061152583e-09,0,0,unlabeled
6429,0.003399339271709323,0,0,unlabeled
6430,3.6803375902394464e-09,0,0,unlabeled
6431,8.899811443363603e-10,0,0,unlabeled
6432,4.638535600065552e-08,0,0,unlabeled
6433,5.139444100334123e-13,0,0,unlabeled
6434,1.3136919937289937e-13,0,0,unlabeled
6435,2.616440542624332e-05,0,0,val
6436,1.7675796937233201e-10,0,0,unlabeled
6437,4.691872931839036e-11,0,0,val
6438,0.0001002941353362985,0,0,unlabeled
6439,8.02670319099974e-10,0,0,unlabeled
6440,1.709521552095694e-10,0,0,unlabeled
6441,4.055382873957569e-08,0,0,unlabeled
6442,9.509173369516219e-14,0,0,unlabeled
6443,2.3308832213528655e-14,0,0,train
6444,4.080081453139428e-06,0,0,unlabeled
6445,2.1155029117370105e-11,0,0,unlabeled
6446,5.372262964348229e-12,0,0,unlabeled
6447,7.995209671207704e-06,0,0,train
6448,4.9481533453965554e-11,0,0,unlabeled
6449,1.0662054572563306e-11,0,0,val
6450,2.6232096494993584e-09,0,0,unlabeled
6451,4.065257973865288e-15,0,0,unlabeled
6452,9.541775328842858e-16,0,0,unlabeled
6453,4.168369287071982e-06,0,0,train
6454,2.460775506973878e-11,0,0,unlabeled
6455,5.52290418259771e-12,0,0,unlabeled
6456,0.0004984123515896499,0,0,unlabeled
6457,2.910091612129406e-10,0,0,unlabeled
6458,5.6465613434975026e-11,0,0,unlabeled
6459,5.1173083548405884e-09,0,0,unlabeled
6460,4.34406691526704e-15,0,0,unlabeled
6461,9.786252330826499e-16,0,0,unlabeled
6462,1.282429735738333e-07,0,0,unlabeled
6463,1.3402726194503e-12,0,0,unlabeled
6464,3.444475336466385e-13,0,0,unlabeled
6465,8.248207450378686e-06,0,0,unlabeled
6466,1.8426525930093085e-11,0,0,unlabeled
6467,4.111161064357383e-12,0,0,train
6468,2.377790186969264e-10,0,0,unlabeled
6469,4.486322710626611e-16,0,0,unlabeled
6470,1.134112265413484e-16,0,0,unlabeled
6471,2.271336143166991e-06,0,0,unlabeled
6472,6.808569767008388e-12,0,0,unlabeled
6473,1.6812547447980775e-12,0,0,train
6474,0.00013728065823670477,0,0,unlabeled
6475,7.086631281794098e-11,0,0,val
6476,1.4336257875280367e-11,0,0,unlabeled
6477,4.953273902152944e-10,0,0,unlabeled
6478,4.271580535558536e-16,0,0,unlabeled
6479,1.0425834071455114e-16,0,0,unlabeled
6480,0.4631149172782898,0,0,unlabeled
6481,1.0193480193265714e-07,0,0,unlabeled
6482,3.294607608950173e-08,0,0,train
6483,0.13895493745803833,0,0,train
6484,6.384394879432875e-08,0,0,unlabeled
6485,1.8928979272914148e-08,0,0,unlabeled
6486,3.325753255012387e-07,0,0,unlabeled
6487,5.235277922982506e-12,0,0,train
6488,1.6906252873344352e-12,0,0,unlabeled
6489,0.076175756752491,0,0,train
6490,3.184545249723669e-08,0,0,unlabeled
6491,9.47779899007628e-09,0,0,train
6492,0.08175814896821976,0,0,unlabeled
6493,4.5422030581221406e-08,0,0,unlabeled
6494,1.2286442974129841e-08,0,0,unlabeled
6495,3.650121982445853e-07,0,0,unlabeled
6496,3.989160564377148e-12,0,0,unlabeled
6497,1.197404588676454e-12,0,0,train
6498,0.0015414189547300339,0,0,unlabeled
6499,1.3817884614297782e-09,0,0,unlabeled
6500,4.200141900945198e-10,0,0,unlabeled
6501,0.0009142730850726366,0,0,unlabeled
6502,1.2276458738469387e-09,0,0,unlabeled
6503,3.573559503866619e-10,0,0,unlabeled
6504,6.332243618345501e-09,0,0,train
6505,6.425043060521302e-14,0,0,unlabeled
6506,1.9274814085307526e-14,0,0,train
6507,0.013617191463708878,0,0,train
6508,4.27389368340414e-09,0,0,unlabeled
6509,1.2283296602078053e-09,0,0,unlabeled
6510,0.026543548330664635,0,0,unlabeled
6511,8.052284172777036e-09,0,0,unlabeled
6512,2.1227317681393743e-09,0,0,train
6513,6.34668424481788e-08,0,0,unlabeled
6514,4.868053117730586e-13,0,0,unlabeled
6515,1.2454876810886334e-13,0,0,unlabeled
6516,1.750763317431847e-06,0,0,unlabeled
6517,2.3224771064644933e-11,0,0,unlabeled
6518,7.524793288471443e-12,0,0,train
6519,4.617616014002124e-06,0,0,train
6520,4.7485283066750483e-11,0,0,unlabeled
6521,1.3759092823417696e-11,0,0,unlabeled
6522,2.5278396043049156e-10,0,0,unlabeled
6523,5.737986684916079e-15,0,0,unlabeled
6524,1.7065883237216898e-15,0,0,unlabeled
6525,2.3249054720508866e-05,0,0,unlabeled
6526,8.636623360924744e-11,0,0,train
6527,2.4699119485771526e-11,0,0,unlabeled
6528,0.0006577091990038753,0,0,unlabeled
6529,7.882434704953312e-10,0,0,unlabeled
6530,1.8486379094184713e-10,0,0,unlabeled
6531,2.4061790782070602e-08,0,0,unlabeled
6532,2.3252392714187206e-14,0,0,train
6533,5.667309408764233e-15,0,0,train
6534,0.2856000065803528,0,0,unlabeled
6535,4.608007131423619e-08,0,0,unlabeled
6536,1.5184355106612202e-08,0,0,unlabeled
6537,0.030311482027173042,0,0,unlabeled
6538,1.5440809519873255e-08,0,0,train
6539,4.609042481007464e-09,0,0,train
6540,1.4178210960835713e-07,0,0,train
6541,1.342298776470241e-12,0,0,train
6542,4.248818636330698e-13,0,0,unlabeled
6543,0.02680651657283306,0,0,unlabeled
6544,1.2638818880361669e-08,0,0,unlabeled
6545,3.867236308963129e-09,0,0,unlabeled
6546,0.017597777768969536,0,0,val
6547,1.2044412578404717e-08,0,0,unlabeled
6548,3.1486260265722876e-09,0,0,unlabeled
6549,1.4762927946776472e-07,0,0,unlabeled
6550,1.7821786798058459e-12,0,0,unlabeled
6551,4.992324370740875e-13,0,0,unlabeled
6552,0.0001367907680105418,0,0,unlabeled
6553,2.3719423647428073e-10,0,0,train
6554,7.334408080872379e-11,0,0,unlabeled
6555,5.093712388770655e-05,0,0,train
6556,1.2085407674611304e-10,0,0,unlabeled
6557,3.502881318340201e-11,0,0,unlabeled
6558,1.3520289332547009e-09,0,0,unlabeled
6559,1.7267159653066438e-14,0,0,unlabeled
6560,4.8905230214081e-15,0,0,unlabeled
6561,0.0014267719816416502,0,0,unlabeled
6562,7.310445582220382e-10,0,0,unlabeled
6563,1.991563025605103e-10,0,0,unlabeled
6564,0.003481461899355054,0,0,train
6565,1.7286414522033056e-09,0,0,unlabeled
6566,3.998549269468299e-10,0,0,unlabeled
6567,8.09108442467732e-08,0,0,train
6568,6.636409629300066e-14,0,0,unlabeled
6569,1.6176780916329556e-14,0,0,unlabeled
6570,2.477120801813726e-07,0,0,train
6571,2.230914671746964e-12,0,0,unlabeled
6572,7.048850977735277e-13,0,0,unlabeled
6573,4.583271788760612e-07,0,0,unlabeled
6574,6.0382740474373975e-12,0,0,unlabeled
6575,1.5930770157907004e-12,0,0,unlabeled
6576,2.491037931484641e-10,0,0,unlabeled
6577,6.489573100937568e-16,0,0,unlabeled
6578,1.8981001172855026e-16,0,0,unlabeled
6579,2.263890110043576e-06,0,0,unlabeled
6580,1.3800171075328826e-11,0,0,unlabeled
6581,3.718377168671072e-12,0,0,unlabeled
6582,0.0004125250852666795,0,0,unlabeled
6583,1.5056951518932493e-10,0,0,train
6584,3.554889715928766e-11,0,0,unlabeled
6585,2.4692738964660066e-09,0,0,unlabeled
6586,1.993621425645689e-15,0,0,unlabeled
6587,4.994421247388615e-16,0,0,unlabeled
6588,0.027007730677723885,0,0,unlabeled
6589,6.53631682112632e-09,0,0,unlabeled
6590,1.8674144453001418e-09,0,0,unlabeled
6591,0.009407281875610352,0,0,unlabeled
6592,3.742981924403921e-09,0,0,unlabeled
6593,9.941152345760429e-10,0,0,unlabeled
6594,7.212313590798658e-08,0,0,unlabeled
6595,4.575058322638104e-13,0,0,unlabeled
6596,1.2224187048888446e-13,0,0,unlabeled
6597,4.1507701098453254e-05,0,0,unlabeled
6598,1.4821339988646542e-10,0,0,unlabeled
6599,4.154668276079576e-11,0,0,unlabeled
6600,8.61740336404182e-05,0,0,unlabeled
6601,4.053375690649119e-10,0,0,unlabeled
6602,8.749453245249228e-11,0,0,unlabeled
6603,3.030067929898905e-08,0,0,unlabeled
6604,4.5900549393252874e-14,0,0,unlabeled
6605,1.1748415588085873e-14,0,0,train
6606,6.27375129624852e-06,0,0,unlabeled
6607,1.8789131708829565e-11,0,0,train
6608,5.14159374798151e-12,0,0,unlabeled
6609,7.049412488413509e-06,0,0,unlabeled
6610,2.6967218388906922e-11,0,0,unlabeled
6611,6.391973322167344e-12,0,0,unlabeled
6612,2.193090820057364e-09,0,0,unlabeled
6613,2.1967848191434746e-15,0,0,unlabeled
6614,5.529986945047708e-16,0,0,unlabeled
6615,2.30271007239935e-06,0,0,unlabeled
6616,1.0214791686113944e-11,0,0,train
6617,2.4307697781694726e-12,0,0,unlabeled
6618,0.00013718826812691987,0,0,unlabeled
6619,6.3666794059003e-11,0,0,unlabeled
6620,1.3875896091863904e-11,0,0,unlabeled
6621,1.7903991622603144e-09,0,0,train
6622,1.1109262737296144e-15,0,0,train
6623,2.650554821487266e-16,0,0,unlabeled
6624,9.871873629663241e-08,0,0,unlabeled
6625,7.197041356973854e-13,0,0,unlabeled
6626,2.028590647242326e-13,0,0,unlabeled
6627,3.619393282860983e-06,0,0,unlabeled
6628,5.0295058916238755e-12,0,0,val
6629,1.2694262958509728e-12,0,0,unlabeled
6630,1.1442322089827428e-10,0,0,unlabeled
6631,1.4215027358318856e-16,0,0,unlabeled
6632,3.8908594089746745e-17,0,0,unlabeled
6633,1.0119485978066223e-06,0,0,unlabeled
6634,2.3033079350059937e-12,0,0,unlabeled
6635,5.945438369056588e-13,0,0,unlabeled
6636,1.6930938727455214e-05,0,0,unlabeled
6637,1.1794775225948406e-11,0,0,unlabeled
6638,2.505453960618964e-12,0,0,unlabeled
6639,1.3041670521296567e-10,0,0,unlabeled
6640,8.741303253303535e-17,0,0,unlabeled
6641,2.221897784312568e-17,0,0,train
6642,0.003639484755694866,0,0,train
6643,1.3019506583944462e-09,0,0,unlabeled
6644,3.554375960224121e-10,0,0,unlabeled
6645,0.0015779230743646622,0,0,unlabeled
6646,1.1882262951345979e-09,0,0,unlabeled
6647,2.7465357765876774e-10,0,0,unlabeled
6648,1.1550969247764442e-07,0,0,unlabeled
6649,8.803878172270949e-14,0,0,unlabeled
6650,2.1570595244886637e-14,0,0,unlabeled
6651,3.0748375138500705e-05,0,0,unlabeled
6652,1.1270685079667331e-10,0,0,unlabeled
6653,2.803949260277161e-11,0,0,train
6654,0.0011156044201925397,0,0,unlabeled
6655,4.774131645568502e-10,0,0,unlabeled
6656,1.0099450442613289e-10,0,0,train
6657,1.6539996039455218e-08,0,0,unlabeled
6658,1.7373569014098207e-14,0,0,unlabeled
6659,4.495540970191579e-15,0,0,train
6660,1.972545533135417e-06,0,0,train
6661,7.509451394049904e-12,0,0,unlabeled
6662,1.7362422263800248e-12,0,0,unlabeled
6663,3.73833354387898e-05,0,0,unlabeled
6664,1.828853735119651e-11,0,0,train
6665,4.102458390359276e-12,0,0,unlabeled
6666,5.5694654443883e-10,0,0,unlabeled
6667,5.031846339371862e-16,0,0,unlabeled
6668,1.221827026964199e-16,0,0,unlabeled
6669,4.747112689074129e-05,0,0,train
6670,3.1003578176980184e-11,0,0,unlabeled
6671,7.383685676765062e-12,0,0,unlabeled
6672,0.0001732531382003799,0,0,unlabeled
6673,5.690121290813366e-11,0,0,unlabeled
6674,1.2121485239158236e-11,0,0,unlabeled
6675,7.969906401505966e-10,0,0,unlabeled
6676,4.733604450456847e-16,0,0,train
6677,1.1654931155735817e-16,0,0,val
6678,1.8005973743129289e-06,0,0,unlabeled
6679,4.9828331565027195e-12,0,0,unlabeled
6680,1.4665422739049139e-12,0,0,val
6681,3.3763822102628183e-06,0,0,unlabeled
6682,6.892388135920635e-12,0,0,unlabeled
6683,1.8153785766306108e-12,0,0,unlabeled
6684,9.364529290900592e-11,0,0,unlabeled
6685,1.8845073560644392e-16,0,0,unlabeled
6686,5.596258670491987e-17,0,0,unlabeled
6687,1.8971396684719366e-06,0,0,unlabeled
6688,2.4838805057908475e-12,0,0,unlabeled
6689,6.328258229937322e-13,0,0,unlabeled
6690,2.8091302738175727e-05,0,0,unlabeled
6691,1.3992917935468085e-11,0,0,unlabeled
6692,2.992602476589723e-12,0,0,unlabeled
6693,1.1691905776878286e-10,0,0,unlabeled
6694,8.986191066266593e-17,0,0,unlabeled
6695,2.314218585298999e-17,0,0,unlabeled
6696,0.09509947150945663,0,0,val
6697,4.4293901879655095e-08,0,0,unlabeled
6698,1.3586372027418747e-08,0,0,unlabeled
6699,0.01982792839407921,0,0,unlabeled
6700,2.4708583623578306e-08,0,0,unlabeled
6701,6.968697618958686e-09,0,0,unlabeled
6702,1.9023705988274742e-07,0,0,unlabeled
6703,2.5278657205668464e-12,0,0,unlabeled
6704,7.889808598116055e-13,0,0,unlabeled
6705,0.00045250519178807735,0,0,unlabeled
6706,2.3597868104019426e-09,0,0,unlabeled
6707,7.341507957114857e-10,0,0,train
6708,0.0004631204647012055,0,0,train
6709,3.07547676214881e-09,0,0,unlabeled
6710,8.652604743808467e-10,0,0,unlabeled
6711,3.0944899975793305e-08,0,0,unlabeled
6712,9.325396357895421e-13,0,0,unlabeled
6713,2.683681185264297e-13,0,0,train
6714,3.1031406251713634e-05,0,0,unlabeled
6715,2.1133220173830125e-10,0,0,unlabeled
6716,6.262560608982781e-11,0,0,unlabeled
6717,1.896634239528794e-05,0,0,train
6718,1.6576774675147732e-10,0,0,unlabeled
6719,4.5308354290618524e-11,0,0,train
6720,1.302631336130844e-09,0,0,unlabeled
6721,3.2035311225584936e-14,0,0,train
6722,8.364629078088087e-15,0,0,unlabeled
6723,1.4922178706910927e-05,0,0,unlabeled
6724,1.266257376730806e-10,0,0,unlabeled
6725,3.5548081839253953e-11,0,0,unlabeled
6726,3.761954576475546e-05,0,0,unlabeled
6727,4.091319227850221e-10,0,0,unlabeled
6728,1.0061381588988283e-10,0,0,train
6729,1.5278745379987413e-08,0,0,val
6730,4.331187440490859e-14,0,0,unlabeled
6731,1.0846789673315139e-14,0,0,unlabeled
6732,8.6916304553597e-07,0,0,unlabeled
6733,9.581680067427545e-12,0,0,unlabeled
6734,2.8810333025514057e-12,0,0,unlabeled
6735,2.1515882053790847e-06,0,0,unlabeled
6736,4.238875223050442e-11,0,0,unlabeled
6737,1.0524500541897464e-11,0,0,unlabeled
6738,1.277202232863317e-09,0,0,unlabeled
6739,4.0439754240325764e-15,0,0,unlabeled
6740,1.059107339115438e-15,0,0,unlabeled
6741,1.4396489405044122e-06,0,0,unlabeled
6742,2.0490434002318203e-11,0,0,train
6743,5.0861233627519375e-12,0,0,unlabeled
6744,0.0002992032968904823,0,0,val
6745,3.283638638773567e-10,0,0,unlabeled
6746,7.340187485604943e-11,0,0,unlabeled
6747,4.084141025373356e-09,0,0,unlabeled
6748,6.128290149648441e-15,0,0,val
6749,1.4654021506172506e-15,0,0,unlabeled
6750,0.08576809614896774,0,0,unlabeled
6751,2.5439293338536118e-08,0,0,unlabeled
6752,8.000387019535538e-09,0,0,unlabeled
6753,0.010748528875410557,0,0,train
6754,8.816302354830441e-09,0,0,unlabeled
6755,2.4648225682710745e-09,0,0,unlabeled
6756,1.3035645451964228e-07,0,0,unlabeled
6757,1.4417994792861877e-12,0,0,unlabeled
6758,4.317407434166476e-13,0,0,unlabeled
6759,0.00077582779340446,0,0,train
6760,1.66069102913724e-09,0,0,unlabeled
6761,4.836141487274404e-10,0,0,unlabeled
6762,0.0003893610555678606,0,0,unlabeled
6763,2.5685988891410716e-09,0,0,unlabeled
6764,5.938557423590396e-10,0,0,unlabeled
6765,1.537674449991755e-07,0,0,unlabeled
6766,3.7137331512955563e-13,0,0,unlabeled
6767,9.738278841089562e-14,0,0,unlabeled
6768,1.4039641428098548e-05,0,0,unlabeled
6769,5.918573270369265e-11,0,0,unlabeled
6770,1.736656998763131e-11,0,0,unlabeled
6771,6.374432359734783e-06,0,0,unlabeled
6772,5.401929945025863e-11,0,0,unlabeled
6773,1.3696356548908994e-11,0,0,unlabeled
6774,3.6649896451024233e-09,0,0,unlabeled
6775,6.6749207445766356e-15,0,0,unlabeled
6776,1.7800221627212566e-15,0,0,unlabeled
6777,1.1665124475257471e-05,0,0,unlabeled
6778,8.44984221481937e-11,0,0,unlabeled
6779,2.1068572234050897e-11,0,0,train
6780,0.00029578476096503437,0,0,unlabeled
6781,3.3453129155702754e-10,0,0,unlabeled
6782,7.518829309161035e-11,0,0,unlabeled
6783,7.696876913598771e-09,0,0,unlabeled
6784,9.835022370347033e-15,0,0,train
6785,2.3873181043647515e-15,0,0,unlabeled
6786,2.7040715622206335e-07,0,0,unlabeled
6787,2.973195474542667e-12,0,0,unlabeled
6788,8.200254169275778e-13,0,0,unlabeled
6789,5.507443347596563e-06,0,0,unlabeled
6790,1.671213167853125e-11,0,0,unlabeled
6791,3.990758678379391e-12,0,0,val
6792,2.7698357496497295e-10,0,0,unlabeled
6793,5.968084561466249e-16,0,0,train
6794,1.6409211945132938e-16,0,0,train
6795,6.119935278547928e-06,0,0,unlabeled
6796,2.3225435463736233e-11,0,0,train
6797,5.970111557895841e-12,0,0,unlabeled
6798,6.645738903898746e-05,0,0,unlabeled
6799,9.045028614984574e-11,0,0,unlabeled
6800,2.0416036916603986e-11,0,0,unlabeled
6801,7.83935916182088e-10,0,0,unlabeled
6802,9.661914246916672e-16,0,0,unlabeled
6803,2.419035570712044e-16,0,0,unlabeled
6804,0.025588050484657288,0,0,unlabeled
6805,4.7449120188503e-09,0,0,unlabeled
6806,1.2914935787478043e-09,0,0,unlabeled
6807,0.010949548333883286,0,0,unlabeled
6808,4.446613743880334e-09,0,0,unlabeled
6809,1.0176182119181476e-09,0,0,train
6810,4.5196952669357415e-07,0,0,unlabeled
6811,2.8986199291508585e-13,0,0,unlabeled
6812,7.12840160163597e-14,0,0,train
6813,6.277552074607229e-06,0,0,unlabeled
6814,6.651130340928901e-11,0,0,unlabeled
6815,1.676231722869126e-11,0,0,val
6816,0.00010709344496717677,0,0,train
6817,2.5542826187496814e-10,0,0,unlabeled
6818,5.68492475316873e-11,0,0,unlabeled
6819,8.735404399828894e-09,0,0,unlabeled
6820,1.5684637833315862e-14,0,0,unlabeled
6821,4.19974690061501e-15,0,0,unlabeled
6822,3.201707841071766e-06,0,0,train
6823,1.4814887164260604e-11,0,0,unlabeled
6824,3.4253205740547576e-12,0,0,unlabeled
6825,4.1832157876342535e-05,0,0,unlabeled
6826,3.3365810114815986e-11,0,0,train
6827,7.36430447872971e-12,0,0,train
6828,1.1686916989717133e-09,0,0,unlabeled
6829,1.1737659540205165e-15,0,0,unlabeled
6830,2.9128647786863656e-16,0,0,unlabeled
6831,3.976621883339249e-06,0,0,unlabeled
6832,1.0498517853674283e-11,0,0,unlabeled
6833,2.5649963923679575e-12,0,0,unlabeled
6834,9.212735676555894e-06,0,0,unlabeled
6835,1.7520046177721404e-11,0,0,unlabeled
6836,3.884803936871073e-12,0,0,unlabeled
6837,2.446974567416049e-10,0,0,unlabeled
6838,3.474545825598289e-16,0,0,unlabeled
6839,8.648202420999466e-17,0,0,unlabeled
6840,4.366455414128723e-06,0,0,unlabeled
6841,1.2633183561761019e-11,0,0,unlabeled
6842,3.4774366546030944e-12,0,0,train
6843,9.936258720699698e-06,0,0,unlabeled
6844,2.033652066191216e-11,0,0,unlabeled
6845,4.7928579507972024e-12,0,0,unlabeled
6846,2.687844669058137e-10,0,0,unlabeled
6847,4.546536165264551e-16,0,0,train
6848,1.2229695950007063e-16,0,0,unlabeled
6849,4.291302957426524e-07,0,0,unlabeled
6850,1.5107623268714732e-12,0,0,unlabeled
6851,3.879603886411398e-13,0,0,unlabeled
6852,5.312255325407023e-06,0,0,train
6853,8.909924881228548e-12,0,0,train
6854,1.8951303200342995e-12,0,0,unlabeled
6855,7.027795706493478e-11,0,0,unlabeled
6856,9.751441658974511e-17,0,0,unlabeled
6857,2.4495294516449133e-17,0,0,unlabeled
6858,0.004181794822216034,0,0,unlabeled
6859,1.6491320531386577e-09,0,0,unlabeled
6860,3.8701125637530254e-10,0,0,unlabeled
6861,0.021922608837485313,0,0,unlabeled
6862,2.2576804870055867e-09,0,0,unlabeled
6863,4.823263455300264e-10,0,0,unlabeled
6864,9.359061436953198e-08,0,0,unlabeled
6865,6.496824698229778e-14,0,0,val
6866,1.6461863407255146e-14,0,0,unlabeled
6867,8.016983338166028e-05,0,0,unlabeled
6868,1.723856474233898e-10,0,0,unlabeled
6869,4.498698288890601e-11,0,0,unlabeled
6870,7.545342668890953e-05,0,0,unlabeled
6871,1.8445876770467606e-10,0,0,unlabeled
6872,4.213829285504289e-11,0,0,unlabeled
6873,3.56246143695671e-09,0,0,unlabeled
6874,7.429388660805565e-15,0,0,unlabeled
6875,2.0285651346099547e-15,0,0,unlabeled
6876,6.329736788757145e-05,0,0,unlabeled
6877,1.8254148193008746e-10,0,0,unlabeled
6878,4.626759045334161e-11,0,0,unlabeled
6879,3.292977999080904e-05,0,0,unlabeled
6880,8.109534571643096e-11,0,0,train
6881,1.9200944653685603e-11,0,0,unlabeled
6882,1.2860391640501234e-09,0,0,train
6883,4.219659374655538e-15,0,0,unlabeled
6884,1.1460072020313353e-15,0,0,unlabeled
6885,6.996474439802114e-06,0,0,unlabeled
6886,2.6114254855769126e-11,0,0,train
6887,6.817574716572183e-12,0,0,train
6888,8.179759788617957e-06,0,0,unlabeled
6889,3.8883122416288884e-11,0,0,unlabeled
6890,9.314805871074583e-12,0,0,unlabeled
6891,3.9895448056270766e-10,0,0,unlabeled
6892,1.2244358884417423e-15,0,0,val
6893,3.318243629934841e-16,0,0,unlabeled
6894,2.4877506348275347e-06,0,0,unlabeled
6895,7.158820845148961e-12,0,0,unlabeled
6896,1.9861172168705865e-12,0,0,unlabeled
6897,4.473601620702539e-06,0,0,unlabeled
6898,1.1721551680665687e-11,0,0,unlabeled
6899,2.8593544632721235e-12,0,0,unlabeled
6900,1.2533897530975224e-10,0,0,unlabeled
6901,3.1617759981488825e-16,0,0,unlabeled
6902,8.666794794191698e-17,0,0,val
6903,5.695069376088213e-07,0,0,unlabeled
6904,1.5736282719600037e-12,0,0,unlabeled
6905,3.966087170053506e-13,0,0,unlabeled
6906,6.296966603258625e-06,0,0,unlabeled
6907,1.064805275202696e-11,0,0,unlabeled
6908,2.3412402658934406e-12,0,0,unlabeled
6909,6.7860266017572e-11,0,0,unlabeled
6910,1.0877814160832459e-16,0,0,unlabeled
6911,2.8250861587923615e-17,0,0,unlabeled
6912,0.0006171594723127782,0,0,unlabeled
6913,2.724571013246191e-09,0,0,unlabeled
6914,7.620053477097599e-10,0,0,unlabeled
6915,0.0004469152190722525,0,0,unlabeled
6916,3.307337070879157e-09,0,0,val
6917,8.392825323610964e-10,0,0,unlabeled
6918,1.5777127160276905e-08,0,0,unlabeled
6919,4.785081835975702e-13,0,0,unlabeled
6920,1.444730430124122e-13,0,0,train
6921,2.7589207093114965e-05,0,0,unlabeled
6922,4.801115616182017e-10,0,0,train
6923,1.3451784131035538e-10,0,0,unlabeled
6924,8.941777923610061e-05,0,0,unlabeled
6925,1.3654297692511363e-09,0,0,unlabeled
6926,3.6302225114859255e-10,0,0,unlabeled
6927,8.310554022727956e-09,0,0,train
6928,2.020246491797606e-13,0,0,unlabeled
6929,5.781945831406093e-14,0,0,unlabeled
6930,9.872615919448435e-06,0,0,unlabeled
6931,1.1212706457763844e-10,0,0,unlabeled
6932,3.097721731903924e-11,0,0,unlabeled
6933,1.2631184290512465e-05,0,0,unlabeled
6934,1.7326412526941226e-10,0,0,unlabeled
6935,4.548681223348616e-11,0,0,train
6936,7.785180278219173e-10,0,0,train
6937,1.2017711078940538e-14,0,0,unlabeled
6938,3.4795346908389393e-15,0,0,train
6939,1.1959314178966451e-05,0,0,unlabeled
6940,1.2717443764742598e-10,0,0,unlabeled
6941,3.5114907509514737e-11,0,0,train
6942,5.278983007883653e-05,0,0,unlabeled
6943,4.1455833210690685e-10,0,0,unlabeled
6944,1.0898511954016143e-10,0,0,unlabeled
6945,2.111510077895673e-09,0,0,unlabeled
6946,2.212736524770994e-14,0,0,unlabeled
6947,6.1948072234798476e-15,0,0,unlabeled
6948,2.1828287799507962e-07,0,0,train
6949,4.043310825041502e-12,0,0,unlabeled
6950,1.2742027485218577e-12,0,0,train
6951,1.086321049115213e-06,0,0,unlabeled
6952,1.5941597000801444e-11,0,0,unlabeled
6953,4.613732139391313e-12,0,0,unlabeled
6954,5.707511893660033e-11,0,0,train
6955,8.478217996259901e-16,0,0,unlabeled
6956,2.6206444999329404e-16,0,0,unlabeled
6957,8.464160146104405e-07,0,0,unlabeled
6958,8.616709776254616e-12,0,0,unlabeled
6959,2.4564833674134423e-12,0,0,unlabeled
6960,1.3762895832769573e-05,0,0,unlabeled
6961,7.605209517702605e-11,0,0,unlabeled
6962,1.9673573534162436e-11,0,0,train
6963,3.8544656355554707e-10,0,0,unlabeled
6964,4.244343608804423e-15,0,0,unlabeled
6965,1.0542420877455278e-15,0,0,unlabeled
6966,0.000340798229444772,0,0,unlabeled
6967,1.4185743690831032e-09,0,0,unlabeled
6968,4.304874512417456e-10,0,0,unlabeled
6969,9.934068657457829e-05,0,0,train
6970,9.659860689126276e-10,0,0,unlabeled
6971,2.6497998240060383e-10,0,0,unlabeled
6972,7.117143319135266e-09,0,0,unlabeled
6973,1.312687480416186e-13,0,0,unlabeled
6974,4.227451654253804e-14,0,0,unlabeled
6975,1.8168795577366836e-05,0,0,unlabeled
6976,2.4363283612771625e-10,0,0,unlabeled
6977,6.790830398006875e-11,0,0,unlabeled
6978,2.8048016247339547e-05,0,0,train
6979,4.83032447373688e-10,0,0,train
6980,1.236485774880336e-10,0,0,unlabeled
6981,4.02764577245307e-09,0,0,val
6982,6.262586206996074e-14,0,0,unlabeled
6983,1.7142655974215423e-14,0,0,unlabeled
6984,2.454232117088395e-06,0,0,val
6985,2.2602890045742008e-11,0,0,unlabeled
6986,6.933513225365617e-12,0,0,unlabeled
6987,1.8429404917696957e-06,0,0,unlabeled
6988,2.1210621800604734e-11,0,0,unlabeled
6989,6.097274594940583e-12,0,0,unlabeled
6990,1.3456737113504147e-10,0,0,unlabeled
6991,1.6819066306716468e-15,0,0,val
6992,5.149031759437719e-16,0,0,unlabeled
6993,4.840419023821596e-06,0,0,val
6994,3.705253465158265e-11,0,0,unlabeled
6995,1.006327660091344e-11,0,0,unlabeled
6996,1.1306477972539142e-05,0,0,train
6997,8.980205468134272e-11,0,0,unlabeled
6998,2.2184322087670516e-11,0,0,unlabeled
6999,7.414642233527502e-10,0,0,train
7000,7.970965433653967e-15,0,0,unlabeled
7001,1.9662353681532997e-15,0,0,val
7002,3.059254538584355e-08,0,0,unlabeled
7003,4.675136146270464e-13,0,0,val
7004,1.5311670930728133e-13,0,0,unlabeled
7005,8.620228442168809e-08,0,0,unlabeled
7006,1.162376510148444e-12,0,0,unlabeled
7007,3.345480088703251e-13,0,0,unlabeled
7008,6.912095895650339e-12,0,0,train
7009,1.8857010107755777e-16,0,0,train
7010,5.680268456991852e-17,0,0,unlabeled
7011,1.2939482019191928e-07,0,0,train
7012,9.099769548992498e-13,0,0,train
7013,2.606078601617018e-13,0,0,unlabeled
7014,1.6843865751070553e-06,0,0,unlabeled
7015,1.2475813784829093e-11,0,0,unlabeled
7016,2.9302398181496603e-12,0,0,unlabeled
7017,4.757133575949979e-10,0,0,unlabeled
7018,5.169539485881929e-16,0,0,train
7019,1.2440732885326492e-16,0,0,unlabeled
7020,1.1314901712466963e-05,0,0,unlabeled
7021,9.748645640739184e-11,0,0,unlabeled
7022,2.736771226308221e-11,0,0,unlabeled
7023,9.999350368161686e-06,0,0,unlabeled
7024,9.89829399000719e-11,0,0,unlabeled
7025,2.5371219014580504e-11,0,0,val
7026,1.0759860780140684e-09,0,0,unlabeled
7027,1.1072036909813739e-14,0,0,train
7028,3.1473254043104873e-15,0,0,unlabeled
7029,9.648766763348249e-08,0,0,unlabeled
7030,1.834253452251411e-12,0,0,train
7031,5.136689684714923e-13,0,0,unlabeled
7032,2.1525600857330573e-07,0,0,unlabeled
7033,4.578666005367049e-12,0,0,unlabeled
7034,1.1108939289294906e-12,0,0,unlabeled
7035,5.332502495125624e-11,0,0,val
7036,1.7456000142942628e-15,0,0,unlabeled
7037,4.495316082944083e-16,0,0,unlabeled
7038,1.030215628361475e-07,0,0,unlabeled
7039,7.907388936342907e-13,0,0,unlabeled
7040,2.1499628791686598e-13,0,0,unlabeled
7041,1.1532015520288041e-07,0,0,unlabeled
7042,1.0635503979242178e-12,0,0,val
7043,2.6467348278325087e-13,0,0,unlabeled
7044,1.231213481861504e-11,0,0,train
7045,2.1997270939648809e-16,0,0,unlabeled
7046,5.675654774407277e-17,0,0,unlabeled
7047,1.2532403559362137e-08,0,0,train
7048,1.1927810898270524e-13,0,0,unlabeled
7049,3.16321506477462e-14,0,0,unlabeled
7050,6.784910766555186e-08,0,0,unlabeled
7051,9.079451058179033e-13,0,0,unlabeled
7052,1.9685978108058277e-13,0,0,unlabeled
7053,5.437096259330865e-11,0,0,unlabeled
7054,9.01389764632018e-17,0,0,val
7055,2.1160128756414927e-17,0,0,unlabeled
7056,2.863288273147191e-09,0,0,unlabeled
7057,2.7815886055539314e-14,0,0,unlabeled
7058,8.255234772950194e-15,0,0,unlabeled
7059,1.7599246504573784e-08,0,0,val
7060,2.1732778337363312e-13,0,0,unlabeled
7061,5.2724704214125034e-14,0,0,unlabeled
7062,1.1900281107757316e-11,0,0,unlabeled
7063,2.157525430990834e-17,0,0,unlabeled
7064,5.688657143737936e-18,0,0,unlabeled
7065,1.0012837226014426e-09,0,0,train
7066,1.643770433353356e-14,0,0,unlabeled
7067,4.1699262586739755e-15,0,0,unlabeled
7068,4.1396816641281475e-07,0,0,unlabeled
7069,6.745241843374161e-13,0,0,train
7070,1.4691424617650772e-13,0,0,train
7071,9.911947131124865e-12,0,0,unlabeled
7072,1.2198240587417387e-17,0,0,unlabeled
7073,2.944916215897254e-18,0,0,unlabeled
7074,3.485387424007058e-06,0,0,unlabeled
7075,3.1516268761411226e-11,0,0,unlabeled
7076,8.577208387983148e-12,0,0,unlabeled
7077,2.836056182786706e-06,0,0,train
7078,2.9461291045640436e-11,0,0,unlabeled
7079,7.189760505704745e-12,0,0,unlabeled
7080,4.4089795703250445e-10,0,0,val
7081,7.148753939886007e-15,0,0,unlabeled
7082,1.771378826769237e-15,0,0,val
7083,8.346983548790377e-08,0,0,unlabeled
7084,1.0444803659123703e-12,0,0,unlabeled
7085,2.750552335808315e-13,0,0,train
7086,2.4114197572089324e-07,0,0,unlabeled
7087,5.39646886205114e-12,0,0,unlabeled
7088,1.1804244647722895e-12,0,0,unlabeled
7089,3.6384645296649865e-10,0,0,val
7090,1.1544052160660065e-15,0,0,unlabeled
7091,2.7887572465568695e-16,0,0,unlabeled
7092,3.120712221971189e-08,0,0,unlabeled
7093,2.086340811485038e-13,0,0,unlabeled
7094,5.343602215443846e-14,0,0,unlabeled
7095,5.440827877123411e-08,0,0,unlabeled
7096,6.077243200862392e-13,0,0,unlabeled
7097,1.303627887062897e-13,0,0,unlabeled
7098,4.403413397802147e-11,0,0,unlabeled
7099,7.823556951587791e-17,0,0,train
7100,1.8490229621471394e-17,0,0,unlabeled
7101,1.6919416978566915e-08,0,0,unlabeled
7102,1.7671792035354322e-13,0,0,unlabeled
7103,4.092864217572316e-14,0,0,unlabeled
7104,1.120701881518471e-06,0,0,unlabeled
7105,2.6881342204271297e-12,0,0,unlabeled
7106,5.411566919404087e-13,0,0,unlabeled
7107,5.2786667398274645e-11,0,0,unlabeled
7108,5.825673573788874e-17,0,0,unlabeled
7109,1.3884193494478067e-17,0,0,unlabeled
7110,2.127762188663951e-09,0,0,unlabeled
7111,2.6596580433900854e-14,0,0,unlabeled
7112,7.011581189242909e-15,0,0,unlabeled
7113,2.2059192872347921e-07,0,0,unlabeled
7114,4.3022326695098256e-13,0,0,unlabeled
7115,1.0107028197226323e-13,0,0,unlabeled
7116,6.9515222571314705e-12,0,0,train
7117,1.2025168760672304e-17,0,0,unlabeled
7118,3.128408036818667e-18,0,0,unlabeled
7119,5.229320265698334e-08,0,0,unlabeled
7120,1.5003836118399755e-13,0,0,train
7121,3.80435293727624e-14,0,0,unlabeled
7122,1.4863585420243908e-06,0,0,unlabeled
7123,1.3207801822720522e-12,0,0,unlabeled
7124,2.7981976002781905e-13,0,0,unlabeled
7125,1.1358815797668509e-11,0,0,unlabeled
7126,9.937776003352901e-18,0,0,unlabeled
7127,2.416837702193654e-18,0,0,unlabeled
7128,0.001017717644572258,0,0,unlabeled
7129,2.8970283949547593e-09,0,0,unlabeled
7130,8.40753411335271e-10,0,0,train
7131,0.0005572261288762093,0,0,unlabeled
7132,2.719176661614142e-09,0,0,train
7133,7.174561500455923e-10,0,0,unlabeled
7134,1.6235684796583882e-08,0,0,unlabeled
7135,3.070992624695096e-13,0,0,unlabeled
7136,9.218206032486284e-14,0,0,unlabeled
7137,4.729485954158008e-05,0,0,unlabeled
7138,5.523900226123146e-10,0,0,unlabeled
7139,1.56298390896481e-10,0,0,unlabeled
7140,0.0001289922365685925,0,0,train
7141,1.4007219828471307e-09,0,0,unlabeled
7142,3.604425091729979e-10,0,0,unlabeled
7143,1.0812058803821856e-08,0,0,unlabeled
7144,1.5941763154784377e-13,0,0,unlabeled
7145,4.5606544257260906e-14,0,0,unlabeled
7146,4.549626282823738e-06,0,0,unlabeled
7147,4.8866823781912316e-11,0,0,unlabeled
7148,1.3643819581077299e-11,0,0,unlabeled
7149,5.682196388079319e-06,0,0,unlabeled
7150,6.115236789172585e-11,0,0,unlabeled
7151,1.5933726560390937e-11,0,0,train
7152,3.2591976339979567e-10,0,0,val
7153,4.074308944423174e-15,0,0,unlabeled
7154,1.0933690806780457e-15,0,0,unlabeled
7155,9.699916518002283e-06,0,0,val
7156,7.5836406598917e-11,0,0,unlabeled
7157,2.10834474878574e-11,0,0,unlabeled
7158,4.464755693334155e-05,0,0,unlabeled
7159,2.431843615369189e-10,0,0,unlabeled
7160,6.020337006695797e-11,0,0,train
7161,1.8169817872504268e-09,0,0,unlabeled
7162,1.921388531134563e-14,0,0,unlabeled
7163,4.642404624784213e-15,0,0,unlabeled
7164,3.665319425749658e-08,0,0,train
7165,6.623690853614639e-13,0,0,unlabeled
7166,2.0884310177483184e-13,0,0,train
7167,1.459971912254332e-07,0,0,unlabeled
7168,2.3539705341218964e-12,0,0,unlabeled
7169,6.546110767162439e-13,0,0,unlabeled
7170,1.116019169439264e-11,0,0,train
7171,3.5220799911092203e-16,0,0,unlabeled
7172,9.810656541176977e-17,0,0,unlabeled
7173,1.5195311675597623e-07,0,0,unlabeled
7174,1.4161987554883737e-12,0,0,unlabeled
7175,3.8796852015743344e-13,0,0,unlabeled
7176,3.0548405902663944e-06,0,0,unlabeled
7177,2.434849891153057e-11,0,0,train
7178,5.434905563789227e-12,0,0,train
7179,7.730358020374695e-10,0,0,unlabeled
7180,1.0026738748837387e-15,0,0,unlabeled
7181,2.283196102867484e-16,0,0,unlabeled
7182,0.0007079769275151193,0,0,unlabeled
7183,1.6383627787774913e-09,0,0,unlabeled
7184,5.381919354618958e-10,0,0,unlabeled
7185,0.00015729881124570966,0,0,unlabeled
7186,9.828989844251623e-10,0,0,unlabeled
7187,2.840727930664144e-10,0,0,train
7188,8.938739526342943e-09,0,0,unlabeled
7189,9.392474591054384e-14,0,0,unlabeled
7190,3.080136379242024e-14,0,0,unlabeled
7191,2.8843416657764465e-05,0,0,val
7192,2.7679872283137286e-10,0,0,train
7193,7.83576675766895e-11,0,0,unlabeled
7194,5.6299526477232575e-05,0,0,unlabeled
7195,5.146367221264825e-10,0,0,unlabeled
7196,1.239501140615218e-10,0,0,train
7197,6.645038741481812e-09,0,0,unlabeled
7198,9.144760144443043e-14,0,0,unlabeled
7199,2.3833611476000056e-14,0,0,unlabeled
7200,1.2164140343884355e-06,0,0,unlabeled
7201,1.097908309405371e-11,0,0,unlabeled
7202,3.397757119064093e-12,0,0,train
7203,9.274719445784285e-07,0,0,unlabeled
7204,8.7247015168046e-12,0,0,unlabeled
7205,2.3981927554928006e-12,0,0,unlabeled
7206,9.213175361511006e-11,0,0,unlabeled
7207,1.4826023192815517e-15,0,0,unlabeled
7208,4.061690800487045e-16,0,0,unlabeled
7209,3.940418991987826e-06,0,0,unlabeled
7210,1.777708362460384e-11,0,0,unlabeled
7211,4.603526327501273e-12,0,0,unlabeled
7212,1.5953088222886436e-05,0,0,unlabeled
7213,8.217422575729216e-11,0,0,unlabeled
7214,1.7505380825455497e-11,0,0,val
7215,4.923042418170098e-09,0,0,unlabeled
7216,3.50892631059219e-15,0,0,unlabeled
7217,7.775866746726108e-16,0,0,train
7218,6.244401440369529e-09,0,0,unlabeled
7219,8.656251849212607e-14,0,0,train
7220,2.8004335639710345e-14,0,0,val
7221,2.1222511747964745e-08,0,0,unlabeled
7222,4.28932822420236e-13,0,0,unlabeled
7223,1.1149245318208684e-13,0,0,unlabeled
7224,1.6489604820479897e-11,0,0,unlabeled
7225,5.726785124174894e-17,0,0,unlabeled
7226,1.6281382761991443e-17,0,0,unlabeled
7227,3.163043515996833e-08,0,0,unlabeled
7228,3.8773769351491127e-13,0,0,unlabeled
7229,9.728551514723294e-14,0,0,unlabeled
7230,6.261444468691479e-06,0,0,unlabeled
7231,9.81612794520581e-12,0,0,unlabeled
7232,2.1475826759292937e-12,0,0,unlabeled
7233,1.52456006152768e-10,0,0,unlabeled
7234,1.2855244339933145e-16,0,0,unlabeled
7235,3.012191104629406e-17,0,0,unlabeled
7236,1.566928949614521e-05,0,0,unlabeled
7237,8.480827151657877e-11,0,0,unlabeled
7238,2.3877099949998204e-11,0,0,val
7239,1.2487813364714384e-05,0,0,unlabeled
7240,8.328301936977311e-11,0,0,unlabeled
7241,2.1538106367846588e-11,0,0,unlabeled
7242,1.4867552744490808e-09,0,0,train
7243,1.3627698789038783e-14,0,0,unlabeled
7244,3.607985966740633e-15,0,0,unlabeled
7245,1.3257719899684162e-07,0,0,unlabeled
7246,1.628409429868527e-12,0,0,unlabeled
7247,4.3999840663305756e-13,0,0,unlabeled
7248,4.003246942829719e-07,0,0,train
7249,7.324590586832436e-12,0,0,unlabeled
7250,1.5974951396435788e-12,0,0,unlabeled
7251,5.92409843402919e-10,0,0,unlabeled
7252,1.3363062826426964e-15,0,0,unlabeled
7253,3.310783916647491e-16,0,0,unlabeled
7254,5.1889816887751294e-08,0,0,unlabeled
7255,3.2691541531140733e-13,0,0,unlabeled
7256,8.595295970196398e-14,0,0,unlabeled
7257,1.0420293961033167e-07,0,0,unlabeled
7258,8.293846837613417e-13,0,0,unlabeled
7259,1.8817301774935735e-13,0,0,unlabeled
7260,7.062746915087459e-11,0,0,train
7261,9.508125489175303e-17,0,0,train
7262,2.3734951751751615e-17,0,0,unlabeled
7263,1.3872608839449185e-08,0,0,unlabeled
7264,1.3446067989499738e-13,0,0,train
7265,3.095325035239009e-14,0,0,unlabeled
7266,1.1536244528542738e-06,0,0,unlabeled
7267,1.977250177823131e-12,0,0,unlabeled
7268,3.978732762092291e-13,0,0,unlabeled
7269,4.864670818949257e-11,0,0,unlabeled
7270,3.937910434833426e-17,0,0,unlabeled
7271,9.410009957125693e-18,0,0,unlabeled
7272,1.0494684010708966e-09,0,0,train
7273,1.531960898469662e-14,0,0,unlabeled
7274,4.1091787497627916e-15,0,0,unlabeled
7275,1.0503124769911665e-07,0,0,unlabeled
7276,2.4265442086224276e-13,0,0,unlabeled
7277,5.733067286965016e-14,0,0,unlabeled
7278,4.133806578293653e-12,0,0,unlabeled
7279,7.070283272405151e-18,0,0,unlabeled
7280,1.8600227272148083e-18,0,0,unlabeled
7281,1.0197735988981549e-08,0,0,unlabeled
7282,5.5558734154102785e-14,0,0,unlabeled
7283,1.408594954273399e-14,0,0,unlabeled
7284,3.4527792536209745e-07,0,0,unlabeled
7285,4.25210214261007e-13,0,0,unlabeled
7286,8.996391820522906e-14,0,0,unlabeled
7287,3.789488688121789e-12,0,0,unlabeled
7288,4.1724979466547906e-18,0,0,train
7289,1.022892993049146e-18,0,0,train
7290,5.673446594300913e-06,0,0,unlabeled
7291,2.6368966038470276e-11,0,0,train
7292,7.188087364912166e-12,0,0,unlabeled
7293,6.012294761603698e-06,0,0,unlabeled
7294,4.673491454942891e-11,0,0,train
7295,1.0414811374426236e-11,0,0,val
7296,4.753753390929205e-09,0,0,unlabeled
7297,4.630289512539635e-15,0,0,unlabeled
7298,1.1454608657803563e-15,0,0,unlabeled
7299,1.7381465511334682e-07,0,0,unlabeled
7300,2.110093566889959e-12,0,0,unlabeled
7301,5.046319265233912e-13,0,0,unlabeled
7302,5.687368684448302e-06,0,0,unlabeled
7303,1.9448040400327216e-11,0,0,unlabeled
7304,4.043904534151155e-12,0,0,unlabeled
7305,6.062999546863068e-10,0,0,unlabeled
7306,8.683247615098725e-16,0,0,unlabeled
7307,2.2194506531883913e-16,0,0,train
7308,3.4443591090393966e-08,0,0,val
7309,2.5880136250190644e-13,0,0,unlabeled
7310,5.943179569355486e-14,0,0,unlabeled
7311,9.064390837920655e-07,0,0,unlabeled
7312,1.2711561404171734e-12,0,0,unlabeled
7313,2.6841468500973797e-13,0,0,unlabeled
7314,3.5826550059958606e-11,0,0,train
7315,4.0598765617931446e-17,0,0,unlabeled
7316,9.849988152123261e-18,0,0,unlabeled
7317,6.17651153334009e-07,0,0,unlabeled
7318,1.1834407152161441e-12,0,0,unlabeled
7319,2.738011098228632e-13,0,0,unlabeled
7320,3.326731757624657e-06,0,0,unlabeled
7321,3.626723704339141e-12,0,0,unlabeled
7322,7.188850751661813e-13,0,0,unlabeled
7323,4.430169425750918e-11,0,0,unlabeled
7324,3.2524232142327716e-17,0,0,train
7325,7.833557565193557e-18,0,0,unlabeled
7326,6.163537591419299e-08,0,0,unlabeled
7327,3.061780971987116e-13,0,0,train
7328,8.593460280393109e-14,0,0,unlabeled
7329,2.458162384755269e-07,0,0,unlabeled
7330,7.597474624247702e-13,0,0,unlabeled
7331,1.8726394133278257e-13,0,0,unlabeled
7332,7.327972430248852e-12,0,0,unlabeled
7333,1.9715810195532012e-17,0,0,unlabeled
7334,5.465971851032536e-18,0,0,unlabeled
7335,3.661755698658453e-08,0,0,unlabeled
7336,1.0325457665532473e-13,0,0,unlabeled
7337,2.6566212608675893e-14,0,0,unlabeled
7338,8.725132829567883e-07,0,0,unlabeled
7339,8.148008634988047e-13,0,0,unlabeled
7340,1.742840626591663e-13,0,0,unlabeled
7341,6.376058535317863e-12,0,0,unlabeled
7342,6.056907199098581e-18,0,0,unlabeled
7343,1.519966295852421e-18,0,0,unlabeled
7344,0.0003024648758582771,0,0,unlabeled
7345,8.127921113931791e-10,0,0,train
7346,2.5391858060608286e-10,0,0,unlabeled
7347,8.353959856322035e-05,0,0,unlabeled
7348,4.362528116530484e-10,0,0,unlabeled
7349,1.2727878473395293e-10,0,0,val
7350,3.7152847465193872e-09,0,0,train
7351,4.088050698739659e-14,0,0,unlabeled
7352,1.3369010691782583e-14,0,0,unlabeled
7353,2.4487882910761982e-05,0,0,unlabeled
7354,1.6343977560229206e-10,0,0,unlabeled
7355,4.704759151707982e-11,0,0,unlabeled
7356,2.703999234654475e-05,0,0,unlabeled
7357,2.2371764163420238e-10,0,0,unlabeled
7358,5.852923007365618e-11,0,0,unlabeled
7359,3.0291824604233852e-09,0,0,unlabeled
7360,4.0979027083557634e-14,0,0,unlabeled
7361,1.1195032870018641e-14,0,0,unlabeled
7362,9.997947927331552e-07,0,0,unlabeled
7363,7.0319349301795064e-12,0,0,train
7364,2.0513454216525284e-12,0,0,unlabeled
7365,5.700030101252196e-07,0,0,unlabeled
7366,4.932772072752112e-12,0,0,unlabeled
7367,1.3569949200778475e-12,0,0,train
7368,4.9723735545681436e-11,0,0,train
7369,7.942066787076018e-16,0,0,train
7370,2.0958660315549267e-16,0,0,train
7371,2.8594422474270687e-06,0,0,unlabeled
7372,1.1148340930966505e-11,0,0,unlabeled
7373,2.994406589004739e-12,0,0,unlabeled
7374,6.639455932599958e-06,0,0,unlabeled
7375,3.490316716203701e-11,0,0,unlabeled
7376,7.892671759213155e-12,0,0,unlabeled
7377,2.6172324307793815e-09,0,0,val
7378,1.802165933303089e-15,0,0,unlabeled
7379,4.224892344203675e-16,0,0,unlabeled
7380,7.144590696839259e-09,0,0,unlabeled
7381,7.674472223082734e-14,0,0,unlabeled
7382,2.4360118685683857e-14,0,0,unlabeled
7383,1.8890819575290152e-08,0,0,val
7384,2.958875549088913e-13,0,0,train
7385,7.880043731249564e-14,0,0,unlabeled
7386,1.4810000448228777e-11,0,0,unlabeled
7387,3.8103671253116294e-17,0,0,unlabeled
7388,1.069010338791478e-17,0,0,val
7389,4.0325669914409445e-08,0,0,unlabeled
7390,3.494489582683141e-13,0,0,train
7391,8.692203315625868e-14,0,0,unlabeled
7392,5.569934728555381e-06,0,0,unlabeled
7393,6.144966913784744e-12,0,0,unlabeled
7394,1.3969177377337605e-12,0,0,unlabeled
7395,1.0978146169904335e-10,0,0,unlabeled
7396,8.614748590049862e-17,0,0,unlabeled
7397,2.0816739614364564e-17,0,0,unlabeled
7398,8.76541598699987e-05,0,0,unlabeled
7399,2.709086011076778e-10,0,0,unlabeled
7400,8.9228034683142e-11,0,0,train
7401,1.6434483768534847e-05,0,0,unlabeled
7402,8.974058302024801e-11,0,0,unlabeled
7403,2.6364138303036633e-11,0,0,unlabeled
7404,1.6489999365987273e-09,0,0,unlabeled
7405,1.7797617424416233e-14,0,0,train
7406,5.311327295538142e-15,0,0,val
7407,1.0259246664645616e-05,0,0,unlabeled
7408,5.1881131335473896e-11,0,0,unlabeled
7409,1.5045319157191983e-11,0,0,unlabeled
7410,1.1069494576076977e-05,0,0,unlabeled
7411,9.151055607725667e-11,0,0,unlabeled
7412,2.1214830239757454e-11,0,0,unlabeled
7413,8.406864537846559e-09,0,0,unlabeled
7414,1.0182233033887832e-14,0,0,unlabeled
7415,2.687965884487324e-15,0,0,unlabeled
7416,1.6456064599879028e-07,0,0,unlabeled
7417,9.323955453208188e-13,0,0,train
7418,2.722539533227264e-13,0,0,unlabeled
7419,1.3897455630740296e-07,0,0,train
7420,1.0556501419539677e-12,0,0,train
7421,2.618515213687056e-13,0,0,train
7422,9.531668510032176e-11,0,0,unlabeled
7423,1.267700875549614e-16,0,0,unlabeled
7424,3.3620084326560417e-17,0,0,unlabeled
7425,9.619399179428e-07,0,0,train
7426,3.56824314019788e-12,0,0,unlabeled
7427,8.587680805187403e-13,0,0,unlabeled
7428,2.312227115908172e-05,0,0,unlabeled
7429,1.688293081725245e-11,0,0,unlabeled
7430,3.743454331239793e-12,0,0,unlabeled
7431,5.745546816093849e-10,0,0,unlabeled
7432,2.7147363607852963e-16,0,0,unlabeled
7433,6.433935874146067e-17,0,0,val
7434,1.4747351118060692e-09,0,0,unlabeled
7435,2.0446365683445683e-14,0,0,val
7436,6.018361790237304e-15,0,0,unlabeled
7437,4.986189239275518e-08,0,0,unlabeled
7438,1.3473075465616352e-13,0,0,unlabeled
7439,3.620672487411429e-14,0,0,unlabeled
7440,2.61384598861103e-12,0,0,train
7441,5.973863642272239e-18,0,0,unlabeled
7442,1.7874020596969404e-18,0,0,unlabeled
7443,2.057784911357885e-07,0,0,train
7444,4.490927215609203e-13,0,0,unlabeled
7445,1.1850641453391153e-13,0,0,unlabeled
7446,1.6532496829313459e-06,0,0,unlabeled
7447,1.2933160402003874e-12,0,0,unlabeled
7448,2.9817015284767934e-13,0,0,train
7449,1.5106046621915503e-11,0,0,unlabeled
7450,1.1453023647401014e-17,0,0,unlabeled
7451,2.9925589240481644e-18,0,0,unlabeled
7452,9.167530151898973e-06,0,0,unlabeled
7453,2.6335390465592745e-11,0,0,unlabeled
7454,7.46708944676655e-12,0,0,unlabeled
7455,9.870732355921064e-06,0,0,unlabeled
7456,3.384034372166944e-11,0,0,unlabeled
7457,7.878188552912224e-12,0,0,unlabeled
7458,5.05806641015738e-09,0,0,unlabeled
7459,2.7106193571451668e-15,0,0,unlabeled
7460,6.795386935005445e-16,0,0,unlabeled
7461,1.8033144044693472e-07,0,0,unlabeled
7462,1.3982373201978926e-12,0,0,unlabeled
7463,3.4499787466939213e-13,0,0,unlabeled
7464,4.7509547584922984e-06,0,0,unlabeled
7465,8.280130921189954e-12,0,0,unlabeled
7466,1.7752544226312672e-12,0,0,unlabeled
7467,3.5703640044459917e-10,0,0,unlabeled
7468,3.360266787332699e-16,0,0,unlabeled
7469,8.434568138556621e-17,0,0,unlabeled
7470,3.983967289400425e-08,0,0,unlabeled
7471,2.1080732374566952e-13,0,0,unlabeled
7472,5.073909635543508e-14,0,0,unlabeled
7473,9.064113442036614e-07,0,0,unlabeled
7474,7.12444968471726e-13,0,0,unlabeled
7475,1.5810164050340803e-13,0,0,unlabeled
7476,2.7500043908723626e-11,0,0,unlabeled
7477,1.9725967973454163e-17,0,0,unlabeled
7478,4.935194453785328e-18,0,0,unlabeled
7479,3.8352820297404833e-07,0,0,val
7480,4.844387694810659e-13,0,0,train
7481,1.128613465162763e-13,0,0,unlabeled
7482,1.3711376141145593e-06,0,0,unlabeled
7483,8.770564027642258e-13,0,0,train
7484,1.8768946358042882e-13,0,0,unlabeled
7485,1.618797977609443e-11,0,0,unlabeled
7486,8.78659784384959e-18,0,0,unlabeled
7487,2.1927377238456344e-18,0,0,unlabeled
7488,5.5410222188356784e-08,0,0,unlabeled
7489,1.736201514588448e-13,0,0,unlabeled
7490,5.208788112745673e-14,0,0,unlabeled
7491,1.2781929115135426e-07,0,0,unlabeled
7492,2.539816501643394e-13,0,0,unlabeled
7493,6.851734891261119e-14,0,0,train
7494,4.121170852494638e-12,0,0,unlabeled
7495,6.660844585623041e-18,0,0,unlabeled
7496,1.9809583939264392e-18,0,0,unlabeled
7497,1.469219057526061e-08,0,0,unlabeled
7498,3.86553040011145e-14,0,0,train
7499,9.852896459599993e-15,0,0,unlabeled
7500,1.7779795769001794e-07,0,0,unlabeled
7501,1.5215105108982996e-13,0,0,unlabeled
7502,3.479961341334471e-14,0,0,val
7503,1.6034875250509062e-12,0,0,train
7504,1.5422776317196607e-18,0,0,unlabeled
7505,4.0402512571507448e-19,0,0,unlabeled
7506,7.276935320987832e-06,0,0,unlabeled
7507,2.1539669353698443e-11,0,0,unlabeled
7508,5.3419261202003465e-12,0,0,unlabeled
7509,0.00010673712677089497,0,0,unlabeled
7510,4.553664043061012e-11,0,0,train
7511,1.0341174964956235e-11,0,0,unlabeled
7512,2.320106329278815e-09,0,0,val
7513,1.2772741213288208e-15,0,0,unlabeled
7514,3.2553540805791694e-16,0,0,unlabeled
7515,5.777713340648916e-06,0,0,unlabeled
7516,9.961300014016405e-12,0,0,unlabeled
7517,2.5025359388919366e-12,0,0,unlabeled
7518,9.662247066444252e-06,0,0,train
7519,1.3458935355092905e-11,0,0,unlabeled
7520,2.906765540072742e-12,0,0,unlabeled
7521,3.388344327337478e-10,0,0,unlabeled
7522,2.8696965386229383e-16,0,0,unlabeled
7523,7.476433585380118e-17,0,0,unlabeled
7524,2.819923111019307e-06,0,0,train
7525,9.782764008592348e-12,0,0,unlabeled
7526,2.551013003268543e-12,0,0,unlabeled
7527,2.495987473594141e-06,0,0,unlabeled
7528,4.627295074888238e-12,0,0,unlabeled
7529,1.116259103380035e-12,0,0,unlabeled
7530,8.011159097209841e-11,0,0,unlabeled
7531,1.807383550379057e-16,0,0,train
7532,4.820229252658013e-17,0,0,train
7533,2.408742602710845e-06,0,0,unlabeled
7534,2.8572391848336043e-12,0,0,unlabeled
7535,7.065973782645341e-13,0,0,unlabeled
7536,3.808092515100725e-06,0,0,unlabeled
7537,4.501108253479602e-12,0,0,unlabeled
7538,1.0135875428904373e-12,0,0,unlabeled
7539,6.600844870696676e-11,0,0,train
7540,5.610216185275961e-17,0,0,unlabeled
7541,1.4795552969248166e-17,0,0,unlabeled
7542,5.8143104553209923e-08,0,0,unlabeled
7543,1.660684529345216e-13,0,0,unlabeled
7544,5.0548127695278916e-14,0,0,unlabeled
7545,9.722680971435693e-08,0,0,unlabeled
7546,2.2146375716364936e-13,0,0,unlabeled
7547,6.250224269350665e-14,0,0,unlabeled
7548,3.035360591346903e-12,0,0,unlabeled
7549,6.5826408625607465e-18,0,0,unlabeled
7550,2.0263271825734414e-18,0,0,unlabeled
7551,3.128173275968038e-08,0,0,unlabeled
7552,5.317898831252825e-14,0,0,unlabeled
7553,1.3766106513718977e-14,0,0,unlabeled
7554,2.8596335255315353e-07,0,0,train
7555,2.363881117760369e-13,0,0,unlabeled
7556,5.498744431249765e-14,0,0,unlabeled
7557,2.082187504012789e-12,0,0,unlabeled
7558,2.3122498127230616e-18,0,0,unlabeled
7559,6.268797578015011e-19,0,0,train
7560,8.470111788483337e-05,0,0,unlabeled
7561,3.823084071541416e-10,0,0,train
7562,1.1637529828689708e-10,0,0,unlabeled
7563,1.9726770915440284e-05,0,0,train
7564,1.965692886241044e-10,0,0,train
7565,5.5021726758086587e-11,0,0,unlabeled
7566,2.9912770038720282e-09,0,0,unlabeled
7567,4.501867628681211e-14,0,0,unlabeled
7568,1.2604498235348639e-14,0,0,unlabeled
7569,1.2476521078497171e-06,0,0,unlabeled
7570,1.6042256065218474e-11,0,0,unlabeled
7571,4.672829831409153e-12,0,0,unlabeled
7572,1.334205762759666e-06,0,0,unlabeled
7573,3.754661512256341e-11,0,0,unlabeled
7574,9.35542008445589e-12,0,0,unlabeled
7575,2.76569833701501e-09,0,0,unlabeled
7576,9.170116753345458e-15,0,0,unlabeled
7577,2.514843785013333e-15,0,0,unlabeled
7578,1.4345638987833809e-07,0,0,unlabeled
7579,1.2678920413566885e-12,0,0,unlabeled
7580,3.450735519810316e-13,0,0,val
7581,1.1441486691410319e-07,0,0,unlabeled
7582,1.9102306542118086e-12,0,0,unlabeled
7583,4.514449523842362e-13,0,0,unlabeled
7584,1.3316459046563978e-10,0,0,train
7585,3.14835661398421e-16,0,0,unlabeled
7586,7.687381846937881e-17,0,0,unlabeled
7587,8.263407380582066e-08,0,0,unlabeled
7588,1.1309909172391164e-12,0,0,unlabeled
7589,2.8326836319300663e-13,0,0,unlabeled
7590,2.053400976365083e-06,0,0,unlabeled
7591,7.903925777763554e-12,0,0,unlabeled
7592,1.8727369915233494e-12,0,0,unlabeled
7593,1.802211713197721e-10,0,0,unlabeled
7594,2.986791167344761e-16,0,0,unlabeled
7595,7.302433827423874e-17,0,0,val
7596,5.223914634200355e-09,0,0,unlabeled
7597,8.928271398025642e-14,0,0,unlabeled
7598,2.413143673058414e-14,0,0,unlabeled
7599,2.183571723435307e-07,0,0,unlabeled
7600,8.06382575730541e-13,0,0,unlabeled
7601,1.9817153018401867e-13,0,0,unlabeled
7602,1.2838835897199807e-11,0,0,unlabeled
7603,3.24069511663575e-17,0,0,train
7604,8.651893135456555e-18,0,0,unlabeled
7605,1.4296212214048865e-07,0,0,unlabeled
7606,6.944574581189966e-13,0,0,unlabeled
7607,1.756332302900801e-13,0,0,unlabeled
7608,1.5865385876168148e-06,0,0,unlabeled
7609,3.220130108741448e-12,0,0,unlabeled
7610,7.125495939813709e-13,0,0,unlabeled
7611,3.0701052811110685e-11,0,0,unlabeled
7612,4.1296346880832115e-17,0,0,unlabeled
7613,1.0012891447598229e-17,0,0,unlabeled
7614,6.594716978725046e-05,0,0,unlabeled
7615,1.4929750491443627e-10,0,0,unlabeled
7616,4.617414089969074e-11,0,0,unlabeled
7617,1.4282330084824935e-05,0,0,unlabeled
7618,1.0900735869512346e-10,0,0,unlabeled
7619,2.853999848950739e-11,0,0,unlabeled
7620,1.296168328224212e-08,0,0,train
7621,1.2072390443817593e-14,0,0,unlabeled
7622,3.429420833547586e-15,0,0,train
7623,1.7037899624483543e-06,0,0,unlabeled
7624,1.7785562952954415e-11,0,0,unlabeled
7625,4.6407920908930755e-12,0,0,unlabeled
7626,1.2964663255843334e-05,0,0,unlabeled
7627,5.859111112949122e-11,0,0,unlabeled
7628,1.3496288288339375e-11,0,0,unlabeled
7629,2.442056556972716e-09,0,0,unlabeled
7630,3.3611144026151046e-15,0,0,unlabeled
7631,9.031663500644349e-16,0,0,val
7632,9.806771572584694e-08,0,0,unlabeled
7633,7.840169485850979e-13,0,0,unlabeled
7634,2.0457688819884579e-13,0,0,unlabeled
7635,8.086955176622723e-07,0,0,train
7636,1.6422834229687377e-12,0,0,train
7637,4.065433157219439e-13,0,0,train
7638,5.755964802012237e-11,0,0,unlabeled
7639,7.41579065856814e-17,0,0,unlabeled
7640,1.9832579973883673e-17,0,0,train
7641,1.8837193920262507e-06,0,0,unlabeled
7642,4.3321834834741946e-12,0,0,unlabeled
7643,1.0526924384274272e-12,0,0,train
7644,2.466776777509949e-06,0,0,unlabeled
7645,4.738266636689081e-12,0,0,unlabeled
7646,1.0535462476382595e-12,0,0,val
7647,7.44959580134541e-11,0,0,train
7648,8.323559838607514e-17,0,0,unlabeled
7649,2.0650171908775986e-17,0,0,unlabeled
7650,1.3794554831747519e-07,0,0,unlabeled
7651,6.406800003716517e-13,0,0,unlabeled
7652,1.9251825611119044e-13,0,0,unlabeled
7653,1.694545375130474e-07,0,0,unlabeled
7654,7.023352711042763e-13,0,0,train
7655,1.8430725424577882e-13,0,0,unlabeled
7656,8.254287010844852e-12,0,0,unlabeled
7657,2.5845157323184618e-17,0,0,unlabeled
7658,7.66407073922328e-18,0,0,train
7659,1.0703785591203996e-07,0,0,unlabeled
7660,3.7380659006526484e-13,0,0,unlabeled
7661,9.685448379729775e-14,0,0,unlabeled
7662,5.66117080325057e-07,0,0,unlabeled
7663,1.2494287288805639e-12,0,0,unlabeled
7664,2.9260608150859235e-13,0,0,unlabeled
7665,1.1878262262676742e-11,0,0,train
7666,1.5542086780799724e-17,0,0,unlabeled
7667,3.963453275840696e-18,0,0,unlabeled
7668,2.612157550174743e-05,0,0,train
7669,5.5902910772731573e-11,0,0,unlabeled
7670,1.3325193379265521e-11,0,0,unlabeled
7671,0.0003912486135959625,0,0,unlabeled
7672,1.204483734973394e-10,0,0,unlabeled
7673,2.6675316469604304e-11,0,0,unlabeled
7674,7.146443437022754e-09,0,0,unlabeled
7675,3.0497364091167144e-15,0,0,unlabeled
7676,7.791514092239855e-16,0,0,unlabeled
7677,1.7243519323528744e-06,0,0,unlabeled
7678,5.692809938728782e-12,0,0,unlabeled
7679,1.4413431385917885e-12,0,0,unlabeled
7680,2.112102947648964e-06,0,0,unlabeled
7681,6.860385523554946e-12,0,0,unlabeled
7682,1.578188101036826e-12,0,0,unlabeled
7683,1.7715827416164842e-10,0,0,unlabeled
7684,2.5018769811402906e-16,0,0,val
7685,6.501587336852084e-17,0,0,unlabeled
7686,4.458311650523683e-06,0,0,train
7687,1.6017612583518748e-11,0,0,unlabeled
7688,4.161526592078024e-12,0,0,unlabeled
7689,3.420135954002035e-06,0,0,unlabeled
7690,8.345725152625327e-12,0,0,unlabeled
7691,2.03224351409681e-12,0,0,unlabeled
7692,1.6769105548597452e-10,0,0,unlabeled
7693,3.3722088930978006e-16,0,0,val
7694,9.105549919935545e-17,0,0,val
7695,2.4737587978052034e-07,0,0,unlabeled
7696,9.253213429857854e-13,0,0,unlabeled
7697,2.392193160141026e-13,0,0,unlabeled
7698,3.1767780228619813e-07,0,0,unlabeled
7699,1.299415870043008e-12,0,0,unlabeled
7700,3.146344133581752e-13,0,0,unlabeled
7701,1.8757551067949407e-11,0,0,val
7702,4.35150934378831e-17,0,0,unlabeled
7703,1.1742035590343366e-17,0,0,unlabeled
7704,1.266116527176564e-07,0,0,unlabeled
7705,3.427894090541478e-13,0,0,unlabeled
7706,9.566367066993903e-14,0,0,unlabeled
7707,2.393601050698635e-07,0,0,unlabeled
7708,5.347734516499003e-13,0,0,unlabeled
7709,1.377401881788587e-13,0,0,unlabeled
7710,7.151437862035204e-12,0,0,unlabeled
7711,1.3111986478254701e-17,0,0,unlabeled
7712,3.5502422318750374e-18,0,0,unlabeled
7713,8.50768167026672e-09,0,0,train
7714,3.748173307643009e-14,0,0,unlabeled
7715,9.603457115094863e-15,0,0,unlabeled
7716,7.085614583957067e-08,0,0,unlabeled
7717,1.7540291864358987e-13,0,0,train
7718,4.0215863950608666e-14,0,0,unlabeled
7719,1.331040204270717e-12,0,0,unlabeled
7720,2.5640785395650835e-18,0,0,unlabeled
7721,6.701773378934588e-19,0,0,unlabeled
7722,0.013209470547735691,0,0,unlabeled
7723,7.040454441664679e-09,0,0,unlabeled
7724,2.0419137491956008e-09,0,0,unlabeled
7725,0.0033835016656666994,0,0,unlabeled
7726,3.057829767172393e-09,0,0,unlabeled
7727,7.871692742078551e-10,0,0,unlabeled
7728,7.152529235554539e-08,0,0,unlabeled
7729,1.6643533339716354e-13,0,0,unlabeled
7730,4.968270396867383e-14,0,0,unlabeled
7731,1.3108217899571173e-05,0,0,unlabeled
7732,9.978914222719126e-11,0,0,val
7733,2.957039474393852e-11,0,0,val
7734,9.043296813615598e-06,0,0,unlabeled
7735,1.0960696239514789e-10,0,0,unlabeled
7736,2.941373533627001e-11,0,0,train
7737,2.13952344729762e-09,0,0,unlabeled
7738,9.853572391891902e-15,0,0,unlabeled
7739,2.9573268086371647e-15,0,0,unlabeled
7740,2.7312432848702883e-06,0,0,unlabeled
7741,1.1054771681395792e-11,0,0,unlabeled
7742,2.8963834369094554e-12,0,0,train
7743,1.1974593689956237e-06,0,0,train
7744,4.748435152024388e-12,0,0,unlabeled
7745,1.1654644263559e-12,0,0,unlabeled
7746,8.053781253014591e-11,0,0,train
7747,2.521134010498321e-16,0,0,unlabeled
7748,6.850064632286384e-17,0,0,unlabeled
7749,3.018315908320801e-07,0,0,unlabeled
7750,1.263469472274903e-12,0,0,unlabeled
7751,3.306838310124238e-13,0,0,unlabeled
7752,3.235022631997708e-07,0,0,unlabeled
7753,1.6849849423725138e-12,0,0,unlabeled
7754,4.1797330028493784e-13,0,0,unlabeled
7755,1.9429317529850998e-11,0,0,unlabeled
7756,6.309396222864573e-17,0,0,unlabeled
7757,1.7871438966277626e-17,0,0,unlabeled
7758,7.01239457612246e-08,0,0,unlabeled
7759,2.156266566124762e-13,0,0,unlabeled
7760,6.117198761423914e-14,0,0,unlabeled
7761,1.0121622295855559e-07,0,0,unlabeled
7762,3.479598065844053e-13,0,0,unlabeled
7763,9.25675687360808e-14,0,0,train
7764,3.5921504486224887e-12,0,0,unlabeled
7765,1.1638619815800761e-17,0,0,unlabeled
7766,3.283399970120025e-18,0,0,unlabeled
7767,1.2056663223347641e-08,0,0,unlabeled
7768,4.664303136976168e-14,0,0,unlabeled
7769,1.1994628584094912e-14,0,0,train
7770,8.804190088085306e-08,0,0,unlabeled
7771,2.4419865001651386e-13,0,0,unlabeled
7772,5.734992423447535e-14,0,0,unlabeled
7773,1.6392978554463644e-12,0,0,unlabeled
7774,3.707473963480036e-18,0,0,unlabeled
7775,9.96749846391831e-19,0,0,train
7776,0.00099421595223248,0,0,unlabeled
7777,2.9217559482930255e-09,0,0,unlabeled
7778,8.138981155703107e-10,0,0,unlabeled
7779,0.0006631080759689212,0,0,unlabeled
7780,3.1949844991885357e-09,0,0,train
7781,7.896384102146214e-10,0,0,unlabeled
7782,1.7514592443035326e-08,0,0,train
7783,3.9369121027435505e-13,0,0,train
7784,1.154948126068714e-13,0,0,unlabeled
7785,3.092714541708119e-05,0,0,unlabeled
7786,4.0908748610846146e-10,0,0,unlabeled
7787,1.1133662741746875e-10,0,0,train
7788,0.00014177440607454628,0,0,val
7789,1.147708039717088e-09,0,0,unlabeled
7790,2.8790583805893277e-10,0,0,train
7791,8.00849431215056e-09,0,0,unlabeled
7792,1.3060693748300628e-13,0,0,unlabeled
7793,3.5557589316524696e-14,0,0,unlabeled
7794,1.1948872270295396e-05,0,0,unlabeled
7795,9.695055869229918e-11,0,0,train
7796,2.6092248153752884e-11,0,0,unlabeled
7797,2.1712756279157475e-05,0,0,unlabeled
7798,1.4485874999525805e-10,0,0,unlabeled
7799,3.675766635513611e-11,0,0,train
7800,7.088473141791951e-10,0,0,unlabeled
7801,8.205314886203761e-15,0,0,unlabeled
7802,2.2593792833961466e-15,0,0,unlabeled
7803,1.5556412108708173e-05,0,0,unlabeled
7804,9.913504045444554e-11,0,0,unlabeled
7805,2.613129330975017e-11,0,0,unlabeled
7806,7.722921145614237e-05,0,0,unlabeled
7807,3.202731413409765e-10,0,0,unlabeled
7808,7.766340348602796e-11,0,0,unlabeled
7809,2.0715034132479104e-09,0,0,unlabeled
7810,2.66851970208426e-14,0,0,unlabeled
7811,6.514205136681078e-15,0,0,train
7812,2.7909857180929976e-07,0,0,unlabeled
7813,3.3915281607427294e-12,0,0,unlabeled
7814,1.030997444535775e-12,0,0,unlabeled
7815,1.3373050933296327e-06,0,0,unlabeled
7816,1.3554099682899778e-11,0,0,unlabeled
7817,3.6537396372327e-12,0,0,unlabeled
7818,6.028472165908738e-11,0,0,unlabeled
7819,1.237277543196828e-15,0,0,unlabeled
7820,3.4391398484030593e-16,0,0,unlabeled
7821,1.0742743370428798e-06,0,0,unlabeled
7822,6.30159509643069e-12,0,0,val
7823,1.7041513599574953e-12,0,0,val
7824,2.6514855562709272e-05,0,0,unlabeled
7825,1.0871728517436452e-10,0,0,unlabeled
7826,2.424284210877925e-11,0,0,unlabeled
7827,3.4981246788134968e-09,0,0,unlabeled
7828,3.152792790226777e-15,0,0,unlabeled
7829,7.118571297239139e-16,0,0,unlabeled
7830,0.0004880310734733939,0,0,unlabeled
7831,1.2772802815419482e-09,0,0,unlabeled
7832,3.82430920264909e-10,0,0,unlabeled
7833,0.0001465032109990716,0,0,unlabeled
7834,7.73072661441887e-10,0,0,unlabeled
7835,2.0588226956608224e-10,0,0,train
7836,7.350886566115378e-09,0,0,unlabeled
7837,8.661140923384159e-14,0,0,train
7838,2.6596885365761866e-14,0,0,train
7839,2.1425446902867407e-05,0,0,unlabeled
7840,1.890190226561117e-10,0,0,train
7841,5.075804707099785e-11,0,0,unlabeled
7842,4.400370380608365e-05,0,0,train
7843,3.739882847852982e-10,0,0,unlabeled
7844,8.865059381024665e-11,0,0,unlabeled
7845,3.8703804605688674e-09,0,0,unlabeled
7846,7.537886466272084e-14,0,0,unlabeled
7847,1.8205641665438102e-14,0,0,train
7848,2.8628746804315597e-06,0,0,unlabeled
7849,1.811795852235676e-11,0,0,unlabeled
7850,5.307719975339298e-12,0,0,unlabeled
7851,2.2673063995171105e-06,0,0,unlabeled
7852,1.5814734938279784e-11,0,0,unlabeled
7853,4.167674452076886e-12,0,0,unlabeled
7854,1.5353952831365092e-10,0,0,train
7855,2.2151127062979264e-15,0,0,unlabeled
7856,6.148237352039806e-16,0,0,unlabeled
7857,6.3311204030469526e-06,0,0,unlabeled
7858,2.4357417124920566e-11,0,0,unlabeled
7859,6.211155721691508e-12,0,0,unlabeled
7860,2.2301070202956907e-05,0,0,train
7861,1.1420365347847294e-10,0,0,unlabeled
7862,2.4229019832122667e-11,0,0,train
7863,5.5735487336505685e-09,0,0,val
7864,5.213407745736703e-15,0,0,unlabeled
7865,1.1715291517650547e-15,0,0,unlabeled
7866,3.786851721088169e-08,0,0,unlabeled
7867,3.2066444768594216e-13,0,0,unlabeled
7868,9.881828563979358e-14,0,0,unlabeled
7869,1.3952367794445308e-07,0,0,unlabeled
7870,1.743336811715901e-12,0,0,unlabeled
7871,4.310076330126672e-13,0,0,train
7872,6.697596643956416e-11,0,0,unlabeled
7873,1.5182410452488192e-16,0,0,unlabeled
7874,4.209317658234935e-17,0,0,unlabeled
7875,1.6310680450715154e-07,0,0,unlabeled
7876,1.3314591399901654e-12,0,0,unlabeled
7877,3.3523531173251797e-13,0,0,unlabeled
7878,3.819660560111515e-05,0,0,unlabeled
7879,3.4356538447521956e-11,0,0,unlabeled
7880,7.651912090067547e-12,0,0,unlabeled
7881,4.755917881738014e-10,0,0,val
7882,3.7068697576734025e-16,0,0,unlabeled
7883,8.941942859195417e-17,0,0,unlabeled
7884,1.7810098142945208e-05,0,0,unlabeled
7885,9.390069971582093e-11,0,0,unlabeled
7886,2.5313699053564065e-11,0,0,train
7887,1.6087426047306508e-05,0,0,unlabeled
7888,9.21247245155854e-11,0,0,unlabeled
7889,2.1728448901248143e-11,0,0,train
7890,1.461231136090646e-09,0,0,unlabeled
7891,1.6672598428268438e-14,0,0,unlabeled
7892,4.15842566883263e-15,0,0,train
7893,1.2252421299763228e-07,0,0,val
7894,1.360459921800894e-12,0,0,unlabeled
7895,3.540777154982522e-13,0,0,unlabeled
7896,3.5859969216289755e-07,0,0,unlabeled
7897,7.285035422133213e-12,0,0,train
7898,1.5280955754232162e-12,0,0,unlabeled
7899,4.905389983100861e-10,0,0,unlabeled
7900,1.504675044974933e-15,0,0,unlabeled
7901,3.5516274119852065e-16,0,0,unlabeled
7902,1.1864540994110939e-07,0,0,unlabeled
7903,5.581814849740796e-13,0,0,unlabeled
7904,1.4071349066415578e-13,0,0,unlabeled
7905,2.362459099458647e-07,0,0,unlabeled
7906,1.6951682028573667e-12,0,0,unlabeled
7907,3.5505490691631336e-13,0,0,unlabeled
7908,1.3535143839060737e-10,0,0,unlabeled
7909,1.711105021033805e-16,0,0,unlabeled
7910,4.0259469365551995e-17,0,0,unlabeled
7911,1.96925622475419e-08,0,0,unlabeled
7912,1.901770163873981e-13,0,0,unlabeled
7913,4.355128318525234e-14,0,0,unlabeled
7914,1.7384148804922006e-06,0,0,train
7915,3.1265985894063375e-12,0,0,unlabeled
7916,6.1866896154672e-13,0,0,unlabeled
7917,6.362892851496937e-11,0,0,unlabeled
7918,6.992475355265963e-17,0,0,train
7919,1.650418716870505e-17,0,0,train
7920,4.439935974431819e-09,0,0,train
7921,4.70651993669368e-14,0,0,unlabeled
7922,1.2338941547923154e-14,0,0,val
7923,5.106118123876513e-07,0,0,unlabeled
7924,8.1215541019794e-13,0,0,unlabeled
7925,1.8663778747311788e-13,0,0,unlabeled
7926,1.2901751715588272e-11,0,0,train
7927,1.8964344733168413e-17,0,0,unlabeled
7928,4.956268120661035e-18,0,0,unlabeled
7929,4.432745015492401e-08,0,0,unlabeled
7930,1.5576721770077517e-13,0,0,unlabeled
7931,4.003333851487073e-14,0,0,unlabeled
7932,1.4433329624807811e-06,0,0,unlabeled
7933,1.457168153501387e-12,0,0,train
7934,3.026334879311504e-13,0,0,unlabeled
7935,1.2042144191537485e-11,0,0,unlabeled
7936,1.2192888728854169e-17,0,0,unlabeled
7937,2.989752093434619e-18,0,0,unlabeled
7938,5.532004706765292e-06,0,0,train
7939,2.6799699612278793e-11,0,0,unlabeled
7940,6.7572857032072164e-12,0,0,unlabeled
7941,5.727592451876262e-06,0,0,unlabeled
7942,5.1481513496653974e-11,0,0,unlabeled
7943,1.047993115899093e-11,0,0,train
7944,4.5194297193518196e-09,0,0,train
7945,5.940105263273427e-15,0,0,train
7946,1.3623091353322193e-15,0,0,unlabeled
7947,1.2123219050863554e-07,0,0,unlabeled
7948,1.6893036448861753e-12,0,0,unlabeled
7949,3.8953974594579943e-13,0,0,unlabeled
7950,5.37013966095401e-06,0,0,unlabeled
7951,1.8083123540235668e-11,0,0,unlabeled
7952,3.681574576447355e-12,0,0,unlabeled
7953,4.3244027803091e-10,0,0,unlabeled
7954,1.0714609970137868e-15,0,0,unlabeled
7955,2.570084044520147e-16,0,0,unlabeled
7956,6.04478529453445e-08,0,0,unlabeled
7957,3.793565667761095e-13,0,0,train
7958,8.27484985372294e-14,0,0,unlabeled
7959,1.7151985503005562e-06,0,0,unlabeled
7960,2.316119084716517e-12,0,0,unlabeled
7961,4.664020905598143e-13,0,0,unlabeled
7962,5.3074898642702095e-11,0,0,unlabeled
7963,7.238395489633488e-17,0,0,unlabeled
7964,1.7159282780983772e-17,0,0,unlabeled
7965,7.708183602517238e-07,0,0,unlabeled
7966,1.552476571776984e-12,0,0,unlabeled
7967,3.578048502015513e-13,0,0,unlabeled
7968,3.5455720990285045e-06,0,0,unlabeled
7969,5.242762387419608e-12,0,0,train
7970,1.0430610368483695e-12,0,0,unlabeled
7971,5.2629834518258534e-11,0,0,unlabeled
7972,5.920530675969515e-17,0,0,val
7973,1.441982768269188e-17,0,0,unlabeled
7974,1.976892747279635e-07,0,0,unlabeled
7975,7.743775781200724e-13,0,0,unlabeled
7976,2.1917188929628656e-13,0,0,train
7977,9.267636755794229e-07,0,0,unlabeled
7978,2.274269097699011e-12,0,0,unlabeled
7979,5.509423754886111e-13,0,0,train
7980,2.0268831751879546e-11,0,0,unlabeled
7981,5.096889734693724e-17,0,0,unlabeled
7982,1.4091438633869553e-17,0,0,val
7983,1.3123934650138835e-07,0,0,train
7984,2.834148118014551e-13,0,0,val
7985,7.075153722439775e-14,0,0,unlabeled
7986,3.147726374663762e-06,0,0,unlabeled
7987,2.6403831378252196e-12,0,0,unlabeled
7988,5.568936696336013e-13,0,0,unlabeled
7989,1.9109385948623547e-11,0,0,unlabeled
7990,1.834220895957748e-17,0,0,unlabeled
7991,4.534839864490275e-18,0,0,unlabeled
7992,0.0019459058530628681,0,0,unlabeled
7993,3.034392737077951e-09,0,0,unlabeled
7994,8.515762539573757e-10,0,0,unlabeled
7995,0.001175908837467432,0,0,unlabeled
7996,2.6520612372848973e-09,0,0,unlabeled
7997,6.64956201212874e-10,0,0,unlabeled
7998,1.9630945757853624e-08,0,0,unlabeled
7999,2.320730142345989e-13,0,0,unlabeled
8000,6.682516681937728e-14,0,0,unlabeled
8001,6.717789801768959e-05,0,0,val
8002,4.671488751384345e-10,0,0,unlabeled
8003,1.2592774045749877e-10,0,0,unlabeled
8004,0.00026230158982798457,0,0,unlabeled
8005,1.168045438149079e-09,0,0,train
8006,2.791543940450225e-10,0,0,train
8007,1.1433606950106423e-08,0,0,train
8008,1.9957883815643201e-13,0,0,unlabeled
8009,4.985404179324443e-14,0,0,unlabeled
8010,7.152738362492528e-06,0,0,train
8011,4.4850505254157014e-11,0,0,unlabeled
8012,1.1858341565640362e-11,0,0,unlabeled
8013,9.682116797193885e-06,0,0,unlabeled
8014,5.4116131714687654e-11,0,0,unlabeled
8015,1.2806111206187243e-11,0,0,unlabeled
8016,4.30287111496952e-10,0,0,unlabeled
8017,6.031968527501997e-15,0,0,unlabeled
8018,1.4125788466858675e-15,0,0,train
8019,1.5483785318792798e-05,0,0,unlabeled
8020,5.5786594094220376e-11,0,0,unlabeled
8021,1.434451776111123e-11,0,0,unlabeled
8022,0.00012142511695856228,0,0,unlabeled
8023,3.2689717599510004e-10,0,0,unlabeled
8024,6.879703751128119e-11,0,0,unlabeled
8025,1.4501757128471127e-08,0,0,train
8026,1.3239139365144818e-14,0,0,unlabeled
8027,2.881083467230674e-15,0,0,unlabeled
8028,5.168091021801047e-08,0,0,unlabeled
8029,5.15755190291789e-13,0,0,unlabeled
8030,1.5343683355123483e-13,0,0,unlabeled
8031,2.828205367677583e-07,0,0,unlabeled
8032,4.15744088461123e-12,0,0,train
8033,9.802089695476468e-13,0,0,unlabeled
8034,1.239196106839202e-10,0,0,unlabeled
8035,3.1318857936270543e-16,0,0,unlabeled
8036,8.094073466905703e-17,0,0,unlabeled
8037,2.1375610970153502e-07,0,0,unlabeled
8038,2.221047564615608e-12,0,0,unlabeled
8039,5.253750993278183e-13,0,0,val
8040,8.794879977358505e-05,0,0,unlabeled
8041,6.991816153822938e-11,0,0,unlabeled
8042,1.4579556312233066e-11,0,0,train
8043,8.175404797583496e-10,0,0,unlabeled
8044,7.507187895857044e-16,0,0,unlabeled
8045,1.7120191548723496e-16,0,0,unlabeled
8046,0.0010794834233820438,0,0,unlabeled
8047,1.3806978893526889e-09,0,0,train
8048,4.347551207928291e-10,0,0,unlabeled
8049,0.00038065380067564547,0,0,train
8050,8.022279507358121e-10,0,0,unlabeled
8051,2.1426667384805143e-10,0,0,unlabeled
8052,1.1388380016796873e-08,0,0,unlabeled
8053,1.1397455787313937e-13,0,0,unlabeled
8054,3.332709068025637e-14,0,0,unlabeled
8055,6.038800347596407e-05,0,0,unlabeled
8056,2.0298979164223852e-10,0,0,unlabeled
8057,5.379309844788516e-11,0,0,unlabeled
8058,0.00014769475092180073,0,0,unlabeled
8059,6.64321042620486e-10,0,0,train
8060,1.3474457660755945e-10,0,0,unlabeled
8061,4.5152273031590084e-08,0,0,unlabeled
8062,5.6393627425157036e-14,0,0,train
8063,1.3414885996205876e-14,0,0,unlabeled
8064,1.9029962459171657e-06,0,0,unlabeled
8065,8.28283188564205e-12,0,0,train
8066,2.351183917698174e-12,0,0,unlabeled
8067,2.176607949877507e-06,0,0,unlabeled
8068,1.289156802142255e-11,0,0,unlabeled
8069,3.0192103157855588e-12,0,0,unlabeled
8070,8.880971513747227e-10,0,0,unlabeled
8071,1.0756586805421423e-15,0,0,unlabeled
8072,2.717741210165681e-16,0,0,unlabeled
8073,7.431904123222921e-06,0,0,unlabeled
8074,2.384292242807451e-11,0,0,unlabeled
8075,5.337679083450286e-12,0,0,train
8076,0.000714928493835032,0,0,val
8077,1.9851612020893583e-10,0,0,unlabeled
8078,3.8593631762617875e-11,0,0,train
8079,5.1849324833597166e-09,0,0,unlabeled
8080,2.172956723546027e-15,0,0,val
8081,4.816243631768937e-16,0,0,unlabeled
8082,1.0611533873827739e-08,0,0,unlabeled
8083,1.4941379297001012e-13,0,0,unlabeled
8084,4.1945613649119196e-14,0,0,unlabeled
8085,6.391003921635274e-07,0,0,unlabeled
8086,1.6476392732805989e-12,0,0,unlabeled
8087,3.859992295414394e-13,0,0,train
8088,2.1568198615984358e-11,0,0,unlabeled
8089,4.69936393765748e-17,0,0,train
8090,1.3316487859554349e-17,0,0,unlabeled
8091,9.374591627420159e-07,0,0,unlabeled
8092,2.6541878504066085e-12,0,0,unlabeled
8093,6.792922344414642e-13,0,0,unlabeled
8094,2.4468812625855207e-05,0,0,train
8095,1.8300258877723685e-11,0,0,train
8096,3.952805530810233e-12,0,0,unlabeled
8097,1.3713223612210612e-10,0,0,unlabeled
8098,1.136030397992321e-16,0,0,unlabeled
8099,2.7170972335151962e-17,0,0,train
8100,3.9771148294676095e-05,0,0,unlabeled
8101,7.454499517667301e-11,0,0,unlabeled
8102,1.937732092838207e-11,0,0,unlabeled
8103,5.2946525102015585e-05,0,0,unlabeled
8104,1.4003097292825117e-10,0,0,unlabeled
8105,3.026724704202621e-11,0,0,train
8106,1.547686956371308e-08,0,0,unlabeled
8107,1.0110126813153968e-14,0,0,unlabeled
8108,2.4634941066519356e-15,0,0,unlabeled
8109,2.356361505917448e-07,0,0,unlabeled
8110,2.5949793529267406e-12,0,0,train
8111,6.047768622702288e-13,0,0,train
8112,8.837939276418183e-06,0,0,val
8113,2.3189138109724894e-11,0,0,unlabeled
8114,4.65645924596636e-12,0,0,unlabeled
8115,7.517083067121177e-10,0,0,unlabeled
8116,1.0818437151229932e-15,0,0,unlabeled
8117,2.688528632001656e-16,0,0,unlabeled
8118,1.3337320581285894e-07,0,0,unlabeled
8119,6.476994504969746e-13,0,0,unlabeled
8120,1.4457863075148514e-13,0,0,unlabeled
8121,3.674080517157563e-06,0,0,unlabeled
8122,3.1969971375084283e-12,0,0,unlabeled
8123,6.595225125576032e-13,0,0,unlabeled
8124,9.859665167644138e-11,0,0,train
8125,8.235284447124835e-17,0,0,train
8126,2.042859669245263e-17,0,0,unlabeled
8127,7.083647233230295e-07,0,0,train
8128,1.2365433113212254e-12,0,0,unlabeled
8129,2.788118314781679e-13,0,0,unlabeled
8130,4.827266820939258e-06,0,0,train
8131,4.103452386911011e-12,0,0,val
8132,8.021410684115604e-13,0,0,unlabeled
8133,5.1279435558937436e-11,0,0,unlabeled
8134,3.978163359545971e-17,0,0,unlabeled
8135,9.686149315375495e-18,0,0,unlabeled
8136,1.3585106728442042e-07,0,0,unlabeled
8137,5.070893791675468e-13,0,0,unlabeled
8138,1.4309469679053138e-13,0,0,train
8139,6.47478088922071e-07,0,0,unlabeled
8140,1.4150809430485412e-12,0,0,train
8141,3.431027163769418e-13,0,0,train
8142,1.3483679450754238e-11,0,0,unlabeled
8143,2.9686264796164433e-17,0,0,unlabeled
8144,8.298223792753383e-18,0,0,train
8145,2.9763393527559856e-08,0,0,unlabeled
8146,1.0491819679757722e-13,0,0,train
8147,2.621972192314026e-14,0,0,unlabeled
8148,7.785839102325554e-07,0,0,unlabeled
8149,8.743822723158989e-13,0,0,unlabeled
8150,1.826126055926025e-13,0,0,unlabeled
8151,5.763783981344028e-12,0,0,unlabeled
8152,7.925261289443023e-18,0,0,train
8153,1.9777193614428347e-18,0,0,unlabeled
8154,2.2496904421132058e-05,0,0,unlabeled
8155,5.603955841038122e-11,0,0,unlabeled
8156,1.2900276333271954e-11,0,0,unlabeled
8157,0.000543057220056653,0,0,unlabeled
8158,1.7304482846647318e-10,0,0,unlabeled
8159,3.502006323818918e-11,0,0,unlabeled
8160,6.664611529316744e-09,0,0,unlabeled
8161,4.657286993667471e-15,0,0,unlabeled
8162,1.166472259190828e-15,0,0,unlabeled
8163,7.2369757617707364e-06,0,0,unlabeled
8164,1.7409386432465368e-11,0,0,unlabeled
8165,4.100299526993423e-12,0,0,unlabeled
8166,1.950669684447348e-05,0,0,train
8167,4.0146257845874445e-11,0,0,unlabeled
8168,8.130873578593434e-12,0,0,train
8169,6.933269514064477e-10,0,0,unlabeled
8170,1.030245009075103e-15,0,0,unlabeled
8171,2.673300832494596e-16,0,0,unlabeled
8172,7.856467163946945e-06,0,0,unlabeled
8173,2.6549791878882623e-11,0,0,unlabeled
8174,6.6006653268169124e-12,0,0,unlabeled
8175,1.0047316209238488e-05,0,0,unlabeled
8176,1.9678788112931223e-11,0,0,unlabeled
8177,4.539266965780664e-12,0,0,unlabeled
8178,2.588990133389757e-10,0,0,unlabeled
8179,7.536081777874664e-16,0,0,unlabeled
8180,2.0113654953412457e-16,0,0,unlabeled
8181,4.4637067730946e-06,0,0,unlabeled
8182,7.958915644590281e-12,0,0,unlabeled
8183,1.9002336596601888e-12,0,0,train
8184,1.1899064702447504e-05,0,0,unlabeled
8185,2.372683126361519e-11,0,0,unlabeled
8186,4.885775811702686e-12,0,0,unlabeled
8187,2.3067439625101827e-10,0,0,unlabeled
8188,2.9262963389496547e-16,0,0,unlabeled
8189,7.548103822374163e-17,0,0,unlabeled
8190,1.469162071998653e-07,0,0,unlabeled
8191,5.205463881122196e-13,0,0,unlabeled
8192,1.471183878930596e-13,0,0,train
8193,4.806439051208145e-07,0,0,unlabeled
8194,1.4419288246053652e-12,0,0,unlabeled
8195,3.550183421980463e-13,0,0,train
8196,1.1277581299373729e-11,0,0,unlabeled
8197,3.501808904494649e-17,0,0,unlabeled
8198,1.0013350532838196e-17,0,0,unlabeled
8199,5.959782356512733e-08,0,0,unlabeled
8200,1.7015783313617527e-13,0,0,unlabeled
8201,4.358003148348215e-14,0,0,unlabeled
8202,1.4625458106820588e-06,0,0,val
8203,1.548091407670149e-12,0,0,train
8204,3.378059550834811e-13,0,0,unlabeled
8205,9.84986831681356e-12,0,0,unlabeled
8206,1.2804094137830826e-17,0,0,unlabeled
8207,3.2968668840826944e-18,0,0,unlabeled
8208,0.000643154897261411,0,0,unlabeled
8209,7.730903139879786e-10,0,0,unlabeled
8210,2.3237144153309686e-10,0,0,unlabeled
8211,0.00018500475562177598,0,0,unlabeled
8212,3.994319042188721e-10,0,0,unlabeled
8213,1.0875213229954994e-10,0,0,unlabeled
8214,5.011635106910717e-09,0,0,unlabeled
8215,5.857325665074506e-14,0,0,train
8216,1.701333945415811e-14,0,0,unlabeled
8217,4.5046959712635726e-05,0,0,unlabeled
8218,1.2246517688829783e-10,0,0,unlabeled
8219,3.324377925717492e-11,0,0,unlabeled
8220,6.755519279977307e-05,0,0,unlabeled
8221,3.081770394430805e-10,0,0,unlabeled
8222,6.854293521652011e-11,0,0,unlabeled
8223,2.363706919084052e-08,0,0,unlabeled
8224,2.9192082507800005e-14,0,0,unlabeled
8225,7.382181820589188e-15,0,0,train
8226,1.1727651099135983e-06,0,0,unlabeled
8227,4.798556951096655e-12,0,0,unlabeled
8228,1.2972143975317763e-12,0,0,unlabeled
8229,1.1880770216521341e-06,0,0,unlabeled
8230,7.189335498453131e-12,0,0,unlabeled
8231,1.6785824032833352e-12,0,0,unlabeled
8232,5.09533359949188e-10,0,0,unlabeled
8233,5.774676764059346e-16,0,0,unlabeled
8234,1.4210310443593834e-16,0,0,unlabeled
8235,5.250060439720983e-06,0,0,unlabeled
8236,1.4915114282532116e-11,0,0,unlabeled
8237,3.4275557652535538e-12,0,0,train
8238,0.00028746953466907144,0,0,unlabeled
8239,8.642604687469913e-11,0,0,unlabeled
8240,1.8423750372531522e-11,0,0,unlabeled
8241,2.491205464139057e-09,0,0,unlabeled
8242,1.1686814269963857e-15,0,0,unlabeled
8243,2.7156477152969827e-16,0,0,unlabeled
8244,1.1624807783050528e-08,0,0,unlabeled
8245,1.2456446193531007e-13,0,0,train
8246,3.40897726984913e-14,0,0,unlabeled
8247,5.625897188110685e-07,0,0,unlabeled
8248,1.0873874500480496e-12,0,0,unlabeled
8249,2.680795581182227e-13,0,0,train
8250,1.6397803254131205e-11,0,0,unlabeled
8251,3.1841910707367424e-17,0,0,unlabeled
8252,9.133794498259536e-18,0,0,unlabeled
8253,1.344673819403397e-06,0,0,unlabeled
8254,2.506280990036136e-12,0,0,unlabeled
8255,6.201587637519324e-13,0,0,unlabeled
8256,1.7303154891123995e-05,0,0,unlabeled
8257,1.1609058332695543e-11,0,0,unlabeled
8258,2.562644107334533e-12,0,0,val
8259,1.11882447750844e-10,0,0,unlabeled
8260,7.503977376289154e-17,0,0,unlabeled
8261,1.843874093706242e-17,0,0,unlabeled
8262,0.0002415020571788773,0,0,train
8263,2.1114285320145143e-10,0,0,train
8264,6.3674447658979e-11,0,0,unlabeled
8265,6.103981286287308e-05,0,0,unlabeled
8266,1.2530504411856214e-10,0,0,train
8267,3.085797589674755e-11,0,0,unlabeled
8268,1.4358664479630079e-08,0,0,unlabeled
8269,1.1445353975821863e-14,0,0,unlabeled
8270,3.213566133642852e-15,0,0,train
8271,2.252028207294643e-05,0,0,unlabeled
8272,6.59927112955927e-11,0,0,unlabeled
8273,1.666991891746683e-11,0,0,unlabeled
8274,0.0004103424435015768,0,0,unlabeled
8275,2.0684974566531622e-10,0,0,train
8276,4.5526221681413404e-11,0,0,unlabeled
8277,8.312154520240256e-09,0,0,unlabeled
8278,6.785262879582506e-15,0,0,unlabeled
8279,1.813621206881756e-15,0,0,unlabeled
8280,3.779384201152425e-07,0,0,unlabeled
8281,1.5329328518359775e-12,0,0,unlabeled
8282,3.8405387268840296e-13,0,0,unlabeled
8283,4.595794507622486e-06,0,0,unlabeled
8284,3.2686321097680215e-12,0,0,val
8285,7.561592953349294e-13,0,0,unlabeled
8286,1.0814069778541935e-10,0,0,unlabeled
8287,9.433015504322018e-17,0,0,unlabeled
8288,2.5249054577831954e-17,0,0,unlabeled
8289,4.147367144469172e-05,0,0,unlabeled
8290,2.143745077287651e-11,0,0,unlabeled
8291,5.1567378839267874e-12,0,0,unlabeled
8292,0.00010477261821506545,0,0,train
8293,2.6929389274066295e-11,0,0,train
8294,5.935097031894987e-12,0,0,train
8295,4.277218856874043e-10,0,0,unlabeled
8296,2.0885312556272965e-16,0,0,train
8297,5.1165852359508565e-17,0,0,unlabeled
8298,1.5408731712795998e-07,0,0,unlabeled
8299,6.054647343385622e-13,0,0,unlabeled
8300,1.8320253354717903e-13,0,0,unlabeled
8301,2.384423964940652e-07,0,0,unlabeled
8302,5.885448378650793e-13,0,0,unlabeled
8303,1.59204640031059e-13,0,0,unlabeled
8304,6.777343443398198e-12,0,0,train
8305,1.9999951699027652e-17,0,0,val
8306,6.298644115672303e-18,0,0,unlabeled
8307,6.085517156861897e-07,0,0,train
8308,8.165294070223983e-13,0,0,val
8309,2.0932005586303537e-13,0,0,unlabeled
8310,3.699366743603605e-06,0,0,unlabeled
8311,2.6088452145106578e-12,0,0,train
8312,6.054439718669591e-13,0,0,unlabeled
8313,2.223600643891377e-11,0,0,train
8314,2.0600761102065743e-17,0,0,unlabeled
8315,5.478413474625946e-18,0,0,unlabeled
8316,6.365808803820983e-05,0,0,unlabeled
8317,6.10599487638197e-11,0,0,unlabeled
8318,1.461221248166833e-11,0,0,unlabeled
8319,0.0014012233586981893,0,0,unlabeled
8320,1.2587010600473292e-10,0,0,unlabeled
8321,2.733974678592599e-11,0,0,unlabeled
8322,7.1310717331130036e-09,0,0,unlabeled
8323,3.0047346074202775e-15,0,0,unlabeled
8324,7.630908704506559e-16,0,0,unlabeled
8325,8.85437384567922e-06,0,0,unlabeled
8326,1.306723566157908e-11,0,0,unlabeled
8327,3.1727470043568795e-12,0,0,unlabeled
8328,1.6872105334186926e-05,0,0,unlabeled
8329,1.812459383965237e-11,0,0,unlabeled
8330,3.780377920425959e-12,0,0,val
8331,4.72640149240533e-10,0,0,unlabeled
8332,4.05696806241051e-16,0,0,unlabeled
8333,1.0404300905749134e-16,0,0,unlabeled
8334,9.978107300412375e-06,0,0,unlabeled
8335,2.3566808227126756e-11,0,0,unlabeled
8336,6.088825624250838e-12,0,0,unlabeled
8337,1.03603488241788e-05,0,0,unlabeled
8338,1.2820385378309318e-11,0,0,unlabeled
8339,3.0334389514163895e-12,0,0,train
8340,2.454481340397052e-10,0,0,unlabeled
8341,3.894098714427881e-16,0,0,train
8342,1.0756540218609324e-16,0,0,train
8343,2.857920890164678e-06,0,0,train
8344,3.3199981392534328e-12,0,0,unlabeled
8345,7.925161720455376e-13,0,0,unlabeled
8346,5.961981059954269e-06,0,0,unlabeled
8347,5.939728743575845e-12,0,0,unlabeled
8348,1.3402086515221234e-12,0,0,unlabeled
8349,7.419236752737035e-11,0,0,unlabeled
8350,8.562491289415702e-17,0,0,unlabeled
8351,2.3010320028459237e-17,0,0,unlabeled
8352,1.1917319397980464e-07,0,0,unlabeled
8353,2.772955476348926e-13,0,0,unlabeled
8354,8.180691638427079e-14,0,0,unlabeled
8355,2.6805113861883e-07,0,0,unlabeled
8356,4.347926099018684e-13,0,0,unlabeled
8357,1.172534156356972e-13,0,0,unlabeled
8358,5.094182020659588e-12,0,0,unlabeled
8359,1.1155794492253559e-17,0,0,val
8360,3.39501310453303e-18,0,0,unlabeled
8361,2.794007514239638e-08,0,0,unlabeled
8362,6.395673378921385e-14,0,0,unlabeled
8363,1.6419498207365275e-14,0,0,unlabeled
8364,2.457250616316742e-07,0,0,unlabeled
8365,2.966323475912802e-13,0,0,unlabeled
8366,6.890330455722529e-14,0,0,unlabeled
8367,2.6064233236977596e-12,0,0,unlabeled
8368,3.4325040318212303e-18,0,0,unlabeled
8369,9.25521530640043e-19,0,0,train
8370,0.028505777940154076,0,0,unlabeled
8371,8.295825359994069e-09,0,0,unlabeled
8372,2.39154540615516e-09,0,0,unlabeled
8373,0.011487521231174469,0,0,unlabeled
8374,3.602516507328346e-09,0,0,unlabeled
8375,9.387531862969922e-10,0,0,unlabeled
8376,8.17226251115244e-08,0,0,unlabeled
8377,1.713916823135181e-13,0,0,train
8378,5.10028217576286e-14,0,0,val
8379,7.761038432363421e-05,0,0,unlabeled
8380,2.5822338711734005e-10,0,0,unlabeled
8381,7.215536501625763e-11,0,0,unlabeled
8382,8.153479575412348e-05,0,0,unlabeled
8383,3.369255430207829e-10,0,0,unlabeled
8384,8.149804442414421e-11,0,0,unlabeled
8385,6.062089941138993e-09,0,0,unlabeled
8386,1.897175416710941e-14,0,0,unlabeled
8387,5.5763185884713344e-15,0,0,unlabeled
8388,7.570343314000638e-06,0,0,unlabeled
8389,1.8129537801558904e-11,0,0,unlabeled
8390,4.691413924007293e-12,0,0,val
8391,4.4250136852497235e-06,0,0,unlabeled
8392,7.901574360091868e-12,0,0,train
8393,1.9411640263949925e-12,0,0,unlabeled
8394,1.1355636569954086e-10,0,0,unlabeled
8395,3.1891407209989127e-16,0,0,unlabeled
8396,8.723481812442202e-17,0,0,unlabeled
8397,4.929297119815601e-06,0,0,unlabeled
8398,5.330822155230619e-12,0,0,unlabeled
8399,1.318399274301274e-12,0,0,unlabeled
8400,6.497583854070399e-06,0,0,unlabeled
8401,9.107050183421173e-12,0,0,val
8402,2.081842077200635e-12,0,0,unlabeled
8403,1.0718826520816904e-10,0,0,unlabeled
8404,1.2967194302291582e-16,0,0,train
8405,3.4941892475640553e-17,0,0,unlabeled
8406,7.771182453097936e-08,0,0,unlabeled
8407,1.9625880781637406e-13,0,0,unlabeled
8408,6.04991114172039e-14,0,0,unlabeled
8409,1.0504406589006976e-07,0,0,unlabeled
8410,2.997587800809137e-13,0,0,unlabeled
8411,8.648941616064623e-14,0,0,unlabeled
8412,3.1566125581472537e-12,0,0,unlabeled
8413,1.0185248590294066e-17,0,0,unlabeled
8414,3.2596007431259554e-18,0,0,unlabeled
8415,3.91042185299284e-08,0,0,unlabeled
8416,7.893928295320957e-14,0,0,train
8417,2.0831824966752698e-14,0,0,unlabeled
8418,3.665837766675395e-07,0,0,unlabeled
8419,4.119620497598092e-13,0,0,unlabeled
8420,9.912731036400627e-14,0,0,unlabeled
8421,3.1222299051725244e-12,0,0,train
8422,4.8435064459675e-18,0,0,unlabeled
8423,1.350473783015432e-18,0,0,unlabeled
8424,0.00022471806732937694,0,0,train
8425,3.259894021390153e-10,0,0,unlabeled
8426,9.215742058366061e-11,0,0,unlabeled
8427,6.090938768466003e-05,0,0,unlabeled
8428,3.132104575698236e-10,0,0,unlabeled
8429,7.431643495037221e-11,0,0,unlabeled
8430,2.7779121225535164e-08,0,0,unlabeled
8431,3.3883760733191895e-14,0,0,unlabeled
8432,8.920999281360285e-15,0,0,unlabeled
8433,1.6521228189958492e-06,0,0,unlabeled
8434,2.2471696378700834e-11,0,0,val
8435,5.7159854106869634e-12,0,0,unlabeled
8436,2.4826056687743403e-05,0,0,val
8437,1.0087610607945052e-10,0,0,unlabeled
8438,2.3579036292908917e-11,0,0,unlabeled
8439,3.0044051690936158e-09,0,0,unlabeled
8440,7.616313585671539e-15,0,0,unlabeled
8441,2.0699011894689118e-15,0,0,train
8442,2.531458846988244e-07,0,0,unlabeled
8443,2.0750551884413104e-12,0,0,unlabeled
8444,4.812715438846926e-13,0,0,unlabeled
8445,2.99013754556654e-06,0,0,train
8446,6.46511186599974e-12,0,0,unlabeled
8447,1.4342949571088948e-12,0,0,unlabeled
8448,1.5329811031694618e-10,0,0,unlabeled
8449,2.661568632081736e-16,0,0,unlabeled
8450,6.559607770250024e-17,0,0,unlabeled
8451,3.182562522852095e-06,0,0,unlabeled
8452,8.62466782020066e-12,0,0,unlabeled
8453,2.1342053558442986e-12,0,0,unlabeled
8454,5.599290943791857e-06,0,0,train
8455,1.3273901075527839e-11,0,0,unlabeled
8456,3.050642420968086e-12,0,0,unlabeled
8457,1.615039352254044e-10,0,0,unlabeled
8458,2.724166219768401e-16,0,0,train
8459,6.699428425295577e-17,0,0,unlabeled
8460,4.623308313966845e-07,0,0,unlabeled
8461,2.1998659404526277e-12,0,0,unlabeled
8462,6.341985313643161e-13,0,0,unlabeled
8463,9.01919747775537e-07,0,0,unlabeled
8464,3.677791578227119e-12,0,0,unlabeled
8465,9.316791045252404e-13,0,0,unlabeled
8466,3.331404596629284e-11,0,0,unlabeled
8467,1.1739623862549406e-16,0,0,train
8468,3.353746552697862e-17,0,0,train
8469,3.361963933912193e-07,0,0,unlabeled
8470,1.2482376243738713e-12,0,0,unlabeled
8471,3.105094848777912e-13,0,0,unlabeled
8472,3.3005628665705444e-06,0,0,unlabeled
8473,6.210362519382118e-12,0,0,unlabeled
8474,1.3485113633388002e-12,0,0,unlabeled
8475,4.9884367470109936e-11,0,0,unlabeled
8476,7.175384179291649e-17,0,0,unlabeled
8477,1.7649355861058164e-17,0,0,unlabeled
8478,0.00036911023198626935,0,0,unlabeled
8479,2.873407900505498e-10,0,0,unlabeled
8480,7.702845999935093e-11,0,0,unlabeled
8481,0.0014265967765823007,0,0,unlabeled
8482,3.585042263054561e-10,0,0,unlabeled
8483,8.741947443713372e-11,0,0,unlabeled
8484,1.7472517654937292e-08,0,0,unlabeled
8485,1.1776010227441524e-14,0,0,unlabeled
8486,3.4142398855504207e-15,0,0,unlabeled
8487,8.904084825189784e-05,0,0,unlabeled
8488,1.2647873026683243e-10,0,0,unlabeled
8489,3.31307932477376e-11,0,0,unlabeled
8490,4.12324043281842e-05,0,0,unlabeled
8491,1.0850970816322913e-10,0,0,train
8492,2.4385538727189626e-11,0,0,unlabeled
8493,2.4019639610628474e-09,0,0,unlabeled
8494,3.8410326826175505e-15,0,0,unlabeled
8495,1.0504124400327543e-15,0,0,unlabeled
8496,2.2563746824744157e-05,0,0,unlabeled
8497,7.531947981975762e-11,0,0,unlabeled
8498,2.121592311554732e-11,0,0,unlabeled
8499,8.723421160539147e-06,0,0,unlabeled
8500,2.4791817904157298e-11,0,0,unlabeled
8501,6.652967673298482e-12,0,0,val
8502,4.106212314614055e-10,0,0,unlabeled
8503,1.3466587193240384e-15,0,0,unlabeled
8504,4.022832634636162e-16,0,0,unlabeled
8505,1.375830288452562e-05,0,0,unlabeled
8506,2.954480063377396e-11,0,0,unlabeled
8507,7.469454742226045e-12,0,0,unlabeled
8508,1.041919404087821e-05,0,0,unlabeled
8509,3.244539706348526e-11,0,0,unlabeled
8510,7.408075888837296e-12,0,0,val
8511,3.916740543008501e-10,0,0,unlabeled
8512,8.055758196234451e-16,0,0,unlabeled
8513,2.1312112606059705e-16,0,0,unlabeled
8514,3.3130720566987293e-07,0,0,unlabeled
8515,1.1223949287347823e-12,0,0,unlabeled
8516,3.372085325813873e-13,0,0,unlabeled
8517,3.409277837818081e-07,0,0,unlabeled
8518,1.304009092546743e-12,0,0,unlabeled
8519,3.4205529576315785e-13,0,0,unlabeled
8520,1.3142648427888481e-11,0,0,unlabeled
8521,4.7611291831245694e-17,0,0,train
8522,1.4546902477114726e-17,0,0,unlabeled
8523,1.7978865685108758e-07,0,0,train
8524,6.501824903124009e-13,0,0,unlabeled
8525,1.7380603792131744e-13,0,0,unlabeled
8526,1.0492447017895756e-06,0,0,unlabeled
8527,2.6349144220672027e-12,0,0,unlabeled
8528,6.286405315573951e-13,0,0,train
8529,1.9606181261844213e-11,0,0,unlabeled
8530,3.631109807381998e-17,0,0,train
8531,9.549848975580845e-18,0,0,train
8532,0.11233655363321304,0,0,unlabeled
8533,4.5328647502174135e-08,0,0,unlabeled
8534,1.3288766531616147e-08,0,0,unlabeled
8535,0.06184009462594986,0,0,train
8536,2.3151343953031756e-08,0,0,train
8537,6.283709108600988e-09,0,0,unlabeled
8538,5.451210540741158e-07,0,0,unlabeled
8539,1.613193519739431e-12,0,0,train
8540,5.104693252301618e-13,0,0,unlabeled
8541,3.395762178115547e-05,0,0,unlabeled
8542,4.1023218155800123e-10,0,0,unlabeled
8543,1.2095163759440197e-10,0,0,unlabeled
8544,3.06066322082188e-05,0,0,unlabeled
8545,4.602679626319883e-10,0,0,train
8546,1.2335153731779513e-10,0,0,train
8547,7.677902758018718e-09,0,0,unlabeled
8548,6.40721267816842e-14,0,0,unlabeled
8549,1.9866115927324492e-14,0,0,unlabeled
8550,2.0386909454828128e-05,0,0,unlabeled
8551,9.823324098601205e-11,0,0,train
8552,2.634453419303462e-11,0,0,train
8553,1.2401060303091072e-05,0,0,unlabeled
8554,5.1901320047287314e-11,0,0,unlabeled
8555,1.328355047486296e-11,0,0,train
8556,7.556586467671877e-10,0,0,unlabeled
8557,3.2493018184128006e-15,0,0,unlabeled
8558,9.608839162441717e-16,0,0,unlabeled
8559,9.971580539058778e-07,0,0,train
8560,6.26185301527693e-12,0,0,unlabeled
8561,1.7235357021791464e-12,0,0,unlabeled
8562,1.332359488515067e-06,0,0,unlabeled
8563,9.288070312862828e-12,0,0,unlabeled
8564,2.3539661973132064e-12,0,0,unlabeled
8565,9.862750199873815e-11,0,0,unlabeled
8566,5.472132477167871e-16,0,0,unlabeled
8567,1.609336394701365e-16,0,0,unlabeled
8568,3.519180609146133e-07,0,0,unlabeled
8569,1.5671406230002849e-12,0,0,unlabeled
8570,4.780930967958341e-13,0,0,unlabeled
8571,5.852558047081402e-07,0,0,unlabeled
8572,2.74722952720019e-12,0,0,unlabeled
8573,7.743096528539661e-13,0,0,unlabeled
8574,2.518415337382507e-11,0,0,unlabeled
8575,1.1906632289968353e-16,0,0,unlabeled
8576,3.557062915051966e-17,0,0,unlabeled
8577,2.601764670373541e-08,0,0,unlabeled
8578,2.373757928501169e-13,0,0,train
8579,6.657073845081282e-14,0,0,train
8580,2.22190422505264e-07,0,0,val
8581,1.2366236507022066e-12,0,0,unlabeled
8582,3.0983386429400683e-13,0,0,unlabeled
8583,7.352388663173226e-12,0,0,train
8584,3.4388621142405885e-17,0,0,unlabeled
8585,9.777287248085975e-18,0,0,unlabeled
8586,0.07604745030403137,0,0,unlabeled
8587,1.8168300641718815e-08,0,0,val
8588,5.211196363319459e-09,0,0,unlabeled
8589,0.015346422791481018,0,0,unlabeled
8590,7.779558330867076e-09,0,0,unlabeled
8591,1.964959306377523e-09,0,0,train
8592,1.6976379413335962e-07,0,0,unlabeled
8593,4.288493388529546e-13,0,0,unlabeled
8594,1.3251070163020073e-13,0,0,unlabeled
8595,3.112677950412035e-05,0,0,train
8596,2.379872687807705e-10,0,0,unlabeled
8597,7.08198291676787e-11,0,0,train
8598,2.1678970369976014e-05,0,0,train
8599,2.617845107355521e-10,0,0,train
8600,7.028478493653623e-11,0,0,train
8601,4.118914098683035e-09,0,0,train
8602,2.8749426477696696e-14,0,0,val
8603,8.893646046394602e-15,0,0,unlabeled
8604,5.76765569348936e-06,0,0,train
8605,2.239715531093811e-11,0,0,unlabeled
8606,5.8203129815748156e-12,0,0,unlabeled
8607,2.550153567426605e-06,0,0,unlabeled
8608,1.009257087625226e-11,0,0,unlabeled
8609,2.486957254715927e-12,0,0,train
8610,1.3538553611525117e-10,0,0,unlabeled
8611,6.105187431891198e-16,0,0,unlabeled
8612,1.7184641491586688e-16,0,0,train
8613,7.231582799249736e-07,0,0,train
8614,2.970021581102933e-12,0,0,train
8615,7.843205794035024e-13,0,0,train
8616,5.967482366031618e-07,0,0,unlabeled
8617,4.101472633744052e-12,0,0,train
8618,1.0322410244276159e-12,0,0,unlabeled
8619,4.061460889825952e-11,0,0,unlabeled
8620,1.8486288933033192e-16,0,0,unlabeled
8621,5.416326373182512e-17,0,0,unlabeled
8622,1.4055616759378609e-07,0,0,unlabeled
8623,4.5431797972110555e-13,0,0,train
8624,1.3356451903680233e-13,0,0,unlabeled
8625,1.6269821401238005e-07,0,0,unlabeled
8626,7.708260570636616e-13,0,0,train
8627,2.143194747106919e-13,0,0,val
8628,6.79287398899775e-12,0,0,train
8629,3.21370983807631e-17,0,0,unlabeled
8630,9.539982365234313e-18,0,0,train
8631,2.207533000841977e-08,0,0,unlabeled
8632,1.1424924049353857e-13,0,0,unlabeled
8633,3.053759773264525e-14,0,0,unlabeled
8634,1.6037314765071642e-07,0,0,unlabeled
8635,6.377259289223891e-13,0,0,unlabeled
8636,1.5673191368879846e-13,0,0,unlabeled
8637,3.973297385551078e-12,0,0,unlabeled
8638,1.2853571118990073e-17,0,0,unlabeled
8639,3.575003883511812e-18,0,0,unlabeled
8640,0.11001189798116684,0,0,unlabeled
8641,9.357972174939277e-08,0,0,unlabeled
8642,2.844059920903419e-08,0,0,unlabeled
8643,0.07836143672466278,0,0,unlabeled
8644,1.2454225384317397e-07,0,0,unlabeled
8645,3.566658079989793e-08,0,0,unlabeled
8646,5.14175042098941e-07,0,0,unlabeled
8647,1.491647950990771e-11,0,0,train
8648,4.870600450734841e-12,0,0,unlabeled
8649,0.0048347292467951775,0,0,unlabeled
8650,1.966587603874359e-08,0,0,unlabeled
8651,5.98698690623678e-09,0,0,unlabeled
8652,0.025236371904611588,0,0,unlabeled
8653,7.146133640389962e-08,0,0,unlabeled
8654,2.0868156980213826e-08,0,0,train
8655,3.32112307432908e-07,0,0,unlabeled
8656,9.805798534268106e-12,0,0,unlabeled
8657,3.021336002564934e-12,0,0,unlabeled
8658,0.0012849259655922651,0,0,unlabeled
8659,3.1728004667996856e-09,0,0,unlabeled
8660,9.179205728848672e-10,0,0,val
8661,0.0020831897854804993,0,0,unlabeled
8662,5.9140878860830526e-09,0,0,val
8663,1.701286334032659e-09,0,0,unlabeled
8664,2.0741214967756605e-08,0,0,train
8665,4.12654123111561e-13,0,0,unlabeled
8666,1.2509016446369398e-13,0,0,train
8667,0.0023071966134011745,0,0,train
8668,4.8904080784950565e-09,0,0,unlabeled
8669,1.4283404459192184e-09,0,0,train
8670,0.017235709354281425,0,0,unlabeled
8671,2.1658266291524342e-08,0,0,train
8672,6.047123246588626e-09,0,0,unlabeled
8673,7.812393931772021e-08,0,0,unlabeled
8674,1.0226541835578473e-12,0,0,unlabeled
8675,3.065391907322579e-13,0,0,unlabeled
8676,2.7767580377258128e-06,0,0,unlabeled
8677,6.560215565221128e-11,0,0,unlabeled
8678,2.2910279576238146e-11,0,0,train
8679,1.5076493582455441e-05,0,0,unlabeled
8680,3.2329461330249387e-10,0,0,unlabeled
8681,1.0419147489226788e-10,0,0,train
8682,8.670794082732414e-10,0,0,unlabeled
8683,2.2668870022757824e-14,0,0,unlabeled
8684,7.593395415217679e-15,0,0,unlabeled
8685,1.0532234227866866e-05,0,0,unlabeled
8686,1.5770464101283466e-10,0,0,unlabeled
8687,5.013207557413857e-11,0,0,unlabeled
8688,0.00039623904740437865,0,0,unlabeled
8689,1.946847349998393e-09,0,0,unlabeled
8690,5.456016194393953e-10,0,0,unlabeled
8691,6.666124097165493e-09,0,0,unlabeled
8692,5.574300786584385e-14,0,0,unlabeled
8693,1.6481656873166585e-14,0,0,unlabeled
8694,0.02605387195944786,0,0,train
8695,2.7208074016016326e-08,0,0,unlabeled
8696,8.829243114405472e-09,0,0,train
8697,0.006849539931863546,0,0,unlabeled
8698,1.9847277599183144e-08,0,0,unlabeled
8699,6.0690661385365274e-09,0,0,unlabeled
8700,1.204915207608792e-07,0,0,train
8701,2.6824133192437927e-12,0,0,train
8702,9.360341278116802e-13,0,0,train
8703,0.0012528134975582361,0,0,unlabeled
8704,6.718317901999171e-09,0,0,train
8705,2.014732602972913e-09,0,0,unlabeled
8706,0.0020271786488592625,0,0,unlabeled
8707,1.503724966767095e-08,0,0,unlabeled
8708,4.293961630708054e-09,0,0,unlabeled
8709,8.71842971150727e-08,0,0,train
8710,2.07039008333354e-12,0,0,unlabeled
8711,6.448716343906979e-13,0,0,unlabeled
8712,6.61935773678124e-05,0,0,val
8713,4.0461378691958316e-10,0,0,val
8714,1.2977106889078271e-10,0,0,unlabeled
8715,4.750944208353758e-05,0,0,unlabeled
8716,4.438164002973366e-10,0,0,unlabeled
8717,1.370025620728299e-10,0,0,val
8718,2.2381207998023456e-09,0,0,unlabeled
8719,4.076277957212361e-14,0,0,unlabeled
8720,1.3412582913622292e-14,0,0,unlabeled
8721,0.00016628720914013684,0,0,unlabeled
8722,8.30229551773698e-10,0,0,unlabeled
8723,2.4720295255242775e-10,0,0,unlabeled
8724,0.0007065688259899616,0,0,train
8725,2.551377331627691e-09,0,0,unlabeled
8726,7.160002590822501e-10,0,0,train
8727,1.2179045327798121e-08,0,0,unlabeled
8728,1.0649403722143985e-13,0,0,unlabeled
8729,3.17849791083534e-14,0,0,unlabeled
8730,2.0459950178519648e-07,0,0,unlabeled
8731,4.8042251600544095e-12,0,0,unlabeled
8732,1.7552014529298443e-12,0,0,unlabeled
8733,6.221963531061192e-07,0,0,unlabeled
8734,1.5224089350285297e-11,0,0,val
8735,5.0646617975880215e-12,0,0,unlabeled
8736,5.4079192512990204e-11,0,0,train
8737,1.313422522902319e-15,0,0,unlabeled
8738,4.590855576042856e-16,0,0,unlabeled
8739,8.043421075853985e-07,0,0,unlabeled
8740,1.167313728317465e-11,0,0,unlabeled
8741,3.953702382847313e-12,0,0,unlabeled
8742,1.0002135240938514e-05,0,0,unlabeled
8743,9.671360240437465e-11,0,0,val
8744,2.8791611456080446e-11,0,0,train
8745,3.765183997916921e-10,0,0,unlabeled
8746,2.986416461144719e-15,0,0,unlabeled
8747,9.160636972358025e-16,0,0,unlabeled
8748,0.00043254526099190116,0,0,unlabeled
8749,1.5700899469450746e-09,0,0,train
8750,4.813549003834794e-10,0,0,unlabeled
8751,0.0002812044112943113,0,0,val
8752,1.9292814013027737e-09,0,0,train
8753,5.702564531695486e-10,0,0,val
8754,1.7339521818371395e-08,0,0,unlabeled
8755,2.1637894384238243e-13,0,0,unlabeled
8756,6.817632667178303e-14,0,0,train
8757,1.3809271877107676e-06,0,0,unlabeled
8758,3.5971160078362985e-11,0,0,unlabeled
8759,1.0685977276658765e-11,0,0,unlabeled
8760,2.982826345032663e-06,0,0,train
8761,1.0313249559912308e-10,0,0,train
8762,2.8089756215488038e-11,0,0,unlabeled
8763,7.962522863280697e-10,0,0,unlabeled
8764,1.9145548387227047e-14,0,0,unlabeled
8765,5.9394932819690355e-15,0,0,unlabeled
8766,1.2200025594211183e-06,0,0,unlabeled
8767,1.121261503783666e-11,0,0,unlabeled
8768,3.3880303076938567e-12,0,0,unlabeled
8769,1.509631260887545e-06,0,0,unlabeled
8770,1.912127227388094e-11,0,0,unlabeled
8771,5.587942435159032e-12,0,0,unlabeled
8772,1.337965016556808e-10,0,0,unlabeled
8773,1.626581826688785e-15,0,0,unlabeled
8774,5.063328436438936e-16,0,0,unlabeled
8775,1.7106638949826447e-07,0,0,unlabeled
8776,2.2561744139615314e-12,0,0,train
8777,6.674928079881959e-13,0,0,unlabeled
8778,6.881747935949534e-07,0,0,unlabeled
8779,8.514486858623993e-12,0,0,unlabeled
8780,2.285858785242012e-12,0,0,unlabeled
8781,4.9081478464829686e-11,0,0,unlabeled
8782,4.855017623720686e-16,0,0,train
8783,1.402510668967668e-16,0,0,unlabeled
8784,1.604983879133215e-08,0,0,unlabeled
8785,2.714652504523518e-13,0,0,unlabeled
8786,9.48370681573725e-14,0,0,unlabeled
8787,7.908374755061232e-08,0,0,val
8788,1.0830716748802538e-12,0,0,unlabeled
8789,3.460133926342507e-13,0,0,unlabeled
8790,5.290729226253843e-12,0,0,unlabeled
8791,7.507785715829348e-17,0,0,unlabeled
8792,2.4841016307826896e-17,0,0,unlabeled
8793,4.692629396174652e-09,0,0,unlabeled
8794,7.375430290373214e-14,0,0,train
8795,2.3173230709002714e-14,0,0,unlabeled
8796,6.694222065561917e-08,0,0,unlabeled
8797,6.380543879705436e-13,0,0,unlabeled
8798,1.800968635291486e-13,0,0,unlabeled
8799,3.1282745491245656e-12,0,0,unlabeled
8800,6.736845443996046e-17,0,0,unlabeled
8801,1.843916279917482e-17,0,0,unlabeled
8802,0.00012048133066855371,0,0,unlabeled
8803,7.35210170521583e-10,0,0,unlabeled
8804,2.2464810567335292e-10,0,0,unlabeled
8805,7.933517917990685e-05,0,0,unlabeled
8806,7.819392910946021e-10,0,0,unlabeled
8807,2.2799741261625428e-10,0,0,unlabeled
8808,7.71586705639038e-09,0,0,train
8809,8.464346709429957e-14,0,0,unlabeled
8810,2.5855058992754233e-14,0,0,unlabeled
8811,1.741860273796192e-06,0,0,unlabeled
8812,3.3281846029131756e-11,0,0,unlabeled
8813,9.839033233982608e-12,0,0,train
8814,4.037437975057401e-06,0,0,unlabeled
8815,9.019687080558114e-11,0,0,train
8816,2.4467865233912534e-11,0,0,unlabeled
8817,8.391256023365656e-10,0,0,train
8818,1.103935160244509e-14,0,0,val
8819,3.329111168527232e-15,0,0,val
8820,5.573445491791063e-07,0,0,unlabeled
8821,4.89432886580099e-12,0,0,unlabeled
8822,1.4475613633116446e-12,0,0,unlabeled
8823,6.799316452088533e-07,0,0,unlabeled
8824,7.0341757592295995e-12,0,0,unlabeled
8825,1.992765327751833e-12,0,0,unlabeled
8826,5.065359590106233e-11,0,0,train
8827,5.246603072818717e-16,0,0,unlabeled
8828,1.578293298928985e-16,0,0,train
8829,2.4274001475532714e-07,0,0,unlabeled
8830,1.9962271852885793e-12,0,0,unlabeled
8831,5.716342113201711e-13,0,0,unlabeled
8832,8.097542831819737e-07,0,0,unlabeled
8833,6.878401060533834e-12,0,0,unlabeled
8834,1.7692440394678766e-12,0,0,unlabeled
8835,4.5095316369980765e-11,0,0,unlabeled
8836,6.323326473775558e-16,0,0,unlabeled
8837,1.6441731392862602e-16,0,0,unlabeled
8838,1.2184388609171037e-08,0,0,unlabeled
8839,1.457139666089305e-13,0,0,unlabeled
8840,4.9117929504498975e-14,0,0,train
8841,5.213426135242116e-08,0,0,unlabeled
8842,5.365276907649819e-13,0,0,unlabeled
8843,1.6360422402678793e-13,0,0,unlabeled
8844,3.1580519449514455e-12,0,0,unlabeled
8845,7.776781542309142e-17,0,0,train
8846,2.3111573552880628e-17,0,0,unlabeled
8847,8.05194666497755e-09,0,0,unlabeled
8848,5.893712845235835e-14,0,0,unlabeled
8849,1.7531117142287507e-14,0,0,unlabeled
8850,1.2157883588770346e-07,0,0,unlabeled
8851,1.1046462139105429e-12,0,0,unlabeled
8852,2.7133845300827963e-13,0,0,train
8853,3.98773999932267e-11,0,0,unlabeled
8854,5.2225778435376863e-17,0,0,unlabeled
8855,1.2960759664306532e-17,0,0,train
8856,0.09740962833166122,0,0,unlabeled
8857,5.840374939225512e-08,0,0,unlabeled
8858,1.915356939719004e-08,0,0,val
8859,0.056686628609895706,0,0,unlabeled
8860,6.567862698148019e-08,0,0,train
8861,2.0379692600158705e-08,0,0,unlabeled
8862,3.210135162134975e-07,0,0,unlabeled
8863,6.989359611908608e-12,0,0,unlabeled
8864,2.3299209783722574e-12,0,0,val
8865,0.004723784513771534,0,0,unlabeled
8866,1.4635692657805066e-08,0,0,unlabeled
8867,4.606511616600528e-09,0,0,train
8868,0.015536068938672543,0,0,train
8869,4.9792991063668524e-08,0,0,unlabeled
8870,1.4831024408579196e-08,0,0,unlabeled
8871,2.667561602720525e-07,0,0,train
8872,6.043332501093346e-12,0,0,unlabeled
8873,1.90819495621275e-12,0,0,unlabeled
8874,0.00020287105871830136,0,0,unlabeled
8875,9.225014085956218e-10,0,0,train
8876,2.6885110804286683e-10,0,0,unlabeled
8877,0.0002748718252405524,0,0,unlabeled
8878,1.4438078510536911e-09,0,0,unlabeled
8879,4.042952361782426e-10,0,0,unlabeled
8880,6.1940701456819625e-09,0,0,train
8881,1.1203731898386943e-13,0,0,unlabeled
8882,3.206704107978908e-14,0,0,unlabeled
8883,0.0005463248817250133,0,0,unlabeled
8884,1.7859926870755771e-09,0,0,unlabeled
8885,5.215251008827693e-10,0,0,unlabeled
8886,0.006037226878106594,0,0,unlabeled
8887,8.317498689791591e-09,0,0,val
8888,2.196737236559443e-09,0,0,unlabeled
8889,3.621415345378409e-08,0,0,unlabeled
8890,3.05777728441467e-13,0,0,unlabeled
8891,8.578475928743001e-14,0,0,unlabeled
8892,2.548251814005198e-07,0,0,unlabeled
8893,7.276245578280438e-12,0,0,unlabeled
8894,2.5079784169573793e-12,0,0,unlabeled
8895,1.2122102361900033e-06,0,0,unlabeled
8896,3.311038596076621e-11,0,0,unlabeled
8897,1.0238589490119132e-11,0,0,unlabeled
8898,9.92095572360796e-11,0,0,train
8899,2.6977351389844816e-15,0,0,unlabeled
8900,8.680531286315999e-16,0,0,unlabeled
8901,9.841515975494985e-07,0,0,unlabeled
8902,1.8152824729500416e-11,0,0,unlabeled
8903,5.679339810937822e-12,0,0,train
8904,2.0345636585261673e-05,0,0,unlabeled
8905,2.103971163958107e-10,0,0,unlabeled
8906,5.769968183799712e-11,0,0,val
8907,7.030305781974278e-10,0,0,unlabeled
8908,6.591772178825891e-15,0,0,unlabeled
8909,1.857487137395925e-15,0,0,unlabeled
8910,0.025696640834212303,0,0,unlabeled
8911,1.88074462670329e-08,0,0,unlabeled
8912,6.761911919284103e-09,0,0,unlabeled
8913,0.005535227712243795,0,0,unlabeled
8914,1.1663429333452768e-08,0,0,unlabeled
8915,3.891535982347705e-09,0,0,train
8916,8.727797506935531e-08,0,0,unlabeled
8917,1.4144089545420346e-12,0,0,unlabeled
8918,4.982079202311973e-13,0,0,unlabeled
8919,0.0010462537175044417,0,0,train
8920,4.704315159642647e-09,0,0,unlabeled
8921,1.5099610450874934e-09,0,0,unlabeled
8922,0.0018195663578808308,0,0,unlabeled
8923,1.033243712811327e-08,0,0,unlabeled
8924,3.000619752668854e-09,0,0,train
8925,7.460555906391164e-08,0,0,unlabeled
8926,1.09985273926555e-12,0,0,unlabeled
8927,3.533086366871996e-13,0,0,unlabeled
8928,1.3541799489757977e-05,0,0,unlabeled
8929,1.3189012382230914e-10,0,0,unlabeled
8930,4.244214701909499e-11,0,0,train
8931,1.0778213436424267e-05,0,0,unlabeled
8932,1.2405346194732658e-10,0,0,val
8933,3.7828108701010166e-11,0,0,unlabeled
8934,7.289741033034147e-10,0,0,unlabeled
8935,1.1802048867273068e-14,0,0,unlabeled
8936,3.8136430252351354e-15,0,0,unlabeled
8937,5.273206625133753e-05,0,0,unlabeled
8938,2.642249752327075e-10,0,0,train
8939,7.898293130637057e-11,0,0,unlabeled
8940,0.00025670253671705723,0,0,unlabeled
8941,8.792334638130228e-10,0,0,unlabeled
8942,2.312439961738022e-10,0,0,unlabeled
8943,4.845543077891534e-09,0,0,unlabeled
8944,2.968517765584641e-14,0,0,unlabeled
8945,8.336819292363833e-15,0,0,unlabeled
8946,2.53500740399204e-08,0,0,unlabeled
8947,6.541429724282732e-13,0,0,unlabeled
8948,2.3790520877094157e-13,0,0,unlabeled
8949,6.369726435195844e-08,0,0,unlabeled
8950,1.7896829851427043e-12,0,0,unlabeled
8951,5.835305112375511e-13,0,0,unlabeled
8952,6.803091076590384e-12,0,0,val
8953,1.7763176905962196e-16,0,0,unlabeled
8954,6.036220818185671e-17,0,0,train
8955,9.430053893311197e-08,0,0,train
8956,1.5584546457156345e-12,0,0,unlabeled
8957,5.086285667817159e-13,0,0,unlabeled
8958,1.1222012972211814e-06,0,0,unlabeled
8959,1.1524715209931813e-11,0,0,unlabeled
8960,3.205759659466456e-12,0,0,unlabeled
8961,4.777317430537664e-11,0,0,unlabeled
8962,1.0018442061119032e-15,0,0,unlabeled
8963,2.6882207884648885e-16,0,0,unlabeled
8964,0.00034211462480016053,0,0,unlabeled
8965,8.690497210750436e-10,0,0,unlabeled
8966,2.804726173533112e-10,0,0,unlabeled
8967,0.000212319748243317,0,0,train
8968,9.822187507779745e-10,0,0,train
8969,3.074261401003753e-10,0,0,train
8970,1.0266588468255122e-08,0,0,train
8971,8.810043216874244e-14,0,0,unlabeled
8972,2.8186800089076078e-14,0,0,unlabeled
8973,1.0912198149526375e-06,0,0,unlabeled
8974,2.0896007146831153e-11,0,0,unlabeled
8975,6.4791978206246714e-12,0,0,unlabeled
8976,2.176881935156416e-06,0,0,unlabeled
8977,5.163354119264163e-11,0,0,unlabeled
8978,1.4551249094552077e-11,0,0,unlabeled
8979,5.163938165964055e-10,0,0,unlabeled
8980,7.56082106916512e-15,0,0,unlabeled
8981,2.3113271787765424e-15,0,0,unlabeled
8982,3.9824601572036045e-07,0,0,unlabeled
8983,3.441102004037022e-12,0,0,train
8984,1.0469956065323194e-12,0,0,unlabeled
8985,4.480662028072402e-07,0,0,unlabeled
8986,4.415311432443003e-12,0,0,unlabeled
8987,1.2916765096751548e-12,0,0,train
8988,3.490150529694702e-11,0,0,unlabeled
8989,3.8748205092461693e-16,0,0,unlabeled
8990,1.181329720011481e-16,0,0,unlabeled
8991,6.58711982737259e-08,0,0,unlabeled
8992,6.550370055397048e-13,0,0,unlabeled
8993,1.8577724265628898e-13,0,0,unlabeled
8994,2.5359389610457583e-07,0,0,unlabeled
8995,2.389075265743501e-12,0,0,train
8996,6.111335938176199e-13,0,0,unlabeled
8997,1.7030151594488174e-11,0,0,unlabeled
8998,2.9286974126573246e-16,0,0,unlabeled
8999,7.550004352549565e-17,0,0,unlabeled
9000,2.1253609983062915e-09,0,0,train
9001,3.578838207772897e-14,0,0,unlabeled
9002,1.2100468738986125e-14,0,0,train
9003,7.887010156082397e-09,0,0,train
9004,1.2294334929448258e-13,0,0,unlabeled
9005,3.737906929509108e-14,0,0,train
9006,7.134186362327266e-13,0,0,unlabeled
9007,2.5705535853230568e-17,0,0,unlabeled
9008,7.43723217266225e-18,0,0,unlabeled
9009,4.820605026267799e-10,0,0,unlabeled
9010,8.20077733070532e-15,0,0,unlabeled
9011,2.4768465222742156e-15,0,0,train
9012,7.366971477296147e-09,0,0,unlabeled
9013,1.5497478788543267e-13,0,0,unlabeled
9014,3.739860865111834e-14,0,0,unlabeled
9015,5.1125301908649945e-12,0,0,unlabeled
9016,1.432492525101367e-17,0,0,train
9017,3.580790839077233e-18,0,0,unlabeled
9018,0.00014816770271863788,0,0,unlabeled
9019,4.552841437188704e-10,0,0,train
9020,1.4519539737190001e-10,0,0,unlabeled
9021,7.267241016961634e-05,0,0,unlabeled
9022,4.2470021943685765e-10,0,0,unlabeled
9023,1.275706762449147e-10,0,0,unlabeled
9024,5.4011524142083545e-09,0,0,train
9025,3.165798515263746e-14,0,0,unlabeled
9026,9.933281580360321e-15,0,0,unlabeled
9027,1.5607860177624389e-06,0,0,train
9028,2.0204142178736895e-11,0,0,unlabeled
9029,6.187471542073997e-12,0,0,unlabeled
9030,3.4856830097851343e-06,0,0,unlabeled
9031,4.973474063141303e-11,0,0,unlabeled
9032,1.342931928854929e-11,0,0,unlabeled
9033,5.51911960577911e-10,0,0,unlabeled
9034,1.0370353969275329e-14,0,0,val
9035,2.9073046426623516e-15,0,0,unlabeled
9036,1.914446272621717e-07,0,0,unlabeled
9037,1.4013557024863954e-12,0,0,unlabeled
9038,4.093529985468858e-13,0,0,unlabeled
9039,1.9099000780897768e-07,0,0,unlabeled
9040,1.591415801222018e-12,0,0,train
9041,4.2992221111273765e-13,0,0,unlabeled
9042,1.5171650394329994e-11,0,0,unlabeled
9043,3.0369061363668575e-16,0,0,unlabeled
9044,8.131086159722756e-17,0,0,unlabeled
9045,9.731178352012648e-08,0,0,unlabeled
9046,5.362544718175155e-13,0,0,unlabeled
9047,1.446760056591015e-13,0,0,unlabeled
9048,4.1430263308939175e-07,0,0,unlabeled
9049,3.769743198156483e-12,0,0,unlabeled
9050,8.406221682286108e-13,0,0,val
9051,1.839802060699114e-10,0,0,val
9052,2.1047030998238512e-16,0,0,unlabeled
9053,4.864024495625756e-17,0,0,train
9054,1.4714814922101027e-09,0,0,train
9055,1.6024372584064195e-14,0,0,unlabeled
9056,5.1655601250957285e-15,0,0,unlabeled
9057,5.87816817443354e-09,0,0,train
9058,1.2162161197853266e-13,0,0,unlabeled
9059,3.240644379362209e-14,0,0,unlabeled
9060,4.89709271397909e-12,0,0,train
9061,1.5362596859681843e-17,0,0,train
9062,4.057815144988601e-18,0,0,unlabeled
9063,7.836174487074743e-10,0,0,unlabeled
9064,1.4459262373577378e-14,0,0,unlabeled
9065,3.825926697036217e-15,0,0,train
9066,2.7720747652892896e-07,0,0,unlabeled
9067,6.150909859573006e-13,0,0,unlabeled
9068,1.3809900488784277e-13,0,0,unlabeled
9069,7.7968525732941e-12,0,0,val
9070,1.0992187266077308e-17,0,0,train
9071,2.7344291488900198e-18,0,0,unlabeled
9072,0.020157814025878906,0,0,unlabeled
9073,1.2949104899462327e-08,0,0,train
9074,4.660464458794422e-09,0,0,unlabeled
9075,0.003634009277448058,0,0,unlabeled
9076,7.224700837582532e-09,0,0,val
9077,2.528183218331037e-09,0,0,val
9078,5.2576634601564365e-08,0,0,train
9079,8.025971380554164e-13,0,0,unlabeled
9080,2.7945601019895017e-13,0,0,unlabeled
9081,0.0013466733507812023,0,0,unlabeled
9082,3.8244718503221975e-09,0,0,unlabeled
9083,1.259982007617566e-09,0,0,train
9084,0.0012844292214140296,0,0,unlabeled
9085,5.7228337624337655e-09,0,0,unlabeled
9086,1.774542734978013e-09,0,0,unlabeled
9087,4.97299659230066e-08,0,0,train
9088,6.050133809741565e-13,0,0,val
9089,1.984571225887785e-13,0,0,train
9090,1.4699650819238741e-05,0,0,train
9091,1.0379595793974516e-10,0,0,unlabeled
9092,3.249196398047438e-11,0,0,unlabeled
9093,8.128397894324735e-06,0,0,unlabeled
9094,8.398681750065862e-11,0,0,unlabeled
9095,2.6043722733959385e-11,0,0,train
9096,5.376020184577612e-10,0,0,unlabeled
9097,6.8140276949547884e-15,0,0,unlabeled
9098,2.1454872333083333e-15,0,0,unlabeled
9099,5.9781796153401956e-05,0,0,unlabeled
9100,2.308117169613766e-10,0,0,unlabeled
9101,6.885453318616896e-11,0,0,unlabeled
9102,0.00014168291818350554,0,0,unlabeled
9103,4.077802817636922e-10,0,0,train
9104,1.1441558117608608e-10,0,0,unlabeled
9105,2.9520945687977473e-09,0,0,unlabeled
9106,1.5476174554667106e-14,0,0,unlabeled
9107,4.494683772848958e-15,0,0,unlabeled
9108,3.986194485605665e-08,0,0,unlabeled
9109,7.500258010148531e-13,0,0,unlabeled
9110,2.703852495632847e-13,0,0,unlabeled
9111,7.414480052148065e-08,0,0,unlabeled
9112,1.3748381773315277e-12,0,0,unlabeled
9113,4.64341943801766e-13,0,0,unlabeled
9114,6.943955827010129e-12,0,0,train
9115,1.2712069302067567e-16,0,0,unlabeled
9116,4.373827007587236e-17,0,0,unlabeled
9117,1.7845877664512955e-07,0,0,unlabeled
9118,1.8005090690956238e-12,0,0,unlabeled
9119,5.780636386232274e-13,0,0,unlabeled
9120,1.1177143051099847e-06,0,0,unlabeled
9121,8.42201742373705e-12,0,0,train
9122,2.424144435533848e-12,0,0,unlabeled
9123,4.3272965072338465e-11,0,0,unlabeled
9124,6.943464176053257e-16,0,0,unlabeled
9125,1.8972096738997015e-16,0,0,unlabeled
9126,0.0024243053048849106,0,0,unlabeled
9127,2.5578721363217483e-09,0,0,unlabeled
9128,9.349631069355269e-10,0,0,val
9129,0.0002438072842778638,0,0,unlabeled
9130,8.694775455175829e-10,0,0,unlabeled
9131,3.070651510839184e-10,0,0,unlabeled
9132,9.10046527025088e-09,0,0,train
9133,1.0330460580932135e-13,0,0,unlabeled
9134,3.7290273137164515e-14,0,0,unlabeled
9135,0.00014378510240931064,0,0,unlabeled
9136,6.754508619088995e-10,0,0,train
9137,2.3041628327558072e-10,0,0,unlabeled
9138,7.115273911040276e-05,0,0,unlabeled
9139,6.480513903284191e-10,0,0,unlabeled
9140,2.067692822516065e-10,0,0,train
9141,7.4148154283193435e-09,0,0,unlabeled
9142,6.419579359198332e-14,0,0,unlabeled
9143,2.1125681024945948e-14,0,0,unlabeled
9144,1.332856413682748e-06,0,0,unlabeled
9145,1.0716327998594455e-11,0,0,unlabeled
9146,3.492979126426543e-12,0,0,train
9147,5.170092549633409e-07,0,0,unlabeled
9148,5.087879770271364e-12,0,0,unlabeled
9149,1.6845384679178843e-12,0,0,unlabeled
9150,4.376051604415565e-11,0,0,unlabeled
9151,5.07576288010463e-16,0,0,train
9152,1.6650652069302875e-16,0,0,unlabeled
9153,4.36434038419975e-06,0,0,train
9154,2.0600117098257265e-11,0,0,unlabeled
9155,6.280523844048869e-12,0,0,unlabeled
9156,5.385669737734133e-06,0,0,unlabeled
9157,2.913772348400734e-11,0,0,unlabeled
9158,8.067537089762045e-12,0,0,unlabeled
9159,2.63948446432849e-10,0,0,val
9160,2.602752887685884e-15,0,0,unlabeled
9161,7.138122405848544e-16,0,0,unlabeled
9162,2.741402882477928e-09,0,0,unlabeled
9163,4.779771007159053e-14,0,0,unlabeled
9164,1.7606816476783624e-14,0,0,unlabeled
9165,3.058985287296423e-09,0,0,unlabeled
9166,5.520086951015142e-14,0,0,unlabeled
9167,1.8389386828620083e-14,0,0,unlabeled
9168,3.8968386351957707e-13,0,0,unlabeled
9169,1.8703119441362942e-17,0,0,train
9170,6.115740006576109e-18,0,0,unlabeled
9171,9.57734602735627e-09,0,0,unlabeled
9172,8.794009899622257e-14,0,0,train
9173,2.9793689352653266e-14,0,0,unlabeled
9174,4.004292719628211e-08,0,0,unlabeled
9175,5.918736095851529e-13,0,0,unlabeled
9176,1.680109502043281e-13,0,0,train
9177,2.4225553854617665e-11,0,0,unlabeled
9178,4.809319732995174e-17,0,0,unlabeled
9179,1.3578407983074365e-17,0,0,unlabeled
9180,0.00019155492191202939,0,0,unlabeled
9181,3.0140925866284363e-10,0,0,unlabeled
9182,1.0089495905418744e-10,0,0,unlabeled
9183,5.9541413065744564e-05,0,0,unlabeled
9184,1.8499221599022064e-10,0,0,unlabeled
9185,6.006550118398124e-11,0,0,unlabeled
9186,2.880680360917154e-09,0,0,train
9187,1.3570531688395643e-14,0,0,train
9188,4.385241610349545e-15,0,0,unlabeled
9189,8.323333418047696e-07,0,0,unlabeled
9190,7.64825008880976e-12,0,0,train
9191,2.4186759366162658e-12,0,0,train
9192,9.451965752305114e-07,0,0,unlabeled
9193,1.1292670791529513e-11,0,0,unlabeled
9194,3.234984762706672e-12,0,0,train
9195,1.6549320247527533e-10,0,0,unlabeled
9196,2.708510880381214e-15,0,0,train
9197,7.65665585912513e-16,0,0,unlabeled
9198,1.2326586329436395e-07,0,0,unlabeled
9199,6.618701897317947e-13,0,0,unlabeled
9200,2.0737957791977513e-13,0,0,unlabeled
9201,7.383066957800111e-08,0,0,unlabeled
9202,4.771575387411964e-13,0,0,unlabeled
9203,1.4151205977429998e-13,0,0,unlabeled
9204,6.165818289965985e-12,0,0,val
9205,9.327386525332466e-17,0,0,unlabeled
9206,2.5991687405614712e-17,0,0,unlabeled
9207,2.1259419114016964e-08,0,0,train
9208,1.0909600723892424e-13,0,0,unlabeled
9209,3.049440921673065e-14,0,0,unlabeled
9210,5.135272473921759e-08,0,0,val
9211,4.5174210509466017e-13,0,0,unlabeled
9212,1.0959257861018618e-13,0,0,unlabeled
9213,3.29755771300011e-11,0,0,train
9214,3.866269314596943e-17,0,0,unlabeled
9215,9.544751061465681e-18,0,0,train
9216,4.8314119371895e-10,0,0,unlabeled
9217,4.431470127511843e-15,0,0,unlabeled
9218,1.538865529890853e-15,0,0,unlabeled
9219,1.0963189245316585e-09,0,0,unlabeled
9220,1.9316035790718604e-14,0,0,unlabeled
9221,5.952059015741553e-15,0,0,train
9222,1.3492600049389014e-12,0,0,train
9223,3.295835596653994e-18,0,0,unlabeled
9224,9.536520821165931e-19,0,0,unlabeled
9225,1.461227666643694e-10,0,0,unlabeled
9226,2.957495791710142e-15,0,0,unlabeled
9227,8.367049686493102e-16,0,0,unlabeled
9228,2.5486743382430177e-08,0,0,unlabeled
9229,6.904854699075688e-14,0,0,unlabeled
9230,1.7464001639678865e-14,0,0,unlabeled
9231,1.2102835010227575e-12,0,0,unlabeled
9232,2.015503524258185e-18,0,0,unlabeled
9233,5.172056381418969e-19,0,0,unlabeled
9234,6.816445238655433e-05,0,0,train
9235,1.2858691889050533e-10,0,0,unlabeled
9236,4.1955040136487654e-11,0,0,unlabeled
9237,2.0007608327432536e-05,0,0,unlabeled
9238,6.72250241584571e-11,0,0,unlabeled
9239,2.0672619865935715e-11,0,0,val
9240,1.313278819026209e-09,0,0,unlabeled
9241,9.217358321912672e-15,0,0,unlabeled
9242,2.698218794797364e-15,0,0,val
9243,1.152915046986891e-06,0,0,unlabeled
9244,5.775624770110177e-12,0,0,unlabeled
9245,1.750206750361638e-12,0,0,unlabeled
9246,1.3405534673438524e-06,0,0,train
9247,1.5427921093436048e-11,0,0,unlabeled
9248,3.999102264617971e-12,0,0,unlabeled
9249,1.4826039285154025e-09,0,0,train
9250,1.7263298029859906e-15,0,0,unlabeled
9251,4.580324838926117e-16,0,0,unlabeled
9252,4.912969586712279e-08,0,0,unlabeled
9253,1.9983061700593746e-13,0,0,unlabeled
9254,5.774836853286378e-14,0,0,unlabeled
9255,3.376914747832416e-08,0,0,unlabeled
9256,2.8022728451940204e-13,0,0,unlabeled
9257,7.335669886202739e-14,0,0,unlabeled
9258,2.4667436496206285e-11,0,0,unlabeled
9259,3.452835510892324e-17,0,0,unlabeled
9260,8.884036411285887e-18,0,0,unlabeled
9261,2.936898901850782e-08,0,0,unlabeled
9262,1.4975444929260506e-13,0,0,unlabeled
9263,3.6901051333505797e-14,0,0,val
9264,1.0977926194755128e-06,0,0,unlabeled
9265,1.2444532166908107e-12,0,0,train
9266,2.863801318482573e-13,0,0,train
9267,3.3672686167163235e-11,0,0,unlabeled
9268,2.3141393413963164e-17,0,0,unlabeled
9269,5.6349007436796464e-18,0,0,unlabeled
9270,3.397151449036073e-10,0,0,unlabeled
9271,4.4532456505198565e-15,0,0,unlabeled
9272,1.413807997371452e-15,0,0,unlabeled
9273,1.672587046641638e-08,0,0,unlabeled
9274,4.187798653861041e-14,0,0,unlabeled
9275,1.2427702130465932e-14,0,0,unlabeled
9276,9.734904939454059e-13,0,0,unlabeled
9277,1.9513478095388785e-18,0,0,unlabeled
9278,5.62032106499794e-19,0,0,train
9279,9.363305686349577e-09,0,0,train
9280,2.958118233871432e-14,0,0,unlabeled
9281,8.344232524718203e-15,0,0,unlabeled
9282,9.496041997181237e-08,0,0,unlabeled
9283,1.2883100077194787e-13,0,0,unlabeled
9284,3.0955550893874834e-14,0,0,unlabeled
9285,1.541988325221011e-12,0,0,unlabeled
9286,1.4536023190903276e-18,0,0,unlabeled
9287,3.794379057899717e-19,0,0,train
9288,0.005468506831675768,0,0,unlabeled
9289,8.33856184101478e-09,0,0,unlabeled
9290,2.6646715944877997e-09,0,0,unlabeled
9291,0.0009052153909578919,0,0,unlabeled
9292,4.7646095957532e-09,0,0,unlabeled
9293,1.5102231687436074e-09,0,0,unlabeled
9294,4.348483884086818e-08,0,0,unlabeled
9295,5.421536158380091e-13,0,0,unlabeled
9296,1.734682140768981e-13,0,0,unlabeled
9297,2.3486203645006754e-05,0,0,unlabeled
9298,4.641619866241342e-10,0,0,train
9299,1.4763894273794875e-10,0,0,train
9300,2.0888022845610976e-05,0,0,unlabeled
9301,6.284748832463549e-10,0,0,train
9302,1.8352001862620426e-10,0,0,unlabeled
9303,6.146465114653665e-09,0,0,val
9304,1.0318841999401238e-13,0,0,train
9305,3.2693706547353915e-14,0,0,train
9306,2.1154976366233313e-06,0,0,unlabeled
9307,2.941743723616774e-11,0,0,unlabeled
9308,8.44471454569673e-12,0,0,train
9309,1.279625166716869e-06,0,0,train
9310,2.107564643638593e-11,0,0,unlabeled
9311,5.896710203456834e-12,0,0,unlabeled
9312,1.4666863557000198e-10,0,0,unlabeled
9313,2.274929326000078e-15,0,0,unlabeled
9314,6.62840762434406e-16,0,0,unlabeled
9315,1.1581020089579397e-06,0,0,unlabeled
9316,1.3501720574904397e-11,0,0,unlabeled
9317,3.7294147804678435e-12,0,0,unlabeled
9318,1.6112784351207665e-06,0,0,unlabeled
9319,2.4232763365383825e-11,0,0,unlabeled
9320,6.309122928954691e-12,0,0,train
9321,1.663949533714515e-10,0,0,val
9322,3.4946995452101066e-15,0,0,val
9323,8.979720263945163e-16,0,0,unlabeled
9324,2.8768656790134628e-08,0,0,val
9325,4.899108462658175e-13,0,0,unlabeled
9326,1.603740469417747e-13,0,0,unlabeled
9327,5.12748137282415e-08,0,0,unlabeled
9328,9.35029506078655e-13,0,0,train
9329,2.7708724529250384e-13,0,0,unlabeled
9330,5.199641498615515e-12,0,0,val
9331,2.0465189508390752e-16,0,0,val
9332,5.815127351851068e-17,0,0,train
9333,2.3162474604987437e-08,0,0,train
9334,3.1673763004752553e-13,0,0,unlabeled
9335,8.94443075378018e-14,0,0,unlabeled
9336,1.566237415318028e-07,0,0,unlabeled
9337,3.1064233216998582e-12,0,0,unlabeled
9338,7.191950485672949e-13,0,0,train
9339,9.581539034408948e-11,0,0,unlabeled
9340,2.349247202698782e-16,0,0,unlabeled
9341,5.64045195277049e-17,0,0,unlabeled
9342,0.0022389059886336327,0,0,unlabeled
9343,2.6105264616660406e-09,0,0,unlabeled
9344,8.740167478649141e-10,0,0,unlabeled
9345,0.0001757972058840096,0,0,unlabeled
9346,9.651334176297155e-10,0,0,unlabeled
9347,3.124044078983701e-10,0,0,unlabeled
9348,1.2569222107572386e-08,0,0,unlabeled
9349,9.148039178388453e-14,0,0,val
9350,3.038705626099564e-14,0,0,unlabeled
9351,1.4553454093402252e-05,0,0,unlabeled
9352,1.8533087564609474e-10,0,0,unlabeled
9353,5.799228805503098e-11,0,0,unlabeled
9354,7.719985660514794e-06,0,0,val
9355,1.5863473035171438e-10,0,0,train
9356,4.467718209277827e-11,0,0,unlabeled
9357,2.036721014064824e-09,0,0,unlabeled
9358,4.629435195109034e-14,0,0,unlabeled
9359,1.3292020479074851e-14,0,0,unlabeled
9360,4.965708626514242e-07,0,0,unlabeled
9361,4.617861214945007e-12,0,0,unlabeled
9362,1.3963690230142656e-12,0,0,unlabeled
9363,1.623792087457332e-07,0,0,unlabeled
9364,2.0160555082998632e-12,0,0,unlabeled
9365,6.005742778092404e-13,0,0,unlabeled
9366,2.1783722395363192e-11,0,0,unlabeled
9367,5.514062196243735e-16,0,0,unlabeled
9368,1.579262886955795e-16,0,0,train
9369,3.1946908052304934e-07,0,0,unlabeled
9370,2.4136480574615815e-12,0,0,train
9371,6.768620494819466e-13,0,0,unlabeled
9372,3.52412115489642e-07,0,0,unlabeled
9373,5.929462216364145e-12,0,0,train
9374,1.3665532464304797e-12,0,0,unlabeled
9375,3.08591707742778e-10,0,0,unlabeled
9376,6.042052242980823e-16,0,0,unlabeled
9377,1.4507064466197437e-16,0,0,unlabeled
9378,3.306623863608138e-09,0,0,unlabeled
9379,3.8742328166115406e-14,0,0,unlabeled
9380,1.3057573617736122e-14,0,0,val
9381,3.742596454969771e-09,0,0,unlabeled
9382,1.165566124519679e-13,0,0,unlabeled
9383,3.2532844826274956e-14,0,0,unlabeled
9384,5.400659520288231e-12,0,0,train
9385,2.1750523955540976e-17,0,0,unlabeled
9386,6.230298731150415e-18,0,0,unlabeled
9387,2.5309188078637135e-09,0,0,unlabeled
9388,6.108081298779669e-14,0,0,train
9389,1.6941258644412663e-14,0,0,val
9390,2.1815570505623327e-07,0,0,unlabeled
9391,1.0740837472905662e-12,0,0,unlabeled
9392,2.550870755943513e-13,0,0,unlabeled
9393,1.3894144515469442e-11,0,0,unlabeled
9394,3.0925169595532055e-17,0,0,unlabeled
9395,7.9015046622505e-18,0,0,unlabeled
9396,0.00022434107086155564,0,0,unlabeled
9397,3.1551231072235453e-10,0,0,unlabeled
9398,9.436212228264296e-11,0,0,val
9399,7.102414383552969e-05,0,0,unlabeled
9400,2.058292702944442e-10,0,0,unlabeled
9401,5.807828870607601e-11,0,0,unlabeled
9402,3.9247445293710825e-09,0,0,unlabeled
9403,2.377086835746514e-14,0,0,unlabeled
9404,6.425358580294154e-15,0,0,unlabeled
9405,2.252716200246141e-07,0,0,unlabeled
9406,2.4249166043210924e-12,0,0,unlabeled
9407,6.821824463827675e-13,0,0,unlabeled
9408,2.2825769008250063e-07,0,0,unlabeled
9409,6.579548104262978e-12,0,0,unlabeled
9410,1.5786427070077491e-12,0,0,unlabeled
9411,5.273114722648131e-10,0,0,unlabeled
9412,1.272333272268368e-15,0,0,unlabeled
9413,3.282751890653702e-16,0,0,unlabeled
9414,6.417982945094991e-08,0,0,val
9415,3.010606087344714e-13,0,0,unlabeled
9416,8.071992916745471e-14,0,0,unlabeled
9417,4.350201621150518e-08,0,0,unlabeled
9418,4.856497690976236e-13,0,0,unlabeled
9419,1.174288802047868e-13,0,0,unlabeled
9420,4.212230217404134e-11,0,0,unlabeled
9421,6.047537310709887e-17,0,0,unlabeled
9422,1.4538746476274954e-17,0,0,unlabeled
9423,2.5378941170828284e-09,0,0,unlabeled
9424,4.115699209390755e-14,0,0,unlabeled
9425,9.77950359581925e-15,0,0,unlabeled
9426,9.702617376206035e-08,0,0,train
9427,3.6568960208073487e-13,0,0,unlabeled
9428,8.09255752145209e-14,0,0,unlabeled
9429,8.405359741558982e-12,0,0,unlabeled
9430,1.4776206869081776e-17,0,0,val
9431,3.560278414247143e-18,0,0,unlabeled
9432,7.25887017161142e-10,0,0,unlabeled
9433,9.425436200570427e-15,0,0,unlabeled
9434,2.62700174689988e-15,0,0,unlabeled
9435,3.6169218731174624e-08,0,0,unlabeled
9436,1.0001917507109284e-13,0,0,unlabeled
9437,2.6110676595576636e-14,0,0,train
9438,2.0536747215998963e-12,0,0,unlabeled
9439,3.721686580764922e-18,0,0,unlabeled
9440,9.295125736980347e-19,0,0,unlabeled
9441,2.4609658755281316e-09,0,0,unlabeled
9442,1.8364465425245967e-14,0,0,unlabeled
9443,4.948397394562197e-15,0,0,train
9444,2.3369800317141198e-08,0,0,unlabeled
9445,8.743934667033298e-14,0,0,train
9446,1.956386577262395e-14,0,0,train
9447,8.300873551893295e-13,0,0,unlabeled
9448,1.4574889305959846e-18,0,0,unlabeled
9449,3.5589727613490167e-19,0,0,unlabeled
9450,7.340427691815421e-05,0,0,unlabeled
9451,1.0156301494257391e-10,0,0,unlabeled
9452,2.8885562344815874e-11,0,0,unlabeled
9453,1.9892713680746965e-05,0,0,unlabeled
9454,9.620801377785426e-11,0,0,train
9455,2.383409962447569e-11,0,0,unlabeled
9456,1.1614014638894332e-08,0,0,unlabeled
9457,6.973968267703608e-15,0,0,unlabeled
9458,1.772494157402534e-15,0,0,train
9459,2.3480455979552062e-07,0,0,val
9460,2.777344977264451e-12,0,0,unlabeled
9461,7.110168573701281e-13,0,0,unlabeled
9462,2.717955112530035e-06,0,0,train
9463,1.4066883075036785e-11,0,0,unlabeled
9464,3.3177191462868683e-12,0,0,unlabeled
9465,4.5766715417450143e-10,0,0,unlabeled
9466,7.97990692520342e-16,0,0,unlabeled
9467,2.0899816672005715e-16,0,0,unlabeled
9468,2.372328999911133e-08,0,0,unlabeled
9469,1.7160658473663187e-13,0,0,unlabeled
9470,4.0441090011283584e-14,0,0,train
9471,2.4233779072346806e-07,0,0,unlabeled
9472,5.528887894387657e-13,0,0,val
9473,1.2657095423834752e-13,0,0,unlabeled
9474,1.5413243598105808e-11,0,0,unlabeled
9475,2.349595445736667e-17,0,0,unlabeled
9476,5.5861669843007785e-18,0,0,unlabeled
9477,9.275129286834272e-08,0,0,unlabeled
9478,2.9461882152664876e-13,0,0,unlabeled
9479,7.108808713126441e-14,0,0,unlabeled
9480,1.6074706365998281e-07,0,0,unlabeled
9481,4.596540162382645e-13,0,0,unlabeled
9482,1.0325358054457875e-13,0,0,val
9483,6.297845925318235e-12,0,0,unlabeled
9484,9.23233404309114e-18,0,0,unlabeled
9485,2.2893249156364607e-18,0,0,unlabeled
9486,3.938671966352558e-08,0,0,unlabeled
9487,1.6115783024479163e-13,0,0,unlabeled
9488,4.828657005490067e-14,0,0,val
9489,6.541358743561432e-08,0,0,unlabeled
9490,2.7509196092942445e-13,0,0,unlabeled
9491,7.486718899994346e-14,0,0,unlabeled
9492,3.738203323278011e-12,0,0,unlabeled
9493,9.21857389360132e-18,0,0,unlabeled
9494,2.4729720397178805e-18,0,0,unlabeled
9495,5.985490769688795e-09,0,0,unlabeled
9496,2.9652414421446616e-14,0,0,unlabeled
9497,7.691935840169455e-15,0,0,unlabeled
9498,5.0248075922354474e-08,0,0,unlabeled
9499,1.395175479052685e-13,0,0,unlabeled
9500,3.097155642844615e-14,0,0,train
9501,1.1736110130597388e-12,0,0,unlabeled
9502,1.8097481371499073e-18,0,0,unlabeled
9503,4.560007868602967e-19,0,0,val
9504,0.4562232494354248,0,0,unlabeled
9505,2.545949371324241e-07,0,0,unlabeled
9506,7.537837376503376e-08,0,0,unlabeled
9507,0.46499189734458923,0,0,unlabeled
9508,3.620241955104575e-07,0,0,unlabeled
9509,1.0227152102970649e-07,0,0,unlabeled
9510,1.4343753491630196e-06,0,0,unlabeled
9511,3.488413030661164e-11,0,0,unlabeled
9512,1.1136844051129469e-11,0,0,unlabeled
9513,0.008548670448362827,0,0,unlabeled
9514,2.387973196960047e-08,0,0,unlabeled
9515,6.811099684256305e-09,0,0,unlabeled
9516,0.05502627044916153,0,0,unlabeled
9517,9.605302864201803e-08,0,0,unlabeled
9518,2.69964939292322e-08,0,0,train
9519,3.7025927213107934e-07,0,0,train
9520,1.2252888807740003e-11,0,0,unlabeled
9521,3.741491491626725e-12,0,0,val
9522,0.005475458689033985,0,0,unlabeled
9523,6.927403983780778e-09,0,0,unlabeled
9524,1.9309858156901782e-09,0,0,unlabeled
9525,0.012492646463215351,0,0,val
9526,1.3602733162088043e-08,0,0,unlabeled
9527,3.686955851733842e-09,0,0,train
9528,4.243872453457698e-08,0,0,unlabeled
9529,8.057937455306641e-13,0,0,train
9530,2.344769886065967e-13,0,0,unlabeled
9531,0.0026122413109987974,0,0,unlabeled
9532,5.2306843301153094e-09,0,0,train
9533,1.4648448010134985e-09,0,0,unlabeled
9534,0.027725456282496452,0,0,unlabeled
9535,2.7076680453319568e-08,0,0,unlabeled
9536,7.1749486352246095e-09,0,0,unlabeled
9537,9.799572353585972e-08,0,0,unlabeled
9538,1.1069176174619e-12,0,0,unlabeled
9539,3.1283745667749774e-13,0,0,unlabeled
9540,5.6485905588488095e-06,0,0,val
9541,1.3015329092258554e-10,0,0,unlabeled
9542,4.382039869854637e-11,0,0,unlabeled
9543,4.9852307711262256e-05,0,0,unlabeled
9544,7.01121105617375e-10,0,0,unlabeled
9545,2.1383717019318738e-10,0,0,train
9546,1.997052745394967e-09,0,0,unlabeled
9547,3.8683479705071966e-14,0,0,train
9548,1.2197653064189348e-14,0,0,unlabeled
9549,1.0797574759635609e-05,0,0,unlabeled
9550,1.8064758022795502e-10,0,0,train
9551,5.398942751200231e-11,0,0,train
9552,0.001063182600773871,0,0,unlabeled
9553,2.5648585477711094e-09,0,0,unlabeled
9554,6.84546586082746e-10,0,0,unlabeled
9555,8.288218111829337e-09,0,0,unlabeled
9556,6.540266646402199e-14,0,0,val
9557,1.771068812710542e-14,0,0,unlabeled
9558,0.21451027691364288,0,0,unlabeled
9559,8.714457067071635e-08,0,0,unlabeled
9560,2.7892262721707084e-08,0,0,unlabeled
9561,0.08669771999120712,0,0,train
9562,6.999486146241907e-08,0,0,val
9563,2.1300698094250947e-08,0,0,train
9564,4.076286757026537e-07,0,0,unlabeled
9565,7.430094733917869e-12,0,0,unlabeled
9566,2.5504732874270797e-12,0,0,unlabeled
9567,0.0031530933920294046,0,0,unlabeled
9568,9.517943766468306e-09,0,0,unlabeled
9569,2.8020274989160043e-09,0,0,unlabeled
9570,0.0070660593919456005,0,0,unlabeled
9571,2.3562572337709753e-08,0,0,unlabeled
9572,6.483904968490606e-09,0,0,unlabeled
9573,1.3265865561606915e-07,0,0,unlabeled
9574,2.6959593411868266e-12,0,0,unlabeled
9575,7.972190615990193e-13,0,0,unlabeled
9576,0.0003627791884355247,0,0,unlabeled
9577,1.0427760877007586e-09,0,0,train
9578,3.29454796776929e-10,0,0,unlabeled
9579,0.00030040403362363577,0,0,unlabeled
9580,1.1459143633985036e-09,0,0,unlabeled
9581,3.3805205856829446e-10,0,0,unlabeled
9582,5.942967895578022e-09,0,0,unlabeled
9583,8.166675614842273e-14,0,0,unlabeled
9584,2.5962886286939706e-14,0,0,unlabeled
9585,0.00027576586580835283,0,0,unlabeled
9586,1.030210805552656e-09,0,0,unlabeled
9587,2.8758861958522175e-10,0,0,train
9588,0.001985708251595497,0,0,unlabeled
9589,3.6363712041520557e-09,0,0,unlabeled
9590,9.674188117259064e-10,0,0,unlabeled
9591,1.7937157537062376e-08,0,0,unlabeled
9592,1.2277532506280164e-13,0,0,unlabeled
9593,3.3536046932080427e-14,0,0,train
9594,4.966958613294992e-07,0,0,unlabeled
9595,1.0788456066002095e-11,0,0,unlabeled
9596,3.779188767483177e-12,0,0,unlabeled
9597,1.9361204977030866e-06,0,0,train
9598,3.707819815068625e-11,0,0,unlabeled
9599,1.189678650731496e-11,0,0,unlabeled
9600,1.378029496068578e-10,0,0,unlabeled
9601,2.3534823144954944e-15,0,0,unlabeled
9602,7.731410751885058e-16,0,0,unlabeled
9603,1.13172040983045e-06,0,0,unlabeled
9604,1.5235127395762937e-11,0,0,unlabeled
9605,4.729706643696874e-12,0,0,train
9606,2.1868883777642623e-05,0,0,unlabeled
9607,1.5782319895407682e-10,0,0,unlabeled
9608,4.298341196862232e-11,0,0,train
9609,5.467944985682038e-10,0,0,train
9610,8.739177730001518e-15,0,0,unlabeled
9611,2.2814385624414903e-15,0,0,unlabeled
9612,0.0026197845581918955,0,0,unlabeled
9613,4.003206210967392e-09,0,0,unlabeled
9614,1.2116387893001956e-09,0,0,train
9615,0.0022422790061682463,0,0,train
9616,5.117581913793856e-09,0,0,unlabeled
9617,1.4567758110928253e-09,0,0,unlabeled
9618,4.746896564711278e-08,0,0,unlabeled
9619,4.59696083282557e-13,0,0,unlabeled
9620,1.4287517295565738e-13,0,0,train
9621,1.6347680684702937e-06,0,0,unlabeled
9622,4.24419006883614e-11,0,0,unlabeled
9623,1.226881356924947e-11,0,0,unlabeled
9624,4.3883969738089945e-06,0,0,unlabeled
9625,1.2043803454542257e-10,0,0,unlabeled
9626,3.218657979031647e-11,0,0,unlabeled
9627,1.0227416691321878e-09,0,0,train
9628,1.8928992555800224e-14,0,0,train
9629,5.5403357818390245e-15,0,0,unlabeled
9630,2.4825887976476224e-06,0,0,train
9631,2.32873147848478e-11,0,0,train
9632,6.692766132965211e-12,0,0,unlabeled
9633,4.1344760575157125e-06,0,0,unlabeled
9634,3.8749999736742424e-11,0,0,unlabeled
9635,1.0537918627984144e-11,0,0,unlabeled
9636,2.7930935342368457e-10,0,0,unlabeled
9637,2.5370443068026315e-15,0,0,train
9638,7.465578990509952e-16,0,0,unlabeled
9639,1.7584760314548475e-07,0,0,train
9640,2.1928951710048494e-12,0,0,unlabeled
9641,6.039537359808778e-13,0,0,unlabeled
9642,8.187714684027014e-07,0,0,unlabeled
9643,9.259115175963561e-12,0,0,unlabeled
9644,2.3164723177843127e-12,0,0,unlabeled
9645,5.557970403358148e-11,0,0,unlabeled
9646,1.1001636613435645e-15,0,0,unlabeled
9647,2.783241473883468e-16,0,0,unlabeled
9648,3.460967690216421e-08,0,0,train
9649,4.630948402528645e-13,0,0,unlabeled
9650,1.5265071921354706e-13,0,0,unlabeled
9651,1.880140843013578e-07,0,0,unlabeled
9652,1.9726204177061835e-12,0,0,unlabeled
9653,5.865288181354511e-13,0,0,unlabeled
9654,1.0855643640950152e-11,0,0,unlabeled
9655,2.438473388664754e-16,0,0,unlabeled
9656,7.004302052792001e-17,0,0,unlabeled
9657,5.147449133602322e-09,0,0,val
9658,6.617045100873117e-14,0,0,unlabeled
9659,1.9194837234427775e-14,0,0,unlabeled
9660,9.734036865438611e-08,0,0,train
9661,1.3919681379759297e-12,0,0,unlabeled
9662,3.273309628990667e-13,0,0,unlabeled
9663,3.9216869335279014e-11,0,0,unlabeled
9664,9.555357502152081e-17,0,0,unlabeled
9665,2.2656688736064242e-17,0,0,unlabeled
9666,0.0006618103361688554,0,0,unlabeled
9667,1.8157587655664997e-09,0,0,unlabeled
9668,5.379681700112826e-10,0,0,unlabeled
9669,0.0006046688067726791,0,0,unlabeled
9670,1.8679700009016642e-09,0,0,val
9671,5.208609654694385e-10,0,0,train
9672,2.2089732709673626e-08,0,0,unlabeled
9673,1.5360374647568897e-13,0,0,unlabeled
9674,4.515290729202939e-14,0,0,train
9675,2.127048901456874e-06,0,0,unlabeled
9676,3.57266473349771e-11,0,0,unlabeled
9677,9.900213461533358e-12,0,0,unlabeled
9678,6.12703615843202e-06,0,0,unlabeled
9679,1.0205430250875835e-10,0,0,unlabeled
9680,2.6476161540944787e-11,0,0,unlabeled
9681,8.94011586982657e-10,0,0,unlabeled
9682,2.1953996238131823e-14,0,0,unlabeled
9683,5.768317240691361e-15,0,0,unlabeled
9684,1.253857135452563e-06,0,0,unlabeled
9685,9.422987563845187e-12,0,0,unlabeled
9686,2.6245167063926322e-12,0,0,unlabeled
9687,1.6876829249667935e-06,0,0,unlabeled
9688,1.3114251871948479e-11,0,0,unlabeled
9689,3.442618586035895e-12,0,0,train
9690,1.0947408951578197e-10,0,0,unlabeled
9691,1.7497201943079445e-15,0,0,unlabeled
9692,4.53716321630759e-16,0,0,unlabeled
9693,2.488303039172024e-07,0,0,unlabeled
9694,1.72646727643333e-12,0,0,train
9695,4.5597260776159e-13,0,0,train
9696,1.1126944627903868e-06,0,0,unlabeled
9697,1.3375509033686228e-11,0,0,unlabeled
9698,2.9231894682624215e-12,0,0,unlabeled
9699,4.723130220263272e-10,0,0,unlabeled
9700,7.505842172262093e-16,0,0,unlabeled
9701,1.7618086779542434e-16,0,0,unlabeled
9702,2.6381986373280597e-08,0,0,train
9703,2.1900977396644566e-13,0,0,unlabeled
9704,6.898391498874959e-14,0,0,unlabeled
9705,1.3883467886444123e-07,0,0,val
9706,1.7824165537624892e-12,0,0,unlabeled
9707,4.554458481360879e-13,0,0,unlabeled
9708,6.330051760539135e-11,0,0,train
9709,1.364883347868264e-16,0,0,unlabeled
9710,3.6229326307185436e-17,0,0,unlabeled
9711,8.00899790931453e-09,0,0,unlabeled
9712,1.1597671336748688e-13,0,0,unlabeled
9713,2.9238726918139404e-14,0,0,unlabeled
9714,2.738365992627223e-06,0,0,unlabeled
9715,4.8232954089066915e-12,0,0,unlabeled
9716,1.0430330644323194e-12,0,0,unlabeled
9717,5.350279941307434e-11,0,0,unlabeled
9718,6.895000391882715e-17,0,0,unlabeled
9719,1.6256433340355618e-17,0,0,unlabeled
9720,0.4044119119644165,0,0,unlabeled
9721,1.5700554456543614e-07,0,0,val
9722,4.8829623011670265e-08,0,0,unlabeled
9723,0.3533843457698822,0,0,unlabeled
9724,1.8944389523767313e-07,0,0,train
9725,5.695233085134532e-08,0,0,unlabeled
9726,8.466759595648909e-07,0,0,train
9727,1.5953795576284513e-11,0,0,unlabeled
9728,5.227515469108379e-12,0,0,unlabeled
9729,0.00736750615760684,0,0,unlabeled
9730,1.7027025123184103e-08,0,0,unlabeled
9731,5.250956558455755e-09,0,0,val
9732,0.033464670181274414,0,0,unlabeled
9733,6.107261185661628e-08,0,0,unlabeled
9734,1.7467353785605155e-08,0,0,val
9735,3.0070043521845946e-07,0,0,unlabeled
9736,6.473861377531698e-12,0,0,unlabeled
9737,1.91951120796785e-12,0,0,unlabeled
9738,0.0007546023698523641,0,0,unlabeled
9739,1.8858914430097684e-09,0,0,unlabeled
9740,5.243357414919103e-10,0,0,train
9741,0.001235931646078825,0,0,val
9742,3.030453887831186e-09,0,0,train
9743,7.986493688605378e-10,0,0,val
9744,1.2505278590424496e-08,0,0,unlabeled
9745,1.9040602699128134e-13,0,0,unlabeled
9746,5.257837757842096e-14,0,0,unlabeled
9747,0.0005866398569196463,0,0,unlabeled
9748,1.8145193125818082e-09,0,0,unlabeled
9749,4.904080475043315e-10,0,0,unlabeled
9750,0.01046785619109869,0,0,val
9751,9.485757068716794e-09,0,0,train
9752,2.347781746792066e-09,0,0,unlabeled
9753,3.795514658122556e-08,0,0,val
9754,2.9947192729112837e-13,0,0,unlabeled
9755,7.791982797921218e-14,0,0,unlabeled
9756,4.980263383913552e-07,0,0,unlabeled
9757,1.3218116705349114e-11,0,0,train
9758,4.457187657153083e-12,0,0,unlabeled
9759,2.8804952307837084e-06,0,0,unlabeled
9760,6.467557739364693e-11,0,0,unlabeled
9761,1.938441768212229e-11,0,0,unlabeled
9762,1.974579805219534e-10,0,0,unlabeled
9763,3.88847457447679e-15,0,0,unlabeled
9764,1.1844709681661531e-15,0,0,unlabeled
9765,1.0205139915342443e-06,0,0,unlabeled
9766,1.8828846468088578e-11,0,0,unlabeled
9767,5.461236931431079e-12,0,0,unlabeled
9768,3.4255288483109325e-05,0,0,unlabeled
9769,2.604591819999058e-10,0,0,unlabeled
9770,6.425138199261937e-11,0,0,unlabeled
9771,7.819810909914793e-10,0,0,unlabeled
9772,1.5060942063264103e-14,0,0,unlabeled
9773,3.591233772626311e-15,0,0,unlabeled
9774,0.20402196049690247,0,0,unlabeled
9775,5.737241082215405e-08,0,0,unlabeled
9776,2.0268437594950228e-08,0,0,unlabeled
9777,0.06667304039001465,0,0,unlabeled
9778,4.082966498231144e-08,0,0,val
9779,1.367711277566741e-08,0,0,train
9780,2.861979737645015e-07,0,0,val
9781,3.709946846258694e-12,0,0,unlabeled
9782,1.282681101090477e-12,0,0,train
9783,0.002654296113178134,0,0,train
9784,6.3458340804345426e-09,0,0,unlabeled
9785,1.969739704676954e-09,0,0,unlabeled
9786,0.00594552606344223,0,0,unlabeled
9787,1.5331846014987605e-08,0,0,unlabeled
9788,4.1817189710968705e-09,0,0,unlabeled
9789,1.197352617055003e-07,0,0,unlabeled
9790,1.2370411769588308e-12,0,0,val
9791,3.6456628731487695e-13,0,0,unlabeled
9792,5.505298759089783e-05,0,0,unlabeled
9793,3.196859998944035e-10,0,0,unlabeled
9794,9.886689383842295e-11,0,0,unlabeled
9795,4.511840961640701e-05,0,0,unlabeled
9796,3.004489990132697e-10,0,0,unlabeled
9797,8.80271688874501e-11,0,0,unlabeled
9798,1.8560867287575888e-09,0,0,train
9799,2.21929628672771e-14,0,0,unlabeled
9800,6.60644914221944e-15,0,0,val
9801,7.704216113779694e-05,0,0,unlabeled
9802,3.1949035084188893e-10,0,0,unlabeled
9803,8.729599682011369e-11,0,0,unlabeled
9804,0.0007219592807814479,0,0,unlabeled
9805,1.162123175468821e-09,0,0,unlabeled
9806,2.7676019809241836e-10,0,0,unlabeled
9807,6.818976938660626e-09,0,0,unlabeled
9808,6.531688574338765e-14,0,0,unlabeled
9809,1.5299314075280408e-14,0,0,train
9810,5.637916800083076e-08,0,0,unlabeled
9811,1.3850689258715354e-12,0,0,unlabeled
9812,4.85921253321614e-13,0,0,unlabeled
9813,1.968511469385703e-07,0,0,unlabeled
9814,3.927126852876217e-12,0,0,unlabeled
9815,1.1921266925007945e-12,0,0,unlabeled
9816,1.6894655813226578e-11,0,0,unlabeled
9817,6.617897004259818e-16,0,0,unlabeled
9818,2.0137992592267237e-16,0,0,unlabeled
9819,1.4336120557345566e-07,0,0,unlabeled
9820,1.7276894975423729e-12,0,0,unlabeled
9821,5.222738474336408e-13,0,0,unlabeled
9822,2.1597252271021716e-06,0,0,unlabeled
9823,2.9450896582572383e-11,0,0,unlabeled
9824,6.845406186339886e-12,0,0,unlabeled
9825,6.092967241855263e-10,0,0,unlabeled
9826,1.4154592881021242e-15,0,0,unlabeled
9827,3.1695170851933987e-16,0,0,val
9828,0.001865515485405922,0,0,unlabeled
9829,2.0937078737404136e-09,0,0,unlabeled
9830,6.632322469002361e-10,0,0,unlabeled
9831,0.0016674791695550084,0,0,val
9832,2.4628019623662567e-09,0,0,train
9833,7.359944320661782e-10,0,0,unlabeled
9834,2.778505781009244e-08,0,0,unlabeled
9835,1.7082347905997275e-13,0,0,unlabeled
9836,5.288272329263301e-14,0,0,unlabeled
9837,1.2658803143494879e-06,0,0,unlabeled
9838,2.3233763871144397e-11,0,0,unlabeled
9839,6.792277677802883e-12,0,0,train
9840,3.245846528443508e-06,0,0,unlabeled
9841,6.058997054081416e-11,0,0,unlabeled
9842,1.6076624406724527e-11,0,0,unlabeled
9843,6.527007267997931e-10,0,0,unlabeled
9844,1.4480348411766326e-14,0,0,unlabeled
9845,3.9038427167552986e-15,0,0,unlabeled
9846,7.556909622508101e-07,0,0,unlabeled
9847,6.5122525427785405e-12,0,0,unlabeled
9848,1.865763186309488e-12,0,0,unlabeled
9849,9.969336360882153e-07,0,0,unlabeled
9850,8.423415610858687e-12,0,0,unlabeled
9851,2.2166376806992405e-12,0,0,unlabeled
9852,8.049695632283971e-11,0,0,unlabeled
9853,1.2358104821321835e-15,0,0,unlabeled
9854,3.2832778451743875e-16,0,0,unlabeled
9855,6.932125273806378e-08,0,0,unlabeled
9856,5.993486956734628e-13,0,0,val
9857,1.5625165278396885e-13,0,0,unlabeled
9858,3.9455824207834667e-07,0,0,unlabeled
9859,4.6294227132315235e-12,0,0,unlabeled
9860,9.703407782141182e-13,0,0,unlabeled
9861,1.9310990306831144e-10,0,0,unlabeled
9862,3.3851362040596773e-16,0,0,unlabeled
9863,7.540995363062127e-17,0,0,train
9864,4.35641034357559e-09,0,0,unlabeled
9865,5.54569885564786e-14,0,0,train
9866,1.7514606776079626e-14,0,0,unlabeled
9867,2.4063995240908298e-08,0,0,train
9868,4.2967303434844617e-13,0,0,unlabeled
9869,1.109271501693529e-13,0,0,unlabeled
9870,1.508963266838581e-11,0,0,unlabeled
9871,4.5381123564296576e-17,0,0,unlabeled
9872,1.1792850122553111e-17,0,0,train
9873,6.02576266661714e-10,0,0,unlabeled
9874,1.6754301532294694e-14,0,0,unlabeled
9875,4.340853272265157e-15,0,0,unlabeled
9876,2.0969207525922684e-07,0,0,unlabeled
9877,7.594200875787882e-13,0,0,unlabeled
9878,1.6746323837184274e-13,0,0,unlabeled
9879,8.212029146970057e-12,0,0,train
9880,1.811330657738813e-17,0,0,unlabeled
9881,4.227112546598604e-18,0,0,unlabeled
9882,0.0007422563503496349,0,0,unlabeled
9883,1.017069095610168e-09,0,0,unlabeled
9884,3.1436916958504924e-10,0,0,unlabeled
9885,0.0006160070770420134,0,0,unlabeled
9886,9.660044986148364e-10,0,0,unlabeled
9887,2.731047055171132e-10,0,0,unlabeled
9888,1.3858460157223362e-08,0,0,train
9889,1.1227284835331475e-13,0,0,unlabeled
9890,3.120125482308257e-14,0,0,unlabeled
9891,2.1136745544936275e-06,0,0,unlabeled
9892,1.9066571238512964e-11,0,0,unlabeled
9893,5.401710329033804e-12,0,0,unlabeled
9894,5.4516649470315315e-06,0,0,unlabeled
9895,9.269456036076207e-11,0,0,unlabeled
9896,2.1267864205865017e-11,0,0,unlabeled
9897,4.867654723739179e-09,0,0,unlabeled
9898,1.0217680515697478e-14,0,0,train
9899,2.575964835454256e-15,0,0,unlabeled
9900,3.853348857774108e-07,0,0,unlabeled
9901,2.368165125804511e-12,0,0,train
9902,6.394944795061475e-13,0,0,unlabeled
9903,5.515298653335776e-07,0,0,unlabeled
9904,5.190961376022596e-12,0,0,unlabeled
9905,1.1500423009735972e-12,0,0,unlabeled
9906,2.919793296030093e-10,0,0,unlabeled
9907,4.744216185099167e-16,0,0,unlabeled
9908,1.131368275711074e-16,0,0,unlabeled
9909,1.0468164646226796e-07,0,0,unlabeled
9910,9.177369151083803e-13,0,0,unlabeled
9911,2.081920383702543e-13,0,0,unlabeled
9912,7.4752924774657e-06,0,0,unlabeled
9913,1.382008570083304e-11,0,0,train
9914,2.663346322998028e-12,0,0,unlabeled
9915,2.272164123517939e-10,0,0,unlabeled
9916,2.113980757574246e-16,0,0,unlabeled
9917,4.706288762873529e-17,0,0,unlabeled
9918,3.2216092016312814e-09,0,0,unlabeled
9919,5.1220414357382865e-14,0,0,unlabeled
9920,1.435840277241602e-14,0,0,unlabeled
9921,2.821273881181696e-07,0,0,unlabeled
9922,8.558590576697445e-13,0,0,unlabeled
9923,2.0808525800879163e-13,0,0,unlabeled
9924,1.1259957376219543e-11,0,0,train
9925,2.4546927130284693e-17,0,0,unlabeled
9926,6.2457901696623084e-18,0,0,unlabeled
9927,2.911965601981592e-08,0,0,train
9928,1.4422332414703448e-13,0,0,unlabeled
9929,3.722836858124738e-14,0,0,unlabeled
9930,1.0487156032468192e-06,0,0,unlabeled
9931,1.6485225727905228e-12,0,0,unlabeled
9932,3.413696192042237e-13,0,0,unlabeled
9933,1.0322257805450707e-11,0,0,unlabeled
9934,1.4365912050365674e-17,0,0,unlabeled
9935,3.3543977092760638e-18,0,0,unlabeled
9936,0.15842658281326294,0,0,unlabeled
9937,3.9925023287423755e-08,0,0,unlabeled
9938,1.3860073977411957e-08,0,0,unlabeled
9939,0.04113471508026123,0,0,unlabeled
9940,2.4348953076014368e-08,0,0,unlabeled
9941,8.250096605877388e-09,0,0,train
9942,1.7816103081713663e-07,0,0,unlabeled
9943,2.0373897881287295e-12,0,0,unlabeled
9944,6.882545206497725e-13,0,0,unlabeled
9945,0.0030054859817028046,0,0,train
9946,5.2945736683795985e-09,0,0,unlabeled
9947,1.670099836204031e-09,0,0,train
9948,0.004224047530442476,0,0,unlabeled
9949,8.054956701641913e-09,0,0,unlabeled
9950,2.399065612834761e-09,0,0,unlabeled
9951,7.146011427039412e-08,0,0,unlabeled
9952,6.789722863803638e-13,0,0,unlabeled
9953,2.0797771870580822e-13,0,0,unlabeled
9954,6.099599340814166e-05,0,0,train
9955,2.45521658559511e-10,0,0,unlabeled
9956,7.414369812552835e-11,0,0,unlabeled
9957,4.267350595910102e-05,0,0,train
9958,1.9243044657724084e-10,0,0,unlabeled
9959,5.555553933556112e-11,0,0,unlabeled
9960,1.1929952581368752e-09,0,0,unlabeled
9961,1.2235727195168428e-14,0,0,unlabeled
9962,3.602374796981547e-15,0,0,unlabeled
9963,9.623410005588084e-05,0,0,unlabeled
9964,2.5718180363121235e-10,0,0,train
9965,7.149463659983368e-11,0,0,unlabeled
9966,0.00027738360222429037,0,0,unlabeled
9967,5.190827767620476e-10,0,0,unlabeled
9968,1.3232022422204892e-10,0,0,unlabeled
9969,3.764712097620304e-09,0,0,unlabeled
9970,3.4109088437820484e-14,0,0,unlabeled
9971,8.448358284924174e-15,0,0,unlabeled
9972,9.88227242260109e-08,0,0,unlabeled
9973,1.5306100571016445e-12,0,0,train
9974,5.270100219938179e-13,0,0,unlabeled
9975,2.0629781261050084e-07,0,0,unlabeled
9976,2.847277752113242e-12,0,0,unlabeled
9977,9.06240902633082e-13,0,0,unlabeled
9978,1.58649777343145e-11,0,0,unlabeled
9979,4.663257834791785e-16,0,0,unlabeled
9980,1.433849167480403e-16,0,0,unlabeled
9981,2.3446892782885698e-07,0,0,unlabeled
9982,2.02712954928963e-12,0,0,val
9983,5.963371072989498e-13,0,0,train
9984,1.9725832771655405e-06,0,0,unlabeled
9985,1.986061315406573e-11,0,0,unlabeled
9986,4.830218256618446e-12,0,0,unlabeled
9987,5.729208774063466e-10,0,0,unlabeled
9988,9.731900344183558e-16,0,0,unlabeled
9989,2.310330009239387e-16,0,0,unlabeled
9990,0.029868748039007187,0,0,val
9991,9.25545595720223e-09,0,0,unlabeled
9992,3.3148526146220547e-09,0,0,unlabeled
9993,0.0036121103912591934,0,0,train
9994,3.2181761699945355e-09,0,0,unlabeled
9995,1.1098219010463595e-09,0,0,val
9996,3.843017282179062e-08,0,0,unlabeled
9997,2.8370090564971973e-13,0,0,unlabeled
9998,9.656893205011938e-14,0,0,unlabeled
9999,0.0004694483650382608,0,0,unlabeled
10000,1.1799220489550066e-09,0,0,unlabeled
10001,3.840573414848336e-10,0,0,unlabeled
10002,0.00034855908597819507,0,0,unlabeled
10003,1.140467720261995e-09,0,0,unlabeled
10004,3.398758496864218e-10,0,0,unlabeled
10005,1.4408733761683834e-08,0,0,unlabeled
10006,1.7691994787585874e-13,0,0,unlabeled
10007,5.1294814343337894e-14,0,0,unlabeled
10008,4.3256013668724336e-06,0,0,unlabeled
10009,2.956554445709969e-11,0,0,unlabeled
10010,9.180526130969646e-12,0,0,unlabeled
10011,1.7188500578413368e-06,0,0,unlabeled
10012,1.34118870523392e-11,0,0,unlabeled
10013,3.976716959203097e-12,0,0,unlabeled
10014,1.4384909929887613e-10,0,0,unlabeled
10015,2.270447039401445e-15,0,0,unlabeled
10016,6.470490507427113e-16,0,0,unlabeled
10017,7.865462976042181e-06,0,0,unlabeled
10018,2.8759942344303013e-11,0,0,val
10019,8.027843147184743e-12,0,0,unlabeled
10020,1.5920062651275657e-05,0,0,unlabeled
10021,7.181649719356642e-11,0,0,unlabeled
10022,1.6813966885464993e-11,0,0,unlabeled
10023,3.5696914313376737e-09,0,0,train
10024,3.616818826314601e-15,0,0,unlabeled
10025,8.574884043178522e-16,0,0,unlabeled
10026,8.532268225280859e-09,0,0,unlabeled
10027,1.0671035588364144e-13,0,0,unlabeled
10028,3.7630367029882483e-14,0,0,train
10029,1.224325973936402e-08,0,0,unlabeled
10030,2.7439815285419666e-13,0,0,unlabeled
10031,8.316510322200696e-14,0,0,unlabeled
10032,1.1838205762892962e-11,0,0,unlabeled
10033,4.5967766672164084e-17,0,0,val
10034,1.3713907612036063e-17,0,0,unlabeled
10035,1.7540569885454715e-08,0,0,unlabeled
10036,2.3991388303085115e-13,0,0,unlabeled
10037,6.951913139119706e-14,0,0,unlabeled
10038,1.5070089602886583e-06,0,0,unlabeled
10039,3.7357014183447834e-12,0,0,unlabeled
10040,9.43359322949644e-13,0,0,unlabeled
10041,5.1365283554316576e-11,0,0,unlabeled
10042,7.624736481299035e-17,0,0,train
10043,1.8999389066999835e-17,0,0,unlabeled
10044,0.0014283634955063462,0,0,unlabeled
10045,8.742717105825193e-10,0,0,unlabeled
10046,2.8162086551652976e-10,0,0,unlabeled
10047,0.0007410378311760724,0,0,unlabeled
10048,5.784913659212521e-10,0,0,train
10049,1.7441734168066603e-10,0,0,unlabeled
10050,1.1466410043681208e-08,0,0,unlabeled
10051,6.005933868725305e-14,0,0,unlabeled
10052,1.6928048318567285e-14,0,0,unlabeled
10053,1.4375964383361861e-06,0,0,unlabeled
10054,9.408279710854117e-12,0,0,unlabeled
10055,2.759102625191079e-12,0,0,unlabeled
10056,2.1329824448912404e-06,0,0,unlabeled
10057,2.701674821359301e-11,0,0,unlabeled
10058,6.6520417646431795e-12,0,0,unlabeled
10059,2.188841108363704e-09,0,0,train
10060,3.5104660047320614e-15,0,0,unlabeled
10061,9.002734149122062e-16,0,0,unlabeled
10062,3.021576446826657e-07,0,0,unlabeled
10063,1.3468609907918427e-12,0,0,unlabeled
10064,3.7751813936233447e-13,0,0,train
10065,3.2078341405394895e-07,0,0,unlabeled
10066,2.0206173973608132e-12,0,0,unlabeled
10067,4.956299585155699e-13,0,0,unlabeled
10068,1.7176697564291743e-10,0,0,unlabeled
10069,1.855708500555589e-16,0,0,unlabeled
10070,4.5528861330421e-17,0,0,unlabeled
10071,3.409429538692166e-08,0,0,unlabeled
10072,2.541963492995458e-13,0,0,train
10073,5.977557587365928e-14,0,0,unlabeled
10074,1.6151108184203622e-06,0,0,unlabeled
10075,2.1951294948419076e-12,0,0,unlabeled
10076,4.724420724425138e-13,0,0,unlabeled
10077,5.483304435505154e-11,0,0,train
10078,4.7325368580710615e-17,0,0,unlabeled
10079,1.0990803392912507e-17,0,0,unlabeled
10080,1.5969947586569333e-09,0,0,unlabeled
10081,1.855147674747256e-14,0,0,train
10082,5.634350509753621e-15,0,0,unlabeled
10083,8.360638759086214e-08,0,0,unlabeled
10084,1.8017107716785524e-13,0,0,train
10085,5.0653617178529967e-14,0,0,unlabeled
10086,3.895592615849042e-12,0,0,unlabeled
10087,6.495733958683475e-18,0,0,val
10088,1.7912585825078157e-18,0,0,unlabeled
10089,9.498429598409075e-09,0,0,unlabeled
10090,4.368955961982571e-14,0,0,unlabeled
10091,1.2092347387087851e-14,0,0,train
10092,1.2369073942863906e-07,0,0,unlabeled
10093,2.0671769959852704e-13,0,0,unlabeled
10094,4.850144876109193e-14,0,0,unlabeled
10095,2.223192333353219e-12,0,0,unlabeled
10096,2.811377625372765e-18,0,0,unlabeled
10097,6.926205573696124e-19,0,0,unlabeled
10098,0.0006646750262007117,0,0,unlabeled
10099,3.282661642511897e-10,0,0,unlabeled
10100,1.0037460446143953e-10,0,0,unlabeled
10101,0.0002796606277115643,0,0,unlabeled
10102,2.9350757935198146e-10,0,0,train
10103,7.802702234327441e-11,0,0,unlabeled
10104,3.588486663375079e-08,0,0,val
10105,1.8150443916397328e-14,0,0,unlabeled
10106,4.748835585156137e-15,0,0,unlabeled
10107,1.9087160580966156e-06,0,0,unlabeled
10108,1.2080378364309752e-11,0,0,unlabeled
10109,3.165710749097883e-12,0,0,train
10110,3.564115468179807e-05,0,0,val
10111,5.910889833149469e-11,0,0,train
10112,1.3960102171473032e-11,0,0,unlabeled
10113,2.1678714379191888e-09,0,0,unlabeled
10114,2.0495512229111272e-15,0,0,unlabeled
10115,5.261053454898876e-16,0,0,unlabeled
10116,1.5407337627948436e-07,0,0,unlabeled
10117,7.942972993744968e-13,0,0,unlabeled
10118,1.925237584372158e-13,0,0,unlabeled
10119,1.8923691413874622e-06,0,0,unlabeled
10120,2.200226762935631e-12,0,0,unlabeled
10121,5.046809866716961e-13,0,0,unlabeled
10122,6.609083419428785e-11,0,0,unlabeled
10123,6.295428120168758e-17,0,0,unlabeled
10124,1.5255318151678615e-17,0,0,train
10125,1.1793476915045176e-06,0,0,unlabeled
10126,1.6041115918213888e-12,0,0,unlabeled
10127,3.75923684542423e-13,0,0,val
10128,3.655235786936828e-06,0,0,unlabeled
10129,2.937772204322786e-12,0,0,train
10130,6.204770312996655e-13,0,0,train
10131,4.0755766816946704e-11,0,0,unlabeled
10132,2.6837011397723478e-17,0,0,unlabeled
10133,6.357786702289232e-18,0,0,train
10134,8.324247602331525e-08,0,0,unlabeled
10135,3.0004021185983665e-13,0,0,unlabeled
10136,9.791396616025058e-14,0,0,unlabeled
10137,1.7603569801849517e-07,0,0,train
10138,4.608241956430281e-13,0,0,unlabeled
10139,1.354540259254286e-13,0,0,unlabeled
10140,6.662084946207347e-12,0,0,val
10141,1.425830412447865e-17,0,0,train
10142,4.104895783913282e-18,0,0,unlabeled
10143,2.6547549936140058e-08,0,0,unlabeled
10144,6.722569143068416e-14,0,0,unlabeled
10145,1.7793883703184736e-14,0,0,train
10146,3.117794733498158e-07,0,0,unlabeled
10147,3.6587310329842804e-13,0,0,unlabeled
10148,8.243311767778053e-14,0,0,unlabeled
10149,2.784511119943711e-12,0,0,unlabeled
10150,3.504921006113257e-18,0,0,train
10151,8.907209048965948e-19,0,0,unlabeled
10152,0.022936919704079628,0,0,unlabeled
10153,1.746218991627302e-08,0,0,unlabeled
10154,5.5235971352374236e-09,0,0,unlabeled
10155,0.005663304124027491,0,0,val
10156,1.0008775142011928e-08,0,0,unlabeled
10157,3.0306501752619397e-09,0,0,unlabeled
10158,9.62116359914944e-08,0,0,unlabeled
10159,9.334364878266221e-13,0,0,unlabeled
10160,2.840815961375337e-13,0,0,unlabeled
10161,2.4036571630858816e-05,0,0,unlabeled
10162,4.280801824130265e-10,0,0,unlabeled
10163,1.2735090759719014e-10,0,0,unlabeled
10164,2.9835358873242512e-05,0,0,unlabeled
10165,6.015485332078185e-10,0,0,unlabeled
10166,1.6708541494825369e-10,0,0,unlabeled
10167,5.779678069472993e-09,0,0,unlabeled
10168,1.6034040956937334e-13,0,0,train
10169,4.438823644043431e-14,0,0,unlabeled
10170,3.6920605452905875e-06,0,0,unlabeled
10171,4.5763112049845844e-11,0,0,unlabeled
10172,1.2188718784278407e-11,0,0,unlabeled
10173,2.2919200546311913e-06,0,0,train
10174,3.377573221108321e-11,0,0,unlabeled
10175,8.59020753835038e-12,0,0,train
10176,2.526061027019466e-10,0,0,unlabeled
10177,6.271560690478822e-15,0,0,unlabeled
10178,1.5584790013009999e-15,0,0,unlabeled
10179,8.72479120062053e-07,0,0,train
10180,9.371439388394798e-12,0,0,unlabeled
10181,2.4179150435316155e-12,0,0,train
10182,1.6854744444572134e-06,0,0,unlabeled
10183,3.451713567748094e-11,0,0,unlabeled
10184,7.592219387897448e-12,0,0,unlabeled
10185,1.217035472400596e-09,0,0,train
10186,3.45008716691117e-15,0,0,unlabeled
10187,7.713705645705075e-16,0,0,unlabeled
10188,4.9161290149868364e-08,0,0,unlabeled
10189,6.866037686320547e-13,0,0,train
10190,2.1258636398544667e-13,0,0,unlabeled
10191,1.1064032179319838e-07,0,0,unlabeled
10192,2.699659072680216e-12,0,0,val
10193,6.928287696154889e-13,0,0,unlabeled
10194,8.740312640309611e-11,0,0,unlabeled
10195,3.2853700165541057e-16,0,0,unlabeled
10196,8.57759494565643e-17,0,0,unlabeled
10197,2.0478235995824434e-08,0,0,unlabeled
10198,4.843085025900418e-13,0,0,unlabeled
10199,1.1487395778532472e-13,0,0,unlabeled
10200,2.5869130695355125e-06,0,0,unlabeled
10201,1.075301913483484e-11,0,0,val
10202,2.2611244474002312e-12,0,0,unlabeled
10203,1.0457872068325713e-10,0,0,unlabeled
10204,2.673657909821423e-16,0,0,unlabeled
10205,5.984085278537679e-17,0,0,val
10206,0.013832559809088707,0,0,unlabeled
10207,6.356870585477736e-09,0,0,unlabeled
10208,2.0988859539272653e-09,0,0,unlabeled
10209,0.001682695117779076,0,0,unlabeled
10210,2.3802237958392425e-09,0,0,unlabeled
10211,7.345569152938936e-10,0,0,unlabeled
10212,3.5683797250385396e-08,0,0,unlabeled
10213,3.49860467202881e-13,0,0,unlabeled
10214,1.0608371413299914e-13,0,0,unlabeled
10215,2.5268105673603714e-05,0,0,train
10216,1.870022747763045e-10,0,0,unlabeled
10217,5.408507669502072e-11,0,0,val
10218,1.4400909094547387e-05,0,0,unlabeled
10219,3.082034627510666e-10,0,0,train
10220,7.483004493824552e-11,0,0,unlabeled
10221,1.859929099623514e-08,0,0,train
10222,4.5996687632766237e-14,0,0,train
10223,1.160870851486459e-14,0,0,unlabeled
10224,1.0831564623003942e-06,0,0,train
10225,8.40144967484413e-12,0,0,unlabeled
10226,2.4258509697533404e-12,0,0,unlabeled
10227,4.7524682145194674e-07,0,0,val
10228,6.842638868714834e-12,0,0,unlabeled
10229,1.6962810279672058e-12,0,0,unlabeled
10230,4.262226127593749e-10,0,0,unlabeled
10231,1.0137192903950532e-15,0,0,unlabeled
10232,2.6060101528845503e-16,0,0,train
10233,3.5495432371135394e-07,0,0,unlabeled
10234,4.007661823929309e-12,0,0,unlabeled
10235,9.195855882326853e-13,0,0,unlabeled
10236,6.828539426351199e-06,0,0,unlabeled
10237,2.2439274396934827e-11,0,0,unlabeled
10238,4.6823135646523184e-12,0,0,unlabeled
10239,4.373066631035982e-10,0,0,unlabeled
10240,6.293966194241356e-16,0,0,unlabeled
10241,1.424021070663191e-16,0,0,unlabeled
10242,7.73331176873171e-09,0,0,unlabeled
10243,1.382025597478423e-13,0,0,train
10244,4.056035902652057e-14,0,0,unlabeled
10245,1.9304626164284855e-07,0,0,unlabeled
10246,9.45968347057513e-13,0,0,unlabeled
10247,2.5054719583750273e-13,0,0,unlabeled
10248,1.4688750216151902e-11,0,0,train
10249,4.120162477452744e-17,0,0,unlabeled
10250,1.129306676926796e-17,0,0,train
10251,9.417345836482127e-08,0,0,val
10252,6.035795236010444e-13,0,0,unlabeled
10253,1.6385624682178218e-13,0,0,unlabeled
10254,8.008365739442525e-07,0,0,val
10255,2.675515191341571e-12,0,0,unlabeled
10256,5.969061508091789e-13,0,0,unlabeled
10257,1.8962121803300924e-11,0,0,unlabeled
10258,3.994022727994328e-17,0,0,unlabeled
10259,9.427614842102659e-18,0,0,unlabeled
10260,0.0011705121723935008,0,0,unlabeled
10261,5.6791615854479e-10,0,0,unlabeled
10262,1.5951126530744375e-10,0,0,val
10263,0.0006003189482726157,0,0,unlabeled
10264,6.147201081496689e-10,0,0,train
10265,1.5166451428072492e-10,0,0,train
10266,7.091103526590814e-08,0,0,unlabeled
10267,3.531911904868651e-14,0,0,unlabeled
10268,8.819386667908817e-15,0,0,val
10269,2.752785235315969e-07,0,0,unlabeled
10270,4.1876909925853134e-12,0,0,unlabeled
10271,1.0123026548958247e-12,0,0,unlabeled
10272,4.208187874610303e-06,0,0,unlabeled
10273,2.0923924051730047e-11,0,0,unlabeled
10274,4.703608596362541e-12,0,0,unlabeled
10275,6.80683620579714e-10,0,0,unlabeled
10276,1.3616962011157624e-15,0,0,val
10277,3.427392030820234e-16,0,0,unlabeled
10278,1.3728723047279345e-07,0,0,unlabeled
10279,9.120308674948063e-13,0,0,unlabeled
10280,2.0425559843755686e-13,0,0,unlabeled
10281,1.6181697901629377e-06,0,0,unlabeled
10282,2.7971958516809226e-12,0,0,train
10283,6.043870915892202e-13,0,0,unlabeled
10284,8.416754793127978e-11,0,0,unlabeled
10285,9.115385428291046e-17,0,0,val
10286,2.1456734217380517e-17,0,0,unlabeled
10287,9.67364286452721e-08,0,0,train
10288,4.043378316626739e-13,0,0,unlabeled
10289,9.285350673028311e-14,0,0,unlabeled
10290,2.8023208642480313e-07,0,0,unlabeled
10291,7.031394780657174e-13,0,0,unlabeled
10292,1.4544740195229777e-13,0,0,train
10293,9.128702134486577e-12,0,0,unlabeled
10294,1.5621259545949625e-17,0,0,unlabeled
10295,3.6794643871680714e-18,0,0,train
10296,1.262078086483598e-07,0,0,unlabeled
10297,5.155712553932268e-13,0,0,unlabeled
10298,1.49341707078067e-13,0,0,unlabeled
10299,3.15471169187731e-07,0,0,unlabeled
10300,9.102373802610808e-13,0,0,unlabeled
10301,2.3400473724531634e-13,0,0,train
10302,1.1944260684682018e-11,0,0,val
10303,2.2794526804617628e-17,0,0,unlabeled
10304,5.891262627073612e-18,0,0,unlabeled
10305,5.2011071005608756e-09,0,0,unlabeled
10306,3.27608084974354e-14,0,0,unlabeled
10307,8.294977558835365e-15,0,0,unlabeled
10308,5.65460922530292e-08,0,0,unlabeled
10309,1.8480323608210947e-13,0,0,unlabeled
10310,3.959886821116969e-14,0,0,unlabeled
10311,1.2039863463847444e-12,0,0,val
10312,3.0269911442262968e-18,0,0,unlabeled
10313,7.163070293064332e-19,0,0,unlabeled
10314,0.0003775698714889586,0,0,unlabeled
10315,2.8999405654595023e-10,0,0,unlabeled
10316,7.176309546608195e-11,0,0,unlabeled
10317,0.002403751714155078,0,0,unlabeled
10318,4.264446018531487e-10,0,0,unlabeled
10319,1.0011513840169073e-10,0,0,unlabeled
10320,2.1574528830115014e-08,0,0,unlabeled
10321,1.0865260073762966e-14,0,0,unlabeled
10322,2.740364613153896e-15,0,0,unlabeled
10323,5.802705800306285e-06,0,0,unlabeled
10324,1.806888492994485e-11,0,0,val
10325,4.585080579100342e-12,0,0,unlabeled
10326,6.209666935319547e-06,0,0,unlabeled
10327,2.34056749676137e-11,0,0,unlabeled
10328,5.380692419398869e-12,0,0,unlabeled
10329,4.5275203031103217e-10,0,0,train
10330,8.010069768455146e-16,0,0,unlabeled
10331,2.0599199385069243e-16,0,0,unlabeled
10332,5.58960709895473e-06,0,0,unlabeled
10333,2.4342878407468405e-11,0,0,train
10334,6.189490326519165e-12,0,0,train
10335,3.2614480005577207e-06,0,0,unlabeled
10336,1.259790795987703e-11,0,0,train
10337,2.971704479715065e-12,0,0,unlabeled
10338,1.9132773143581971e-10,0,0,unlabeled
10339,5.979934552398337e-16,0,0,unlabeled
10340,1.5936846816739836e-16,0,0,unlabeled
10341,3.6626545352191897e-07,0,0,unlabeled
10342,1.5869296978929248e-12,0,0,unlabeled
10343,3.827317152441112e-13,0,0,unlabeled
10344,6.068518700885761e-07,0,0,unlabeled
10345,2.6572320732665133e-12,0,0,unlabeled
10346,6.019457935574346e-13,0,0,unlabeled
10347,2.6509915790340344e-11,0,0,unlabeled
10348,7.714643072949669e-17,0,0,unlabeled
10349,1.9793656162979378e-17,0,0,unlabeled
10350,1.2179143027424288e-07,0,0,train
10351,4.3115153374601034e-13,0,0,val
10352,1.267695665238197e-13,0,0,unlabeled
10353,2.2153535894631204e-07,0,0,train
10354,7.33789819271774e-13,0,0,unlabeled
10355,1.9824867116859102e-13,0,0,train
10356,8.373309857978573e-12,0,0,unlabeled
10357,2.128488248203895e-17,0,0,train
10358,5.5815662057337586e-18,0,0,unlabeled
10359,1.0114130866156756e-08,0,0,unlabeled
10360,4.765906094252037e-14,0,0,unlabeled
10361,1.1942352251689218e-14,0,0,unlabeled
10362,9.959191515918064e-08,0,0,unlabeled
10363,3.1082412034824647e-13,0,0,train
10364,6.65289763383814e-14,0,0,unlabeled
10365,1.6406273041502661e-12,0,0,unlabeled
10366,4.34994762679181e-18,0,0,train
10367,1.0782616715188783e-18,0,0,unlabeled
10368,1.6559699361096136e-05,0,0,train
10369,2.975638069280251e-10,0,0,unlabeled
10370,9.192164390769975e-11,0,0,unlabeled
10371,3.2221360015682876e-05,0,0,unlabeled
10372,6.046197431608391e-10,0,0,unlabeled
10373,1.6914751543861684e-10,0,0,unlabeled
10374,2.2089048368201247e-09,0,0,train
10375,7.802363356096409e-14,0,0,unlabeled
10376,2.4801334759776833e-14,0,0,unlabeled
10377,5.698944278265117e-06,0,0,unlabeled
10378,1.331889737388181e-10,0,0,unlabeled
10379,4.057016528280499e-11,0,0,unlabeled
10380,3.218763959011994e-05,0,0,train
10381,6.644174099790234e-10,0,0,unlabeled
10382,1.8419789304946477e-10,0,0,unlabeled
10383,3.0301416931166614e-09,0,0,unlabeled
10384,8.02065662150464e-14,0,0,unlabeled
10385,2.4068603826556817e-14,0,0,unlabeled
10386,9.95628170130658e-07,0,0,train
10387,1.2876234800618391e-11,0,0,unlabeled
10388,3.89301481676374e-12,0,0,val
10389,2.4015814688027604e-06,0,0,unlabeled
10390,3.655567862304032e-11,0,0,unlabeled
10391,1.0106402693887961e-11,0,0,unlabeled
10392,1.2930286008572267e-10,0,0,unlabeled
10393,2.3924691234752417e-15,0,0,unlabeled
10394,7.138939263247053e-16,0,0,unlabeled
10395,3.2308157642546576e-06,0,0,unlabeled
10396,3.7984566880755466e-11,0,0,unlabeled
10397,1.1377811019730455e-11,0,0,unlabeled
10398,2.6460244043846615e-05,0,0,unlabeled
10399,2.1502039038168164e-10,0,0,val
10400,5.595261753921221e-11,0,0,unlabeled
10401,9.408809287236863e-10,0,0,unlabeled
10402,7.918021639285837e-15,0,0,unlabeled
10403,2.18818701121237e-15,0,0,train
10404,4.378178530828336e-08,0,0,unlabeled
10405,8.535099168226201e-13,0,0,unlabeled
10406,2.8053213506525065e-13,0,0,unlabeled
10407,3.8253938328125514e-07,0,0,val
10408,5.3153688048257486e-12,0,0,val
10409,1.5257716964867107e-12,0,0,train
10410,1.694842703681143e-11,0,0,unlabeled
10411,2.3080131094308507e-16,0,0,train
10412,7.237429342678026e-17,0,0,train
10413,3.63294873295672e-07,0,0,unlabeled
10414,3.0954284274686827e-12,0,0,unlabeled
10415,8.874523837153203e-13,0,0,unlabeled
10416,1.1235719284741208e-05,0,0,unlabeled
10417,3.910610030244399e-11,0,0,unlabeled
10418,1.0140500418531762e-11,0,0,unlabeled
10419,1.6657279722220864e-10,0,0,unlabeled
10420,1.6899005041113592e-15,0,0,val
10421,4.1139450570965507e-16,0,0,unlabeled
10422,7.479242867702851e-06,0,0,unlabeled
10423,1.0050141274753344e-10,0,0,unlabeled
10424,3.284350916232803e-11,0,0,train
10425,5.952062110736733e-06,0,0,train
10426,1.1637796282215618e-10,0,0,unlabeled
10427,3.4604277776573156e-11,0,0,unlabeled
10428,6.289245235713281e-10,0,0,val
10429,1.5134286646166853e-14,0,0,unlabeled
10430,5.038168063894576e-15,0,0,train
10431,3.2125287816597847e-06,0,0,unlabeled
10432,5.2695528496293775e-11,0,0,unlabeled
10433,1.5565659872152082e-11,0,0,unlabeled
10434,8.812899977783673e-06,0,0,unlabeled
10435,1.784210834632205e-10,0,0,train
10436,4.696161168271651e-11,0,0,unlabeled
10437,1.2346670352769706e-09,0,0,train
10438,1.70001697858942e-14,0,0,unlabeled
10439,4.797890227746949e-15,0,0,unlabeled
10440,1.9609827006661362e-07,0,0,unlabeled
10441,2.128229883990862e-12,0,0,unlabeled
10442,6.780702301728558e-13,0,0,unlabeled
10443,2.985912601616292e-07,0,0,unlabeled
10444,3.4216180236357197e-12,0,0,train
10445,1.014544893408742e-12,0,0,val
10446,1.9059590711245633e-11,0,0,val
10447,2.44889533498733e-16,0,0,val
10448,7.806773126086845e-17,0,0,unlabeled
10449,9.309900406151428e-07,0,0,unlabeled
10450,7.1557902832364295e-12,0,0,unlabeled
10451,2.0505279332144744e-12,0,0,unlabeled
10452,5.031985892856028e-06,0,0,train
10453,3.1764667285383297e-11,0,0,unlabeled
10454,7.642620911130216e-12,0,0,unlabeled
10455,1.826738482701984e-10,0,0,train
10456,2.138713087312667e-15,0,0,unlabeled
10457,5.194942533365678e-16,0,0,unlabeled
10458,4.552409560432125e-09,0,0,unlabeled
10459,7.721471032007265e-14,0,0,unlabeled
10460,2.6105848507777286e-14,0,0,train
10461,2.6364734395656342e-08,0,0,unlabeled
10462,3.255564220983054e-13,0,0,unlabeled
10463,9.434866218372209e-14,0,0,unlabeled
10464,1.454749406874789e-12,0,0,unlabeled
10465,4.3715416729908743e-17,0,0,train
10466,1.2875606383327873e-17,0,0,unlabeled
10467,4.551543852926443e-08,0,0,unlabeled
10468,2.7532555228748645e-13,0,0,unlabeled
10469,7.993746045957192e-14,0,0,unlabeled
10470,9.208671372107347e-07,0,0,unlabeled
10471,5.361862863428879e-12,0,0,unlabeled
10472,1.2649717428050988e-12,0,0,unlabeled
10473,1.6372496414174265e-10,0,0,unlabeled
10474,1.6302585055452402e-16,0,0,unlabeled
10475,3.80413680093788e-17,0,0,unlabeled
10476,5.85444979606109e-07,0,0,train
10477,6.231268539352852e-12,0,0,unlabeled
10478,1.9131842377700936e-12,0,0,train
10479,7.980530085660575e-07,0,0,train
10480,1.0184793113043877e-11,0,0,unlabeled
10481,2.8008424572678603e-12,0,0,val
10482,9.545295109880669e-11,0,0,train
10483,9.822906622827744e-16,0,0,unlabeled
10484,3.016101683693312e-16,0,0,unlabeled
10485,1.7175667110791437e-08,0,0,unlabeled
10486,3.408062135452916e-13,0,0,unlabeled
10487,1.0154039881051652e-13,0,0,train
10488,7.603060225847003e-08,0,0,train
10489,1.3436461145099887e-12,0,0,unlabeled
10490,3.4006597451202714e-13,0,0,unlabeled
10491,1.2429119365664487e-11,0,0,unlabeled
10492,4.20784262976663e-16,0,0,val
10493,1.1079758065114215e-16,0,0,unlabeled
10494,6.5746030841751235e-09,0,0,train
10495,5.944245475616311e-14,0,0,train
10496,1.814902428917773e-14,0,0,unlabeled
10497,1.571603824856993e-08,0,0,unlabeled
10498,1.2937987812176865e-13,0,0,unlabeled
10499,3.4644643653446855e-14,0,0,unlabeled
10500,1.1084578350681329e-12,0,0,val
10501,2.6094904656810304e-17,0,0,unlabeled
10502,6.768396263228411e-18,0,0,train
10503,2.9999962514182243e-09,0,0,unlabeled
10504,2.360946792343173e-14,0,0,unlabeled
10505,6.507227279261597e-15,0,0,unlabeled
10506,2.2715251901672673e-08,0,0,unlabeled
10507,2.7239676985389705e-13,0,0,unlabeled
10508,6.105799053206587e-14,0,0,unlabeled
10509,1.3145605264053284e-11,0,0,unlabeled
10510,2.079523126407696e-17,0,0,unlabeled
10511,4.836177212149974e-18,0,0,unlabeled
10512,3.963915584659361e-10,0,0,val
10513,3.6176057199226e-15,0,0,unlabeled
10514,1.1154018899437877e-15,0,0,train
10515,3.300235196235235e-09,0,0,unlabeled
10516,4.462660506431883e-14,0,0,unlabeled
10517,1.1389864847447233e-14,0,0,unlabeled
10518,1.89693464928975e-12,0,0,unlabeled
10519,3.912080810307784e-18,0,0,train
10520,1.0145882030966902e-18,0,0,unlabeled
10521,2.911634822133635e-10,0,0,unlabeled
10522,4.2352058173694435e-15,0,0,unlabeled
10523,1.122598705380134e-15,0,0,unlabeled
10524,1.7831334275797417e-07,0,0,unlabeled
10525,2.2076282045913748e-13,0,0,unlabeled
10526,4.924823366497279e-14,0,0,unlabeled
10527,2.9085681346047165e-12,0,0,unlabeled
10528,3.122351627168707e-18,0,0,unlabeled
10529,7.165393636609841e-19,0,0,unlabeled
10530,1.8944299995382607e-07,0,0,train
10531,1.937162019335914e-12,0,0,unlabeled
10532,5.636967672154047e-13,0,0,unlabeled
10533,2.9331232553886366e-07,0,0,val
10534,2.9446165557972526e-12,0,0,unlabeled
10535,7.542477926947289e-13,0,0,unlabeled
10536,3.2856228154853895e-11,0,0,unlabeled
10537,6.487717039991897e-16,0,0,unlabeled
10538,1.736063111522449e-16,0,0,unlabeled
10539,1.614517408654592e-08,0,0,unlabeled
10540,1.8477081843715215e-13,0,0,unlabeled
10541,5.1409512768791493e-14,0,0,unlabeled
10542,6.844976496722666e-08,0,0,unlabeled
10543,1.5819584140916443e-12,0,0,unlabeled
10544,3.5513687260055327e-13,0,0,unlabeled
10545,8.356609154658301e-11,0,0,train
10546,2.5652554273252056e-16,0,0,val
10547,6.2995124071613e-17,0,0,unlabeled
10548,2.5482451704306186e-09,0,0,unlabeled
10549,1.6246352814485235e-14,0,0,unlabeled
10550,4.5715122022637646e-15,0,0,unlabeled
10551,6.4125345033971826e-09,0,0,unlabeled
10552,8.043345584842973e-14,0,0,unlabeled
10553,1.850278082333491e-14,0,0,unlabeled
10554,4.540834288441209e-12,0,0,unlabeled
10555,1.0024395048377004e-17,0,0,unlabeled
10556,2.4202146670444016e-18,0,0,unlabeled
10557,3.061769504597578e-09,0,0,unlabeled
10558,3.1413297662966425e-14,0,0,unlabeled
10559,7.754069942015294e-15,0,0,unlabeled
10560,4.005534322004678e-07,0,0,unlabeled
10561,7.56216920680397e-13,0,0,unlabeled
10562,1.5804917867078688e-13,0,0,unlabeled
10563,1.1839200626806434e-11,0,0,unlabeled
10564,1.3028521472906263e-17,0,0,unlabeled
10565,2.9457589061462924e-18,0,0,unlabeled
10566,2.17613510544723e-10,0,0,unlabeled
10567,3.2702544489125566e-15,0,0,unlabeled
10568,9.035039985730341e-16,0,0,unlabeled
10569,4.323977975673188e-08,0,0,unlabeled
10570,8.543124839282754e-14,0,0,unlabeled
10571,2.097419765265899e-14,0,0,unlabeled
10572,1.0862596629482302e-12,0,0,unlabeled
10573,2.0197211114064398e-18,0,0,unlabeled
10574,5.118102491989432e-19,0,0,train
10575,1.2946117067258456e-08,0,0,train
10576,3.1723325274188655e-14,0,0,unlabeled
10577,8.221481357035057e-15,0,0,unlabeled
10578,5.555700113291095e-07,0,0,unlabeled
10579,3.9325891176313077e-13,0,0,unlabeled
10580,8.165678826469944e-14,0,0,unlabeled
10581,3.116756202084514e-12,0,0,unlabeled
10582,2.2366000098020244e-18,0,0,unlabeled
10583,5.137154012460177e-19,0,0,unlabeled
10584,3.63627405022271e-05,0,0,train
10585,3.45692668934916e-10,0,0,train
10586,1.0843315828568123e-10,0,0,unlabeled
10587,5.208213042351417e-05,0,0,unlabeled
10588,5.789019263957584e-10,0,0,unlabeled
10589,1.6825846271828482e-10,0,0,unlabeled
10590,2.5912985091025575e-09,0,0,unlabeled
10591,5.729099107013719e-14,0,0,unlabeled
10592,1.763363523395959e-14,0,0,unlabeled
10593,1.2399925253703259e-05,0,0,unlabeled
10594,1.8642745680530481e-10,0,0,unlabeled
10595,5.8000691055548614e-11,0,0,val
10596,6.753078196197748e-05,0,0,unlabeled
10597,8.462879286241787e-10,0,0,unlabeled
10598,2.2735471838508658e-10,0,0,unlabeled
10599,5.502084121644657e-09,0,0,unlabeled
10600,6.58939997835381e-14,0,0,unlabeled
10601,1.9161769068166967e-14,0,0,unlabeled
10602,5.891561727366934e-07,0,0,unlabeled
10603,7.291040167445306e-12,0,0,unlabeled
10604,2.125990355983376e-12,0,0,unlabeled
10605,1.4763760418645688e-06,0,0,unlabeled
10606,1.6544137587670704e-11,0,0,unlabeled
10607,4.2517881576609184e-12,0,0,val
10608,7.540515434278916e-11,0,0,unlabeled
10609,9.273499877414924e-16,0,0,unlabeled
10610,2.578755809015459e-16,0,0,unlabeled
10611,3.2937709875113796e-06,0,0,unlabeled
10612,2.5690127108957128e-11,0,0,val
10613,7.169083035551971e-12,0,0,train
10614,3.8265989132924005e-05,0,0,unlabeled
10615,1.399388660505707e-10,0,0,unlabeled
10616,3.4364795731267606e-11,0,0,unlabeled
10617,7.833514392707741e-10,0,0,unlabeled
10618,7.832822830286263e-15,0,0,val
10619,1.815607922659541e-15,0,0,unlabeled
10620,9.023017000231448e-09,0,0,val
10621,1.714273119074114e-13,0,0,unlabeled
10622,5.494949384832887e-14,0,0,unlabeled
10623,7.702622184524444e-08,0,0,unlabeled
10624,9.916801537931952e-13,0,0,unlabeled
10625,2.710482391917596e-13,0,0,val
10626,3.591204807487647e-12,0,0,unlabeled
10627,1.142566977716062e-16,0,0,unlabeled
10628,3.0926701534026503e-17,0,0,unlabeled
10629,8.985563937358165e-08,0,0,unlabeled
10630,6.207433655633365e-13,0,0,unlabeled
10631,1.7155390606357623e-13,0,0,unlabeled
10632,2.387780796198058e-06,0,0,unlabeled
10633,1.4471618348110837e-11,0,0,unlabeled
10634,3.2919444080403704e-12,0,0,unlabeled
10635,3.9898037651475704e-10,0,0,unlabeled
10636,4.379956812972948e-16,0,0,unlabeled
10637,9.736648360899613e-17,0,0,val
10638,1.5137792615860235e-05,0,0,unlabeled
10639,1.2595369192069938e-10,0,0,unlabeled
10640,4.307204592990388e-11,0,0,unlabeled
10641,9.603710168448742e-06,0,0,unlabeled
10642,1.2477058275450759e-10,0,0,unlabeled
10643,3.788131960891228e-11,0,0,val
10644,9.973325498791041e-10,0,0,unlabeled
10645,1.1019997746633276e-14,0,0,unlabeled
10646,3.663965103675249e-15,0,0,val
10647,5.983403298159828e-06,0,0,unlabeled
10648,6.632584759191928e-11,0,0,unlabeled
10649,2.0335901365631237e-11,0,0,train
10650,2.466196565364953e-05,0,0,unlabeled
10651,2.0501544906181834e-10,0,0,unlabeled
10652,5.1453830779424337e-11,0,0,unlabeled
10653,1.959304496423897e-09,0,0,unlabeled
10654,2.7941272342721368e-14,0,0,unlabeled
10655,7.227945591223653e-15,0,0,unlabeled
10656,1.21853247492254e-07,0,0,unlabeled
10657,1.2441137529906054e-12,0,0,unlabeled
10658,3.9859337618713964e-13,0,0,train
10659,2.0732835537273786e-07,0,0,unlabeled
10660,1.7084246344001297e-12,0,0,unlabeled
10661,4.758287947687068e-13,0,0,train
10662,1.3464353763870118e-11,0,0,unlabeled
10663,2.731762781816292e-16,0,0,train
10664,7.39705799554402e-17,0,0,unlabeled
10665,1.000503402792674e-06,0,0,unlabeled
10666,4.0960628985842185e-12,0,0,unlabeled
10667,1.0943910708216542e-12,0,0,unlabeled
10668,7.378346708719619e-06,0,0,unlabeled
10669,3.271801926607587e-11,0,0,unlabeled
10670,6.777886845527048e-12,0,0,unlabeled
10671,1.3838352685979771e-09,0,0,unlabeled
10672,9.708354945832257e-16,0,0,unlabeled
10673,2.0557751680679926e-16,0,0,unlabeled
10674,1.29333510567875e-09,0,0,unlabeled
10675,1.7599294824212006e-14,0,0,unlabeled
10676,5.779285470325357e-15,0,0,unlabeled
10677,7.109952182560164e-09,0,0,unlabeled
10678,1.4537667131307025e-13,0,0,unlabeled
10679,3.71388676919087e-14,0,0,train
10680,4.311723721117655e-12,0,0,unlabeled
10681,1.4347401402617962e-17,0,0,unlabeled
10682,3.8730283728182364e-18,0,0,unlabeled
10683,1.2992003028955423e-08,0,0,unlabeled
10684,1.281658156340737e-13,0,0,unlabeled
10685,3.287209846230925e-14,0,0,unlabeled
10686,3.821517111646244e-06,0,0,train
10687,4.565054063931928e-12,0,0,unlabeled
10688,9.936170809743405e-13,0,0,train
10689,6.142837627454156e-11,0,0,unlabeled
10690,4.433900834137777e-17,0,0,unlabeled
10691,9.664188497292825e-18,0,0,unlabeled
10692,8.056280194068677e-07,0,0,unlabeled
10693,5.863948215889536e-12,0,0,unlabeled
10694,1.7780669514869119e-12,0,0,unlabeled
10695,1.3066642168269027e-06,0,0,train
10696,8.972683707142437e-12,0,0,unlabeled
10697,2.5048806345101537e-12,0,0,unlabeled
10698,1.1862014148711353e-10,0,0,unlabeled
10699,1.4159182740804176e-15,0,0,unlabeled
10700,3.8515215445429597e-16,0,0,train
10701,3.268145931656363e-08,0,0,unlabeled
10702,3.340926981679898e-13,0,0,unlabeled
10703,9.554770169506455e-14,0,0,unlabeled
10704,1.4770913026040944e-07,0,0,val
10705,2.4666388723226795e-12,0,0,train
10706,5.645931313615071e-13,0,0,unlabeled
10707,1.596576759688162e-10,0,0,unlabeled
10708,3.2995750237773563e-16,0,0,unlabeled
10709,8.243991681124814e-17,0,0,unlabeled
10710,4.852507284880403e-09,0,0,unlabeled
10711,2.976268117052018e-14,0,0,unlabeled
10712,8.299630310814633e-15,0,0,unlabeled
10713,1.3251154840077106e-08,0,0,unlabeled
10714,1.2798700359077653e-13,0,0,train
10715,3.0157191847901554e-14,0,0,unlabeled
10716,8.188270374243078e-12,0,0,val
10717,1.3597793787910157e-17,0,0,unlabeled
10718,3.3357801484341796e-18,0,0,unlabeled
10719,3.1796463240141293e-09,0,0,unlabeled
10720,2.840164152581766e-14,0,0,train
10721,6.9733033468400134e-15,0,0,unlabeled
10722,4.728241265183897e-07,0,0,unlabeled
10723,6.406396680508353e-13,0,0,unlabeled
10724,1.3029840064977122e-13,0,0,train
10725,1.2654309024251464e-11,0,0,unlabeled
10726,9.83718339624094e-18,0,0,unlabeled
10727,2.2478389127847824e-18,0,0,train
10728,1.2823693495978006e-10,0,0,unlabeled
10729,2.154254236070652e-15,0,0,unlabeled
10730,5.866867830038505e-16,0,0,unlabeled
10731,2.2873681615465102e-08,0,0,unlabeled
10732,5.5819288264941785e-14,0,0,unlabeled
10733,1.3351324643843913e-14,0,0,unlabeled
10734,7.298188203948286e-13,0,0,unlabeled
10735,1.2854249200297213e-18,0,0,train
10736,3.2741300154890845e-19,0,0,unlabeled
10737,3.3620226602693037e-09,0,0,unlabeled
10738,1.377251601203085e-14,0,0,unlabeled
10739,3.595468937362583e-15,0,0,unlabeled
10740,1.583877917710197e-07,0,0,unlabeled
10741,1.5054141743950367e-13,0,0,train
10742,3.175317132711811e-14,0,0,unlabeled
10743,1.2744992778160324e-12,0,0,unlabeled
10744,1.0163625055106164e-18,0,0,train
10745,2.328437685611936e-19,0,0,train
10746,4.5188892272562953e-07,0,0,unlabeled
10747,1.949255860889121e-12,0,0,unlabeled
10748,5.700206474369696e-13,0,0,unlabeled
10749,6.985860636632424e-07,0,0,unlabeled
10750,5.7515828037757455e-12,0,0,unlabeled
10751,1.3455054128155841e-12,0,0,unlabeled
10752,4.4304501733982704e-10,0,0,unlabeled
10753,5.426545163946645e-16,0,0,unlabeled
10754,1.369828167395657e-16,0,0,unlabeled
10755,3.685551774879059e-08,0,0,unlabeled
10756,4.3719089221246066e-13,0,0,unlabeled
10757,1.1175176046042748e-13,0,0,train
10758,2.2682318103761645e-06,0,0,unlabeled
10759,6.483647820021421e-12,0,0,unlabeled
10760,1.4371183279862643e-12,0,0,unlabeled
10761,1.6025383797746429e-10,0,0,val
10762,2.2567509401608165e-16,0,0,train
10763,5.497383124895563e-17,0,0,unlabeled
10764,2.37195241226118e-09,0,0,train
10765,2.1462208908955976e-14,0,0,unlabeled
10766,5.235150234459774e-15,0,0,unlabeled
10767,1.2552577288715838e-07,0,0,unlabeled
10768,1.920268414765114e-13,0,0,unlabeled
10769,4.20031780082146e-14,0,0,unlabeled
10770,3.830452448283506e-12,0,0,unlabeled
10771,5.6051433347333575e-18,0,0,val
10772,1.3340785462867481e-18,0,0,unlabeled
10773,1.1569358093765914e-07,0,0,val
10774,2.1259000961525165e-13,0,0,unlabeled
10775,5.1477116162377753e-14,0,0,unlabeled
10776,1.2382911336317193e-06,0,0,unlabeled
10777,1.0511755311679027e-12,0,0,train
10778,2.0165928660016014e-13,0,0,unlabeled
10779,1.1113714115662532e-11,0,0,val
10780,6.586558803532104e-18,0,0,unlabeled
10781,1.5090701558359897e-18,0,0,train
10782,6.768712257354537e-09,0,0,unlabeled
10783,3.924187770521989e-14,0,0,unlabeled
10784,1.1330063474338133e-14,0,0,unlabeled
10785,4.8922387918537424e-08,0,0,unlabeled
10786,1.5781782347970563e-13,0,0,unlabeled
10787,3.895826058129305e-14,0,0,unlabeled
10788,1.3266554738447511e-12,0,0,train
10789,3.1599041794125424e-18,0,0,unlabeled
10790,8.469186412334032e-19,0,0,unlabeled
10791,1.0195556399139605e-08,0,0,unlabeled
10792,2.2599579339540633e-14,0,0,unlabeled
10793,5.749797712332593e-15,0,0,unlabeled
10794,4.1416717522224644e-07,0,0,unlabeled
10795,2.5970821630402763e-13,0,0,unlabeled
10796,5.508706555149012e-14,0,0,unlabeled
10797,1.6936622460397843e-12,0,0,unlabeled
10798,1.3812394217308465e-18,0,0,unlabeled
10799,3.2782041384998496e-19,0,0,unlabeled
10800,5.081206836621277e-06,0,0,unlabeled
10801,4.7474506964517715e-11,0,0,unlabeled
10802,1.6106026234918858e-11,0,0,train
10803,3.0661303753731772e-06,0,0,train
10804,3.855537070163173e-11,0,0,unlabeled
10805,1.2150142003619635e-11,0,0,unlabeled
10806,2.9478280927364153e-10,0,0,unlabeled
10807,3.4095411820337642e-15,0,0,train
10808,1.1436881317008715e-15,0,0,unlabeled
10809,2.9707302928727586e-06,0,0,unlabeled
10810,2.5213614182617583e-11,0,0,unlabeled
10811,8.005518990772398e-12,0,0,unlabeled
10812,5.90326499150251e-06,0,0,unlabeled
10813,5.534053076905465e-11,0,0,unlabeled
10814,1.5479740753110427e-11,0,0,val
10815,5.651553669494547e-10,0,0,unlabeled
10816,8.295515424756872e-15,0,0,unlabeled
10817,2.3458365715971034e-15,0,0,train
10818,6.45745927840835e-08,0,0,unlabeled
10819,5.042509378799798e-13,0,0,unlabeled
10820,1.5603931178848757e-13,0,0,unlabeled
10821,7.044231864483663e-08,0,0,train
10822,5.435224210807721e-13,0,0,unlabeled
10823,1.5538086225660996e-13,0,0,unlabeled
10824,4.353629002445958e-12,0,0,unlabeled
10825,8.680095858441551e-17,0,0,unlabeled
10826,2.4088680651458892e-17,0,0,unlabeled
10827,4.7151968374237185e-07,0,0,unlabeled
10828,1.5853716993710631e-12,0,0,unlabeled
10829,4.452146659152112e-13,0,0,train
10830,1.512588369223522e-06,0,0,unlabeled
10831,8.07235528421657e-12,0,0,unlabeled
10832,1.8765054614344745e-12,0,0,unlabeled
10833,4.393138908209693e-10,0,0,unlabeled
10834,3.6597164922909397e-16,0,0,unlabeled
10835,8.5841429073854e-17,0,0,unlabeled
10836,9.751774943111968e-10,0,0,unlabeled
10837,9.926311346237365e-15,0,0,unlabeled
10838,3.2753357995631352e-15,0,0,unlabeled
10839,3.4140743565558296e-09,0,0,unlabeled
10840,5.828727799896127e-14,0,0,train
10841,1.6213230438115803e-14,0,0,unlabeled
10842,2.4280080983957175e-12,0,0,train
10843,6.8507147962478505e-18,0,0,unlabeled
10844,1.942013489916524e-18,0,0,unlabeled
10845,9.7873709137275e-09,0,0,unlabeled
10846,7.728146329257987e-14,0,0,unlabeled
10847,2.059132520797289e-14,0,0,unlabeled
10848,2.0799132016691146e-06,0,0,unlabeled
10849,1.912896056832647e-12,0,0,unlabeled
10850,4.3076029939206895e-13,0,0,unlabeled
10851,2.756116689039967e-11,0,0,unlabeled
10852,2.1029766746237795e-17,0,0,unlabeled
10853,5.0317069925258715e-18,0,0,unlabeled
10854,1.4980075775383739e-06,0,0,unlabeled
10855,1.1917090578239531e-11,0,0,unlabeled
10856,4.1024896153818435e-12,0,0,unlabeled
10857,7.069643288559746e-07,0,0,unlabeled
10858,5.485268489424655e-12,0,0,train
10859,1.7168425969077417e-12,0,0,unlabeled
10860,8.154546482508351e-11,0,0,unlabeled
10861,1.1933056276851339e-15,0,0,unlabeled
10862,3.7285680948040975e-16,0,0,unlabeled
10863,1.0717509439928108e-06,0,0,train
10864,5.683111099774596e-12,0,0,train
10865,1.7728213645359925e-12,0,0,unlabeled
10866,1.558782400934433e-06,0,0,val
10867,1.5413215842530192e-11,0,0,unlabeled
10868,3.8726413569001306e-12,0,0,unlabeled
10869,1.0961496155204031e-09,0,0,unlabeled
10870,1.5207283310286518e-15,0,0,unlabeled
10871,4.0625587445601845e-16,0,0,unlabeled
10872,1.104599967050035e-08,0,0,unlabeled
10873,6.231250053705811e-14,0,0,val
10874,1.94447102598019e-14,0,0,unlabeled
10875,1.0637898562038117e-08,0,0,unlabeled
10876,9.686651166514876e-14,0,0,unlabeled
10877,2.5724802266125467e-14,0,0,unlabeled
10878,7.348981666266408e-12,0,0,unlabeled
10879,1.330445486318354e-17,0,0,unlabeled
10880,3.6180139666421196e-18,0,0,unlabeled
10881,9.31437966755766e-08,0,0,unlabeled
10882,4.054668655949917e-13,0,0,unlabeled
10883,1.0258283209430702e-13,0,0,train
10884,3.801492312049959e-06,0,0,unlabeled
10885,3.2651611449330264e-12,0,0,unlabeled
10886,7.32067672540998e-13,0,0,train
10887,8.185448152620012e-11,0,0,unlabeled
10888,4.324866187130222e-17,0,0,unlabeled
10889,1.0240296632878857e-17,0,0,unlabeled
10890,1.2714947150715972e-10,0,0,unlabeled
10891,2.0667688616299654e-15,0,0,unlabeled
10892,6.235511921155745e-16,0,0,val
10893,7.49325312909832e-09,0,0,unlabeled
10894,2.206625520869733e-14,0,0,unlabeled
10895,6.005243790983177e-15,0,0,unlabeled
10896,3.335044100691992e-13,0,0,unlabeled
10897,8.430730785656441e-19,0,0,unlabeled
10898,2.4937644651853197e-19,0,0,unlabeled
10899,3.5185088620437455e-08,0,0,train
10900,7.567489928965443e-14,0,0,unlabeled
10901,2.137633501469744e-14,0,0,unlabeled
10902,4.524585790477431e-07,0,0,unlabeled
10903,3.3302516560390627e-13,0,0,unlabeled
10904,7.758556167317132e-14,0,0,unlabeled
10905,3.3453155610235763e-12,0,0,train
10906,2.2706082999162233e-18,0,0,unlabeled
10907,5.822512958027339e-19,0,0,unlabeled
10908,4.174302716819511e-07,0,0,unlabeled
10909,1.3511245074149247e-12,0,0,unlabeled
10910,4.125447000073029e-13,0,0,train
10911,4.5887995270277315e-07,0,0,unlabeled
10912,2.3146218015163145e-12,0,0,unlabeled
10913,5.995007550281539e-13,0,0,unlabeled
10914,2.976211777028226e-10,0,0,unlabeled
10915,2.2146977395631106e-16,0,0,unlabeled
10916,5.833768694135563e-17,0,0,unlabeled
10917,1.966913920625757e-08,0,0,unlabeled
10918,1.6492231571293287e-13,0,0,train
10919,4.484812112068477e-14,0,0,unlabeled
10920,7.919829840830062e-07,0,0,val
10921,1.4546689590735906e-12,0,0,unlabeled
10922,3.5000127796003255e-13,0,0,unlabeled
10923,5.1261050959539034e-11,0,0,train
10924,5.34789702982845e-17,0,0,unlabeled
10925,1.3686835644948428e-17,0,0,val
10926,1.6941722469354659e-09,0,0,unlabeled
10927,1.0689834468188917e-14,0,0,unlabeled
10928,2.716312265583663e-15,0,0,unlabeled
10929,5.4755059153421826e-08,0,0,unlabeled
10930,5.719349418977643e-14,0,0,unlabeled
10931,1.387338747165347e-14,0,0,train
10932,1.7625952780653265e-12,0,0,train
10933,1.7588589518898793e-18,0,0,unlabeled
10934,4.42706805344439e-19,0,0,unlabeled
10935,4.1737127531860096e-08,0,0,train
10936,5.444039994197472e-14,0,0,unlabeled
10937,1.3715054143922066e-14,0,0,train
10938,2.300812838029742e-07,0,0,unlabeled
10939,1.4210141852273594e-13,0,0,unlabeled
10940,3.002954398275033e-14,0,0,unlabeled
10941,2.2495828984336885e-12,0,0,unlabeled
10942,1.1912208355836603e-18,0,0,unlabeled
10943,2.9481071168089656e-19,0,0,unlabeled
10944,4.26257784624795e-09,0,0,unlabeled
10945,1.5196738385367912e-14,0,0,unlabeled
10946,4.721001658992887e-15,0,0,unlabeled
10947,1.3802325504741475e-08,0,0,unlabeled
10948,3.3959980145917626e-14,0,0,unlabeled
10949,9.272443415571461e-15,0,0,unlabeled
10950,4.5350149417006103e-13,0,0,unlabeled
10951,7.58284377441968e-19,0,0,unlabeled
10952,2.242048751894488e-19,0,0,unlabeled
10953,2.6442978917629034e-09,0,0,train
10954,5.622948599250631e-15,0,0,unlabeled
10955,1.4688440689984185e-15,0,0,unlabeled
10956,5.590340990124787e-08,0,0,unlabeled
10957,3.429742790770837e-14,0,0,unlabeled
10958,7.82547566650178e-15,0,0,unlabeled
10959,2.835619109312071e-13,0,0,unlabeled
10960,2.5253555267544855e-19,0,0,unlabeled
10961,6.321312302425677e-20,0,0,unlabeled
10962,2.392076510204788e-07,0,0,val
10963,9.350402396801627e-13,0,0,train
10964,2.4583194637925465e-13,0,0,unlabeled
10965,3.622732720032218e-06,0,0,unlabeled
10966,2.9435045980491514e-12,0,0,unlabeled
10967,7.289966156773242e-13,0,0,unlabeled
10968,1.2114695358000915e-10,0,0,unlabeled
10969,9.19673169321849e-17,0,0,unlabeled
10970,2.4232828453724832e-17,0,0,unlabeled
10971,6.695944989587588e-07,0,0,unlabeled
10972,1.0393333329389298e-12,0,0,unlabeled
10973,2.9131750722659333e-13,0,0,train
10974,1.6111787317640847e-06,0,0,unlabeled
10975,2.126103763530618e-12,0,0,unlabeled
10976,4.896856574745923e-13,0,0,unlabeled
10977,4.566658509674859e-11,0,0,unlabeled
10978,3.910456310302791e-17,0,0,val
10979,1.011547342408338e-17,0,0,train
10980,1.7157108800347487e-07,0,0,unlabeled
10981,6.213522535034044e-13,0,0,train
10982,1.7368373991626107e-13,0,0,unlabeled
10983,1.7984250177960348e-07,0,0,unlabeled
10984,4.1394454053725327e-13,0,0,unlabeled
10985,1.0595246468375619e-13,0,0,unlabeled
10986,6.678765179790602e-12,0,0,unlabeled
10987,1.7620697361555652e-17,0,0,unlabeled
10988,4.8287660874518054e-18,0,0,unlabeled
10989,2.3652768277315772e-07,0,0,val
10990,3.207641671807565e-13,0,0,unlabeled
10991,8.383033579372617e-14,0,0,unlabeled
10992,7.777816790621728e-07,0,0,unlabeled
10993,7.906544884951627e-13,0,0,unlabeled
10994,1.7855598184908505e-13,0,0,val
10995,8.434379930588598e-12,0,0,unlabeled
10996,8.307377373411895e-18,0,0,unlabeled
10997,2.1768527541573192e-18,0,0,unlabeled
10998,4.516715446101216e-09,0,0,val
10999,1.4862214581311088e-14,0,0,train
11000,4.649670896922234e-15,0,0,unlabeled
11001,1.3901958695328176e-08,0,0,unlabeled
11002,3.306407678573854e-14,0,0,train
11003,9.22203563784741e-15,0,0,unlabeled
11004,3.316647900330344e-13,0,0,unlabeled
11005,8.292871830792588e-19,0,0,unlabeled
11006,2.5460461573077924e-19,0,0,unlabeled
11007,6.129711849212072e-09,0,0,unlabeled
11008,8.169615835608782e-15,0,0,train
11009,2.166037946674617e-15,0,0,unlabeled
11010,8.36223321698526e-08,0,0,unlabeled
11011,5.6389971630956687e-14,0,0,unlabeled
11012,1.3036869591406385e-14,0,0,unlabeled
11013,3.958718118937665e-13,0,0,unlabeled
11014,3.9046835925836634e-19,0,0,unlabeled
11015,9.941860517820112e-20,0,0,unlabeled
11016,2.909048589572194e-06,0,0,unlabeled
11017,2.782362187869758e-11,0,0,unlabeled
11018,8.812993737561392e-12,0,0,unlabeled
11019,2.023008391915937e-06,0,0,unlabeled
11020,2.4870674963928252e-11,0,0,unlabeled
11021,7.164885872101845e-12,0,0,train
11022,2.6515692419515347e-10,0,0,unlabeled
11023,4.956256589763296e-15,0,0,unlabeled
11024,1.4065941353970423e-15,0,0,unlabeled
11025,2.94859944460768e-07,0,0,unlabeled
11026,3.4872274339015075e-12,0,0,unlabeled
11027,1.0729903293996146e-12,0,0,train
11028,4.992855906493787e-07,0,0,unlabeled
11029,1.3533124273990005e-11,0,0,unlabeled
11030,3.48295979731017e-12,0,0,unlabeled
11031,7.77959863196287e-10,0,0,unlabeled
11032,2.3561411509169256e-15,0,0,unlabeled
11033,6.338783236876173e-16,0,0,train
11034,1.447754716110694e-08,0,0,train
11035,1.1758778358569172e-13,0,0,unlabeled
11036,3.324417293098375e-14,0,0,unlabeled
11037,1.7669883334292535e-08,0,0,val
11038,3.1373433581963206e-13,0,0,unlabeled
11039,7.473607507597207e-14,0,0,unlabeled
11040,1.6582901718464882e-11,0,0,val
11041,4.5723794713575244e-17,0,0,unlabeled
11042,1.1092185130328844e-17,0,0,val
11043,1.9704510023643707e-08,0,0,unlabeled
11044,2.511112520177383e-13,0,0,unlabeled
11045,6.331684444327648e-14,0,0,unlabeled
11046,9.415565500603407e-07,0,0,unlabeled
11047,2.7345469638673237e-12,0,0,unlabeled
11048,6.047237905738856e-13,0,0,train
11049,4.774629996928681e-11,0,0,train
11050,7.154775470638258e-17,0,0,unlabeled
11051,1.7289246090105653e-17,0,0,unlabeled
11052,7.254329914552216e-10,0,0,train
11053,1.3154966313044369e-14,0,0,train
11054,3.5779967652430945e-15,0,0,unlabeled
11055,5.7273243925237693e-08,0,0,unlabeled
11056,1.8479936005934283e-13,0,0,unlabeled
11057,4.398881636009065e-14,0,0,unlabeled
11058,2.315381393558358e-12,0,0,unlabeled
11059,5.8400448443152475e-18,0,0,unlabeled
11060,1.5375782118645938e-18,0,0,val
11061,4.446463464091721e-08,0,0,unlabeled
11062,1.6902663079951252e-13,0,0,train
11063,4.3207994284257326e-14,0,0,unlabeled
11064,8.121503469737945e-07,0,0,train
11065,1.171651642893623e-12,0,0,val
11066,2.535581065856579e-13,0,0,unlabeled
11067,9.675470494241445e-12,0,0,unlabeled
11068,9.996252709576725e-18,0,0,unlabeled
11069,2.2976451118278253e-18,0,0,train
11070,2.2572439775103703e-06,0,0,unlabeled
11071,9.888815460934453e-12,0,0,unlabeled
11072,3.175483964321102e-12,0,0,unlabeled
11073,1.0848932561202673e-06,0,0,unlabeled
11074,1.176123608226387e-11,0,0,unlabeled
11075,3.1873165131507397e-12,0,0,unlabeled
11076,1.0778348213946742e-09,0,0,unlabeled
11077,1.3108698832366497e-15,0,0,unlabeled
11078,3.7412052969815397e-16,0,0,unlabeled
11079,2.9222513830973185e-07,0,0,unlabeled
11080,3.056939033505013e-12,0,0,unlabeled
11081,8.364797569881954e-13,0,0,unlabeled
11082,4.412502221384784e-06,0,0,unlabeled
11083,1.7830840970400885e-11,0,0,unlabeled
11084,4.1501359640538915e-12,0,0,unlabeled
11085,5.45070100166356e-10,0,0,unlabeled
11086,8.037494577704872e-16,0,0,unlabeled
11087,2.099394717873629e-16,0,0,unlabeled
11088,6.008871178408981e-09,0,0,unlabeled
11089,5.450294485479998e-14,0,0,train
11090,1.4987267137511924e-14,0,0,unlabeled
11091,1.0130893457471757e-07,0,0,unlabeled
11092,2.1619208159795456e-13,0,0,unlabeled
11093,5.382041587029783e-14,0,0,unlabeled
11094,5.2942116836318664e-12,0,0,unlabeled
11095,9.215620858814506e-18,0,0,unlabeled
11096,2.4456252418717243e-18,0,0,unlabeled
11097,3.2900274504754634e-07,0,0,val
11098,7.264856576559564e-13,0,0,unlabeled
11099,1.8385431523569584e-13,0,0,unlabeled
11100,8.857961688590876e-07,0,0,unlabeled
11101,1.339194271969546e-12,0,0,unlabeled
11102,2.806830289026063e-13,0,0,unlabeled
11103,1.7321645853773937e-11,0,0,train
11104,1.6233318605318437e-17,0,0,unlabeled
11105,3.873560249952108e-18,0,0,unlabeled
11106,1.494555057490743e-08,0,0,unlabeled
11107,7.78428835062836e-14,0,0,train
11108,2.3830203015420305e-14,0,0,unlabeled
11109,3.1943336864515004e-08,0,0,unlabeled
11110,1.380974192421655e-13,0,0,unlabeled
11111,3.5413763122080916e-14,0,0,train
11112,1.37311136853141e-12,0,0,unlabeled
11113,4.045867348220885e-18,0,0,unlabeled
11114,1.1791539248077368e-18,0,0,unlabeled
11115,2.820377353884851e-08,0,0,unlabeled
11116,7.952276668112337e-14,0,0,val
11117,2.0846927564202242e-14,0,0,unlabeled
11118,3.0328700972859224e-07,0,0,unlabeled
11119,4.345239717085808e-13,0,0,unlabeled
11120,9.79887083475163e-14,0,0,unlabeled
11121,3.1045873337409713e-12,0,0,unlabeled
11122,3.502795565529302e-18,0,0,unlabeled
11123,8.452306757959121e-19,0,0,train
11124,7.984503440638946e-07,0,0,unlabeled
11125,2.9916377534966454e-12,0,0,unlabeled
11126,7.589436349340895e-13,0,0,unlabeled
11127,1.2529769264801871e-05,0,0,train
11128,9.913063425681656e-12,0,0,unlabeled
11129,2.3263153556274396e-12,0,0,train
11130,4.4710193880526106e-10,0,0,unlabeled
11131,2.5179430785673366e-16,0,0,val
11132,6.595488218244614e-17,0,0,train
11133,2.437317050407728e-07,0,0,unlabeled
11134,7.149170036351016e-13,0,0,unlabeled
11135,1.99805829433769e-13,0,0,unlabeled
11136,4.6115161467241705e-07,0,0,unlabeled
11137,1.4654489644341795e-12,0,0,unlabeled
11138,3.309671330400943e-13,0,0,unlabeled
11139,3.175515753128799e-11,0,0,unlabeled
11140,3.992621484036663e-17,0,0,unlabeled
11141,1.0342919141214024e-17,0,0,unlabeled
11142,2.694572458494804e-07,0,0,unlabeled
11143,1.0290583489502847e-12,0,0,unlabeled
11144,2.851689696013737e-13,0,0,unlabeled
11145,2.9363053499764646e-07,0,0,unlabeled
11146,8.307271971014218e-13,0,0,unlabeled
11147,2.0819878752877802e-13,0,0,unlabeled
11148,1.4334015745187667e-11,0,0,unlabeled
11149,3.392994949274523e-17,0,0,train
11150,9.257020421292173e-18,0,0,unlabeled
11151,3.624614564046169e-08,0,0,train
11152,1.3777488264837823e-13,0,0,unlabeled
11153,3.745014552376108e-14,0,0,unlabeled
11154,1.0418228413300312e-07,0,0,unlabeled
11155,3.0151632601262135e-13,0,0,unlabeled
11156,7.103631647752823e-14,0,0,unlabeled
11157,3.2917373254254256e-12,0,0,unlabeled
11158,7.000852213329288e-18,0,0,unlabeled
11159,1.8279124030161124e-18,0,0,unlabeled
11160,1.0810636830171916e-08,0,0,unlabeled
11161,3.4535322193142426e-14,0,0,unlabeled
11162,9.891497445072266e-15,0,0,unlabeled
11163,4.096453309898607e-08,0,0,unlabeled
11164,8.890393439877145e-14,0,0,unlabeled
11165,2.2152196865591646e-14,0,0,unlabeled
11166,8.333266260200645e-13,0,0,unlabeled
11167,1.5790324716602653e-18,0,0,unlabeled
11168,4.222984243257717e-19,0,0,unlabeled
11169,2.0275581213979876e-09,0,0,unlabeled
11170,6.438509613833224e-15,0,0,train
11171,1.6367770328792929e-15,0,0,unlabeled
11172,2.576804547516076e-08,0,0,unlabeled
11173,4.609830448138244e-14,0,0,unlabeled
11174,1.0525388950710125e-14,0,0,train
11175,2.928936390297898e-13,0,0,unlabeled
11176,4.553992714586058e-19,0,0,unlabeled
11177,1.1267365750648054e-19,0,0,train
11178,0.00016527742263861,0,0,unlabeled
11179,4.86210349759375e-10,0,0,unlabeled
11180,1.464807719564476e-10,0,0,unlabeled
11181,9.99894182314165e-05,0,0,unlabeled
11182,2.954588518289114e-10,0,0,unlabeled
11183,7.808999974434627e-11,0,0,unlabeled
11184,6.466071678090657e-09,0,0,unlabeled
11185,1.5491294092775595e-14,0,0,unlabeled
11186,4.743186722430898e-15,0,0,unlabeled
11187,2.0519012196018593e-06,0,0,unlabeled
11188,1.4762873215556915e-11,0,0,unlabeled
11189,4.5424454128695224e-12,0,0,unlabeled
11190,2.7208388928556815e-06,0,0,unlabeled
11191,2.6436497088666577e-11,0,0,unlabeled
11192,6.98011396946252e-12,0,0,train
11193,4.066354197806987e-10,0,0,val
11194,1.7551550753348833e-15,0,0,unlabeled
11195,5.155851962849892e-16,0,0,unlabeled
11196,1.6792749590877065e-07,0,0,unlabeled
11197,6.98110894179621e-13,0,0,unlabeled
11198,1.9004249400284695e-13,0,0,unlabeled
11199,1.402123643856612e-07,0,0,unlabeled
11200,5.083017340368201e-13,0,0,unlabeled
11201,1.2554527187812192e-13,0,0,unlabeled
11202,6.508850316361281e-12,0,0,unlabeled
11203,2.5591356804557423e-17,0,0,unlabeled
11204,7.088809636584501e-18,0,0,unlabeled
11205,5.5466255588498825e-08,0,0,unlabeled
11206,1.7979138956705082e-13,0,0,unlabeled
11207,4.8459469808226005e-14,0,0,unlabeled
11208,1.0025897978493958e-07,0,0,unlabeled
11209,3.863940146574957e-13,0,0,unlabeled
11210,9.367140852041544e-14,0,0,unlabeled
11211,3.3587100115028967e-12,0,0,unlabeled
11212,9.782845901802332e-18,0,0,unlabeled
11213,2.6123279846953016e-18,0,0,unlabeled
11214,7.977591032215514e-09,0,0,unlabeled
11215,2.4051624204096157e-14,0,0,val
11216,6.994376679534753e-15,0,0,unlabeled
11217,1.8314533889451923e-08,0,0,unlabeled
11218,6.18583689045854e-14,0,0,unlabeled
11219,1.5980542017175574e-14,0,0,unlabeled
11220,4.659788722417846e-13,0,0,unlabeled
11221,1.4641481481173427e-18,0,0,unlabeled
11222,4.0392343419851874e-19,0,0,unlabeled
11223,2.6928748120269574e-09,0,0,unlabeled
11224,7.9104440825397e-15,0,0,unlabeled
11225,1.9931195586244408e-15,0,0,unlabeled
11226,3.256826985875705e-08,0,0,unlabeled
11227,6.26596824014787e-14,0,0,unlabeled
11228,1.4423288884307488e-14,0,0,train
11229,3.6295104291830804e-13,0,0,unlabeled
11230,6.593896619348485e-19,0,0,unlabeled
11231,1.678013162252302e-19,0,0,unlabeled
11232,1.2794490089618193e-07,0,0,unlabeled
11233,2.3132138565751248e-12,0,0,unlabeled
11234,7.175877730566937e-13,0,0,unlabeled
11235,1.3445824720292876e-07,0,0,unlabeled
11236,3.7920916406974925e-12,0,0,unlabeled
11237,1.1009902841849217e-12,0,0,unlabeled
11238,2.0271381795389232e-11,0,0,unlabeled
11239,5.453939268252033e-16,0,0,unlabeled
11240,1.7496459465761617e-16,0,0,unlabeled
11241,2.8211198710437202e-08,0,0,unlabeled
11242,6.308301862649468e-13,0,0,unlabeled
11243,1.9292626849375105e-13,0,0,unlabeled
11244,1.1407318822875823e-07,0,0,unlabeled
11245,2.530224510813306e-12,0,0,unlabeled
11246,6.883857633227519e-13,0,0,unlabeled
11247,1.8251875705255216e-11,0,0,unlabeled
11248,2.6591733817255784e-16,0,0,unlabeled
11249,7.871845108770677e-17,0,0,unlabeled
11250,4.051391666592963e-09,0,0,unlabeled
11251,5.279494357424315e-14,0,0,unlabeled
11252,1.5733206702511424e-14,0,0,unlabeled
11253,8.240974125328648e-09,0,0,train
11254,1.0592377398376679e-13,0,0,train
11255,2.961302061313571e-14,0,0,val
11256,5.548887087661325e-13,0,0,unlabeled
11257,7.671061242579965e-18,0,0,unlabeled
11258,2.2529124250718764e-18,0,0,unlabeled
11259,8.731973366593593e-09,0,0,unlabeled
11260,8.031234368949952e-14,0,0,unlabeled
11261,2.3889727408755654e-14,0,0,train
11262,4.096719408153149e-08,0,0,unlabeled
11263,3.308541591737213e-13,0,0,unlabeled
11264,8.673655326960072e-14,0,0,train
11265,2.264352767789024e-12,0,0,unlabeled
11266,3.2122394418194355e-17,0,0,unlabeled
11267,8.242980535544029e-18,0,0,unlabeled
11268,1.2515335989782272e-10,0,0,unlabeled
11269,2.1553227681336135e-15,0,0,unlabeled
11270,7.20132800437266e-16,0,0,unlabeled
11271,7.229397636088208e-10,0,0,unlabeled
11272,8.98650965653388e-15,0,0,unlabeled
11273,2.649242290995936e-15,0,0,unlabeled
11274,4.5025893007522716e-14,0,0,unlabeled
11275,1.4017068686151289e-18,0,0,unlabeled
11276,4.138383053639149e-19,0,0,unlabeled
11277,5.026461469270771e-10,0,0,unlabeled
11278,3.4129373606357804e-15,0,0,unlabeled
11279,9.910376538917144e-16,0,0,unlabeled
11280,1.0499374702988007e-08,0,0,unlabeled
11281,7.726936766209308e-14,0,0,unlabeled
11282,1.789889376578764e-14,0,0,unlabeled
11283,3.33704396580925e-12,0,0,unlabeled
11284,3.3634179070608014e-18,0,0,unlabeled
11285,7.782264095409144e-19,0,0,unlabeled
11286,4.770476991211581e-08,0,0,train
11287,6.020835956535575e-13,0,0,unlabeled
11288,1.9869953664201911e-13,0,0,unlabeled
11289,3.1013616563768664e-08,0,0,unlabeled
11290,5.914403081869191e-13,0,0,unlabeled
11291,1.8140484503003512e-13,0,0,unlabeled
11292,4.919739528957967e-12,0,0,val
11293,7.73385483898458e-17,0,0,unlabeled
11294,2.684438323134255e-17,0,0,val
11295,1.199201093982083e-08,0,0,unlabeled
11296,1.8145467767238799e-13,0,0,unlabeled
11297,5.354130496165038e-14,0,0,unlabeled
11298,3.504343482063632e-08,0,0,unlabeled
11299,4.829064123405835e-13,0,0,unlabeled
11300,1.2666612008403744e-13,0,0,unlabeled
11301,4.984239583560868e-12,0,0,unlabeled
11302,1.1341468084758642e-16,0,0,unlabeled
11303,3.0634567811452376e-17,0,0,unlabeled
11304,7.648461863851708e-10,0,0,unlabeled
11305,7.454797108124352e-15,0,0,unlabeled
11306,2.4139297619851134e-15,0,0,unlabeled
11307,8.189637856759191e-10,0,0,unlabeled
11308,9.003219922517312e-15,0,0,train
11309,2.6795302833656186e-15,0,0,unlabeled
11310,8.332705592152198e-14,0,0,unlabeled
11311,2.186239599748571e-18,0,0,unlabeled
11312,6.385614092071281e-19,0,0,unlabeled
11313,2.163567103252717e-09,0,0,unlabeled
11314,1.15243016816707e-14,0,0,unlabeled
11315,3.264458837729206e-15,0,0,unlabeled
11316,9.606563544650726e-09,0,0,unlabeled
11317,9.030208086282729e-14,0,0,unlabeled
11318,2.0623046591847563e-14,0,0,val
11319,5.79063706707128e-12,0,0,unlabeled
11320,5.469851741695716e-18,0,0,unlabeled
11321,1.2960110741115984e-18,0,0,unlabeled
11322,1.2860403714176627e-11,0,0,val
11323,1.8031760465624694e-16,0,0,unlabeled
11324,6.232299019307691e-17,0,0,unlabeled
11325,6.236562655193012e-11,0,0,unlabeled
11326,1.4901433477318383e-15,0,0,unlabeled
11327,4.1241896558957955e-16,0,0,val
11328,7.277902916826354e-14,0,0,unlabeled
11329,2.107262773006269e-19,0,0,unlabeled
11330,6.242567939284896e-20,0,0,unlabeled
11331,5.896802490745756e-11,0,0,unlabeled
11332,8.0700910524931775e-16,0,0,unlabeled
11333,2.1917951598094364e-16,0,0,unlabeled
11334,2.932828913060348e-08,0,0,unlabeled
11335,3.862111097509974e-14,0,0,train
11336,9.012566931090264e-15,0,0,unlabeled
11337,5.458162676170997e-13,0,0,unlabeled
11338,4.590831203166107e-19,0,0,unlabeled
11339,1.0954669507117988e-19,0,0,unlabeled
11340,4.270577669274189e-09,0,0,unlabeled
11341,3.5342436171658526e-14,0,0,unlabeled
11342,1.0761229181247087e-14,0,0,unlabeled
11343,5.5837108270395674e-09,0,0,unlabeled
11344,5.2956100062787753e-14,0,0,unlabeled
11345,1.4806557740412903e-14,0,0,val
11346,7.500816374267361e-13,0,0,unlabeled
11347,1.4042658138786076e-17,0,0,unlabeled
11348,3.924277174849572e-18,0,0,unlabeled
11349,9.841027992507634e-11,0,0,unlabeled
11350,1.632605289734947e-15,0,0,unlabeled
11351,4.693758432431229e-16,0,0,unlabeled
11352,4.0659972611045703e-10,0,0,unlabeled
11353,1.2788908319394214e-14,0,0,unlabeled
11354,3.1067207624014843e-15,0,0,unlabeled
11355,1.0995087219162203e-12,0,0,val
11356,3.1327190953761402e-18,0,0,unlabeled
11357,7.997080832537634e-19,0,0,unlabeled
11358,2.7798796251032876e-11,0,0,train
11359,2.0915211495822062e-16,0,0,train
11360,6.025982969180225e-17,0,0,unlabeled
11361,7.355085290816632e-11,0,0,train
11362,1.1348831183350446e-15,0,0,unlabeled
11363,2.7815961123834265e-16,0,0,train
11364,1.0441015321207767e-13,0,0,val
11365,1.8553022659529096e-19,0,0,unlabeled
11366,4.805864752087965e-20,0,0,unlabeled
11367,9.912721685156889e-12,0,0,unlabeled
11368,1.519144723524421e-16,0,0,unlabeled
11369,3.952840383145518e-17,0,0,unlabeled
11370,2.32783681219928e-09,0,0,unlabeled
11371,5.0753011412692575e-15,0,0,unlabeled
11372,1.130911592603606e-15,0,0,unlabeled
11373,1.0243754900319396e-13,0,0,unlabeled
11374,1.15379093871503e-19,0,0,unlabeled
11375,2.8243490710732125e-20,0,0,unlabeled
11376,1.2447523480701994e-12,0,0,unlabeled
11377,2.6886605838529707e-17,0,0,unlabeled
11378,7.77790485358099e-18,0,0,unlabeled
11379,3.8136016566880926e-10,0,0,train
11380,9.724997025663436e-16,0,0,train
11381,2.573949955830975e-16,0,0,unlabeled
11382,1.5021868433407262e-14,0,0,unlabeled
11383,2.5148660687937462e-20,0,0,unlabeled
11384,6.6442632429500556e-21,0,0,train
11385,5.159396868070765e-11,0,0,unlabeled
11386,2.523346884073023e-16,0,0,train
11387,6.950033048908112e-17,0,0,train
11388,1.6869429186883167e-09,0,0,unlabeled
11389,2.213980858522158e-15,0,0,unlabeled
11390,5.06659321905501e-16,0,0,train
11391,2.187207629367107e-14,0,0,unlabeled
11392,1.9513830422630944e-20,0,0,unlabeled
11393,4.746086493326161e-21,0,0,unlabeled
11394,2.5578479334598114e-09,0,0,val
11395,1.4467703903929714e-14,0,0,unlabeled
11396,4.158330377626064e-15,0,0,unlabeled
11397,3.6364198319205343e-09,0,0,train
11398,5.1510309689514755e-14,0,0,unlabeled
11399,1.2143149882165322e-14,0,0,val
11400,5.208704561415756e-12,0,0,unlabeled
11401,8.268616517088272e-18,0,0,unlabeled
11402,2.1718096407577365e-18,0,0,unlabeled
11403,1.372083835438076e-10,0,0,unlabeled
11404,2.956052235809784e-15,0,0,unlabeled
11405,7.581033286989858e-16,0,0,unlabeled
11406,1.467015486866785e-08,0,0,unlabeled
11407,6.151574746555283e-14,0,0,unlabeled
11408,1.3905176618163925e-14,0,0,unlabeled
11409,1.5353879192353537e-12,0,0,train
11410,3.05795603007176e-18,0,0,unlabeled
11411,7.732106964991225e-19,0,0,unlabeled
11412,1.8416967603740453e-11,0,0,unlabeled
11413,2.342723196120352e-16,0,0,unlabeled
11414,5.995258172507555e-17,0,0,unlabeled
11415,1.5231685912553417e-09,0,0,unlabeled
11416,3.215123403716379e-15,0,0,train
11417,7.520344435110271e-16,0,0,unlabeled
11418,7.107208837295667e-14,0,0,unlabeled
11419,1.1672667448692845e-19,0,0,unlabeled
11420,2.941286883411495e-20,0,0,unlabeled
11421,1.2362457724179876e-09,0,0,train
11422,2.883766444091102e-15,0,0,unlabeled
11423,7.487111626820341e-16,0,0,unlabeled
11424,8.213654645317092e-09,0,0,unlabeled
11425,1.2142083467684729e-14,0,0,unlabeled
11426,2.6176687143705584e-15,0,0,unlabeled
11427,1.4234475414782316e-13,0,0,unlabeled
11428,1.1734589672360682e-19,0,0,unlabeled
11429,2.870730962100136e-20,0,0,unlabeled
11430,2.4158292033504836e-10,0,0,unlabeled
11431,1.560299169225531e-15,0,0,unlabeled
11432,4.826432908728814e-16,0,0,unlabeled
11433,1.514547154357615e-09,0,0,unlabeled
11434,5.6349951018264816e-15,0,0,unlabeled
11435,1.5475960043573214e-15,0,0,train
11436,5.802926498696404e-14,0,0,unlabeled
11437,1.2405265128079262e-19,0,0,unlabeled
11438,3.397030442950682e-20,0,0,unlabeled
11439,2.271375587614699e-10,0,0,unlabeled
11440,6.067157770141848e-16,0,0,val
11441,1.6135718241354325e-16,0,0,unlabeled
11442,6.257946161269956e-09,0,0,unlabeled
11443,5.3127863097897875e-15,0,0,unlabeled
11444,1.178876950824249e-15,0,0,train
11445,4.459461432396693e-14,0,0,train
11446,3.51733384640629e-20,0,0,unlabeled
11447,8.695389646023483e-21,0,0,unlabeled
11448,9.186867799826359e-08,0,0,unlabeled
11449,1.17543225586908e-12,0,0,train
11450,3.7102070547800903e-13,0,0,unlabeled
11451,8.947169760631368e-08,0,0,unlabeled
11452,1.5713908039366453e-12,0,0,unlabeled
11453,4.627407940334394e-13,0,0,unlabeled
11454,1.1102401116513949e-11,0,0,unlabeled
11455,1.7393907598650763e-16,0,0,unlabeled
11456,5.393522988927895e-17,0,0,unlabeled
11457,2.5669937286920685e-08,0,0,unlabeled
11458,4.193747400130926e-13,0,0,unlabeled
11459,1.2722616471623482e-13,0,0,unlabeled
11460,1.0776795988931553e-07,0,0,unlabeled
11461,1.5131127687612045e-12,0,0,unlabeled
11462,4.109379123876794e-13,0,0,unlabeled
11463,1.4182078254820762e-11,0,0,val
11464,2.9554755651913813e-16,0,0,unlabeled
11465,7.983251778902789e-17,0,0,train
11466,1.3852904379163533e-09,0,0,unlabeled
11467,1.5010440264882907e-14,0,0,train
11468,4.344249450867173e-15,0,0,unlabeled
11469,2.220674089059571e-09,0,0,unlabeled
11470,2.5266775976161282e-14,0,0,unlabeled
11471,6.4696541682708174e-15,0,0,unlabeled
11472,1.9258508362259702e-13,0,0,unlabeled
11473,5.202195120627645e-18,0,0,val
11474,1.308499846999924e-18,0,0,unlabeled
11475,4.349876014941856e-09,0,0,unlabeled
11476,2.58330734055753e-14,0,0,unlabeled
11477,7.159205479422177e-15,0,0,unlabeled
11478,3.0098558312374735e-08,0,0,unlabeled
11479,2.5549853031880954e-13,0,0,train
11480,5.6797458853089997e-14,0,0,unlabeled
11481,1.4592549391068133e-11,0,0,unlabeled
11482,1.3519743506851491e-17,0,0,unlabeled
11483,3.0505810945253903e-18,0,0,unlabeled
11484,1.5551119419976445e-11,0,0,train
11485,2.8071794190662625e-16,0,0,val
11486,8.850924536801512e-17,0,0,val
11487,1.1357306067827366e-10,0,0,unlabeled
11488,2.9292241612713984e-15,0,0,unlabeled
11489,7.579384749116264e-16,0,0,train
11490,1.1738521396228996e-13,0,0,unlabeled
11491,4.07989957487406e-19,0,0,val
11492,1.0693355396794244e-19,0,0,unlabeled
11493,7.648399275028694e-11,0,0,train
11494,1.3076235235871792e-15,0,0,unlabeled
11495,3.3119964972510446e-16,0,0,unlabeled
11496,4.808121190080783e-08,0,0,unlabeled
11497,7.740079329418906e-14,0,0,unlabeled
11498,1.6825042335917584e-14,0,0,train
11499,9.50297674752465e-13,0,0,unlabeled
11500,9.533501611930113e-19,0,0,unlabeled
11501,2.1279585734384043e-19,0,0,unlabeled
11502,3.368230494515956e-08,0,0,unlabeled
11503,3.2177158073437573e-13,0,0,train
11504,1.1270280227734103e-13,0,0,unlabeled
11505,2.493317197149736e-08,0,0,unlabeled
11506,2.7932598725341484e-13,0,0,train
11507,8.917328409973474e-14,0,0,unlabeled
11508,3.5459558466593988e-12,0,0,unlabeled
11509,7.121283258508231e-17,0,0,unlabeled
11510,2.2316748937168224e-17,0,0,train
11511,1.3278961041862658e-08,0,0,unlabeled
11512,1.0546514968854184e-13,0,0,unlabeled
11513,3.18362517067166e-14,0,0,unlabeled
11514,4.243637619083529e-08,0,0,unlabeled
11515,6.166673074958773e-13,0,0,unlabeled
11516,1.4868146861260478e-13,0,0,unlabeled
11517,4.7680775994152214e-11,0,0,unlabeled
11518,6.66936603485744e-17,0,0,unlabeled
11519,1.6926406623131718e-17,0,0,train
11520,2.798944132020864e-10,0,0,unlabeled
11521,2.415956500069656e-15,0,0,unlabeled
11522,7.600753272793122e-16,0,0,unlabeled
11523,4.207687531732063e-10,0,0,unlabeled
11524,6.669448911737373e-15,0,0,unlabeled
11525,1.6930751835976684e-15,0,0,unlabeled
11526,4.784352167913619e-13,0,0,train
11527,1.1145282681029235e-18,0,0,unlabeled
11528,2.9572304019775426e-19,0,0,train
11529,1.2766980805878347e-09,0,0,unlabeled
11530,9.436913497005723e-15,0,0,unlabeled
11531,2.342295550361107e-15,0,0,train
11532,1.6923422663239762e-07,0,0,unlabeled
11533,1.8513592351873664e-13,0,0,unlabeled
11534,3.831237424208912e-14,0,0,unlabeled
11535,4.405780427985118e-12,0,0,unlabeled
11536,2.206650281363317e-18,0,0,unlabeled
11537,5.056024654968859e-19,0,0,unlabeled
11538,2.6729545226505946e-12,0,0,unlabeled
11539,8.737369844054722e-17,0,0,train
11540,2.700059298130074e-17,0,0,train
11541,3.9579314825566314e-10,0,0,unlabeled
11542,2.105668002699672e-15,0,0,unlabeled
11543,5.609834094007411e-16,0,0,unlabeled
11544,2.658268739949999e-14,0,0,unlabeled
11545,7.404330184918553e-20,0,0,unlabeled
11546,2.1078164670287967e-20,0,0,unlabeled
11547,8.085677127844804e-10,0,0,unlabeled
11548,3.2430729498769293e-15,0,0,unlabeled
11549,8.832310590738905e-16,0,0,unlabeled
11550,2.1789116289028243e-08,0,0,val
11551,2.6513920182644202e-14,0,0,unlabeled
11552,5.720110054564277e-15,0,0,train
11553,2.158883830169142e-13,0,0,unlabeled
11554,1.671777254409418e-19,0,0,unlabeled
11555,3.9383400207447975e-20,0,0,unlabeled
11556,3.17130610660854e-09,0,0,train
11557,1.5549849480419285e-14,0,0,unlabeled
11558,4.642510927419094e-15,0,0,unlabeled
11559,6.164299737321244e-09,0,0,unlabeled
11560,5.657311709481201e-14,0,0,unlabeled
11561,1.4656627826551208e-14,0,0,unlabeled
11562,6.646448582475761e-12,0,0,unlabeled
11563,7.035227358045154e-18,0,0,unlabeled
11564,1.8848867424523867e-18,0,0,unlabeled
11565,1.0956725110533583e-10,0,0,unlabeled
11566,2.077535073906041e-15,0,0,unlabeled
11567,5.638239343893584e-16,0,0,unlabeled
11568,1.0116040449759112e-08,0,0,unlabeled
11569,4.462984750644092e-14,0,0,unlabeled
11570,1.0334968320870833e-14,0,0,train
11571,1.231379690054546e-12,0,0,unlabeled
11572,1.9281580078611075e-18,0,0,unlabeled
11573,4.892566011110138e-19,0,0,unlabeled
11574,1.731025218998372e-11,0,0,train
11575,2.137504980101866e-16,0,0,unlabeled
11576,5.538957222482478e-17,0,0,unlabeled
11577,1.2212536537603569e-09,0,0,train
11578,2.663052739684444e-15,0,0,unlabeled
11579,6.37369899375318e-16,0,0,unlabeled
11580,6.739734773964293e-14,0,0,unlabeled
11581,8.997669391507776e-20,0,0,unlabeled
11582,2.3076830131846416e-20,0,0,unlabeled
11583,5.104681677359224e-10,0,0,train
11584,1.5483989915913185e-15,0,0,train
11585,3.957942499338194e-16,0,0,unlabeled
11586,5.491118226785829e-09,0,0,unlabeled
11587,6.147771060402343e-15,0,0,unlabeled
11588,1.3367907854885258e-15,0,0,unlabeled
11589,8.150259438698126e-14,0,0,unlabeled
11590,6.009925976943772e-20,0,0,unlabeled
11591,1.4819029531179855e-20,0,0,unlabeled
11592,9.945984313919354e-11,0,0,unlabeled
11593,7.083085910705104e-16,0,0,train
11594,2.1155942229898674e-16,0,0,unlabeled
11595,6.383377715302174e-10,0,0,unlabeled
11596,2.793113166427684e-15,0,0,train
11597,7.370331723777982e-16,0,0,unlabeled
11598,2.6068977163583307e-14,0,0,train
11599,6.037478199925177e-20,0,0,unlabeled
11600,1.656616423186256e-20,0,0,unlabeled
11601,4.224177604927881e-11,0,0,unlabeled
11602,2.0108669370424477e-16,0,0,unlabeled
11603,5.461410694416857e-17,0,0,unlabeled
11604,1.1379124309485178e-09,0,0,val
11605,1.6689067925136614e-15,0,0,train
11606,3.861834435373577e-16,0,0,unlabeled
11607,1.1911504158783164e-14,0,0,unlabeled
11608,1.465957431223892e-20,0,0,unlabeled
11609,3.621377738608332e-21,0,0,unlabeled
11610,3.2180966780259723e-09,0,0,unlabeled
11611,2.0222423724718802e-14,0,0,train
11612,5.390421961603328e-15,0,0,unlabeled
11613,1.1922273301934183e-07,0,0,unlabeled
11614,1.608768050416834e-13,0,0,unlabeled
11615,4.010142979943461e-14,0,0,unlabeled
11616,5.194992439699897e-12,0,0,unlabeled
11617,5.089213002300864e-18,0,0,unlabeled
11618,1.3616316222981598e-18,0,0,train
11619,1.0245910786466084e-08,0,0,unlabeled
11620,3.46896075504189e-14,0,0,unlabeled
11621,9.498129415136738e-15,0,0,unlabeled
11622,4.333481129492611e-08,0,0,unlabeled
11623,1.1714052308448714e-13,0,0,unlabeled
11624,2.6832802676297028e-14,0,0,unlabeled
11625,2.082783381526787e-12,0,0,train
11626,2.2974612709366854e-18,0,0,unlabeled
11627,6.008737163307168e-19,0,0,unlabeled
11628,7.363079923550231e-09,0,0,unlabeled
11629,4.30488198528093e-14,0,0,unlabeled
11630,1.2102453337181542e-14,0,0,unlabeled
11631,1.0965120367245618e-08,0,0,unlabeled
11632,4.918965286634068e-14,0,0,unlabeled
11633,1.2417371716641219e-14,0,0,unlabeled
11634,6.390945715348262e-13,0,0,unlabeled
11635,2.2496059773683488e-18,0,0,unlabeled
11636,6.198056575041594e-19,0,0,unlabeled
11637,7.82343967387078e-09,0,0,val
11638,1.8216825888473648e-14,0,0,unlabeled
11639,4.9473784139266504e-15,0,0,unlabeled
11640,4.1519886195828803e-08,0,0,unlabeled
11641,6.527691256454082e-14,0,0,unlabeled
11642,1.4434408732839042e-14,0,0,unlabeled
11643,6.853412152021954e-13,0,0,train
11644,7.139608865952914e-19,0,0,unlabeled
11645,1.8336312971267567e-19,0,0,unlabeled
11646,1.8165650927937094e-10,0,0,unlabeled
11647,1.1399814096445682e-15,0,0,val
11648,3.353914569623884e-16,0,0,unlabeled
11649,9.772069820002116e-10,0,0,train
11650,4.178078950791298e-15,0,0,unlabeled
11651,1.1133698579033247e-15,0,0,unlabeled
11652,3.3627001329956593e-14,0,0,unlabeled
11653,9.318091372712116e-20,0,0,unlabeled
11654,2.6144684696266475e-20,0,0,unlabeled
11655,1.3805312448766927e-10,0,0,unlabeled
11656,4.267134406678839e-16,0,0,unlabeled
11657,1.1382817850963433e-16,0,0,unlabeled
11658,3.127939018909842e-09,0,0,unlabeled
11659,3.88518300444376e-15,0,0,unlabeled
11660,8.839793068036712e-16,0,0,unlabeled
11661,2.354691115214521e-14,0,0,unlabeled
11662,3.164931317886545e-20,0,0,unlabeled
11663,8.021882066059189e-21,0,0,unlabeled
11664,2.6258890173380678e-08,0,0,unlabeled
11665,1.9708143266222028e-13,0,0,unlabeled
11666,6.628527479506097e-14,0,0,unlabeled
11667,1.4164501571656274e-08,0,0,unlabeled
11668,1.4227146208096314e-13,0,0,unlabeled
11669,4.5646402239626904e-14,0,0,unlabeled
11670,1.7994071944277268e-12,0,0,unlabeled
11671,3.8255141258164554e-17,0,0,unlabeled
11672,1.1796268860024793e-17,0,0,train
11673,1.0108962555932521e-08,0,0,train
11674,6.83488435662162e-14,0,0,unlabeled
11675,2.1185925396286463e-14,0,0,unlabeled
11676,2.1558856033720986e-08,0,0,unlabeled
11677,2.906503705248087e-13,0,0,val
11678,7.448987309139135e-14,0,0,unlabeled
11679,2.6706524144937127e-11,0,0,unlabeled
11680,3.7839754315597575e-17,0,0,unlabeled
11681,9.92535009619113e-18,0,0,unlabeled
11682,1.8490506348278757e-10,0,0,unlabeled
11683,1.2582633138606453e-15,0,0,unlabeled
11684,3.744546577260662e-16,0,0,train
11685,2.29556526565311e-10,0,0,train
11686,3.1721434696650383e-15,0,0,val
11687,8.232996134678269e-16,0,0,unlabeled
11688,2.6913597761003827e-13,0,0,unlabeled
11689,4.977903649967819e-19,0,0,unlabeled
11690,1.312032916341897e-19,0,0,unlabeled
11691,9.373164466808248e-10,0,0,unlabeled
11692,5.464083758344824e-15,0,0,unlabeled
11693,1.3785149931955622e-15,0,0,unlabeled
11694,7.615919628278789e-08,0,0,unlabeled
11695,7.766684295478984e-14,0,0,unlabeled
11696,1.7687767415552717e-14,0,0,train
11697,2.078616142056622e-12,0,0,unlabeled
11698,1.2394535303064742e-18,0,0,unlabeled
11699,2.984804726190939e-19,0,0,unlabeled
11700,2.6213551728576645e-12,0,0,unlabeled
11701,6.282089998227463e-17,0,0,unlabeled
11702,1.9183206797082594e-17,0,0,unlabeled
11703,3.1349434159722023e-10,0,0,unlabeled
11704,1.1209512262977243e-15,0,0,unlabeled
11705,3.1345274776313037e-16,0,0,unlabeled
11706,1.6862533708228954e-14,0,0,val
11707,4.601787016508916e-20,0,0,unlabeled
11708,1.3172577412887771e-20,0,0,unlabeled
11709,9.664007372123251e-10,0,0,unlabeled
11710,2.6688699502079496e-15,0,0,unlabeled
11711,7.275466680663461e-16,0,0,train
11712,1.329198529020914e-08,0,0,train
11713,1.440376985707096e-14,0,0,unlabeled
11714,3.342204603825889e-15,0,0,unlabeled
11715,1.5178929348245301e-13,0,0,unlabeled
11716,1.0574742866832969e-19,0,0,unlabeled
11717,2.5917285960409685e-20,0,0,unlabeled
11718,8.073368640282297e-09,0,0,unlabeled
11719,4.001600483263812e-14,0,0,train
11720,1.3475509838306761e-14,0,0,val
11721,4.183816848524202e-09,0,0,train
11722,4.351342081251007e-14,0,0,unlabeled
11723,1.3060114716577885e-14,0,0,unlabeled
11724,5.9492640848424205e-12,0,0,unlabeled
11725,8.083392579964173e-18,0,0,unlabeled
11726,2.4031395912497757e-18,0,0,unlabeled
11727,3.6600156239074977e-09,0,0,unlabeled
11728,2.9844538434542836e-14,0,0,val
11729,8.70431131279369e-15,0,0,unlabeled
11730,1.1166623181679824e-07,0,0,val
11731,2.3651035557098465e-13,0,0,unlabeled
11732,6.001079353498001e-14,0,0,train
11733,8.127091014054066e-12,0,0,train
11734,8.279632081305641e-18,0,0,unlabeled
11735,2.2417678206789494e-18,0,0,unlabeled
11736,4.798083111379192e-11,0,0,unlabeled
11737,5.152136135189406e-16,0,0,unlabeled
11738,1.4309912253768079e-16,0,0,unlabeled
11739,1.3250365249461993e-09,0,0,unlabeled
11740,2.507802400122808e-15,0,0,unlabeled
11741,6.520342631537765e-16,0,0,unlabeled
11742,7.126729219784911e-14,0,0,train
11743,1.1278589557584633e-19,0,0,train
11744,3.115744767595184e-20,0,0,unlabeled
11745,1.3249081831645526e-08,0,0,unlabeled
11746,1.6711089299457568e-14,0,0,unlabeled
11747,4.353473216146299e-15,0,0,unlabeled
11748,4.107767281880115e-08,0,0,unlabeled
11749,2.815719289943775e-14,0,0,unlabeled
11750,6.482475705993406e-15,0,0,unlabeled
11751,4.778251362289043e-13,0,0,unlabeled
11752,2.4645042434859635e-19,0,0,unlabeled
11753,6.136836808659573e-20,0,0,unlabeled
11754,1.1691436707650382e-10,0,0,unlabeled
11755,9.061029074134471e-16,0,0,train
11756,3.0057075306393175e-16,0,0,unlabeled
11757,2.0620727347875345e-10,0,0,train
11758,1.1429989645191617e-15,0,0,unlabeled
11759,3.5477141197688916e-16,0,0,unlabeled
11760,1.3647206804846997e-14,0,0,unlabeled
11761,4.739594014090543e-20,0,0,unlabeled
11762,1.535466613631202e-20,0,0,unlabeled
11763,5.165641803195342e-10,0,0,train
11764,1.121888150616506e-15,0,0,unlabeled
11765,3.1242730850136063e-16,0,0,unlabeled
11766,4.3293901796914724e-09,0,0,train
11767,4.367345498239956e-15,0,0,unlabeled
11768,1.0427550504313386e-15,0,0,unlabeled
11769,3.8223178284611456e-14,0,0,unlabeled
11770,3.6371483731951815e-20,0,0,unlabeled
11771,9.73161592459228e-21,0,0,unlabeled
11772,2.883863370328754e-09,0,0,unlabeled
11773,1.3124340142770495e-14,0,0,unlabeled
11774,3.574968198940187e-15,0,0,unlabeled
11775,9.450707239011535e-08,0,0,unlabeled
11776,7.178625912023645e-14,0,0,unlabeled
11777,1.8551193838468177e-14,0,0,unlabeled
11778,3.30831000615317e-12,0,0,train
11779,2.1435287492048548e-18,0,0,val
11780,5.729095315548663e-19,0,0,unlabeled
11781,6.4405800692668436e-09,0,0,unlabeled
11782,1.574233263548514e-14,0,0,unlabeled
11783,4.323039322351452e-15,0,0,unlabeled
11784,1.629472201614135e-08,0,0,unlabeled
11785,3.066518799955606e-14,0,0,unlabeled
11786,7.519630703973091e-15,0,0,unlabeled
11787,7.785509433325122e-13,0,0,unlabeled
11788,6.52941840758786e-19,0,0,unlabeled
11789,1.722550375889747e-19,0,0,unlabeled
11790,7.266076629264262e-09,0,0,unlabeled
11791,2.706234691093705e-14,0,0,unlabeled
11792,7.737463861084374e-15,0,0,unlabeled
11793,7.065084517421383e-09,0,0,unlabeled
11794,2.148780963275379e-14,0,0,unlabeled
11795,5.708927525594626e-15,0,0,unlabeled
11796,4.079095730896015e-13,0,0,unlabeled
11797,8.619276266530247e-19,0,0,unlabeled
11798,2.4314844859025537e-19,0,0,unlabeled
11799,2.589292558141665e-09,0,0,unlabeled
11800,5.548267398357114e-15,0,0,unlabeled
11801,1.4916619719271469e-15,0,0,unlabeled
11802,1.0378814252476332e-08,0,0,unlabeled
11803,1.141161157133504e-14,0,0,unlabeled
11804,2.802077527866713e-15,0,0,unlabeled
11805,1.452835518989809e-13,0,0,unlabeled
11806,1.7937057446512656e-19,0,0,unlabeled
11807,4.885756505211236e-20,0,0,train
11808,1.0499805191965805e-10,0,0,val
11809,4.403578179591706e-16,0,0,unlabeled
11810,1.381904871990033e-16,0,0,unlabeled
11811,3.577228235851493e-10,0,0,unlabeled
11812,9.728930434912248e-16,0,0,unlabeled
11813,2.9057507607206136e-16,0,0,unlabeled
11814,1.0752857954629373e-14,0,0,unlabeled
11815,2.497580902048229e-20,0,0,train
11816,7.592213436626176e-21,0,0,unlabeled
11817,4.975304890297849e-11,0,0,unlabeled
11818,1.3976183919527845e-16,0,0,unlabeled
11819,3.802105576225695e-17,0,0,unlabeled
11820,4.1067765854663207e-10,0,0,val
11821,6.485539635921861e-16,0,0,unlabeled
11822,1.6434771164316336e-16,0,0,unlabeled
11823,5.288219389704097e-15,0,0,unlabeled
11824,7.452215541332277e-21,0,0,unlabeled
11825,1.999746895196199e-21,0,0,train
11826,3.982979251304641e-06,0,0,unlabeled
11827,1.3951795448108317e-11,0,0,unlabeled
11828,4.5162606293613905e-12,0,0,train
11829,2.855528919099015e-06,0,0,unlabeled
11830,8.19425430287346e-12,0,0,train
11831,2.411664834847671e-12,0,0,unlabeled
11832,1.941643651415248e-10,0,0,unlabeled
11833,4.813415071120699e-16,0,0,unlabeled
11834,1.4720686175494972e-16,0,0,train
11835,1.9435617559793172e-07,0,0,unlabeled
11836,1.0081502689954225e-12,0,0,unlabeled
11837,3.0954207838433667e-13,0,0,unlabeled
11838,3.490136464279203e-07,0,0,train
11839,1.7837090311723092e-12,0,0,unlabeled
11840,4.933306367582713e-13,0,0,unlabeled
11841,3.134744547272916e-11,0,0,unlabeled
11842,7.940002806011576e-17,0,0,unlabeled
11843,2.366461327554378e-17,0,0,val
11844,9.584984361765692e-09,0,0,train
11845,3.6500021890562354e-14,0,0,unlabeled
11846,1.0129931290493721e-14,0,0,unlabeled
11847,6.631541982216049e-09,0,0,unlabeled
11848,2.2984083169683145e-14,0,0,unlabeled
11849,6.151617860532298e-15,0,0,unlabeled
11850,3.308794210843402e-13,0,0,unlabeled
11851,1.0690179281735982e-18,0,0,val
11852,3.043012908908413e-19,0,0,unlabeled
11853,8.43490788327017e-09,0,0,train
11854,1.2062998542498437e-14,0,0,unlabeled
11855,3.2461055395863365e-15,0,0,unlabeled
11856,2.0176868176235985e-08,0,0,unlabeled
11857,2.5325881935220687e-14,0,0,unlabeled
11858,6.2426078337922495e-15,0,0,unlabeled
11859,2.758859492853899e-13,0,0,unlabeled
11860,3.6571844324653205e-19,0,0,unlabeled
11861,1.00465499178615e-19,0,0,unlabeled
11862,1.487171635838891e-10,0,0,unlabeled
11863,5.446434026943768e-16,0,0,unlabeled
11864,1.7612442099042372e-16,0,0,unlabeled
11865,2.8054805700783447e-10,0,0,unlabeled
11866,1.1530849034594739e-15,0,0,unlabeled
11867,3.676675944779543e-16,0,0,train
11868,1.0579570260214194e-14,0,0,unlabeled
11869,3.659429904710975e-20,0,0,unlabeled
11870,1.1730198183413335e-20,0,0,unlabeled
11871,9.318809612857137e-11,0,0,unlabeled
11872,2.30248198428528e-16,0,0,train
11873,6.356431697727809e-17,0,0,train
11874,8.194262490768267e-10,0,0,unlabeled
11875,1.1943211143097734e-15,0,0,unlabeled
11876,3.01373263841896e-16,0,0,unlabeled
11877,9.291883668743894e-15,0,0,unlabeled
11878,1.499577153245344e-20,0,0,unlabeled
11879,4.141411003201362e-21,0,0,unlabeled
11880,2.4840327128572426e-08,0,0,unlabeled
11881,1.3792604753627702e-13,0,0,train
11882,4.183814888503515e-14,0,0,unlabeled
11883,1.738263577522048e-08,0,0,unlabeled
11884,2.5298518705266226e-13,0,0,unlabeled
11885,6.618850297490306e-14,0,0,unlabeled
11886,2.8083167735726278e-11,0,0,unlabeled
11887,4.007330740561326e-17,0,0,unlabeled
11888,1.0918717084070349e-17,0,0,unlabeled
11889,1.750262712540973e-09,0,0,unlabeled
11890,3.212017715063624e-14,0,0,unlabeled
11891,9.026639536475946e-15,0,0,unlabeled
11892,5.972766103923277e-08,0,0,val
11893,3.476413764063463e-13,0,0,train
11894,8.663669147325123e-14,0,0,unlabeled
11895,1.0126933146226147e-11,0,0,unlabeled
11896,2.0879965991665667e-17,0,0,unlabeled
11897,5.6263303253529845e-18,0,0,unlabeled
11898,8.339603313478605e-11,0,0,unlabeled
11899,1.2018806716057812e-15,0,0,unlabeled
11900,2.9977835374177535e-16,0,0,unlabeled
11901,2.789692921112419e-09,0,0,train
11902,9.183209341611168e-15,0,0,val
11903,2.1089638078974383e-15,0,0,val
11904,1.9561041425964626e-13,0,0,unlabeled
11905,4.381119721380718e-19,0,0,unlabeled
11906,1.0907632657066985e-19,0,0,unlabeled
11907,4.822814592131408e-09,0,0,unlabeled
11908,1.5877637678479543e-14,0,0,val
11909,4.161551643924472e-15,0,0,unlabeled
11910,1.5648828011194382e-08,0,0,unlabeled
11911,3.510661881101114e-14,0,0,train
11912,7.999233464202685e-15,0,0,unlabeled
11913,4.867152687826337e-13,0,0,unlabeled
11914,5.647895647705278e-19,0,0,unlabeled
11915,1.3665953005095432e-19,0,0,train
11916,5.583707940459703e-10,0,0,unlabeled
11917,4.2399902829720094e-15,0,0,unlabeled
11918,1.2820774334144631e-15,0,0,unlabeled
11919,1.5019843147001666e-09,0,0,unlabeled
11920,9.06590967797655e-15,0,0,unlabeled
11921,2.45103658133843e-15,0,0,unlabeled
11922,9.166255807765283e-14,0,0,unlabeled
11923,3.0016582726777657e-19,0,0,train
11924,8.367830808655173e-20,0,0,unlabeled
11925,6.792505446995278e-10,0,0,unlabeled
11926,2.8967321891729602e-15,0,0,unlabeled
11927,7.377363685426969e-16,0,0,val
11928,8.547367258415761e-09,0,0,unlabeled
11929,1.5635889393135483e-14,0,0,unlabeled
11930,3.429512524864126e-15,0,0,unlabeled
11931,1.347029990805479e-13,0,0,unlabeled
11932,1.5356197066680096e-19,0,0,unlabeled
11933,3.709068819399826e-20,0,0,unlabeled
11934,1.7223003467847775e-08,0,0,unlabeled
11935,9.339952449687397e-14,0,0,unlabeled
11936,2.7509604024009843e-14,0,0,unlabeled
11937,2.123737914416779e-07,0,0,unlabeled
11938,3.392244438907982e-13,0,0,unlabeled
11939,9.524274950526226e-14,0,0,unlabeled
11940,1.3522029849999395e-11,0,0,unlabeled
11941,1.3097438025641119e-17,0,0,unlabeled
11942,3.815892526367361e-18,0,0,unlabeled
11943,8.106515991812557e-08,0,0,train
11944,2.141625771038061e-13,0,0,unlabeled
11945,6.101759044861363e-14,0,0,unlabeled
11946,8.629127279391469e-08,0,0,unlabeled
11947,3.0947125287741906e-13,0,0,unlabeled
11948,7.46521578278217e-14,0,0,unlabeled
11949,6.722690980287549e-12,0,0,unlabeled
11950,8.577362507904302e-18,0,0,unlabeled
11951,2.2838996447938785e-18,0,0,val
11952,2.1746103584519005e-08,0,0,train
11953,1.2671347261392074e-13,0,0,unlabeled
11954,3.829520657831417e-14,0,0,unlabeled
11955,1.178782138566703e-08,0,0,val
11956,6.911455457427051e-14,0,0,unlabeled
11957,1.9671479614506715e-14,0,0,train
11958,1.027140503727375e-12,0,0,train
11959,4.339489168716996e-18,0,0,unlabeled
11960,1.2932897532938755e-18,0,0,train
11961,2.433330692497293e-08,0,0,unlabeled
11962,6.746628266902227e-14,0,0,unlabeled
11963,1.8045677799283233e-14,0,0,unlabeled
11964,3.8685588066300625e-08,0,0,unlabeled
11965,1.0614118362440444e-13,0,0,val
11966,2.4832480161247374e-14,0,0,unlabeled
11967,1.3546829673652394e-12,0,0,unlabeled
11968,2.0321714203962817e-18,0,0,unlabeled
11969,5.385724888459659e-19,0,0,unlabeled
11970,4.400972641871448e-10,0,0,unlabeled
11971,2.4789638928841146e-15,0,0,unlabeled
11972,7.715971988234572e-16,0,0,unlabeled
11973,6.81769807275856e-10,0,0,unlabeled
11974,4.096110725452552e-15,0,0,unlabeled
11975,1.1562474068471662e-15,0,0,unlabeled
11976,3.907860024617536e-14,0,0,unlabeled
11977,1.30858887231335e-19,0,0,unlabeled
11978,3.9805252626327216e-20,0,0,unlabeled
11979,4.5253531477662534e-10,0,0,unlabeled
11980,1.6899714431206918e-15,0,0,unlabeled
11981,4.559997106983198e-16,0,0,unlabeled
11982,3.1559010960080514e-09,0,0,unlabeled
11983,7.931353090842672e-15,0,0,unlabeled
11984,1.8834160864608e-15,0,0,unlabeled
11985,5.433738718306144e-14,0,0,unlabeled
11986,9.047748715249326e-20,0,0,val
11987,2.3065740741759377e-20,0,0,unlabeled
11988,1.5031727343739476e-05,0,0,unlabeled
11989,9.905224557238412e-11,0,0,unlabeled
11990,3.298438605581211e-11,0,0,unlabeled
11991,1.47013743116986e-05,0,0,train
11992,7.655200084943914e-11,0,0,unlabeled
11993,2.3686224856489524e-11,0,0,unlabeled
11994,1.6770265176546673e-09,0,0,unlabeled
11995,5.679516000567115e-15,0,0,unlabeled
11996,1.806447049576749e-15,0,0,unlabeled
11997,1.6260204915852228e-07,0,0,unlabeled
11998,2.5974901483177826e-12,0,0,unlabeled
11999,8.404313486462534e-13,0,0,train
12000,2.5471999265391787e-07,0,0,unlabeled
12001,4.446649645717393e-12,0,0,unlabeled
12002,1.2814853345144428e-12,0,0,unlabeled
12003,7.01465760477582e-11,0,0,unlabeled
12004,4.581635622411993e-16,0,0,unlabeled
12005,1.4205216334509487e-16,0,0,train
12006,4.006691511904137e-08,0,0,unlabeled
12007,2.7400222932585927e-13,0,0,unlabeled
12008,8.028049525068276e-14,0,0,unlabeled
12009,3.3232733898103106e-08,0,0,unlabeled
12010,2.202127640394541e-13,0,0,unlabeled
12011,6.128948124841868e-14,0,0,unlabeled
12012,2.983824992641715e-12,0,0,unlabeled
12013,1.3812717644927973e-17,0,0,train
12014,4.1087496183871664e-18,0,0,unlabeled
12015,4.490481764207743e-09,0,0,unlabeled
12016,3.2521616557526153e-14,0,0,unlabeled
12017,9.338504362160771e-15,0,0,unlabeled
12018,8.72291838760475e-09,0,0,unlabeled
12019,5.849153491199396e-14,0,0,train
12020,1.5784123547036774e-14,0,0,unlabeled
12021,5.68641542273568e-13,0,0,unlabeled
12022,2.848719660150706e-18,0,0,unlabeled
12023,8.293187710389007e-19,0,0,unlabeled
12024,9.942006107266366e-10,0,0,unlabeled
12025,6.1199032529212025e-15,0,0,unlabeled
12026,1.8470862080783527e-15,0,0,unlabeled
12027,2.385432074092364e-09,0,0,unlabeled
12028,1.4007771789834207e-14,0,0,unlabeled
12029,4.009399115609182e-15,0,0,unlabeled
12030,1.0772592128234504e-13,0,0,unlabeled
12031,5.254546451017937e-19,0,0,train
12032,1.5362055831862445e-19,0,0,unlabeled
12033,1.2161577300773274e-10,0,0,unlabeled
12034,1.1356583652400191e-15,0,0,unlabeled
12035,3.199095475711519e-16,0,0,unlabeled
12036,9.682937784916135e-10,0,0,unlabeled
12037,6.135027026194428e-15,0,0,unlabeled
12038,1.5606504761404047e-15,0,0,unlabeled
12039,3.462145866761461e-14,0,0,unlabeled
12040,1.4705116744191073e-19,0,0,unlabeled
12041,4.081719501468647e-20,0,0,unlabeled
12042,1.530599365651142e-05,0,0,unlabeled
12043,5.062327293470226e-11,0,0,train
12044,1.592102664982331e-11,0,0,unlabeled
12045,8.797810551186558e-06,0,0,unlabeled
12046,3.15379770909896e-11,0,0,unlabeled
12047,9.201949098536222e-12,0,0,unlabeled
12048,6.92131130186624e-10,0,0,unlabeled
12049,1.785673778303574e-15,0,0,train
12050,5.559832680339806e-16,0,0,unlabeled
12051,2.3468501808565634e-07,0,0,train
12052,1.7549268245195537e-12,0,0,unlabeled
12053,5.464235292539088e-13,0,0,unlabeled
12054,2.5589940833015135e-07,0,0,unlabeled
12055,3.110110910128916e-12,0,0,unlabeled
12056,8.67478398142163e-13,0,0,train
12057,4.159489419564011e-11,0,0,unlabeled
12058,2.173850766821854e-16,0,0,unlabeled
12059,6.656809433158885e-17,0,0,unlabeled
12060,1.8478502283869602e-08,0,0,unlabeled
12061,8.274486645995158e-14,0,0,unlabeled
12062,2.2714487829165152e-14,0,0,unlabeled
12063,1.0124032279179573e-08,0,0,train
12064,5.830462523372104e-14,0,0,unlabeled
12065,1.554706274202282e-14,0,0,train
12066,6.452850948891753e-13,0,0,unlabeled
12067,3.283237015539352e-18,0,0,unlabeled
12068,9.437685145675033e-19,0,0,unlabeled
12069,4.416210952484789e-09,0,0,train
12070,1.6313144750508025e-14,0,0,unlabeled
12071,4.544839134754727e-15,0,0,unlabeled
12072,4.853377699731709e-09,0,0,unlabeled
12073,2.953787862631889e-14,0,0,unlabeled
12074,7.771748366657439e-15,0,0,unlabeled
12075,2.8190687631490796e-13,0,0,unlabeled
12076,1.0206789407420712e-18,0,0,unlabeled
12077,2.891560016159075e-19,0,0,train
12078,4.856968160993347e-10,0,0,unlabeled
12079,1.9599448779705157e-15,0,0,unlabeled
12080,5.88920144187964e-16,0,0,train
12081,7.5248296482755e-10,0,0,unlabeled
12082,4.317831340275259e-15,0,0,unlabeled
12083,1.2556310530979341e-15,0,0,unlabeled
12084,3.5815016181722434e-14,0,0,unlabeled
12085,1.5340563353102844e-19,0,0,unlabeled
12086,4.449736679637464e-20,0,0,val
12087,9.621645841173532e-11,0,0,unlabeled
12088,5.418788459732164e-16,0,0,train
12089,1.459744023469151e-16,0,0,unlabeled
12090,7.858356743106754e-10,0,0,unlabeled
12091,3.219111870106763e-15,0,0,unlabeled
12092,7.879990389349711e-16,0,0,unlabeled
12093,1.9891747144308407e-14,0,0,unlabeled
12094,5.749453264399359e-20,0,0,unlabeled
12095,1.5725868282956593e-20,0,0,unlabeled
12096,1.2849197617015307e-07,0,0,unlabeled
12097,1.9101870692844747e-12,0,0,unlabeled
12098,5.798017231259389e-13,0,0,unlabeled
12099,1.6461164875636314e-07,0,0,unlabeled
12100,3.0354707462876274e-12,0,0,unlabeled
12101,8.37434234370743e-13,0,0,unlabeled
12102,2.043115156225017e-11,0,0,unlabeled
12103,3.2839917351302453e-16,0,0,unlabeled
12104,1.0077964919207163e-16,0,0,unlabeled
12105,3.032438655736769e-08,0,0,unlabeled
12106,4.674931232059865e-13,0,0,unlabeled
12107,1.359229704700829e-13,0,0,unlabeled
12108,1.4033609829766647e-07,0,0,unlabeled
12109,1.8669521224118357e-12,0,0,unlabeled
12110,4.743770480597487e-13,0,0,val
12111,1.4689674823764598e-11,0,0,unlabeled
12112,3.552088250848072e-16,0,0,unlabeled
12113,9.126589424251954e-17,0,0,unlabeled
12114,5.155830873349032e-09,0,0,unlabeled
12115,4.1262400261995666e-14,0,0,unlabeled
12116,1.1729339559080759e-14,0,0,unlabeled
12117,9.64425517224754e-09,0,0,train
12118,8.059578124244154e-14,0,0,val
12119,2.0966958909091754e-14,0,0,unlabeled
12120,5.43472656201055e-13,0,0,unlabeled
12121,1.2175042307138337e-17,0,0,unlabeled
12122,3.1541112267876804e-18,0,0,unlabeled
12123,1.0395396543572133e-08,0,0,unlabeled
12124,5.250011851035824e-14,0,0,unlabeled
12125,1.4765947592789742e-14,0,0,unlabeled
12126,5.524907109588639e-08,0,0,unlabeled
12127,4.843435765303217e-13,0,0,val
12128,1.0969338908343659e-13,0,0,unlabeled
12129,2.503797863484536e-11,0,0,unlabeled
12130,2.592187501627646e-17,0,0,val
12131,6.0478797634834836e-18,0,0,unlabeled
12132,1.5162603117513385e-10,0,0,unlabeled
12133,1.4509564272183022e-15,0,0,unlabeled
12134,4.638631940037143e-16,0,0,unlabeled
12135,1.0355456492305848e-09,0,0,unlabeled
12136,1.5630314222276655e-14,0,0,unlabeled
12137,4.074013753441056e-15,0,0,unlabeled
12138,6.193679466873214e-13,0,0,unlabeled
12139,1.322959687890387e-18,0,0,train
12140,3.6806135478340607e-19,0,0,unlabeled
12141,5.603338903981125e-10,0,0,unlabeled
12142,5.674166987505204e-15,0,0,train
12143,1.4580418578220844e-15,0,0,unlabeled
12144,3.412123419366253e-07,0,0,unlabeled
12145,3.03030902237475e-13,0,0,train
12146,6.646542853854659e-14,0,0,unlabeled
12147,3.849017892604278e-12,0,0,unlabeled
12148,3.0268873330594214e-18,0,0,unlabeled
12149,6.953792047124768e-19,0,0,unlabeled
12150,5.94224509598007e-08,0,0,unlabeled
12151,5.394490193086354e-13,0,0,unlabeled
12152,1.6943851920483977e-13,0,0,unlabeled
12153,4.574746981234057e-08,0,0,unlabeled
12154,4.985577922722584e-13,0,0,unlabeled
12155,1.4171490044824486e-13,0,0,train
12156,5.553347278558496e-12,0,0,train
12157,1.2421906254584785e-16,0,0,unlabeled
12158,3.888886086905368e-17,0,0,unlabeled
12159,1.831750573444424e-08,0,0,unlabeled
12160,1.4040945326993653e-13,0,0,train
12161,3.8818445934887466e-14,0,0,unlabeled
12162,5.092131871720085e-08,0,0,unlabeled
12163,8.467241664755765e-13,0,0,unlabeled
12164,1.8978674426288478e-13,0,0,unlabeled
12165,5.649987422362557e-11,0,0,unlabeled
12166,1.0403428064766768e-16,0,0,unlabeled
12167,2.5655279667934296e-17,0,0,unlabeled
12168,1.0136373962410516e-09,0,0,train
12169,5.123817494422089e-15,0,0,unlabeled
12170,1.5624315746702437e-15,0,0,unlabeled
12171,1.3282297484096262e-09,0,0,unlabeled
12172,1.5928078490488537e-14,0,0,unlabeled
12173,4.1068752436627335e-15,0,0,train
12174,1.1711802317890263e-12,0,0,unlabeled
12175,2.0507761599386713e-18,0,0,unlabeled
12176,5.521104886425267e-19,0,0,unlabeled
12177,3.040313334423672e-09,0,0,unlabeled
12178,2.0160573378910293e-14,0,0,unlabeled
12179,4.949738247717701e-15,0,0,unlabeled
12180,3.4035696216960787e-07,0,0,unlabeled
12181,4.044673667172316e-13,0,0,unlabeled
12182,8.542098912977039e-14,0,0,unlabeled
12183,8.103949802884536e-12,0,0,unlabeled
12184,5.069120371631645e-18,0,0,unlabeled
12185,1.1973118834217711e-18,0,0,unlabeled
12186,1.5653459431441696e-11,0,0,train
12187,3.2375708885493614e-16,0,0,unlabeled
12188,9.887676982373015e-17,0,0,unlabeled
12189,2.906753504561266e-09,0,0,unlabeled
12190,7.753655742904087e-15,0,0,unlabeled
12191,2.0078172743251974e-15,0,0,unlabeled
12192,9.886428291696128e-14,0,0,unlabeled
12193,2.190337297406794e-19,0,0,unlabeled
12194,6.404688230761901e-20,0,0,unlabeled
12195,4.087382432516051e-09,0,0,unlabeled
12196,1.0444195760518117e-14,0,0,train
12197,2.9384011279801883e-15,0,0,unlabeled
12198,1.138430150149361e-07,0,0,unlabeled
12199,9.298234382969228e-14,0,0,train
12200,2.1217589181920724e-14,0,0,unlabeled
12201,7.074847435326048e-13,0,0,train
12202,5.175687704308077e-19,0,0,train
12203,1.2593364706904114e-19,0,0,val
12204,6.273302322057361e-09,0,0,train
12205,2.9005542135892085e-14,0,0,unlabeled
12206,8.286848583640566e-15,0,0,unlabeled
12207,1.0867780453338582e-08,0,0,unlabeled
12208,1.0390336323534005e-13,0,0,unlabeled
12209,2.4986653710174812e-14,0,0,train
12210,1.1924252384110101e-11,0,0,unlabeled
12211,1.3708312562372755e-17,0,0,train
12212,3.5185314359122046e-18,0,0,val
12213,1.3665468756585142e-10,0,0,unlabeled
12214,3.019660810258556e-15,0,0,unlabeled
12215,7.492653869273344e-16,0,0,val
12216,1.4589509156337499e-08,0,0,unlabeled
12217,6.325093850371652e-14,0,0,unlabeled
12218,1.4365195976653e-14,0,0,unlabeled
12219,1.6060647820351215e-12,0,0,unlabeled
12220,3.3981222696604637e-18,0,0,val
12221,8.571601711925753e-19,0,0,unlabeled
12222,4.8815212289055054e-11,0,0,unlabeled
12223,4.264514163196067e-16,0,0,unlabeled
12224,1.072855107365849e-16,0,0,unlabeled
12225,4.1030201458625015e-09,0,0,unlabeled
12226,6.372779010093343e-15,0,0,unlabeled
12227,1.458670356268947e-15,0,0,unlabeled
12228,1.512655967280882e-13,0,0,unlabeled
12229,1.975546538919417e-19,0,0,unlabeled
12230,5.037328951408482e-20,0,0,unlabeled
12231,1.0923865145784362e-09,0,0,unlabeled
12232,2.69770401052367e-15,0,0,unlabeled
12233,7.001768100790731e-16,0,0,unlabeled
12234,9.396888600576858e-09,0,0,val
12235,1.246611338055802e-14,0,0,unlabeled
12236,2.6772519764957413e-15,0,0,unlabeled
12237,1.4978731417095853e-13,0,0,unlabeled
12238,1.34577270879914e-19,0,0,unlabeled
12239,3.3458702914165575e-20,0,0,unlabeled
12240,3.985430596653572e-10,0,0,unlabeled
12241,2.0695382358510133e-15,0,0,unlabeled
12242,6.384309140208724e-16,0,0,unlabeled
12243,2.987023961509294e-09,0,0,unlabeled
12244,8.926275449588732e-15,0,0,unlabeled
12245,2.407860135643326e-15,0,0,unlabeled
12246,8.746703448331283e-14,0,0,unlabeled
12247,1.6642244491819552e-19,0,0,unlabeled
12248,4.6622167607824625e-20,0,0,unlabeled
12249,1.6741494301975024e-10,0,0,unlabeled
12250,5.956121279877466e-16,0,0,unlabeled
12251,1.6158015060201814e-16,0,0,unlabeled
12252,5.058220509113198e-09,0,0,unlabeled
12253,5.387667410458857e-15,0,0,unlabeled
12254,1.2318240274450496e-15,0,0,train
12255,3.912633224681904e-14,0,0,train
12256,4.480464177571822e-20,0,0,unlabeled
12257,1.1166250837140402e-20,0,0,train
12258,4.582945578590625e-09,0,0,unlabeled
12259,3.138173721535173e-14,0,0,train
12260,7.807227188686133e-15,0,0,unlabeled
12261,1.6646342260173697e-07,0,0,unlabeled
12262,2.6384536916390644e-13,0,0,unlabeled
12263,5.838698394124847e-14,0,0,train
12264,7.414762380475448e-12,0,0,unlabeled
12265,9.600364068408846e-18,0,0,unlabeled
12266,2.4870872564856385e-18,0,0,unlabeled
12267,1.096357138408166e-08,0,0,unlabeled
12268,4.327645487518621e-14,0,0,unlabeled
12269,1.1078797079765775e-14,0,0,unlabeled
12270,4.753990623385107e-08,0,0,unlabeled
12271,1.4519350890855598e-13,0,0,train
12272,3.1754804406640413e-14,0,0,unlabeled
12273,2.283605813127587e-12,0,0,unlabeled
12274,3.914200460627451e-18,0,0,unlabeled
12275,9.974420931669613e-19,0,0,unlabeled
12276,1.5227627159219992e-08,0,0,unlabeled
12277,7.080972499974234e-14,0,0,unlabeled
12278,1.964362070087152e-14,0,0,train
12279,2.7025651050394117e-08,0,0,train
12280,1.008980903384818e-13,0,0,unlabeled
12281,2.5450231454075302e-14,0,0,unlabeled
12282,1.2338269511982802e-12,0,0,val
12283,4.6528938407429246e-18,0,0,unlabeled
12284,1.2864159858011364e-18,0,0,unlabeled
12285,1.163887208832648e-08,0,0,unlabeled
12286,3.175353046908774e-14,0,0,unlabeled
12287,8.445941699925658e-15,0,0,unlabeled
12288,4.986778989746199e-08,0,0,unlabeled
12289,1.208585098319559e-13,0,0,train
12290,2.71323287730392e-14,0,0,unlabeled
12291,1.1100001126584935e-12,0,0,unlabeled
12292,1.6316688691691584e-18,0,0,train
12293,4.2993813521634075e-19,0,0,unlabeled
12294,6.717429945624076e-10,0,0,unlabeled
12295,3.669027819600988e-15,0,0,unlabeled
12296,1.1332522622742249e-15,0,0,unlabeled
12297,4.45936265691671e-09,0,0,unlabeled
12298,1.4157705091827691e-14,0,0,unlabeled
12299,3.8790077107418025e-15,0,0,unlabeled
12300,1.1776712417754798e-13,0,0,unlabeled
12301,2.845123389040055e-19,0,0,unlabeled
12302,8.052331198330377e-20,0,0,unlabeled
12303,6.081507519795082e-10,0,0,unlabeled
12304,1.366415762818745e-15,0,0,unlabeled
12305,3.666787364515941e-16,0,0,unlabeled
12306,1.4118834101850553e-08,0,0,unlabeled
12307,1.2882037050845983e-14,0,0,unlabeled
12308,2.919830565886348e-15,0,0,unlabeled
12309,8.778860884767203e-14,0,0,unlabeled
12310,9.322498694413375e-20,0,0,unlabeled
12311,2.3610836609560484e-20,0,0,unlabeled
12312,1.2444395736110891e-07,0,0,unlabeled
12313,1.0949088857792333e-12,0,0,unlabeled
12314,3.328930284641346e-13,0,0,unlabeled
12315,1.5089949556568172e-07,0,0,unlabeled
12316,1.4290167356725836e-12,0,0,unlabeled
12317,3.906960204577009e-13,0,0,unlabeled
12318,1.3867456662153277e-11,0,0,unlabeled
12319,2.851331805535281e-16,0,0,unlabeled
12320,7.770613421917457e-17,0,0,unlabeled
12321,3.749499910554732e-08,0,0,unlabeled
12322,3.0726622960407235e-13,0,0,unlabeled
12323,8.71556177380571e-14,0,0,unlabeled
12324,1.5968149114087282e-07,0,0,train
12325,2.4208497619720992e-12,0,0,unlabeled
12326,5.574771330327244e-13,0,0,val
12327,1.4709251872080387e-10,0,0,unlabeled
12328,2.390196216440403e-16,0,0,unlabeled
12329,5.91249577437142e-17,0,0,unlabeled
12330,1.9217671898275057e-09,0,0,unlabeled
12331,1.0553893303451127e-14,0,0,unlabeled
12332,2.8606811963883963e-15,0,0,unlabeled
12333,4.004649944988614e-09,0,0,unlabeled
12334,4.565772198793401e-14,0,0,unlabeled
12335,9.812649689111205e-15,0,0,unlabeled
12336,2.6731331991686202e-12,0,0,unlabeled
12337,4.679254846094071e-18,0,0,unlabeled
12338,1.0686142640346723e-18,0,0,unlabeled
12339,5.887335507992475e-09,0,0,val
12340,4.119963850873591e-14,0,0,unlabeled
12341,9.937260094113574e-15,0,0,unlabeled
12342,8.656143677399086e-07,0,0,unlabeled
12343,9.233079795514798e-13,0,0,unlabeled
12344,1.9063934729880022e-13,0,0,unlabeled
12345,1.7626297990624984e-11,0,0,unlabeled
12346,1.063681475849289e-17,0,0,train
12347,2.3858397291236885e-18,0,0,train
12348,2.1610779138425684e-11,0,0,unlabeled
12349,5.076189043556217e-16,0,0,unlabeled
12350,1.411759342309399e-16,0,0,unlabeled
12351,5.2306843301153094e-09,0,0,unlabeled
12352,1.4746386213905852e-14,0,0,unlabeled
12353,3.55009867633409e-15,0,0,unlabeled
12354,1.561321872570881e-13,0,0,unlabeled
12355,3.917200903203122e-19,0,0,unlabeled
12356,1.033506017576234e-19,0,0,unlabeled
12357,4.6982089330072085e-09,0,0,val
12358,1.4715591484075474e-14,0,0,unlabeled
12359,3.765677243498019e-15,0,0,train
12360,1.8954527547521138e-07,0,0,unlabeled
12361,1.7813689705183794e-13,0,0,unlabeled
12362,3.751913805138084e-14,0,0,unlabeled
12363,1.2136122185327225e-12,0,0,unlabeled
12364,9.754000045891076e-19,0,0,unlabeled
12365,2.194050304381391e-19,0,0,unlabeled
12366,7.231266607732323e-08,0,0,unlabeled
12367,3.095219935390914e-13,0,0,unlabeled
12368,1.017084433709882e-13,0,0,unlabeled
12369,5.7411053688838365e-08,0,0,unlabeled
12370,5.805674951203654e-13,0,0,unlabeled
12371,1.6133433835847227e-13,0,0,unlabeled
12372,5.479551534737226e-11,0,0,unlabeled
12373,7.287323553738245e-17,0,0,unlabeled
12374,2.1366806449906202e-17,0,0,unlabeled
12375,2.256544995304921e-08,0,0,unlabeled
12376,1.9748708690505573e-13,0,0,unlabeled
12377,5.22326356700107e-14,0,0,unlabeled
12378,1.2634801578315091e-06,0,0,unlabeled
12379,2.669601952692835e-12,0,0,train
12380,5.865176508530745e-13,0,0,train
12381,7.640788002305499e-11,0,0,train
12382,7.040412126124636e-17,0,0,unlabeled
12383,1.7869190689372707e-17,0,0,unlabeled
12384,5.038286454706054e-10,0,0,unlabeled
12385,4.570256899435934e-15,0,0,unlabeled
12386,1.2378677134028274e-15,0,0,train
12387,2.021858946932298e-08,0,0,unlabeled
12388,3.276893662559725e-14,0,0,unlabeled
12389,7.646823712431638e-15,0,0,unlabeled
12390,7.419483321995102e-13,0,0,val
12391,1.0502345176188972e-18,0,0,unlabeled
12392,2.8059119260777445e-19,0,0,unlabeled
12393,9.088552843650177e-08,0,0,unlabeled
12394,1.1593844103079815e-13,0,0,unlabeled
12395,2.8844060386695736e-14,0,0,unlabeled
12396,8.063228733590222e-07,0,0,unlabeled
12397,4.367600031640606e-13,0,0,train
12398,8.71338388269173e-14,0,0,unlabeled
12399,4.927872779975084e-12,0,0,val
12400,2.33423751417564e-18,0,0,unlabeled
12401,5.391542553105321e-19,0,0,unlabeled
12402,6.491783777207161e-10,0,0,train
12403,5.2605137890323565e-15,0,0,unlabeled
12404,1.6988523718144163e-15,0,0,unlabeled
12405,2.9696125558587028e-09,0,0,unlabeled
12406,1.4761075459277136e-14,0,0,unlabeled
12407,3.959092134805855e-15,0,0,unlabeled
12408,1.0939752386309246e-13,0,0,unlabeled
12409,4.04001964657923e-19,0,0,train
12410,1.220870116514252e-19,0,0,unlabeled
12411,3.2407390104793876e-09,0,0,unlabeled
12412,7.793123243081401e-15,0,0,unlabeled
12413,2.099932530855576e-15,0,0,unlabeled
12414,6.864051016464146e-08,0,0,unlabeled
12415,6.876387615784366e-14,0,0,unlabeled
12416,1.4940231397950893e-14,0,0,unlabeled
12417,4.153974798686011e-13,0,0,train
12418,3.989632973541328e-19,0,0,unlabeled
12419,9.50230901877165e-20,0,0,unlabeled
12420,8.156593622743458e-09,0,0,unlabeled
12421,3.983142280090425e-14,0,0,train
12422,1.0329923392636987e-14,0,0,unlabeled
12423,3.665019789877988e-07,0,0,unlabeled
12424,3.2898084755504653e-13,0,0,unlabeled
12425,7.877232937117395e-14,0,0,train
12426,1.1950390330084382e-11,0,0,unlabeled
12427,8.744132872742956e-18,0,0,unlabeled
12428,2.3192905673019598e-18,0,0,unlabeled
12429,1.0615724299611884e-08,0,0,unlabeled
12430,3.368393888467103e-14,0,0,unlabeled
12431,8.996250535427304e-15,0,0,train
12432,4.4560739098642443e-08,0,0,unlabeled
12433,1.1996167134740304e-13,0,0,val
12434,2.6744712943848475e-14,0,0,unlabeled
12435,2.1376845606158046e-12,0,0,val
12436,2.6550963242915902e-18,0,0,unlabeled
12437,6.83327700175462e-19,0,0,unlabeled
12438,1.9200827594545444e-08,0,0,train
12439,7.50683762655753e-14,0,0,unlabeled
12440,2.1055844852510726e-14,0,0,unlabeled
12441,3.2162692065185183e-08,0,0,unlabeled
12442,9.702904712333149e-14,0,0,unlabeled
12443,2.488311748490013e-14,0,0,unlabeled
12444,1.3681520109540268e-12,0,0,train
12445,3.635127092744923e-18,0,0,unlabeled
12446,1.0268025588168013e-18,0,0,unlabeled
12447,6.5035488105991135e-09,0,0,train
12448,1.7758045739186407e-14,0,0,unlabeled
12449,4.716249380642317e-15,0,0,val
12450,4.1415564311364506e-08,0,0,unlabeled
12451,6.465660662034398e-14,0,0,unlabeled
12452,1.442890301868189e-14,0,0,val
12453,6.086013312235627e-13,0,0,val
12454,9.016123920220805e-19,0,0,unlabeled
12455,2.3659262864546635e-19,0,0,unlabeled
12456,3.0214258872618416e-10,0,0,unlabeled
12457,1.6033689946483992e-15,0,0,unlabeled
12458,4.730103028011134e-16,0,0,unlabeled
12459,1.9413965990366933e-09,0,0,train
12460,6.574419861868439e-15,0,0,unlabeled
12461,1.7333441887013219e-15,0,0,unlabeled
12462,4.404952151735447e-14,0,0,unlabeled
12463,1.3229387757305258e-19,0,0,unlabeled
12464,3.720987328803979e-20,0,0,unlabeled
12465,1.1052900955599299e-10,0,0,val
12466,4.3473804552171395e-16,0,0,train
12467,1.1932276212446477e-16,0,0,unlabeled
12468,2.180556846198556e-09,0,0,unlabeled
12469,4.176580973024079e-15,0,0,unlabeled
12470,9.7562472474612e-16,0,0,unlabeled
12471,2.5315980120067284e-14,0,0,unlabeled
12472,4.0799759598337503e-20,0,0,unlabeled
12473,1.0290993582656998e-20,0,0,val
12474,8.819482900435105e-06,0,0,unlabeled
12475,3.002964543696862e-11,0,0,unlabeled
12476,9.202492066984203e-12,0,0,unlabeled
12477,9.127401426667348e-06,0,0,unlabeled
12478,3.094886846799483e-11,0,0,unlabeled
12479,8.605853009380215e-12,0,0,train
12480,4.930886254861377e-10,0,0,val
12481,1.6808416984987113e-15,0,0,train
12482,5.215672605958543e-16,0,0,unlabeled
12483,2.7165765459358227e-07,0,0,unlabeled
12484,2.0174632364006184e-12,0,0,val
12485,6.007140314692738e-13,0,0,unlabeled
12486,7.050521730889159e-07,0,0,unlabeled
12487,5.8142553271967046e-12,0,0,unlabeled
12488,1.4799176424259985e-12,0,0,unlabeled
12489,7.955307246287902e-11,0,0,unlabeled
12490,2.865026210710015e-16,0,0,unlabeled
12491,8.463381155397558e-17,0,0,unlabeled
12492,2.7747665498623064e-08,0,0,unlabeled
12493,1.0899700602804915e-13,0,0,unlabeled
12494,3.0370484908415554e-14,0,0,val
12495,2.8056012624233517e-08,0,0,unlabeled
12496,1.1374218624252141e-13,0,0,unlabeled
12497,2.8432375269275834e-14,0,0,unlabeled
12498,1.2832609324123223e-12,0,0,unlabeled
12499,5.18539425520608e-18,0,0,unlabeled
12500,1.4574834505244264e-18,0,0,unlabeled
12501,2.0305700232370327e-08,0,0,unlabeled
12502,4.4194442078366106e-14,0,0,val
12503,1.1925735159329983e-14,0,0,unlabeled
12504,9.56482679725923e-08,0,0,unlabeled
12505,1.6075166100592425e-13,0,0,train
12506,3.5754676942691827e-14,0,0,unlabeled
12507,1.4309860804986863e-12,0,0,unlabeled
12508,2.0150343060557143e-18,0,0,train
12509,5.303501067620356e-19,0,0,unlabeled
12510,3.610976240242536e-10,0,0,unlabeled
12511,2.0323839826526507e-15,0,0,unlabeled
12512,6.039701726552192e-16,0,0,unlabeled
12513,1.6362702304206778e-09,0,0,unlabeled
12514,8.059973349817343e-15,0,0,unlabeled
12515,2.175577443484832e-15,0,0,unlabeled
12516,5.1378829847310153e-14,0,0,unlabeled
12517,1.9503570798095873e-19,0,0,unlabeled
12518,5.64571770700182e-20,0,0,train
12519,2.3214374866853404e-10,0,0,unlabeled
12520,7.979510407904987e-16,0,0,train
12521,2.1638068089519901e-16,0,0,unlabeled
12522,5.495927268839296e-09,0,0,unlabeled
12523,8.46016253607711e-15,0,0,unlabeled
12524,1.9584278419619832e-15,0,0,unlabeled
12525,4.4822638981499574e-14,0,0,unlabeled
12526,8.099898607196151e-20,0,0,unlabeled
12527,2.118456885451327e-20,0,0,unlabeled
12528,4.106004425352694e-08,0,0,unlabeled
12529,1.6403385269016246e-13,0,0,unlabeled
12530,5.212803726542016e-14,0,0,train
12531,2.8282638453447362e-08,0,0,train
12532,2.73285625899955e-13,0,0,train
12533,7.709992041506075e-14,0,0,unlabeled
12534,2.701834415919091e-11,0,0,train
12535,3.6806033321534957e-17,0,0,unlabeled
12536,1.0700710324909548e-17,0,0,unlabeled
12537,1.5228120986421345e-08,0,0,unlabeled
12538,1.154298417916852e-13,0,0,unlabeled
12539,3.130712377709399e-14,0,0,unlabeled
12540,6.43156624846597e-07,0,0,unlabeled
12541,1.1580081511752827e-12,0,0,unlabeled
12542,2.7910340054740357e-13,0,0,unlabeled
12543,3.4822308231374777e-11,0,0,unlabeled
12544,3.723349710104521e-17,0,0,unlabeled
12545,9.690954407553816e-18,0,0,unlabeled
12546,3.3159319734465953e-10,0,0,unlabeled
12547,2.388429411591549e-15,0,0,unlabeled
12548,6.22113777204084e-16,0,0,unlabeled
12549,1.2248817959914504e-08,0,0,unlabeled
12550,1.6399779280353195e-14,0,0,unlabeled
12551,4.022589112663826e-15,0,0,unlabeled
12552,3.717730062604424e-13,0,0,unlabeled
12553,5.038791897869965e-19,0,0,train
12554,1.328603153468924e-19,0,0,train
12555,7.366622156723679e-08,0,0,unlabeled
12556,6.896839056889231e-14,0,0,unlabeled
12557,1.756254206463064e-14,0,0,unlabeled
12558,2.699163417219097e-07,0,0,unlabeled
12559,1.742368592070817e-13,0,0,val
12560,3.872504191772784e-14,0,0,unlabeled
12561,2.5057456110033627e-12,0,0,unlabeled
12562,1.273224522982447e-18,0,0,unlabeled
12563,3.081514806001518e-19,0,0,unlabeled
12564,7.197903384437154e-10,0,0,unlabeled
12565,4.130600212998853e-15,0,0,unlabeled
12566,1.3262713774374562e-15,0,0,unlabeled
12567,2.1394499505333897e-09,0,0,unlabeled
12568,8.12086485432956e-15,0,0,train
12569,2.339161528456266e-15,0,0,unlabeled
12570,8.324969809651514e-14,0,0,unlabeled
12571,2.596678399590046e-19,0,0,unlabeled
12572,8.119697304404578e-20,0,0,unlabeled
12573,3.503733525533903e-09,0,0,unlabeled
12574,6.518158239445914e-15,0,0,unlabeled
12575,1.7328021934941975e-15,0,0,train
12576,4.8541849650973745e-08,0,0,unlabeled
12577,3.826760346862905e-14,0,0,unlabeled
12578,8.641846021065474e-15,0,0,unlabeled
12579,2.9716011010379184e-13,0,0,train
12580,2.4708489772781866e-19,0,0,unlabeled
12581,6.137468826346352e-20,0,0,val
12582,1.9778763515887476e-08,0,0,unlabeled
12583,9.975854642135448e-14,0,0,unlabeled
12584,2.9241793177408465e-14,0,0,unlabeled
12585,2.5427269179090217e-07,0,0,unlabeled
12586,2.5765181004347437e-13,0,0,unlabeled
12587,7.189313434938921e-14,0,0,val
12588,1.1130558280614267e-11,0,0,unlabeled
12589,1.0658952593226646e-17,0,0,unlabeled
12590,3.1665650512951256e-18,0,0,val
12591,3.1562825597575284e-07,0,0,unlabeled
12592,4.4990972210799673e-13,0,0,unlabeled
12593,1.303431375419134e-13,0,0,val
12594,4.5915442115074256e-07,0,0,unlabeled
12595,6.076721699617427e-13,0,0,val
12596,1.5050008223167766e-13,0,0,train
12597,1.272627055820541e-11,0,0,train
12598,1.1339083653924897e-17,0,0,unlabeled
12599,3.144008663171417e-18,0,0,unlabeled
12600,4.441156775669697e-08,0,0,unlabeled
12601,1.7480206735212556e-13,0,0,unlabeled
12602,5.243407026926314e-14,0,0,unlabeled
12603,3.160323558404343e-08,0,0,unlabeled
12604,8.108811744896721e-14,0,0,train
12605,2.276623476597881e-14,0,0,unlabeled
12606,1.2562605036098295e-12,0,0,unlabeled
12607,4.253429711377285e-18,0,0,unlabeled
12608,1.3306831766673711e-18,0,0,unlabeled
12609,1.9291118746878055e-07,0,0,unlabeled
12610,2.1756169999234687e-13,0,0,unlabeled
12611,5.758810989924326e-14,0,0,unlabeled
12612,4.023655435503315e-07,0,0,unlabeled
12613,3.800365783786924e-13,0,0,unlabeled
12614,9.091994057587247e-14,0,0,unlabeled
12615,4.2891744843343016e-12,0,0,unlabeled
12616,4.379651268998283e-18,0,0,unlabeled
12617,1.136371729936188e-18,0,0,train
12618,3.7568628763473555e-10,0,0,unlabeled
12619,2.0712282783390224e-15,0,0,unlabeled
12620,6.769410552095523e-16,0,0,unlabeled
12621,6.50435205695743e-10,0,0,train
12622,2.823526731431797e-15,0,0,unlabeled
12623,8.647579587085438e-16,0,0,train
12624,2.484285631485124e-14,0,0,unlabeled
12625,1.1273685927515842e-19,0,0,unlabeled
12626,3.7194971112316765e-20,0,0,unlabeled
12627,1.3283919519935239e-09,0,0,unlabeled
12628,2.5752181759112515e-15,0,0,unlabeled
12629,7.376660648080748e-16,0,0,unlabeled
12630,8.285215180592331e-09,0,0,unlabeled
12631,1.1255752426842566e-14,0,0,unlabeled
12632,2.794338823102361e-15,0,0,unlabeled
12633,8.145674618761228e-14,0,0,train
12634,1.0777059612436075e-19,0,0,unlabeled
12635,2.9728489936592216e-20,0,0,val
12636,1.6076843166956678e-05,0,0,unlabeled
12637,9.379901716455308e-11,0,0,unlabeled
12638,3.15506717973868e-11,0,0,train
12639,1.6103987945825793e-05,0,0,unlabeled
12640,6.302824234749593e-11,0,0,unlabeled
12641,1.9356044544949214e-11,0,0,unlabeled
12642,1.4241455792429747e-09,0,0,unlabeled
12643,4.936764244064607e-15,0,0,unlabeled
12644,1.6113213634736962e-15,0,0,unlabeled
12645,4.5194323661235103e-07,0,0,unlabeled
12646,4.341265628232671e-12,0,0,unlabeled
12647,1.3584814696765424e-12,0,0,unlabeled
12648,8.705044365342474e-07,0,0,unlabeled
12649,7.539720583982223e-12,0,0,unlabeled
12650,2.181618601049262e-12,0,0,unlabeled
12651,1.1096351615336175e-10,0,0,train
12652,6.145470201280245e-16,0,0,unlabeled
12653,1.9338834211889545e-16,0,0,unlabeled
12654,7.185044381685657e-08,0,0,unlabeled
12655,3.47928608666892e-13,0,0,unlabeled
12656,1.0458094893556202e-13,0,0,unlabeled
12657,6.38415116327451e-08,0,0,unlabeled
12658,2.632381346321516e-13,0,0,unlabeled
12659,7.499610741451557e-14,0,0,unlabeled
12660,3.237602026751052e-12,0,0,unlabeled
12661,1.6575736637329663e-17,0,0,unlabeled
12662,5.064269370929328e-18,0,0,unlabeled
12663,2.4366144657506084e-08,0,0,unlabeled
12664,7.318368730035302e-14,0,0,train
12665,2.096183944195855e-14,0,0,unlabeled
12666,5.995902796485097e-08,0,0,unlabeled
12667,1.4996882316715976e-13,0,0,unlabeled
12668,3.957025543821144e-14,0,0,unlabeled
12669,1.4964460877051056e-12,0,0,unlabeled
12670,4.359665758218389e-18,0,0,unlabeled
12671,1.2948990331755974e-18,0,0,unlabeled
12672,8.683455621216751e-10,0,0,unlabeled
12673,4.7795130009233196e-15,0,0,unlabeled
12674,1.5732208685941321e-15,0,0,unlabeled
12675,1.6390691026657578e-09,0,0,unlabeled
12676,1.0674145723939873e-14,0,0,unlabeled
12677,3.3926231812200173e-15,0,0,unlabeled
12678,8.362927050083874e-14,0,0,unlabeled
12679,4.809663385180659e-19,0,0,unlabeled
12680,1.578887068818215e-19,0,0,train
12681,2.4012664079364754e-10,0,0,unlabeled
12682,1.5735808575967152e-15,0,0,unlabeled
12683,4.62352722500523e-16,0,0,unlabeled
12684,2.2579949021661605e-09,0,0,unlabeled
12685,8.160583076259262e-15,0,0,unlabeled
12686,2.2226968275494046e-15,0,0,unlabeled
12687,5.638427279328756e-14,0,0,unlabeled
12688,1.9346773543107618e-19,0,0,unlabeled
12689,5.677725073063647e-20,0,0,unlabeled
12690,1.881026037153788e-05,0,0,unlabeled
12691,5.45193508394437e-11,0,0,unlabeled
12692,1.7585431374977922e-11,0,0,unlabeled
12693,1.2845580386056099e-05,0,0,unlabeled
12694,3.077944496499008e-11,0,0,train
12695,9.12673495806482e-12,0,0,unlabeled
12696,6.206235525496595e-10,0,0,train
12697,1.8054414097101214e-15,0,0,unlabeled
12698,5.698132514198343e-16,0,0,unlabeled
12699,7.937811119518301e-07,0,0,unlabeled
12700,3.446738120610471e-12,0,0,unlabeled
12701,1.0604046937409684e-12,0,0,unlabeled
12702,9.831198894971749e-07,0,0,unlabeled
12703,6.040278954094758e-12,0,0,unlabeled
12704,1.6696767666385393e-12,0,0,unlabeled
12705,8.780347976466985e-11,0,0,unlabeled
12706,3.245113187549069e-16,0,0,unlabeled
12707,9.9528052133385e-17,0,0,unlabeled
12708,4.0119910948988036e-08,0,0,unlabeled
12709,1.2007773518996762e-13,0,0,unlabeled
12710,3.382345198734739e-14,0,0,unlabeled
12711,1.964446738611514e-08,0,0,unlabeled
12712,7.256348977637342e-14,0,0,unlabeled
12713,1.9989074618079715e-14,0,0,unlabeled
12714,8.442293630665787e-13,0,0,unlabeled
12715,3.85694301862653e-18,0,0,unlabeled
12716,1.1264321209005976e-18,0,0,unlabeled
12717,2.6655879281634043e-08,0,0,unlabeled
12718,4.145685530976273e-14,0,0,unlabeled
12719,1.1340095732565413e-14,0,0,unlabeled
12720,5.1417700319689175e-08,0,0,unlabeled
12721,9.28322563677024e-14,0,0,unlabeled
12722,2.3159046295267993e-14,0,0,unlabeled
12723,9.071747801743524e-13,0,0,train
12724,1.702171127138278e-18,0,0,val
12725,4.825578340166179e-19,0,0,unlabeled
12726,3.896725997432071e-10,0,0,unlabeled
12727,1.6096994012588226e-15,0,0,val
12728,5.290940483047152e-16,0,0,unlabeled
12729,6.582893674611512e-10,0,0,unlabeled
12730,3.594742606610312e-15,0,0,unlabeled
12731,1.1530232818125611e-15,0,0,val
12732,3.005601545641792e-14,0,0,unlabeled
12733,1.47479246333604e-19,0,0,train
12734,4.863961911657598e-20,0,0,unlabeled
12735,2.3848392705083654e-10,0,0,unlabeled
12736,7.816878493845385e-16,0,0,unlabeled
12737,2.1990226007807817e-16,0,0,unlabeled
12738,2.1207611222706646e-09,0,0,unlabeled
12739,4.3512654247692805e-15,0,0,unlabeled
12740,1.1204168543871252e-15,0,0,unlabeled
12741,3.146102627547831e-14,0,0,val
12742,7.296659057262851e-20,0,0,unlabeled
12743,2.0981655957257756e-20,0,0,unlabeled
12744,4.6086491067853785e-08,0,0,unlabeled
12745,2.8792848097078383e-13,0,0,unlabeled
12746,7.639873298879649e-14,0,0,train
12747,7.48423474306037e-07,0,0,unlabeled
12748,1.2036925275960009e-12,0,0,train
12749,2.9854913571707165e-13,0,0,unlabeled
12750,3.9606255775037624e-11,0,0,val
12751,4.6442958773018647e-17,0,0,unlabeled
12752,1.2742553554618106e-17,0,0,unlabeled
12753,1.137570606601912e-07,0,0,unlabeled
12754,3.845919080164989e-13,0,0,unlabeled
12755,1.0858118738984665e-13,0,0,unlabeled
12756,1.8099703424923064e-07,0,0,unlabeled
12757,7.528594176027525e-13,0,0,unlabeled
12758,1.8119459112373587e-13,0,0,unlabeled
12759,1.3932064703292557e-11,0,0,unlabeled
12760,2.5412937255152185e-17,0,0,unlabeled
12761,6.803550612081302e-18,0,0,unlabeled
12762,5.992335871951582e-08,0,0,unlabeled
12763,3.186080956354975e-13,0,0,train
12764,8.748005168564624e-14,0,0,train
12765,5.094259947213686e-08,0,0,unlabeled
12766,2.815463248824479e-13,0,0,unlabeled
12767,6.995460797003944e-14,0,0,unlabeled
12768,3.30215065361128e-12,0,0,unlabeled
12769,1.60603617566785e-17,0,0,train
12770,4.4453298232253e-18,0,0,unlabeled
12771,4.573141865193975e-08,0,0,unlabeled
12772,1.6812633642053487e-13,0,0,unlabeled
12773,4.5656502260489965e-14,0,0,unlabeled
12774,1.0875000100440957e-07,0,0,val
12775,3.573914981232912e-13,0,0,unlabeled
12776,8.447395886089504e-14,0,0,unlabeled
12777,3.95144854337115e-12,0,0,val
12778,8.083052608732414e-18,0,0,unlabeled
12779,2.090474005101163e-18,0,0,unlabeled
12780,1.6026002747082657e-09,0,0,unlabeled
12781,9.994856640460972e-15,0,0,unlabeled
12782,3.037962227633406e-15,0,0,unlabeled
12783,4.7361412569557615e-09,0,0,unlabeled
12784,2.279521515123617e-14,0,0,unlabeled
12785,6.208433866018801e-15,0,0,unlabeled
12786,1.9422220179799582e-13,0,0,unlabeled
12787,7.051640792747314e-19,0,0,unlabeled
12788,2.0438944049831422e-19,0,0,unlabeled
12789,1.7545981334521343e-09,0,0,val
12790,6.684068276890508e-15,0,0,val
12791,1.7507618330748305e-15,0,0,unlabeled
12792,2.0417122215121708e-08,0,0,unlabeled
12793,4.087723066395661e-14,0,0,unlabeled
12794,9.227172892672508e-15,0,0,unlabeled
12795,2.790112975728509e-13,0,0,unlabeled
12796,4.308049429501139e-19,0,0,unlabeled
12797,1.0706702731459612e-19,0,0,unlabeled
12798,0.00012409525515977293,0,0,unlabeled
12799,1.647456393527591e-09,0,0,train
12800,6.33634811286754e-10,0,0,train
12801,5.123527080286294e-05,0,0,unlabeled
12802,8.38271396741419e-10,0,0,unlabeled
12803,2.9805971579754953e-10,0,0,val
12804,1.2317509678894112e-08,0,0,unlabeled
12805,1.5264226243660167e-13,0,0,unlabeled
12806,5.849934116763586e-14,0,0,train
12807,1.4030380043550394e-05,0,0,train
12808,2.603806892320648e-10,0,0,unlabeled
12809,9.053624516752734e-11,0,0,train
12810,1.0835432476596907e-05,0,0,unlabeled
12811,3.125951442140007e-10,0,0,train
12812,9.267335510099173e-11,0,0,unlabeled
12813,4.044643731049291e-09,0,0,train
12814,5.312373465931296e-14,0,0,unlabeled
12815,1.7699039730014778e-14,0,0,unlabeled
12816,6.285389417826082e-07,0,0,unlabeled
12817,9.96365663585852e-12,0,0,unlabeled
12818,3.347166727812878e-12,0,0,unlabeled
12819,2.6331417757319286e-07,0,0,unlabeled
12820,4.636509925992627e-12,0,0,unlabeled
12821,1.4857806825141484e-12,0,0,unlabeled
12822,4.767095398983123e-11,0,0,unlabeled
12823,7.823471586548576e-16,0,0,unlabeled
12824,2.718052494773797e-16,0,0,unlabeled
12825,7.732531912552076e-07,0,0,unlabeled
12826,6.559486460944175e-12,0,0,unlabeled
12827,1.960535032929922e-12,0,0,train
12828,1.1622433930824627e-06,0,0,unlabeled
12829,9.73104756496479e-12,0,0,unlabeled
12830,2.5132218355039537e-12,0,0,unlabeled
12831,7.90533125072379e-11,0,0,unlabeled
12832,5.099284985049881e-16,0,0,train
12833,1.542573390147679e-16,0,0,unlabeled
12834,1.046983744146246e-08,0,0,val
12835,1.7482541835641546e-13,0,0,unlabeled
12836,6.225405526369757e-14,0,0,unlabeled
12837,1.2421222272962495e-08,0,0,unlabeled
12838,2.686856542376964e-13,0,0,unlabeled
12839,8.660033681915508e-14,0,0,unlabeled
12840,1.6867632507758246e-12,0,0,unlabeled
12841,2.5728686984214702e-17,0,0,unlabeled
12842,9.196201139573599e-18,0,0,train
12843,1.1817604672614834e-08,0,0,unlabeled
12844,1.5746663684351042e-13,0,0,train
12845,4.917014061536773e-14,0,0,unlabeled
12846,7.570761084707556e-08,0,0,unlabeled
12847,7.229069773351249e-13,0,0,unlabeled
12848,1.9697432704010587e-13,0,0,unlabeled
12849,3.4237723333524483e-12,0,0,unlabeled
12850,2.6460682269320027e-17,0,0,unlabeled
12851,7.760241238780532e-18,0,0,unlabeled
12852,7.67713863751851e-05,0,0,unlabeled
12853,4.722734425754993e-10,0,0,unlabeled
12854,1.5475733194936225e-10,0,0,train
12855,8.015240746317431e-05,0,0,unlabeled
12856,3.4172126239795375e-10,0,0,train
12857,1.040693226039835e-10,0,0,unlabeled
12858,6.511890138227727e-09,0,0,unlabeled
12859,2.53228851326533e-14,0,0,unlabeled
12860,8.250921681182775e-15,0,0,train
12861,5.853561901858484e-07,0,0,unlabeled
12862,9.023227477700235e-12,0,0,val
12863,2.879626658652823e-12,0,0,unlabeled
12864,6.795809213144821e-07,0,0,train
12865,1.4636788309152493e-11,0,0,unlabeled
12866,4.318406309627987e-12,0,0,unlabeled
12867,1.894441825633919e-10,0,0,unlabeled
12868,1.925309065482577e-15,0,0,unlabeled
12869,6.2502296480098805e-16,0,0,unlabeled
12870,1.8987384464708157e-07,0,0,unlabeled
12871,1.0096762835531958e-12,0,0,unlabeled
12872,2.9537784436255154e-13,0,0,unlabeled
12873,1.1770256946874724e-07,0,0,unlabeled
12874,8.238884292681437e-13,0,0,val
12875,2.3100382826220234e-13,0,0,unlabeled
12876,9.218637138375119e-12,0,0,unlabeled
12877,5.686078573614425e-17,0,0,unlabeled
12878,1.7544502446610942e-17,0,0,unlabeled
12879,1.1623277451633385e-08,0,0,unlabeled
12880,1.0047137546844581e-13,0,0,train
12881,2.9864809627036526e-14,0,0,unlabeled
12882,2.0659170374415226e-08,0,0,train
12883,1.908179696067172e-13,0,0,train
12884,5.317209007620581e-14,0,0,unlabeled
12885,1.7074473345618513e-12,0,0,unlabeled
12886,1.2874378847298844e-17,0,0,train
12887,3.922017317416077e-18,0,0,unlabeled
12888,2.607237314933286e-09,0,0,unlabeled
12889,1.8476438098675302e-14,0,0,val
12890,5.8851840704899315e-15,0,0,unlabeled
12891,6.178435985049191e-09,0,0,unlabeled
12892,4.7540760932975046e-14,0,0,unlabeled
12893,1.4269670988993448e-14,0,0,unlabeled
12894,3.3231701895494736e-13,0,0,unlabeled
12895,2.3523833752732156e-18,0,0,unlabeled
12896,7.096787793592575e-19,0,0,unlabeled
12897,2.7111948797120533e-10,0,0,unlabeled
12898,3.5386870249522065e-15,0,0,unlabeled
12899,1.048098981295566e-15,0,0,unlabeled
12900,2.281684841065612e-09,0,0,val
12901,2.1316769963780624e-14,0,0,unlabeled
12902,5.637188070126923e-15,0,0,unlabeled
12903,1.1215920363684753e-13,0,0,unlabeled
12904,7.205961675776738e-19,0,0,unlabeled
12905,2.0996558132980782e-19,0,0,unlabeled
12906,7.763414032524452e-05,0,0,unlabeled
12907,2.0426370317405684e-10,0,0,unlabeled
12908,6.337046165594273e-11,0,0,unlabeled
12909,3.7151687138248235e-05,0,0,unlabeled
12910,1.2147528816175424e-10,0,0,unlabeled
12911,3.5092276307047143e-11,0,0,unlabeled
12912,2.129455278776504e-09,0,0,train
12913,7.416108878258512e-15,0,0,unlabeled
12914,2.3743760762054162e-15,0,0,unlabeled
12915,6.789971962462005e-07,0,0,train
12916,5.400288723145241e-12,0,0,train
12917,1.7074797522068086e-12,0,0,train
12918,5.509300535777584e-07,0,0,train
12919,9.316493757016708e-12,0,0,unlabeled
12920,2.638721706416103e-12,0,0,unlabeled
12921,1.088648338143372e-10,0,0,unlabeled
12922,8.85609633468899e-16,0,0,train
12923,2.8207155349589783e-16,0,0,unlabeled
12924,5.945170400423194e-08,0,0,val
12925,2.3303776443273083e-13,0,0,unlabeled
12926,6.434572519991091e-14,0,0,unlabeled
12927,2.284747502301343e-08,0,0,unlabeled
12928,1.7542232586247736e-13,0,0,unlabeled
12929,4.7501699161579466e-14,0,0,unlabeled
12930,1.7072909926085789e-12,0,0,unlabeled
12931,1.2188704022135263e-17,0,0,train
12932,3.587339627986816e-18,0,0,unlabeled
12933,8.770330239826762e-09,0,0,unlabeled
12934,4.588504869031812e-14,0,0,unlabeled
12935,1.32142645485828e-14,0,0,unlabeled
12936,1.0065211775156513e-08,0,0,unlabeled
12937,8.733999987001542e-14,0,0,unlabeled
12938,2.37385201692095e-14,0,0,unlabeled
12939,7.749361048692283e-13,0,0,unlabeled
12940,4.26649502915256e-18,0,0,unlabeled
12941,1.2632681635394525e-18,0,0,unlabeled
12942,1.017488204801964e-09,0,0,val
12943,5.536258588747416e-15,0,0,unlabeled
12944,1.7252369187257957e-15,0,0,unlabeled
12945,1.8151945502253852e-09,0,0,unlabeled
12946,1.3634823183158139e-14,0,0,unlabeled
12947,4.108473594834202e-15,0,0,val
12948,1.0585853211803747e-13,0,0,unlabeled
12949,6.505451366327018e-19,0,0,unlabeled
12950,1.9610553685632536e-19,0,0,unlabeled
12951,2.2000738730820757e-10,0,0,train
12952,1.6799060447293505e-15,0,0,unlabeled
12953,4.710565683687122e-16,0,0,unlabeled
12954,1.798078907988554e-09,0,0,train
12955,1.0548379965997449e-14,0,0,unlabeled
12956,2.7112811016352092e-15,0,0,unlabeled
12957,6.144691418012715e-14,0,0,unlabeled
12958,2.6228509111591067e-19,0,0,train
12959,7.462345918896637e-20,0,0,train
